x,y,z
3.0566632747650146,3.0563836097717285,4.068233013153076
3.056778907775879,3.0553934574127197,4.070143699645996
3.056778907775879,3.0553934574127197,4.070143699645996
3.0561110973358154,3.056351661682129,4.068796157836914
3.0561110973358154,3.056351661682129,4.068796157836914
3.05469012260437,3.057070732116699,4.067374229431152
3.0550835132598877,3.0566139221191406,4.066215515136719
3.0550835132598877,3.0566139221191406,4.066215515136719
3.055107355117798,3.0569169521331787,4.065022945404053
3.0556564331054688,3.056924819946289,4.065546989440918
3.0556564331054688,3.056924819946289,4.065546989440918
3.056551218032837,3.0564279556274414,4.065799236297607
3.0574004650115967,3.0556960105895996,4.0657148361206055
3.0574004650115967,3.0556960105895996,4.0657148361206055
3.057142734527588,3.0562057495117188,4.064996242523193
3.057011604309082,3.0563323497772217,4.064781188964844
3.057011604309082,3.0563323497772217,4.064781188964844
3.056697130203247,3.0572216510772705,4.062866687774658
3.056697130203247,3.0572216510772705,4.062866687774658
3.05725359916687,3.057316541671753,4.062333106994629
3.0575649738311768,3.0576488971710205,4.062328338623047
3.0575649738311768,3.0576488971710205,4.062328338623047
3.057300090789795,3.0582897663116455,4.061184406280518
3.0577170848846436,3.0579166412353516,4.060523986816406
3.0577170848846436,3.0579166412353516,4.060523986816406
3.057812452316284,3.0579028129577637,4.059701919555664
3.057936906814575,3.057882308959961,4.059515953063965
3.057936906814575,3.057882308959961,4.059515953063965
3.0578761100769043,3.058303117752075,4.058956146240234
3.0578761100769043,3.058303117752075,4.058956146240234
3.058086395263672,3.0576303005218506,4.0585150718688965
3.057983875274658,3.057494878768921,4.056665420532227
3.057983875274658,3.057494878768921,4.056665420532227
3.057645559310913,3.0573556423187256,4.056612491607666
3.057645559310913,3.0573556423187256,4.056612491607666
3.057486057281494,3.0578017234802246,4.05644416809082
3.0574727058410645,3.0579683780670166,4.055497646331787
3.0574727058410645,3.0579683780670166,4.055497646331787
3.058320999145508,3.056471109390259,4.054117202758789
3.058320999145508,3.056471109390259,4.054117202758789
3.057068347930908,3.0567233562469482,4.052482604980469
3.0562376976013184,3.056732654571533,4.051319599151611
3.0562376976013184,3.056732654571533,4.051319599151611
3.0566089153289795,3.0564637184143066,4.050413131713867
3.057288408279419,3.056119203567505,4.050228595733643
3.057288408279419,3.056119203567505,4.050228595733643
3.0575177669525146,3.0560240745544434,4.0496625900268555
3.057652473449707,3.0563042163848877,4.048458099365234
3.057652473449707,3.0563042163848877,4.048458099365234
3.057806968688965,3.0563859939575195,4.046568870544434
3.057806968688965,3.0563859939575195,4.046568870544434
3.0582451820373535,3.056414842605591,4.045204162597656
3.058509349822998,3.0562806129455566,4.0446882247924805
3.058509349822998,3.0562806129455566,4.0446882247924805
3.0584888458251953,3.056154727935791,4.044614315032959
3.0584888458251953,3.056154727935791,4.044614315032959
3.058900833129883,3.055511951446533,4.044034481048584
3.0584499835968018,3.0553436279296875,4.043666839599609
3.0584499835968018,3.0553436279296875,4.043666839599609
3.0575146675109863,3.055272340774536,4.042525291442871
3.057133197784424,3.0549135208129883,4.040576457977295
3.057133197784424,3.0549135208129883,4.040576457977295
3.056478977203369,3.054621458053589,4.038300514221191
3.056478977203369,3.054621458053589,4.038300514221191
3.055257558822632,3.0545573234558105,4.036487579345703
3.054015636444092,3.0550107955932617,4.03419828414917
3.054015636444092,3.0550107955932617,4.03419828414917
3.0538437366485596,3.0543739795684814,4.0326313972473145
3.05301833152771,3.0543110370635986,4.031693458557129
3.05301833152771,3.0543110370635986,4.031693458557129
3.052344560623169,3.0546979904174805,4.0310869216918945
3.052344560623169,3.0546979904174805,4.0310869216918945
3.051680564880371,3.055262804031372,4.030915260314941
3.051260232925415,3.0555498600006104,4.030745029449463
3.051260232925415,3.0555498600006104,4.030745029449463
3.051170587539673,3.0553386211395264,4.030223846435547
3.051017999649048,3.055328607559204,4.029504776000977
3.051017999649048,3.055328607559204,4.029504776000977
3.0516059398651123,3.0551059246063232,4.0295186042785645
3.052072763442993,3.055283546447754,4.029591083526611
3.052072763442993,3.055283546447754,4.029591083526611
3.053121566772461,3.0550646781921387,4.028996467590332
3.0535759925842285,3.054974317550659,4.0283522605896
3.053884267807007,3.0547499656677246,4.026909828186035
3.053884267807007,3.0547499656677246,4.026909828186035
3.054426908493042,3.0543315410614014,4.024724960327148
3.054426908493042,3.0543315410614014,4.024724960327148
3.05560040473938,3.053441047668457,4.023248672485352
3.056844472885132,3.0530989170074463,4.02165412902832
3.056844472885132,3.0530989170074463,4.02165412902832
3.057720899581909,3.052955150604248,4.021212100982666
3.057720899581909,3.052955150604248,4.021212100982666
3.0584497451782227,3.053176164627075,4.021673202514648
3.0592734813690186,3.0532772541046143,4.023142337799072
3.05979323387146,3.053487777709961,4.0236663818359375
3.05979323387146,3.053487777709961,4.0236663818359375
3.0598983764648438,3.053745985031128,4.0227837562561035
3.0598983764648438,3.053745985031128,4.0227837562561035
3.060370922088623,3.0528199672698975,4.021920204162598
3.060331344604492,3.052870512008667,4.020607948303223
3.06091046333313,3.0525219440460205,4.019554138183594
3.06091046333313,3.0525219440460205,4.019554138183594
3.0614492893218994,3.052175283432007,4.018707752227783
3.0623128414154053,3.0516347885131836,4.01865816116333
3.0623128414154053,3.0516347885131836,4.01865816116333
3.063380002975464,3.0510060787200928,4.019827365875244
3.063380002975464,3.0510060787200928,4.019827365875244
3.064720630645752,3.050996780395508,4.019801616668701
3.0651748180389404,3.050990581512451,4.019965171813965
3.0651748180389404,3.050990581512451,4.019965171813965
3.0660688877105713,3.050415515899658,4.019811630249023
3.06638765335083,3.0507335662841797,4.018374919891357
3.06638765335083,3.0507335662841797,4.018374919891357
3.0671181678771973,3.0511527061462402,4.017315864562988
3.0671181678771973,3.0511527061462402,4.017315864562988
3.067812442779541,3.0514657497406006,4.01636266708374
3.068103075027466,3.051464080810547,4.014983177185059
3.068103075027466,3.051464080810547,4.014983177185059
3.0686893463134766,3.050870418548584,4.014519214630127
3.0697743892669678,3.0499565601348877,4.0139665603637695
3.0697743892669678,3.0499565601348877,4.0139665603637695
3.0699987411499023,3.049436092376709,4.013397216796875
3.0699987411499023,3.049436092376709,4.013397216796875
3.070758104324341,3.0482187271118164,4.013104438781738
3.0730152130126953,3.0456528663635254,4.013739109039307
3.0730152130126953,3.0456528663635254,4.013739109039307
3.0735552310943604,3.0455403327941895,4.01188850402832
3.0735552310943604,3.0455403327941895,4.01188850402832
3.073573350906372,3.046057939529419,4.01072359085083
3.0741612911224365,3.0466535091400146,4.0103983879089355
3.0741612911224365,3.0466535091400146,4.0103983879089355
3.075165271759033,3.0471608638763428,4.0096435546875
3.075165271759033,3.0471608638763428,4.0096435546875
3.075681209564209,3.047457456588745,4.009567737579346
3.076319456100464,3.0477817058563232,4.009312629699707
3.076319456100464,3.0477817058563232,4.009312629699707
3.0768449306488037,3.0476908683776855,4.008737087249756
3.077235221862793,3.047706365585327,4.007557392120361
3.0766489505767822,3.048454761505127,4.005949974060059
3.0766489505767822,3.048454761505127,4.005949974060059
3.0765864849090576,3.0484507083892822,4.005990505218506
3.0765769481658936,3.048478364944458,4.006495952606201
3.0765769481658936,3.048478364944458,4.006495952606201
3.076493740081787,3.0490403175354004,4.006031036376953
3.076493740081787,3.0490403175354004,4.006031036376953
3.0773415565490723,3.0483851432800293,4.005866527557373
3.0773544311523438,3.048530101776123,4.004770755767822
3.0773544311523438,3.048530101776123,4.004770755767822
3.0768580436706543,3.048811674118042,4.0039544105529785
3.0768580436706543,3.048811674118042,4.0039544105529785
3.0760796070098877,3.0497004985809326,4.002395153045654
3.0764505863189697,3.0495669841766357,4.002264022827148
3.0764505863189697,3.0495669841766357,4.002264022827148
3.0764963626861572,3.049583673477173,4.002203941345215
3.0764963626861572,3.049583673477173,4.002203941345215
3.0762906074523926,3.0498409271240234,4.001372337341309
3.076723575592041,3.04952073097229,4.001110076904297
3.076723575592041,3.04952073097229,4.001110076904297
3.077268362045288,3.0497984886169434,4.000099182128906
3.077268362045288,3.0497984886169434,4.000099182128906
3.0774457454681396,3.0495827198028564,4.000690460205078
3.077709436416626,3.049515962600708,4.000182151794434
3.077709436416626,3.049515962600708,4.000182151794434
3.0779011249542236,3.049227714538574,3.9992384910583496
3.0779011249542236,3.049227714538574,3.9992384910583496
3.0785629749298096,3.048576593399048,3.9983668327331543
3.0784120559692383,3.0486323833465576,3.9973602294921875
3.0784120559692383,3.0486323833465576,3.9973602294921875
3.078127861022949,3.048790693283081,3.9957988262176514
3.0778515338897705,3.048804998397827,3.994774103164673
3.0778515338897705,3.048804998397827,3.994774103164673
3.0779740810394287,3.0486273765563965,3.9941399097442627
3.0779740810394287,3.0486273765563965,3.9941399097442627
3.0781283378601074,3.0486762523651123,3.9937148094177246
3.0787711143493652,3.048586845397949,3.9927852153778076
3.0796096324920654,3.048180103302002,3.991898536682129
3.0796096324920654,3.048180103302002,3.991898536682129
3.079068422317505,3.0482778549194336,3.9914331436157227
3.079068422317505,3.0482778549194336,3.9914331436157227
3.079108953475952,3.048326015472412,3.990626811981201
3.0792911052703857,3.048459529876709,3.989800453186035
3.0792911052703857,3.048459529876709,3.989800453186035
3.079540252685547,3.0488274097442627,3.989173173904419
3.079320192337036,3.0489296913146973,3.9891715049743652
3.079320192337036,3.0489296913146973,3.9891715049743652
3.079787254333496,3.04862380027771,3.9882750511169434
3.079787254333496,3.04862380027771,3.9882750511169434
3.079374313354492,3.0488944053649902,3.9878766536712646
3.0792856216430664,3.0492660999298096,3.9871914386749268
3.0792856216430664,3.0492660999298096,3.9871914386749268
3.0796849727630615,3.0487327575683594,3.9873499870300293
3.0796849727630615,3.0487327575683594,3.9873499870300293
3.08004093170166,3.0488336086273193,3.986306667327881
3.080036163330078,3.0485572814941406,3.9862987995147705
3.080036163330078,3.0485572814941406,3.9862987995147705
3.0803351402282715,3.048428535461426,3.986149787902832
3.0803351402282715,3.048428535461426,3.986149787902832
3.0807852745056152,3.0481677055358887,3.9858973026275635
3.080815076828003,3.0480589866638184,3.9856033325195312
3.080815076828003,3.0480589866638184,3.9856033325195312
3.081111192703247,3.0480382442474365,3.9844722747802734
3.081111192703247,3.0480382442474365,3.9844722747802734
3.0817322731018066,3.0477828979492188,3.984058141708374
3.0814895629882812,3.0476746559143066,3.984874725341797
3.0814895629882812,3.0476746559143066,3.984874725341797
3.0823709964752197,3.0473129749298096,3.9848783016204834
3.0823709964752197,3.0473129749298096,3.9848783016204834
3.082113265991211,3.047819137573242,3.983083963394165
3.081575393676758,3.047821521759033,3.982264280319214
3.081575393676758,3.047821521759033,3.982264280319214
3.0811455249786377,3.047941207885742,3.9812686443328857
3.081362247467041,3.0478920936584473,3.980053663253784
3.081362247467041,3.0478920936584473,3.980053663253784
3.0815141201019287,3.0478835105895996,3.978715419769287
3.0815141201019287,3.0478835105895996,3.978715419769287
3.080800771713257,3.048837423324585,3.9770662784576416
3.080775260925293,3.0490734577178955,3.975832462310791
3.080775260925293,3.0490734577178955,3.975832462310791
3.0814335346221924,3.048783779144287,3.974874258041382
3.0814335346221924,3.048783779144287,3.974874258041382
3.0820250511169434,3.0487968921661377,3.974823474884033
3.082486867904663,3.0483803749084473,3.9748096466064453
3.082486867904663,3.0483803749084473,3.9748096466064453
3.082374095916748,3.0482966899871826,3.974094867706299
3.08237886428833,3.0478951930999756,3.9728171825408936
3.08237886428833,3.0478951930999756,3.9728171825408936
3.0826497077941895,3.047417640686035,3.972123146057129
3.0826497077941895,3.047417640686035,3.972123146057129
3.083026885986328,3.04758882522583,3.971717119216919
3.0833792686462402,3.047550678253174,3.9717941284179688
3.0833792686462402,3.047550678253174,3.9717941284179688
3.083925724029541,3.0472021102905273,3.970717430114746
3.083925724029541,3.0472021102905273,3.970717430114746
3.0851569175720215,3.0454752445220947,3.9704794883728027
3.0866074562072754,3.0444743633270264,3.9690847396850586
3.0866074562072754,3.0444743633270264,3.9690847396850586
3.086815595626831,3.044625997543335,3.967092990875244
3.086815595626831,3.044625997543335,3.967092990875244
3.086397409439087,3.045426368713379,3.964144706726074
3.0862390995025635,3.044961929321289,3.964385509490967
3.087512493133545,3.0445358753204346,3.963747262954712
3.087512493133545,3.0445358753204346,3.963747262954712
3.0887815952301025,3.0438504219055176,3.9646286964416504
3.0887815952301025,3.0438504219055176,3.9646286964416504
3.089463949203491,3.0436768531799316,3.9654738903045654
3.089705228805542,3.04404616355896,3.9652836322784424
3.089705228805542,3.04404616355896,3.9652836322784424
3.090094804763794,3.0439367294311523,3.963939905166626
3.090094804763794,3.0439367294311523,3.963939905166626
3.0910134315490723,3.0432233810424805,3.9625251293182373
3.0916459560394287,3.042853832244873,3.9618473052978516
3.091524839401245,3.0425641536712646,3.9612016677856445
3.091524839401245,3.0425641536712646,3.9612016677856445
3.0919129848480225,3.0421628952026367,3.960599899291992
3.0924220085144043,3.0412075519561768,3.959739923477173
3.0921566486358643,3.0407450199127197,3.958660364151001
3.0921566486358643,3.0407450199127197,3.958660364151001
3.0923335552215576,3.0401711463928223,3.957822561264038
3.0920889377593994,3.0402777194976807,3.9567081928253174
3.0920889377593994,3.0402777194976807,3.9567081928253174
3.092027187347412,3.0402209758758545,3.9554359912872314
3.092278480529785,3.040166139602661,3.9540810585021973
3.092278480529785,3.040166139602661,3.9540810585021973
3.0922391414642334,3.0393333435058594,3.9538137912750244
3.0922391414642334,3.0393333435058594,3.9538137912750244
3.091610908508301,3.0392940044403076,3.951441764831543
3.0911996364593506,3.0386955738067627,3.9494786262512207
3.0911996364593506,3.0386955738067627,3.9494786262512207
3.0902085304260254,3.039090871810913,3.9465036392211914
3.0902085304260254,3.039090871810913,3.9465036392211914
3.0889346599578857,3.039915084838867,3.9465479850769043
3.089668035507202,3.0399281978607178,3.9477617740631104
3.089668035507202,3.0399281978607178,3.9477617740631104
3.091284990310669,3.0390822887420654,3.948542594909668
3.091284990310669,3.0390822887420654,3.948542594909668
3.091488838195801,3.038442850112915,3.949349880218506
3.090635299682617,3.038691997528076,3.9484705924987793
3.090635299682617,3.038691997528076,3.9484705924987793
3.090184450149536,3.038543939590454,3.947127103805542
3.090184450149536,3.038543939590454,3.947127103805542
3.0903217792510986,3.038212299346924,3.94659423828125
3.091686248779297,3.0373167991638184,3.947528839111328
3.091686248779297,3.0373167991638184,3.947528839111328
3.0930609703063965,3.037201404571533,3.9479761123657227
3.0928993225097656,3.0369601249694824,3.9485793113708496
3.0928993225097656,3.0369601249694824,3.9485793113708496
3.092742681503296,3.0372087955474854,3.9478113651275635
3.092742681503296,3.0372087955474854,3.9478113651275635
3.0927276611328125,3.0371010303497314,3.947373867034912
3.093479871749878,3.0366458892822266,3.947256565093994
3.093479871749878,3.0366458892822266,3.947256565093994
3.093714952468872,3.0368235111236572,3.9477272033691406
3.093714952468872,3.0368235111236572,3.9477272033691406
3.094162940979004,3.037029266357422,3.947986125946045
3.0944650173187256,3.0365867614746094,3.9476568698883057
3.0944650173187256,3.0365867614746094,3.9476568698883057
3.094593048095703,3.0361125469207764,3.946582078933716
3.0942392349243164,3.036113977432251,3.945992946624756
3.0942392349243164,3.036113977432251,3.945992946624756
3.093956708908081,3.0363821983337402,3.945396661758423
3.095074415206909,3.03560733795166,3.945387363433838
3.095074415206909,3.03560733795166,3.945387363433838
3.094604015350342,3.0358474254608154,3.945394515991211
3.094604015350342,3.0358474254608154,3.945394515991211
3.0948305130004883,3.0355427265167236,3.9462733268737793
3.094756841659546,3.035418748855591,3.945829391479492
3.094756841659546,3.035418748855591,3.945829391479492
3.0948023796081543,3.034902334213257,3.945591688156128
3.0948023796081543,3.034902334213257,3.945591688156128
3.0945022106170654,3.0348498821258545,3.9450039863586426
3.094695568084717,3.034034013748169,3.9454853534698486
3.094695568084717,3.034034013748169,3.9454853534698486
3.094606399536133,3.0341806411743164,3.944594144821167
3.093890428543091,3.034170389175415,3.9443907737731934
3.093890428543091,3.034170389175415,3.9443907737731934
3.0936927795410156,3.03408145904541,3.9438233375549316
3.093911647796631,3.033864736557007,3.9428868293762207
3.093911647796631,3.033864736557007,3.9428868293762207
3.094170570373535,3.033590078353882,3.9426779747009277
3.094261646270752,3.033418655395508,3.9422805309295654
3.094261646270752,3.033418655395508,3.9422805309295654
3.0945730209350586,3.032853603363037,3.9409756660461426
3.094735622406006,3.0325863361358643,3.9392623901367188
3.094735622406006,3.0325863361358643,3.9392623901367188
3.094247579574585,3.032691478729248,3.9379236698150635
3.093982458114624,3.033280372619629,3.937258720397949
3.093982458114624,3.033280372619629,3.937258720397949
3.0943472385406494,3.033475875854492,3.93704891204834
3.0943655967712402,3.033663749694824,3.9368813037872314
3.0943655967712402,3.033663749694824,3.9368813037872314
3.0940303802490234,3.033808946609497,3.936389684677124
3.0935428142547607,3.033912181854248,3.9353015422821045
3.0935428142547607,3.033912181854248,3.9353015422821045
3.093445301055908,3.0337369441986084,3.9349937438964844
3.0936851501464844,3.0333759784698486,3.9347643852233887
3.0936851501464844,3.0333759784698486,3.9347643852233887
3.0936453342437744,3.0337305068969727,3.9342105388641357
3.0936453342437744,3.0337305068969727,3.9342105388641357
3.093848466873169,3.0336713790893555,3.9347288608551025
3.09434175491333,3.033799409866333,3.9338371753692627
3.09434175491333,3.033799409866333,3.9338371753692627
3.0940568447113037,3.033642292022705,3.93331241607666
3.0940568447113037,3.033642292022705,3.93331241607666
3.096132755279541,3.032210111618042,3.931603193283081
3.0964584350585938,3.0315446853637695,3.931729793548584
3.0964584350585938,3.0315446853637695,3.931729793548584
3.0968756675720215,3.031099319458008,3.9316256046295166
3.0968756675720215,3.031099319458008,3.9316256046295166
3.096696376800537,3.03059458732605,3.9314167499542236
3.097158908843994,3.0297038555145264,3.9294867515563965
3.097158908843994,3.0297038555145264,3.9294867515563965
3.098526954650879,3.0265583992004395,3.929492950439453
3.098526954650879,3.0265583992004395,3.929492950439453
3.0980610847473145,3.027045965194702,3.9280807971954346
3.0980541706085205,3.0271880626678467,3.927403450012207
3.0980541706085205,3.0271880626678467,3.927403450012207
3.098068952560425,3.0272974967956543,3.9273736476898193
3.098068952560425,3.0272974967956543,3.9273736476898193
3.0979795455932617,3.0274202823638916,3.927037477493286
3.0981712341308594,3.0270345211029053,3.926206111907959
3.0981712341308594,3.0270345211029053,3.926206111907959
3.0984742641448975,3.0267539024353027,3.924982786178589
3.0984742641448975,3.0267539024353027,3.924982786178589
3.098174571990967,3.026479959487915,3.923321485519409
3.0974152088165283,3.026548385620117,3.921839475631714
3.0974152088165283,3.026548385620117,3.921839475631714
3.0971198081970215,3.0263125896453857,3.920644998550415
3.0971198081970215,3.0263125896453857,3.920644998550415
3.097870349884033,3.025721788406372,3.9195730686187744
3.0981504917144775,3.0255885124206543,3.9195568561553955
3.0981504917144775,3.0255885124206543,3.9195568561553955
3.098898410797119,3.0254476070404053,3.9196605682373047
3.098898410797119,3.0254476070404053,3.9196605682373047
3.0994629859924316,3.0250227451324463,3.9196996688842773
3.099234104156494,3.0251576900482178,3.918466329574585
3.099234104156494,3.0251576900482178,3.918466329574585
3.0985493659973145,3.02524471282959,3.91636061668396
3.0985493659973145,3.02524471282959,3.91636061668396
3.098423480987549,3.025019645690918,3.9146945476531982
3.09887433052063,3.0245869159698486,3.9139022827148438
3.09887433052063,3.0245869159698486,3.9139022827148438
3.098998785018921,3.024364948272705,3.913557529449463
3.098998785018921,3.024364948272705,3.913557529449463
3.099017381668091,3.0241639614105225,3.9124093055725098
3.099794387817383,3.0236384868621826,3.91102933883667
3.099794387817383,3.0236384868621826,3.91102933883667
3.1008524894714355,3.0231590270996094,3.9100334644317627
3.1008524894714355,3.0231590270996094,3.9100334644317627
3.102473497390747,3.0220155715942383,3.9095723628997803
3.1031980514526367,3.021597146987915,3.9079782962799072
3.1031980514526367,3.021597146987915,3.9079782962799072
3.10394287109375,3.02095890045166,3.9063329696655273
3.10394287109375,3.02095890045166,3.9063329696655273
3.103454113006592,3.0211143493652344,3.9053759574890137
3.1036596298217773,3.0212562084198,3.9049954414367676
3.1036596298217773,3.0212562084198,3.9049954414367676
3.104607343673706,3.020740032196045,3.905177116394043
3.104607343673706,3.020740032196045,3.905177116394043
3.1052920818328857,3.0206363201141357,3.9045722484588623
3.1053788661956787,3.020596742630005,3.903850555419922
3.1053788661956787,3.020596742630005,3.903850555419922
3.1051125526428223,3.0205066204071045,3.903374671936035
3.1051125526428223,3.0205066204071045,3.903374671936035
3.10492205619812,3.0204617977142334,3.902618646621704
3.104811429977417,3.020261287689209,3.9026875495910645
3.104811429977417,3.020261287689209,3.9026875495910645
3.1049954891204834,3.020536184310913,3.9027035236358643
3.1049954891204834,3.020536184310913,3.9027035236358643
3.1053860187530518,3.0205748081207275,3.9027957916259766
3.106112480163574,3.0204081535339355,3.9024341106414795
3.106112480163574,3.0204081535339355,3.9024341106414795
3.106144428253174,3.0204825401306152,3.9023609161376953
3.106144428253174,3.0204825401306152,3.9023609161376953
3.1068127155303955,3.019866943359375,3.9021878242492676
3.10738468170166,3.0193018913269043,3.901536464691162
3.10738468170166,3.0193018913269043,3.901536464691162
3.1081082820892334,3.0185561180114746,3.901294708251953
3.1081082820892334,3.0185561180114746,3.901294708251953
3.1087920665740967,3.0182745456695557,3.900120258331299
3.1105988025665283,3.016697883605957,3.899152994155884
3.1105988025665283,3.016697883605957,3.899152994155884
3.110539674758911,3.01648211479187,3.8986995220184326
3.110539674758911,3.01648211479187,3.8986995220184326
3.1110281944274902,3.016589879989624,3.8971939086914062
3.110762357711792,3.01658296585083,3.8968827724456787
3.110762357711792,3.01658296585083,3.8968827724456787
3.1112539768218994,3.016165256500244,3.8956284523010254
3.1112539768218994,3.016165256500244,3.8956284523010254
3.111990451812744,3.015671730041504,3.8945648670196533
3.112501859664917,3.0157041549682617,3.8939473628997803
3.112501859664917,3.0157041549682617,3.8939473628997803
3.1130423545837402,3.0158679485321045,3.893481969833374
3.1131632328033447,3.0161638259887695,3.8922433853149414
3.1131632328033447,3.0161638259887695,3.8922433853149414
3.1132919788360596,3.0159332752227783,3.891402006149292
3.1132919788360596,3.0159332752227783,3.891402006149292
3.1133906841278076,3.015864372253418,3.889711618423462
3.1135311126708984,3.0156047344207764,3.889141082763672
3.1135311126708984,3.0156047344207764,3.889141082763672
3.114048957824707,3.015198230743408,3.889291763305664
3.114048957824707,3.015198230743408,3.889291763305664
3.114525556564331,3.0145423412323,3.8880279064178467
3.114905834197998,3.013009548187256,3.886751890182495
3.114905834197998,3.013009548187256,3.886751890182495
3.11454439163208,3.012571096420288,3.885587453842163
3.11454439163208,3.012571096420288,3.885587453842163
3.1139867305755615,3.0124642848968506,3.8846631050109863
3.114344596862793,3.0122642517089844,3.883258819580078
3.114344596862793,3.0122642517089844,3.883258819580078
3.114205837249756,3.011993169784546,3.883256435394287
3.114205837249756,3.011993169784546,3.883256435394287
3.114053726196289,3.0121541023254395,3.8818013668060303
3.114027261734009,3.012162446975708,3.881068706512451
3.114027261734009,3.012162446975708,3.881068706512451
3.1142032146453857,3.012265682220459,3.8803551197052
3.1143741607666016,3.0123393535614014,3.8801708221435547
3.1143741607666016,3.0123393535614014,3.8801708221435547
3.114858388900757,3.0123612880706787,3.8800442218780518
3.114858388900757,3.0123612880706787,3.8800442218780518
3.1153979301452637,3.0121631622314453,3.880703926086426
3.1155922412872314,3.012493371963501,3.8803484439849854
3.1155922412872314,3.012493371963501,3.8803484439849854
3.1156294345855713,3.0124006271362305,3.8790335655212402
3.1156294345855713,3.0124006271362305,3.8790335655212402
3.1157751083374023,3.011880874633789,3.877450942993164
3.1147167682647705,3.012141704559326,3.8764822483062744
3.1147167682647705,3.012141704559326,3.8764822483062744
3.1146388053894043,3.012504816055298,3.8748772144317627
3.1153597831726074,3.0118794441223145,3.8746254444122314
3.1153597831726074,3.0118794441223145,3.8746254444122314
3.1156275272369385,3.011627674102783,3.8733325004577637
3.1156275272369385,3.011627674102783,3.8733325004577637
3.116899013519287,3.010690927505493,3.8715014457702637
3.1167564392089844,3.010685682296753,3.8710339069366455
3.1167564392089844,3.010685682296753,3.8710339069366455
3.1177163124084473,3.0099363327026367,3.871516227722168
3.1177163124084473,3.0099363327026367,3.871516227722168
3.11786150932312,3.010493040084839,3.8718810081481934
3.11786150932312,3.010493040084839,3.8718810081481934
3.1176984310150146,3.0108025074005127,3.871579170227051
3.1179277896881104,3.0107970237731934,3.870316743850708
3.1179277896881104,3.0107970237731934,3.870316743850708
3.118988513946533,3.009944200515747,3.8683531284332275
3.119513988494873,3.0094382762908936,3.867218255996704
3.119513988494873,3.0094382762908936,3.867218255996704
3.1203534603118896,3.009157180786133,3.8669023513793945
3.1203534603118896,3.009157180786133,3.8669023513793945
3.121845006942749,3.008342742919922,3.8673369884490967
3.121845006942749,3.008342742919922,3.8673369884490967
3.1238598823547363,3.0072097778320312,3.8675754070281982
3.1250691413879395,3.0068752765655518,3.8672103881835938
3.1250691413879395,3.0068752765655518,3.8672103881835938
3.126007556915283,3.00667667388916,3.8665151596069336
3.126666784286499,3.0067269802093506,3.864971399307251
3.126666784286499,3.0067269802093506,3.864971399307251
3.12768816947937,3.0064141750335693,3.8633854389190674
3.12768816947937,3.0064141750335693,3.8633854389190674
3.128801107406616,3.005707263946533,3.862731695175171
3.1296465396881104,3.005293130874634,3.862567901611328
3.1296465396881104,3.005293130874634,3.862567901611328
3.130448579788208,3.004912853240967,3.8617727756500244
3.130448579788208,3.004912853240967,3.8617727756500244
3.1311824321746826,3.004427194595337,3.860807180404663
3.1314923763275146,3.004521608352661,3.8591458797454834
3.1314923763275146,3.004521608352661,3.8591458797454834
3.1316239833831787,3.003934383392334,3.8586928844451904
3.1316239833831787,3.003934383392334,3.8586928844451904
3.1320691108703613,3.0037238597869873,3.8578271865844727
3.133009910583496,3.0028958320617676,3.858494758605957
3.133009910583496,3.0028958320617676,3.858494758605957
3.1331899166107178,3.0028483867645264,3.8581817150115967
3.1331899166107178,3.0028483867645264,3.8581817150115967
3.1332075595855713,3.002743721008301,3.8569135665893555
3.1338796615600586,3.0022201538085938,3.854679822921753
3.1338796615600586,3.0022201538085938,3.854679822921753
3.1345367431640625,3.001575469970703,3.853032112121582
3.135277032852173,3.0007190704345703,3.8532276153564453
3.135277032852173,3.0007190704345703,3.8532276153564453
3.1356241703033447,3.0008373260498047,3.8530871868133545
3.1356241703033447,3.0008373260498047,3.8530871868133545
3.136124849319458,3.000483512878418,3.8531041145324707
3.136124849319458,3.000483512878418,3.8531041145324707
3.1359174251556396,3.0008442401885986,3.8513104915618896
3.1355717182159424,3.0009212493896484,3.849979877471924
3.1355717182159424,3.0009212493896484,3.849979877471924
3.1350746154785156,3.001582145690918,3.8484389781951904
3.1350746154785156,3.001582145690918,3.8484389781951904
3.134882688522339,3.001648187637329,3.848463773727417
3.133922576904297,3.0024430751800537,3.8475592136383057
3.133922576904297,3.0024430751800537,3.8475592136383057
3.13348650932312,3.0025107860565186,3.84674334526062
3.1331238746643066,3.002495288848877,3.846416473388672
3.1331238746643066,3.002495288848877,3.846416473388672
3.132680654525757,3.0028693675994873,3.845203399658203
3.132680654525757,3.0028693675994873,3.845203399658203
3.132809638977051,3.002685308456421,3.8444325923919678
3.132809638977051,3.002685308456421,3.8444325923919678
3.132246732711792,3.0033721923828125,3.843040704727173
3.1317873001098633,3.0034775733947754,3.8417246341705322
3.1317873001098633,3.0034775733947754,3.8417246341705322
3.1315619945526123,3.00412654876709,3.840445041656494
3.132101058959961,3.0035202503204346,3.8413052558898926
3.132101058959961,3.0035202503204346,3.8413052558898926
3.132211685180664,3.0039193630218506,3.841172695159912
3.1321442127227783,3.0042757987976074,3.840161085128784
3.1321442127227783,3.0042757987976074,3.840161085128784
3.1321022510528564,3.0044641494750977,3.8381049633026123
3.1321022510528564,3.0044641494750977,3.8381049633026123
3.1319408416748047,3.0038084983825684,3.838045358657837
3.131805896759033,3.0040831565856934,3.8375580310821533
3.131805896759033,3.0040831565856934,3.8375580310821533
3.1323416233062744,3.0037953853607178,3.8381237983703613
3.1323416233062744,3.0037953853607178,3.8381237983703613
3.133448362350464,3.0033223628997803,3.8384029865264893
3.132990598678589,3.0035855770111084,3.838651657104492
3.132990598678589,3.0035855770111084,3.838651657104492
3.1342825889587402,3.0029866695404053,3.8386693000793457
3.1342825889587402,3.0029866695404053,3.8386693000793457
3.1348648071289062,3.0027754306793213,3.838313579559326
3.1348447799682617,3.003005266189575,3.8371963500976562
3.1348447799682617,3.003005266189575,3.8371963500976562
3.1347463130950928,3.0029618740081787,3.8361830711364746
3.1347463130950928,3.0029618740081787,3.8361830711364746
3.1353113651275635,3.002800464630127,3.8349077701568604
3.1358351707458496,3.0023796558380127,3.8347482681274414
3.1358351707458496,3.0023796558380127,3.8347482681274414
3.135745048522949,3.002842903137207,3.8348705768585205
3.135745048522949,3.002842903137207,3.8348705768585205
3.1360056400299072,3.002849817276001,3.8349690437316895
3.136230707168579,3.002573013305664,3.834963798522949
3.136230707168579,3.002573013305664,3.834963798522949
3.1365725994110107,3.0024099349975586,3.8349337577819824
3.1369435787200928,3.002215623855591,3.83486270904541
3.1365151405334473,3.0020716190338135,3.83489727973938
3.136880397796631,3.001756429672241,3.8347392082214355
3.136880397796631,3.001756429672241,3.8347392082214355
3.1371257305145264,3.00138521194458,3.8351995944976807
3.1371257305145264,3.00138521194458,3.8351995944976807
3.137115001678467,3.001542568206787,3.8350632190704346
3.1373562812805176,3.001588821411133,3.8345019817352295
3.1373562812805176,3.001588821411133,3.8345019817352295
3.137643814086914,3.0015177726745605,3.8339273929595947
3.1379714012145996,3.001253843307495,3.833486557006836
3.1379714012145996,3.001253843307495,3.833486557006836
3.137986660003662,3.0012402534484863,3.8321454524993896
3.137986660003662,3.0012402534484863,3.8321454524993896
3.1386752128601074,3.000372886657715,3.83121919631958
3.140197515487671,2.999227285385132,3.829784393310547
3.140197515487671,2.999227285385132,3.829784393310547
3.141061305999756,2.9982357025146484,3.8299806118011475
3.141061305999756,2.9982357025146484,3.8299806118011475
3.1415796279907227,2.998481273651123,3.8296539783477783
3.141770601272583,2.9987313747406006,3.8288440704345703
3.141770601272583,2.9987313747406006,3.8288440704345703
3.1419427394866943,2.9988045692443848,3.82783842086792
3.1419427394866943,2.9988045692443848,3.82783842086792
3.142043113708496,2.998713493347168,3.8274130821228027
3.1414453983306885,2.9992268085479736,3.8270580768585205
3.1414453983306885,2.9992268085479736,3.8270580768585205
3.1424949169158936,2.998777151107788,3.8270134925842285
3.1424949169158936,2.998777151107788,3.8270134925842285
3.1423990726470947,2.998650074005127,3.8268063068389893
3.142155647277832,2.9984545707702637,3.8248863220214844
3.142155647277832,2.9984545707702637,3.8248863220214844
3.142329692840576,2.998138666152954,3.8232626914978027
3.142329692840576,2.998138666152954,3.8232626914978027
3.141850471496582,2.998368740081787,3.821591377258301
3.140984296798706,2.998573064804077,3.8205385208129883
3.140984296798706,2.998573064804077,3.8205385208129883
3.140690326690674,2.9986212253570557,3.818678379058838
3.140472888946533,2.997666597366333,3.818418502807617
3.140472888946533,2.997666597366333,3.818418502807617
3.1397361755371094,2.9984567165374756,3.8168444633483887
3.1397361755371094,2.9984567165374756,3.8168444633483887
3.1396560668945312,2.9983513355255127,3.8158864974975586
3.140002965927124,2.9985849857330322,3.814457654953003
3.140002965927124,2.9985849857330322,3.814457654953003
3.1409013271331787,2.997790575027466,3.814645528793335
3.141469955444336,2.9978599548339844,3.8138267993927
3.141469955444336,2.9978599548339844,3.8138267993927
3.1420397758483887,2.9970271587371826,3.8132784366607666
3.142080068588257,2.9968180656433105,3.8131537437438965
3.142080068588257,2.9968180656433105,3.8131537437438965
3.141894578933716,2.9969491958618164,3.81225848197937
3.141894578933716,2.9969491958618164,3.81225848197937
3.142425775527954,2.9958386421203613,3.81169056892395
3.1420230865478516,2.9959757328033447,3.810398817062378
3.1420230865478516,2.9959757328033447,3.810398817062378
3.1419031620025635,2.99552583694458,3.8099613189697266
3.1419031620025635,2.99552583694458,3.8099613189697266
3.142007350921631,2.9954822063446045,3.809408664703369
3.142524003982544,2.9952735900878906,3.8090639114379883
3.142524003982544,2.9952735900878906,3.8090639114379883
3.1423985958099365,2.9950528144836426,3.809006452560425
3.1423985958099365,2.9950528144836426,3.809006452560425
3.141913652420044,2.99542498588562,3.8085200786590576
3.142580032348633,2.9950366020202637,3.808112144470215
3.142580032348633,2.9950366020202637,3.808112144470215
3.1425552368164062,2.9951229095458984,3.807983636856079
3.1425552368164062,2.9951229095458984,3.807983636856079
3.1422321796417236,2.9954497814178467,3.807790994644165
3.1428346633911133,2.995154619216919,3.8073081970214844
3.1428346633911133,2.995154619216919,3.8073081970214844
3.142854928970337,2.9953930377960205,3.807586908340454
3.142854928970337,2.9953930377960205,3.807586908340454
3.1424055099487305,2.996062994003296,3.8071677684783936
3.143564224243164,2.99528431892395,3.806293487548828
3.143564224243164,2.99528431892395,3.806293487548828
3.144188642501831,2.994558095932007,3.8056960105895996
3.144188642501831,2.994558095932007,3.8056960105895996
3.1441256999969482,2.994739294052124,3.804278612136841
3.144033432006836,2.9943978786468506,3.803431987762451
3.144033432006836,2.9943978786468506,3.803431987762451
3.1445634365081787,2.9941415786743164,3.8020811080932617
3.1445634365081787,2.9941415786743164,3.8020811080932617
3.1453588008880615,2.9931414127349854,3.801475763320923
3.144984006881714,2.9936506748199463,3.8003225326538086
3.144984006881714,2.9936506748199463,3.8003225326538086
3.1452865600585938,2.9935405254364014,3.7995426654815674
3.1452865600585938,2.9935405254364014,3.7995426654815674
3.145690441131592,2.993049144744873,3.79844331741333
3.1458663940429688,2.9929039478302,3.7983245849609375
3.1458663940429688,2.9929039478302,3.7983245849609375
3.146388292312622,2.9926788806915283,3.798752784729004
3.146388292312622,2.9926788806915283,3.798752784729004
3.146808624267578,2.99275803565979,3.7986373901367188
3.1471970081329346,2.9926719665527344,3.7985196113586426
3.1471970081329346,2.9926719665527344,3.7985196113586426
3.1471493244171143,2.9926164150238037,3.79886531829834
3.1471493244171143,2.9926164150238037,3.79886531829834
3.1476688385009766,2.992441177368164,3.7984139919281006
3.148048162460327,2.9925427436828613,3.7977752685546875
3.148048162460327,2.9925427436828613,3.7977752685546875
3.1484107971191406,2.992171287536621,3.796757459640503
3.1484107971191406,2.992171287536621,3.796757459640503
3.1492738723754883,2.9913175106048584,3.7955121994018555
3.1501247882843018,2.990910291671753,3.794078826904297
3.1501247882843018,2.990910291671753,3.794078826904297
3.150632381439209,2.9902548789978027,3.79408597946167
3.1510772705078125,2.9896273612976074,3.794039011001587
3.1510772705078125,2.9896273612976074,3.794039011001587
3.150846481323242,2.990030527114868,3.79298996925354
3.150846481323242,2.990030527114868,3.79298996925354
3.1500601768493652,2.990565299987793,3.791332721710205
3.149573564529419,2.990400791168213,3.789639711380005
3.149573564529419,2.990400791168213,3.789639711380005
3.1496288776397705,2.9896926879882812,3.7875752449035645
3.1496288776397705,2.9896926879882812,3.7875752449035645
3.1491754055023193,2.9896044731140137,3.7864797115325928
3.1491596698760986,2.9895050525665283,3.7858200073242188
3.1491596698760986,2.9895050525665283,3.7858200073242188
3.1496496200561523,2.989396095275879,3.7858009338378906
3.1496496200561523,2.989396095275879,3.7858009338378906
3.1501457691192627,2.989175796508789,3.7859272956848145
3.1500656604766846,2.989325523376465,3.784979820251465
3.1500656604766846,2.989325523376465,3.784979820251465
3.151620626449585,2.9882099628448486,3.7829606533050537
3.151620626449585,2.9882099628448486,3.7829606533050537
3.150764226913452,2.9886486530303955,3.7822823524475098
3.1507177352905273,2.988884449005127,3.781259536743164
3.1507177352905273,2.988884449005127,3.781259536743164
3.150461435317993,2.988945245742798,3.7804605960845947
3.150461435317993,2.988945245742798,3.7804605960845947
3.1512107849121094,2.988300085067749,3.780010461807251
3.150966167449951,2.9883694648742676,3.779057264328003
3.150966167449951,2.9883694648742676,3.779057264328003
3.150719165802002,2.98846697807312,3.778122663497925
3.150719165802002,2.98846697807312,3.778122663497925
3.1505050659179688,2.988854169845581,3.7770771980285645
3.1506314277648926,2.988664388656616,3.777393341064453
3.1506314277648926,2.988664388656616,3.777393341064453
3.151090145111084,2.9883458614349365,3.7776522636413574
3.151090145111084,2.9883458614349365,3.7776522636413574
3.1507160663604736,2.9885597229003906,3.7775917053222656
3.1511948108673096,2.9885122776031494,3.777022123336792
3.1511948108673096,2.9885122776031494,3.777022123336792
3.1515660285949707,2.988312005996704,3.777371406555176
3.1515660285949707,2.988312005996704,3.777371406555176
3.151958703994751,2.9882428646087646,3.7775955200195312
3.1527061462402344,2.9878692626953125,3.776817798614502
3.1527061462402344,2.9878692626953125,3.776817798614502
3.1526191234588623,2.98789644241333,3.775460958480835
3.1521737575531006,2.9878902435302734,3.7742393016815186
3.1521737575531006,2.9878902435302734,3.7742393016815186
3.151902198791504,2.9876418113708496,3.7730519771575928
3.151900053024292,2.9872522354125977,3.771451473236084
3.151900053024292,2.9872522354125977,3.771451473236084
3.1518685817718506,2.9868881702423096,3.771170139312744
3.1519737243652344,2.986980676651001,3.771078109741211
3.1519737243652344,2.986980676651001,3.771078109741211
3.152458667755127,2.9866526126861572,3.7713704109191895
3.152458667755127,2.9866526126861572,3.7713704109191895
3.153616189956665,2.986487627029419,3.770443916320801
3.1536221504211426,2.986697196960449,3.7696421146392822
3.1536221504211426,2.986697196960449,3.7696421146392822
3.1539320945739746,2.986158609390259,3.7697184085845947
3.1544768810272217,2.9864885807037354,3.768235445022583
3.1544768810272217,2.9864885807037354,3.768235445022583
3.154813528060913,2.986165761947632,3.767695903778076
3.154813528060913,2.986165761947632,3.767695903778076
3.154766082763672,2.986633539199829,3.766751527786255
3.1553711891174316,2.9856698513031006,3.7669248580932617
3.1553711891174316,2.9856698513031006,3.7669248580932617
3.154010534286499,2.986241579055786,3.7662405967712402
3.154010534286499,2.986241579055786,3.7662405967712402
3.1542515754699707,2.985961437225342,3.7658326625823975
3.1545305252075195,2.9858157634735107,3.764936685562134
3.154249429702759,2.9858946800231934,3.7639503479003906
3.154249429702759,2.9858946800231934,3.7639503479003906
3.154265880584717,2.985260486602783,3.7636048793792725
3.154588460922241,2.9850494861602783,3.762491226196289
3.154588460922241,2.9850494861602783,3.762491226196289
3.155304193496704,2.984389066696167,3.7617523670196533
3.1557507514953613,2.984084129333496,3.760972738265991
3.1557507514953613,2.984084129333496,3.760972738265991
3.1560635566711426,2.9835522174835205,3.760300636291504
3.1565568447113037,2.982998847961426,3.759289026260376
3.1565568447113037,2.982998847961426,3.759289026260376
3.156503677368164,2.983199119567871,3.758094072341919
3.156503677368164,2.983199119567871,3.758094072341919
3.1564218997955322,2.9833085536956787,3.7573490142822266
3.1565990447998047,2.9833052158355713,3.7574410438537598
3.1565990447998047,2.9833052158355713,3.7574410438537598
3.1566362380981445,2.9830541610717773,3.7573494911193848
3.1566362380981445,2.9830541610717773,3.7573494911193848
3.1565933227539062,2.9828450679779053,3.756899356842041
3.1565606594085693,2.9826526641845703,3.756110668182373
3.1565606594085693,2.9826526641845703,3.756110668182373
3.156630516052246,2.982710123062134,3.7546486854553223
3.156630516052246,2.982710123062134,3.7546486854553223
3.1578235626220703,2.982248544692993,3.752289056777954
3.1592891216278076,2.9805102348327637,3.7520885467529297
3.1592891216278076,2.9805102348327637,3.7520885467529297
3.1590964794158936,2.980846405029297,3.751662254333496
3.1590964794158936,2.980846405029297,3.751662254333496
3.1586060523986816,2.980860471725464,3.7514350414276123
3.1587629318237305,2.980323553085327,3.7516281604766846
3.1587629318237305,2.980323553085327,3.7516281604766846
3.1588823795318604,2.979947090148926,3.7520248889923096
3.1588823795318604,2.979947090148926,3.7520248889923096
3.158236026763916,2.9809231758117676,3.751565933227539
3.1585044860839844,2.980459690093994,3.751673936843872
3.1585044860839844,2.980459690093994,3.751673936843872
3.158371686935425,2.9805665016174316,3.751171827316284
3.158371686935425,2.9805665016174316,3.751171827316284
3.1575257778167725,2.9800949096679688,3.7515838146209717
3.1570427417755127,2.9803683757781982,3.750854253768921
3.1570427417755127,2.9803683757781982,3.750854253768921
3.1573331356048584,2.9798359870910645,3.7510056495666504
3.1573331356048584,2.9798359870910645,3.7510056495666504
3.157259702682495,2.9798693656921387,3.7513248920440674
3.157442808151245,2.9795145988464355,3.7514140605926514
3.157442808151245,2.9795145988464355,3.7514140605926514
3.1572649478912354,2.979278802871704,3.7507312297821045
3.1581714153289795,2.9787144660949707,3.7498772144317627
3.1581714153289795,2.9787144660949707,3.7498772144317627
3.158576488494873,2.978364944458008,3.7490949630737305
3.159266710281372,2.978060007095337,3.747666835784912
3.159266710281372,2.978060007095337,3.747666835784912
3.160113573074341,2.977405548095703,3.747018575668335
3.1607730388641357,2.9769296646118164,3.746776580810547
3.1607730388641357,2.9769296646118164,3.746776580810547
3.1608026027679443,2.97735595703125,3.7460949420928955
3.161057949066162,2.9768996238708496,3.746058225631714
3.161057949066162,2.9768996238708496,3.746058225631714
3.1614081859588623,2.976999521255493,3.74455189704895
3.1614081859588623,2.976999521255493,3.74455189704895
3.1616098880767822,2.9765610694885254,3.7441604137420654
3.1613380908966064,2.976516008377075,3.743450403213501
3.1613380908966064,2.976516008377075,3.743450403213501
3.1612014770507812,2.976613759994507,3.7422211170196533
3.1627402305603027,2.975750684738159,3.741039514541626
3.1627402305603027,2.975750684738159,3.741039514541626
3.162043333053589,2.9758410453796387,3.741002321243286
3.162043333053589,2.9758410453796387,3.741002321243286
3.1618435382843018,2.975999355316162,3.7405030727386475
3.1623332500457764,2.9754269123077393,3.7393040657043457
3.1623332500457764,2.9754269123077393,3.7393040657043457
3.162529230117798,2.975081205368042,3.7370994091033936
3.162529230117798,2.975081205368042,3.7370994091033936
3.162170648574829,2.975022077560425,3.7347211837768555
3.162336587905884,2.9748480319976807,3.7337160110473633
3.162336587905884,2.9748480319976807,3.7337160110473633
3.1627795696258545,2.9747350215911865,3.7339744567871094
3.1627795696258545,2.9747350215911865,3.7339744567871094
3.162895441055298,2.974785327911377,3.7342820167541504
3.1632113456726074,2.9742565155029297,3.7336347103118896
3.1632113456726074,2.9742565155029297,3.7336347103118896
3.1636738777160645,2.973531484603882,3.731250286102295
3.1636738777160645,2.973531484603882,3.731250286102295
3.1637260913848877,2.973332166671753,3.7284674644470215
3.1636130809783936,2.9731507301330566,3.7268004417419434
3.1636130809783936,2.9731507301330566,3.7268004417419434
3.1637237071990967,2.9727818965911865,3.726459503173828
3.1637237071990967,2.9727818965911865,3.726459503173828
3.1645469665527344,2.9726059436798096,3.727114677429199
3.164402961730957,2.9728193283081055,3.7276124954223633
3.1607675552368164,2.974370002746582,3.7268941402435303
3.1607675552368164,2.974370002746582,3.7268941402435303
3.160475015640259,2.974191427230835,3.72475266456604
3.160475015640259,2.974191427230835,3.72475266456604
3.1601388454437256,2.974285125732422,3.723111867904663
3.1601243019104004,2.9742372035980225,3.7212605476379395
3.1601243019104004,2.9742372035980225,3.7212605476379395
3.1600663661956787,2.9743340015411377,3.720883369445801
3.161198377609253,2.9743614196777344,3.7207303047180176
3.161198377609253,2.9743614196777344,3.7207303047180176
3.1624388694763184,2.973217487335205,3.7216148376464844
3.1624388694763184,2.973217487335205,3.7216148376464844
3.162344217300415,2.9736952781677246,3.7207062244415283
3.162344217300415,2.9736952781677246,3.7207062244415283
3.162646770477295,2.973329782485962,3.71990704536438
3.163153886795044,2.972956657409668,3.7191896438598633
3.163153886795044,2.972956657409668,3.7191896438598633
3.1631343364715576,2.973080635070801,3.7192330360412598
3.1639976501464844,2.973327398300171,3.7191011905670166
3.1639976501464844,2.973327398300171,3.7191011905670166
3.164504289627075,2.972926378250122,3.719236373901367
3.164504289627075,2.972926378250122,3.719236373901367
3.1652333736419678,2.9723572731018066,3.718966245651245
3.1660428047180176,2.9716978073120117,3.718609094619751
3.1660428047180176,2.9716978073120117,3.718609094619751
3.1665420532226562,2.971229314804077,3.7183609008789062
3.1665420532226562,2.971229314804077,3.7183609008789062
3.166949510574341,2.9707415103912354,3.7181620597839355
3.1687440872192383,2.9693007469177246,3.7178268432617188
3.1687440872192383,2.9693007469177246,3.7178268432617188
3.1687731742858887,2.969557762145996,3.7174785137176514
3.1687731742858887,2.969557762145996,3.7174785137176514
3.1683223247528076,2.9698686599731445,3.7171761989593506
3.168325424194336,2.969628095626831,3.716536283493042
3.168325424194336,2.969628095626831,3.716536283493042
3.1685731410980225,2.9693992137908936,3.7152373790740967
3.168025016784668,2.969465970993042,3.7138264179229736
3.168025016784668,2.969465970993042,3.7138264179229736
3.167027235031128,2.969338893890381,3.7116143703460693
3.1665191650390625,2.9691741466522217,3.70863676071167
3.1665191650390625,2.9691741466522217,3.70863676071167
3.1671013832092285,2.968402862548828,3.707146644592285
3.1677489280700684,2.967900514602661,3.706960439682007
3.1677489280700684,2.967900514602661,3.706960439682007
3.1679046154022217,2.9675214290618896,3.7071688175201416
3.1679046154022217,2.9675214290618896,3.7071688175201416
3.168290853500366,2.9677770137786865,3.705878257751465
3.168290853500366,2.9677770137786865,3.705878257751465
3.1684186458587646,2.967017889022827,3.705162763595581
3.1682205200195312,2.9672210216522217,3.704213857650757
3.1682205200195312,2.9672210216522217,3.704213857650757
3.16854190826416,2.9671072959899902,3.7037577629089355
3.16854190826416,2.9671072959899902,3.7037577629089355
3.169243574142456,2.9665040969848633,3.7031335830688477
3.168581962585449,2.966794967651367,3.7019126415252686
3.168581962585449,2.966794967651367,3.7019126415252686
3.169329881668091,2.966618299484253,3.7006735801696777
3.170250415802002,2.9661407470703125,3.699434518814087
3.170250415802002,2.9661407470703125,3.699434518814087
3.1712636947631836,2.965604305267334,3.6980128288269043
3.172541618347168,2.964388370513916,3.6963064670562744
3.172541618347168,2.964388370513916,3.6963064670562744
3.1728358268737793,2.963794469833374,3.694824695587158
3.1728358268737793,2.963794469833374,3.694824695587158
3.172473430633545,2.963705062866211,3.693892478942871
3.17266845703125,2.963796854019165,3.693812370300293
3.17266845703125,2.963796854019165,3.693812370300293
3.172654628753662,2.9640209674835205,3.6935975551605225
3.173841714859009,2.963571786880493,3.6932976245880127
3.173841714859009,2.963571786880493,3.6932976245880127
3.1740615367889404,2.963803768157959,3.692976236343384
3.1740615367889404,2.963803768157959,3.692976236343384
3.1738576889038086,2.9642765522003174,3.6928482055664062
3.1740031242370605,2.9643845558166504,3.692046642303467
3.1740031242370605,2.9643845558166504,3.692046642303467
3.174072504043579,2.964658260345459,3.690664291381836
3.174072504043579,2.964658260345459,3.690664291381836
3.1736371517181396,2.965102434158325,3.6886119842529297
3.173417091369629,2.9650800228118896,3.6869609355926514
3.17305588722229,2.9652228355407715,3.6859960556030273
3.17305588722229,2.9652228355407715,3.6859960556030273
3.1735808849334717,2.9643068313598633,3.685108184814453
3.1735808849334717,2.9643068313598633,3.685108184814453
3.1734602451324463,2.963989734649658,3.684455156326294
3.1734602451324463,2.963989734649658,3.684455156326294
3.173555374145508,2.9637348651885986,3.683133602142334
3.172194242477417,2.9639883041381836,3.681300163269043
3.172194242477417,2.9639883041381836,3.681300163269043
3.172623872756958,2.963624954223633,3.6793923377990723
3.172623872756958,2.963624954223633,3.6793923377990723
3.1766510009765625,2.9617087841033936,3.67517352104187
3.176018476486206,2.961150646209717,3.675980806350708
3.176018476486206,2.961150646209717,3.675980806350708
3.1760036945343018,2.961033582687378,3.6761486530303955
3.1760036945343018,2.961033582687378,3.6761486530303955
3.1752662658691406,2.9617116451263428,3.676018714904785
3.176150321960449,2.9612390995025635,3.675455331802368
3.176150321960449,2.9612390995025635,3.675455331802368
3.17675518989563,2.960423469543457,3.6750380992889404
3.17675518989563,2.960423469543457,3.6750380992889404
3.176619052886963,2.960491895675659,3.6739118099212646
3.176952362060547,2.9599287509918213,3.673583507537842
3.176952362060547,2.9599287509918213,3.673583507537842
3.1768667697906494,2.960146903991699,3.6730563640594482
3.1768667697906494,2.960146903991699,3.6730563640594482
3.1773054599761963,2.9598395824432373,3.672672748565674
3.1776211261749268,2.9593000411987305,3.6726293563842773
3.1776211261749268,2.9593000411987305,3.6726293563842773
3.1778147220611572,2.9592652320861816,3.6720054149627686
3.1778626441955566,2.959238052368164,3.6717073917388916
3.1778626441955566,2.959238052368164,3.6717073917388916
3.176201581954956,2.960977077484131,3.670217990875244
3.176201581954956,2.960977077484131,3.670217990875244
3.1762638092041016,2.960533857345581,3.6700541973114014
3.1762638092041016,2.960533857345581,3.6700541973114014
3.1770927906036377,2.960632801055908,3.6688482761383057
3.178246259689331,2.95986008644104,3.668591022491455
3.178246259689331,2.95986008644104,3.668591022491455
3.1781675815582275,2.9599385261535645,3.6683549880981445
3.1781675815582275,2.9599385261535645,3.6683549880981445
3.1779844760894775,2.959648847579956,3.6679999828338623
3.1783111095428467,2.959644079208374,3.6668591499328613
3.1783111095428467,2.959644079208374,3.6668591499328613
3.1790623664855957,2.959399461746216,3.6651458740234375
3.1790623664855957,2.959399461746216,3.6651458740234375
3.179365396499634,2.9591424465179443,3.6637778282165527
3.1792211532592773,2.9593253135681152,3.6627559661865234
3.1792211532592773,2.9593253135681152,3.6627559661865234
3.1798079013824463,2.959083080291748,3.6619997024536133
3.1798079013824463,2.959083080291748,3.6619997024536133
3.1795454025268555,2.9588370323181152,3.6615564823150635
3.1793107986450195,2.958810567855835,3.6608080863952637
3.1793107986450195,2.958810567855835,3.6608080863952637
3.179687261581421,2.958538770675659,3.6597390174865723
3.179687261581421,2.958538770675659,3.6597390174865723
3.1797845363616943,2.958693027496338,3.6579549312591553
3.179717779159546,2.959105968475342,3.6555235385894775
3.179717779159546,2.959105968475342,3.6555235385894775
3.1798977851867676,2.9587528705596924,3.654003858566284
3.1798977851867676,2.9587528705596924,3.654003858566284
3.1799674034118652,2.9585649967193604,3.6519405841827393
3.180385112762451,2.957947254180908,3.650367259979248
3.180385112762451,2.957947254180908,3.650367259979248
3.180828332901001,2.957733154296875,3.6489851474761963
3.180828332901001,2.957733154296875,3.6489851474761963
3.181117296218872,2.9575753211975098,3.6479132175445557
3.1813225746154785,2.9573845863342285,3.646425247192383
3.1813225746154785,2.9573845863342285,3.646425247192383
3.1818227767944336,2.9569311141967773,3.644951105117798
3.1818227767944336,2.9569311141967773,3.644951105117798
3.1821470260620117,2.9568676948547363,3.6434032917022705
3.1815085411071777,2.9570794105529785,3.641828775405884
3.1815085411071777,2.9570794105529785,3.641828775405884
3.181476354598999,2.9573261737823486,3.640331268310547
3.1818490028381348,2.957063913345337,3.639678716659546
3.1818490028381348,2.957063913345337,3.639678716659546
3.183415412902832,2.956249237060547,3.639214515686035
3.183415412902832,2.956249237060547,3.639214515686035
3.183698892593384,2.9559295177459717,3.639662504196167
3.1828527450561523,2.9560272693634033,3.6399049758911133
3.1828527450561523,2.9560272693634033,3.6399049758911133
3.1822001934051514,2.9563393592834473,3.6393158435821533
3.1815199851989746,2.9571657180786133,3.6374809741973877
3.181365489959717,2.956777572631836,3.6370558738708496
3.181365489959717,2.956777572631836,3.6370558738708496
3.1816494464874268,2.956773042678833,3.636209726333618
3.1816494464874268,2.956773042678833,3.636209726333618
3.181779146194458,2.9568607807159424,3.635436773300171
3.1812198162078857,2.9572131633758545,3.6348562240600586
3.1812198162078857,2.9572131633758545,3.6348562240600586
3.182032823562622,2.9571990966796875,3.6336615085601807
3.1833441257476807,2.9561498165130615,3.6331369876861572
3.1833441257476807,2.9561498165130615,3.6331369876861572
3.1839168071746826,2.956234931945801,3.631321907043457
3.1839168071746826,2.956234931945801,3.631321907043457
3.1841676235198975,2.956207036972046,3.6301608085632324
3.1853177547454834,2.955839157104492,3.6288321018218994
3.1853177547454834,2.955839157104492,3.6288321018218994
3.1863369941711426,2.9556539058685303,3.627223253250122
3.1863369941711426,2.9556539058685303,3.627223253250122
3.1861655712127686,2.9553325176239014,3.6261348724365234
3.1863787174224854,2.9548349380493164,3.625375509262085
3.1863787174224854,2.9548349380493164,3.625375509262085
3.1867895126342773,2.954876661300659,3.6245181560516357
3.1867895126342773,2.954876661300659,3.6245181560516357
3.1870555877685547,2.9547812938690186,3.623746633529663
3.1881096363067627,2.954625368118286,3.622429370880127
3.1881096363067627,2.954625368118286,3.622429370880127
3.1890759468078613,2.954110860824585,3.6213598251342773
3.1890759468078613,2.954110860824585,3.6213598251342773
3.18924617767334,2.953888416290283,3.6211605072021484
3.189340829849243,2.9539599418640137,3.620898723602295
3.189340829849243,2.9539599418640137,3.620898723602295
3.1907851696014404,2.953265428543091,3.6204779148101807
3.190638542175293,2.9538800716400146,3.61942720413208
3.190638542175293,2.9538800716400146,3.61942720413208
3.1904687881469727,2.9537417888641357,3.618903160095215
3.1904687881469727,2.9537417888641357,3.618903160095215
3.1909096240997314,2.953605890274048,3.617464065551758
3.1917998790740967,2.953003168106079,3.61685848236084
3.1917998790740967,2.953003168106079,3.61685848236084
3.19207763671875,2.952894449234009,3.6165359020233154
3.19207763671875,2.952894449234009,3.6165359020233154
3.192430019378662,2.9527034759521484,3.6158998012542725
3.1930601596832275,2.9518656730651855,3.615530490875244
3.1930601596832275,2.9518656730651855,3.615530490875244
3.1935300827026367,2.9513940811157227,3.614187717437744
3.1950109004974365,2.9501545429229736,3.613067150115967
3.1950109004974365,2.9501545429229736,3.613067150115967
3.19538950920105,2.9499783515930176,3.6114845275878906
3.196091413497925,2.9491758346557617,3.6099014282226562
3.196091413497925,2.9491758346557617,3.6099014282226562
3.195880889892578,2.948394298553467,3.6092798709869385
3.195880889892578,2.948394298553467,3.6092798709869385
3.196385383605957,2.9485867023468018,3.607567548751831
3.1968095302581787,2.947986602783203,3.606454849243164
3.1968095302581787,2.947986602783203,3.606454849243164
3.196312665939331,2.9479446411132812,3.6064555644989014
3.196312665939331,2.9479446411132812,3.6064555644989014
3.1962332725524902,2.9485385417938232,3.6056249141693115
3.1962332725524902,2.9485385417938232,3.6056249141693115
3.19657039642334,2.948502779006958,3.6050350666046143
3.1964051723480225,2.9487431049346924,3.6043691635131836
3.1964051723480225,2.9487431049346924,3.6043691635131836
3.196058750152588,2.9489521980285645,3.6035382747650146
3.196295738220215,2.948594331741333,3.602750778198242
3.196295738220215,2.948594331741333,3.602750778198242
3.1960556507110596,2.948692798614502,3.601902961730957
3.1960556507110596,2.948692798614502,3.601902961730957
3.195225715637207,2.949368715286255,3.600620746612549
3.1951651573181152,2.9493939876556396,3.5997724533081055
3.1951651573181152,2.9493939876556396,3.5997724533081055
3.195509910583496,2.9490389823913574,3.598968029022217
3.195509910583496,2.9490389823913574,3.598968029022217
3.1958093643188477,2.949192762374878,3.5975801944732666
3.1963117122650146,2.9489171504974365,3.5966875553131104
3.1963117122650146,2.9489171504974365,3.5966875553131104
3.1958000659942627,2.949214220046997,3.59591007232666
3.1958000659942627,2.949214220046997,3.59591007232666
3.1955525875091553,2.9493513107299805,3.594721555709839
3.1964850425720215,2.948847532272339,3.5929791927337646
3.1964850425720215,2.948847532272339,3.5929791927337646
3.196584939956665,2.948498010635376,3.5920941829681396
3.196584939956665,2.948498010635376,3.5920941829681396
3.19651198387146,2.9482386112213135,3.592057228088379
3.1969118118286133,2.948270082473755,3.592099905014038
3.1969118118286133,2.948270082473755,3.592099905014038
3.1974761486053467,2.947744369506836,3.592778205871582
3.1974761486053467,2.947744369506836,3.592778205871582
3.197614908218384,2.947768449783325,3.5923824310302734
3.1978442668914795,2.9473090171813965,3.5920088291168213
3.1978442668914795,2.9473090171813965,3.5920088291168213
3.19905161857605,2.946969509124756,3.5907905101776123
3.19905161857605,2.946969509124756,3.5907905101776123
3.1984899044036865,2.947117805480957,3.5906949043273926
3.1987318992614746,2.9471282958984375,3.590308904647827
3.1987318992614746,2.9471282958984375,3.590308904647827
3.1990108489990234,2.946614980697632,3.590557336807251
3.1990108489990234,2.946614980697632,3.590557336807251
3.1995973587036133,2.9463086128234863,3.5907540321350098
3.2000033855438232,2.945925235748291,3.590719699859619
3.2000033855438232,2.945925235748291,3.590719699859619
3.199906587600708,2.945786952972412,3.589794397354126
3.199906587600708,2.945786952972412,3.589794397354126
3.1998090744018555,2.945831775665283,3.5885472297668457
3.1998987197875977,2.9455771446228027,3.587735176086426
3.1998987197875977,2.9455771446228027,3.587735176086426
3.2004246711730957,2.9452874660491943,3.5872600078582764
3.2004246711730957,2.9452874660491943,3.5872600078582764
3.200939416885376,2.944875717163086,3.587348699569702
3.2013778686523438,2.9445788860321045,3.5869107246398926
3.2013778686523438,2.9445788860321045,3.5869107246398926
3.201007604598999,2.9443533420562744,3.586221694946289
3.201007604598999,2.9443533420562744,3.586221694946289
3.200889825820923,2.9437990188598633,3.5854251384735107
3.2013227939605713,2.9434242248535156,3.5843183994293213
3.2013227939605713,2.9434242248535156,3.5843183994293213
3.2019615173339844,2.9426589012145996,3.5837647914886475
3.2019615173339844,2.9426589012145996,3.5837647914886475
3.201805591583252,2.9423320293426514,3.583331823348999
3.2015163898468018,2.9418344497680664,3.582793951034546
3.2015163898468018,2.9418344497680664,3.582793951034546
3.2010254859924316,2.9418187141418457,3.5821194648742676
3.2007369995117188,2.9416658878326416,3.58117413520813
3.2007369995117188,2.9416658878326416,3.58117413520813
3.199911117553711,2.9421987533569336,3.5792133808135986
3.1997008323669434,2.9422383308410645,3.5772721767425537
3.1997008323669434,2.9422383308410645,3.5772721767425537
3.200411081314087,2.9416606426239014,3.5759129524230957
3.200411081314087,2.9416606426239014,3.5759129524230957
3.2000248432159424,2.9425880908966064,3.5752131938934326
3.2000505924224854,2.943244695663452,3.574359178543091
3.2000505924224854,2.943244695663452,3.574359178543091
3.200775623321533,2.9429616928100586,3.5739223957061768
3.200775623321533,2.9429616928100586,3.5739223957061768
3.200984239578247,2.9428961277008057,3.5737955570220947
3.2002439498901367,2.9434518814086914,3.5736000537872314
3.2002439498901367,2.9434518814086914,3.5736000537872314
3.199713945388794,2.943676471710205,3.5729875564575195
3.199713945388794,2.943676471710205,3.5729875564575195
3.1989331245422363,2.9441840648651123,3.5701351165771484
3.200273275375366,2.943605661392212,3.567443609237671
3.200273275375366,2.943605661392212,3.567443609237671
3.2002525329589844,2.9434642791748047,3.565295696258545
3.2002525329589844,2.9434642791748047,3.565295696258545
3.199756383895874,2.9433650970458984,3.564054250717163
3.1999917030334473,2.943146228790283,3.562976121902466
3.1999917030334473,2.943146228790283,3.562976121902466
3.2002787590026855,2.9425048828125,3.562227964401245
3.2002787590026855,2.9425048828125,3.562227964401245
3.20003604888916,2.942288398742676,3.5616776943206787
3.1998021602630615,2.942584991455078,3.560791254043579
3.1998021602630615,2.942584991455078,3.560791254043579
3.19980525970459,2.9422779083251953,3.5603158473968506
3.201002359390259,2.941875696182251,3.5593273639678955
3.201002359390259,2.941875696182251,3.5593273639678955
3.201775550842285,2.9415714740753174,3.558063268661499
3.201775550842285,2.9415714740753174,3.558063268661499
3.202300786972046,2.9416301250457764,3.5580809116363525
3.2020835876464844,2.9418439865112305,3.557983160018921
3.2016170024871826,2.9422783851623535,3.5575878620147705
3.2016170024871826,2.9422783851623535,3.5575878620147705
3.202873945236206,2.9415721893310547,3.5566582679748535
3.202873945236206,2.9415721893310547,3.5566582679748535
3.2034969329833984,2.940945863723755,3.5554614067077637
3.2022457122802734,2.941805839538574,3.554173707962036
3.2022457122802734,2.941805839538574,3.554173707962036
3.202408790588379,2.9417529106140137,3.5529589653015137
3.202408790588379,2.9417529106140137,3.5529589653015137
3.2034013271331787,2.9411165714263916,3.5515949726104736
3.2033753395080566,2.940829038619995,3.550762176513672
3.2033753395080566,2.940829038619995,3.550762176513672
3.202176570892334,2.941615343093872,3.549656391143799
3.202176570892334,2.941615343093872,3.549656391143799
3.2027065753936768,2.9416239261627197,3.548464775085449
3.2037267684936523,2.9412968158721924,3.547208309173584
3.2037267684936523,2.9412968158721924,3.547208309173584
3.2035186290740967,2.941237449645996,3.5466148853302
3.2035186290740967,2.941237449645996,3.5466148853302
3.202934503555298,2.9416775703430176,3.5463008880615234
3.2039992809295654,2.9411847591400146,3.5459606647491455
3.2039992809295654,2.9411847591400146,3.5459606647491455
3.2040276527404785,2.94120192527771,3.545469284057617
3.2040276527404785,2.94120192527771,3.545469284057617
3.2043070793151855,2.940690279006958,3.5449371337890625
3.2046079635620117,2.940629720687866,3.543996810913086
3.2046079635620117,2.940629720687866,3.543996810913086
3.2048933506011963,2.940394878387451,3.5429978370666504
3.2048933506011963,2.940394878387451,3.5429978370666504
3.204892635345459,2.9405033588409424,3.541652202606201
3.205026626586914,2.940290689468384,3.5408308506011963
3.205026626586914,2.940290689468384,3.5408308506011963
3.2050843238830566,2.9402379989624023,3.540086030960083
3.2050843238830566,2.9402379989624023,3.540086030960083
3.204763174057007,2.940706491470337,3.539339780807495
3.204798460006714,2.940791130065918,3.5396149158477783
3.204798460006714,2.940791130065918,3.5396149158477783
3.2048065662384033,2.940929412841797,3.5393476486206055
3.2048065662384033,2.940929412841797,3.5393476486206055
3.2046549320220947,2.940931558609009,3.5385172367095947
3.2035598754882812,2.94163179397583,3.5366270542144775
3.2035598754882812,2.94163179397583,3.5366270542144775
3.204209804534912,2.9413843154907227,3.534712076187134
3.204209804534912,2.9413843154907227,3.534712076187134
3.203139305114746,2.9411516189575195,3.5342750549316406
3.202841281890869,2.941340684890747,3.5330967903137207
3.202841281890869,2.941340684890747,3.5330967903137207
3.2028517723083496,2.941147565841675,3.531808614730835
3.2028517723083496,2.941147565841675,3.531808614730835
3.20276141166687,2.941047430038452,3.5300116539001465
3.2036266326904297,2.940314531326294,3.527737617492676
3.2036266326904297,2.940314531326294,3.527737617492676
3.204429864883423,2.9398186206817627,3.5260109901428223
3.204429864883423,2.9398186206817627,3.5260109901428223
3.2041995525360107,2.9395012855529785,3.525520086288452
3.204028606414795,2.939762830734253,3.524810552597046
3.204028606414795,2.939762830734253,3.524810552597046
3.20285964012146,2.940749168395996,3.5225300788879395
3.20285964012146,2.940749168395996,3.5225300788879395
3.202627420425415,2.9413740634918213,3.5215728282928467
3.2035892009735107,2.9415411949157715,3.521757125854492
3.2035892009735107,2.9415411949157715,3.521757125854492
3.204026460647583,2.941250801086426,3.5228946208953857
3.204026460647583,2.941250801086426,3.5228946208953857
3.2039928436279297,2.9412474632263184,3.523440361022949
3.2043066024780273,2.9408254623413086,3.5225188732147217
3.2043066024780273,2.9408254623413086,3.5225188732147217
3.204817295074463,2.940563678741455,3.5205090045928955
3.2045962810516357,2.94026517868042,3.518514633178711
3.2045962810516357,2.94026517868042,3.518514633178711
3.203401565551758,2.9404709339141846,3.5175957679748535
3.203401565551758,2.9404709339141846,3.5175957679748535
3.2030866146087646,2.9404008388519287,3.516299247741699
3.203108787536621,2.9402213096618652,3.515183448791504
3.203108787536621,2.9402213096618652,3.515183448791504
3.203092575073242,2.939974784851074,3.514326572418213
3.203092575073242,2.939974784851074,3.514326572418213
3.2027976512908936,2.94000506401062,3.5130486488342285
3.202876091003418,2.939779281616211,3.5113110542297363
3.202876091003418,2.939779281616211,3.5113110542297363
3.2032012939453125,2.93937611579895,3.5095949172973633
3.2032012939453125,2.93937611579895,3.5095949172973633
3.203022003173828,2.939150333404541,3.5081355571746826
3.2030234336853027,2.9393575191497803,3.506974220275879
3.2030234336853027,2.9393575191497803,3.506974220275879
3.2031197547912598,2.9392900466918945,3.5063247680664062
3.2031197547912598,2.9392900466918945,3.5063247680664062
3.203491449356079,2.9393601417541504,3.504621744155884
3.2035892009735107,2.9393622875213623,3.502594232559204
3.2036936283111572,2.9399521350860596,3.501134157180786
3.2036936283111572,2.9399521350860596,3.501134157180786
3.203500986099243,2.9402108192443848,3.5000009536743164
3.2033302783966064,2.9407010078430176,3.4988515377044678
3.2033302783966064,2.9407010078430176,3.4988515377044678
3.2037405967712402,2.940964460372925,3.4978461265563965
3.2037405967712402,2.940964460372925,3.4978461265563965
3.2033896446228027,2.940531015396118,3.497030735015869
3.2033896446228027,2.940531015396118,3.497030735015869
3.2031052112579346,2.9407174587249756,3.4957001209259033
3.203249931335449,2.9405453205108643,3.4943459033966064
3.203249931335449,2.9405453205108643,3.4943459033966064
3.2034964561462402,2.940403938293457,3.493359088897705
3.2035093307495117,2.9403882026672363,3.4927430152893066
3.2035093307495117,2.9403882026672363,3.4927430152893066
3.2035863399505615,2.9402735233306885,3.4924256801605225
3.2032227516174316,2.939964532852173,3.4928159713745117
3.2032227516174316,2.939964532852173,3.4928159713745117
3.2033469676971436,2.939998149871826,3.492638111114502
3.2033469676971436,2.939998149871826,3.492638111114502
3.2037394046783447,2.939749002456665,3.491650104522705
3.2037858963012695,2.9396843910217285,3.4904141426086426
3.2037858963012695,2.9396843910217285,3.4904141426086426
3.2032952308654785,2.9400436878204346,3.489387273788452
3.2032952308654785,2.9400436878204346,3.489387273788452
3.2031397819519043,2.9401984214782715,3.4887263774871826
3.2033586502075195,2.939943790435791,3.4879393577575684
3.2033586502075195,2.939943790435791,3.4879393577575684
3.2049407958984375,2.939544439315796,3.4851253032684326
3.2047722339630127,2.9391536712646484,3.4840924739837646
3.2047722339630127,2.9391536712646484,3.4840924739837646
3.2044999599456787,2.9398581981658936,3.481813430786133
3.2044999599456787,2.9398581981658936,3.481813430786133
3.203911542892456,2.939985752105713,3.47941255569458
3.203761100769043,2.9400112628936768,3.477874517440796
3.203761100769043,2.9400112628936768,3.477874517440796
3.203889846801758,2.9396815299987793,3.477912187576294
3.2038817405700684,2.9394867420196533,3.4785280227661133
3.2038817405700684,2.9394867420196533,3.4785280227661133
3.2039239406585693,2.9399256706237793,3.4783406257629395
3.2042136192321777,2.9394943714141846,3.478586196899414
3.2042136192321777,2.9394943714141846,3.478586196899414
3.204160690307617,2.939943790435791,3.4769349098205566
3.2037079334259033,2.94042706489563,3.474949598312378
3.2037079334259033,2.94042706489563,3.474949598312378
3.203712224960327,2.9406893253326416,3.4738528728485107
3.2042016983032227,2.940877676010132,3.4728803634643555
3.2042016983032227,2.940877676010132,3.4728803634643555
3.2052152156829834,2.9405062198638916,3.472419023513794
3.2052152156829834,2.9405062198638916,3.472419023513794
3.205801248550415,2.940445899963379,3.4713292121887207
3.2065963745117188,2.9398629665374756,3.4700167179107666
3.2065963745117188,2.9398629665374756,3.4700167179107666
3.207087755203247,2.9394702911376953,3.4683797359466553
3.207087755203247,2.9394702911376953,3.4683797359466553
3.2073137760162354,2.9392287731170654,3.4667770862579346
3.2066454887390137,2.9386980533599854,3.4657368659973145
3.2066454887390137,2.9386980533599854,3.4657368659973145
3.2068562507629395,2.938260316848755,3.4639852046966553
3.2068562507629395,2.938260316848755,3.4639852046966553
3.207488775253296,2.93808913230896,3.46205997467041
3.2075512409210205,2.93813419342041,3.4608771800994873
3.2075512409210205,2.93813419342041,3.4608771800994873
3.2074666023254395,2.9384310245513916,3.460216522216797
3.2074666023254395,2.9384310245513916,3.460216522216797
3.2076263427734375,2.9381823539733887,3.4599432945251465
3.207637310028076,2.9376003742218018,3.4588124752044678
3.207637310028076,2.9376003742218018,3.4588124752044678
3.2071893215179443,2.9373347759246826,3.4572982788085938
3.2071893215179443,2.9373347759246826,3.4572982788085938
3.2065651416778564,2.9377799034118652,3.4558002948760986
3.2073376178741455,2.9375267028808594,3.4546959400177
3.2073376178741455,2.9375267028808594,3.4546959400177
3.2089552879333496,2.9366540908813477,3.453782081604004
3.2089552879333496,2.9366540908813477,3.453782081604004
3.2081797122955322,2.9367077350616455,3.453486442565918
3.2081797122955322,2.9367077350616455,3.453486442565918
3.208026170730591,2.937053680419922,3.4524829387664795
3.207454204559326,2.9369609355926514,3.451223850250244
3.207454204559326,2.9369609355926514,3.451223850250244
3.2079243659973145,2.936812400817871,3.44940447807312
3.2079243659973145,2.936812400817871,3.44940447807312
3.2084476947784424,2.936737060546875,3.4484360218048096
3.2081410884857178,2.936750650405884,3.4479763507843018
3.2081410884857178,2.936750650405884,3.4479763507843018
3.207929849624634,2.9367692470550537,3.447021722793579
3.2082715034484863,2.9364750385284424,3.444890022277832
3.2082715034484863,2.9364750385284424,3.444890022277832
3.208503484725952,2.9357235431671143,3.4436886310577393
3.208503484725952,2.9357235431671143,3.4436886310577393
3.208035945892334,2.9359610080718994,3.4424755573272705
3.2075116634368896,2.9363226890563965,3.4417343139648438
3.2075116634368896,2.9363226890563965,3.4417343139648438
3.2079532146453857,2.9365763664245605,3.440044641494751
3.2079532146453857,2.9365763664245605,3.440044641494751
3.2081050872802734,2.936659097671509,3.4385712146759033
3.2081050872802734,2.936659097671509,3.4385712146759033
3.2079432010650635,2.937067747116089,3.4378743171691895
3.2083709239959717,2.937225580215454,3.43717098236084
3.2083709239959717,2.937225580215454,3.43717098236084
3.2092089653015137,2.9369051456451416,3.4364700317382812
3.209597110748291,2.9367339611053467,3.4355955123901367
3.209597110748291,2.9367339611053467,3.4355955123901367
3.2085280418395996,2.936403274536133,3.435009479522705
3.2085280418395996,2.936403274536133,3.435009479522705
3.207810163497925,2.937063455581665,3.432288646697998
3.207378625869751,2.9373574256896973,3.4290266036987305
3.207378625869751,2.9373574256896973,3.4290266036987305
3.2066357135772705,2.937307834625244,3.4271039962768555
3.2066357135772705,2.937307834625244,3.4271039962768555
3.2059056758880615,2.937629222869873,3.4259536266326904
3.2055141925811768,2.9376940727233887,3.424206495285034
3.2055141925811768,2.9376940727233887,3.424206495285034
3.205815553665161,2.9367716312408447,3.422621965408325
3.205815553665161,2.9367716312408447,3.422621965408325
3.2048113346099854,2.936887741088867,3.42043399810791
3.204214096069336,2.937835693359375,3.418656349182129
3.204214096069336,2.937835693359375,3.418656349182129
3.2041335105895996,2.938136577606201,3.4179418087005615
3.2041335105895996,2.938136577606201,3.4179418087005615
3.204209804534912,2.938732147216797,3.4171996116638184
3.2044005393981934,2.938847780227661,3.416121482849121
3.2044005393981934,2.938847780227661,3.416121482849121
3.203974485397339,2.9386918544769287,3.414464235305786
3.203974485397339,2.9386918544769287,3.414464235305786
3.2032277584075928,2.9394261837005615,3.412214994430542
3.2033441066741943,2.939216375350952,3.411414623260498
3.2033441066741943,2.939216375350952,3.411414623260498
3.2038276195526123,2.9388933181762695,3.410921812057495
3.2038276195526123,2.9388933181762695,3.410921812057495
3.2047860622406006,2.938683032989502,3.409925699234009
3.2056682109832764,2.938272476196289,3.408613920211792
3.2056682109832764,2.938272476196289,3.408613920211792
3.205993413925171,2.9379796981811523,3.406691312789917
3.205993413925171,2.9379796981811523,3.406691312789917
3.205226182937622,2.9382476806640625,3.403235912322998
3.2055399417877197,2.93786883354187,3.4005563259124756
3.2055399417877197,2.93786883354187,3.4005563259124756
3.2051680088043213,2.9378349781036377,3.3986923694610596
3.2051680088043213,2.9378349781036377,3.3986923694610596
3.2049005031585693,2.9378254413604736,3.397068977355957
3.204821825027466,2.938093900680542,3.39534592628479
3.204821825027466,2.938093900680542,3.39534592628479
3.205235004425049,2.937863349914551,3.3940722942352295
3.205235004425049,2.937863349914551,3.3940722942352295
3.2049810886383057,2.9385387897491455,3.392627000808716
3.204923629760742,2.938422203063965,3.3920977115631104
3.204923629760742,2.938422203063965,3.3920977115631104
3.2048966884613037,2.9385721683502197,3.390909194946289
3.2048966884613037,2.9385721683502197,3.390909194946289
3.205453872680664,2.9384348392486572,3.389928102493286
3.204885721206665,2.9388904571533203,3.3894283771514893
3.204885721206665,2.9388904571533203,3.3894283771514893
3.2047410011291504,2.9390223026275635,3.3891637325286865
3.2047410011291504,2.9390223026275635,3.3891637325286865
3.2054190635681152,2.9387505054473877,3.3885626792907715
3.205386161804199,2.9389679431915283,3.387633800506592
3.205386161804199,2.9389679431915283,3.387633800506592
3.2045671939849854,2.939500570297241,3.386065721511841
3.2045671939849854,2.939500570297241,3.386065721511841
3.2042429447174072,2.9397594928741455,3.384389877319336
3.204846143722534,2.9394924640655518,3.382385730743408
3.204846143722534,2.9394924640655518,3.382385730743408
3.2041397094726562,2.9396743774414062,3.3807737827301025
3.2041397094726562,2.9396743774414062,3.3807737827301025
3.204115390777588,2.9401323795318604,3.3794949054718018
3.2043633460998535,2.940253496170044,3.378351926803589
3.2043633460998535,2.940253496170044,3.378351926803589
3.2049436569213867,2.940237045288086,3.377915859222412
3.2049436569213867,2.940237045288086,3.377915859222412
3.204907178878784,2.94046688079834,3.3767762184143066
3.204631805419922,2.9405481815338135,3.3759567737579346
3.2042038440704346,2.9407835006713867,3.374326229095459
3.2042038440704346,2.9407835006713867,3.374326229095459
3.204631805419922,2.9409234523773193,3.372980833053589
3.204631805419922,2.9409234523773193,3.372980833053589
3.2047972679138184,2.941127300262451,3.3718020915985107
3.204650402069092,2.9410483837127686,3.3715217113494873
3.204650402069092,2.9410483837127686,3.3715217113494873
3.2048399448394775,2.9411449432373047,3.3708596229553223
3.2048399448394775,2.9411449432373047,3.3708596229553223
3.204754590988159,2.9410715103149414,3.3693313598632812
3.2044734954833984,2.941040277481079,3.3679234981536865
3.2044734954833984,2.941040277481079,3.3679234981536865
3.203756332397461,2.941499948501587,3.3665289878845215
3.203756332397461,2.941499948501587,3.3665289878845215
3.2034246921539307,2.941420078277588,3.3651249408721924
3.203205108642578,2.941338300704956,3.363553524017334
3.203205108642578,2.941338300704956,3.363553524017334
3.2023861408233643,2.942098617553711,3.3620359897613525
3.2023861408233643,2.942098617553711,3.3620359897613525
3.202719211578369,2.9423515796661377,3.360936164855957
3.2024648189544678,2.9423069953918457,3.360311269760132
3.201805591583252,2.9425368309020996,3.3593497276306152
3.201805591583252,2.9425368309020996,3.3593497276306152
3.2009055614471436,2.9427247047424316,3.3581454753875732
3.2001585960388184,2.943249464035034,3.356048345565796
3.2001585960388184,2.943249464035034,3.356048345565796
3.1997804641723633,2.94315767288208,3.3552603721618652
3.198881149291992,2.942962169647217,3.355560064315796
3.198881149291992,2.942962169647217,3.355560064315796
3.1983137130737305,2.943369150161743,3.3550262451171875
3.1982226371765137,2.9432082176208496,3.354461669921875
3.1982226371765137,2.9432082176208496,3.354461669921875
3.197681188583374,2.943452835083008,3.3534059524536133
3.1973788738250732,2.9435558319091797,3.35288143157959
3.1973788738250732,2.9435558319091797,3.35288143157959
3.1973729133605957,2.94376802444458,3.3523457050323486
3.1973729133605957,2.94376802444458,3.3523457050323486
3.1973536014556885,2.9435484409332275,3.3520565032958984
3.197150707244873,2.943124294281006,3.3518571853637695
3.197150707244873,2.943124294281006,3.3518571853637695
3.1958835124969482,2.9436376094818115,3.350858211517334
3.1958835124969482,2.9436376094818115,3.350858211517334
3.1957032680511475,2.9440364837646484,3.349214553833008
3.19612717628479,2.9439735412597656,3.3480637073516846
3.19612717628479,2.9439735412597656,3.3480637073516846
3.196104049682617,2.9441819190979004,3.346684455871582
3.1967480182647705,2.944101095199585,3.345374822616577
3.1967480182647705,2.944101095199585,3.345374822616577
3.1972973346710205,2.943833827972412,3.3439576625823975
3.1977903842926025,2.9439823627471924,3.342172622680664
3.1977903842926025,2.9439823627471924,3.342172622680664
3.1983704566955566,2.9439542293548584,3.340261459350586
3.1983704566955566,2.9439542293548584,3.340261459350586
3.198878526687622,2.943690299987793,3.338815927505493
3.1988279819488525,2.9437592029571533,3.3377954959869385
3.1988279819488525,2.9437592029571533,3.3377954959869385
3.201505422592163,2.9428110122680664,3.335075616836548
3.201505422592163,2.9428110122680664,3.335075616836548
3.2025601863861084,2.9416065216064453,3.3338534832000732
3.2016077041625977,2.9417519569396973,3.3314507007598877
3.2016077041625977,2.9417519569396973,3.3314507007598877
3.201941728591919,2.941739797592163,3.3300421237945557
3.201941728591919,2.941739797592163,3.3300421237945557
3.201057195663452,2.942807674407959,3.3290131092071533
3.2017319202423096,2.9426238536834717,3.328657627105713
3.2017319202423096,2.9426238536834717,3.328657627105713
3.2039928436279297,2.94195556640625,3.327608585357666
3.2039928436279297,2.94195556640625,3.327608585357666
3.2056005001068115,2.94128155708313,3.3262603282928467
3.206010341644287,2.9410650730133057,3.3252415657043457
3.206010341644287,2.9410650730133057,3.3252415657043457
3.206019401550293,2.9415853023529053,3.322878122329712
3.2071614265441895,2.941401958465576,3.320854663848877
3.2071614265441895,2.941401958465576,3.320854663848877
3.2078635692596436,2.9411375522613525,3.3190224170684814
3.2078635692596436,2.9411375522613525,3.3190224170684814
3.2080891132354736,2.9411203861236572,3.318378448486328
3.208256483078003,2.9415013790130615,3.317492723464966
3.208256483078003,2.9415013790130615,3.317492723464966
3.2084810733795166,2.941481828689575,3.3160452842712402
3.2084810733795166,2.941481828689575,3.3160452842712402
3.2088334560394287,2.9411909580230713,3.314128875732422
3.207916021347046,2.941728353500366,3.312603712081909
3.207916021347046,2.941728353500366,3.312603712081909
3.208329439163208,2.9420695304870605,3.3106181621551514
3.2086455821990967,2.9419631958007812,3.309126138687134
3.2086455821990967,2.9419631958007812,3.309126138687134
3.2091927528381348,2.94172739982605,3.3077468872070312
3.2083382606506348,2.9424386024475098,3.3065686225891113
3.2083382606506348,2.9424386024475098,3.3065686225891113
3.207695960998535,2.9429054260253906,3.3059754371643066
3.207695960998535,2.9429054260253906,3.3059754371643066
3.2078676223754883,2.942592144012451,3.3045425415039062
3.2086243629455566,2.9428536891937256,3.303057909011841
3.2086243629455566,2.9428536891937256,3.303057909011841
3.209404468536377,2.9426379203796387,3.3020195960998535
3.209404468536377,2.9426379203796387,3.3020195960998535
3.2095837593078613,2.9428343772888184,3.3007254600524902
3.209092378616333,2.9430155754089355,3.2991645336151123
3.209092378616333,2.9430155754089355,3.2991645336151123
3.208857536315918,2.943143367767334,3.297830581665039
3.208857536315918,2.943143367767334,3.297830581665039
3.2082295417785645,2.9429900646209717,3.2968966960906982
3.2079429626464844,2.943080186843872,3.296246290206909
3.2079429626464844,2.943080186843872,3.296246290206909
3.208127021789551,2.9429373741149902,3.2953226566314697
3.208127021789551,2.9429373741149902,3.2953226566314697
3.2084662914276123,2.942800760269165,3.2936809062957764
3.2089784145355225,2.942404270172119,3.291841983795166
3.2089784145355225,2.942404270172119,3.291841983795166
3.208378314971924,2.942570209503174,3.2906296253204346
3.208378314971924,2.942570209503174,3.2906296253204346
3.208021402359009,2.943030595779419,3.2892327308654785
3.2074697017669678,2.9430739879608154,3.2894344329833984
3.2074697017669678,2.9430739879608154,3.2894344329833984
3.2071266174316406,2.943683385848999,3.288722276687622
3.207108497619629,2.9438371658325195,3.287639856338501
3.207108497619629,2.9438371658325195,3.287639856338501
3.2074074745178223,2.9437320232391357,3.2865967750549316
3.2074074745178223,2.9437320232391357,3.2865967750549316
3.2068631649017334,2.9440712928771973,3.285737991333008
3.2068631649017334,2.9440712928771973,3.285737991333008
3.20715069770813,2.944152355194092,3.28507661819458
3.2078568935394287,2.943711280822754,3.2842910289764404
3.2078568935394287,2.943711280822754,3.2842910289764404
3.208038330078125,2.9434821605682373,3.2833993434906006
3.208038330078125,2.9434821605682373,3.2833993434906006
3.2070069313049316,2.944209337234497,3.2826483249664307
3.2067575454711914,2.944542646408081,3.2819900512695312
3.2067575454711914,2.944542646408081,3.2819900512695312
3.2074801921844482,2.944308042526245,3.2812564373016357
3.2076354026794434,2.944044351577759,3.280728578567505
3.207735061645508,2.944175958633423,3.2795045375823975
3.207735061645508,2.944175958633423,3.2795045375823975
3.2081093788146973,2.943941116333008,3.2784948348999023
3.2081797122955322,2.943530559539795,3.277890205383301
3.2081797122955322,2.943530559539795,3.277890205383301
3.2074058055877686,2.9439570903778076,3.2766196727752686
3.207491874694824,2.944002389907837,3.2753031253814697
3.207491874694824,2.944002389907837,3.2753031253814697
3.2080836296081543,2.9438068866729736,3.274515390396118
3.20865535736084,2.94390606880188,3.2735249996185303
3.2085049152374268,2.944283962249756,3.272480010986328
3.2085049152374268,2.944283962249756,3.272480010986328
3.208510160446167,2.9444501399993896,3.2705821990966797
3.2082712650299072,2.944502830505371,3.268768787384033
3.2082712650299072,2.944502830505371,3.268768787384033
3.2079684734344482,2.944514513015747,3.2668752670288086
3.2073261737823486,2.945587158203125,3.2649927139282227
3.2073261737823486,2.945587158203125,3.2649927139282227
3.207789182662964,2.9455554485321045,3.2644054889678955
3.207789182662964,2.9455554485321045,3.2644054889678955
3.2084667682647705,2.9458281993865967,3.263671636581421
3.2089898586273193,2.9452638626098633,3.263538360595703
3.2089898586273193,2.9452638626098633,3.263538360595703
3.209221363067627,2.9453561305999756,3.2621607780456543
3.209221363067627,2.9453561305999756,3.2621607780456543
3.209829092025757,2.945004463195801,3.2608518600463867
3.2100210189819336,2.944758892059326,3.2598209381103516
3.2100210189819336,2.944758892059326,3.2598209381103516
3.2104172706604004,2.943844795227051,3.2593119144439697
3.2104172706604004,2.943844795227051,3.2593119144439697
3.211271286010742,2.9434597492218018,3.257913112640381
3.2113139629364014,2.943246364593506,3.25667667388916
3.2113139629364014,2.943246364593506,3.25667667388916
3.211071014404297,2.9434380531311035,3.2554917335510254
3.210815668106079,2.944228172302246,3.2538251876831055
3.210815668106079,2.944228172302246,3.2538251876831055
3.2118067741394043,2.943986654281616,3.252042055130005
3.212339401245117,2.944213628768921,3.250363826751709
3.212339401245117,2.944213628768921,3.250363826751709
3.212759256362915,2.944779396057129,3.2488677501678467
3.212650775909424,2.9451029300689697,3.2475643157958984
3.212650775909424,2.9451029300689697,3.2475643157958984
3.212348461151123,2.946045160293579,3.2459659576416016
3.2123193740844727,2.9466989040374756,3.2439944744110107
3.2123193740844727,2.9466989040374756,3.2439944744110107
3.211961507797241,2.9472482204437256,3.241588592529297
3.211961507797241,2.9472482204437256,3.241588592529297
3.2118749618530273,2.9475882053375244,3.2398223876953125
3.2106435298919678,2.947909116744995,3.2389726638793945
3.2106435298919678,2.947909116744995,3.2389726638793945
3.209874153137207,2.9481961727142334,3.2376081943511963
3.209874153137207,2.9481961727142334,3.2376081943511963
3.209639549255371,2.9480161666870117,3.235826253890991
3.2090468406677246,2.9481606483459473,3.234182596206665
3.2090468406677246,2.9481606483459473,3.234182596206665
3.2078778743743896,2.9489002227783203,3.233452320098877
3.2078778743743896,2.9489002227783203,3.233452320098877
3.2066476345062256,2.9494588375091553,3.2326512336730957
3.2068681716918945,2.949519634246826,3.2314414978027344
3.2068681716918945,2.949519634246826,3.2314414978027344
3.2061896324157715,2.9497761726379395,3.2307169437408447
3.205289125442505,2.950089931488037,3.230132579803467
3.205289125442505,2.950089931488037,3.230132579803467
3.2047231197357178,2.950517177581787,3.22885799407959
3.2047231197357178,2.950517177581787,3.22885799407959
3.204653263092041,2.9504783153533936,3.22743558883667
3.2041659355163574,2.951324224472046,3.2255859375
3.2041659355163574,2.951324224472046,3.2255859375
3.203948974609375,2.9512007236480713,3.224944829940796
3.2031471729278564,2.9513885974884033,3.2245571613311768
3.2031471729278564,2.9513885974884033,3.2245571613311768
3.2038488388061523,2.951176881790161,3.223461389541626
3.2038488388061523,2.951176881790161,3.223461389541626
3.2042768001556396,2.950780153274536,3.2222583293914795
3.2042768001556396,2.950780153274536,3.2222583293914795
3.203873634338379,2.950697660446167,3.2219748497009277
3.2038748264312744,2.950679063796997,3.221768617630005
3.2038748264312744,2.950679063796997,3.221768617630005
3.2045395374298096,2.950368881225586,3.2209317684173584
3.2045395374298096,2.950368881225586,3.2209317684173584
3.205127239227295,2.9498958587646484,3.219989538192749
3.2048869132995605,2.949983596801758,3.218912363052368
3.2048869132995605,2.949983596801758,3.218912363052368
3.2050633430480957,2.9499831199645996,3.2172698974609375
3.2050633430480957,2.9499831199645996,3.2172698974609375
3.2055788040161133,2.949511766433716,3.2159457206726074
3.207028388977051,2.948550224304199,3.2142598628997803
3.207028388977051,2.948550224304199,3.2142598628997803
3.2083382606506348,2.947967767715454,3.2126359939575195
3.2083382606506348,2.947967767715454,3.2126359939575195
3.209054470062256,2.947509765625,3.2115118503570557
3.2086498737335205,2.9478633403778076,3.210906505584717
3.2086498737335205,2.9478633403778076,3.210906505584717
3.209777355194092,2.94816255569458,3.2106821537017822
3.209777355194092,2.94816255569458,3.2106821537017822
3.2111454010009766,2.947697639465332,3.209951877593994
3.2120275497436523,2.947169065475464,3.209425449371338
3.2120275497436523,2.947169065475464,3.209425449371338
3.2124130725860596,2.947322368621826,3.2084927558898926
3.212905168533325,2.9471304416656494,3.2082595825195312
3.212905168533325,2.9471304416656494,3.2082595825195312
3.2135934829711914,2.9468488693237305,3.2083048820495605
3.21427845954895,2.946986675262451,3.2084543704986572
3.21427845954895,2.946986675262451,3.2084543704986572
3.2147834300994873,2.9467484951019287,3.2085018157958984
3.2155308723449707,2.9466445446014404,3.208324909210205
3.2155308723449707,2.9466445446014404,3.208324909210205
3.2170772552490234,2.946180582046509,3.2081124782562256
3.2178151607513428,2.945844888687134,3.207277774810791
3.2178151607513428,2.945844888687134,3.207277774810791
3.218332052230835,2.9458565711975098,3.206317901611328
3.218721389770508,2.945655584335327,3.206162452697754
3.218721389770508,2.945655584335327,3.206162452697754
3.219405174255371,2.9451277256011963,3.2056665420532227
3.219405174255371,2.9451277256011963,3.2056665420532227
3.2193996906280518,2.945234775543213,3.204439878463745
3.2191035747528076,2.945713996887207,3.2021658420562744
3.2191035747528076,2.945713996887207,3.2021658420562744
3.218987226486206,2.9461801052093506,3.1997509002685547
3.218756914138794,2.946539878845215,3.1977810859680176
3.2191405296325684,2.946350574493408,3.196704387664795
3.2191405296325684,2.946350574493408,3.196704387664795
3.21875,2.9462270736694336,3.196263074874878
3.21875,2.9462270736694336,3.196263074874878
3.2179882526397705,2.946798801422119,3.195193290710449
3.2170917987823486,2.947674512863159,3.193979501724243
3.2170917987823486,2.947674512863159,3.193979501724243
3.2170732021331787,2.9475579261779785,3.1930761337280273
3.2170732021331787,2.9475579261779785,3.1930761337280273
3.2159390449523926,2.947808027267456,3.191990613937378
3.2149906158447266,2.9486875534057617,3.190886974334717
3.2149906158447266,2.9486875534057617,3.190886974334717
3.2141129970550537,2.948564052581787,3.190650224685669
3.2141129970550537,2.948564052581787,3.190650224685669
3.2138562202453613,2.9488685131073,3.1897342205047607
3.214470148086548,2.9488279819488525,3.1890389919281006
3.214470148086548,2.9488279819488525,3.1890389919281006
3.213472843170166,2.948460578918457,3.1889054775238037
3.2130067348480225,2.9489686489105225,3.1881446838378906
3.2130067348480225,2.9489686489105225,3.1881446838378906
3.212554931640625,2.9492640495300293,3.1867330074310303
3.2132585048675537,2.9490747451782227,3.1848838329315186
3.2132585048675537,2.9490747451782227,3.1848838329315186
3.21427059173584,2.9479377269744873,3.183828592300415
3.2143428325653076,2.94827938079834,3.18300461769104
3.2143428325653076,2.94827938079834,3.18300461769104
3.2139787673950195,2.948945999145508,3.1824660301208496
3.2139010429382324,2.949132204055786,3.1822636127471924
3.2139010429382324,2.949132204055786,3.1822636127471924
3.2145721912384033,2.9486727714538574,3.1818149089813232
3.2156736850738525,2.9488325119018555,3.1807897090911865
3.2156736850738525,2.9488325119018555,3.1807897090911865
3.2156877517700195,2.9487133026123047,3.1806764602661133
3.2156877517700195,2.9487133026123047,3.1806764602661133
3.2155230045318604,2.9494051933288574,3.180144786834717
3.217000961303711,2.9488401412963867,3.179163694381714
3.217000961303711,2.9488401412963867,3.179163694381714
3.217318534851074,2.948659658432007,3.1786129474639893
3.217318534851074,2.948659658432007,3.1786129474639893
3.2170889377593994,2.949110507965088,3.177574872970581
3.2164902687072754,2.9490389823913574,3.176905393600464
3.2164902687072754,2.9490389823913574,3.176905393600464
3.2169148921966553,2.9484221935272217,3.1763436794281006
3.2169148921966553,2.9484221935272217,3.1763436794281006
3.2166409492492676,2.9483659267425537,3.17547345161438
3.2157602310180664,2.9491305351257324,3.174194574356079
3.2157602310180664,2.9491305351257324,3.174194574356079
3.216400623321533,2.9492619037628174,3.1728858947753906
3.216400623321533,2.9492619037628174,3.1728858947753906
3.216912031173706,2.948819398880005,3.1717255115509033
3.2167487144470215,2.9488139152526855,3.170048713684082
3.2167487144470215,2.9488139152526855,3.170048713684082
3.21705961227417,2.9488792419433594,3.1688287258148193
3.21705961227417,2.9488792419433594,3.1688287258148193
3.2175018787384033,2.9479563236236572,3.168485641479492
3.217904567718506,2.948072671890259,3.167221784591675
3.217904567718506,2.948072671890259,3.167221784591675
3.218351125717163,2.947990655899048,3.166130542755127
3.218351125717163,2.947990655899048,3.166130542755127
3.219175338745117,2.9479825496673584,3.1647489070892334
3.220008134841919,2.948259115219116,3.1632392406463623
3.220008134841919,2.948259115219116,3.1632392406463623
3.2204813957214355,2.9484477043151855,3.161750555038452
3.2204813957214355,2.9484477043151855,3.161750555038452
3.222846508026123,2.9473044872283936,3.159885883331299
3.2239768505096436,2.9469411373138428,3.158991813659668
3.2239768505096436,2.9469411373138428,3.158991813659668
3.2238852977752686,2.9473087787628174,3.157935619354248
3.2238852977752686,2.9473087787628174,3.157935619354248
3.2239115238189697,2.9477615356445312,3.1572635173797607
3.224290132522583,2.9476466178894043,3.157118320465088
3.224290132522583,2.9476466178894043,3.157118320465088
3.224370002746582,2.9478073120117188,3.156153440475464
3.224370002746582,2.9478073120117188,3.156153440475464
3.2243216037750244,2.948319673538208,3.154752254486084
3.2246713638305664,2.9488883018493652,3.1537673473358154
3.2246713638305664,2.9488883018493652,3.1537673473358154
3.224756956100464,2.948810338973999,3.154059886932373
3.2245473861694336,2.94887375831604,3.1544389724731445
3.2245473861694336,2.94887375831604,3.1544389724731445
3.2244069576263428,2.948945999145508,3.154174327850342
3.2252848148345947,2.9484663009643555,3.153186082839966
3.2252848148345947,2.9484663009643555,3.153186082839966
3.2246599197387695,2.949019432067871,3.151723861694336
3.2246599197387695,2.949019432067871,3.151723861694336
3.223933458328247,2.949021816253662,3.1504528522491455
3.2243549823760986,2.9492697715759277,3.1488540172576904
3.2243549823760986,2.9492697715759277,3.1488540172576904
3.2250423431396484,2.948723077774048,3.1481809616088867
3.2250423431396484,2.948723077774048,3.1481809616088867
3.2251718044281006,2.9487106800079346,3.1479475498199463
3.2252302169799805,2.948415994644165,3.1480815410614014
3.2260563373565674,2.9480369091033936,3.147812604904175
3.2260563373565674,2.9480369091033936,3.147812604904175
3.226356267929077,2.9481334686279297,3.14689040184021
3.2265894412994385,2.948007345199585,3.1459603309631348
3.2265894412994385,2.948007345199585,3.1459603309631348
3.2264161109924316,2.947943925857544,3.1441121101379395
3.226748466491699,2.9483072757720947,3.1419527530670166
3.226748466491699,2.9483072757720947,3.1419527530670166
3.2268779277801514,2.9483048915863037,3.1407651901245117
3.2268779277801514,2.9483048915863037,3.1407651901245117
3.2265453338623047,2.948258399963379,3.140709638595581
3.226672649383545,2.948533058166504,3.1402268409729004
3.226672649383545,2.948533058166504,3.1402268409729004
3.226877450942993,2.948158025741577,3.1395647525787354
3.226877450942993,2.948158025741577,3.1395647525787354
3.2263450622558594,2.948791980743408,3.1384809017181396
3.2268927097320557,2.9492347240448,3.137007236480713
3.2268927097320557,2.9492347240448,3.137007236480713
3.2272233963012695,2.9495410919189453,3.1357977390289307
3.228105306625366,2.949510335922241,3.1347498893737793
3.228105306625366,2.949510335922241,3.1347498893737793
3.227715492248535,2.949652910232544,3.134104013442993
3.227715492248535,2.949652910232544,3.134104013442993
3.2279672622680664,2.9498045444488525,3.133073568344116
3.229024887084961,2.949040651321411,3.1321310997009277
3.229024887084961,2.949040651321411,3.1321310997009277
3.2296431064605713,2.9488186836242676,3.131431818008423
3.2296431064605713,2.9488186836242676,3.131431818008423
3.2291228771209717,2.949439764022827,3.1305174827575684
3.22989821434021,2.949314832687378,3.1293389797210693
3.22989821434021,2.949314832687378,3.1293389797210693
3.230811834335327,2.9489543437957764,3.1282732486724854
3.230811834335327,2.9489543437957764,3.1282732486724854
3.229870319366455,2.949173927307129,3.1278774738311768
3.229876756668091,2.9490551948547363,3.1273553371429443
3.229876756668091,2.9490551948547363,3.1273553371429443
3.2300870418548584,2.9489870071411133,3.126284122467041
3.2300870418548584,2.9489870071411133,3.126284122467041
3.2302653789520264,2.9492053985595703,3.124894142150879
3.230088472366333,2.950014114379883,3.123471736907959
3.230088472366333,2.950014114379883,3.123471736907959
3.230177879333496,2.950359344482422,3.1222105026245117
3.230177879333496,2.950359344482422,3.1222105026245117
3.230253219604492,2.9504899978637695,3.1212875843048096
3.2302730083465576,2.9512791633605957,3.120020866394043
3.2302730083465576,2.9512791633605957,3.120020866394043
3.230419874191284,2.951231002807617,3.1188559532165527
3.230419874191284,2.951231002807617,3.1188559532165527
3.23112154006958,2.951441526412964,3.1166648864746094
3.231630563735962,2.951334238052368,3.11480975151062
3.231630563735962,2.951334238052368,3.11480975151062
3.2323012351989746,2.951549768447876,3.11348032951355
3.2323012351989746,2.951549768447876,3.11348032951355
3.233149766921997,2.9510395526885986,3.112215757369995
3.2335402965545654,2.9506618976593018,3.1113574504852295
3.234119176864624,2.9498322010040283,3.110865592956543
3.234119176864624,2.9498322010040283,3.110865592956543
3.234407901763916,2.9493961334228516,3.1103646755218506
3.234407901763916,2.9493961334228516,3.1103646755218506
3.2350685596466064,2.949492931365967,3.1086530685424805
3.235213041305542,2.949578285217285,3.107529640197754
3.235213041305542,2.949578285217285,3.107529640197754
3.235327959060669,2.9502646923065186,3.1061320304870605
3.235281229019165,2.9504127502441406,3.1057190895080566
3.235281229019165,2.9504127502441406,3.1057190895080566
3.235370635986328,2.9500906467437744,3.1060078144073486
3.235370635986328,2.9500906467437744,3.1060078144073486
3.2347679138183594,2.9503841400146484,3.1057662963867188
3.2347679138183594,2.9503841400146484,3.1057662963867188
3.234513521194458,2.9509060382843018,3.1044535636901855
3.2348992824554443,2.9511799812316895,3.102334976196289
3.2348992824554443,2.9511799812316895,3.102334976196289
3.2351512908935547,2.951738119125366,3.0998473167419434
3.2350823879241943,2.952073335647583,3.0984678268432617
3.2350823879241943,2.952073335647583,3.0984678268432617
3.235496997833252,2.952393054962158,3.0973596572875977
3.235496997833252,2.952393054962158,3.0973596572875977
3.2356972694396973,2.9525372982025146,3.095515727996826
3.2356972694396973,2.9525372982025146,3.095515727996826
3.2353246212005615,2.9532926082611084,3.0936949253082275
3.234982490539551,2.9531774520874023,3.0924370288848877
3.234982490539551,2.9531774520874023,3.0924370288848877
3.2345571517944336,2.9535717964172363,3.0909335613250732
3.2345101833343506,2.9536941051483154,3.089820146560669
3.2345101833343506,2.9536941051483154,3.089820146560669
3.234434127807617,2.9536798000335693,3.089608907699585
3.234434127807617,2.9536798000335693,3.089608907699585
3.234027862548828,2.953918695449829,3.08976674079895
3.2331793308258057,2.9544010162353516,3.0892467498779297
3.2331793308258057,2.9544010162353516,3.0892467498779297
3.2331490516662598,2.954324722290039,3.0889437198638916
3.2331490516662598,2.954324722290039,3.0889437198638916
3.2332825660705566,2.954216480255127,3.0883736610412598
3.232781171798706,2.9545297622680664,3.0877890586853027
3.232781171798706,2.9545297622680664,3.0877890586853027
3.2322654724121094,2.9548962116241455,3.0872106552124023
3.2322654724121094,2.9548962116241455,3.0872106552124023
3.2331814765930176,2.9545817375183105,3.0865161418914795
3.2338242530822754,2.954129934310913,3.0859508514404297
3.2338242530822754,2.954129934310913,3.0859508514404297
3.234102725982666,2.9542410373687744,3.084895610809326
3.234102725982666,2.9542410373687744,3.084895610809326
3.234731435775757,2.9536852836608887,3.084528923034668
3.234917163848877,2.953646659851074,3.0838255882263184
3.234917163848877,2.953646659851074,3.0838255882263184
3.235525608062744,2.953537940979004,3.0827536582946777
3.235525608062744,2.953537940979004,3.0827536582946777
3.2358107566833496,2.9533777236938477,3.082493782043457
3.236176013946533,2.9538049697875977,3.0818214416503906
3.236176013946533,2.9538049697875977,3.0818214416503906
3.236981153488159,2.953630208969116,3.081467628479004
3.238764524459839,2.9530162811279297,3.080800771713257
3.238764524459839,2.9530162811279297,3.080800771713257
3.2403366565704346,2.9522056579589844,3.080120325088501
3.241344928741455,2.952059030532837,3.079000949859619
3.241344928741455,2.952059030532837,3.079000949859619
3.242826461791992,2.95169997215271,3.077989101409912
3.242826461791992,2.95169997215271,3.077989101409912
3.2433722019195557,2.951950788497925,3.077697515487671
3.2440054416656494,2.952190399169922,3.077650308609009
3.2440054416656494,2.952190399169922,3.077650308609009
3.245314836502075,2.952019691467285,3.0772087574005127
3.245314836502075,2.952019691467285,3.0772087574005127
3.2461445331573486,2.9519693851470947,3.0761735439300537
3.246288299560547,2.951734781265259,3.0754785537719727
3.246288299560547,2.951734781265259,3.0754785537719727
3.24623703956604,2.9523885250091553,3.0742640495300293
3.24623703956604,2.9523885250091553,3.0742640495300293
3.24650502204895,2.952235460281372,3.07338547706604
3.247072219848633,2.9522151947021484,3.072283983230591
3.247072219848633,2.9522151947021484,3.072283983230591
3.2473928928375244,2.9519832134246826,3.071423292160034
3.2473928928375244,2.9519832134246826,3.071423292160034
3.2474417686462402,2.95229434967041,3.0703773498535156
3.2477166652679443,2.9521701335906982,3.0698249340057373
3.2477166652679443,2.9521701335906982,3.0698249340057373
3.2480883598327637,2.9525208473205566,3.0687639713287354
3.2482049465179443,2.952479362487793,3.067775011062622
3.2482049465179443,2.952479362487793,3.067775011062622
3.248279333114624,2.9526143074035645,3.06650447845459
3.2484850883483887,2.9529969692230225,3.0649986267089844
3.2484850883483887,2.9529969692230225,3.0649986267089844
3.248854875564575,2.9531476497650146,3.0634679794311523
3.2489917278289795,2.953533172607422,3.061903953552246
3.2489917278289795,2.953533172607422,3.061903953552246
3.2493066787719727,2.9532811641693115,3.0609304904937744
3.2493066787719727,2.9532811641693115,3.0609304904937744
3.2489476203918457,2.953650951385498,3.0601789951324463
3.2496941089630127,2.95314359664917,3.059624195098877
3.2496941089630127,2.95314359664917,3.059624195098877
3.249917507171631,2.9531095027923584,3.058584213256836
3.249917507171631,2.9531095027923584,3.058584213256836
3.25044322013855,2.9530510902404785,3.0572428703308105
3.2509841918945312,2.9530203342437744,3.0556740760803223
3.2509841918945312,2.9530203342437744,3.0556740760803223
3.251758337020874,2.952568292617798,3.0547258853912354
3.2520949840545654,2.9522743225097656,3.054161310195923
3.2520949840545654,2.9522743225097656,3.054161310195923
3.2526156902313232,2.952098846435547,3.053739070892334
3.25325870513916,2.9518799781799316,3.05293869972229
3.25325870513916,2.9518799781799316,3.05293869972229
3.2536518573760986,2.951603412628174,3.051758289337158
3.2536518573760986,2.951603412628174,3.051758289337158
3.2542855739593506,2.9516541957855225,3.050997734069824
3.254275321960449,2.951756238937378,3.050503730773926
3.254275321960449,2.951756238937378,3.050503730773926
3.254180431365967,2.951653242111206,3.050372838973999
3.254180431365967,2.951653242111206,3.050372838973999
3.2539188861846924,2.9516494274139404,3.049821138381958
3.2542572021484375,2.9518816471099854,3.048405885696411
3.2542572021484375,2.9518816471099854,3.048405885696411
3.255039930343628,2.9518723487854004,3.046661853790283
3.255039930343628,2.9518723487854004,3.046661853790283
3.2550745010375977,2.9525187015533447,3.0455806255340576
3.254899501800537,2.9530370235443115,3.0444412231445312
3.254899501800537,2.9530370235443115,3.0444412231445312
3.255540370941162,2.9530465602874756,3.043013572692871
3.255540370941162,2.9530465602874756,3.043013572692871
3.2563283443450928,2.953007459640503,3.0417110919952393
3.2555274963378906,2.9537301063537598,3.040832042694092
3.2550466060638428,2.9543659687042236,3.03951096534729
3.2550466060638428,2.9543659687042236,3.03951096534729
3.2552409172058105,2.9544949531555176,3.038357973098755
3.2552409172058105,2.9544949531555176,3.038357973098755
3.256253242492676,2.954308032989502,3.037000894546509
3.2562334537506104,2.953933000564575,3.0364322662353516
3.2562334537506104,2.953933000564575,3.0364322662353516
3.256770133972168,2.9539618492126465,3.0355191230773926
3.256770133972168,2.9539618492126465,3.0355191230773926
3.256802797317505,2.95403790473938,3.034661054611206
3.25714111328125,2.954293727874756,3.033548355102539
3.25714111328125,2.954293727874756,3.033548355102539
3.257833957672119,2.95399808883667,3.0323421955108643
3.258424758911133,2.9538352489471436,3.0312018394470215
3.258424758911133,2.9538352489471436,3.0312018394470215
3.2585413455963135,2.953815460205078,3.030353307723999
3.2585413455963135,2.953815460205078,3.030353307723999
3.258962869644165,2.9543561935424805,3.0291285514831543
3.2595014572143555,2.9541633129119873,3.027341604232788
3.2595014572143555,2.9541633129119873,3.027341604232788
3.259443759918213,2.9543581008911133,3.025726318359375
3.259443759918213,2.9543581008911133,3.025726318359375
3.2596044540405273,2.954549789428711,3.0246338844299316
3.260038375854492,2.955160617828369,3.0232770442962646
3.260038375854492,2.955160617828369,3.0232770442962646
3.2610955238342285,2.954845666885376,3.0220117568969727
3.2610955238342285,2.954845666885376,3.0220117568969727
3.260711669921875,2.955099582672119,3.02066707611084
3.260695219039917,2.9555459022521973,3.019475221633911
3.260695219039917,2.9555459022521973,3.019475221633911
3.2609994411468506,2.9554860591888428,3.018777370452881
3.2611453533172607,2.9557864665985107,3.01774263381958
3.260894775390625,2.9566280841827393,3.016143798828125
3.260894775390625,2.9566280841827393,3.016143798828125
3.2607200145721436,2.9570658206939697,3.0148870944976807
3.2607200145721436,2.9570658206939697,3.0148870944976807
3.2608642578125,2.9574778079986572,3.0143840312957764
3.2608978748321533,2.95719051361084,3.0147528648376465
3.260404109954834,2.9578704833984375,3.014582872390747
3.260404109954834,2.9578704833984375,3.014582872390747
3.2597999572753906,2.9578726291656494,3.014504909515381
3.2597999572753906,2.9578726291656494,3.014504909515381
3.259453058242798,2.958139657974243,3.0127739906311035
3.259171724319458,2.958597183227539,3.0106139183044434
3.259171724319458,2.958597183227539,3.0106139183044434
3.2601051330566406,2.958448648452759,3.008466958999634
3.2601051330566406,2.958448648452759,3.008466958999634
3.2609171867370605,2.9582324028015137,3.00675106048584
3.26175856590271,2.9577410221099854,3.0058157444000244
3.26175856590271,2.9577410221099854,3.0058157444000244
3.2619712352752686,2.9577836990356445,3.005127429962158
3.2619712352752686,2.9577836990356445,3.005127429962158
3.2619383335113525,2.958303451538086,3.003923177719116
3.2616794109344482,2.9586169719696045,3.002807855606079
3.2616794109344482,2.9586169719696045,3.002807855606079
3.260989189147949,2.9591856002807617,3.0024654865264893
3.260989189147949,2.9591856002807617,3.0024654865264893
3.261648178100586,2.958855628967285,3.0029966831207275
3.26214337348938,2.958698034286499,3.003862142562866
3.26214337348938,2.958698034286499,3.003862142562866
3.2624623775482178,2.958855390548706,3.0038349628448486
3.2624623775482178,2.958855390548706,3.0038349628448486
3.2626237869262695,2.9595236778259277,3.002810478210449
3.2635035514831543,2.959207057952881,3.0017032623291016
3.2635035514831543,2.959207057952881,3.0017032623291016
3.2633731365203857,2.9594767093658447,3.0005316734313965
3.2633731365203857,2.9594767093658447,3.0005316734313965
3.262805461883545,2.959834098815918,2.9997262954711914
3.2629213333129883,2.959958553314209,2.999565601348877
3.2629213333129883,2.959958553314209,2.999565601348877
3.2632076740264893,2.959686040878296,2.9995062351226807
3.2632076740264893,2.959686040878296,2.9995062351226807
3.263145685195923,2.959421396255493,2.9991228580474854
3.262827157974243,2.9598388671875,2.9980015754699707
3.262827157974243,2.9598388671875,2.9980015754699707
3.263455390930176,2.9598326683044434,2.9972984790802
3.263455390930176,2.9598326683044434,2.9972984790802
3.2631797790527344,2.9600749015808105,2.995793342590332
3.2643251419067383,2.9597389698028564,2.994448184967041
3.2643251419067383,2.9597389698028564,2.994448184967041
3.264972686767578,2.959869146347046,2.9929394721984863
3.264972686767578,2.959869146347046,2.9929394721984863
3.265092134475708,2.9598352909088135,2.991492748260498
3.265087604522705,2.9600019454956055,2.99029278755188
3.265087604522705,2.9600019454956055,2.99029278755188
3.265519857406616,2.9598050117492676,2.989563226699829
3.265519857406616,2.9598050117492676,2.989563226699829
3.2655913829803467,2.959805727005005,2.9886507987976074
3.26578950881958,2.9599716663360596,2.987863302230835
3.26578950881958,2.9599716663360596,2.987863302230835
3.2662651538848877,2.960029363632202,2.9875504970550537
3.2662651538848877,2.960029363632202,2.9875504970550537
3.2670109272003174,2.9599101543426514,2.987205982208252
3.2675232887268066,2.9601569175720215,2.9866127967834473
3.2675232887268066,2.9601569175720215,2.9866127967834473
3.268137216567993,2.960139274597168,2.985873222351074
3.268137216567993,2.960139274597168,2.985873222351074
3.2690587043762207,2.9605636596679688,2.984708786010742
3.2698185443878174,2.9601120948791504,2.984480619430542
3.2698185443878174,2.9601120948791504,2.984480619430542
3.2701826095581055,2.9601690769195557,2.984423875808716
3.270339012145996,2.9601259231567383,2.984483480453491
3.270339012145996,2.9601259231567383,2.984483480453491
3.270754337310791,2.9600367546081543,2.984084129333496
3.2709851264953613,2.9603474140167236,2.983238697052002
3.2709851264953613,2.9603474140167236,2.983238697052002
3.271101474761963,2.9605016708374023,2.982619285583496
3.271101474761963,2.9605016708374023,2.982619285583496
3.2714579105377197,2.9603936672210693,2.9822306632995605
3.2722084522247314,2.960171937942505,2.98166561126709
3.2722084522247314,2.960171937942505,2.98166561126709
3.271904706954956,2.9605298042297363,2.981086254119873
3.271904706954956,2.9605298042297363,2.981086254119873
3.2721972465515137,2.9604787826538086,2.98014497756958
3.2729721069335938,2.960331916809082,2.9794960021972656
3.2729721069335938,2.960331916809082,2.9794960021972656
3.273441791534424,2.9606754779815674,2.978383779525757
3.273441791534424,2.9606754779815674,2.978383779525757
3.2737038135528564,2.9610605239868164,2.977250576019287
3.2742390632629395,2.9613137245178223,2.9758379459381104
3.2742390632629395,2.9613137245178223,2.9758379459381104
3.2735424041748047,2.9617648124694824,2.9746904373168945
3.2735424041748047,2.9617648124694824,2.9746904373168945
3.27347731590271,2.961172580718994,2.9747278690338135
3.273634433746338,2.96124005317688,2.9749977588653564
3.273634433746338,2.96124005317688,2.9749977588653564
3.2738614082336426,2.960855007171631,2.974820137023926
3.2738614082336426,2.960855007171631,2.974820137023926
3.2742650508880615,2.9605515003204346,2.9736270904541016
3.274660348892212,2.9606027603149414,2.972337007522583
3.274660348892212,2.9606027603149414,2.972337007522583
3.275808334350586,2.9601151943206787,2.971205234527588
3.275808334350586,2.9601151943206787,2.971205234527588
3.276012659072876,2.9601166248321533,2.9707956314086914
3.276155948638916,2.9597623348236084,2.970822811126709
3.2758772373199463,2.960162401199341,2.9701969623565674
3.2758772373199463,2.960162401199341,2.9701969623565674
3.27628493309021,2.960268974304199,2.9694859981536865
3.276944398880005,2.960054636001587,2.968762159347534
3.276944398880005,2.960054636001587,2.968762159347534
3.2772014141082764,2.9603466987609863,2.967817544937134
3.2772014141082764,2.9603466987609863,2.967817544937134
3.277026891708374,2.9604499340057373,2.966932773590088
3.276498556137085,2.960632801055908,2.9660074710845947
3.276130437850952,2.961064577102661,2.965019464492798
3.276130437850952,2.961064577102661,2.965019464492798
3.2761852741241455,2.9610893726348877,2.9640660285949707
3.2761852741241455,2.9610893726348877,2.9640660285949707
3.2760121822357178,2.9610087871551514,2.9628984928131104
3.276034116744995,2.961136817932129,2.9616527557373047
3.276034116744995,2.961136817932129,2.9616527557373047
3.2769901752471924,2.961080312728882,2.9614458084106445
3.2769901752471924,2.961080312728882,2.9614458084106445
3.276522636413574,2.9612655639648438,2.9611940383911133
3.2769412994384766,2.961270332336426,2.960054874420166
3.2769412994384766,2.961270332336426,2.960054874420166
3.277724504470825,2.961193323135376,2.959505319595337
3.277724504470825,2.961193323135376,2.959505319595337
3.2782864570617676,2.9610700607299805,2.959364175796509
3.278381109237671,2.961129665374756,2.959374189376831
3.278505802154541,2.961028814315796,2.958528757095337
3.278505802154541,2.961028814315796,2.958528757095337
3.2785916328430176,2.9611196517944336,2.958240509033203
3.279139518737793,2.9613888263702393,2.9574437141418457
3.279139518737793,2.9613888263702393,2.9574437141418457
3.2796683311462402,2.9614315032958984,2.956723928451538
3.2796683311462402,2.9614315032958984,2.956723928451538
3.2796239852905273,2.961284875869751,2.9553868770599365
3.27992582321167,2.9609055519104004,2.9553415775299072
3.27992582321167,2.9609055519104004,2.9553415775299072
3.2801854610443115,2.9609310626983643,2.9548068046569824
3.2801854610443115,2.9609310626983643,2.9548068046569824
3.2804834842681885,2.9610073566436768,2.9537816047668457
3.2802929878234863,2.9613075256347656,2.952554941177368
3.2802929878234863,2.9613075256347656,2.952554941177368
3.2799344062805176,2.9615588188171387,2.951770544052124
3.2799344062805176,2.9615588188171387,2.951770544052124
3.278907060623169,2.9626035690307617,2.9503471851348877
3.278907060623169,2.9626035690307617,2.9503471851348877
3.279780864715576,2.9621734619140625,2.9498043060302734
3.2806897163391113,2.9615774154663086,2.9486687183380127
3.2806897163391113,2.9615774154663086,2.9486687183380127
3.2812182903289795,2.961286783218384,2.9484241008758545
3.2813334465026855,2.9617583751678467,2.9479851722717285
3.2813334465026855,2.9617583751678467,2.9479851722717285
3.282160520553589,2.9616591930389404,2.9474918842315674
3.282581329345703,2.9614081382751465,2.9469032287597656
3.282581329345703,2.9614081382751465,2.9469032287597656
3.2825729846954346,2.961374044418335,2.946908950805664
3.2825729846954346,2.961374044418335,2.946908950805664
3.2828567028045654,2.9612298011779785,2.9469683170318604
3.2830100059509277,2.961134910583496,2.946437358856201
3.2830100059509277,2.961134910583496,2.946437358856201
3.283494234085083,2.9608097076416016,2.945268154144287
3.284144401550293,2.960763931274414,2.9443540573120117
3.284144401550293,2.960763931274414,2.9443540573120117
3.284532070159912,2.9608776569366455,2.9435229301452637
3.284532070159912,2.9608776569366455,2.9435229301452637
3.2846508026123047,2.9610397815704346,2.942861557006836
3.2846226692199707,2.961212635040283,2.942131996154785
3.2851293087005615,2.9609909057617188,2.9412670135498047
3.2851293087005615,2.9609909057617188,2.9412670135498047
3.28562068939209,2.9609901905059814,2.9402403831481934
3.2870569229125977,2.9608089923858643,2.9382524490356445
3.2870569229125977,2.9608089923858643,2.9382524490356445
3.2889506816864014,2.9606716632843018,2.9348089694976807
3.2899813652038574,2.9609029293060303,2.9324710369110107
3.290346145629883,2.9608676433563232,2.9316205978393555
3.290346145629883,2.9608676433563232,2.9316205978393555
3.2899980545043945,2.961270332336426,2.931757926940918
3.2899980545043945,2.961270332336426,2.931757926940918
3.2901558876037598,2.9613516330718994,2.9328508377075195
3.290196418762207,2.9609920978546143,2.9333655834198
3.290196418762207,2.9609920978546143,2.9333655834198
3.2904651165008545,2.9613735675811768,2.9326326847076416
3.2912590503692627,2.9615139961242676,2.9310214519500732
3.2912590503692627,2.9615139961242676,2.9310214519500732
3.2908034324645996,2.96183443069458,2.9302053451538086
3.2908034324645996,2.96183443069458,2.9302053451538086
3.289832592010498,2.9627506732940674,2.929856538772583
3.289832592010498,2.9627506732940674,2.929856538772583
3.2899653911590576,2.9626619815826416,2.9296607971191406
3.2903764247894287,2.9623587131500244,2.9296395778656006
3.2903764247894287,2.9623587131500244,2.9296395778656006
3.290393590927124,2.962128162384033,2.9298794269561768
3.290032148361206,2.962289333343506,2.9298577308654785
3.290032148361206,2.962289333343506,2.9298577308654785
3.2905614376068115,2.9620914459228516,2.929199695587158
3.290271043777466,2.96178936958313,2.928494691848755
3.290271043777466,2.96178936958313,2.928494691848755
3.2904326915740967,2.961651086807251,2.9280104637145996
3.2904326915740967,2.961651086807251,2.9280104637145996
3.2898478507995605,2.961602210998535,2.928136110305786
3.29010009765625,2.961979627609253,2.9273858070373535
3.29010009765625,2.961979627609253,2.9273858070373535
3.2914187908172607,2.9614691734313965,2.9262852668762207
3.2914187908172607,2.9614691734313965,2.9262852668762207
3.293243169784546,2.9609038829803467,2.924304962158203
3.2923202514648438,2.9615187644958496,2.9234118461608887
3.2923202514648438,2.9615187644958496,2.9234118461608887
3.292783737182617,2.962200164794922,2.921945333480835
3.292783737182617,2.962200164794922,2.921945333480835
3.292922258377075,2.9623849391937256,2.9213695526123047
3.2927043437957764,2.9628477096557617,2.920881986618042
3.2927043437957764,2.9628477096557617,2.920881986618042
3.292593240737915,2.9639580249786377,2.919851779937744
3.292593240737915,2.9639580249786377,2.919851779937744
3.2930142879486084,2.964531898498535,2.919065475463867
3.293785810470581,2.964710235595703,2.918181896209717
3.293785810470581,2.964710235595703,2.918181896209717
3.2949135303497314,2.963961362838745,2.9176909923553467
3.2949135303497314,2.963961362838745,2.9176909923553467
3.2952773571014404,2.9639408588409424,2.917567014694214
3.2957160472869873,2.963963747024536,2.9169907569885254
3.2957160472869873,2.963963747024536,2.9169907569885254
3.2969748973846436,2.9636943340301514,2.91585373878479
3.2969748973846436,2.9636943340301514,2.91585373878479
3.2966597080230713,2.9634876251220703,2.914809226989746
3.296224355697632,2.963707685470581,2.91435170173645
3.296224355697632,2.963707685470581,2.91435170173645
3.2966208457946777,2.963636636734009,2.9134676456451416
3.2966208457946777,2.963636636734009,2.9134676456451416
3.2970962524414062,2.9631588459014893,2.9130911827087402
3.2967309951782227,2.962944269180298,2.9131312370300293
3.2967309951782227,2.962944269180298,2.9131312370300293
3.296880006790161,2.9629135131835938,2.912919044494629
3.296880006790161,2.9629135131835938,2.912919044494629
3.2975172996520996,2.9625935554504395,2.912538528442383
3.29767107963562,2.962312698364258,2.911970376968384
3.29767107963562,2.962312698364258,2.911970376968384
3.2978363037109375,2.961843252182007,2.9117345809936523
3.2972278594970703,2.9621963500976562,2.9112184047698975
3.2972278594970703,2.9621963500976562,2.9112184047698975
3.297628402709961,2.9620280265808105,2.910271406173706
3.297898769378662,2.9618451595306396,2.909372091293335
3.297898769378662,2.9618451595306396,2.909372091293335
3.2979273796081543,2.9619710445404053,2.9089317321777344
3.2974586486816406,2.962552547454834,2.90828275680542
3.297616958618164,2.9628894329071045,2.907686948776245
3.297616958618164,2.9628894329071045,2.907686948776245
3.2978763580322266,2.9629924297332764,2.9072372913360596
3.2978763580322266,2.9629924297332764,2.9072372913360596
3.297849178314209,2.9634246826171875,2.9064207077026367
3.298189163208008,2.96360182762146,2.905465602874756
3.298189163208008,2.96360182762146,2.905465602874756
3.2988555431365967,2.96328067779541,2.904949903488159
3.2995622158050537,2.9630956649780273,2.9041852951049805
3.3007619380950928,2.962895393371582,2.902688980102539
3.3007619380950928,2.962895393371582,2.902688980102539
3.300950050354004,2.9627907276153564,2.902073383331299
3.30096435546875,2.963132858276367,2.901634931564331
3.30096435546875,2.963132858276367,2.901634931564331
3.3005216121673584,2.9633426666259766,2.9008290767669678
3.3006978034973145,2.9640791416168213,2.898634195327759
3.3006978034973145,2.9640791416168213,2.898634195327759
3.3012821674346924,2.9639475345611572,2.8971610069274902
3.3012821674346924,2.9639475345611572,2.8971610069274902
3.3008840084075928,2.9645822048187256,2.895714282989502
3.301072597503662,2.9647703170776367,2.8944413661956787
3.301072597503662,2.9647703170776367,2.8944413661956787
3.301421880722046,2.9646754264831543,2.894070863723755
3.301421880722046,2.9646754264831543,2.894070863723755
3.30190372467041,2.964158296585083,2.8941903114318848
3.302112579345703,2.964195728302002,2.8937761783599854
3.302112579345703,2.964195728302002,2.8937761783599854
3.3022477626800537,2.9641847610473633,2.8930821418762207
3.3022477626800537,2.9641847610473633,2.8930821418762207
3.3024556636810303,2.9645931720733643,2.8921854496002197
3.3028101921081543,2.964822292327881,2.8909313678741455
3.3028101921081543,2.964822292327881,2.8909313678741455
3.3026692867279053,2.964928150177002,2.890435218811035
3.3026692867279053,2.964928150177002,2.890435218811035
3.302086114883423,2.9650416374206543,2.890716075897217
3.3025505542755127,2.9650673866271973,2.8900551795959473
3.3025505542755127,2.9650673866271973,2.8900551795959473
3.3035316467285156,2.9645769596099854,2.8888869285583496
3.3035316467285156,2.9645769596099854,2.8888869285583496
3.3029491901397705,2.965090036392212,2.8873655796051025
3.3029491901397705,2.965090036392212,2.8873655796051025
3.30326771736145,2.9650044441223145,2.8861982822418213
3.3037109375,2.965169668197632,2.885012149810791
3.3037109375,2.965169668197632,2.885012149810791
3.3043317794799805,2.9649035930633545,2.8844921588897705
3.304222345352173,2.9652724266052246,2.88411808013916
3.304807662963867,2.965348482131958,2.8835365772247314
3.304807662963867,2.965348482131958,2.8835365772247314
3.3055431842803955,2.965280055999756,2.8826448917388916
3.3055431842803955,2.965280055999756,2.8826448917388916
3.3062589168548584,2.9654624462127686,2.881423234939575
3.3064918518066406,2.965670347213745,2.8805413246154785
3.3064918518066406,2.965670347213745,2.8805413246154785
3.3075153827667236,2.965169906616211,2.880096435546875
3.3072524070739746,2.9652798175811768,2.8798742294311523
3.3071956634521484,2.965998649597168,2.878718852996826
3.3071956634521484,2.965998649597168,2.878718852996826
3.3078105449676514,2.9661340713500977,2.8773114681243896
3.3078105449676514,2.9661340713500977,2.8773114681243896
3.308279275894165,2.966318368911743,2.875701427459717
3.3084633350372314,2.96655535697937,2.874089479446411
3.3084633350372314,2.96655535697937,2.874089479446411
3.3084805011749268,2.967195510864258,2.8726601600646973
3.3084805011749268,2.967195510864258,2.8726601600646973
3.308687686920166,2.967184543609619,2.872103452682495
3.309004306793213,2.967482328414917,2.8711626529693604
3.309004306793213,2.967482328414917,2.8711626529693604
3.3093318939208984,2.9679324626922607,2.8701648712158203
3.3093318939208984,2.9679324626922607,2.8701648712158203
3.310105562210083,2.9679856300354004,2.8683578968048096
3.310878038406372,2.967928171157837,2.8661744594573975
3.310878038406372,2.967928171157837,2.8661744594573975
3.311324119567871,2.9677281379699707,2.865046739578247
3.311324119567871,2.9677281379699707,2.865046739578247
3.3116085529327393,2.967745304107666,2.8645248413085938
3.3122830390930176,2.967603921890259,2.864048480987549
3.3130125999450684,2.9673073291778564,2.863337516784668
3.3130125999450684,2.9673073291778564,2.863337516784668
3.31398344039917,2.966747999191284,2.8629150390625
3.31398344039917,2.966747999191284,2.8629150390625
3.3142149448394775,2.9669346809387207,2.8620307445526123
3.3143649101257324,2.9675521850585938,2.860149383544922
3.3143649101257324,2.9675521850585938,2.860149383544922
3.315242052078247,2.9680418968200684,2.8578710556030273
3.315244674682617,2.9686458110809326,2.8560469150543213
3.315244674682617,2.9686458110809326,2.8560469150543213
3.3150477409362793,2.9691832065582275,2.855086088180542
3.314929723739624,2.969651460647583,2.854780912399292
3.3152050971984863,2.969486713409424,2.855438232421875
3.3152050971984863,2.969486713409424,2.855438232421875
3.314753532409668,2.969543695449829,2.8554599285125732
3.314753532409668,2.969543695449829,2.8554599285125732
3.314218044281006,2.970325469970703,2.854294538497925
3.3141543865203857,2.9706380367279053,2.8529696464538574
3.3141543865203857,2.9706380367279053,2.8529696464538574
3.3140182495117188,2.9711642265319824,2.8523683547973633
3.3136775493621826,2.9711363315582275,2.852693796157837
3.3136775493621826,2.9711363315582275,2.852693796157837
3.3134284019470215,2.9708831310272217,2.8530099391937256
3.3134284019470215,2.9708831310272217,2.8530099391937256
3.3133113384246826,2.971097707748413,2.8530750274658203
3.313642978668213,2.9707112312316895,2.8530099391937256
3.313642978668213,2.9707112312316895,2.8530099391937256
3.3136367797851562,2.970994472503662,2.851135015487671
3.3136367797851562,2.970994472503662,2.851135015487671
3.3149940967559814,2.9705440998077393,2.8494338989257812
3.3155832290649414,2.9704158306121826,2.8488781452178955
3.3155832290649414,2.9704158306121826,2.8488781452178955
3.3163299560546875,2.9697957038879395,2.8495805263519287
3.3163299560546875,2.9697957038879395,2.8495805263519287
3.3165924549102783,2.9695849418640137,2.8507206439971924
3.31695556640625,2.969444513320923,2.851377487182617
3.31695556640625,2.969444513320923,2.851377487182617
3.3174245357513428,2.969768762588501,2.850313901901245
3.3174245357513428,2.969768762588501,2.850313901901245
3.3178701400756836,2.970090866088867,2.8485162258148193
3.3181841373443604,2.970193386077881,2.8469772338867188
3.3181841373443604,2.970193386077881,2.8469772338867188
3.318089485168457,2.9700350761413574,2.8470234870910645
3.3179264068603516,2.969855546951294,2.8469300270080566
3.3179264068603516,2.969855546951294,2.8469300270080566
3.3185226917266846,2.9701831340789795,2.8450348377227783
3.3185226917266846,2.9701831340789795,2.8450348377227783
3.318704128265381,2.9699790477752686,2.843278408050537
3.318303108215332,2.9709243774414062,2.841430425643921
3.318882703781128,2.9712436199188232,2.83943247795105
3.318882703781128,2.9712436199188232,2.83943247795105
3.319509506225586,2.971348285675049,2.837569236755371
3.319509506225586,2.971348285675049,2.837569236755371
3.3193230628967285,2.9717159271240234,2.83687686920166
3.319377899169922,2.9720559120178223,2.8366940021514893
3.319377899169922,2.9720559120178223,2.8366940021514893
3.3204610347747803,2.9721872806549072,2.835977077484131
3.3204610347747803,2.9721872806549072,2.835977077484131
3.3203823566436768,2.972264289855957,2.8351316452026367
3.320295572280884,2.9729299545288086,2.834332227706909
3.320295572280884,2.9729299545288086,2.834332227706909
3.3204264640808105,2.973281145095825,2.8336758613586426
3.3204264640808105,2.973281145095825,2.8336758613586426
3.3215506076812744,2.9731500148773193,2.83282732963562
3.321528196334839,2.9731240272521973,2.8325717449188232
3.321528196334839,2.9731240272521973,2.8325717449188232
3.3214099407196045,2.9740076065063477,2.832515239715576
3.3214099407196045,2.9740076065063477,2.832515239715576
3.322028636932373,2.973560333251953,2.832991361618042
3.3221514225006104,2.9737422466278076,2.8324031829833984
3.3221514225006104,2.9737422466278076,2.8324031829833984
3.322603225708008,2.9737040996551514,2.831833600997925
3.322603225708008,2.9737040996551514,2.831833600997925
3.3231937885284424,2.974003553390503,2.830557107925415
3.322877883911133,2.9741761684417725,2.8296139240264893
3.322877883911133,2.9741761684417725,2.8296139240264893
3.3224074840545654,2.9745306968688965,2.828734874725342
3.3223724365234375,2.974416732788086,2.8274197578430176
3.3223724365234375,2.974416732788086,2.8274197578430176
3.322091817855835,2.9754936695098877,2.824085235595703
3.321335792541504,2.976848602294922,2.820322036743164
3.321335792541504,2.976848602294922,2.820322036743164
3.3206727504730225,2.9781622886657715,2.8176987171173096
3.320890188217163,2.978550672531128,2.8166873455047607
3.320890188217163,2.978550672531128,2.8166873455047607
3.3215274810791016,2.9772815704345703,2.817669153213501
3.3215274810791016,2.9772815704345703,2.817669153213501
3.321056365966797,2.9771831035614014,2.8185832500457764
3.3205418586730957,2.9769492149353027,2.8188540935516357
3.3205418586730957,2.9769492149353027,2.8188540935516357
3.319875478744507,2.977417230606079,2.817565679550171
3.319875478744507,2.977417230606079,2.817565679550171
3.3198843002319336,2.97786283493042,2.8159923553466797
3.319963216781616,2.978264331817627,2.814640998840332
3.319963216781616,2.978264331817627,2.814640998840332
3.3196520805358887,2.978625774383545,2.8138084411621094
3.3196520805358887,2.978625774383545,2.8138084411621094
3.3190016746520996,2.9792733192443848,2.8130831718444824
3.3188936710357666,2.979426145553589,2.8125617504119873
3.3188936710357666,2.979426145553589,2.8125617504119873
3.319145441055298,2.9787895679473877,2.811878204345703
3.319145441055298,2.9787895679473877,2.811878204345703
3.3188812732696533,2.9788832664489746,2.811204671859741
3.3191819190979004,2.9790656566619873,2.810311794281006
3.3191819190979004,2.9790656566619873,2.810311794281006
3.3205695152282715,2.9783291816711426,2.808854579925537
3.3205695152282715,2.9783291816711426,2.808854579925537
3.321855068206787,2.9779698848724365,2.807541608810425
3.323146343231201,2.9768636226654053,2.8072335720062256
3.323146343231201,2.9768636226654053,2.8072335720062256
3.322861671447754,2.9770145416259766,2.807403802871704
3.322861671447754,2.9770145416259766,2.807403802871704
3.323357105255127,2.977524518966675,2.807245969772339
3.32425856590271,2.977320432662964,2.80745530128479
3.32425856590271,2.977320432662964,2.80745530128479
3.3248612880706787,2.9773600101470947,2.807241678237915
3.3253462314605713,2.977402687072754,2.8067626953125
3.3260674476623535,2.9776766300201416,2.8049566745758057
3.3260674476623535,2.9776766300201416,2.8049566745758057
3.326629400253296,2.9775502681732178,2.804335594177246
3.326629400253296,2.9775502681732178,2.804335594177246
3.32681941986084,2.9775826930999756,2.8040566444396973
3.32681941986084,2.9775826930999756,2.8040566444396973
3.327263593673706,2.97770619392395,2.8032479286193848
3.328521490097046,2.9770593643188477,2.8023030757904053
3.328521490097046,2.9770593643188477,2.8023030757904053
3.3283889293670654,2.9775173664093018,2.8012747764587402
3.3287909030914307,2.977678060531616,2.8006908893585205
3.3287909030914307,2.977678060531616,2.8006908893585205
3.3288607597351074,2.9775164127349854,2.8003716468811035
3.3288607597351074,2.9775164127349854,2.8003716468811035
3.329307794570923,2.977856397628784,2.799623727798462
3.330169200897217,2.9776580333709717,2.7992899417877197
3.330169200897217,2.9776580333709717,2.7992899417877197
3.3303897380828857,2.9780428409576416,2.7989749908447266
3.330282211303711,2.9781482219696045,2.7984070777893066
3.330282211303711,2.9781482219696045,2.7984070777893066
3.330303907394409,2.978623628616333,2.7975611686706543
3.331282615661621,2.9784860610961914,2.7964255809783936
3.331282615661621,2.9784860610961914,2.7964255809783936
3.3312110900878906,2.9787564277648926,2.7954633235931396
3.3312110900878906,2.9787564277648926,2.7954633235931396
3.330940008163452,2.979161500930786,2.7946057319641113
3.331294298171997,2.9795501232147217,2.793761968612671
3.331294298171997,2.9795501232147217,2.793761968612671
3.331860065460205,2.979484796524048,2.792793035507202
3.331860065460205,2.979484796524048,2.792793035507202
3.3324227333068848,2.979496479034424,2.7916207313537598
3.3324227333068848,2.979496479034424,2.7916207313537598
3.332477569580078,2.9793057441711426,2.7908310890197754
3.3325448036193848,2.979820489883423,2.789581775665283
3.3325448036193848,2.979820489883423,2.789581775665283
3.3330636024475098,2.979816436767578,2.788374423980713
3.3333780765533447,2.9799342155456543,2.787349224090576
3.3333780765533447,2.9799342155456543,2.787349224090576
3.333148241043091,2.980184555053711,2.7873294353485107
3.3327841758728027,2.9806556701660156,2.7870285511016846
3.3327841758728027,2.9806556701660156,2.7870285511016846
3.3330445289611816,2.9806182384490967,2.7866499423980713
3.3330445289611816,2.9806182384490967,2.7866499423980713
3.3331384658813477,2.98083233833313,2.785003423690796
3.333339214324951,2.981638193130493,2.7826454639434814
3.333339214324951,2.981638193130493,2.7826454639434814
3.3340797424316406,2.981269359588623,2.780881881713867
3.3340797424316406,2.981269359588623,2.780881881713867
3.336573839187622,2.9792747497558594,2.7801270484924316
3.3367350101470947,2.9796924591064453,2.77909779548645
3.3367350101470947,2.9796924591064453,2.77909779548645
3.3380444049835205,2.980102777481079,2.7777833938598633
3.3380444049835205,2.980102777481079,2.7777833938598633
3.3386943340301514,2.979889392852783,2.7769975662231445
3.340076208114624,2.9789974689483643,2.775559902191162
3.340076208114624,2.9789974689483643,2.775559902191162
3.341083526611328,2.9788472652435303,2.7743778228759766
3.341083526611328,2.9788472652435303,2.7743778228759766
3.341766357421875,2.9788663387298584,2.773061990737915
3.3420677185058594,2.978588342666626,2.772318124771118
3.3420677185058594,2.978588342666626,2.772318124771118
3.342745304107666,2.978971004486084,2.771420478820801
3.3433144092559814,2.979274034500122,2.7705254554748535
3.3433144092559814,2.979274034500122,2.7705254554748535
3.3434958457946777,2.979647159576416,2.769373655319214
3.3434958457946777,2.979647159576416,2.769373655319214
3.3436481952667236,2.9801013469696045,2.768148183822632
3.3441576957702637,2.980811595916748,2.7666049003601074
3.3441576957702637,2.980811595916748,2.7666049003601074
3.344459056854248,2.9807772636413574,2.765573740005493
3.344459056854248,2.9807772636413574,2.765573740005493
3.3443331718444824,2.9807121753692627,2.7649898529052734
3.3446319103240967,2.98041033744812,2.7648983001708984
3.3445684909820557,2.979889392852783,2.7652063369750977
3.344001054763794,2.9797425270080566,2.7652244567871094
3.344001054763794,2.9797425270080566,2.7652244567871094
3.3443729877471924,2.9794600009918213,2.7647523880004883
3.3443729877471924,2.9794600009918213,2.7647523880004883
3.345494270324707,2.9786648750305176,2.763746976852417
3.3455746173858643,2.9788053035736084,2.7624897956848145
3.3455746173858643,2.9788053035736084,2.7624897956848145
3.345794677734375,2.9789562225341797,2.761441230773926
3.345794677734375,2.9789562225341797,2.761441230773926
3.346519708633423,2.9785783290863037,2.7602484226226807
3.3473799228668213,2.9783341884613037,2.758211374282837
3.3473799228668213,2.9783341884613037,2.758211374282837
3.348480463027954,2.9787545204162598,2.756049633026123
3.348480463027954,2.9787545204162598,2.756049633026123
3.3492367267608643,2.979146718978882,2.7544667720794678
3.350395441055298,2.979048252105713,2.7534894943237305
3.350395441055298,2.979048252105713,2.7534894943237305
3.351003885269165,2.9787750244140625,2.753138542175293
3.3515217304229736,2.979180097579956,2.7529778480529785
3.3515217304229736,2.979180097579956,2.7529778480529785
3.351700782775879,2.9796550273895264,2.7520904541015625
3.351700782775879,2.9796550273895264,2.7520904541015625
3.3523497581481934,2.9801807403564453,2.75062894821167
3.352612257003784,2.9808342456817627,2.7491295337677
3.352612257003784,2.9808342456817627,2.7491295337677
3.3531205654144287,2.981776475906372,2.748121500015259
3.353780508041382,2.981764078140259,2.747671604156494
3.353780508041382,2.981764078140259,2.747671604156494
3.3545572757720947,2.9820938110351562,2.7463507652282715
3.3545572757720947,2.9820938110351562,2.7463507652282715
3.354616165161133,2.982649803161621,2.7446296215057373
3.35456919670105,2.9837145805358887,2.7425596714019775
3.35456919670105,2.9837145805358887,2.7425596714019775
3.355374813079834,2.9840710163116455,2.740522861480713
3.3551342487335205,2.9841957092285156,2.7392852306365967
3.3554723262786865,2.984567642211914,2.737626314163208
3.3554723262786865,2.984567642211914,2.737626314163208
3.3558385372161865,2.9849865436553955,2.736290216445923
3.3558385372161865,2.9849865436553955,2.736290216445923
3.356191396713257,2.985107898712158,2.7349796295166016
3.3562371730804443,2.9846134185791016,2.7345101833343506
3.3562371730804443,2.9846134185791016,2.7345101833343506
3.356137752532959,2.9845995903015137,2.734445333480835
3.356137752532959,2.9845995903015137,2.734445333480835
3.3556864261627197,2.985015392303467,2.73376202583313
3.355358839035034,2.9853336811065674,2.7324862480163574
3.355358839035034,2.9853336811065674,2.7324862480163574
3.3555586338043213,2.9857466220855713,2.73077654838562
3.3555586338043213,2.9857466220855713,2.73077654838562
3.355292558670044,2.986618995666504,2.7293484210968018
3.355334520339966,2.9868674278259277,2.728346824645996
3.355334520339966,2.9868674278259277,2.728346824645996
3.355459213256836,2.9873573780059814,2.7269885540008545
3.3556294441223145,2.9874346256256104,2.7262625694274902
3.3556294441223145,2.9874346256256104,2.7262625694274902
3.355691432952881,2.98795485496521,2.725895404815674
3.355691432952881,2.98795485496521,2.725895404815674
3.356078863143921,2.9884049892425537,2.7248573303222656
3.356435775756836,2.988065004348755,2.7237915992736816
3.356435775756836,2.988065004348755,2.7237915992736816
3.356926202774048,2.9879255294799805,2.7235801219940186
3.356926202774048,2.9879255294799805,2.7235801219940186
3.357445478439331,2.9888405799865723,2.7226953506469727
3.3578920364379883,2.9893381595611572,2.722031831741333
3.3578925132751465,2.9893176555633545,2.721464157104492
3.3578925132751465,2.9893176555633545,2.721464157104492
3.3578779697418213,2.9901607036590576,2.7199995517730713
3.357163667678833,2.9905893802642822,2.7191076278686523
3.357163667678833,2.9905893802642822,2.7191076278686523
3.3568484783172607,2.991220474243164,2.7182888984680176
3.3568484783172607,2.991220474243164,2.7182888984680176
3.3566086292266846,2.991114616394043,2.717046022415161
3.3564059734344482,2.991849660873413,2.71573543548584
3.3564059734344482,2.991849660873413,2.71573543548584
3.357067584991455,2.991568088531494,2.7153749465942383
3.357067584991455,2.991568088531494,2.7153749465942383
3.3574299812316895,2.9914498329162598,2.7151918411254883
3.3575246334075928,2.9914329051971436,2.7150046825408936
3.3575246334075928,2.9914329051971436,2.7150046825408936
3.3582868576049805,2.99125075340271,2.714071035385132
3.358660936355591,2.991283893585205,2.7128565311431885
3.358660936355591,2.991283893585205,2.7128565311431885
3.3586976528167725,2.9918651580810547,2.711571216583252
3.3586976528167725,2.9918651580810547,2.711571216583252
3.3589670658111572,2.992022752761841,2.7106897830963135
3.359893560409546,2.9916906356811523,2.7102956771850586
3.359893560409546,2.9916906356811523,2.7102956771850586
3.3604533672332764,2.9917891025543213,2.710136890411377
3.3602404594421387,2.9920334815979004,2.7093894481658936
3.3602404594421387,2.9920334815979004,2.7093894481658936
3.3605074882507324,2.992347478866577,2.7084739208221436
3.3623547554016113,2.9919450283050537,2.7068135738372803
3.3623547554016113,2.9919450283050537,2.7068135738372803
3.3629019260406494,2.9919824600219727,2.7056429386138916
3.3638904094696045,2.9926490783691406,2.703357219696045
3.3638904094696045,2.9926490783691406,2.703357219696045
3.3641061782836914,2.9931886196136475,2.7021191120147705
3.3641061782836914,2.9931886196136475,2.7021191120147705
3.3641774654388428,2.993797779083252,2.701199531555176
3.3644468784332275,2.994093179702759,2.700204372406006
3.3644468784332275,2.994093179702759,2.700204372406006
3.365029811859131,2.9943418502807617,2.699084520339966
3.3652541637420654,2.994344472885132,2.6987063884735107
3.3652541637420654,2.994344472885132,2.6987063884735107
3.36564040184021,2.9942212104797363,2.6983296871185303
3.36615252494812,2.9943628311157227,2.6974916458129883
3.36615252494812,2.9943628311157227,2.6974916458129883
3.367292881011963,2.994027853012085,2.6966471672058105
3.367292881011963,2.994027853012085,2.6966471672058105
3.3678510189056396,2.993830442428589,2.696221351623535
3.3686530590057373,2.9937469959259033,2.6959311962127686
3.3686530590057373,2.9937469959259033,2.6959311962127686
3.3692054748535156,2.9936699867248535,2.6952874660491943
3.369460105895996,2.9940059185028076,2.6939539909362793
3.369460105895996,2.9940059185028076,2.6939539909362793
3.3707849979400635,2.9942667484283447,2.6922357082366943
3.372105121612549,2.994723081588745,2.6901304721832275
3.372105121612549,2.994723081588745,2.6901304721832275
3.372847318649292,2.9944305419921875,2.688760280609131
3.373196840286255,2.994652032852173,2.686861038208008
3.3737952709198,2.9945228099823,2.6859331130981445
3.3737952709198,2.9945228099823,2.6859331130981445
3.374209403991699,2.994128465652466,2.685286045074463
3.3743724822998047,2.995076894760132,2.6835055351257324
3.3743724822998047,2.995076894760132,2.6835055351257324
3.3742313385009766,2.9953513145446777,2.682708740234375
3.3742737770080566,2.995184898376465,2.6829733848571777
3.3742737770080566,2.995184898376465,2.6829733848571777
3.3739519119262695,2.9945967197418213,2.6834843158721924
3.3756887912750244,2.9940454959869385,2.6798698902130127
3.3756887912750244,2.9940454959869385,2.6798698902130127
3.377068519592285,2.994178056716919,2.675487518310547
3.3777146339416504,2.9951789379119873,2.6725780963897705
3.3783962726593018,2.995971441268921,2.6704952716827393
3.3783962726593018,2.995971441268921,2.6704952716827393
3.3794429302215576,2.9954261779785156,2.67057466506958
3.3794429302215576,2.9954261779785156,2.67057466506958
3.38057804107666,2.994286060333252,2.671391487121582
3.381321668624878,2.9941656589508057,2.6724226474761963
3.381321668624878,2.9941656589508057,2.6724226474761963
3.382011890411377,2.994508981704712,2.671466112136841
3.3827431201934814,2.9957995414733887,2.66835618019104
3.3827431201934814,2.9957995414733887,2.66835618019104
3.3832569122314453,2.9973061084747314,2.6652653217315674
3.3832569122314453,2.9973061084747314,2.6652653217315674
3.3842077255249023,2.998201370239258,2.662733316421509
3.384944200515747,2.998518705368042,2.660163402557373
3.384944200515747,2.998518705368042,2.660163402557373
3.38608980178833,2.998828411102295,2.657447576522827
3.3869590759277344,2.99869966506958,2.656158208847046
3.3869590759277344,2.99869966506958,2.656158208847046
3.3865628242492676,2.9985225200653076,2.6552670001983643
3.38814377784729,2.9970216751098633,2.655405044555664
3.38814377784729,2.9970216751098633,2.655405044555664
3.3893136978149414,2.9959278106689453,2.6557300090789795
3.3898732662200928,2.996065139770508,2.6548354625701904
3.3898732662200928,2.996065139770508,2.6548354625701904
3.3894577026367188,2.9965357780456543,2.6524016857147217
3.3894577026367188,2.9965357780456543,2.6524016857147217
3.3900091648101807,2.9985790252685547,2.64707350730896
3.390915632247925,2.998757839202881,2.6445043087005615
3.390915632247925,2.998757839202881,2.6445043087005615
3.3912973403930664,2.999032735824585,2.6425492763519287
3.3918755054473877,2.9991884231567383,2.641294240951538
3.3918755054473877,2.9991884231567383,2.641294240951538
3.3923275470733643,2.999419689178467,2.640251636505127
3.3923275470733643,2.999419689178467,2.640251636505127
3.3927979469299316,2.999833583831787,2.6377320289611816
3.3931095600128174,3.0010108947753906,2.634798288345337
3.3931095600128174,3.0010108947753906,2.634798288345337
3.3932862281799316,3.0015861988067627,2.6318798065185547
3.3938937187194824,3.0026750564575195,2.6285245418548584
3.3938937187194824,3.0026750564575195,2.6285245418548584
3.3955092430114746,3.0025107860565186,2.625552177429199
3.3955092430114746,3.0025107860565186,2.625552177429199
3.396421194076538,3.0033748149871826,2.6221399307250977
3.39707612991333,3.004132032394409,2.6191582679748535
3.39707612991333,3.004132032394409,2.6191582679748535
3.396871328353882,3.0051162242889404,2.6166980266571045
3.3972575664520264,3.0060603618621826,2.6143078804016113
3.3977644443511963,3.006063938140869,2.613253593444824
3.3977644443511963,3.006063938140869,2.613253593444824
3.398428201675415,3.005800247192383,2.6121997833251953
3.39916729927063,3.005744457244873,2.6109728813171387
3.39916729927063,3.005744457244873,2.6109728813171387
3.399837017059326,3.0054545402526855,2.6094415187835693
3.4001729488372803,3.005897283554077,2.607949733734131
3.4001729488372803,3.005897283554077,2.607949733734131
3.400411367416382,3.00665020942688,2.6053555011749268
3.400754451751709,3.006394147872925,2.602687358856201
3.4036054611206055,3.0042600631713867,2.5999293327331543
3.4036054611206055,3.0042600631713867,2.5999293327331543
3.4036333560943604,3.004546880722046,2.5974740982055664
3.4036333560943604,3.004546880722046,2.5974740982055664
3.405155658721924,3.005826711654663,2.5926473140716553
3.4054017066955566,3.007234811782837,2.5888962745666504
3.4054017066955566,3.007234811782837,2.5888962745666504
3.405895709991455,3.0085251331329346,2.587096929550171
3.406670093536377,3.009404182434082,2.5855677127838135
3.406670093536377,3.009404182434082,2.5855677127838135
3.4080429077148438,3.010010242462158,2.583587646484375
3.4080429077148438,3.010010242462158,2.583587646484375
3.408493995666504,3.0107500553131104,2.5814363956451416
3.4083409309387207,3.012118339538574,2.578458547592163
3.4083409309387207,3.012118339538574,2.578458547592163
3.4096646308898926,3.013396978378296,2.574873924255371
3.4096646308898926,3.013396978378296,2.574873924255371
3.411329984664917,3.0137062072753906,2.5719728469848633
3.4137911796569824,3.013878107070923,2.5688695907592773
3.4137911796569824,3.013878107070923,2.5688695907592773
3.4157044887542725,3.0134363174438477,2.566234588623047
3.416414737701416,3.013766050338745,2.5640623569488525
3.416414737701416,3.013766050338745,2.5640623569488525
3.4175822734832764,3.014582872390747,2.5613059997558594
3.4186129570007324,3.014841318130493,2.5589489936828613
3.4186129570007324,3.014841318130493,2.5589489936828613
3.4194865226745605,3.015334367752075,2.557271957397461
3.421037197113037,3.015503168106079,2.555107831954956
3.421037197113037,3.015503168106079,2.555107831954956
3.422468423843384,3.0153210163116455,2.5539348125457764
3.423091411590576,3.0155723094940186,2.5529944896698
3.423091411590576,3.0155723094940186,2.5529944896698
3.4243452548980713,3.015604257583618,2.551525831222534
3.4257476329803467,3.0159270763397217,2.5495262145996094
3.4257476329803467,3.0159270763397217,2.5495262145996094
3.427276611328125,3.0158963203430176,2.5475997924804688
3.427276611328125,3.0158963203430176,2.5475997924804688
3.4292972087860107,3.016146659851074,2.54471755027771
3.431330919265747,3.016735315322876,2.541147232055664
3.431330919265747,3.016735315322876,2.541147232055664
3.432666063308716,3.0176360607147217,2.5375843048095703
3.432666063308716,3.0176360607147217,2.5375843048095703
3.434182643890381,3.019864559173584,2.532747983932495
3.4366767406463623,3.020826578140259,2.5289385318756104
3.4366767406463623,3.020826578140259,2.5289385318756104
3.4381327629089355,3.021982192993164,2.5246219635009766
3.4381327629089355,3.021982192993164,2.5246219635009766
3.4387497901916504,3.0231990814208984,2.520994186401367
3.438563585281372,3.0247130393981934,2.517237424850464
3.438563585281372,3.0247130393981934,2.517237424850464
3.43827223777771,3.0257303714752197,2.5138745307922363
3.438408851623535,3.0260751247406006,2.511484146118164
3.438408851623535,3.0260751247406006,2.511484146118164
3.4380109310150146,3.026642322540283,2.508450984954834
3.4379687309265137,3.0267105102539062,2.5059220790863037
3.4379687309265137,3.0267105102539062,2.5059220790863037
3.4388833045959473,3.0266685485839844,2.5026426315307617
3.4395461082458496,3.0271055698394775,2.4993607997894287
3.4395461082458496,3.0271055698394775,2.4993607997894287
3.4402647018432617,3.027235269546509,2.497225046157837
3.4400384426116943,3.0273380279541016,2.496110439300537
3.4400384426116943,3.0273380279541016,2.496110439300537
3.4401865005493164,3.027583122253418,2.4944159984588623
3.4401865005493164,3.027583122253418,2.4944159984588623
3.441112995147705,3.0272328853607178,2.4928696155548096
3.4415764808654785,3.0268542766571045,2.491901397705078
3.4415764808654785,3.0268542766571045,2.491901397705078
3.4414432048797607,3.027151584625244,2.4914391040802
3.4414920806884766,3.0270614624023438,2.4911046028137207
3.4414920806884766,3.0270614624023438,2.4911046028137207
3.4424147605895996,3.0265700817108154,2.4897632598876953
3.4424147605895996,3.0265700817108154,2.4897632598876953
3.4434478282928467,3.0263707637786865,2.488701343536377
3.443829298019409,3.0265400409698486,2.4883463382720947
3.443829298019409,3.0265400409698486,2.4883463382720947
3.4440464973449707,3.0270352363586426,2.488142251968384
3.4440464973449707,3.0270352363586426,2.488142251968384
3.4453396797180176,3.0273938179016113,2.4878220558166504
3.4466984272003174,3.027463436126709,2.486394166946411
3.4466984272003174,3.027463436126709,2.486394166946411
3.44740891456604,3.0284671783447266,2.4840614795684814
3.44740891456604,3.0284671783447266,2.4840614795684814
3.4478869438171387,3.0290331840515137,2.4823198318481445
3.4480531215667725,3.029817581176758,2.480968475341797
3.447918176651001,3.0304627418518066,2.479036331176758
3.447918176651001,3.0304627418518066,2.479036331176758
3.4489567279815674,3.03123140335083,2.476849317550659
3.4497101306915283,3.031710386276245,2.475193500518799
3.4500198364257812,3.032179832458496,2.4743151664733887
3.4500198364257812,3.032179832458496,2.4743151664733887
3.449948787689209,3.0330893993377686,2.473116636276245
3.4501450061798096,3.0339725017547607,2.4718477725982666
3.4501450061798096,3.0339725017547607,2.4718477725982666
3.450275421142578,3.034193754196167,2.4710075855255127
3.44999361038208,3.0344393253326416,2.4707164764404297
3.44999361038208,3.0344393253326416,2.4707164764404297
3.449939489364624,3.034877061843872,2.4699385166168213
3.4507744312286377,3.035295248031616,2.4683680534362793
3.4507744312286377,3.035295248031616,2.4683680534362793
3.4525558948516846,3.035522699356079,2.4659323692321777
3.457404851913452,3.0337283611297607,2.463395357131958
3.457404851913452,3.0337283611297607,2.463395357131958
3.457738161087036,3.033433198928833,2.463334321975708
3.458791494369507,3.0330467224121094,2.4633593559265137
3.458791494369507,3.0330467224121094,2.4633593559265137
3.4591104984283447,3.0324666500091553,2.4639008045196533
3.4591410160064697,3.032505989074707,2.4639577865600586
3.4591410160064697,3.032505989074707,2.4639577865600586
3.4590485095977783,3.033503293991089,2.4630866050720215
3.4590485095977783,3.033503293991089,2.4630866050720215
3.4591400623321533,3.0338680744171143,2.4623184204101562
3.4600167274475098,3.0343117713928223,2.4613759517669678
3.4600167274475098,3.0343117713928223,2.4613759517669678
3.4608452320098877,3.03408145904541,2.4609289169311523
3.4611117839813232,3.033966541290283,2.4607160091400146
3.4611117839813232,3.033966541290283,2.4607160091400146
3.4624178409576416,3.0340635776519775,2.459167718887329
3.4628798961639404,3.0345003604888916,2.457493305206299
3.4628798961639404,3.0345003604888916,2.457493305206299
3.462787389755249,3.0355567932128906,2.4561328887939453
3.46311092376709,3.035956859588623,2.4550621509552
3.46311092376709,3.035956859588623,2.4550621509552
3.4641425609588623,3.035694122314453,2.454033851623535
3.4641425609588623,3.035694122314453,2.454033851623535
3.4648118019104004,3.035728693008423,2.4524693489074707
3.4647436141967773,3.036658525466919,2.4507241249084473
3.4647436141967773,3.036658525466919,2.4507241249084473
3.4642157554626465,3.0369503498077393,2.4495787620544434
3.4639248847961426,3.03704571723938,2.4486427307128906
3.4639248847961426,3.03704571723938,2.4486427307128906
3.464449882507324,3.0370380878448486,2.447535514831543
3.464449882507324,3.0370380878448486,2.447535514831543
3.4653759002685547,3.036858558654785,2.4459846019744873
3.4652509689331055,3.0378637313842773,2.443967342376709
3.4652509689331055,3.0378637313842773,2.443967342376709
3.464696168899536,3.0391318798065186,2.4421815872192383
3.464696168899536,3.0391318798065186,2.4421815872192383
3.464829921722412,3.0398738384246826,2.440480947494507
3.4652533531188965,3.040635585784912,2.439577341079712
3.4652533531188965,3.040635585784912,2.439577341079712
3.465423345565796,3.041440486907959,2.438098192214966
3.465423345565796,3.041440486907959,2.438098192214966
3.4656128883361816,3.042616367340088,2.436250925064087
3.4663827419281006,3.043154001235962,2.4350290298461914
3.4675796031951904,3.0434203147888184,2.433278799057007
3.4675796031951904,3.0434203147888184,2.433278799057007
3.4675099849700928,3.0441346168518066,2.4323012828826904
3.467848777770996,3.0444552898406982,2.4311208724975586
3.467848777770996,3.0444552898406982,2.4311208724975586
3.4667344093322754,3.0453059673309326,2.4296460151672363
3.4667344093322754,3.0453059673309326,2.4296460151672363
3.466987371444702,3.046288251876831,2.428187847137451
3.4681737422943115,3.0454440116882324,2.4282021522521973
3.4681737422943115,3.0454440116882324,2.4282021522521973
3.469036340713501,3.045016288757324,2.428147554397583
3.4691827297210693,3.0449962615966797,2.4281504154205322
3.4691827297210693,3.0449962615966797,2.4281504154205322
3.46911883354187,3.045423984527588,2.427156925201416
3.46911883354187,3.045423984527588,2.427156925201416
3.469546318054199,3.0462334156036377,2.4253475666046143
3.470418930053711,3.0470077991485596,2.4231512546539307
3.470418930053711,3.0470077991485596,2.4231512546539307
3.4706625938415527,3.047476291656494,2.4217169284820557
3.4706625938415527,3.047476291656494,2.4217169284820557
3.4708197116851807,3.0476365089416504,2.4207277297973633
3.4712772369384766,3.047987461090088,2.419100284576416
3.4712772369384766,3.047987461090088,2.419100284576416
3.4723966121673584,3.048778772354126,2.4161880016326904
3.4723966121673584,3.048778772354126,2.4161880016326904
3.4722447395324707,3.050022602081299,2.4136884212493896
3.4721567630767822,3.0509696006774902,2.412705183029175
3.4721567630767822,3.0509696006774902,2.412705183029175
3.472310781478882,3.0506839752197266,2.4123902320861816
3.472310781478882,3.0506839752197266,2.4123902320861816
3.4729158878326416,3.051259994506836,2.411456823348999
3.474285840988159,3.051295757293701,2.4095232486724854
3.474285840988159,3.051295757293701,2.4095232486724854
3.4753921031951904,3.052279233932495,2.4069156646728516
3.4753921031951904,3.052279233932495,2.4069156646728516
3.4775986671447754,3.0517568588256836,2.404256820678711
3.4784340858459473,3.052135467529297,2.402010917663574
3.4784340858459473,3.052135467529297,2.402010917663574
3.478769302368164,3.0528299808502197,2.400571584701538
3.47932505607605,3.0540051460266113,2.397961139678955
3.47932505607605,3.0540051460266113,2.397961139678955
3.4803006649017334,3.0556299686431885,2.3949475288391113
3.4814720153808594,3.0556087493896484,2.3928842544555664
3.4814720153808594,3.0556087493896484,2.3928842544555664
3.4825987815856934,3.0555381774902344,2.391950845718384
3.4825987815856934,3.0555381774902344,2.391950845718384
3.483412504196167,3.0556633472442627,2.390700101852417
3.483936071395874,3.05603289604187,2.389568567276001
3.483936071395874,3.05603289604187,2.389568567276001
3.4840238094329834,3.056455612182617,2.3887546062469482
3.4840238094329834,3.056455612182617,2.3887546062469482
3.4843599796295166,3.057311773300171,2.387559652328491
3.485776424407959,3.05755352973938,2.385673999786377
3.485776424407959,3.05755352973938,2.385673999786377
3.4872710704803467,3.057703971862793,2.3833937644958496
3.4872710704803467,3.057703971862793,2.3833937644958496
3.4895596504211426,3.0581538677215576,2.3797316551208496
3.4918148517608643,3.058856725692749,2.3755249977111816
3.4918148517608643,3.058856725692749,2.3755249977111816
3.493429660797119,3.0598816871643066,2.372077226638794
3.4939849376678467,3.0603296756744385,2.3703408241271973
3.4939849376678467,3.0603296756744385,2.3703408241271973
3.4949121475219727,3.0607995986938477,2.3686230182647705
3.4949121475219727,3.0607995986938477,2.3686230182647705
3.4958553314208984,3.060922861099243,2.367769718170166
3.4963395595550537,3.0605263710021973,2.367136240005493
3.497016668319702,3.061368942260742,2.3655292987823486
3.497016668319702,3.061368942260742,2.3655292987823486
3.497925043106079,3.061692953109741,2.3639309406280518
3.497925043106079,3.061692953109741,2.3639309406280518
3.498548984527588,3.0632147789001465,2.360938549041748
3.4992263317108154,3.06427264213562,2.358769416809082
3.5004823207855225,3.0649783611297607,2.3565118312835693
3.5004823207855225,3.0649783611297607,2.3565118312835693
3.502206802368164,3.0662498474121094,2.3530073165893555
3.5031275749206543,3.0678043365478516,2.3493411540985107
3.5031275749206543,3.0678043365478516,2.3493411540985107
3.503749132156372,3.069196939468384,2.3469653129577637
3.504403591156006,3.0704033374786377,2.3445546627044678
3.5055246353149414,3.070591926574707,2.342763662338257
3.5055246353149414,3.070591926574707,2.342763662338257
3.5061399936676025,3.0713415145874023,2.340847969055176
3.5071496963500977,3.072709798812866,2.337801933288574
3.5071496963500977,3.072709798812866,2.337801933288574
3.508591890335083,3.0733819007873535,2.335512161254883
3.510864019393921,3.07470703125,2.3319225311279297
3.512096643447876,3.075852870941162,2.3297791481018066
3.512096643447876,3.075852870941162,2.3297791481018066
3.512843370437622,3.076322555541992,2.328226089477539
3.512843370437622,3.076322555541992,2.328226089477539
3.5129337310791016,3.076704978942871,2.3272809982299805
3.5138535499572754,3.0773513317108154,2.3263258934020996
3.5138535499572754,3.0773513317108154,2.3263258934020996
3.5152437686920166,3.076943874359131,2.3252456188201904
3.5152437686920166,3.076943874359131,2.3252456188201904
3.516134738922119,3.0779173374176025,2.3219892978668213
3.5164127349853516,3.079331398010254,2.3192715644836426
3.5164127349853516,3.079331398010254,2.3192715644836426
3.5170459747314453,3.081174850463867,2.314987897872925
3.5179786682128906,3.082994222640991,2.3112223148345947
3.5179786682128906,3.082994222640991,2.3112223148345947
3.5186095237731934,3.0821633338928223,2.3096325397491455
3.518156051635742,3.0838117599487305,2.3088674545288086
3.518156051635742,3.0838117599487305,2.3088674545288086
3.5174670219421387,3.085409164428711,2.307459831237793
3.5181593894958496,3.0864856243133545,2.3052685260772705
3.5181593894958496,3.0864856243133545,2.3052685260772705
3.518965482711792,3.0868208408355713,2.303267002105713
3.519503593444824,3.0876200199127197,2.3011326789855957
3.519503593444824,3.0876200199127197,2.3011326789855957
3.519895076751709,3.088038921356201,2.2999563217163086
3.519895076751709,3.088038921356201,2.2999563217163086
3.5198545455932617,3.088233232498169,2.2988030910491943
3.520264148712158,3.088693857192993,2.2974987030029297
3.520264148712158,3.088693857192993,2.2974987030029297
3.522160530090332,3.0886452198028564,2.2958171367645264
3.523418664932251,3.089202404022217,2.2942934036254883
3.523970365524292,3.0897152423858643,2.2927892208099365
3.523970365524292,3.0897152423858643,2.2927892208099365
3.524381160736084,3.090167760848999,2.2905497550964355
3.524381160736084,3.090167760848999,2.2905497550964355
3.5254039764404297,3.0906982421875,2.288651466369629
3.526867389678955,3.0915844440460205,2.286229133605957
3.526867389678955,3.0915844440460205,2.286229133605957
3.528754234313965,3.092318058013916,2.282925605773926
3.530470609664917,3.0925090312957764,2.2807345390319824
3.53177809715271,3.0924079418182373,2.27968430519104
3.53177809715271,3.0924079418182373,2.27968430519104
3.5327188968658447,3.0926589965820312,2.2788684368133545
3.5335559844970703,3.0933735370635986,2.277073621749878
3.5335559844970703,3.0933735370635986,2.277073621749878
3.5346922874450684,3.0935118198394775,2.275027275085449
3.5346922874450684,3.0935118198394775,2.275027275085449
3.535412311553955,3.094374895095825,2.273484468460083
3.5366098880767822,3.0951695442199707,2.2717695236206055
3.5366098880767822,3.0951695442199707,2.2717695236206055
3.5388569831848145,3.0948028564453125,2.2695364952087402
3.5388569831848145,3.0948028564453125,2.2695364952087402
3.541278123855591,3.0948269367218018,2.2676029205322266
3.542501449584961,3.0950019359588623,2.2664616107940674
3.5443127155303955,3.094975471496582,2.265263557434082
3.5466971397399902,3.0958242416381836,2.2619850635528564
3.5466971397399902,3.0958242416381836,2.2619850635528564
3.548548698425293,3.096297025680542,2.2589945793151855
3.548548698425293,3.096297025680542,2.2589945793151855
3.5504448413848877,3.0978708267211914,2.255882978439331
3.551877021789551,3.0994279384613037,2.2531898021698
3.551877021789551,3.0994279384613037,2.2531898021698
3.5535318851470947,3.0997681617736816,2.251089334487915
3.554978370666504,3.100173234939575,2.2493906021118164
3.554978370666504,3.100173234939575,2.2493906021118164
3.5555081367492676,3.1010446548461914,2.247931957244873
3.5564515590667725,3.1020731925964355,2.246349811553955
3.5564515590667725,3.1020731925964355,2.246349811553955
3.557216167449951,3.102558135986328,2.2447400093078613
3.557948112487793,3.1035401821136475,2.2427825927734375
3.557948112487793,3.1035401821136475,2.2427825927734375
3.5589563846588135,3.104584217071533,2.241014003753662
3.559931516647339,3.1051230430603027,2.239549160003662
3.559931516647339,3.1051230430603027,2.239549160003662
3.5608036518096924,3.1062800884246826,2.237748622894287
3.561138391494751,3.1065657138824463,2.236701250076294
3.56146502494812,3.1078648567199707,2.235098123550415
3.56146502494812,3.1078648567199707,2.235098123550415
3.5630853176116943,3.1090006828308105,2.2323200702667236
3.564544439315796,3.110567092895508,2.228917360305786
3.5649960041046143,3.111726760864258,2.22627592086792
3.5649960041046143,3.111726760864258,2.22627592086792
3.5655596256256104,3.112750291824341,2.2241463661193848
3.565927267074585,3.1145293712615967,2.2215704917907715
3.565927267074585,3.1145293712615967,2.2215704917907715
3.566189765930176,3.1158487796783447,2.2192933559417725
3.5664901733398438,3.1163723468780518,2.217446804046631
3.5664901733398438,3.1163723468780518,2.217446804046631
3.566845655441284,3.116626501083374,2.2156565189361572
3.567160129547119,3.1174027919769287,2.21309494972229
3.567160129547119,3.1174027919769287,2.21309494972229
3.5683975219726562,3.117858648300171,2.21063494682312
3.5702250003814697,3.119105339050293,2.2069480419158936
3.5702250003814697,3.119105339050293,2.2069480419158936
3.5720102787017822,3.1201589107513428,2.2036261558532715
3.573136806488037,3.1205062866210938,2.2018837928771973
3.573136806488037,3.1205062866210938,2.2018837928771973
3.573124408721924,3.120832920074463,2.2008097171783447
3.573124408721924,3.120832920074463,2.2008097171783447
3.573876142501831,3.1212549209594727,2.1994576454162598
3.5750679969787598,3.1212692260742188,2.198685884475708
3.5750679969787598,3.1212692260742188,2.198685884475708
3.576409339904785,3.1217308044433594,2.1974074840545654
3.5766944885253906,3.122205972671509,2.19622802734375
3.5766944885253906,3.122205972671509,2.19622802734375
3.5780982971191406,3.1226561069488525,2.1944894790649414
3.579491376876831,3.1220221519470215,2.1932437419891357
3.579491376876831,3.1220221519470215,2.1932437419891357
3.5808677673339844,3.1225693225860596,2.1914336681365967
3.5805788040161133,3.124983787536621,2.1892149448394775
3.5805788040161133,3.124983787536621,2.1892149448394775
3.579739570617676,3.126235246658325,2.188586473464966
3.579739570617676,3.126235246658325,2.188586473464966
3.578866481781006,3.1248812675476074,2.1909677982330322
3.579822540283203,3.122035264968872,2.1939969062805176
3.579822540283203,3.122035264968872,2.1939969062805176
3.5803399085998535,3.1214661598205566,2.194315195083618
3.5811026096343994,3.1222355365753174,2.192521095275879
3.5811026096343994,3.1222355365753174,2.192521095275879
3.5819098949432373,3.1226284503936768,2.191063404083252
3.5819098949432373,3.1226284503936768,2.191063404083252
3.5834319591522217,3.1233632564544678,2.189293146133423
3.584779739379883,3.1239614486694336,2.187671422958374
3.584779739379883,3.1239614486694336,2.187671422958374
3.586191415786743,3.1242270469665527,2.1860690116882324
3.5871431827545166,3.124695062637329,2.184962034225464
3.587761878967285,3.124878406524658,2.1841070652008057
3.587761878967285,3.124878406524658,2.1841070652008057
3.5881683826446533,3.1244966983795166,2.1836867332458496
3.5881683826446533,3.1244966983795166,2.1836867332458496
3.5887107849121094,3.124784231185913,2.182750701904297
3.5899643898010254,3.125105142593384,2.181417942047119
3.5899643898010254,3.125105142593384,2.181417942047119
3.5915372371673584,3.125784158706665,2.1798315048217773
3.5942327976226807,3.125366449356079,2.1792051792144775
3.5942327976226807,3.125366449356079,2.1792051792144775
3.5995490550994873,3.123034715652466,2.179419994354248
3.59964656829834,3.123232126235962,2.1793036460876465
3.59964656829834,3.123232126235962,2.1793036460876465
3.6012415885925293,3.1232993602752686,2.1787002086639404
3.602700710296631,3.1231343746185303,2.1785244941711426
3.602700710296631,3.1231343746185303,2.1785244941711426
3.6033713817596436,3.1233227252960205,2.178234577178955
3.6039185523986816,3.1241586208343506,2.177400827407837
3.6039185523986816,3.1241586208343506,2.177400827407837
3.6051807403564453,3.124393939971924,2.1765427589416504
3.6051807403564453,3.124393939971924,2.1765427589416504
3.606239080429077,3.124953508377075,2.1750869750976562
3.607314109802246,3.1254537105560303,2.1740055084228516
3.607314109802246,3.1254537105560303,2.1740055084228516
3.60842227935791,3.1261916160583496,2.1722543239593506
3.609858751296997,3.126803398132324,2.170501947402954
3.609858751296997,3.126803398132324,2.170501947402954
3.6107003688812256,3.1275453567504883,2.1683778762817383
3.611114025115967,3.1286778450012207,2.1664621829986572
3.611123561859131,3.1292123794555664,2.165611505508423
3.611123561859131,3.1292123794555664,2.165611505508423
3.6116366386413574,3.12919020652771,2.1650424003601074
3.6130101680755615,3.1290931701660156,2.1641805171966553
3.6130101680755615,3.1290931701660156,2.1641805171966553
3.6139588356018066,3.1298410892486572,2.16253924369812
3.6144251823425293,3.130854368209839,2.1607513427734375
3.6144251823425293,3.130854368209839,2.1607513427734375
3.615593671798706,3.131528854370117,2.1585779190063477
3.615593671798706,3.131528854370117,2.1585779190063477
3.6167807579040527,3.1323516368865967,2.1568357944488525
3.617971658706665,3.1328365802764893,2.155280590057373
3.618861198425293,3.133394479751587,2.1538591384887695
3.620274066925049,3.1342873573303223,2.151524782180786
3.620274066925049,3.1342873573303223,2.151524782180786
3.621260643005371,3.1347594261169434,2.1500558853149414
3.621870517730713,3.135470390319824,2.1482608318328857
3.621870517730713,3.135470390319824,2.1482608318328857
3.622652053833008,3.136136770248413,2.1466617584228516
3.624164342880249,3.13693904876709,2.143930673599243
3.6253764629364014,3.1385648250579834,2.1410746574401855
3.6253764629364014,3.1385648250579834,2.1410746574401855
3.626699924468994,3.1399571895599365,2.138310670852661
3.626699924468994,3.1399571895599365,2.138310670852661
3.6278810501098633,3.141200065612793,2.1359732151031494
3.628748893737793,3.1418373584747314,2.1345372200012207
3.628748893737793,3.1418373584747314,2.1345372200012207
3.6295199394226074,3.1418018341064453,2.1337993144989014
3.630831480026245,3.1426546573638916,2.1320927143096924
3.630831480026245,3.1426546573638916,2.1320927143096924
3.631711006164551,3.143284320831299,2.1307179927825928
3.631711006164551,3.143284320831299,2.1307179927825928
3.6316421031951904,3.1436281204223633,2.129751682281494
3.631781816482544,3.1443026065826416,2.128382444381714
3.632493495941162,3.14504075050354,2.1268699169158936
3.6340830326080322,3.145569086074829,2.124513864517212
3.6340830326080322,3.145569086074829,2.124513864517212
3.634596347808838,3.1464462280273438,2.1226367950439453
3.634596347808838,3.1464462280273438,2.1226367950439453
3.634876251220703,3.147791624069214,2.1203815937042236
3.635504961013794,3.148681163787842,2.118943214416504
3.635504961013794,3.148681163787842,2.118943214416504
3.6365530490875244,3.1495299339294434,2.1185216903686523
3.637256622314453,3.1499571800231934,2.1183931827545166
3.637761354446411,3.1508588790893555,2.117656707763672
3.6392438411712646,3.1522181034088135,2.1156527996063232
3.6392438411712646,3.1522181034088135,2.1156527996063232
3.6403982639312744,3.1535966396331787,2.1139819622039795
3.6426141262054443,3.1546988487243652,2.1124050617218018
3.6426141262054443,3.1546988487243652,2.1124050617218018
3.6437606811523438,3.1544947624206543,2.1124606132507324
3.6437606811523438,3.1544947624206543,2.1124606132507324
3.644190549850464,3.1540164947509766,2.1123669147491455
3.6449129581451416,3.1545472145080566,2.1111245155334473
3.6449129581451416,3.1545472145080566,2.1111245155334473
3.646514654159546,3.1557557582855225,2.1090548038482666
3.6480636596679688,3.156447649002075,2.1073882579803467
3.6480636596679688,3.156447649002075,2.1073882579803467
3.6489996910095215,3.157754421234131,2.104731798171997
3.6491758823394775,3.158954620361328,2.1029446125030518
3.6491758823394775,3.158954620361328,2.1029446125030518
3.649876356124878,3.160752296447754,2.099776268005371
3.6513538360595703,3.1624598503112793,2.096484899520874
3.6513538360595703,3.1624598503112793,2.096484899520874
3.6520233154296875,3.1633527278900146,2.094545841217041
3.652369260787964,3.164083480834961,2.0932419300079346
3.652369260787964,3.164083480834961,2.0932419300079346
3.6526975631713867,3.1646249294281006,2.091761827468872
3.653622627258301,3.165456771850586,2.0898571014404297
3.653622627258301,3.165456771850586,2.0898571014404297
3.6542296409606934,3.1659367084503174,2.08832049369812
3.6542296409606934,3.1659367084503174,2.08832049369812
3.6544435024261475,3.166565418243408,2.0878963470458984
3.654228448867798,3.1671643257141113,2.087312698364258
3.654228448867798,3.1671643257141113,2.087312698364258
3.654679775238037,3.1688053607940674,2.0847814083099365
3.6556107997894287,3.1701509952545166,2.082552194595337
3.6556107997894287,3.1701509952545166,2.082552194595337
3.6567463874816895,3.171384572982788,2.0804145336151123
3.6569502353668213,3.1717448234558105,2.0791125297546387
3.6567037105560303,3.172360897064209,2.07763409614563
3.6567037105560303,3.172360897064209,2.07763409614563
3.6568644046783447,3.172762155532837,2.076413154602051
3.6568644046783447,3.172762155532837,2.076413154602051
3.6581807136535645,3.173067092895508,2.074788808822632
3.6600024700164795,3.173222303390503,2.073148250579834
3.6600024700164795,3.173222303390503,2.073148250579834
3.6606688499450684,3.174036979675293,2.0716969966888428
3.6606688499450684,3.174036979675293,2.0716969966888428
3.6603288650512695,3.174555778503418,2.0712032318115234
3.6603708267211914,3.1750478744506836,2.070932388305664
3.6611461639404297,3.1750905513763428,2.0704846382141113
3.6611461639404297,3.1750905513763428,2.0704846382141113
3.661771297454834,3.1753036975860596,2.069551467895508
3.661771297454834,3.1753036975860596,2.069551467895508
3.6622936725616455,3.175537347793579,2.068758487701416
3.6627347469329834,3.17572283744812,2.0679233074188232
3.6627347469329834,3.17572283744812,2.0679233074188232
3.6633710861206055,3.1772170066833496,2.0659472942352295
3.6633071899414062,3.178288459777832,2.0641825199127197
3.663408041000366,3.179405689239502,2.0627529621124268
3.663408041000366,3.179405689239502,2.0627529621124268
3.664048671722412,3.180203437805176,2.0622286796569824
3.664255142211914,3.1804208755493164,2.0621261596679688
3.664255142211914,3.1804208755493164,2.0621261596679688
3.663964033126831,3.1806466579437256,2.0616960525512695
3.663942813873291,3.1805901527404785,2.0617294311523438
3.663942813873291,3.1805901527404785,2.0617294311523438
