x,y,z
3.245487928390503,2.890955686569214,3.7989704608917236
3.2450032234191895,2.887425661087036,3.8019602298736572
3.2444262504577637,2.890043020248413,3.800353527069092
3.2444262504577637,2.890043020248413,3.800353527069092
3.24463152885437,2.891425132751465,3.7981936931610107
3.24463152885437,2.891425132751465,3.7981936931610107
3.2439558506011963,2.890498399734497,3.798814535140991
3.243861675262451,2.891716718673706,3.7984418869018555
3.2442402839660645,2.892296552658081,3.7982494831085205
3.2442402839660645,2.892296552658081,3.7982494831085205
3.2442784309387207,2.8914222717285156,3.799591541290283
3.2441015243530273,2.891896963119507,3.7994844913482666
3.24371075630188,2.8909928798675537,3.7993321418762207
3.24371075630188,2.8909928798675537,3.7993321418762207
3.244609832763672,2.8899343013763428,3.7978427410125732
3.244877338409424,2.890199899673462,3.795677423477173
3.244877338409424,2.890199899673462,3.795677423477173
3.2443370819091797,2.8901679515838623,3.7947611808776855
3.244354248046875,2.8901352882385254,3.7946481704711914
3.2447657585144043,2.8902361392974854,3.794454574584961
3.2458200454711914,2.8889267444610596,3.7953436374664307
3.2458200454711914,2.8889267444610596,3.7953436374664307
3.24646258354187,2.888794422149658,3.7953128814697266
3.2464284896850586,2.8882367610931396,3.794832468032837
3.2464284896850586,2.8882367610931396,3.794832468032837
3.2468388080596924,2.8879008293151855,3.7937917709350586
3.248073101043701,2.887343406677246,3.791872262954712
3.24845290184021,2.885617256164551,3.791774034500122
3.24845290184021,2.885617256164551,3.791774034500122
3.2489216327667236,2.885094165802002,3.7916314601898193
3.2497968673706055,2.8853180408477783,3.790355682373047
3.2502522468566895,2.884384870529175,3.7903707027435303
3.2502522468566895,2.884384870529175,3.7903707027435303
3.2505252361297607,2.8850014209747314,3.790104866027832
3.250429630279541,2.8851053714752197,3.790069341659546
3.2510411739349365,2.885390043258667,3.7888262271881104
3.2510411739349365,2.885390043258667,3.7888262271881104
3.251610517501831,2.885674238204956,3.785642147064209
3.2529420852661133,2.885284662246704,3.7821855545043945
3.2529420852661133,2.885284662246704,3.7821855545043945
3.252837896347046,2.8854639530181885,3.7793827056884766
3.253660202026367,2.8846211433410645,3.7771594524383545
3.253660202026367,2.8846211433410645,3.7771594524383545
3.2547125816345215,2.883904218673706,3.7752926349639893
3.2549240589141846,2.8834567070007324,3.7745838165283203
3.2549240589141846,2.8834567070007324,3.7745838165283203
3.25534725189209,2.8812196254730225,3.7759149074554443
3.256897449493408,2.8814923763275146,3.7748289108276367
3.257664680480957,2.882678270339966,3.773014545440674
3.257664680480957,2.882678270339966,3.773014545440674
3.257598400115967,2.88179874420166,3.7725729942321777
3.2582669258117676,2.8829329013824463,3.769777536392212
3.2582669258117676,2.8829329013824463,3.769777536392212
3.258460760116577,2.8828771114349365,3.768498420715332
3.259514093399048,2.882601499557495,3.7671287059783936
3.2591216564178467,2.882869243621826,3.7664148807525635
3.2591216564178467,2.882869243621826,3.7664148807525635
3.259493589401245,2.8824117183685303,3.7663097381591797
3.260462999343872,2.8823227882385254,3.7653706073760986
3.260462999343872,2.8823227882385254,3.7653706073760986
3.2603378295898438,2.882342576980591,3.764798641204834
3.261080026626587,2.8817906379699707,3.764402389526367
3.261080026626587,2.8817906379699707,3.764402389526367
3.261147975921631,2.8831725120544434,3.762155294418335
3.2601754665374756,2.8830690383911133,3.7611875534057617
3.2601754665374756,2.8830690383911133,3.7611875534057617
3.2622220516204834,2.8825254440307617,3.758854389190674
3.2618658542633057,2.8828792572021484,3.7575151920318604
3.260978937149048,2.882800817489624,3.7561159133911133
3.260978937149048,2.882800817489624,3.7561159133911133
3.261878490447998,2.883225440979004,3.7528254985809326
3.2622740268707275,2.8827061653137207,3.7512123584747314
3.263152599334717,2.882019281387329,3.748965263366699
3.263152599334717,2.882019281387329,3.748965263366699
3.262653350830078,2.882225513458252,3.7464022636413574
3.2625961303710938,2.882248878479004,3.7453536987304688
3.2625961303710938,2.882248878479004,3.7453536987304688
3.263197660446167,2.882730007171631,3.74440336227417
3.2642147541046143,2.8825395107269287,3.744764804840088
3.2642147541046143,2.8825395107269287,3.744764804840088
3.2650866508483887,2.8817710876464844,3.745565176010132
3.265505075454712,2.8818953037261963,3.745612382888794
3.265505075454712,2.8818953037261963,3.745612382888794
3.2657415866851807,2.8820278644561768,3.743661403656006
3.2657694816589355,2.8819215297698975,3.7418999671936035
3.2657694816589355,2.8819215297698975,3.7418999671936035
3.266204833984375,2.882549285888672,3.738567352294922
3.2676138877868652,2.8819892406463623,3.7358334064483643
3.2676138877868652,2.8819892406463623,3.7358334064483643
3.2688052654266357,2.8810226917266846,3.7337770462036133
3.269334077835083,2.8811988830566406,3.731659173965454
3.269188642501831,2.8811964988708496,3.730316162109375
3.269188642501831,2.8811964988708496,3.730316162109375
3.2696971893310547,2.880917549133301,3.7287776470184326
3.2704854011535645,2.8809640407562256,3.727750539779663
3.2713143825531006,2.880493402481079,3.7268433570861816
3.2713143825531006,2.880493402481079,3.7268433570861816
3.2718827724456787,2.879789113998413,3.7260069847106934
3.2723686695098877,2.8797316551208496,3.7235069274902344
3.2723686695098877,2.8797316551208496,3.7235069274902344
3.273895025253296,2.87911319732666,3.720032215118408
3.2746548652648926,2.878169059753418,3.7171146869659424
3.2746548652648926,2.878169059753418,3.7171146869659424
3.2751665115356445,2.878636121749878,3.7129814624786377
3.2749814987182617,2.8784873485565186,3.711721181869507
3.275405168533325,2.8785791397094727,3.7108099460601807
3.275405168533325,2.8785791397094727,3.7108099460601807
3.2759487628936768,2.878746271133423,3.710829019546509
3.2770607471466064,2.8790786266326904,3.7102458477020264
3.2770607471466064,2.8790786266326904,3.7102458477020264
3.277186870574951,2.8792097568511963,3.7099015712738037
3.2784125804901123,2.878988027572632,3.7082598209381104
3.2784125804901123,2.878988027572632,3.7082598209381104
3.279367208480835,2.8794071674346924,3.704957962036133
3.2801756858825684,2.8794057369232178,3.702570676803589
3.2801756858825684,2.8794057369232178,3.702570676803589
3.280247688293457,2.8791615962982178,3.700141668319702
3.280409336090088,2.8794193267822266,3.698460102081299
3.280656099319458,2.8800058364868164,3.6960551738739014
3.280656099319458,2.8800058364868164,3.6960551738739014
3.281837224960327,2.880185127258301,3.6935534477233887
3.28222918510437,2.8801398277282715,3.692251682281494
3.28222918510437,2.8801398277282715,3.692251682281494
3.283097743988037,2.879802942276001,3.6911256313323975
3.28385066986084,2.8796684741973877,3.690598487854004
3.28385066986084,2.8796684741973877,3.690598487854004
3.2845351696014404,2.8796486854553223,3.689818859100342
3.2849948406219482,2.879575490951538,3.6894984245300293
3.286437749862671,2.8791563510894775,3.688710927963257
3.286437749862671,2.8791563510894775,3.688710927963257
3.286905527114868,2.8789689540863037,3.6883280277252197
3.2868995666503906,2.878690242767334,3.6882636547088623
3.2868995666503906,2.878690242767334,3.6882636547088623
3.288588762283325,2.878769636154175,3.6867001056671143
3.289442777633667,2.8788418769836426,3.685321569442749
3.289442777633667,2.8788418769836426,3.685321569442749
3.2900197505950928,2.878619432449341,3.683580160140991
3.289980888366699,2.878998041152954,3.681903839111328
3.2908098697662354,2.878873825073242,3.6802515983581543
3.2908098697662354,2.878873825073242,3.6802515983581543
3.2912187576293945,2.878814220428467,3.6794683933258057
3.2917706966400146,2.878671407699585,3.6790361404418945
3.2917706966400146,2.878671407699585,3.6790361404418945
3.29278302192688,2.8785688877105713,3.6779603958129883
3.2932627201080322,2.8787331581115723,3.6771559715270996
3.2932627201080322,2.8787331581115723,3.6771559715270996
3.2940714359283447,2.878441572189331,3.6761345863342285
3.293916702270508,2.8786611557006836,3.6755521297454834
3.293916702270508,2.8786611557006836,3.6755521297454834
3.2934844493865967,2.8790924549102783,3.6751954555511475
3.293644905090332,2.879544496536255,3.675144910812378
3.2933454513549805,2.8792624473571777,3.6754603385925293
3.2933454513549805,2.8792624473571777,3.6754603385925293
3.2936835289001465,2.878955364227295,3.675112247467041
3.2947046756744385,2.878931760787964,3.6737406253814697
3.2947046756744385,2.878931760787964,3.6737406253814697
3.294171094894409,2.8790266513824463,3.673499822616577
3.2943735122680664,2.8795409202575684,3.6716692447662354
3.2943735122680664,2.8795409202575684,3.6716692447662354
3.2948265075683594,2.8799235820770264,3.6693875789642334
3.2959840297698975,2.879652261734009,3.667724132537842
3.2957916259765625,2.87994122505188,3.6670186519622803
3.2957916259765625,2.87994122505188,3.6670186519622803
3.296140432357788,2.8801662921905518,3.6659114360809326
3.2961833477020264,2.8802437782287598,3.665510654449463
3.2961833477020264,2.8802437782287598,3.665510654449463
3.297581672668457,2.8803887367248535,3.664931058883667
3.2977120876312256,2.8805482387542725,3.664466619491577
3.298022985458374,2.881218910217285,3.6629347801208496
3.298022985458374,2.881218910217285,3.6629347801208496
3.29874849319458,2.8810617923736572,3.661912441253662
3.2991979122161865,2.8808109760284424,3.6618518829345703
3.2991979122161865,2.8808109760284424,3.6618518829345703
3.3004331588745117,2.8804242610931396,3.662032127380371
3.3007211685180664,2.8799960613250732,3.6628036499023438
3.3007211685180664,2.8799960613250732,3.6628036499023438
3.301114320755005,2.879875421524048,3.6630098819732666
3.3013949394226074,2.8797659873962402,3.6633658409118652
3.301945447921753,2.8803389072418213,3.662661075592041
3.301945447921753,2.8803389072418213,3.662661075592041
3.302304983139038,2.8810391426086426,3.6609184741973877
3.3017544746398926,2.880711793899536,3.6603333950042725
3.3017544746398926,2.880711793899536,3.6603333950042725
3.3028292655944824,2.8803017139434814,3.6580758094787598
3.3039345741271973,2.8801798820495605,3.656578302383423
3.3039345741271973,2.8801798820495605,3.656578302383423
3.3051111698150635,2.8797032833099365,3.655468225479126
3.3057796955108643,2.879429340362549,3.6547460556030273
3.3063416481018066,2.87924861907959,3.653881549835205
3.3063416481018066,2.87924861907959,3.653881549835205
3.307637929916382,2.878957986831665,3.652688980102539
3.308267831802368,2.8788559436798096,3.651170492172241
3.308267831802368,2.8788559436798096,3.651170492172241
3.309957981109619,2.8782641887664795,3.6491594314575195
3.3104681968688965,2.878164768218994,3.648350477218628
3.3108620643615723,2.878460168838501,3.6475629806518555
3.3108620643615723,2.878460168838501,3.6475629806518555
3.311352014541626,2.8785789012908936,3.646996259689331
3.312162399291992,2.8790152072906494,3.645390272140503
3.312162399291992,2.8790152072906494,3.645390272140503
3.3126940727233887,2.8800110816955566,3.641561985015869
3.312401533126831,2.8806703090667725,3.639198064804077
3.312401533126831,2.8806703090667725,3.639198064804077
3.3126795291900635,2.8809125423431396,3.637462615966797
3.3128159046173096,2.8804216384887695,3.6372954845428467
3.3128159046173096,2.8804216384887695,3.6372954845428467
3.3134686946868896,2.8805251121520996,3.6366281509399414
3.3137781620025635,2.88063645362854,3.635524272918701
3.3137781620025635,2.88063645362854,3.635524272918701
3.3137753009796143,2.8812379837036133,3.6327507495880127
3.3140311241149902,2.881397247314453,3.6316404342651367
3.3140311241149902,2.881397247314453,3.6316404342651367
3.3145201206207275,2.881378412246704,3.6309118270874023
3.31473708152771,2.8813116550445557,3.6302883625030518
3.3149402141571045,2.8811728954315186,3.629598617553711
3.315061092376709,2.88042950630188,3.6291894912719727
3.315061092376709,2.88042950630188,3.6291894912719727
3.3156323432922363,2.8800835609436035,3.628653049468994
3.315816879272461,2.880117416381836,3.6286401748657227
3.3159749507904053,2.8803207874298096,3.6285219192504883
3.3166005611419678,2.87984561920166,3.6287271976470947
3.3166005611419678,2.87984561920166,3.6287271976470947
3.316749334335327,2.879775285720825,3.628542900085449
3.3167452812194824,2.879528760910034,3.6282002925872803
3.3167452812194824,2.879528760910034,3.6282002925872803
3.3169167041778564,2.879336357116699,3.6277716159820557
3.317119598388672,2.879585027694702,3.6272716522216797
3.317119598388672,2.879585027694702,3.6272716522216797
3.3178184032440186,2.879779815673828,3.626896381378174
3.3178822994232178,2.87961483001709,3.6259915828704834
3.3187618255615234,2.879586696624756,3.624011993408203
3.3187618255615234,2.879586696624756,3.624011993408203
3.3194985389709473,2.8792216777801514,3.6224193572998047
3.320125102996826,2.879300355911255,3.6208345890045166
3.320125102996826,2.879300355911255,3.6208345890045166
3.3210368156433105,2.8791890144348145,3.619508981704712
3.3215787410736084,2.878948211669922,3.6191070079803467
3.3215787410736084,2.878948211669922,3.6191070079803467
3.322436809539795,2.879240036010742,3.6179518699645996
3.322908878326416,2.879103183746338,3.6164040565490723
3.322908878326416,2.879103183746338,3.6164040565490723
3.323667526245117,2.879401683807373,3.6124472618103027
3.324047088623047,2.879611015319824,3.610605478286743
3.3233911991119385,2.879579782485962,3.6094279289245605
3.3233911991119385,2.879579782485962,3.6094279289245605
3.323490619659424,2.8797171115875244,3.6088755130767822
3.3239476680755615,2.879347562789917,3.6096253395080566
3.3239476680755615,2.879347562789917,3.6096253395080566
3.323002815246582,2.87850284576416,3.6104238033294678
3.3230104446411133,2.8785054683685303,3.6098060607910156
3.3239409923553467,2.8782355785369873,3.60823917388916
3.3239409923553467,2.8782355785369873,3.60823917388916
3.323989152908325,2.8777997493743896,3.607353925704956
3.3235461711883545,2.878105640411377,3.6068308353424072
3.3235461711883545,2.878105640411377,3.6068308353424072
3.323885202407837,2.8779027462005615,3.606363534927368
3.3250269889831543,2.877626419067383,3.606046199798584
3.3250269889831543,2.877626419067383,3.606046199798584
3.3244659900665283,2.8774075508117676,3.6060471534729004
3.324906826019287,2.877453327178955,3.6053333282470703
3.3257651329040527,2.877610921859741,3.603797674179077
3.3257651329040527,2.877610921859741,3.603797674179077
3.327075481414795,2.8777198791503906,3.602017402648926
3.3281402587890625,2.8773159980773926,3.6004393100738525
3.3281402587890625,2.8773159980773926,3.6004393100738525
3.3298113346099854,2.8772170543670654,3.597600221633911
3.3298113346099854,2.8772170543670654,3.597600221633911
3.331711769104004,2.876624345779419,3.594831943511963
3.3322129249572754,2.876260995864868,3.5932698249816895
3.331603765487671,2.8768837451934814,3.5919511318206787
3.331603765487671,2.8768837451934814,3.5919511318206787
3.3306972980499268,2.877450704574585,3.5911941528320312
3.331505298614502,2.8772153854370117,3.5902111530303955
3.3326432704925537,2.8773391246795654,3.5890443325042725
3.3326432704925537,2.8773391246795654,3.5890443325042725
3.3344624042510986,2.876939296722412,3.5870020389556885
3.336570978164673,2.8766579627990723,3.5843708515167236
3.336570978164673,2.8766579627990723,3.5843708515167236
3.3370206356048584,2.8763980865478516,3.5821192264556885
3.337712287902832,2.876664161682129,3.5799548625946045
3.337712287902832,2.876664161682129,3.5799548625946045
3.338391065597534,2.8766050338745117,3.578916549682617
3.3387291431427,2.876344919204712,3.5785560607910156
3.3389828205108643,2.876539945602417,3.578256607055664
3.3389828205108643,2.876539945602417,3.578256607055664
3.3399319648742676,2.8766121864318848,3.576885938644409
3.3407375812530518,2.8771328926086426,3.575056552886963
3.3407375812530518,2.8771328926086426,3.575056552886963
3.3406267166137695,2.8772006034851074,3.5730152130126953
3.3415470123291016,2.8777267932891846,3.5700743198394775
3.3415470123291016,2.8777267932891846,3.5700743198394775
3.3421401977539062,2.8773365020751953,3.5693211555480957
3.342474937438965,2.877722978591919,3.568382501602173
3.342656373977661,2.8779382705688477,3.5673460960388184
3.342656373977661,2.8779382705688477,3.5673460960388184
3.3432400226593018,2.878016710281372,3.566417694091797
3.3432843685150146,2.8786628246307373,3.5655922889709473
3.3432843685150146,2.8786628246307373,3.5655922889709473
3.3434808254241943,2.878964424133301,3.5645480155944824
3.3434884548187256,2.8791794776916504,3.5638561248779297
3.345430612564087,2.8792378902435303,3.5623586177825928
3.345430612564087,2.8792378902435303,3.5623586177825928
3.346853017807007,2.8784916400909424,3.561225414276123
3.3465476036071777,2.878666877746582,3.5602409839630127
3.3465476036071777,2.878666877746582,3.5602409839630127
3.3465416431427,2.8794448375701904,3.557140350341797
3.3464841842651367,2.880876302719116,3.554054021835327
3.3464841842651367,2.880876302719116,3.554054021835327
3.3463492393493652,2.8809144496917725,3.5537633895874023
3.3470444679260254,2.8806159496307373,3.553992509841919
3.3470444679260254,2.8806159496307373,3.553992509841919
3.3485267162323,2.8802311420440674,3.5545506477355957
3.3486363887786865,2.87985897064209,3.554645538330078
3.3481600284576416,2.880279541015625,3.553781032562256
3.3481600284576416,2.880279541015625,3.553781032562256
3.348620653152466,2.880807399749756,3.55159854888916
3.350424289703369,2.880664110183716,3.5487866401672363
3.350424289703369,2.880664110183716,3.5487866401672363
3.351271867752075,2.8806490898132324,3.5463979244232178
3.3510355949401855,2.8811583518981934,3.544670581817627
3.3510355949401855,2.8811583518981934,3.544670581817627
3.350675344467163,2.881688117980957,3.5425925254821777
3.351487636566162,2.8817079067230225,3.5411932468414307
3.351810932159424,2.881347417831421,3.5404298305511475
3.351810932159424,2.881347417831421,3.5404298305511475
3.3524460792541504,2.8808109760284424,3.540198564529419
3.353078842163086,2.881040334701538,3.5402743816375732
3.353078842163086,2.881040334701538,3.5402743816375732
3.3542487621307373,2.8808133602142334,3.5404183864593506
3.3552372455596924,2.8800928592681885,3.539604425430298
3.3552372455596924,2.8800928592681885,3.539604425430298
3.357602834701538,2.879927635192871,3.535170793533325
3.358444929122925,2.8796823024749756,3.5324020385742188
3.358444929122925,2.8796823024749756,3.5324020385742188
3.3572285175323486,2.880676031112671,3.529756546020508
3.3572373390197754,2.8810298442840576,3.529561758041382
3.3572373390197754,2.8810298442840576,3.529561758041382
3.358757734298706,2.8806374073028564,3.530123233795166
3.3587424755096436,2.880524158477783,3.5308125019073486
3.3587424755096436,2.880524158477783,3.5308125019073486
3.3567514419555664,2.8796606063842773,3.5318593978881836
3.3574421405792236,2.8798766136169434,3.5312201976776123
3.3580262660980225,2.88006854057312,3.529601573944092
3.3580262660980225,2.88006854057312,3.529601573944092
3.357332706451416,2.8806629180908203,3.5276906490325928
3.357332706451416,2.8806629180908203,3.5276906490325928
3.3567426204681396,2.880746603012085,3.526108741760254
3.356558084487915,2.8807122707366943,3.5257396697998047
3.3570051193237305,2.8806660175323486,3.5256125926971436
3.3570051193237305,2.8806660175323486,3.5256125926971436
3.3574085235595703,2.88043475151062,3.5259766578674316
3.3576416969299316,2.880034923553467,3.5261523723602295
3.3577606678009033,2.880516529083252,3.525385856628418
3.3576483726501465,2.8803114891052246,3.525233268737793
3.3576483726501465,2.8803114891052246,3.525233268737793
3.3574132919311523,2.8810384273529053,3.5241026878356934
3.3577919006347656,2.8815488815307617,3.5229651927948
3.3577919006347656,2.8815488815307617,3.5229651927948
3.358077049255371,2.8809375762939453,3.522855758666992
3.359224557876587,2.881101369857788,3.5216917991638184
3.359224557876587,2.881101369857788,3.5216917991638184
3.3604583740234375,2.8812825679779053,3.518995761871338
3.3625667095184326,2.8816709518432617,3.5153372287750244
3.3624491691589355,2.881490468978882,3.514573812484741
3.3624491691589355,2.881490468978882,3.514573812484741
3.364030361175537,2.8808670043945312,3.513267993927002
3.3646934032440186,2.8811686038970947,3.512444019317627
3.3646934032440186,2.8811686038970947,3.512444019317627
3.364745855331421,2.8808531761169434,3.5123422145843506
3.365084171295166,2.881098985671997,3.5126395225524902
3.365624189376831,2.881152629852295,3.5133886337280273
3.365624189376831,2.881152629852295,3.5133886337280273
3.3659749031066895,2.8809752464294434,3.5135462284088135
3.3661136627197266,2.8809385299682617,3.512739658355713
3.3661136627197266,2.8809385299682617,3.512739658355713
3.3669240474700928,2.8805348873138428,3.5111100673675537
3.366947889328003,2.8808960914611816,3.5097248554229736
3.366947889328003,2.8808960914611816,3.5097248554229736
3.367241621017456,2.881516933441162,3.506674289703369
3.368379592895508,2.8814916610717773,3.5039706230163574
3.368379592895508,2.8814916610717773,3.5039706230163574
3.368279457092285,2.8817455768585205,3.502380132675171
3.36790132522583,2.882213592529297,3.501894235610962
3.36811900138855,2.8820860385894775,3.502037525177002
3.36811900138855,2.8820860385894775,3.502037525177002
3.3691487312316895,2.8821091651916504,3.50213360786438
3.369576930999756,2.8823177814483643,3.501946449279785
3.369576930999756,2.8823177814483643,3.501946449279785
3.369561195373535,2.882593870162964,3.501415729522705
3.3699586391448975,2.882589340209961,3.5002498626708984
3.3699586391448975,2.882589340209961,3.5002498626708984
3.371457576751709,2.8827946186065674,3.4984054565429688
3.371438503265381,2.883058786392212,3.4975290298461914
3.371438503265381,2.883058786392212,3.4975290298461914
3.371286630630493,2.882594108581543,3.497091770172119
3.3704254627227783,2.8824896812438965,3.496096611022949
3.3704254627227783,2.8824896812438965,3.496096611022949
3.3699703216552734,2.8827812671661377,3.4949862957000732
3.3704020977020264,2.8831448554992676,3.4931528568267822
3.3704020977020264,2.8831448554992676,3.4931528568267822
3.3708813190460205,2.8827476501464844,3.492182493209839
3.3707687854766846,2.8825793266296387,3.4914584159851074
3.3707687854766846,2.8825793266296387,3.4914584159851074
3.370776414871216,2.8820598125457764,3.491119384765625
3.371297597885132,2.88236927986145,3.490432024002075
3.371297597885132,2.88236927986145,3.490432024002075
3.3718578815460205,2.8815431594848633,3.489481210708618
3.3724167346954346,2.8809351921081543,3.4886481761932373
3.3730146884918213,2.8808538913726807,3.487511157989502
3.3730146884918213,2.8808538913726807,3.487511157989502
3.3733534812927246,2.8807880878448486,3.4865055084228516
3.3733534812927246,2.8807880878448486,3.4865055084228516
3.374093532562256,2.881282329559326,3.4848523139953613
3.3751633167266846,2.8809139728546143,3.484055280685425
3.3751633167266846,2.8809139728546143,3.484055280685425
3.375657558441162,2.880997657775879,3.4835093021392822
3.375784158706665,2.881138801574707,3.482637643814087
3.375784158706665,2.881138801574707,3.482637643814087
3.3784050941467285,2.880948543548584,3.4809255599975586
3.3792030811309814,2.8807597160339355,3.480132818222046
3.3792030811309814,2.8807597160339355,3.480132818222046
3.3795528411865234,2.8811628818511963,3.4791414737701416
3.380488872528076,2.881248712539673,3.4782631397247314
3.381748676300049,2.8813323974609375,3.4773523807525635
3.381748676300049,2.8813323974609375,3.4773523807525635
3.3824338912963867,2.8816301822662354,3.476778745651245
3.383441686630249,2.8817150592803955,3.4759950637817383
3.383441686630249,2.8817150592803955,3.4759950637817383
3.3840160369873047,2.8822805881500244,3.47477126121521
3.384220600128174,2.8822667598724365,3.473280429840088
3.384220600128174,2.8822667598724365,3.473280429840088
3.3859028816223145,2.8827803134918213,3.4690074920654297
3.3868165016174316,2.88385009765625,3.4643375873565674
3.3868165016174316,2.88385009765625,3.4643375873565674
3.3873157501220703,2.884415626525879,3.4624106884002686
3.3873157501220703,2.884415626525879,3.4624106884002686
3.3880274295806885,2.883976936340332,3.46234130859375
3.3884503841400146,2.883894920349121,3.4631237983703613
3.3884503841400146,2.883894920349121,3.4631237983703613
3.3887786865234375,2.8837637901306152,3.464024066925049
3.3887786865234375,2.8837637901306152,3.464024066925049
3.38899302482605,2.8842456340789795,3.4632184505462646
3.3886821269989014,2.884556531906128,3.4624879360198975
3.387950897216797,2.8840603828430176,3.4629831314086914
3.387950897216797,2.8840603828430176,3.4629831314086914
3.38761830329895,2.884036064147949,3.4629061222076416
3.387139081954956,2.8842530250549316,3.4624176025390625
3.387139081954956,2.8842530250549316,3.4624176025390625
3.3886890411376953,2.8838441371917725,3.4612109661102295
3.3885631561279297,2.883789539337158,3.460494041442871
3.3885631561279297,2.883789539337158,3.460494041442871
3.388317584991455,2.883910894393921,3.458634853363037
3.3887479305267334,2.8847861289978027,3.4559710025787354
3.3891184329986572,2.8846523761749268,3.454547166824341
3.3891184329986572,2.8846523761749268,3.454547166824341
3.390650749206543,2.884084463119507,3.452975034713745
3.390650749206543,2.884084463119507,3.452975034713745
3.391793727874756,2.883904218673706,3.4512171745300293
3.3916220664978027,2.883782386779785,3.449986696243286
3.3916220664978027,2.883782386779785,3.449986696243286
3.3932225704193115,2.883938789367676,3.448025941848755
3.394500970840454,2.8833932876586914,3.447157859802246
3.394500970840454,2.8833932876586914,3.447157859802246
3.3954098224639893,2.8834891319274902,3.446272850036621
3.396287679672241,2.8837599754333496,3.4456162452697754
3.3966903686523438,2.883333206176758,3.4452102184295654
3.3966903686523438,2.883333206176758,3.4452102184295654
3.3975253105163574,2.8835747241973877,3.4438889026641846
3.398202419281006,2.8841819763183594,3.441807270050049
3.398202419281006,2.8841819763183594,3.441807270050049
3.398869514465332,2.8840267658233643,3.4406869411468506
3.398777961730957,2.883892297744751,3.440373420715332
3.398777961730957,2.883892297744751,3.440373420715332
3.3993403911590576,2.8842923641204834,3.439361333847046
3.4005815982818604,2.884624719619751,3.4382166862487793
3.4008378982543945,2.884538173675537,3.4374403953552246
3.4008378982543945,2.884538173675537,3.4374403953552246
3.401500701904297,2.884762763977051,3.4358863830566406
3.402259588241577,2.885174036026001,3.4343554973602295
3.402259588241577,2.885174036026001,3.4343554973602295
3.4034547805786133,2.885043144226074,3.432952642440796
3.4034953117370605,2.884528875350952,3.4322621822357178
3.404042959213257,2.8843588829040527,3.430730104446411
3.404042959213257,2.8843588829040527,3.430730104446411
3.4039361476898193,2.8849642276763916,3.429140567779541
3.403789520263672,2.885134220123291,3.4277472496032715
3.405196189880371,2.884962558746338,3.4255776405334473
3.405224084854126,2.884645938873291,3.4251790046691895
3.405224084854126,2.884645938873291,3.4251790046691895
3.405911684036255,2.884232997894287,3.424301862716675
3.405911684036255,2.884232997894287,3.424301862716675
3.4063425064086914,2.884702205657959,3.423084259033203
3.4076790809631348,2.884619951248169,3.4216716289520264
3.4076790809631348,2.884619951248169,3.4216716289520264
3.4080681800842285,2.884512186050415,3.4207119941711426
3.407632350921631,2.8842809200286865,3.4202654361724854
3.4079501628875732,2.884462594985962,3.4194343090057373
3.4079501628875732,2.884462594985962,3.4194343090057373
3.408128261566162,2.8837077617645264,3.4195809364318848
3.4081387519836426,2.883427858352661,3.4195921421051025
3.4081387519836426,2.883427858352661,3.4195921421051025
3.4088478088378906,2.883793592453003,3.418592691421509
3.4091625213623047,2.8842968940734863,3.417484998703003
3.4098544120788574,2.884645462036133,3.416363477706909
3.4098544120788574,2.884645462036133,3.416363477706909
3.411472797393799,2.884171962738037,3.415058135986328
3.4124696254730225,2.884169816970825,3.414172887802124
3.4122726917266846,2.884401798248291,3.4137020111083984
3.4122726917266846,2.884401798248291,3.4137020111083984
3.4131319522857666,2.884380578994751,3.412806510925293
3.4142677783966064,2.8841700553894043,3.411757707595825
3.4142677783966064,2.8841700553894043,3.411757707595825
3.415756940841675,2.8841512203216553,3.4105336666107178
3.4165987968444824,2.883531332015991,3.409663677215576
3.4165987968444824,2.883531332015991,3.409663677215576
3.417639970779419,2.8836662769317627,3.4085752964019775
3.4197263717651367,2.8838412761688232,3.4066498279571533
3.4201624393463135,2.882878303527832,3.4061591625213623
3.4201624393463135,2.882878303527832,3.4061591625213623
3.4206106662750244,2.8828325271606445,3.405543088912964
3.4206106662750244,2.8828325271606445,3.405543088912964
3.421405076980591,2.883025884628296,3.404759645462036
3.4223225116729736,2.883025884628296,3.404052495956421
3.422677516937256,2.883685827255249,3.4026365280151367
3.422677516937256,2.883685827255249,3.4026365280151367
3.4234752655029297,2.8844659328460693,3.3996570110321045
3.4246716499328613,2.884999990463257,3.3965611457824707
3.4246716499328613,2.884999990463257,3.3965611457824707
3.4256577491760254,2.885312080383301,3.3931527137756348
3.425841808319092,2.8855528831481934,3.39113712310791
3.426957130432129,2.8855555057525635,3.3890132904052734
3.426957130432129,2.8855555057525635,3.3890132904052734
3.4280524253845215,2.8850862979888916,3.387385845184326
3.4280524253845215,2.8850862979888916,3.387385845184326
3.429075002670288,2.885202407836914,3.3859708309173584
3.429579496383667,2.8850557804107666,3.3852322101593018
3.4301021099090576,2.885385513305664,3.3844289779663086
3.4301021099090576,2.885385513305664,3.3844289779663086
3.4303627014160156,2.8854949474334717,3.3841145038604736
3.4303627014160156,2.8854949474334717,3.3841145038604736
3.430933952331543,2.884887933731079,3.3849880695343018
3.430759906768799,2.884753704071045,3.3855996131896973
3.430759906768799,2.884753704071045,3.3855996131896973
3.430920124053955,2.8849380016326904,3.3844621181488037
3.430920124053955,2.8849380016326904,3.3844621181488037
3.432286500930786,2.8847877979278564,3.3820345401763916
3.4328880310058594,2.884934425354004,3.3792715072631836
3.4331796169281006,2.8853960037231445,3.376601457595825
3.4331796169281006,2.8853960037231445,3.376601457595825
3.433913469314575,2.885960817337036,3.373523235321045
3.433913469314575,2.885960817337036,3.373523235321045
3.435225009918213,2.8861939907073975,3.370941162109375
3.4351747035980225,2.8865575790405273,3.3698503971099854
3.435271978378296,2.8875672817230225,3.368506908416748
3.435271978378296,2.8875672817230225,3.368506908416748
3.436176061630249,2.8882899284362793,3.36678409576416
3.4374825954437256,2.8885247707366943,3.36576771736145
3.4374825954437256,2.8885247707366943,3.36576771736145
3.437652349472046,2.8884899616241455,3.3652195930480957
3.4377150535583496,2.8885293006896973,3.364924192428589
3.4388980865478516,2.8890795707702637,3.3637337684631348
3.4388980865478516,2.8890795707702637,3.3637337684631348
3.439293146133423,2.8889334201812744,3.3634774684906006
3.439293146133423,2.8889334201812744,3.3634774684906006
3.4375827312469482,2.8889319896698,3.3645708560943604
3.4373667240142822,2.8889052867889404,3.3658246994018555
3.4386110305786133,2.8889591693878174,3.365835428237915
3.4388065338134766,2.889404535293579,3.365278720855713
3.4388065338134766,2.889404535293579,3.365278720855713
3.4382331371307373,2.8897392749786377,3.364807605743408
3.4382331371307373,2.8897392749786377,3.364807605743408
3.4383599758148193,2.890312433242798,3.3639423847198486
3.439588785171509,2.890742540359497,3.3630030155181885
3.4402074813842773,2.890453338623047,3.3625035285949707
3.4402074813842773,2.890453338623047,3.3625035285949707
3.441305160522461,2.8909313678741455,3.361553907394409
3.4433937072753906,2.891040086746216,3.36069393157959
3.443679094314575,2.8906474113464355,3.360366106033325
3.443679094314575,2.8906474113464355,3.360366106033325
3.4449892044067383,2.89084792137146,3.3591461181640625
3.4449892044067383,2.89084792137146,3.3591461181640625
3.445765733718872,2.891012668609619,3.3572049140930176
3.4472239017486572,2.8913679122924805,3.355243444442749
3.447385787963867,2.8912906646728516,3.354104518890381
3.447385787963867,2.8912906646728516,3.354104518890381
3.448194980621338,2.8913187980651855,3.352971315383911
3.4494779109954834,2.891453742980957,3.3520326614379883
3.4494779109954834,2.891453742980957,3.3520326614379883
3.4505465030670166,2.8912301063537598,3.3510076999664307
3.4515044689178467,2.8915460109710693,3.3489131927490234
3.4515044689178467,2.8915460109710693,3.3489131927490234
3.453428268432617,2.8925387859344482,3.344694137573242
3.454753875732422,2.8934109210968018,3.3416779041290283
3.4554779529571533,2.893279552459717,3.340287208557129
3.4554779529571533,2.893279552459717,3.340287208557129
3.45595383644104,2.8935344219207764,3.3394765853881836
3.456345319747925,2.894057035446167,3.3390073776245117
3.456345319747925,2.894057035446167,3.3390073776245117
3.4551315307617188,2.894239902496338,3.339193344116211
3.454761028289795,2.8949506282806396,3.3388044834136963
3.454761028289795,2.8949506282806396,3.3388044834136963
3.454440116882324,2.8956151008605957,3.3383495807647705
3.4545140266418457,2.8958868980407715,3.3377840518951416
3.4545140266418457,2.8958868980407715,3.3377840518951416
3.4540517330169678,2.896782159805298,3.3363711833953857
3.4543535709381104,2.896728038787842,3.335520029067993
3.4547765254974365,2.896533489227295,3.3345186710357666
3.4543302059173584,2.8968183994293213,3.3338141441345215
3.4543302059173584,2.8968183994293213,3.3338141441345215
3.4554049968719482,2.896589756011963,3.3325424194335938
3.4560904502868652,2.8965630531311035,3.3312060832977295
3.4560904502868652,2.8965630531311035,3.3312060832977295
3.4554381370544434,2.896702527999878,3.330624580383301
3.454721689224243,2.897355556488037,3.329392671585083
3.454721689224243,2.897355556488037,3.329392671585083
3.4550797939300537,2.897634506225586,3.32745361328125
3.4562392234802246,2.8972909450531006,3.3265578746795654
3.4562392234802246,2.8972909450531006,3.3265578746795654
3.4560954570770264,2.8976972103118896,3.325575351715088
3.4559097290039062,2.8984808921813965,3.3237853050231934
3.4559097290039062,2.8984808921813965,3.3237853050231934
3.4557061195373535,2.89971923828125,3.3212342262268066
3.456425905227661,2.8997962474823,3.319887161254883
3.456519842147827,2.899733543395996,3.3196825981140137
3.456519842147827,2.899733543395996,3.3196825981140137
3.4565629959106445,2.8998661041259766,3.319408893585205
3.456650972366333,2.9001784324645996,3.3187785148620605
3.456650972366333,2.9001784324645996,3.3187785148620605
3.4567975997924805,2.9001882076263428,3.3178555965423584
3.4568111896514893,2.900430202484131,3.3163890838623047
3.4575741291046143,2.9010937213897705,3.3137524127960205
3.457810163497925,2.9013924598693848,3.311856746673584
3.457810163497925,2.9013924598693848,3.311856746673584
3.458864688873291,2.9017703533172607,3.309270143508911
3.4589974880218506,2.9019036293029785,3.306912660598755
3.4589974880218506,2.9019036293029785,3.306912660598755
3.4592995643615723,2.902212619781494,3.3050999641418457
3.4604296684265137,2.9019529819488525,3.3035953044891357
3.461926221847534,2.902130126953125,3.3010592460632324
3.461926221847534,2.902130126953125,3.3010592460632324
3.4620730876922607,2.9022390842437744,3.2993228435516357
3.463008165359497,2.90283203125,3.295715808868408
3.463008165359497,2.90283203125,3.295715808868408
3.4640605449676514,2.9034645557403564,3.293308973312378
3.465296506881714,2.904282331466675,3.2913403511047363
3.4654717445373535,2.9044790267944336,3.2897706031799316
3.4654717445373535,2.9044790267944336,3.2897706031799316
3.4667165279388428,2.904506206512451,3.288283348083496
3.4678244590759277,2.9048776626586914,3.28694748878479
3.4678244590759277,2.9048776626586914,3.28694748878479
3.4682910442352295,2.9048964977264404,3.2865993976593018
3.468644618988037,2.904737710952759,3.286553382873535
3.468644618988037,2.904737710952759,3.286553382873535
3.469514846801758,2.90506911277771,3.2859292030334473
3.470017910003662,2.9054553508758545,3.285176992416382
3.470017910003662,2.9054553508758545,3.285176992416382
3.470072031021118,2.905317544937134,3.2843785285949707
3.470411539077759,2.9055237770080566,3.282994270324707
3.471830368041992,2.9059133529663086,3.2813093662261963
3.471830368041992,2.9059133529663086,3.2813093662261963
3.471992015838623,2.9055233001708984,3.2797229290008545
3.471992015838623,2.9055233001708984,3.2797229290008545
3.4722514152526855,2.9058046340942383,3.277987003326416
3.4734444618225098,2.905902862548828,3.2766950130462646
3.4734444618225098,2.905902862548828,3.2766950130462646
3.4753735065460205,2.90548038482666,3.2752749919891357
3.4771833419799805,2.9046850204467773,3.2740578651428223
3.4771833419799805,2.9046850204467773,3.2740578651428223
3.4780664443969727,2.904193162918091,3.2732536792755127
3.4787755012512207,2.9035327434539795,3.2725327014923096
3.4787755012512207,2.9035327434539795,3.2725327014923096
3.480151414871216,2.9034085273742676,3.2704732418060303
3.481428384780884,2.90450119972229,3.2674317359924316
3.481428384780884,2.90450119972229,3.2674317359924316
3.482781410217285,2.9047279357910156,3.265244722366333
3.4836947917938232,2.905202865600586,3.2637970447540283
3.484586000442505,2.905229330062866,3.2630207538604736
3.484586000442505,2.905229330062866,3.2630207538604736
3.4857676029205322,2.905618667602539,3.262045383453369
3.48660945892334,2.9055769443511963,3.26127290725708
3.48660945892334,2.9055769443511963,3.26127290725708
3.4876980781555176,2.9057228565216064,3.2597057819366455
3.48830246925354,2.9065017700195312,3.257758378982544
3.488525867462158,2.906843662261963,3.2563414573669434
3.488525867462158,2.906843662261963,3.2563414573669434
3.4892208576202393,2.907593250274658,3.254316806793213
3.4891698360443115,2.907905101776123,3.253695249557495
3.489464282989502,2.9078176021575928,3.2522623538970947
3.489464282989502,2.9078176021575928,3.2522623538970947
3.490523338317871,2.9078683853149414,3.2515273094177246
3.4913346767425537,2.9071896076202393,3.25217866897583
3.4913346767425537,2.9071896076202393,3.25217866897583
3.490487575531006,2.90749454498291,3.252720594406128
3.4902536869049072,2.9077181816101074,3.25253963470459
3.4911272525787354,2.908015251159668,3.251152276992798
3.4911272525787354,2.908015251159668,3.251152276992798
3.490922212600708,2.9090921878814697,3.2484047412872314
3.4915008544921875,2.9098050594329834,3.245119571685791
3.4921939373016357,2.9108004570007324,3.241776704788208
3.4921939373016357,2.9108004570007324,3.241776704788208
3.4926977157592773,2.9116804599761963,3.238323450088501
3.4928908348083496,2.911602020263672,3.2369890213012695
3.4928908348083496,2.911602020263672,3.2369890213012695
3.4946205615997314,2.911405324935913,3.235419750213623
3.4954683780670166,2.911439895629883,3.234100818634033
3.4954683780670166,2.911439895629883,3.234100818634033
3.49542498588562,2.9123964309692383,3.232193946838379
3.4956116676330566,2.912825345993042,3.230876922607422
3.4963269233703613,2.9128870964050293,3.2293214797973633
3.4963269233703613,2.9128870964050293,3.2293214797973633
3.4965829849243164,2.9130327701568604,3.2287652492523193
3.496429443359375,2.9128856658935547,3.2281296253204346
3.496429443359375,2.9128856658935547,3.2281296253204346
3.4966623783111572,2.9132943153381348,3.2266616821289062
3.498464345932007,2.9137794971466064,3.2237935066223145
3.498011589050293,2.9139835834503174,3.2213757038116455
3.498011589050293,2.9139835834503174,3.2213757038116455
3.4974372386932373,2.915534734725952,3.21736216545105
3.4975948333740234,2.916473150253296,3.214442491531372
3.4975948333740234,2.916473150253296,3.214442491531372
3.498115301132202,2.9176077842712402,3.2104456424713135
3.498731851577759,2.9178543090820312,3.207939386367798
3.498731851577759,2.9178543090820312,3.207939386367798
3.4995126724243164,2.9190707206726074,3.2045750617980957
3.4999372959136963,2.91976261138916,3.202385902404785
3.4999372959136963,2.91976261138916,3.202385902404785
3.500932216644287,2.9208784103393555,3.1991283893585205
3.5018444061279297,2.921283006668091,3.196807622909546
3.5029706954956055,2.9216578006744385,3.194798231124878
3.5029706954956055,2.9216578006744385,3.194798231124878
3.5030815601348877,2.9221720695495605,3.193312406539917
3.5026233196258545,2.922300100326538,3.1926746368408203
3.5026233196258545,2.922300100326538,3.1926746368408203
3.5026299953460693,2.922963857650757,3.1914968490600586
3.5037882328033447,2.923029899597168,3.1902503967285156
3.5036299228668213,2.9231529235839844,3.188131809234619
3.5036299228668213,2.9231529235839844,3.188131809234619
3.5030057430267334,2.9235310554504395,3.1868810653686523
3.5029847621917725,2.923992395401001,3.1852877140045166
3.5029847621917725,2.923992395401001,3.1852877140045166
3.503330707550049,2.92395281791687,3.184896945953369
3.5039830207824707,2.9235730171203613,3.184644937515259
3.5039830207824707,2.9235730171203613,3.184644937515259
3.5044686794281006,2.9234464168548584,3.1847026348114014
3.504992961883545,2.923631191253662,3.18424916267395
3.5058205127716064,2.9236462116241455,3.183678388595581
3.5058205127716064,2.9236462116241455,3.183678388595581
3.5062804222106934,2.9234378337860107,3.182961940765381
3.506563425064087,2.9236972332000732,3.181501865386963
3.506563425064087,2.9236972332000732,3.181501865386963
3.5076370239257812,2.923780918121338,3.179858684539795
3.5076279640197754,2.92356538772583,3.178849458694458
3.5076279640197754,2.92356538772583,3.178849458694458
3.5086100101470947,2.923917055130005,3.1772708892822266
3.509232521057129,2.9239611625671387,3.1761934757232666
3.509232521057129,2.9239611625671387,3.1761934757232666
3.510679006576538,2.924647092819214,3.1745259761810303
3.511092185974121,2.92492413520813,3.1737241744995117
3.5118281841278076,2.9258103370666504,3.1721251010894775
3.5118281841278076,2.9258103370666504,3.1721251010894775
3.51277756690979,2.9259772300720215,3.1701653003692627
3.5123229026794434,2.925765037536621,3.1695077419281006
3.51171612739563,2.926564931869507,3.169102907180786
3.51171612739563,2.926564931869507,3.169102907180786
3.5124597549438477,2.926929235458374,3.1688945293426514
3.5124597549438477,2.926929235458374,3.1688945293426514
3.513592004776001,2.9259626865386963,3.169187545776367
3.5135862827301025,2.9262092113494873,3.1685433387756348
3.513927698135376,2.926917552947998,3.1670145988464355
3.513927698135376,2.926917552947998,3.1670145988464355
3.514430046081543,2.927208662033081,3.1654298305511475
3.5148260593414307,2.927018642425537,3.164125680923462
3.5148260593414307,2.927018642425537,3.164125680923462
3.5153915882110596,2.927431583404541,3.1626105308532715
3.515005111694336,2.927501916885376,3.162031650543213
3.5156702995300293,2.92826509475708,3.160249710083008
3.5156702995300293,2.92826509475708,3.160249710083008
3.515984296798706,2.9290380477905273,3.1584455966949463
3.5170092582702637,2.9295668601989746,3.1564948558807373
3.5170092582702637,2.9295668601989746,3.1564948558807373
3.5174803733825684,2.929758310317993,3.155076265335083
3.5177578926086426,2.929961919784546,3.1543192863464355
3.5177578926086426,2.929961919784546,3.1543192863464355
3.5192906856536865,2.930187463760376,3.1529061794281006
3.520933151245117,2.929938793182373,3.151611804962158
3.520933151245117,2.929938793182373,3.151611804962158
3.5219013690948486,2.930227041244507,3.1501047611236572
3.5223445892333984,2.9302518367767334,3.1493101119995117
3.5228018760681152,2.9302473068237305,3.1485347747802734
3.5228018760681152,2.9302473068237305,3.1485347747802734
3.5234522819519043,2.9300105571746826,3.1483912467956543
3.5219032764434814,2.92966890335083,3.149226427078247
3.5219032764434814,2.92966890335083,3.149226427078247
3.521374464035034,2.929917812347412,3.149040699005127
3.521470069885254,2.9300594329833984,3.14814829826355
3.522683620452881,2.930604934692383,3.145081043243408
3.522683620452881,2.930604934692383,3.145081043243408
3.5230553150177,2.9307548999786377,3.143368721008301
3.523736000061035,2.931211471557617,3.141854763031006
3.523736000061035,2.931211471557617,3.141854763031006
3.524258852005005,2.9312829971313477,3.140878438949585
3.524880886077881,2.931328773498535,3.139634132385254
3.524880886077881,2.931328773498535,3.139634132385254
3.525887966156006,2.9317476749420166,3.138216257095337
3.5262088775634766,2.93206524848938,3.137017011642456
3.5262088775634766,2.93206524848938,3.137017011642456
3.527255058288574,2.9326248168945312,3.135679244995117
3.5281574726104736,2.932508707046509,3.134596586227417
3.529676675796509,2.9321281909942627,3.1341590881347656
3.529676675796509,2.9321281909942627,3.1341590881347656
3.5291106700897217,2.931802272796631,3.133863687515259
3.5295920372009277,2.9320425987243652,3.1332454681396484
3.5295920372009277,2.9320425987243652,3.1332454681396484
3.5312914848327637,2.9314939975738525,3.132103204727173
3.5312399864196777,2.930976629257202,3.1314897537231445
3.5312399864196777,2.930976629257202,3.1314897537231445
3.530177116394043,2.931727170944214,3.1311240196228027
3.5307931900024414,2.9316952228546143,3.130434989929199
3.532215118408203,2.9321272373199463,3.12870717048645
3.532215118408203,2.9321272373199463,3.12870717048645
3.532526969909668,2.9325404167175293,3.127203941345215
3.532909631729126,2.932816505432129,3.1250956058502197
3.532909631729126,2.932816505432129,3.1250956058502197
3.5334126949310303,2.932925224304199,3.123872756958008
3.534647226333618,2.9329957962036133,3.122758626937866
3.5355594158172607,2.93255615234375,3.121894359588623
3.5355594158172607,2.93255615234375,3.121894359588623
3.5358426570892334,2.9327917098999023,3.1210522651672363
3.5367307662963867,2.9332964420318604,3.1194169521331787
3.5367307662963867,2.9332964420318604,3.1194169521331787
3.537794351577759,2.933424711227417,3.118248224258423
3.538158416748047,2.9335293769836426,3.116846799850464
3.538158416748047,2.9335293769836426,3.116846799850464
3.5388996601104736,2.9338200092315674,3.1152379512786865
3.53955340385437,2.9341962337493896,3.114169120788574
3.5394368171691895,2.9340736865997314,3.1138393878936768
3.5407204627990723,2.9340217113494873,3.1135051250457764
3.5407204627990723,2.9340217113494873,3.1135051250457764
3.5409610271453857,2.933598041534424,3.113682508468628
3.5410943031311035,2.93355393409729,3.1135289669036865
3.5410943031311035,2.93355393409729,3.1135289669036865
3.542064666748047,2.9334428310394287,3.112410306930542
3.5427422523498535,2.933520793914795,3.1110613346099854
3.5420618057250977,2.933903694152832,3.1101863384246826
3.5420618057250977,2.933903694152832,3.1101863384246826
3.5421879291534424,2.9348464012145996,3.1086807250976562
3.5428574085235596,2.935136556625366,3.1076667308807373
3.5428574085235596,2.935136556625366,3.1076667308807373
3.5433216094970703,2.934990644454956,3.1066346168518066
3.5446250438690186,2.935434103012085,3.1054272651672363
3.5446250438690186,2.935434103012085,3.1054272651672363
3.547469139099121,2.934849977493286,3.103541374206543
3.548650026321411,2.9349396228790283,3.1018850803375244
3.5484249591827393,2.935598611831665,3.100370168685913
3.5484249591827393,2.935598611831665,3.100370168685913
3.5500378608703613,2.9365146160125732,3.0978448390960693
3.5500643253326416,2.9373393058776855,3.096585750579834
3.5500643253326416,2.9373393058776855,3.096585750579834
3.5508484840393066,2.937622547149658,3.0956273078918457
3.5500197410583496,2.9380979537963867,3.0952517986297607
3.5485363006591797,2.9392471313476562,3.0949902534484863
3.5485363006591797,2.9392471313476562,3.0949902534484863
3.5492117404937744,2.939094305038452,3.0947844982147217
3.548088312149048,2.9389829635620117,3.093938112258911
3.548088312149048,2.9389829635620117,3.093938112258911
3.549187421798706,2.939835548400879,3.09122633934021
3.550504207611084,2.940126895904541,3.0891122817993164
3.550504207611084,2.940126895904541,3.0891122817993164
3.550956964492798,2.94084095954895,3.086992025375366
3.5509517192840576,2.941483974456787,3.085611581802368
3.5509517192840576,2.941483974456787,3.085611581802368
3.5515618324279785,2.941662311553955,3.0838499069213867
3.552319049835205,2.9417359828948975,3.082817554473877
3.5522119998931885,2.941380262374878,3.082634687423706
3.5522119998931885,2.941380262374878,3.082634687423706
3.552469253540039,2.941352128982544,3.082834005355835
3.552628517150879,2.941066026687622,3.0831243991851807
3.5528340339660645,2.9413156509399414,3.083224296569824
3.5528340339660645,2.9413156509399414,3.083224296569824
3.553035259246826,2.9415712356567383,3.0825421810150146
3.5542783737182617,2.9415805339813232,3.081237554550171
3.5542783737182617,2.9415805339813232,3.081237554550171
3.5560994148254395,2.940837860107422,3.080054998397827
3.5560994148254395,2.940837860107422,3.080054998397827
3.5574114322662354,2.9405951499938965,3.0786495208740234
3.557349920272827,2.9404382705688477,3.0773284435272217
3.557349920272827,2.9404382705688477,3.0773284435272217
3.558087110519409,2.9414098262786865,3.075462818145752
3.559396266937256,2.9419503211975098,3.073680877685547
3.559396266937256,2.9419503211975098,3.073680877685547
3.5602409839630127,2.941462278366089,3.0728912353515625
3.5601859092712402,2.9429728984832764,3.071671724319458
3.5601859092712402,2.9429728984832764,3.071671724319458
3.5603816509246826,2.9438486099243164,3.0706634521484375
3.561765193939209,2.9441728591918945,3.069666862487793
3.561765193939209,2.9441728591918945,3.069666862487793
3.563851833343506,2.944004774093628,3.068408250808716
3.5644421577453613,2.944060802459717,3.067579984664917
3.564694881439209,2.9440200328826904,3.066909074783325
3.564694881439209,2.9440200328826904,3.066909074783325
3.565600633621216,2.945004463195801,3.0659778118133545
3.566086530685425,2.9448885917663574,3.0657365322113037
3.567885160446167,2.9443390369415283,3.0652525424957275
3.567885160446167,2.9443390369415283,3.0652525424957275
3.5687801837921143,2.9444775581359863,3.064589738845825
3.5687801837921143,2.9444775581359863,3.064589738845825
3.5691235065460205,2.9445037841796875,3.0639102458953857
3.570089817047119,2.944465398788452,3.0627095699310303
3.5719921588897705,2.9442262649536133,3.061378240585327
3.5719921588897705,2.9442262649536133,3.061378240585327
3.5721282958984375,2.944166898727417,3.0597472190856934
3.572481155395508,2.9444496631622314,3.0580461025238037
3.5724544525146484,2.9452054500579834,3.0564897060394287
3.572448492050171,2.9458181858062744,3.055532217025757
3.572448492050171,2.9458181858062744,3.055532217025757
3.572305917739868,2.945991039276123,3.055358409881592
3.572859764099121,2.9467597007751465,3.0539538860321045
3.572859764099121,2.9467597007751465,3.0539538860321045
3.573888063430786,2.948029041290283,3.050459384918213
3.5750389099121094,2.9492805004119873,3.0464119911193848
3.575890302658081,2.9501404762268066,3.042656660079956
3.575890302658081,2.9501404762268066,3.042656660079956
3.5761771202087402,2.9512836933135986,3.0403518676757812
3.5756142139434814,2.951860189437866,3.039510488510132
3.5756142139434814,2.951860189437866,3.039510488510132
3.5762734413146973,2.9516348838806152,3.039372444152832
3.5773508548736572,2.951591730117798,3.039443254470825
3.5773508548736572,2.951591730117798,3.039443254470825
3.5759594440460205,2.9515864849090576,3.039386510848999
3.5752816200256348,2.952224016189575,3.0385220050811768
3.5761468410491943,2.952322244644165,3.0371451377868652
3.5761468410491943,2.952322244644165,3.0371451377868652
3.5759172439575195,2.953037738800049,3.035900831222534
3.5750527381896973,2.9542338848114014,3.0344784259796143
3.5750527381896973,2.9542338848114014,3.0344784259796143
3.576085329055786,2.9547784328460693,3.0318562984466553
3.5774810314178467,2.9557063579559326,3.029252529144287
3.5774810314178467,2.9557063579559326,3.029252529144287
3.578376054763794,2.9557039737701416,3.027799129486084
3.579432725906372,2.955322504043579,3.026416063308716
3.5802650451660156,2.955294132232666,3.0260021686553955
3.5802650451660156,2.955294132232666,3.0260021686553955
3.580575942993164,2.9550766944885254,3.0256800651550293
3.5803325176239014,2.9550154209136963,3.0252413749694824
3.5803325176239014,2.9550154209136963,3.0252413749694824
3.580855131149292,2.9555485248565674,3.0234262943267822
3.580855131149292,2.9555485248565674,3.0234262943267822
3.581620454788208,2.95609974861145,3.0218472480773926
3.5825557708740234,2.9559707641601562,3.021365165710449
3.58371901512146,2.9553799629211426,3.0209124088287354
3.5850753784179688,2.9550561904907227,3.0197839736938477
3.5850753784179688,2.9550561904907227,3.0197839736938477
3.585653305053711,2.9555866718292236,3.0182266235351562
3.5854332447052,2.9563069343566895,3.0163028240203857
3.5854332447052,2.9563069343566895,3.0163028240203857
3.586463689804077,2.9570581912994385,3.0134949684143066
3.5879101753234863,2.957275152206421,3.0117604732513428
3.5879101753234863,2.957275152206421,3.0117604732513428
3.5881845951080322,2.95729660987854,3.0098865032196045
3.588568925857544,2.95757794380188,3.0084645748138428
3.588568925857544,2.95757794380188,3.0084645748138428
3.589327335357666,2.958124876022339,3.0068342685699463
3.5903732776641846,2.9578099250793457,3.0061354637145996
3.5903732776641846,2.9578099250793457,3.0061354637145996
3.5910656452178955,2.9582443237304688,3.004418134689331
3.5908727645874023,2.9584760665893555,3.0035810470581055
3.5908727645874023,2.9584760665893555,3.0035810470581055
3.591036319732666,2.959041118621826,3.003052234649658
3.591813087463379,2.9588465690612793,3.0026581287384033
3.591813087463379,2.9588465690612793,3.0026581287384033
3.5919992923736572,2.95930814743042,3.0015058517456055
3.5923149585723877,2.9598753452301025,3.000217914581299
3.5923149585723877,2.9598753452301025,3.000217914581299
3.5932343006134033,2.959836959838867,2.9986047744750977
3.5937933921813965,2.9607255458831787,2.9973502159118652
3.594134569168091,2.960785388946533,2.9964632987976074
3.594134569168091,2.960785388946533,2.9964632987976074
3.594926118850708,2.961400032043457,2.9955801963806152
3.59564208984375,2.9620912075042725,2.994572401046753
3.59564208984375,2.9620912075042725,2.994572401046753
3.598817825317383,2.9616858959198,2.992173910140991
3.5975825786590576,2.9626779556274414,2.9913501739501953
3.598170518875122,2.963143825531006,2.990077257156372
3.598170518875122,2.963143825531006,2.990077257156372
3.5984201431274414,2.963216781616211,2.9893758296966553
3.5992367267608643,2.963728427886963,2.988257884979248
3.599667549133301,2.963747501373291,2.987375020980835
3.599680185317993,2.9642531871795654,2.9871938228607178
3.599680185317993,2.9642531871795654,2.9871938228607178
3.600839614868164,2.9646050930023193,2.9865503311157227
3.600839614868164,2.9646050930023193,2.9865503311157227
3.601876974105835,2.96478533744812,2.9857208728790283
3.6027283668518066,2.964792251586914,2.984961748123169
3.6027283668518066,2.964792251586914,2.984961748123169
3.6026179790496826,2.9650638103485107,2.9843075275421143
3.6022591590881348,2.965252161026001,2.983351707458496
3.6022591590881348,2.965252161026001,2.983351707458496
3.602729082107544,2.9659817218780518,2.981426954269409
3.602729082107544,2.9659817218780518,2.981426954269409
3.60274600982666,2.9668569564819336,2.979487180709839
3.6024441719055176,2.967909812927246,2.9774460792541504
3.6024441719055176,2.967909812927246,2.9774460792541504
3.6024208068847656,2.9687280654907227,2.975254535675049
3.602386236190796,2.969032049179077,2.9736130237579346
3.602386236190796,2.969032049179077,2.9736130237579346
3.602937698364258,2.969527244567871,2.9718801975250244
3.6035876274108887,2.969911575317383,2.9704670906066895
3.6053414344787598,2.9700305461883545,2.968954086303711
3.6053414344787598,2.9700305461883545,2.968954086303711
3.6064298152923584,2.9700896739959717,2.9680237770080566
3.6064298152923584,2.9700896739959717,2.9680237770080566
3.6076223850250244,2.969818115234375,2.9669981002807617
3.6084206104278564,2.970278024673462,2.96608304977417
3.6089534759521484,2.9703125953674316,2.9653944969177246
3.6089534759521484,2.9703125953674316,2.9653944969177246
3.609537124633789,2.9711172580718994,2.9635519981384277
3.611483335494995,2.972111940383911,2.9609215259552
3.6123108863830566,2.9719204902648926,2.9592692852020264
3.6123108863830566,2.9719204902648926,2.9592692852020264
3.6133131980895996,2.9728245735168457,2.95694899559021
3.6133131980895996,2.9728245735168457,2.95694899559021
3.6132304668426514,2.9741532802581787,2.9550113677978516
3.6134755611419678,2.97481107711792,2.9538586139678955
3.613834857940674,2.9743893146514893,2.9534380435943604
3.613834857940674,2.9743893146514893,2.9534380435943604
3.614241361618042,2.9742565155029297,2.952932119369507
3.6146528720855713,2.974734306335449,2.9520680904388428
3.6146528720855713,2.974734306335449,2.9520680904388428
3.6146836280822754,2.975109100341797,2.9517743587493896
3.614159345626831,2.975221872329712,2.9515597820281982
3.614570140838623,2.975705146789551,2.9507341384887695
3.614570140838623,2.975705146789551,2.9507341384887695
3.6144042015075684,2.9760029315948486,2.9497811794281006
3.6141185760498047,2.9759459495544434,2.9493401050567627
3.6141185760498047,2.9759459495544434,2.9493401050567627
3.6133577823638916,2.976681709289551,2.948134422302246
3.6136562824249268,2.977264165878296,2.946380138397217
3.6139495372772217,2.9773552417755127,2.945610284805298
3.6139495372772217,2.9773552417755127,2.945610284805298
3.615298271179199,2.9777169227600098,2.9436779022216797
3.615846633911133,2.9787673950195312,2.94145131111145
3.615846633911133,2.9787673950195312,2.94145131111145
3.616192579269409,2.9793875217437744,2.9403462409973145
3.616978406906128,2.979440689086914,2.939737558364868
3.616978406906128,2.979440689086914,2.939737558364868
3.6178181171417236,2.979020357131958,2.9397683143615723
3.618062734603882,2.97928524017334,2.9395480155944824
3.618062734603882,2.97928524017334,2.9395480155944824
3.6184332370758057,2.979250431060791,2.9391279220581055
3.6191651821136475,2.979044198989868,2.938570737838745
3.619565486907959,2.9790685176849365,2.938222885131836
3.619565486907959,2.9790685176849365,2.938222885131836
3.619811534881592,2.9792046546936035,2.937469959259033
3.6205217838287354,2.9788246154785156,2.937255620956421
3.6205217838287354,2.9788246154785156,2.937255620956421
3.6211676597595215,2.978757381439209,2.9368844032287598
3.6218364238739014,2.978905439376831,2.9360475540161133
3.6218364238739014,2.978905439376831,2.9360475540161133
3.623417615890503,2.979224920272827,2.9349405765533447
3.6239116191864014,2.9796767234802246,2.934217691421509
3.6239116191864014,2.9796767234802246,2.934217691421509
3.624946117401123,2.9801406860351562,2.9328107833862305
3.625952959060669,2.980703592300415,2.9315130710601807
3.626180410385132,2.980689287185669,2.9303629398345947
3.626180410385132,2.980689287185669,2.9303629398345947
3.6270904541015625,2.9810502529144287,2.9284024238586426
3.6280601024627686,2.9817874431610107,2.9260902404785156
3.6280601024627686,2.9817874431610107,2.9260902404785156
3.6289422512054443,2.9828412532806396,2.923123836517334
3.6293604373931885,2.9838972091674805,2.921349287033081
3.6293604373931885,2.9838972091674805,2.921349287033081
3.6301357746124268,2.984121322631836,2.920337438583374
3.6305007934570312,2.984201431274414,2.920552968978882
3.630413055419922,2.984687328338623,2.920814275741577
3.630413055419922,2.984687328338623,2.920814275741577
3.631132125854492,2.9841392040252686,2.9215776920318604
3.631727457046509,2.9839553833007812,2.92175555229187
3.631727457046509,2.9839553833007812,2.92175555229187
3.632145404815674,2.984426736831665,2.9213428497314453
3.6326887607574463,2.984839677810669,2.9204764366149902
3.6326887607574463,2.984839677810669,2.9204764366149902
3.633763551712036,2.985081434249878,2.918982982635498
3.634134292602539,2.9852616786956787,2.917635440826416
3.633946418762207,2.9861271381378174,2.9156975746154785
3.633946418762207,2.9861271381378174,2.9156975746154785
3.635087490081787,2.9871761798858643,2.913003921508789
3.636136054992676,2.9878089427948,2.9107589721679688
3.636136054992676,2.9878089427948,2.9107589721679688
3.6377487182617188,2.988264322280884,2.907788038253784
3.6388227939605713,2.9880807399749756,2.906256675720215
3.6388227939605713,2.9880807399749756,2.906256675720215
3.640284299850464,2.9888617992401123,2.9043900966644287
3.642317056655884,2.989374876022339,2.9022560119628906
3.642317056655884,2.989374876022339,2.9022560119628906
3.6407535076141357,2.989398717880249,2.901989221572876
3.640798568725586,2.9906222820281982,2.9008049964904785
3.640798568725586,2.9906222820281982,2.9008049964904785
3.6406614780426025,2.990973949432373,2.899923324584961
3.641479969024658,2.9914445877075195,2.8989317417144775
3.641479969024658,2.9914445877075195,2.8989317417144775
3.6406614780426025,2.9912900924682617,2.898970127105713
3.639833927154541,2.9921724796295166,2.89863657951355
3.639833927154541,2.9921724796295166,2.89863657951355
3.640255928039551,2.992569923400879,2.8976221084594727
3.64145565032959,2.99235200881958,2.896644353866577
3.64145565032959,2.99235200881958,2.896644353866577
3.6417675018310547,2.9939041137695312,2.894251823425293
3.641417980194092,2.99416446685791,2.892892599105835
3.64209246635437,2.994783878326416,2.8913309574127197
3.64209246635437,2.994783878326416,2.8913309574127197
3.6423444747924805,2.9951364994049072,2.890486478805542
3.6426212787628174,2.9949262142181396,2.890474557876587
3.6426212787628174,2.9949262142181396,2.890474557876587
3.643113851547241,2.9953689575195312,2.890530586242676
3.643714666366577,2.994917631149292,2.890775680541992
3.643714666366577,2.994917631149292,2.890775680541992
3.6444528102874756,2.994966506958008,2.890697717666626
3.6450600624084473,2.9953882694244385,2.8895437717437744
3.6459665298461914,2.995680809020996,2.8877670764923096
3.6459665298461914,2.995680809020996,2.8877670764923096
3.6465747356414795,2.9968996047973633,2.8849806785583496
3.6473090648651123,2.997255563735962,2.8835506439208984
3.647681474685669,2.9971351623535156,2.883206605911255
3.647681474685669,2.9971351623535156,2.883206605911255
3.6473677158355713,2.9973599910736084,2.882662296295166
3.6469693183898926,2.9974045753479004,2.882645606994629
3.6469693183898926,2.9974045753479004,2.882645606994629
3.648041248321533,2.998145580291748,2.8812379837036133
3.648314952850342,2.9984114170074463,2.8804666996002197
3.6481285095214844,2.9992616176605225,2.879178285598755
3.64870548248291,2.9996564388275146,2.877869129180908
3.64870548248291,2.9996564388275146,2.877869129180908
3.6491076946258545,2.9995880126953125,2.8772764205932617
3.6498830318450928,3.00001859664917,2.8766915798187256
3.6498830318450928,3.00001859664917,2.8766915798187256
3.650954008102417,3.000063896179199,2.8754162788391113
3.651289224624634,3.0012166500091553,2.8737974166870117
3.651289224624634,3.0012166500091553,2.8737974166870117
3.651947498321533,3.0018367767333984,2.8724775314331055
3.653200387954712,3.0023605823516846,2.8709867000579834
3.653200387954712,3.0023605823516846,2.8709867000579834
3.654411554336548,3.002565622329712,2.8693313598632812
3.654528856277466,3.0027105808258057,2.8682751655578613
3.6545209884643555,3.0031118392944336,2.8672409057617188
3.6545209884643555,3.0031118392944336,2.8672409057617188
3.6554791927337646,3.002894878387451,2.8664300441741943
3.6554791927337646,3.002894878387451,2.8664300441741943
3.6563022136688232,3.002044677734375,2.8665151596069336
3.6549625396728516,3.0023622512817383,2.8665807247161865
3.6549625396728516,3.0023622512817383,2.8665807247161865
3.6548943519592285,3.0018763542175293,2.8660778999328613
3.6548943519592285,3.0018763542175293,2.8660778999328613
3.6562445163726807,3.001938819885254,2.864143133163452
3.655852794647217,3.002842903137207,2.862121820449829
3.655852794647217,3.002842903137207,2.862121820449829
3.6553187370300293,3.0043318271636963,2.860046863555908
3.6555917263031006,3.0045714378356934,2.859180450439453
3.6555917263031006,3.0045714378356934,2.859180450439453
3.656338930130005,3.004817485809326,2.8578665256500244
3.6562371253967285,3.0050299167633057,2.8572113513946533
3.6562371253967285,3.0050299167633057,2.8572113513946533
3.6562788486480713,3.005573034286499,2.8562004566192627
3.656742572784424,3.0058517456054688,2.8554577827453613
3.6565937995910645,3.0062718391418457,2.8545191287994385
3.6565937995910645,3.0062718391418457,2.8545191287994385
3.6568102836608887,3.0067880153656006,2.853299379348755
3.656574249267578,3.007549524307251,2.851837396621704
3.656574249267578,3.007549524307251,2.851837396621704
3.6571316719055176,3.0078563690185547,2.850965976715088
3.6565093994140625,3.008105754852295,2.8501055240631104
3.6565093994140625,3.008105754852295,2.8501055240631104
3.65600848197937,3.008763074874878,2.8491129875183105
3.65659236907959,3.008695125579834,2.8485305309295654
3.6569862365722656,3.009033203125,2.8478612899780273
3.6569862365722656,3.009033203125,2.8478612899780273
3.6568357944488525,3.01004958152771,2.846463441848755
3.6567001342773438,3.010629892349243,2.845289707183838
3.6567001342773438,3.010629892349243,2.845289707183838
3.65661883354187,3.0108604431152344,2.8442065715789795
3.6571969985961914,3.0109481811523438,2.8435847759246826
3.6571969985961914,3.0109481811523438,2.8435847759246826
3.6575000286102295,3.0110137462615967,2.8428704738616943
3.6576712131500244,3.011808395385742,2.8421950340270996
3.6578009128570557,3.0119845867156982,2.8417062759399414
3.6578009128570557,3.0119845867156982,2.8417062759399414
3.6582539081573486,3.012205123901367,2.841339588165283
3.6592116355895996,3.0125436782836914,2.840667963027954
3.659026861190796,3.0133588314056396,2.839770793914795
3.659026861190796,3.0133588314056396,2.839770793914795
3.6591882705688477,3.0142078399658203,2.8388261795043945
3.6591882705688477,3.0142078399658203,2.8388261795043945
3.6596455574035645,3.0144588947296143,2.8378896713256836
3.6604485511779785,3.0150222778320312,2.837066650390625
3.6612250804901123,3.014589548110962,2.8366026878356934
3.6612250804901123,3.014589548110962,2.8366026878356934
3.6618404388427734,3.014240264892578,2.8361263275146484
3.6617586612701416,3.0148613452911377,2.835439682006836
3.6617586612701416,3.0148613452911377,2.835439682006836
3.661332607269287,3.015045404434204,2.834965705871582
3.661875009536743,3.014918327331543,2.8341705799102783
3.661875009536743,3.014918327331543,2.8341705799102783
3.6625211238861084,3.014397621154785,2.8335120677948
3.662186622619629,3.0144951343536377,2.8329861164093018
3.6623761653900146,3.0149056911468506,2.8326711654663086
3.662977457046509,3.014951229095459,2.8322770595550537
3.662977457046509,3.014951229095459,2.8322770595550537
3.664072275161743,3.014859199523926,2.8321914672851562
3.6644065380096436,3.0146915912628174,2.83158278465271
3.6643660068511963,3.01499080657959,2.830589532852173
3.6643660068511963,3.01499080657959,2.830589532852173
3.6656103134155273,3.0155067443847656,2.829003095626831
3.6663031578063965,3.0155980587005615,2.828073263168335
3.6663031578063965,3.0155980587005615,2.828073263168335
3.6666524410247803,3.0166947841644287,2.8264451026916504
3.6666553020477295,3.016761302947998,2.8256301879882812
3.6679866313934326,3.017287254333496,2.824552059173584
3.6679866313934326,3.017287254333496,2.824552059173584
3.6689014434814453,3.0172762870788574,2.823809862136841
3.670139789581299,3.0175721645355225,2.8226945400238037
3.670139789581299,3.0175721645355225,2.8226945400238037
3.6702795028686523,3.018355369567871,2.821611166000366
3.6702873706817627,3.01885724067688,2.821106433868408
3.671692371368408,3.0186333656311035,2.820568084716797
3.671692371368408,3.0186333656311035,2.820568084716797
3.672165870666504,3.0189201831817627,2.8204023838043213
3.6723248958587646,3.0189952850341797,2.820122003555298
3.672492265701294,3.01924729347229,2.819657802581787
3.6733970642089844,3.0202689170837402,2.8185477256774902
3.6733970642089844,3.0202689170837402,2.8185477256774902
3.674739360809326,3.02085542678833,2.816640615463257
3.676036834716797,3.021549940109253,2.814732074737549
3.676036834716797,3.021549940109253,2.814732074737549
3.6777405738830566,3.0215914249420166,2.812849998474121
3.6774353981018066,3.0212132930755615,2.8125147819519043
3.6774353981018066,3.0212132930755615,2.8125147819519043
3.6785075664520264,3.0212998390197754,2.8118748664855957
3.679361581802368,3.0215394496917725,2.810941219329834
3.679826259613037,3.0223207473754883,2.8092031478881836
3.679826259613037,3.0223207473754883,2.8092031478881836
3.680213212966919,3.0230958461761475,2.80823016166687
3.680922269821167,3.0242273807525635,2.806692600250244
3.680922269821167,3.0242273807525635,2.806692600250244
3.6809098720550537,3.0255682468414307,2.8057563304901123
3.680816888809204,3.026029348373413,2.804702043533325
3.680816888809204,3.026029348373413,2.804702043533325
3.681382894515991,3.026512861251831,2.8034374713897705
3.6817545890808105,3.0274770259857178,2.801682472229004
3.6817545890808105,3.0274770259857178,2.801682472229004
3.6817784309387207,3.028963804244995,2.7996602058410645
3.6820709705352783,3.0295753479003906,2.798365831375122
3.6826834678649902,3.030062437057495,2.7972731590270996
3.6826834678649902,3.030062437057495,2.7972731590270996
3.6829874515533447,3.0301342010498047,2.7966246604919434
3.682734489440918,3.030580997467041,2.7961606979370117
3.682734489440918,3.030580997467041,2.7961606979370117
3.683417558670044,3.0302462577819824,2.79580020904541
3.683610439300537,3.0302672386169434,2.7953176498413086
3.683610439300537,3.0302672386169434,2.7953176498413086
3.684030294418335,3.0317697525024414,2.7939038276672363
3.685199499130249,3.0317118167877197,2.7930591106414795
3.685199499130249,3.0317118167877197,2.7930591106414795
3.6866533756256104,3.0319905281066895,2.7918288707733154
3.6862404346466064,3.032337188720703,2.791002035140991
3.6859264373779297,3.032792329788208,2.7900795936584473
3.6859264373779297,3.032792329788208,2.7900795936584473
3.686851978302002,3.033066511154175,2.78914213180542
3.687764883041382,3.033311128616333,2.7877728939056396
3.687764883041382,3.033311128616333,2.7877728939056396
3.6870322227478027,3.034050464630127,2.7867238521575928
3.68683123588562,3.0345051288604736,2.7858121395111084
3.6878879070281982,3.034907579421997,2.784580707550049
3.6878879070281982,3.034907579421997,2.784580707550049
3.6890621185302734,3.034780502319336,2.7840023040771484
3.688772439956665,3.034813165664673,2.7835662364959717
3.688772439956665,3.034813165664673,2.7835662364959717
3.6886343955993652,3.035468101501465,2.7827582359313965
3.6892943382263184,3.035233497619629,2.782534122467041
3.689347982406616,3.0351264476776123,2.7825872898101807
3.689704656600952,3.035216808319092,2.782398223876953
3.689704656600952,3.035216808319092,2.782398223876953
3.689913749694824,3.03556227684021,2.7819461822509766
3.6902449131011963,3.036081314086914,2.781071662902832
3.6902449131011963,3.036081314086914,2.781071662902832
3.6908445358276367,3.0372414588928223,2.779676675796509
3.6915102005004883,3.0373854637145996,2.7787444591522217
3.6915102005004883,3.0373854637145996,2.7787444591522217
3.691864013671875,3.0384933948516846,2.7772328853607178
3.692532777786255,3.039170503616333,2.7760441303253174
3.692532777786255,3.039170503616333,2.7760441303253174
3.693350315093994,3.0394446849823,2.775021553039551
3.6939356327056885,3.0398523807525635,2.7740700244903564
3.694690227508545,3.0404562950134277,2.772876501083374
3.6955840587615967,3.0406887531280518,2.772059440612793
3.6955840587615967,3.0406887531280518,2.772059440612793
3.696765184402466,3.041046619415283,2.771207332611084
3.697303533554077,3.0408310890197754,2.7705142498016357
3.697303533554077,3.0408310890197754,2.7705142498016357
3.697941541671753,3.0406758785247803,2.7693607807159424
3.6983489990234375,3.040869951248169,2.768653392791748
3.6983489990234375,3.040869951248169,2.768653392791748
3.6989567279815674,3.04050874710083,2.7681849002838135
3.698806047439575,3.0409605503082275,2.7679290771484375
3.6986515522003174,3.041369676589966,2.7673017978668213
3.6991097927093506,3.0416319370269775,2.766038179397583
3.6991097927093506,3.0416319370269775,2.766038179397583
3.700047254562378,3.0422027111053467,2.7647628784179688
3.7006890773773193,3.042407274246216,2.7636382579803467
3.701354503631592,3.0435950756073,2.762202262878418
3.701354503631592,3.0435950756073,2.762202262878418
3.7017202377319336,3.044060468673706,2.7613003253936768
3.7031030654907227,3.0440263748168945,2.7605063915252686
3.7031030654907227,3.0440263748168945,2.7605063915252686
3.7038826942443848,3.0440328121185303,2.759711742401123
3.7043960094451904,3.0453073978424072,2.757848024368286
3.7043960094451904,3.0453073978424072,2.757848024368286
3.7049050331115723,3.045957088470459,2.756682872772217
3.706037759780884,3.046359062194824,2.7554383277893066
3.7061121463775635,3.0467162132263184,2.7549471855163574
3.7061121463775635,3.0467162132263184,2.7549471855163574
3.7064337730407715,3.046674966812134,2.754462957382202
3.7064337730407715,3.046674966812134,2.754462957382202
3.7068300247192383,3.0475287437438965,2.7535152435302734
3.7079126834869385,3.0477046966552734,2.752634048461914
3.707880735397339,3.047663688659668,2.7522597312927246
3.707880735397339,3.047663688659668,2.7522597312927246
3.708202362060547,3.0485382080078125,2.751338243484497
3.7089614868164062,3.0493929386138916,2.7502450942993164
3.7098233699798584,3.0496439933776855,2.749216079711914
3.7098233699798584,3.0496439933776855,2.749216079711914
3.7099990844726562,3.050121545791626,2.748464822769165
3.7099990844726562,3.050121545791626,2.748464822769165
3.710048198699951,3.050632953643799,2.7476589679718018
3.7103095054626465,3.051008462905884,2.7472047805786133
3.7103095054626465,3.051008462905884,2.7472047805786133
3.7100839614868164,3.050989866256714,2.746709108352661
3.7103617191314697,3.051107406616211,2.7460827827453613
3.7108137607574463,3.051328182220459,2.745192289352417
3.7108137607574463,3.051328182220459,2.745192289352417
3.7113046646118164,3.0519330501556396,2.7441298961639404
3.711581230163574,3.0521373748779297,2.743563175201416
3.711581230163574,3.0521373748779297,2.743563175201416
3.7124876976013184,3.0521657466888428,2.7429184913635254
3.7127013206481934,3.0519073009490967,2.742375612258911
3.7129764556884766,3.052259922027588,2.741990804672241
3.7141313552856445,3.052072763442993,2.741596221923828
3.7151408195495605,3.0513176918029785,2.7412593364715576
3.7151408195495605,3.0513176918029785,2.7412593364715576
3.7150166034698486,3.0520215034484863,2.740952253341675
3.7158865928649902,3.0527350902557373,2.7404212951660156
3.7158865928649902,3.0527350902557373,2.7404212951660156
3.7156550884246826,3.05352783203125,2.7396841049194336
3.715419292449951,3.054232597351074,2.7393243312835693
3.715419292449951,3.054232597351074,2.7393243312835693
3.715776205062866,3.054396867752075,2.7388620376586914
3.7166035175323486,3.0546867847442627,2.7385032176971436
3.7166035175323486,3.0546867847442627,2.7385032176971436
3.7170324325561523,3.054243803024292,2.737894058227539
3.7168333530426025,3.0551092624664307,2.737287998199463
3.7168333530426025,3.0551092624664307,2.737287998199463
3.717371702194214,3.055548667907715,2.7360846996307373
3.717371702194214,3.055548667907715,2.7360846996307373
3.7187705039978027,3.05594801902771,2.73506760597229
3.7192277908325195,3.056122064590454,2.734647035598755
3.7192277908325195,3.056122064590454,2.734647035598755
3.719290256500244,3.0557971000671387,2.734407424926758
3.719120979309082,3.0563766956329346,2.733489751815796
3.719120979309082,3.0563766956329346,2.733489751815796
3.7194995880126953,3.0566110610961914,2.7325057983398438
3.7195239067077637,3.0566985607147217,2.732050657272339
3.7195239067077637,3.0566985607147217,2.732050657272339
3.7194626331329346,3.0567069053649902,2.731106996536255
3.7201015949249268,3.056478261947632,2.730510950088501
3.7201015949249268,3.056478261947632,2.730510950088501
3.7208447456359863,3.0570693016052246,2.7295899391174316
3.721200942993164,3.0573463439941406,2.7287750244140625
3.721200942993164,3.0573463439941406,2.7287750244140625
3.7222886085510254,3.058117389678955,2.7277543544769287
3.723544120788574,3.0584230422973633,2.726609706878662
3.723544120788574,3.0584230422973633,2.726609706878662
3.7254130840301514,3.058271884918213,2.725405216217041
3.7262516021728516,3.0585830211639404,2.724337577819824
3.7264604568481445,3.0588369369506836,2.72383975982666
3.7264604568481445,3.0588369369506836,2.72383975982666
3.7271482944488525,3.0589280128479004,2.723245143890381
3.7283918857574463,3.0597047805786133,2.7221317291259766
3.729729175567627,3.0600764751434326,2.721038579940796
3.729729175567627,3.0600764751434326,2.721038579940796
3.7300760746002197,3.0600290298461914,2.719628095626831
3.7296111583709717,3.061678409576416,2.71802020072937
3.7296111583709717,3.061678409576416,2.71802020072937
3.7293970584869385,3.062473773956299,2.716634511947632
3.729644536972046,3.0629544258117676,2.715564727783203
3.729644536972046,3.0629544258117676,2.715564727783203
3.731534719467163,3.06318736076355,2.7143049240112305
3.7325439453125,3.0631675720214844,2.7136800289154053
3.7325439453125,3.0631675720214844,2.7136800289154053
3.7328221797943115,3.0637917518615723,2.7125139236450195
3.7328951358795166,3.0638651847839355,2.711832046508789
3.733940839767456,3.063265800476074,2.7110979557037354
3.733940839767456,3.063265800476074,2.7110979557037354
3.734769105911255,3.06314754486084,2.710576057434082
3.734715223312378,3.0631957054138184,2.7103474140167236
3.7344257831573486,3.0636563301086426,2.709916353225708
3.7344257831573486,3.0636563301086426,2.709916353225708
3.734724760055542,3.064194917678833,2.709012031555176
3.734724760055542,3.064194917678833,2.709012031555176
3.736193895339966,3.0644443035125732,2.7076690196990967
3.737035036087036,3.0649404525756836,2.7065541744232178
3.737661361694336,3.065526247024536,2.705566883087158
3.737661361694336,3.065526247024536,2.705566883087158
3.737844467163086,3.065849542617798,2.7045910358428955
3.7382419109344482,3.066167116165161,2.703941583633423
3.7382419109344482,3.066167116165161,2.703941583633423
3.739260673522949,3.066911220550537,2.7028968334198
3.7405593395233154,3.067103624343872,2.702023506164551
3.7408742904663086,3.0675299167633057,2.7010858058929443
3.7408742904663086,3.0675299167633057,2.7010858058929443
3.7416176795959473,3.068528652191162,2.699626922607422
3.742070436477661,3.0687766075134277,2.698880195617676
3.742070436477661,3.0687766075134277,2.698880195617676
3.742485523223877,3.068769931793213,2.6984729766845703
3.7429487705230713,3.068674087524414,2.698215961456299
3.742971897125244,3.0697367191314697,2.6975345611572266
3.7420170307159424,3.070894479751587,2.6967356204986572
3.7420170307159424,3.070894479751587,2.6967356204986572
3.7425460815429688,3.0709145069122314,2.696150779724121
3.743999481201172,3.07077956199646,2.6959853172302246
3.743999481201172,3.07077956199646,2.6959853172302246
3.744312047958374,3.0709357261657715,2.6958234310150146
3.744412899017334,3.071481704711914,2.6951687335968018
3.744412899017334,3.071481704711914,2.6951687335968018
3.7450225353240967,3.0719923973083496,2.6937360763549805
3.7454357147216797,3.0724477767944336,2.692736864089966
3.746062755584717,3.073446750640869,2.690492630004883
3.746062755584717,3.073446750640869,2.690492630004883
3.746853828430176,3.0739803314208984,2.6892542839050293
3.747478723526001,3.073806047439575,2.688715934753418
3.747807502746582,3.0740346908569336,2.688319206237793
3.747807502746582,3.0740346908569336,2.688319206237793
3.7479279041290283,3.0742132663726807,2.6882495880126953
3.7483015060424805,3.0740966796875,2.6883010864257812
3.7483015060424805,3.0740966796875,2.6883010864257812
3.7479162216186523,3.0744848251342773,2.688317060470581
3.7474749088287354,3.074918031692505,2.688213348388672
3.7479758262634277,3.075446605682373,2.6874756813049316
3.7479758262634277,3.075446605682373,2.6874756813049316
3.7481517791748047,3.0760412216186523,2.686612367630005
3.7482197284698486,3.076493978500366,2.685256004333496
3.7482197284698486,3.076493978500366,2.685256004333496
3.748753070831299,3.0770702362060547,2.6838159561157227
3.7492835521698,3.0768237113952637,2.6830151081085205
3.7492835521698,3.0768237113952637,2.6830151081085205
3.7488880157470703,3.0776174068450928,2.6819090843200684
3.7486960887908936,3.0782833099365234,2.681234359741211
3.7484350204467773,3.0791854858398438,2.6802635192871094
3.748969316482544,3.0796055793762207,2.679598093032837
3.748969316482544,3.0796055793762207,2.679598093032837
3.7489519119262695,3.079622983932495,2.6793529987335205
3.7488715648651123,3.0798511505126953,2.679448366165161
3.7488715648651123,3.0798511505126953,2.679448366165161
3.749553918838501,3.079310655593872,2.679605484008789
3.7496566772460938,3.0794677734375,2.679492235183716
3.7496566772460938,3.0794677734375,2.679492235183716
3.7501327991485596,3.0802199840545654,2.6784019470214844
3.750715970993042,3.0813310146331787,2.6769683361053467
3.75081729888916,3.0822033882141113,2.675424337387085
3.75081729888916,3.0822033882141113,2.675424337387085
3.7514920234680176,3.082991361618042,2.6741421222686768
3.751797914505005,3.082754611968994,2.6740312576293945
3.751797914505005,3.082754611968994,2.6740312576293945
3.7518858909606934,3.082453966140747,2.67476487159729
3.7518858909606934,3.082453966140747,2.67476487159729
3.7514781951904297,3.0820469856262207,2.6751620769500732
3.752086877822876,3.0820798873901367,2.6747565269470215
3.7533669471740723,3.0823395252227783,2.6738927364349365
3.7531590461730957,3.082934856414795,2.6732218265533447
3.7531590461730957,3.082934856414795,2.6732218265533447
3.75307297706604,3.0837740898132324,2.6725525856018066
3.7535414695739746,3.084113121032715,2.6721458435058594
3.7535414695739746,3.084113121032715,2.6721458435058594
3.7545199394226074,3.083373785018921,2.671623468399048
3.7545251846313477,3.083031177520752,2.671278238296509
3.7594077587127686,3.082470655441284,2.669647216796875
3.7594077587127686,3.082470655441284,2.669647216796875
3.7592215538024902,3.082808494567871,2.669203519821167
3.7593834400177,3.083212375640869,2.6688647270202637
3.7593834400177,3.083212375640869,2.6688647270202637
3.758204936981201,3.083505630493164,2.6688332557678223
3.7580652236938477,3.083616018295288,2.6686651706695557
3.7580652236938477,3.083616018295288,2.6686651706695557
3.7589211463928223,3.0835959911346436,2.668670177459717
3.7591309547424316,3.0828731060028076,2.6682958602905273
3.759103775024414,3.0831410884857178,2.667694568634033
3.759103775024414,3.0831410884857178,2.667694568634033
3.7590084075927734,3.0833840370178223,2.66721510887146
3.7598726749420166,3.0836334228515625,2.666024684906006
3.7598726749420166,3.0836334228515625,2.666024684906006
3.760477066040039,3.08433198928833,2.6647377014160156
3.7609429359436035,3.085226058959961,2.66326642036438
3.7609429359436035,3.085226058959961,2.66326642036438
3.7620248794555664,3.085712194442749,2.662074327468872
3.7621915340423584,3.085314989089966,2.661252975463867
3.7621915340423584,3.085314989089966,2.661252975463867
3.7624168395996094,3.0857932567596436,2.6606075763702393
3.7623331546783447,3.0861997604370117,2.6597955226898193
3.7623331546783447,3.0861997604370117,2.6597955226898193
3.763185977935791,3.0867154598236084,2.6590754985809326
3.76324462890625,3.087043523788452,2.658931016921997
3.763775587081909,3.0874369144439697,2.6587119102478027
3.763775587081909,3.0874369144439697,2.6587119102478027
3.7624802589416504,3.0875930786132812,2.658658027648926
3.7626752853393555,3.0872228145599365,2.6589696407318115
3.7626752853393555,3.0872228145599365,2.6589696407318115
3.7627265453338623,3.0866477489471436,2.659423351287842
3.7623305320739746,3.0868232250213623,2.6591897010803223
3.762512445449829,3.0869641304016113,2.658766746520996
3.762512445449829,3.0869641304016113,2.658766746520996
3.763982057571411,3.08754301071167,2.6574161052703857
3.7647345066070557,3.0880088806152344,2.65649151802063
3.7647345066070557,3.0880088806152344,2.65649151802063
3.765061378479004,3.0884902477264404,2.655836582183838
3.765718698501587,3.088883399963379,2.6553878784179688
3.7673451900482178,3.0890896320343018,2.6548519134521484
3.7683897018432617,3.089620590209961,2.6541342735290527
3.7683897018432617,3.089620590209961,2.6541342735290527
3.7691879272460938,3.0897438526153564,2.653470277786255
3.770110845565796,3.0905609130859375,2.6523211002349854
3.770110845565796,3.0905609130859375,2.6523211002349854
3.770617723464966,3.0908899307250977,2.6515860557556152
3.7713656425476074,3.091428756713867,2.6507906913757324
3.7713656425476074,3.091428756713867,2.6507906913757324
3.7722840309143066,3.0920424461364746,2.649603843688965
3.7724509239196777,3.0928778648376465,2.648620843887329
3.7728331089019775,3.0932555198669434,2.6477248668670654
3.7728331089019775,3.0932555198669434,2.6477248668670654
3.7737925052642822,3.0937721729278564,2.646557331085205
3.7749311923980713,3.093648910522461,2.646035671234131
3.774820327758789,3.0938467979431152,2.6455156803131104
3.774820327758789,3.0938467979431152,2.6455156803131104
3.7746083736419678,3.0941805839538574,2.6451539993286133
3.774838924407959,3.0943949222564697,2.644775152206421
3.7758705615997314,3.094381093978882,2.6441972255706787
3.7758705615997314,3.094381093978882,2.6441972255706787
3.7767772674560547,3.094531536102295,2.6435182094573975
3.7767748832702637,3.094844341278076,2.6430442333221436
3.7764506340026855,3.095142126083374,2.6424477100372314
3.7764506340026855,3.095142126083374,2.6424477100372314
3.776832342147827,3.0954973697662354,2.6416800022125244
3.776832342147827,3.0954973697662354,2.6416800022125244
3.777383804321289,3.0956432819366455,2.640657663345337
3.777106285095215,3.09680438041687,2.6395184993743896
3.7763967514038086,3.0982773303985596,2.6386866569519043
3.7763967514038086,3.0982773303985596,2.6386866569519043
3.7766082286834717,3.0985186100006104,2.638169765472412
3.777343988418579,3.0982773303985596,2.638265371322632
3.776857614517212,3.0980026721954346,2.638197183609009
3.776857614517212,3.0980026721954346,2.638197183609009
3.776594400405884,3.0980658531188965,2.637948989868164
3.7770838737487793,3.098721504211426,2.6368932723999023
3.7770838737487793,3.098721504211426,2.6368932723999023
3.778373956680298,3.0992631912231445,2.6349875926971436
3.778045654296875,3.0997049808502197,2.6337201595306396
3.778045654296875,3.0997049808502197,2.6337201595306396
3.778550148010254,3.100278377532959,2.632387399673462
3.779789686203003,3.0997962951660156,2.6318960189819336
3.779937505722046,3.100032091140747,2.6308188438415527
3.779937505722046,3.100032091140747,2.6308188438415527
3.780183792114258,3.1007015705108643,2.6299290657043457
3.7811596393585205,3.1008615493774414,2.628714084625244
3.7811596393585205,3.1008615493774414,2.628714084625244
3.782491683959961,3.1016266345977783,2.6275839805603027
3.7824106216430664,3.1017422676086426,2.6271467208862305
3.7826805114746094,3.1016855239868164,2.6270391941070557
3.7826805114746094,3.1016855239868164,2.6270391941070557
3.7833454608917236,3.101719379425049,2.6267406940460205
3.7833454608917236,3.101719379425049,2.6267406940460205
3.7842049598693848,3.1023473739624023,2.6258351802825928
3.7848892211914062,3.1026785373687744,2.624906301498413
3.786503791809082,3.1029410362243652,2.6240756511688232
3.786503791809082,3.1029410362243652,2.6240756511688232
3.788087844848633,3.103015184402466,2.623227834701538
3.7892026901245117,3.103302478790283,2.6225883960723877
3.790620803833008,3.103407621383667,2.6219170093536377
3.790620803833008,3.103407621383667,2.6219170093536377
3.7905869483947754,3.1032588481903076,2.6216022968292236
3.7905869483947754,3.1032588481903076,2.6216022968292236
3.7903835773468018,3.104332447052002,2.620795488357544
3.7906105518341064,3.1046223640441895,2.6201858520507812
3.7906105518341064,3.1046223640441895,2.6201858520507812
3.7913858890533447,3.1048991680145264,2.6190810203552246
3.7913858890533447,3.1048991680145264,2.6190810203552246
3.7904772758483887,3.105869770050049,2.618156909942627
3.7908191680908203,3.1061439514160156,2.6177756786346436
3.7908191680908203,3.1061439514160156,2.6177756786346436
3.7915499210357666,3.105912446975708,2.6173365116119385
3.791189432144165,3.106529474258423,2.616532325744629
3.791189432144165,3.106529474258423,2.616532325744629
3.791128635406494,3.1074678897857666,2.6155264377593994
3.7918200492858887,3.1080880165100098,2.614656448364258
3.7918200492858887,3.1080880165100098,2.614656448364258
3.793344259262085,3.1077992916107178,2.6139700412750244
3.793574571609497,3.1076500415802,2.6134819984436035
3.793574571609497,3.1076500415802,2.6134819984436035
3.7939236164093018,3.1082754135131836,2.6126089096069336
3.794102430343628,3.1094777584075928,2.6117782592773438
3.794102430343628,3.1094777584075928,2.6117782592773438
3.79510235786438,3.110116720199585,2.6109907627105713
3.795145273208618,3.110247850418091,2.610645055770874
3.7951972484588623,3.1105496883392334,2.610386610031128
3.7951972484588623,3.1105496883392334,2.610386610031128
3.7951853275299072,3.1110117435455322,2.6099138259887695
3.795602798461914,3.1109888553619385,2.6094462871551514
3.796562671661377,3.1113734245300293,2.608659505844116
3.796562671661377,3.1113734245300293,2.608659505844116
3.7962114810943604,3.1125223636627197,2.6071243286132812
3.796278238296509,3.1138663291931152,2.6052441596984863
3.796278238296509,3.1138663291931152,2.6052441596984863
3.797452211380005,3.114656686782837,2.6032302379608154
3.797752618789673,3.115713119506836,2.601539134979248
3.797752618789673,3.115713119506836,2.601539134979248
3.7971818447113037,3.116410493850708,2.6007089614868164
3.797219753265381,3.116560697555542,2.6000516414642334
3.7976558208465576,3.11716365814209,2.5992395877838135
3.797816276550293,3.117389678955078,2.598313808441162
3.797816276550293,3.117389678955078,2.598313808441162
3.7980170249938965,3.117776870727539,2.5972442626953125
3.798149347305298,3.1184439659118652,2.5965356826782227
3.798149347305298,3.1184439659118652,2.5965356826782227
3.797699451446533,3.1186654567718506,2.5954275131225586
3.797699451446533,3.1186654567718506,2.5954275131225586
3.7982897758483887,3.1184730529785156,2.5946507453918457
3.7981972694396973,3.1187007427215576,2.5941691398620605
3.7981972694396973,3.1187007427215576,2.5941691398620605
3.7981507778167725,3.1184773445129395,2.593536376953125
3.799072504043579,3.1191089153289795,2.592758893966675
3.799072504043579,3.1191089153289795,2.592758893966675
3.7990782260894775,3.119330883026123,2.592319965362549
3.7996633052825928,3.119839668273926,2.59159517288208
3.801198959350586,3.1202638149261475,2.590620756149292
3.801198959350586,3.1202638149261475,2.590620756149292
3.8032543659210205,3.1197009086608887,2.589930534362793
3.8042869567871094,3.119678497314453,2.589211940765381
3.8042869567871094,3.119678497314453,2.589211940765381
3.8053083419799805,3.1204495429992676,2.588219165802002
3.8051512241363525,3.1215391159057617,2.587308406829834
3.805173873901367,3.123246908187866,2.586517095565796
3.805173873901367,3.123246908187866,2.586517095565796
3.8051416873931885,3.123440980911255,2.5863454341888428
3.8060545921325684,3.1234264373779297,2.586226463317871
3.8060545921325684,3.1234264373779297,2.586226463317871
3.8063902854919434,3.1236164569854736,2.5859036445617676
3.806684970855713,3.123506546020508,2.585615873336792
3.806684970855713,3.123506546020508,2.585615873336792
3.8069779872894287,3.1238040924072266,2.5850930213928223
3.8069779872894287,3.1238040924072266,2.5850930213928223
3.8081493377685547,3.1246886253356934,2.5832743644714355
3.8095309734344482,3.125201940536499,2.5813980102539062
3.8099751472473145,3.1267988681793213,2.579324722290039
3.8099751472473145,3.1267988681793213,2.579324722290039
3.810255765914917,3.12715744972229,2.578307628631592
3.81105637550354,3.1276438236236572,2.5770678520202637
3.8116116523742676,3.1281545162200928,2.575888156890869
3.8116116523742676,3.1281545162200928,2.575888156890869
3.8128130435943604,3.1284050941467285,2.574157953262329
3.8132309913635254,3.129612922668457,2.572558879852295
3.8136072158813477,3.1300101280212402,2.5715863704681396
3.8136072158813477,3.1300101280212402,2.5715863704681396
3.814715623855591,3.130506992340088,2.5706119537353516
3.81555438041687,3.130131244659424,2.570378303527832
3.81555438041687,3.130131244659424,2.570378303527832
3.8173160552978516,3.1284332275390625,2.5701851844787598
3.817368507385254,3.1285932064056396,2.569655656814575
3.8175082206726074,3.12919282913208,2.569004774093628
3.8175082206726074,3.12919282913208,2.569004774093628
3.8178484439849854,3.1302037239074707,2.5675032138824463
3.8188400268554688,3.131361484527588,2.5662498474121094
3.8188400268554688,3.131361484527588,2.5662498474121094
3.8204505443573,3.1318118572235107,2.564857006072998
3.8212645053863525,3.1324994564056396,2.56384539604187
3.8212645053863525,3.1324994564056396,2.56384539604187
3.8219830989837646,3.1331615447998047,2.5627243518829346
3.8222692012786865,3.133436918258667,2.562035083770752
3.8222692012786865,3.133436918258667,2.562035083770752
3.823119878768921,3.134131669998169,2.5610547065734863
3.823864459991455,3.1345014572143555,2.5603418350219727
3.823864459991455,3.1345014572143555,2.5603418350219727
3.824082374572754,3.134971857070923,2.5592856407165527
3.824564218521118,3.1351659297943115,2.558624029159546
3.8255226612091064,3.1354031562805176,2.5579514503479004
3.8255226612091064,3.1354031562805176,2.5579514503479004
3.826021194458008,3.135841131210327,2.5571541786193848
3.827449083328247,3.135362386703491,2.5557756423950195
3.827449083328247,3.135362386703491,2.5557756423950195
3.8274478912353516,3.1343257427215576,2.555129289627075
3.828021764755249,3.135523557662964,2.553786516189575
3.828064441680908,3.137269973754883,2.552701473236084
3.828064441680908,3.137269973754883,2.552701473236084
3.8287127017974854,3.137666702270508,2.551283597946167
3.829721689224243,3.1386282444000244,2.549962282180786
3.829721689224243,3.1386282444000244,2.549962282180786
3.8288750648498535,3.139397144317627,2.5490922927856445
3.8286445140838623,3.139556407928467,2.5483908653259277
3.8286445140838623,3.139556407928467,2.5483908653259277
3.829360246658325,3.140352725982666,2.547175168991089
3.829488754272461,3.1407995223999023,2.5454039573669434
3.828843593597412,3.14192271232605,2.5443897247314453
3.828843593597412,3.14192271232605,2.5443897247314453
3.828623056411743,3.1424148082733154,2.543337821960449
3.829312801361084,3.142887592315674,2.5426204204559326
3.829312801361084,3.142887592315674,2.5426204204559326
3.829991340637207,3.142596483230591,2.5416789054870605
3.830134391784668,3.1424167156219482,2.541041612625122
3.830134391784668,3.1424167156219482,2.541041612625122
3.831179618835449,3.142348527908325,2.539985179901123
3.8324763774871826,3.1421401500701904,2.539137363433838
3.8340625762939453,3.1422274112701416,2.5374250411987305
3.8340625762939453,3.1422274112701416,2.5374250411987305
3.8350625038146973,3.142702102661133,2.5363404750823975
3.8366026878356934,3.143517255783081,2.5344605445861816
3.8366026878356934,3.143517255783081,2.5344605445861816
3.837555170059204,3.1439013481140137,2.5331122875213623
3.838369607925415,3.144700765609741,2.5324411392211914
3.838369607925415,3.144700765609741,2.5324411392211914
3.838909149169922,3.1451051235198975,2.532165765762329
3.8392465114593506,3.144759178161621,2.53242826461792
3.8392465114593506,3.144759178161621,2.53242826461792
3.838982105255127,3.1448891162872314,2.5330121517181396
3.8391623497009277,3.1451711654663086,2.532714366912842
3.8398261070251465,3.1456964015960693,2.5318589210510254
3.8398261070251465,3.1456964015960693,2.5318589210510254
3.8409812450408936,3.1469075679779053,2.530830144882202
3.8415629863739014,3.1469385623931885,2.5303549766540527
3.8415629863739014,3.1469385623931885,2.5303549766540527
3.842297315597534,3.147752285003662,2.5297646522521973
3.843257188796997,3.147775411605835,2.529712438583374
3.843257188796997,3.147775411605835,2.529712438583374
3.8433799743652344,3.147451877593994,2.529866933822632
3.843360424041748,3.148263692855835,2.529400110244751
3.843958616256714,3.1479859352111816,2.5288166999816895
3.843958616256714,3.1479859352111816,2.5288166999816895
3.844862699508667,3.1479883193969727,2.52821683883667
3.8452837467193604,3.1483402252197266,2.5272817611694336
3.8452837467193604,3.1483402252197266,2.5272817611694336
3.8453359603881836,3.1487274169921875,2.5264029502868652
3.845731258392334,3.148914098739624,2.525604486465454
3.845731258392334,3.148914098739624,2.525604486465454
3.8466835021972656,3.1486024856567383,2.5243966579437256
3.847336769104004,3.148486375808716,2.523513078689575
3.847653388977051,3.1486563682556152,2.522670030593872
3.847653388977051,3.1486563682556152,2.522670030593872
3.849214553833008,3.1487629413604736,2.5213735103607178
3.8495664596557617,3.148616313934326,2.520925760269165
3.8495664596557617,3.148616313934326,2.520925760269165
3.8512868881225586,3.1492674350738525,2.519841194152832
3.853071451187134,3.149254083633423,2.518780469894409
3.8540844917297363,3.149855852127075,2.517324924468994
3.8540844917297363,3.149855852127075,2.517324924468994
3.853691816329956,3.151242971420288,2.5160093307495117
3.852235794067383,3.152991771697998,2.5145435333251953
3.852235794067383,3.152991771697998,2.5145435333251953
3.852227210998535,3.1532435417175293,2.5135414600372314
3.852613925933838,3.1535632610321045,2.5131571292877197
3.8540446758270264,3.1528236865997314,2.512864112854004
3.8540446758270264,3.1528236865997314,2.512864112854004
3.8546764850616455,3.1527440547943115,2.512188673019409
3.8542301654815674,3.1536200046539307,2.511085271835327
3.8542301654815674,3.1536200046539307,2.511085271835327
3.8545773029327393,3.1536154747009277,2.510085105895996
3.8555002212524414,3.1536171436309814,2.5098073482513428
3.8555002212524414,3.1536171436309814,2.5098073482513428
3.8565592765808105,3.153555154800415,2.5095603466033936
3.8573007583618164,3.153507709503174,2.5090339183807373
3.8581504821777344,3.1538779735565186,2.508302688598633
3.8581504821777344,3.1538779735565186,2.508302688598633
3.8600430488586426,3.1538233757019043,2.5076849460601807
3.8600430488586426,3.1538233757019043,2.5076849460601807
3.8622186183929443,3.1542537212371826,2.5067975521087646
3.8640377521514893,3.153451442718506,2.506251335144043
3.8657612800598145,3.1533000469207764,2.506129026412964
3.8657612800598145,3.1533000469207764,2.506129026412964
3.867697238922119,3.1525633335113525,2.5063610076904297
3.8685779571533203,3.1529417037963867,2.5058610439300537
3.8685779571533203,3.1529417037963867,2.5058610439300537
3.869126081466675,3.1530144214630127,2.5054214000701904
3.870150566101074,3.1536028385162354,2.504542589187622
3.8714208602905273,3.154345989227295,2.504035711288452
3.8714208602905273,3.154345989227295,2.504035711288452
3.8724122047424316,3.154991626739502,2.503556489944458
3.8732402324676514,3.1556057929992676,2.5028045177459717
3.8732402324676514,3.1556057929992676,2.5028045177459717
3.8736979961395264,3.1555116176605225,2.502354145050049
3.8745994567871094,3.156635046005249,2.5012803077697754
3.8749446868896484,3.157179832458496,2.500087261199951
3.8759729862213135,3.158418893814087,2.4984748363494873
3.8759729862213135,3.158418893814087,2.4984748363494873
3.8776113986968994,3.1599233150482178,2.4970040321350098
3.8793327808380127,3.160984516143799,2.4961791038513184
3.8793327808380127,3.160984516143799,2.4961791038513184
3.8816416263580322,3.160392999649048,2.4956889152526855
3.8823041915893555,3.160259246826172,2.4955668449401855
3.883476495742798,3.1605169773101807,2.495143175125122
3.883476495742798,3.1605169773101807,2.495143175125122
3.8848745822906494,3.161376714706421,2.494030714035034
3.885519504547119,3.162346363067627,2.492513418197632
3.885519504547119,3.162346363067627,2.492513418197632
3.8860297203063965,3.1629221439361572,2.491640329360962
3.886371612548828,3.1628847122192383,2.4916832447052
3.886371612548828,3.1628847122192383,2.4916832447052
3.886110782623291,3.1629443168640137,2.491745710372925
3.886262893676758,3.1635732650756836,2.4910712242126465
3.8877103328704834,3.164067029953003,2.490319013595581
3.8877103328704834,3.164067029953003,2.490319013595581
3.8879380226135254,3.164273262023926,2.4891717433929443
3.888030767440796,3.1652462482452393,2.4883182048797607
3.888030767440796,3.1652462482452393,2.4883182048797607
3.8886911869049072,3.1652159690856934,2.48763370513916
3.8918399810791016,3.1645100116729736,2.4869751930236816
3.8918399810791016,3.1645100116729736,2.4869751930236816
3.8915603160858154,3.165602207183838,2.485811471939087
3.891355276107788,3.1664397716522217,2.4848012924194336
3.890835762023926,3.167344331741333,2.483980655670166
3.890835762023926,3.167344331741333,2.483980655670166
3.8916120529174805,3.1683645248413086,2.483794689178467
3.8915915489196777,3.167912483215332,2.4829564094543457
3.8915915489196777,3.167912483215332,2.4829564094543457
3.8921968936920166,3.168670892715454,2.481832265853882
3.8918001651763916,3.1697826385498047,2.4806244373321533
3.8918001651763916,3.1697826385498047,2.4806244373321533
3.8932695388793945,3.169858932495117,2.479471206665039
3.894432544708252,3.1706228256225586,2.478492498397827
3.895958185195923,3.171095132827759,2.4772980213165283
3.895958185195923,3.171095132827759,2.4772980213165283
3.8987293243408203,3.1714272499084473,2.4759998321533203
3.8994064331054688,3.1714563369750977,2.4749085903167725
3.8994064331054688,3.1714563369750977,2.4749085903167725
3.90102481842041,3.1712207794189453,2.4743740558624268
3.901578903198242,3.172175884246826,2.4735584259033203
3.901578903198242,3.172175884246826,2.4735584259033203
3.901453733444214,3.172572612762451,2.4722044467926025
3.901730537414551,3.173011541366577,2.4713127613067627
3.901846408843994,3.1735682487487793,2.47027325630188
3.901846408843994,3.1735682487487793,2.47027325630188
3.902139186859131,3.1742634773254395,2.469416379928589
3.9024903774261475,3.1751365661621094,2.468540668487549
3.9024903774261475,3.1751365661621094,2.468540668487549
3.9033265113830566,3.175931930541992,2.4672484397888184
3.904125213623047,3.1768858432769775,2.466012716293335
3.904125213623047,3.1768858432769775,2.466012716293335
3.905052423477173,3.1776769161224365,2.4650285243988037
3.9049863815307617,3.1790239810943604,2.463771343231201
3.9057278633117676,3.1800031661987305,2.4627068042755127
3.9057278633117676,3.1800031661987305,2.4627068042755127
3.906090259552002,3.180898904800415,2.4617209434509277
3.9064934253692627,3.181542158126831,2.460702419281006
3.9064934253692627,3.181542158126831,2.460702419281006
3.906888246536255,3.1822683811187744,2.459620952606201
3.9071435928344727,3.18259859085083,2.459003448486328
3.9080445766448975,3.1834373474121094,2.4582090377807617
3.9080445766448975,3.1834373474121094,2.4582090377807617
3.9090824127197266,3.1840717792510986,2.457125186920166
3.910886764526367,3.184737205505371,2.455989122390747
3.910886764526367,3.184737205505371,2.455989122390747
3.9131088256835938,3.184885263442993,2.4554860591888428
3.9151735305786133,3.1841766834259033,2.4552314281463623
3.9151735305786133,3.1841766834259033,2.4552314281463623
3.9174842834472656,3.1845312118530273,2.4548280239105225
3.9186224937438965,3.184509515762329,2.4546241760253906
3.9186224937438965,3.184509515762329,2.4546241760253906
3.9197592735290527,3.18483829498291,2.453871965408325
3.9206790924072266,3.185239553451538,2.4531350135803223
3.9217312335968018,3.1857919692993164,2.4520256519317627
3.9217312335968018,3.1857919692993164,2.4520256519317627
3.9235966205596924,3.18680477142334,2.4507710933685303
3.924457311630249,3.1868152618408203,2.450247049331665
3.924457311630249,3.1868152618408203,2.450247049331665
3.9253182411193848,3.1870741844177246,2.4499664306640625
3.925736665725708,3.1870577335357666,2.449925422668457
3.927173376083374,3.186964750289917,2.450143575668335
3.927173376083374,3.186964750289917,2.450143575668335
3.9289603233337402,3.186563491821289,2.4506406784057617
3.930870771408081,3.1866109371185303,2.4505791664123535
3.930870771408081,3.1866109371185303,2.4505791664123535
3.9320385456085205,3.1868059635162354,2.450230360031128
3.933169364929199,3.1868393421173096,2.449822187423706
3.933169364929199,3.1868393421173096,2.449822187423706
3.934657096862793,3.1870853900909424,2.449218273162842
3.936614990234375,3.1873390674591064,2.44815993309021
3.936614990234375,3.1873390674591064,2.44815993309021
3.93652081489563,3.189093589782715,2.446913719177246
3.937136173248291,3.189565658569336,2.4463002681732178
3.937136173248291,3.189565658569336,2.4463002681732178
3.9382214546203613,3.189920663833618,2.4463722705841064
3.938748359680176,3.189483880996704,2.446632146835327
3.9382734298706055,3.1890807151794434,2.446249485015869
3.9382734298706055,3.1890807151794434,2.446249485015869
3.939472198486328,3.189624309539795,2.4454121589660645
3.940361738204956,3.190455198287964,2.444343328475952
3.940361738204956,3.190455198287964,2.444343328475952
3.94187331199646,3.1915814876556396,2.4425792694091797
3.942244291305542,3.1917152404785156,2.4413535594940186
3.9434783458709717,3.1913256645202637,2.4402589797973633
3.9434783458709717,3.1913256645202637,2.4402589797973633
3.943821907043457,3.191736936569214,2.4386911392211914
3.9442687034606934,3.1922760009765625,2.4376959800720215
3.9442687034606934,3.1922760009765625,2.4376959800720215
3.945030689239502,3.1923694610595703,2.436969757080078
3.9456498622894287,3.193108320236206,2.436500072479248
3.9456498622894287,3.193108320236206,2.436500072479248
3.946428060531616,3.192983627319336,2.436004638671875
3.947725534439087,3.1940090656280518,2.435389280319214
3.9494144916534424,3.1943583488464355,2.4345996379852295
3.9494144916534424,3.1943583488464355,2.4345996379852295
3.9510977268218994,3.1939563751220703,2.4339568614959717
3.9520699977874756,3.1940126419067383,2.433480739593506
3.9520699977874756,3.1940126419067383,2.433480739593506
3.9541478157043457,3.193981409072876,2.43310284614563
3.9554946422576904,3.1937506198883057,2.432943820953369
3.9554946422576904,3.1937506198883057,2.432943820953369
3.955554723739624,3.19372820854187,2.4321677684783936
3.9560554027557373,3.194047212600708,2.431569814682007
3.95670485496521,3.194702625274658,2.430835247039795
3.95670485496521,3.194702625274658,2.430835247039795
3.9575979709625244,3.1953887939453125,2.4302308559417725
3.9581284523010254,3.195838689804077,2.4296443462371826
3.9581284523010254,3.195838689804077,2.4296443462371826
3.959078073501587,3.1968648433685303,2.4283487796783447
3.9604275226593018,3.1973671913146973,2.4273791313171387
3.9604275226593018,3.1973671913146973,2.4273791313171387
3.96138334274292,3.19901967048645,2.4255733489990234
3.961643695831299,3.2005834579467773,2.4242305755615234
3.9622457027435303,3.201653480529785,2.422767162322998
3.9622457027435303,3.201653480529785,2.422767162322998
3.9632821083068848,3.2025609016418457,2.4218876361846924
3.963674306869507,3.2033917903900146,2.4206268787384033
3.963674306869507,3.2033917903900146,2.4206268787384033
3.964360237121582,3.204397439956665,2.4196016788482666
3.965924024581909,3.2055134773254395,2.418794870376587
3.965924024581909,3.2055134773254395,2.418794870376587
3.9664306640625,3.2058610916137695,2.418015956878662
3.9676313400268555,3.2052853107452393,2.417019844055176
3.9676313400268555,3.2052853107452393,2.417019844055176
3.9691529273986816,3.2051591873168945,2.416574716567993
3.968844413757324,3.2058181762695312,2.4164204597473145
3.96805477142334,3.2057838439941406,2.416224718093872
3.96805477142334,3.2057838439941406,2.416224718093872
3.9679839611053467,3.206216812133789,2.4162251949310303
3.968858242034912,3.206207275390625,2.416022539138794
3.968858242034912,3.206207275390625,2.416022539138794
3.969066619873047,3.20621657371521,2.4155709743499756
3.9691641330718994,3.2059848308563232,2.4155385494232178
3.969778060913086,3.2059688568115234,2.415534257888794
3.969778060913086,3.2059688568115234,2.415534257888794
3.970630645751953,3.206313133239746,2.4154725074768066
3.971388578414917,3.206533193588257,2.4151504039764404
3.971388578414917,3.206533193588257,2.4151504039764404
3.972717046737671,3.2074971199035645,2.4137473106384277
3.973634958267212,3.2097535133361816,2.411970615386963
3.973634958267212,3.2097535133361816,2.411970615386963
3.973933458328247,3.210447072982788,2.4103102684020996
3.973862409591675,3.211622953414917,2.409350633621216
3.9739089012145996,3.2121365070343018,2.4088680744171143
3.9739089012145996,3.2121365070343018,2.4088680744171143
3.974778890609741,3.2121329307556152,2.408115863800049
3.975393056869507,3.2122068405151367,2.4076592922210693
3.9763381481170654,3.212714195251465,2.4069042205810547
3.977302074432373,3.214266061782837,2.4056599140167236
3.977302074432373,3.214266061782837,2.4056599140167236
3.9779539108276367,3.2152767181396484,2.404627799987793
3.978933095932007,3.2159016132354736,2.403782606124878
3.978933095932007,3.2159016132354736,2.403782606124878
3.979863166809082,3.216726779937744,2.402989387512207
3.9801290035247803,3.218435764312744,2.402148485183716
3.9806060791015625,3.2192187309265137,2.4011592864990234
3.9806060791015625,3.2192187309265137,2.4011592864990234
3.981691360473633,3.2196760177612305,2.400460958480835
3.981564998626709,3.2200779914855957,2.3998868465423584
3.981564998626709,3.2200779914855957,2.3998868465423584
3.9817826747894287,3.2204740047454834,2.3993828296661377
3.9823503494262695,3.220599889755249,2.3993732929229736
3.9823503494262695,3.220599889755249,2.3993732929229736
3.9819371700286865,3.22012996673584,2.399324417114258
3.982006788253784,3.2207396030426025,2.398979425430298
3.982006788253784,3.2207396030426025,2.398979425430298
3.9835293292999268,3.221447706222534,2.3979992866516113
3.9847798347473145,3.2222864627838135,2.397228240966797
3.9857966899871826,3.222360134124756,2.3964743614196777
3.9857966899871826,3.222360134124756,2.3964743614196777
3.9872629642486572,3.2233996391296387,2.3954098224639893
3.988758087158203,3.2235500812530518,2.3948965072631836
3.988758087158203,3.2235500812530518,2.3948965072631836
3.989891529083252,3.223494291305542,2.395000457763672
3.9898288249969482,3.223667860031128,2.3950233459472656
3.9898276329040527,3.2232654094696045,2.3950703144073486
3.9898276329040527,3.2232654094696045,2.3950703144073486
3.9910168647766113,3.2234530448913574,2.3950347900390625
3.9926187992095947,3.223357915878296,2.3946032524108887
3.9926187992095947,3.223357915878296,2.3946032524108887
3.993114948272705,3.2235612869262695,2.3941431045532227
3.9930419921875,3.2241015434265137,2.3934848308563232
3.9930419921875,3.2241015434265137,2.3934848308563232
3.99409556388855,3.2248823642730713,2.392831802368164
3.9944915771484375,3.225159168243408,2.392199754714966
3.994915246963501,3.2254984378814697,2.391707181930542
3.9951460361480713,3.2257797718048096,2.391110420227051
3.9951460361480713,3.2257797718048096,2.391110420227051
3.9961493015289307,3.2261245250701904,2.390432834625244
3.9974207878112793,3.2263636589050293,2.3896563053131104
3.998330593109131,3.2277512550354004,2.3885505199432373
3.998330593109131,3.2277512550354004,2.3885505199432373
3.998859167098999,3.2280690670013428,2.388106107711792
4.000035285949707,3.2280757427215576,2.387641668319702
4.001077651977539,3.228177785873413,2.3874099254608154
4.001077651977539,3.228177785873413,2.3874099254608154
4.0025835037231445,3.2282302379608154,2.3872313499450684
4.003805160522461,3.2280540466308594,2.3868043422698975
4.003805160522461,3.2280540466308594,2.3868043422698975
4.004486083984375,3.2289059162139893,2.3861594200134277
4.004994869232178,3.2293362617492676,2.3859364986419678
4.005743026733398,3.2295615673065186,2.3857104778289795
4.005743026733398,3.2295615673065186,2.3857104778289795
4.006824970245361,3.2304861545562744,2.3850510120391846
4.007228374481201,3.2319319248199463,2.3835654258728027
4.007228374481201,3.2319319248199463,2.3835654258728027
4.007186412811279,3.2330071926116943,2.3824636936187744
4.007558822631836,3.2326316833496094,2.382317066192627
4.006973743438721,3.2319130897521973,2.38253116607666
4.006882667541504,3.231330633163452,2.3828511238098145
4.006882667541504,3.231330633163452,2.3828511238098145
4.007174968719482,3.231111526489258,2.382472276687622
4.007745265960693,3.231698989868164,2.3817684650421143
4.008345603942871,3.2322957515716553,2.3807661533355713
4.008345603942871,3.2322957515716553,2.3807661533355713
4.008950233459473,3.2333881855010986,2.379579782485962
4.009383201599121,3.2339584827423096,2.3789560794830322
4.009383201599121,3.2339584827423096,2.3789560794830322
4.010036468505859,3.2339587211608887,2.3786561489105225
4.010095119476318,3.2335615158081055,2.378526449203491
4.010178089141846,3.233999252319336,2.3780148029327393
4.010178089141846,3.233999252319336,2.3780148029327393
4.011292457580566,3.2361161708831787,2.37614369392395
4.012844085693359,3.2368485927581787,2.3753304481506348
4.012844085693359,3.2368485927581787,2.3753304481506348
4.013382434844971,3.2369847297668457,2.3751537799835205
4.013017654418945,3.2369723320007324,2.375408887863159
4.013017654418945,3.2369723320007324,2.375408887863159
4.01365852355957,3.2368054389953613,2.3756093978881836
4.014495372772217,3.237069845199585,2.375260829925537
4.014495372772217,3.237069845199585,2.375260829925537
4.015965938568115,3.238582134246826,2.374262571334839
4.0167036056518555,3.2392749786376953,2.3736138343811035
4.018148422241211,3.240227699279785,2.372616767883301
4.018148422241211,3.240227699279785,2.372616767883301
4.019876003265381,3.2416880130767822,2.3708839416503906
4.021081924438477,3.243619680404663,2.368950605392456
4.021081924438477,3.243619680404663,2.368950605392456
4.023471355438232,3.244884729385376,2.367770195007324
4.025782585144043,3.2457962036132812,2.3671488761901855
4.025782585144043,3.2457962036132812,2.3671488761901855
4.026803016662598,3.2464592456817627,2.3665552139282227
4.027309894561768,3.2465686798095703,2.3659629821777344
4.027962684631348,3.246765375137329,2.365631103515625
4.027962684631348,3.246765375137329,2.365631103515625
4.028398036956787,3.2464797496795654,2.3651905059814453
4.028946399688721,3.2464630603790283,2.3645827770233154
4.028946399688721,3.2464630603790283,2.3645827770233154
4.0291829109191895,3.246875047683716,2.364260673522949
4.029602527618408,3.246812343597412,2.3638224601745605
4.029602527618408,3.246812343597412,2.3638224601745605
4.030478000640869,3.2475292682647705,2.3638932704925537
4.0311174392700195,3.248086929321289,2.3637936115264893
4.032326698303223,3.2485382556915283,2.363274097442627
4.032326698303223,3.2485382556915283,2.363274097442627
4.033216953277588,3.24985408782959,2.362408399581909
4.033472537994385,3.2511444091796875,2.3610734939575195
4.033472537994385,3.2511444091796875,2.3610734939575195
4.034047603607178,3.251967191696167,2.3602306842803955
4.034438610076904,3.252870559692383,2.3593218326568604
4.034438610076904,3.252870559692383,2.3593218326568604
4.0352888107299805,3.2533657550811768,2.357708215713501
4.036005973815918,3.254552125930786,2.356640577316284
4.036906719207764,3.2550230026245117,2.3559319972991943
4.036906719207764,3.2550230026245117,2.3559319972991943
4.037764072418213,3.2553157806396484,2.3546974658966064
4.038197040557861,3.2561709880828857,2.3537118434906006
4.038197040557861,3.2561709880828857,2.3537118434906006
4.039150238037109,3.256922721862793,2.3524391651153564
4.040248394012451,3.257446050643921,2.3517212867736816
4.040248394012451,3.257446050643921,2.3517212867736816
4.0412373542785645,3.2575690746307373,2.350935697555542
4.0412373542785645,3.2575690746307373,2.350935697555542
4.042569160461426,3.257488250732422,2.3504340648651123
4.04394006729126,3.2572314739227295,2.3501787185668945
4.04394006729126,3.2572314739227295,2.3501787185668945
4.04543399810791,3.257538318634033,2.349141836166382
4.0462188720703125,3.258352756500244,2.3479254245758057
4.047398090362549,3.2592613697052,2.346402883529663
4.047398090362549,3.2592613697052,2.346402883529663
4.050904273986816,3.2593917846679688,2.343783140182495
4.051525592803955,3.2618579864501953,2.3423538208007812
4.051525592803955,3.2618579864501953,2.3423538208007812
4.0512495040893555,3.2617268562316895,2.3421378135681152
4.0512495040893555,3.2617268562316895,2.3421378135681152
4.051812648773193,3.2615907192230225,2.3425192832946777
4.052263259887695,3.2610294818878174,2.3427021503448486
4.053171634674072,3.2617805004119873,2.3421154022216797
4.053171634674072,3.2617805004119873,2.3421154022216797
4.0545973777771,3.262850046157837,2.3407955169677734
4.055525779724121,3.263883352279663,2.3395423889160156
4.055525779724121,3.263883352279663,2.3395423889160156
4.057445526123047,3.2643346786499023,2.3385868072509766
4.0591721534729,3.2640836238861084,2.3384478092193604
4.0591721534729,3.2640836238861084,2.3384478092193604
4.060708522796631,3.2638957500457764,2.3382174968719482
4.060575008392334,3.2635529041290283,2.337644338607788
4.060575008392334,3.2635529041290283,2.337644338607788
4.060710906982422,3.264394760131836,2.336974859237671
4.061349391937256,3.2659237384796143,2.336153745651245
4.062195301055908,3.266517400741577,2.3354358673095703
4.062195301055908,3.266517400741577,2.3354358673095703
4.062949180603027,3.266510486602783,2.3348982334136963
4.062997341156006,3.266493320465088,2.334800958633423
4.062997341156006,3.266493320465088,2.334800958633423
4.063283920288086,3.266404151916504,2.334881067276001
4.0637030601501465,3.2663590908050537,2.33479642868042
4.0637030601501465,3.2663590908050537,2.33479642868042
4.064323902130127,3.2668941020965576,2.3341410160064697
4.065463542938232,3.2669646739959717,2.3334009647369385
4.065463542938232,3.2669646739959717,2.3334009647369385
4.065474510192871,3.2675178050994873,2.332955837249756
4.065982341766357,3.267721652984619,2.332719326019287
4.066842555999756,3.267810344696045,2.3325531482696533
4.066842555999756,3.267810344696045,2.3325531482696533
4.068211555480957,3.2680227756500244,2.3322999477386475
4.068392276763916,3.2677395343780518,2.3325002193450928
4.068392276763916,3.2677395343780518,2.3325002193450928
4.069254398345947,3.2683377265930176,2.332155466079712
4.07042121887207,3.2689552307128906,2.3317723274230957
4.07042121887207,3.2689552307128906,2.3317723274230957
4.073126316070557,3.269547462463379,2.3306291103363037
4.074370384216309,3.27032732963562,2.3298797607421875
4.074370384216309,3.27032732963562,2.3298797607421875
4.075224876403809,3.270536184310913,2.328955888748169
4.075176239013672,3.2717466354370117,2.327976703643799
4.075314998626709,3.272134780883789,2.327270269393921
4.075314998626709,3.272134780883789,2.327270269393921
4.075751781463623,3.2729268074035645,2.326730728149414
4.076704978942871,3.2737815380096436,2.326246738433838
4.076704978942871,3.2737815380096436,2.326246738433838
4.078193187713623,3.2736635208129883,2.3259167671203613
4.079306602478027,3.2734875679016113,2.32586669921875
4.080890655517578,3.2734453678131104,2.3257625102996826
4.080890655517578,3.2734453678131104,2.3257625102996826
4.080792427062988,3.274353504180908,2.3250720500946045
4.0814208984375,3.2754275798797607,2.324406862258911
4.0814208984375,3.2754275798797607,2.324406862258911
4.082103729248047,3.275841236114502,2.323960781097412
4.083103179931641,3.276275634765625,2.323906421661377
4.083103179931641,3.276275634765625,2.323906421661377
4.082296848297119,3.275381326675415,2.3233931064605713
4.082686901092529,3.2752888202667236,2.3229899406433105
4.083392143249512,3.2757339477539062,2.3222742080688477
4.083392143249512,3.2757339477539062,2.3222742080688477
4.0841898918151855,3.275897264480591,2.3212249279022217
4.085340976715088,3.276195526123047,2.320606231689453
4.085340976715088,3.276195526123047,2.320606231689453
4.087916374206543,3.2765820026397705,2.319793462753296
4.089388847351074,3.276764154434204,2.3193612098693848
4.089388847351074,3.276764154434204,2.3193612098693848
4.090144634246826,3.2778682708740234,2.318723201751709
4.089967250823975,3.278250217437744,2.3182895183563232
4.09099817276001,3.278179407119751,2.3179776668548584
4.09099817276001,3.278179407119751,2.3179776668548584
4.092912673950195,3.2789294719696045,2.317709445953369
4.0935211181640625,3.2792580127716064,2.3174376487731934
4.0935211181640625,3.2792580127716064,2.3174376487731934
4.094107627868652,3.2796106338500977,2.317133903503418
4.094680309295654,3.2797839641571045,2.3171420097351074
4.096367359161377,3.2795331478118896,2.3168444633483887
4.098153114318848,3.2794923782348633,2.316730499267578
4.0983757972717285,3.27998423576355,2.3164467811584473
4.0983757972717285,3.27998423576355,2.3164467811584473
4.098465919494629,3.2799763679504395,2.3161866664886475
4.098803997039795,3.2804198265075684,2.315694570541382
4.098803997039795,3.2804198265075684,2.315694570541382
4.099624156951904,3.2807211875915527,2.315373182296753
4.099827766418457,3.2809011936187744,2.3150200843811035
4.099827766418457,3.2809011936187744,2.3150200843811035
4.099987030029297,3.2818784713745117,2.31435489654541
4.1005539894104,3.2826483249664307,2.3134286403656006
4.1005539894104,3.2826483249664307,2.3134286403656006
4.102553367614746,3.2846567630767822,2.3120925426483154
4.104844570159912,3.2850182056427,2.311342716217041
4.104844570159912,3.2850182056427,2.311342716217041
4.10896635055542,3.2851321697235107,2.3111732006073
4.111749649047852,3.2851247787475586,2.310879707336426
4.113408088684082,3.2862548828125,2.3096463680267334
4.113408088684082,3.2862548828125,2.3096463680267334
4.115099906921387,3.2877113819122314,2.308774709701538
4.11587381362915,3.2880425453186035,2.3084588050842285
4.11587381362915,3.2880425453186035,2.3084588050842285
4.115262031555176,3.288334369659424,2.308347225189209
4.115314960479736,3.288928747177124,2.3082642555236816
4.115983486175537,3.2889912128448486,2.308274745941162
4.115983486175537,3.2889912128448486,2.308274745941162
4.116963863372803,3.289086103439331,2.3079137802124023
4.117119312286377,3.28951096534729,2.3073983192443848
4.117119312286377,3.28951096534729,2.3073983192443848
4.117570400238037,3.2900784015655518,2.3064117431640625
4.118312358856201,3.2923593521118164,2.305433988571167
4.118312358856201,3.2923593521118164,2.305433988571167
4.118685722351074,3.2934625148773193,2.3045201301574707
4.119200706481934,3.293947458267212,2.304276466369629
4.120328426361084,3.294004201889038,2.304385185241699
4.120328426361084,3.294004201889038,2.304385185241699
4.122138977050781,3.293572425842285,2.3043465614318848
4.123274326324463,3.2943968772888184,2.3029391765594482
4.123274326324463,3.2943968772888184,2.3029391765594482
4.125523567199707,3.296109914779663,2.300633668899536
4.127738952636719,3.297783136367798,2.298851251602173
4.127738952636719,3.297783136367798,2.298851251602173
4.1292595863342285,3.299882650375366,2.295814037322998
4.131595134735107,3.303117513656616,2.2929604053497314
4.133529186248779,3.3043127059936523,2.291110038757324
4.133529186248779,3.3043127059936523,2.291110038757324
4.133896350860596,3.305549383163452,2.2901182174682617
4.133896350860596,3.305549383163452,2.2901182174682617
4.133071422576904,3.30649471282959,2.2887613773345947
4.133086681365967,3.3060100078582764,2.2885003089904785
4.134006500244141,3.305664300918579,2.2885782718658447
4.134006500244141,3.305664300918579,2.2885782718658447
4.1338582038879395,3.305621385574341,2.288527488708496
4.132960319519043,3.307009696960449,2.287537097930908
4.132960319519043,3.307009696960449,2.287537097930908
4.133547782897949,3.3085715770721436,2.2857484817504883
4.13579797744751,3.309163808822632,2.284614086151123
4.137007713317871,3.309922456741333,2.283604145050049
4.137007713317871,3.309922456741333,2.283604145050049
4.137660980224609,3.3105061054229736,2.2832672595977783
4.138134479522705,3.3111050128936768,2.282836437225342
4.138134479522705,3.3111050128936768,2.282836437225342
4.138978481292725,3.311359405517578,2.2822864055633545
4.140984535217285,3.3120195865631104,2.2814018726348877
4.140984535217285,3.3120195865631104,2.2814018726348877
4.142204284667969,3.312614917755127,2.280876398086548
4.142895698547363,3.313178300857544,2.2804081439971924
4.142921447753906,3.314127206802368,2.279839515686035
4.142921447753906,3.314127206802368,2.279839515686035
4.142999649047852,3.3144593238830566,2.2795774936676025
4.1439032554626465,3.3145289421081543,2.279397487640381
4.145106315612793,3.315230369567871,2.2785937786102295
4.146106719970703,3.3160548210144043,2.2779200077056885
4.146106719970703,3.3160548210144043,2.2779200077056885
4.147016525268555,3.31642746925354,2.277085065841675
4.147684574127197,3.317390203475952,2.275984764099121
4.147684574127197,3.317390203475952,2.275984764099121
4.149119853973389,3.318424940109253,2.274913787841797
4.150385856628418,3.3187015056610107,2.2742013931274414
4.14975118637085,3.3191959857940674,2.2728748321533203
4.150191307067871,3.319981813430786,2.2719361782073975
4.150191307067871,3.319981813430786,2.2719361782073975
4.150332450866699,3.3202733993530273,2.2708470821380615
4.150582313537598,3.321833372116089,2.26885986328125
4.150582313537598,3.321833372116089,2.26885986328125
4.151681423187256,3.3234214782714844,2.266763925552368
4.153038024902344,3.3246402740478516,2.265324354171753
4.153860569000244,3.325852632522583,2.2639834880828857
4.153860569000244,3.325852632522583,2.2639834880828857
4.1542744636535645,3.3265466690063477,2.262956142425537
4.154403209686279,3.3272504806518555,2.262057065963745
4.154403209686279,3.3272504806518555,2.262057065963745
4.154435157775879,3.327763319015503,2.2610695362091064
4.154229164123535,3.3283722400665283,2.260432481765747
4.154229164123535,3.3283722400665283,2.260432481765747
4.154114246368408,3.3300845623016357,2.2589237689971924
4.154566764831543,3.3310914039611816,2.2578518390655518
4.155598163604736,3.3319525718688965,2.256802797317505
4.155598163604736,3.3319525718688965,2.256802797317505
4.157029628753662,3.3333992958068848,2.255399465560913
4.158449649810791,3.334498882293701,2.2544429302215576
4.158449649810791,3.334498882293701,2.2544429302215576
4.159575462341309,3.335390090942383,2.2533435821533203
4.160479545593262,3.3356943130493164,2.2526369094848633
4.160479545593262,3.3356943130493164,2.2526369094848633
4.161664962768555,3.3355300426483154,2.2522077560424805
4.162764549255371,3.3355236053466797,2.252075433731079
4.162764549255371,3.3355236053466797,2.252075433731079
4.164480686187744,3.334892988204956,2.2519469261169434
4.165560722351074,3.3354074954986572,2.251819372177124
4.167198657989502,3.3362700939178467,2.251087188720703
4.167198657989502,3.3362700939178467,2.251087188720703
4.168327331542969,3.3368723392486572,2.250871181488037
4.169100761413574,3.3371496200561523,2.2505695819854736
4.169100761413574,3.3371496200561523,2.2505695819854736
4.1699442863464355,3.3373706340789795,2.250349283218384
4.170627117156982,3.3376691341400146,2.250239133834839
4.170627117156982,3.3376691341400146,2.250239133834839
4.171372890472412,3.338360071182251,2.2498929500579834
4.172856330871582,3.33884334564209,2.2495651245117188
4.1744818687438965,3.3398799896240234,2.249096632003784
4.1744818687438965,3.3398799896240234,2.249096632003784
4.17550802230835,3.3403477668762207,2.2489640712738037
4.1769561767578125,3.340879201889038,2.2480108737945557
4.1769561767578125,3.340879201889038,2.2480108737945557
4.17872953414917,3.3425400257110596,2.246901035308838
4.18074369430542,3.34325909614563,2.2463181018829346
4.181110858917236,3.3434786796569824,2.246046543121338
4.181110858917236,3.3434786796569824,2.246046543121338
4.182834625244141,3.3439924716949463,2.2457520961761475
4.184921741485596,3.3445611000061035,2.245114326477051
4.184921741485596,3.3445611000061035,2.245114326477051
4.186206340789795,3.3457119464874268,2.244041919708252
4.187793254852295,3.3462064266204834,2.2436022758483887
4.187793254852295,3.3462064266204834,2.2436022758483887
4.189748287200928,3.347301721572876,2.243102788925171
4.191271781921387,3.348543882369995,2.2426235675811768
4.191926002502441,3.3492271900177,2.2420427799224854
4.191926002502441,3.3492271900177,2.2420427799224854
4.193742275238037,3.350154399871826,2.2413527965545654
4.195831775665283,3.350802183151245,2.2408766746520996
4.195831775665283,3.350802183151245,2.2408766746520996
4.197040557861328,3.3525383472442627,2.239499568939209
4.198089599609375,3.3532745838165283,2.2389309406280518
4.199531555175781,3.3538529872894287,2.2381715774536133
4.199531555175781,3.3538529872894287,2.2381715774536133
4.200977802276611,3.3547122478485107,2.2374608516693115
4.200977802276611,3.3547122478485107,2.2374608516693115
4.202552795410156,3.3557627201080322,2.235961437225342
4.203990459442139,3.3567240238189697,2.2346668243408203
4.2054877281188965,3.3582799434661865,2.233538866043091
4.2054877281188965,3.3582799434661865,2.233538866043091
4.206175327301025,3.35898756980896,2.2330431938171387
4.2089338302612305,3.359179973602295,2.2326669692993164
4.2089338302612305,3.359179973602295,2.2326669692993164
4.208549499511719,3.358879327774048,2.232656240463257
4.209147930145264,3.3587000370025635,2.2325963973999023
4.208078384399414,3.3596913814544678,2.232428789138794
4.208078384399414,3.3596913814544678,2.232428789138794
4.207732677459717,3.359262704849243,2.2324345111846924
4.208955764770508,3.3584678173065186,2.232619285583496
4.208955764770508,3.3584678173065186,2.232619285583496
4.2091288566589355,3.359144449234009,2.2323789596557617
4.20844841003418,3.359349489212036,2.231724500656128
4.20844841003418,3.359349489212036,2.231724500656128
4.208824157714844,3.35891056060791,2.2318813800811768
4.209780693054199,3.358625888824463,2.2323336601257324
4.209591865539551,3.3583972454071045,2.2322590351104736
4.209591865539551,3.3583972454071045,2.2322590351104736
4.210552215576172,3.359792947769165,2.2317845821380615
4.211604595184326,3.3606834411621094,2.2311010360717773
4.211604595184326,3.3606834411621094,2.2311010360717773
4.213253498077393,3.3624563217163086,2.2302002906799316
4.2145562171936035,3.3640506267547607,2.228874444961548
4.2145562171936035,3.3640506267547607,2.228874444961548
4.217260360717773,3.3658552169799805,2.2277748584747314
4.218942165374756,3.366645336151123,2.2271015644073486
4.220760822296143,3.367811679840088,2.2257606983184814
4.220760822296143,3.367811679840088,2.2257606983184814
4.22241735458374,3.3689398765563965,2.224907159805298
4.22292947769165,3.3701515197753906,2.224320650100708
4.22292947769165,3.3701515197753906,2.224320650100708
4.224047660827637,3.371126890182495,2.2240610122680664
4.225130558013916,3.3720765113830566,2.223414182662964
4.225130558013916,3.3720765113830566,2.223414182662964
4.22683048248291,3.372999906539917,2.222839593887329
4.227911472320557,3.3744025230407715,2.2220566272735596
4.227797985076904,3.3755106925964355,2.2210564613342285
4.227797985076904,3.3755106925964355,2.2210564613342285
4.228370666503906,3.3759870529174805,2.220003604888916
4.228770732879639,3.3773250579833984,2.219127893447876
4.228770732879639,3.3773250579833984,2.219127893447876
4.229592800140381,3.3777434825897217,2.2186458110809326
4.230314254760742,3.377629518508911,2.218325614929199
4.230314254760742,3.377629518508911,2.218325614929199
4.231179237365723,3.3768155574798584,2.2185099124908447
4.230869293212891,3.3774445056915283,2.2185957431793213
4.230716705322266,3.377939224243164,2.217918872833252
4.230716705322266,3.377939224243164,2.217918872833252
