x,y,z
3.0314090251922607,2.830314874649048,4.002490043640137
3.0331871509552,2.8317465782165527,3.999255895614624
3.032811403274536,2.8319411277770996,3.997776985168457
3.032811403274536,2.8319411277770996,3.997776985168457
3.0359866619110107,2.8333065509796143,3.998551368713379
3.036332368850708,2.833467483520508,3.998304605484009
3.036247730255127,2.833545684814453,3.997926712036133
3.036775588989258,2.833818197250366,3.9975156784057617
3.036775588989258,2.833818197250366,3.9975156784057617
3.035958766937256,2.834049940109253,3.9980521202087402
3.0369091033935547,2.8345768451690674,3.997312307357788
3.0381100177764893,2.835206985473633,3.997178792953491
3.0399012565612793,2.8359649181365967,3.9973809719085693
3.0399012565612793,2.8359649181365967,3.9973809719085693
3.040113925933838,2.8359575271606445,3.9968788623809814
3.042363405227661,2.83713960647583,3.995037078857422
3.0428740978240967,2.8373422622680664,3.997714042663574
3.0432605743408203,2.8372645378112793,3.9967660903930664
3.0432605743408203,2.8372645378112793,3.9967660903930664
3.0435311794281006,2.8373963832855225,3.9964888095855713
3.0432703495025635,2.837311267852783,3.9966483116149902
3.0442936420440674,2.8376083374023438,3.996565103530884
3.0447885990142822,2.837526321411133,3.997037172317505
3.0447885990142822,2.837526321411133,3.997037172317505
3.045809745788574,2.837912082672119,3.9971227645874023
3.0469846725463867,2.83805251121521,3.996743679046631
3.047826051712036,2.838233709335327,3.997141122817993
3.0482709407806396,2.838287115097046,3.996843099594116
3.0482709407806396,2.838287115097046,3.996843099594116
3.0480942726135254,2.8381848335266113,3.99719500541687
3.047046184539795,2.837890863418579,3.9978983402252197
3.046834707260132,2.8377654552459717,3.997983932495117
3.047030448913574,2.8378548622131348,3.9981040954589844
3.047030448913574,2.8378548622131348,3.9981040954589844
3.047607183456421,2.837930202484131,3.9972100257873535
3.047844409942627,2.8379828929901123,3.997345209121704
3.047718048095703,2.8378922939300537,3.998025417327881
3.0481531620025635,2.8380260467529297,3.998054265975952
3.0481531620025635,2.8380260467529297,3.998054265975952
3.048933744430542,2.8382482528686523,3.998079776763916
3.050448179244995,2.838843584060669,3.99719500541687
3.0517992973327637,2.8393943309783936,3.997368812561035
3.053422451019287,2.8399453163146973,3.997964859008789
3.053422451019287,2.8399453163146973,3.997964859008789
3.054778575897217,2.8401944637298584,3.9988582134246826
3.0554325580596924,2.8402700424194336,3.999586343765259
3.055645227432251,2.840496301651001,3.999286413192749
3.055995464324951,2.841088056564331,3.9997973442077637
3.055995464324951,2.841088056564331,3.9997973442077637
3.0561397075653076,2.8414676189422607,4.000694274902344
3.0556960105895996,2.841320276260376,4.001886367797852
3.0554792881011963,2.841151475906372,4.002763748168945
3.0544633865356445,2.840775728225708,4.004042148590088
3.0544633865356445,2.840775728225708,4.004042148590088
3.0541584491729736,2.8409175872802734,4.004312038421631
3.0526487827301025,2.840837240219116,4.007094383239746
3.053675651550293,2.8409197330474854,4.006487846374512
3.054424285888672,2.8409624099731445,4.006311893463135
3.054424285888672,2.8409624099731445,4.006311893463135
3.055338144302368,2.841381072998047,4.005953311920166
3.056687593460083,2.8423078060150146,4.00515604019165
3.0573816299438477,2.842712163925171,4.005309581756592
3.0581958293914795,2.8430869579315186,4.005398273468018
3.0581958293914795,2.8430869579315186,4.005398273468018
3.059838056564331,2.8438045978546143,4.005604267120361
3.0618603229522705,2.844825506210327,4.0057830810546875
3.064699649810791,2.8461766242980957,4.006113529205322
3.065971612930298,2.8465209007263184,4.006656646728516
3.065971612930298,2.8465209007263184,4.006656646728516
3.067004680633545,2.846858024597168,4.007778167724609
3.067037343978882,2.846693515777588,4.0086846351623535
3.066824197769165,2.846560001373291,4.010117530822754
3.0663135051727295,2.846250534057617,4.011495113372803
3.0663135051727295,2.846250534057617,4.011495113372803
3.066335678100586,2.84607195854187,4.012864112854004
3.0664024353027344,2.846137285232544,4.013448238372803
3.068030595779419,2.8466908931732178,4.013586521148682
3.0706427097320557,2.8478524684906006,4.014089107513428
3.0706427097320557,2.8478524684906006,4.014089107513428
3.073455572128296,2.8486859798431396,4.014699935913086
3.074428081512451,2.8489420413970947,4.015479564666748
3.0748353004455566,2.848726987838745,4.0168023109436035
3.074636936187744,2.8484303951263428,4.017874717712402
3.074636936187744,2.8484303951263428,4.017874717712402
3.074845552444458,2.8487367630004883,4.018753528594971
3.075617790222168,2.8492014408111572,4.01897668838501
3.0766143798828125,2.849595785140991,4.019657135009766
3.078733444213867,2.850080966949463,4.01939582824707
3.078733444213867,2.850080966949463,4.01939582824707
3.0811617374420166,2.8508706092834473,4.019374847412109
3.083483934402466,2.851865291595459,4.018737316131592
3.0855133533477783,2.8526530265808105,4.01941442489624
3.0864615440368652,2.8528401851654053,4.020951271057129
3.0864615440368652,2.8528401851654053,4.020951271057129
3.086883783340454,2.8527672290802,4.0212321281433105
3.0872178077697754,2.85309100151062,4.022356986999512
3.087357521057129,2.853398561477661,4.023044109344482
3.088196277618408,2.853949785232544,4.0236430168151855
3.088196277618408,2.853949785232544,4.0236430168151855
3.0890872478485107,2.8544633388519287,4.023979663848877
3.0907742977142334,2.8551523685455322,4.023669242858887
3.0926711559295654,2.8558692932128906,4.0234856605529785
3.0947117805480957,2.8564836978912354,4.0237956047058105
3.0947117805480957,2.8564836978912354,4.0237956047058105
3.0970773696899414,2.8569371700286865,4.02266788482666
3.0988423824310303,2.8575220108032227,4.023017883300781
3.1005728244781494,2.8578884601593018,4.023327350616455
3.1027419567108154,2.858548641204834,4.023889064788818
3.1027419567108154,2.858548641204834,4.023889064788818
3.1037204265594482,2.85878324508667,4.025509834289551
3.103801727294922,2.858644962310791,4.025419235229492
3.1039726734161377,2.8585045337677,4.026223182678223
3.1042420864105225,2.8584530353546143,4.026269435882568
3.1042420864105225,2.8584530353546143,4.026269435882568
3.1051762104034424,2.8592751026153564,4.0268025398254395
3.106684684753418,2.8599839210510254,4.026717662811279
3.108914375305176,2.8606133460998535,4.026752948760986
3.1104156970977783,2.860943078994751,4.026245594024658
3.1104156970977783,2.860943078994751,4.026245594024658
3.1122114658355713,2.861741781234741,4.025986671447754
3.1123316287994385,2.8620545864105225,4.026064395904541
3.112197160720825,2.861905336380005,4.026717662811279
3.1120028495788574,2.861814260482788,4.027454853057861
3.1120028495788574,2.861814260482788,4.027454853057861
3.1116254329681396,2.861489772796631,4.027966022491455
3.1120643615722656,2.861785888671875,4.028025150299072
3.112494945526123,2.8620853424072266,4.028646469116211
3.1130475997924805,2.862370014190674,4.029069423675537
3.1130475997924805,2.862370014190674,4.029069423675537
3.1140570640563965,2.862727642059326,4.029110908508301
3.11419939994812,2.8627586364746094,4.029480934143066
3.1141388416290283,2.862858772277832,4.029951095581055
3.11385178565979,2.8630123138427734,4.030372142791748
3.11385178565979,2.8630123138427734,4.030372142791748
3.1127779483795166,2.86305570602417,4.030936241149902
3.11256742477417,2.8630597591400146,4.0322394371032715
3.112137794494629,2.862985610961914,4.033352375030518
3.1130802631378174,2.8632519245147705,4.034112930297852
3.1130802631378174,2.8632519245147705,4.034112930297852
3.114614963531494,2.8636562824249268,4.035468578338623
3.115053176879883,2.8636324405670166,4.035342693328857
3.1154534816741943,2.8636667728424072,4.03593635559082
3.1151981353759766,2.8634462356567383,4.036977291107178
3.1151981353759766,2.8634462356567383,4.036977291107178
3.1150765419006348,2.8632936477661133,4.037848949432373
3.1151657104492188,2.863318681716919,4.038733005523682
3.1158835887908936,2.863802909851074,4.039095878601074
3.1170437335968018,2.864352226257324,4.0397257804870605
3.1170437335968018,2.864352226257324,4.0397257804870605
3.1185896396636963,2.864978790283203,4.041421413421631
3.12005877494812,2.865544557571411,4.0425004959106445
3.12302565574646,2.866990089416504,4.046300888061523
3.1236793994903564,2.8669869899749756,4.0463056564331055
3.1236793994903564,2.8669869899749756,4.0463056564331055
3.1235060691833496,2.866420269012451,4.045639991760254
3.1234633922576904,2.8663618564605713,4.046746730804443
3.1242494583129883,2.8667707443237305,4.04562520980835
3.12439227104187,2.866990804672241,4.045798301696777
3.12439227104187,2.866990804672241,4.045798301696777
3.1244595050811768,2.8672351837158203,4.046286582946777
3.124083995819092,2.8670706748962402,4.046910762786865
3.124208927154541,2.8671467304229736,4.047600269317627
3.124532461166382,2.867387533187866,4.048252582550049
3.124532461166382,2.867387533187866,4.048252582550049
3.1240785121917725,2.867323398590088,4.047221660614014
3.1245322227478027,2.867717742919922,4.047557830810547
3.1254565715789795,2.867971181869507,4.047865867614746
3.126375913619995,2.868142604827881,4.048369407653809
3.126375913619995,2.868142604827881,4.048369407653809
3.1267647743225098,2.868325710296631,4.048923015594482
3.126340627670288,2.868195056915283,4.0494303703308105
3.1259663105010986,2.868135690689087,4.050487995147705
3.1262006759643555,2.8681118488311768,4.052148342132568
3.1262006759643555,2.8681118488311768,4.052148342132568
3.126777172088623,2.867872953414917,4.052090644836426
3.127756118774414,2.8680150508880615,4.053128719329834
3.128538131713867,2.867992877960205,4.052515029907227
3.1304662227630615,2.8684592247009277,4.053154468536377
3.1304662227630615,2.8684592247009277,4.053154468536377
3.131593942642212,2.8687686920166016,4.053805828094482
3.1320698261260986,2.8689393997192383,4.054189682006836
3.1330418586730957,2.869339942932129,4.054934978485107
3.132855176925659,2.869271755218506,4.055384159088135
3.132855176925659,2.869271755218506,4.055384159088135
3.1330647468566895,2.8694510459899902,4.05566930770874
3.133786201477051,2.870065212249756,4.056329727172852
3.135613203048706,2.8714118003845215,4.057376861572266
3.1362900733947754,2.871462821960449,4.057000637054443
3.1362900733947754,2.871462821960449,4.057000637054443
3.137053966522217,2.8716609477996826,4.057810306549072
3.1380159854888916,2.871809959411621,4.057526111602783
3.1386330127716064,2.8723576068878174,4.057494163513184
3.1391234397888184,2.8730087280273438,4.05743932723999
3.1391234397888184,2.8730087280273438,4.05743932723999
3.1396803855895996,2.8732006549835205,4.057539939880371
3.1411333084106445,2.8737335205078125,4.058550834655762
3.1433703899383545,2.8744170665740967,4.058931350708008
3.1444199085235596,2.8747682571411133,4.058728218078613
3.1444199085235596,2.8747682571411133,4.058728218078613
3.146731376647949,2.875638246536255,4.058846473693848
3.147629976272583,2.8761463165283203,4.058712482452393
3.1488242149353027,2.8766534328460693,4.059317111968994
3.149465799331665,2.877098321914673,4.059544563293457
3.149465799331665,2.877098321914673,4.059544563293457
3.149385929107666,2.8773767948150635,4.0587053298950195
3.148327350616455,2.8774240016937256,4.059008598327637
3.1479718685150146,2.877537727355957,4.060286045074463
3.1467440128326416,2.8769028186798096,4.0616021156311035
3.1467440128326416,2.8769028186798096,4.0616021156311035
3.1467247009277344,2.87692928314209,4.063337802886963
3.1469130516052246,2.8772618770599365,4.063161373138428
3.149122476577759,2.8782262802124023,4.063114166259766
3.151062488555908,2.8790433406829834,4.064072132110596
3.151062488555908,2.8790433406829834,4.064072132110596
3.1519105434417725,2.8791115283966064,4.06360387802124
3.153522253036499,2.8799924850463867,4.063968181610107
3.153737783432007,2.8803553581237793,4.063918590545654
3.155000925064087,2.8810439109802246,4.064566135406494
3.155000925064087,2.8810439109802246,4.064566135406494
3.1557674407958984,2.8813464641571045,4.066678047180176
3.155594825744629,2.880955219268799,4.0660505294799805
3.1568338871002197,2.881594657897949,4.066291809082031
3.158618450164795,2.8824241161346436,4.066603183746338
3.158618450164795,2.8824241161346436,4.066603183746338
3.159541368484497,2.88259220123291,4.066791534423828
3.1603810787200928,2.882810354232788,4.067664623260498
3.160435914993286,2.8825900554656982,4.0673017501831055
3.1610147953033447,2.8828890323638916,4.067211627960205
3.1610147953033447,2.8828890323638916,4.067211627960205
3.1622767448425293,2.883282423019409,4.068300247192383
3.162158250808716,2.8830225467681885,4.068352222442627
3.1623291969299316,2.8828556537628174,4.069148063659668
3.162346363067627,2.882812738418579,4.070112705230713
3.162346363067627,2.882812738418579,4.070112705230713
3.1616673469543457,2.8826584815979004,4.070908069610596
3.1615734100341797,2.8824753761291504,4.072387218475342
3.1616125106811523,2.8822669982910156,4.072575092315674
3.1629717350006104,2.8826968669891357,4.0724945068359375
3.1629717350006104,2.8826968669891357,4.0724945068359375
3.164546012878418,2.883338689804077,4.072863578796387
3.164710283279419,2.8835408687591553,4.072757720947266
3.165144205093384,2.8836147785186768,4.073206424713135
3.164839267730713,2.8834621906280518,4.073997497558594
3.164839267730713,2.8834621906280518,4.073997497558594
3.164738893508911,2.883387804031372,4.073485374450684
3.1655020713806152,2.883829355239868,4.07416296005249
3.1655287742614746,2.8838443756103516,4.074936866760254
3.165529251098633,2.883758068084717,4.074885845184326
3.165529251098633,2.883758068084717,4.074885845184326
3.1663029193878174,2.8842105865478516,4.074800491333008
3.1666622161865234,2.8843724727630615,4.074498653411865
3.1671371459960938,2.8846828937530518,4.074387073516846
3.168023109436035,2.8850674629211426,4.075119495391846
3.168023109436035,2.8850674629211426,4.075119495391846
3.1680734157562256,2.8847239017486572,4.0745038986206055
3.169119119644165,2.88520884513855,4.075693130493164
3.1702263355255127,2.8854236602783203,4.075906276702881
3.1710762977600098,2.885500431060791,4.075986862182617
3.1710762977600098,2.885500431060791,4.075986862182617
3.1724929809570312,2.886007785797119,4.076789379119873
3.173340082168579,2.8861289024353027,4.076058387756348
3.1735920906066895,2.8863980770111084,4.076669216156006
3.174046516418457,2.8866755962371826,4.0779128074646
3.174046516418457,2.8866755962371826,4.0779128074646
3.174578905105591,2.8867108821868896,4.077986240386963
3.176447629928589,2.8874094486236572,4.078947067260742
3.1784398555755615,2.8882064819335938,4.078888416290283
3.1792001724243164,2.888566255569458,4.078814506530762
3.1792001724243164,2.888566255569458,4.078814506530762
3.1795363426208496,2.888897657394409,4.079482555389404
3.1797780990600586,2.889190435409546,4.079721450805664
3.180147886276245,2.889350652694702,4.080974102020264
3.1807332038879395,2.8897149562835693,4.081637382507324
3.1807332038879395,2.8897149562835693,4.081637382507324
3.1808018684387207,2.889777898788452,4.081047058105469
3.1822807788848877,2.8905582427978516,4.08253812789917
3.1839606761932373,2.8913302421569824,4.082583427429199
3.1845521926879883,2.8914682865142822,4.082212924957275
3.1845521926879883,2.8914682865142822,4.082212924957275
3.1860671043395996,2.8921546936035156,4.083063125610352
3.1868960857391357,2.8925182819366455,4.082675933837891
3.188288688659668,2.8932836055755615,4.0832390785217285
3.1900622844696045,2.8942601680755615,4.083876609802246
3.1900622844696045,2.8942601680755615,4.083876609802246
3.1917858123779297,2.8948702812194824,4.08297061920166
3.1945862770080566,2.8959834575653076,4.084696292877197
3.197068214416504,2.8968594074249268,4.08561897277832
3.1980032920837402,2.897249937057495,4.084695339202881
3.1980032920837402,2.897249937057495,4.084695339202881
3.1989612579345703,2.897860288619995,4.085116386413574
3.1986842155456543,2.898092269897461,4.084182262420654
3.1985292434692383,2.8983609676361084,4.084896564483643
3.1987144947052,2.89863920211792,4.085735321044922
3.1987144947052,2.89863920211792,4.085735321044922
3.1991312503814697,2.898719072341919,4.085320949554443
3.200941324234009,2.89947772026062,4.0857954025268555
3.203505039215088,2.9003992080688477,4.085346698760986
3.206050157546997,2.9015185832977295,4.085690021514893
3.206050157546997,2.9015185832977295,4.085690021514893
3.2088446617126465,2.902891159057617,4.086667060852051
3.210054636001587,2.903404712677002,4.085984706878662
3.211338520050049,2.9038474559783936,4.086362361907959
3.2119007110595703,2.903780460357666,4.085862636566162
3.2119007110595703,2.903780460357666,4.085862636566162
3.212146520614624,2.9034368991851807,4.084129810333252
3.2130255699157715,2.9038352966308594,4.0846734046936035
3.2128283977508545,2.903829574584961,4.083222389221191
3.212951421737671,2.903953790664673,4.082591533660889
3.212951421737671,2.903953790664673,4.082591533660889
3.214717388153076,2.904761791229248,4.083459377288818
3.215757131576538,2.9050328731536865,4.082159996032715
3.2183940410614014,2.906221628189087,4.082515239715576
3.221635103225708,2.907836675643921,4.082763195037842
3.221635103225708,2.907836675643921,4.082763195037842
3.2232742309570312,2.9084951877593994,4.083120822906494
3.225687265396118,2.9094626903533936,4.085018634796143
3.2268075942993164,2.909665584564209,4.085697174072266
3.2269198894500732,2.9095311164855957,4.085327625274658
3.2269198894500732,2.9095311164855957,4.085327625274658
3.2268033027648926,2.909524440765381,4.08516263961792
3.2258245944976807,2.909132957458496,4.084156513214111
3.226223945617676,2.9092776775360107,4.083975315093994
3.2280402183532715,2.910000801086426,4.085176944732666
3.2280402183532715,2.910000801086426,4.085176944732666
3.22955322265625,2.9105618000030518,4.084367752075195
3.2312755584716797,2.9113821983337402,4.085124492645264
3.2316884994506836,2.9115426540374756,4.083817481994629
3.2326576709747314,2.9119069576263428,4.083693504333496
3.2326576709747314,2.9119069576263428,4.083693504333496
3.2329325675964355,2.9119725227355957,4.085076808929443
3.232161521911621,2.911613702774048,4.084364891052246
3.2320616245269775,2.911733627319336,4.0847086906433105
3.2323098182678223,2.912099838256836,4.085531234741211
3.2323098182678223,2.912099838256836,4.085531234741211
3.2324399948120117,2.9121150970458984,4.085010051727295
3.2344799041748047,2.9130029678344727,4.086268901824951
3.23518443107605,2.9133028984069824,4.08632755279541
3.2352375984191895,2.913349151611328,4.085499286651611
3.2352375984191895,2.913349151611328,4.085499286651611
3.235750675201416,2.9136600494384766,4.085992813110352
3.234586477279663,2.913137674331665,4.086062431335449
3.2343039512634277,2.9130008220672607,4.086925029754639
3.2339773178100586,2.9129066467285156,4.0878777503967285
3.2339773178100586,2.9129066467285156,4.0878777503967285
3.234450340270996,2.913084030151367,4.087244987487793
3.2362942695617676,2.9138622283935547,4.088366508483887
3.2380332946777344,2.914421319961548,4.0885114669799805
3.2391674518585205,2.914881706237793,4.088044166564941
3.2391674518585205,2.914881706237793,4.088044166564941
3.239428997039795,2.915127992630005,4.087570667266846
3.2399728298187256,2.915062189102173,4.087652683258057
3.2410199642181396,2.915285110473633,4.088594913482666
3.2414965629577637,2.9152615070343018,4.088870525360107
3.2414965629577637,2.9152615070343018,4.088870525360107
3.2420763969421387,2.915497064590454,4.088491916656494
3.2433762550354004,2.916078805923462,4.089285373687744
3.24472713470459,2.9165496826171875,4.0896830558776855
3.245704174041748,2.916846513748169,4.089635848999023
3.245704174041748,2.916846513748169,4.089635848999023
3.2472708225250244,2.9176318645477295,4.08984375
3.247356414794922,2.91791033744812,4.088930130004883
3.248276472091675,2.9184868335723877,4.089601516723633
3.249126672744751,2.9188194274902344,4.090895175933838
3.249126672744751,2.9188194274902344,4.090895175933838
3.2485904693603516,2.918494462966919,4.090035438537598
3.2493250370025635,2.9189822673797607,4.090670108795166
3.250511407852173,2.919854164123535,4.090360641479492
3.2520196437835693,2.920722246170044,4.089773654937744
3.2520196437835693,2.920722246170044,4.089773654937744
3.2542877197265625,2.9218599796295166,4.090914249420166
3.256075620651245,2.9223082065582275,4.090716361999512
3.256948947906494,2.9227445125579834,4.090555667877197
3.2572848796844482,2.923046350479126,4.090522766113281
3.2572848796844482,2.923046350479126,4.090522766113281
3.2573277950286865,2.922883987426758,4.089804649353027
3.2577738761901855,2.9231245517730713,4.090670108795166
3.2574996948242188,2.9228670597076416,4.090754985809326
3.2574212551116943,2.922659158706665,4.090791702270508
3.2574212551116943,2.922659158706665,4.090791702270508
3.2578234672546387,2.9228668212890625,4.091762065887451
3.25810170173645,2.9227969646453857,4.091124057769775
3.2594950199127197,2.9233577251434326,4.09127950668335
3.2615268230438232,2.9242615699768066,4.091264247894287
3.2615268230438232,2.9242615699768066,4.091264247894287
3.262751340866089,2.9244260787963867,4.090632438659668
3.263850212097168,2.924873113632202,4.091400623321533
3.2641334533691406,2.924912214279175,4.091221332550049
3.264328718185425,2.9250404834747314,4.091004848480225
3.264328718185425,2.9250404834747314,4.091004848480225
3.26568865776062,2.925766944885254,4.091848373413086
3.2657930850982666,2.9258885383605957,4.090775012969971
3.266946315765381,2.9264442920684814,4.091098785400391
3.2678635120391846,2.9268178939819336,4.091470718383789
3.2678635120391846,2.9268178939819336,4.091470718383789
3.2683982849121094,2.9271886348724365,4.090121269226074
3.2702512741088867,2.9283013343811035,4.090419769287109
3.270955801010132,2.9287359714508057,4.090188980102539
3.271848201751709,2.929203748703003,4.089898109436035
3.2725508213043213,2.9297385215759277,4.0898823738098145
3.2725508213043213,2.9297385215759277,4.0898823738098145
3.272895097732544,2.9301016330718994,4.089315414428711
3.274400472640991,2.930867910385132,4.089155673980713
3.2756118774414062,2.931396007537842,4.0897064208984375
3.2756118774414062,2.931396007537842,4.0897064208984375
3.2760536670684814,2.9314041137695312,4.088268756866455
3.277289628982544,2.9321937561035156,4.088428974151611
3.279073476791382,2.933156967163086,4.088322162628174
3.2798805236816406,2.933444023132324,4.087880611419678
3.2798805236816406,2.933444023132324,4.087880611419678
3.280564785003662,2.933791160583496,4.0889387130737305
3.2799532413482666,2.9334850311279297,4.087898254394531
3.2799408435821533,2.9336977005004883,4.087792873382568
3.280975341796875,2.934438705444336,4.088265895843506
3.280975341796875,2.934438705444336,4.088265895843506
3.2811713218688965,2.9343349933624268,4.087526798248291
3.2821853160858154,2.9346225261688232,4.088562488555908
3.282453775405884,2.9345529079437256,4.087859630584717
3.2822911739349365,2.9344518184661865,4.087828159332275
3.2822911739349365,2.9344518184661865,4.087828159332275
3.2826600074768066,2.9345574378967285,4.088642597198486
3.2824223041534424,2.9343442916870117,4.087628364562988
3.282348871231079,2.9342710971832275,4.087780475616455
3.2830231189727783,2.9346559047698975,4.08817720413208
3.2830231189727783,2.9346559047698975,4.08817720413208
3.282546043395996,2.934364080429077,4.087440013885498
3.283351182937622,2.934918165206909,4.088517189025879
3.2832162380218506,2.9349019527435303,4.088623523712158
3.2831435203552246,2.934903383255005,4.088564872741699
3.2831435203552246,2.934903383255005,4.088564872741699
3.2837724685668945,2.9354212284088135,4.090580463409424
3.283233404159546,2.9350979328155518,4.090324401855469
3.2835209369659424,2.93526554107666,4.09085750579834
3.283721446990967,2.935368776321411,4.090807914733887
3.283721446990967,2.935368776321411,4.090807914733887
3.284055471420288,2.9351871013641357,4.089963912963867
3.2849667072296143,2.935657262802124,4.090837001800537
3.286525011062622,2.936082601547241,4.0908331871032715
3.287576198577881,2.936236619949341,4.090738296508789
3.287576198577881,2.936236619949341,4.090738296508789
3.289466619491577,2.936713933944702,4.091403961181641
3.290614366531372,2.9366021156311035,4.091225624084473
3.292332887649536,2.9369921684265137,4.092076301574707
3.2931432723999023,2.936997413635254,4.093177795410156
3.2931432723999023,2.936997413635254,4.093177795410156
3.2932283878326416,2.9365363121032715,4.092906951904297
3.293156623840332,2.936509370803833,4.093563079833984
3.293205499649048,2.936678409576416,4.094240665435791
3.2940616607666016,2.937004327774048,4.09457540512085
3.2940616607666016,2.937004327774048,4.09457540512085
3.2962141036987305,2.9379279613494873,4.09576940536499
3.2991693019866943,2.9392051696777344,4.096144199371338
3.3025941848754883,2.9408886432647705,4.096746921539307
3.304354667663574,2.9420061111450195,4.097033977508545
3.304354667663574,2.9420061111450195,4.097033977508545
3.3051486015319824,2.9423305988311768,4.096108436584473
3.3055129051208496,2.9424149990081787,4.097621917724609
3.3051209449768066,2.9420175552368164,4.097432613372803
3.3053765296936035,2.942216157913208,4.097211837768555
3.3053765296936035,2.942216157913208,4.097211837768555
3.306710958480835,2.9430313110351562,4.097552299499512
3.3075547218322754,2.9433979988098145,4.09690523147583
3.309103488922119,2.9441792964935303,4.097046852111816
3.3102262020111084,2.944735288619995,4.097693920135498
3.3102262020111084,2.944735288619995,4.097693920135498
3.310713529586792,2.944793224334717,4.097138404846191
3.3121190071105957,2.9454970359802246,4.098239421844482
3.3123297691345215,2.945476531982422,4.098142623901367
3.3129091262817383,2.9456732273101807,4.098108291625977
3.3129091262817383,2.9456732273101807,4.098108291625977
3.313321590423584,2.9459753036499023,4.099308013916016
3.313267469406128,2.945725440979004,4.098950386047363
3.3132526874542236,2.9456100463867188,4.099420070648193
3.313093662261963,2.9454033374786377,4.100121974945068
3.313093662261963,2.9454033374786377,4.100121974945068
3.312363386154175,2.94474720954895,4.099620342254639
3.3126354217529297,2.9447855949401855,4.100827693939209
3.3128299713134766,2.944667100906372,4.1007161140441895
3.313253402709961,2.94480299949646,4.100261688232422
3.313253402709961,2.94480299949646,4.100261688232422
3.31406307220459,2.945157289505005,4.101075649261475
3.3137781620025635,2.944782257080078,4.100554466247559
3.3141045570373535,2.94488263130188,4.100819110870361
3.3146274089813232,2.945143938064575,4.101295471191406
3.3146274089813232,2.945143938064575,4.101295471191406
3.3147988319396973,2.94515323638916,4.100497722625732
3.3157296180725098,2.945650100708008,4.101077556610107
3.3164966106414795,2.9459633827209473,4.101598262786865
3.317028045654297,2.9461958408355713,4.101648330688477
3.317028045654297,2.9461958408355713,4.101648330688477
3.3177359104156494,2.9464638233184814,4.103017807006836
3.318429946899414,2.9468045234680176,4.10294246673584
3.319587230682373,2.947310209274292,4.104742527008057
3.3201663494110107,2.9475982189178467,4.105611801147461
3.3201663494110107,2.9475982189178467,4.105611801147461
3.320399284362793,2.9475436210632324,4.1057257652282715
3.321506977081299,2.94816517829895,4.106507301330566
3.322418212890625,2.9484646320343018,4.106563568115234
3.3238329887390137,2.9492478370666504,4.105941295623779
3.3238329887390137,2.9492478370666504,4.105941295623779
3.325695753097534,2.9504621028900146,4.1057448387146
3.3272509574890137,2.9511942863464355,4.105287075042725
3.3295114040374756,2.952193021774292,4.105356693267822
3.331613302230835,2.952989339828491,4.106395244598389
3.331613302230835,2.952989339828491,4.106395244598389
3.3322248458862305,2.952740430831909,4.104538917541504
3.3331212997436523,2.9531540870666504,4.105120658874512
3.3337831497192383,2.953516960144043,4.105390548706055
3.334104537963867,2.9533987045288086,4.105490684509277
3.334104537963867,2.9533987045288086,4.105490684509277
3.3346705436706543,2.9536776542663574,4.106494426727295
3.3339736461639404,2.953263759613037,4.105223655700684
3.3334360122680664,2.9533286094665527,4.105103969573975
3.3334896564483643,2.9535932540893555,4.105526924133301
3.3334896564483643,2.9535932540893555,4.105526924133301
3.333740711212158,2.9538168907165527,4.105197906494141
3.3353934288024902,2.954576253890991,4.106176376342773
3.3358983993530273,2.9546895027160645,4.105047225952148
3.3364810943603516,2.9551825523376465,4.104623317718506
3.3364810943603516,2.9551825523376465,4.104623317718506
3.3379876613616943,2.9560697078704834,4.105283260345459
3.338256359100342,2.956277847290039,4.104472637176514
3.3383355140686035,2.956571102142334,4.104933261871338
3.3375084400177,2.9565589427948,4.105890274047852
3.3375084400177,2.9565589427948,4.105890274047852
3.336653709411621,2.956246852874756,4.105538368225098
3.336839199066162,2.9565205574035645,4.10693883895874
3.337085485458374,2.9566545486450195,4.107077598571777
3.337679147720337,2.956772804260254,4.106780052185059
3.337679147720337,2.956772804260254,4.106780052185059
3.338881492614746,2.9573001861572266,4.1068434715271
3.3397791385650635,2.957519054412842,4.106520652770996
3.3405838012695312,2.9575514793395996,4.106811046600342
3.3406214714050293,2.957355499267578,4.107123851776123
3.3406214714050293,2.957355499267578,4.107123851776123
3.340904474258423,2.9574637413024902,4.106529712677002
3.3409111499786377,2.9575724601745605,4.107146263122559
3.3413703441619873,2.9575841426849365,4.107935428619385
3.341063976287842,2.957075834274292,4.107598781585693
3.341063976287842,2.957075834274292,4.107598781585693
3.341090202331543,2.957026243209839,4.107391357421875
3.341099739074707,2.957227945327759,4.106658935546875
3.341373920440674,2.957658290863037,4.1067609786987305
3.342236280441284,2.958209753036499,4.10712194442749
3.342236280441284,2.958209753036499,4.10712194442749
3.343587875366211,2.9583206176757812,4.10718297958374
3.346614360809326,2.959048271179199,4.1087212562561035
3.348243236541748,2.9594523906707764,4.108885765075684
3.3486804962158203,2.959731101989746,4.108138084411621
3.3486804962158203,2.959731101989746,4.108138084411621
3.348909854888916,2.9596543312072754,4.109575271606445
3.3486337661743164,2.959174871444702,4.109212398529053
3.348940849304199,2.959066152572632,4.1097283363342285
3.349759817123413,2.959334373474121,4.1102399826049805
3.349759817123413,2.959334373474121,4.1102399826049805
3.350266218185425,2.9596776962280273,4.109805583953857
3.351436138153076,2.9602301120758057,4.110577583312988
3.352565288543701,2.9607949256896973,4.110513210296631
3.3535120487213135,2.9611105918884277,4.11063814163208
3.3535120487213135,2.9611105918884277,4.11063814163208
3.355428457260132,2.9619908332824707,4.111999034881592
3.3558733463287354,2.9621171951293945,4.111363410949707
3.3570258617401123,2.962599754333496,4.111283302307129
3.3580715656280518,2.963008165359497,4.111612796783447
3.3580715656280518,2.963008165359497,4.111612796783447
3.3588218688964844,2.9632558822631836,4.111355781555176
3.3598592281341553,2.9636566638946533,4.112343788146973
3.3597629070281982,2.9633560180664062,4.112648963928223
3.3597593307495117,2.963172435760498,4.112750053405762
3.3597593307495117,2.963172435760498,4.112750053405762
3.3605964183807373,2.9635109901428223,4.1135573387146
3.3616983890533447,2.963712215423584,4.113875865936279
3.3628897666931152,2.9639816284179688,4.114832401275635
3.36383318901062,2.9643421173095703,4.115653038024902
3.36383318901062,2.9643421173095703,4.115653038024902
3.363784074783325,2.9643349647521973,4.114931106567383
3.3650121688842773,2.9650158882141113,4.115367412567139
3.3658640384674072,2.9652140140533447,4.1156229972839355
3.3667008876800537,2.965466260910034,4.116559028625488
3.3667008876800537,2.965466260910034,4.116559028625488
3.3672544956207275,2.9655661582946777,4.117781162261963
3.367511034011841,2.965623140335083,4.1171369552612305
3.368415594100952,2.9661355018615723,4.117319107055664
3.3696820735931396,2.9666895866394043,4.118058204650879
3.3696820735931396,2.9666895866394043,4.118058204650879
3.3696773052215576,2.966484546661377,4.117891311645508
3.370258331298828,2.9667487144470215,4.118963718414307
3.3707077503204346,2.967196226119995,4.118775844573975
3.37204647064209,2.967978000640869,4.11885929107666
3.37204647064209,2.967978000640869,4.11885929107666
3.3737528324127197,2.9688076972961426,4.120456695556641
3.3746368885040283,2.9689626693725586,4.120516300201416
3.3761353492736816,2.9696342945098877,4.121069431304932
3.377408742904663,2.970268487930298,4.121575832366943
3.377408742904663,2.970268487930298,4.121575832366943
3.3780152797698975,2.9705779552459717,4.120400428771973
3.3789050579071045,2.97115159034729,4.120962142944336
3.379445791244507,2.9713494777679443,4.121743202209473
3.380185127258301,2.9716250896453857,4.122035026550293
3.380185127258301,2.9716250896453857,4.122035026550293
3.3813223838806152,2.9720897674560547,4.122804164886475
3.3825442790985107,2.972324848175049,4.122561454772949
3.3837196826934814,2.9726133346557617,4.12323522567749
3.384552001953125,2.972663640975952,4.124414920806885
3.384552001953125,2.972663640975952,4.124414920806885
3.3854761123657227,2.9727559089660645,4.124331474304199
3.386791944503784,2.9733052253723145,4.125397205352783
3.388040542602539,2.9737048149108887,4.125855445861816
3.389157295227051,2.9739372730255127,4.125900745391846
3.389157295227051,2.9739372730255127,4.125900745391846
3.3912694454193115,2.9748129844665527,4.1263909339904785
3.3926751613616943,2.975236415863037,4.125851154327393
3.3941667079925537,2.975783109664917,4.126171112060547
3.3949246406555176,2.9759700298309326,4.126669883728027
3.3949246406555176,2.9759700298309326,4.126669883728027
3.395024061203003,2.9759700298309326,4.126789569854736
3.3955719470977783,2.976181745529175,4.127713680267334
3.396411657333374,2.976628303527832,4.127452373504639
3.3973050117492676,2.977243185043335,4.126830577850342
3.3973050117492676,2.977243185043335,4.126830577850342
3.3990442752838135,2.978132724761963,4.127610206604004
3.4006459712982178,2.9788568019866943,4.128313064575195
3.401761770248413,2.979194402694702,4.129548072814941
3.402285099029541,2.9794018268585205,4.130221843719482
3.402285099029541,2.9794018268585205,4.130221843719482
3.4021520614624023,2.9793832302093506,4.129364967346191
3.402346134185791,2.9794929027557373,4.13075590133667
3.4019665718078613,2.9793648719787598,4.1312408447265625
3.401379108428955,2.9792163372039795,4.131568431854248
3.401379108428955,2.9792163372039795,4.131568431854248
3.401811122894287,2.979539632797241,4.132585525512695
3.402634620666504,2.9798898696899414,4.132472515106201
3.404053211212158,2.9804956912994385,4.133525371551514
3.4046735763549805,2.9807333946228027,4.134283542633057
3.4046735763549805,2.9807333946228027,4.134283542633057
3.4037981033325195,2.980117082595825,4.132819175720215
3.404017925262451,2.980297565460205,4.133250713348389
3.4043283462524414,2.9804201126098633,4.133688449859619
3.404884099960327,2.9806060791015625,4.133586406707764
3.404884099960327,2.9806060791015625,4.133586406707764
3.4058051109313965,2.9810268878936768,4.134538173675537
3.4052414894104004,2.980689764022827,4.1333441734313965
3.405883550643921,2.981088161468506,4.133892059326172
3.4071526527404785,2.9816296100616455,4.135568618774414
3.4071526527404785,2.9816296100616455,4.135568618774414
3.4078192710876465,2.981886625289917,4.135793685913086
3.4089560508728027,2.982428789138794,4.136988162994385
3.4090635776519775,2.9825937747955322,4.136096477508545
3.4098925590515137,2.9830808639526367,4.136049747467041
3.4098925590515137,2.9830808639526367,4.136049747467041
3.411471128463745,2.9839956760406494,4.137359142303467
3.41318416595459,2.9846744537353516,4.136751651763916
3.4138388633728027,2.984988212585449,4.136773586273193
3.4147274494171143,2.9856433868408203,4.136954307556152
3.4147274494171143,2.9856433868408203,4.136954307556152
3.415055513381958,2.9856717586517334,4.136429309844971
3.415759325027466,2.986058473587036,4.1375885009765625
3.4163949489593506,2.9861702919006348,4.137607574462891
3.417372941970825,2.9864323139190674,4.137843608856201
3.417372941970825,2.9864323139190674,4.137843608856201
3.4185280799865723,2.986722946166992,4.139662265777588
3.419179677963257,2.986456871032715,4.13932466506958
3.4203739166259766,2.9867160320281982,4.140439987182617
3.421942710876465,2.987253189086914,4.1413655281066895
3.421942710876465,2.987253189086914,4.1413655281066895
3.423210859298706,2.987755060195923,4.140621662139893
3.4242775440216064,2.98830246925354,4.1413750648498535
3.425185441970825,2.9886980056762695,4.141565322875977
3.425593376159668,2.9889185428619385,4.141419887542725
3.425593376159668,2.9889185428619385,4.141419887542725
3.426510810852051,2.989382266998291,4.142146587371826
3.4271183013916016,2.9895126819610596,4.141603946685791
3.4277613162994385,2.9896767139434814,4.141783237457275
3.428544282913208,2.9899749755859375,4.142122745513916
3.428544282913208,2.9899749755859375,4.142122745513916
3.4289796352386475,2.9900143146514893,4.141779899597168
3.429999351501465,2.9903945922851562,4.142606735229492
3.430900812149048,2.9907586574554443,4.14211893081665
3.4312098026275635,2.990813732147217,4.142377853393555
3.4312098026275635,2.990813732147217,4.142377853393555
3.4324615001678467,2.991574764251709,4.143179416656494
3.4332849979400635,2.9920544624328613,4.142058372497559
3.4346964359283447,2.9928033351898193,4.1423234939575195
3.435940742492676,2.99348521232605,4.142897605895996
3.435940742492676,2.99348521232605,4.142897605895996
3.4358294010162354,2.993454933166504,4.142512798309326
3.436262607574463,2.993661642074585,4.143563747406006
3.4367947578430176,2.9938161373138428,4.143707275390625
3.437676191329956,2.994117259979248,4.143496990203857
3.437676191329956,2.994117259979248,4.143496990203857
3.4393019676208496,2.994830846786499,4.145122051239014
3.4395852088928223,2.9947292804718018,4.144842624664307
3.440417528152466,2.9949426651000977,4.146005153656006
3.441534996032715,2.9954137802124023,4.147287845611572
3.441534996032715,2.9954137802124023,4.147287845611572
3.441760540008545,2.995508909225464,4.146502494812012
3.441992998123169,2.995969772338867,4.147061347961426
3.441788911819458,2.996178388595581,4.147582054138184
3.4416871070861816,2.9960644245147705,4.148049831390381
3.4416871070861816,2.9960644245147705,4.148049831390381
3.4424567222595215,2.996528148651123,4.149734020233154
3.4428024291992188,2.9964137077331543,4.149129390716553
3.444760799407959,2.9975955486297607,4.1496992111206055
3.4468135833740234,2.9987802505493164,4.149777889251709
3.4468135833740234,2.9987802505493164,4.149777889251709
3.448059320449829,2.999401330947876,4.149341583251953
3.4497227668762207,3.000343084335327,4.150169849395752
3.4503469467163086,3.000884771347046,4.14985990524292
3.450897693634033,3.0010972023010254,4.149554252624512
3.450897693634033,3.0010972023010254,4.149554252624512
3.4521374702453613,3.0018117427825928,4.1503143310546875
3.4529945850372314,3.001847743988037,4.149239540100098
3.454101800918579,3.002189874649048,4.149849891662598
3.4554550647735596,3.002596616744995,4.150554656982422
3.4554550647735596,3.002596616744995,4.150554656982422
3.456638813018799,3.0028796195983887,4.149988651275635
3.4587161540985107,3.003790855407715,4.150733470916748
3.4593889713287354,3.0040245056152344,4.150210857391357
3.4599969387054443,3.0041778087615967,4.150351524353027
3.4599969387054443,3.0041778087615967,4.150351524353027
3.4614503383636475,3.0047543048858643,4.151628494262695
3.4631385803222656,3.0054802894592285,4.151147365570068
3.464989423751831,3.006464958190918,4.1511149406433105
3.4660067558288574,3.0070343017578125,4.151373863220215
3.4660067558288574,3.0070343017578125,4.151373863220215
3.466510534286499,3.007218360900879,4.15098237991333
3.4666292667388916,3.0073370933532715,4.151596546173096
3.466540813446045,3.0072319507598877,4.152220249176025
3.4665143489837646,3.0071003437042236,4.152599811553955
3.4665143489837646,3.0071003437042236,4.152599811553955
3.468188524246216,3.0079078674316406,4.154031753540039
3.469909906387329,3.008861780166626,4.153581619262695
3.4714527130126953,3.0097198486328125,4.1536664962768555
3.4728384017944336,3.0105996131896973,4.154130935668945
3.4728384017944336,3.0105996131896973,4.154130935668945
3.472040891647339,3.0102193355560303,4.152921199798584
3.4719398021698,3.0100996494293213,4.1539788246154785
3.471526861190796,3.009706497192383,4.15424108505249
3.471417188644409,3.0094754695892334,4.153995513916016
3.471417188644409,3.0094754695892334,4.153995513916016
3.472515344619751,3.0100643634796143,4.154813289642334
3.4738476276397705,3.010791301727295,4.15325403213501
3.4748106002807617,3.011221170425415,4.1534647941589355
3.4757354259490967,3.0116167068481445,4.154431343078613
3.4757354259490967,3.0116167068481445,4.154431343078613
3.475750207901001,3.01118540763855,4.153896331787109
3.476290464401245,3.0116751194000244,4.15442419052124
3.476726770401001,3.0120980739593506,4.154621601104736
3.4769206047058105,3.0123679637908936,4.154744625091553
3.4769206047058105,3.0123679637908936,4.154744625091553
3.4770472049713135,3.0125489234924316,4.15596866607666
3.4766733646392822,3.0123648643493652,4.155986309051514
3.4768993854522705,3.0124876499176025,4.156531810760498
3.477318048477173,3.0126864910125732,4.156988143920898
3.477318048477173,3.0126864910125732,4.156988143920898
3.4779722690582275,3.013047695159912,4.156673431396484
3.4789655208587646,3.013598680496216,4.157527923583984
3.4799959659576416,3.014035224914551,4.157343864440918
3.48048734664917,3.0140936374664307,4.157041072845459
3.48048734664917,3.0140936374664307,4.157041072845459
3.481123447418213,3.0142078399658203,4.158103942871094
3.482017755508423,3.014286756515503,4.158087253570557
3.484043598175049,3.015007734298706,4.1589179039001465
3.485363006591797,3.015291929244995,4.1593523025512695
3.485363006591797,3.015291929244995,4.1593523025512695
3.486027479171753,3.015533924102783,4.158968925476074
3.4871861934661865,3.0159857273101807,4.160096168518066
3.4872658252716064,3.015815258026123,4.160638332366943
3.4868714809417725,3.0153403282165527,4.160538673400879
3.4868714809417725,3.0153403282165527,4.160538673400879
3.4868438243865967,3.0152697563171387,4.161423683166504
3.4865334033966064,3.015103816986084,4.161279201507568
3.487433433532715,3.0158841609954834,4.161522388458252
3.4893388748168945,3.017160654067993,4.1620097160339355
3.4893388748168945,3.017160654067993,4.1620097160339355
3.490107774734497,3.0175936222076416,4.1614298820495605
3.4909465312957764,3.018122911453247,4.162004470825195
3.4908089637756348,3.0182440280914307,4.161840915679932
3.49102783203125,3.0181286334991455,4.161903381347656
3.49102783203125,3.0181286334991455,4.161903381347656
3.4910895824432373,3.018214225769043,4.163059234619141
3.491342544555664,3.018009662628174,4.162159442901611
3.4917988777160645,3.0182507038116455,4.162686347961426
3.49269437789917,3.0186526775360107,4.163167953491211
3.49269437789917,3.0186526775360107,4.163167953491211
3.4936258792877197,3.018948793411255,4.162357330322266
3.4949681758880615,3.019756555557251,4.162668228149414
3.496122121810913,3.02044415473938,4.162511825561523
3.4972565174102783,3.021125555038452,4.162083148956299
3.4972565174102783,3.021125555038452,4.162083148956299
3.497936248779297,3.0214474201202393,4.162905216217041
3.4976985454559326,3.0212016105651855,4.162334442138672
3.4981191158294678,3.021243095397949,4.162757873535156
3.4987916946411133,3.0213844776153564,4.164109706878662
3.4987916946411133,3.0213844776153564,4.164109706878662
3.499833822250366,3.021583080291748,4.164018154144287
3.502089738845825,3.022630453109741,4.165430545806885
3.5037853717803955,3.0234503746032715,4.165543079376221
3.505211114883423,3.024567127227783,4.164968967437744
3.505211114883423,3.024567127227783,4.164968967437744
3.5063605308532715,3.025522470474243,4.165256977081299
3.5064990520477295,3.0256874561309814,4.164674282073975
3.5065183639526367,3.0259318351745605,4.164765357971191
3.5063815116882324,3.026153326034546,4.165009021759033
3.5063815116882324,3.026153326034546,4.165009021759033
3.506605625152588,3.0262608528137207,4.1643242835998535
3.5073719024658203,3.026728630065918,4.165101051330566
3.5082645416259766,3.0270495414733887,4.164660930633545
3.5086867809295654,3.027057647705078,4.1642937660217285
3.5086867809295654,3.027057647705078,4.1642937660217285
3.5105817317962646,3.0280730724334717,4.164431095123291
3.5124402046203613,3.029118537902832,4.1641340255737305
3.514211416244507,3.030056953430176,4.164231300354004
3.515133857727051,3.030524969100952,4.164764404296875
3.515133857727051,3.030524969100952,4.164764404296875
3.5151209831237793,3.030498504638672,4.16415548324585
3.515352249145508,3.030636787414551,4.164928913116455
3.5156965255737305,3.0308022499084473,4.1651611328125
3.5162434577941895,3.031036138534546,4.164917945861816
3.5162434577941895,3.031036138534546,4.164917945861816
3.5173227787017822,3.0316545963287354,4.165709018707275
3.5181024074554443,3.032029151916504,4.165355682373047
3.5192010402679443,3.0326225757598877,4.165546417236328
3.520319700241089,3.0332624912261963,4.165709018707275
3.521256446838379,3.033752918243408,4.165559768676758
3.521256446838379,3.033752918243408,4.165559768676758
3.5224437713623047,3.03421950340271,4.166769504547119
3.5231568813323975,3.0345020294189453,4.166970729827881
3.5237410068511963,3.0345730781555176,4.166853904724121
3.5237410068511963,3.0345730781555176,4.166853904724121
3.524669885635376,3.034893751144409,4.167194366455078
3.5254626274108887,3.0350208282470703,4.167334079742432
3.5256149768829346,3.0347278118133545,4.168222427368164
3.5258798599243164,3.034496784210205,4.169233322143555
3.5258798599243164,3.034496784210205,4.169233322143555
3.525620698928833,3.0338563919067383,4.168981075286865
3.526043653488159,3.033794641494751,4.170152187347412
3.526651620864868,3.033989667892456,4.1702656745910645
3.527527332305908,3.034369707107544,4.170450210571289
3.527527332305908,3.034369707107544,4.170450210571289
3.528608560562134,3.034971237182617,4.171291828155518
3.529510736465454,3.035485029220581,4.170774936676025
3.5301499366760254,3.035914421081543,4.170995712280273
3.5303776264190674,3.036065101623535,4.171679973602295
3.5303776264190674,3.036065101623535,4.171679973602295
3.5306508541107178,3.0362045764923096,4.171750545501709
3.5313684940338135,3.036670684814453,4.172612190246582
3.5324933528900146,3.0375819206237793,4.172056674957275
3.533925771713257,3.038607597351074,4.1723313331604
3.533925771713257,3.038607597351074,4.1723313331604
3.535571336746216,3.0396928787231445,4.17344331741333
3.5361475944519043,3.040043592453003,4.172600746154785
3.5373260974884033,3.0407421588897705,4.172603607177734
3.5382070541381836,3.041318893432617,4.172544479370117
3.5382070541381836,3.041318893432617,4.172544479370117
3.539276361465454,3.0417494773864746,4.171894550323486
3.5404324531555176,3.0424728393554688,4.1724934577941895
3.5413599014282227,3.0428738594055176,4.1726884841918945
3.5426557064056396,3.043468475341797,4.1721720695495605
3.5426557064056396,3.043468475341797,4.1721720695495605
3.5447182655334473,3.0446810722351074,4.172422885894775
3.545619487762451,3.0450022220611572,4.171489238739014
3.546375036239624,3.0453078746795654,4.171161651611328
3.546957015991211,3.0457346439361572,4.17104434967041
3.546957015991211,3.0457346439361572,4.17104434967041
3.5475986003875732,3.046189546585083,4.170923233032227
3.5481457710266113,3.0464701652526855,4.171700954437256
3.548659086227417,3.0467724800109863,4.171911716461182
3.54903244972229,3.0470926761627197,4.171923637390137
3.54903244972229,3.0470926761627197,4.171923637390137
3.5504143238067627,3.048077344894409,4.172208786010742
3.551685333251953,3.048816442489624,4.171599388122559
3.5531129837036133,3.0496251583099365,4.171638011932373
3.5543854236602783,3.050415277481079,4.171721935272217
3.5543854236602783,3.050415277481079,4.171721935272217
3.554849147796631,3.051036834716797,4.170377254486084
3.5560457706451416,3.052105188369751,4.170134544372559
3.5572428703308105,3.053032398223877,4.170566558837891
3.5581979751586914,3.0535435676574707,4.1700663566589355
3.5581979751586914,3.0535435676574707,4.1700663566589355
3.559454917907715,3.0542383193969727,4.170919895172119
3.5603301525115967,3.054513454437256,4.169989585876465
3.5623860359191895,3.0554187297821045,4.170523166656494
3.5642261505126953,3.0561046600341797,4.1714348793029785
3.5642261505126953,3.0561046600341797,4.1714348793029785
3.5654385089874268,3.0563251972198486,4.172471046447754
3.567260980606079,3.0567684173583984,4.175092697143555
3.5682384967803955,3.0565476417541504,4.175335884094238
3.5694546699523926,3.0569236278533936,4.175535678863525
3.5694546699523926,3.0569236278533936,4.175535678863525
3.5698142051696777,3.056971311569214,4.176051616668701
3.569861650466919,3.0566959381103516,4.175259590148926
3.5700793266296387,3.05668568611145,4.175535678863525
3.570788621902466,3.05688738822937,4.176254749298096
3.570788621902466,3.05688738822937,4.176254749298096
3.571471929550171,3.0569262504577637,4.176353454589844
3.5727319717407227,3.0573666095733643,4.1775970458984375
3.5737569332122803,3.057927370071411,4.177806854248047
3.5747780799865723,3.0584137439727783,4.178009033203125
3.5747780799865723,3.0584137439727783,4.178009033203125
3.576462984085083,3.059128761291504,4.179598808288574
3.5780587196350098,3.05967116355896,4.180285930633545
3.580153465270996,3.060396671295166,4.1816277503967285
3.58255934715271,3.0613532066345215,4.183429718017578
3.58255934715271,3.0613532066345215,4.183429718017578
3.5845091342926025,3.062157154083252,4.182981014251709
3.5858170986175537,3.06292462348938,4.183416843414307
3.586242914199829,3.063033103942871,4.183900833129883
3.5864689350128174,3.0629472732543945,4.184538841247559
3.5864689350128174,3.0629472732543945,4.184538841247559
3.586388111114502,3.062694549560547,4.185776710510254
3.586820363998413,3.0627410411834717,4.186102867126465
3.5878007411956787,3.063188076019287,4.186817646026611
3.5889861583709717,3.063638925552368,4.187983989715576
3.5889861583709717,3.063638925552368,4.187983989715576
3.590141773223877,3.063877582550049,4.187542915344238
3.5918495655059814,3.064434051513672,4.188600540161133
3.594156265258789,3.0652079582214355,4.188924312591553
3.595421314239502,3.065795660018921,4.189208030700684
3.595421314239502,3.065795660018921,4.189208030700684
3.59716534614563,3.066629409790039,4.19072151184082
3.597978353500366,3.067089319229126,4.191553115844727
3.599036931991577,3.0676305294036865,4.192464828491211
3.601261854171753,3.068826913833618,4.193732261657715
3.601261854171753,3.068826913833618,4.193732261657715
3.6037404537200928,3.0699198246002197,4.194921493530273
3.607272148132324,3.0718064308166504,4.196998119354248
3.6104633808135986,3.0736634731292725,4.197793960571289
3.613370418548584,3.0752246379852295,4.197771072387695
3.613370418548584,3.0752246379852295,4.197771072387695
3.616018772125244,3.0769259929656982,4.198412895202637
3.6168570518493652,3.07745361328125,4.198198318481445
3.6174519062042236,3.0777652263641357,4.198753833770752
3.6184659004211426,3.078261613845825,4.199121952056885
3.6184659004211426,3.078261613845825,4.199121952056885
3.6202917098999023,3.079531669616699,4.198449611663818
3.621948480606079,3.0805623531341553,4.198902130126953
3.6226918697357178,3.080817222595215,4.198868751525879
3.622826099395752,3.0805437564849854,4.198185443878174
3.622826099395752,3.0805437564849854,4.198185443878174
3.622934579849243,3.080528974533081,4.199061870574951
3.622683048248291,3.0801804065704346,4.198995113372803
3.623056411743164,3.0802528858184814,4.199314117431641
3.624079704284668,3.08077073097229,4.199771404266357
3.624079704284668,3.08077073097229,4.199771404266357
3.624946355819702,3.0810325145721436,4.199450492858887
3.626718521118164,3.0819461345672607,4.200556755065918
3.6280629634857178,3.082723379135132,4.200974464416504
3.6294877529144287,3.0831382274627686,4.202263355255127
3.6294877529144287,3.0831382274627686,4.202263355255127
3.6307873725891113,3.083569049835205,4.204279899597168
3.631927251815796,3.083838939666748,4.203239440917969
3.6330909729003906,3.0843939781188965,4.203606128692627
3.6350784301757812,3.0857231616973877,4.203347206115723
3.6350784301757812,3.0857231616973877,4.203347206115723
3.6376731395721436,3.087401866912842,4.203072547912598
3.6405625343322754,3.0892202854156494,4.203822612762451
3.643441677093506,3.090932607650757,4.20393180847168
3.644726037979126,3.091817855834961,4.204168319702148
3.644726037979126,3.091817855834961,4.204168319702148
3.645754814147949,3.092409610748291,4.205285549163818
3.6462533473968506,3.092288017272949,4.205506324768066
3.6479504108428955,3.0932600498199463,4.206512928009033
3.6498146057128906,3.0944430828094482,4.207322597503662
3.6498146057128906,3.0944430828094482,4.207322597503662
3.653181552886963,3.096437454223633,4.207542419433594
3.6565942764282227,3.098465919494629,4.208927631378174
3.659641981124878,3.1000633239746094,4.2098188400268555
3.6618638038635254,3.1011340618133545,4.210867881774902
3.6618638038635254,3.1011340618133545,4.210867881774902
3.6632838249206543,3.1015865802764893,4.212625026702881
3.6636159420013428,3.101536989212036,4.211763858795166
3.664341926574707,3.1018428802490234,4.2117414474487305
3.665665864944458,3.102491855621338,4.211884021759033
3.665665864944458,3.102491855621338,4.211884021759033
3.6667726039886475,3.1029679775238037,4.210842609405518
3.6684463024139404,3.10394287109375,4.211458206176758
3.6698856353759766,3.104888677597046,4.210981369018555
3.6712100505828857,3.105713129043579,4.210679054260254
3.6712100505828857,3.105713129043579,4.210679054260254
3.6718616485595703,3.1060173511505127,4.211448669433594
3.672454833984375,3.1061789989471436,4.2116379737854
3.673234701156616,3.106400966644287,4.211683750152588
3.6742615699768066,3.1067707538604736,4.212624549865723
3.6742615699768066,3.1067707538604736,4.212624549865723
3.675477981567383,3.1070609092712402,4.212569236755371
3.6775147914886475,3.1080563068389893,4.213691234588623
3.6791980266571045,3.1088356971740723,4.213978290557861
3.680475950241089,3.1095118522644043,4.214358806610107
3.680475950241089,3.1095118522644043,4.214358806610107
3.6813719272613525,3.10969614982605,4.215791702270508
3.6822707653045654,3.1100475788116455,4.215931415557861
3.68397855758667,3.110919237136841,4.217081069946289
3.685279607772827,3.111565589904785,4.218090534210205
3.685279607772827,3.111565589904785,4.218090534210205
3.686048984527588,3.112304449081421,4.218098163604736
3.6868643760681152,3.1127853393554688,4.219152450561523
3.6877760887145996,3.113205671310425,4.220088958740234
3.688872814178467,3.1137850284576416,4.220859050750732
3.688872814178467,3.1137850284576416,4.220859050750732
3.690438747406006,3.1147725582122803,4.2217793464660645
3.6921494007110596,3.1157915592193604,4.22217321395874
3.693716287612915,3.1166746616363525,4.223012924194336
3.694746971130371,3.1173527240753174,4.223234176635742
3.694746971130371,3.1173527240753174,4.223234176635742
3.6951658725738525,3.117455005645752,4.223082065582275
3.695542812347412,3.1176815032958984,4.224039077758789
3.696122646331787,3.1179001331329346,4.224593639373779
3.697093963623047,3.1182327270507812,4.224895477294922
3.697093963623047,3.1182327270507812,4.224895477294922
3.698681116104126,3.119086980819702,4.225910186767578
3.700237274169922,3.119659423828125,4.2256693840026855
3.7019972801208496,3.1205451488494873,4.2262864112854
3.703242778778076,3.1210999488830566,4.226927280426025
3.703242778778076,3.1210999488830566,4.226927280426025
3.7037506103515625,3.1211555004119873,4.227120876312256
3.704695224761963,3.121626377105713,4.228139400482178
3.7056288719177246,3.122154712677002,4.228388786315918
3.7067036628723145,3.1230382919311523,4.228796005249023
3.7067036628723145,3.1230382919311523,4.228796005249023
3.708862543106079,3.1245594024658203,4.229896068572998
3.7106282711029053,3.1257121562957764,4.230348587036133
3.7129781246185303,3.1271629333496094,4.231213092803955
3.715772867202759,3.1290833950042725,4.232290744781494
3.715772867202759,3.1290833950042725,4.232290744781494
3.7178921699523926,3.130552053451538,4.231755256652832
3.7197790145874023,3.131917953491211,4.2323198318481445
3.721292495727539,3.1329543590545654,4.232097148895264
3.722630262374878,3.133920431137085,4.231829643249512
3.722630262374878,3.133920431137085,4.231829643249512
3.7244298458099365,3.1352744102478027,4.2321624755859375
3.7263758182525635,3.1365835666656494,4.231429576873779
3.728634834289551,3.1381609439849854,4.231564044952393
3.7298989295959473,3.138983964920044,4.2318267822265625
3.7298989295959473,3.138983964920044,4.2318267822265625
3.730971336364746,3.1394765377044678,4.231436729431152
3.73235821723938,3.1403236389160156,4.231975555419922
3.734119176864624,3.1413187980651855,4.232504367828369
3.7364699840545654,3.143134593963623,4.232365608215332
3.7364699840545654,3.143134593963623,4.232365608215332
3.738433361053467,3.1444196701049805,4.233331680297852
3.7397727966308594,3.145033597946167,4.234094142913818
3.7407963275909424,3.14530873298645,4.234557628631592
3.7423205375671387,3.145886182785034,4.235114097595215
3.7423205375671387,3.145886182785034,4.235114097595215
3.743826150894165,3.1465530395507812,4.234365463256836
3.745429277420044,3.1473915576934814,4.235073089599609
3.7467939853668213,3.1481378078460693,4.235034942626953
3.7475016117095947,3.1486098766326904,4.235289573669434
3.7475016117095947,3.1486098766326904,4.235289573669434
3.748589038848877,3.149200439453125,4.2366228103637695
3.7491672039031982,3.149538516998291,4.237032413482666
3.749709367752075,3.1496639251708984,4.238400936126709
3.750100612640381,3.1497507095336914,4.239340305328369
3.750100612640381,3.1497507095336914,4.239340305328369
3.750481128692627,3.149946928024292,4.238786697387695
3.7512412071228027,3.1504228115081787,4.239724159240723
3.7519524097442627,3.1507275104522705,4.2398786544799805
3.7524542808532715,3.15106201171875,4.239943981170654
3.7524542808532715,3.15106201171875,4.239943981170654
3.7534191608428955,3.1516730785369873,4.240966796875
3.7541351318359375,3.1519360542297363,4.241375923156738
3.755150556564331,3.152465581893921,4.241987705230713
3.756423234939575,3.153221845626831,4.2426252365112305
3.756423234939575,3.153221845626831,4.2426252365112305
3.7570791244506836,3.153420925140381,4.242311954498291
3.7574548721313477,3.153704881668091,4.242807388305664
3.757835865020752,3.1538870334625244,4.243190765380859
3.7582571506500244,3.154076099395752,4.243576526641846
3.7582571506500244,3.154076099395752,4.243576526641846
3.7592036724090576,3.1548268795013428,4.2445268630981445
3.7607944011688232,3.156064510345459,4.244437217712402
3.7624807357788086,3.15756893157959,4.244726181030273
3.764146566390991,3.158933401107788,4.245669841766357
3.764146566390991,3.158933401107788,4.245669841766357
3.7653610706329346,3.1596388816833496,4.245772838592529
3.766577959060669,3.1608006954193115,4.246293544769287
3.7673680782318115,3.161726474761963,4.245941162109375
3.7675421237945557,3.1618683338165283,4.2461652755737305
3.7675421237945557,3.1618683338165283,4.2461652755737305
3.767347574234009,3.161715507507324,4.247204303741455
3.766892910003662,3.1609115600585938,4.246409893035889
3.766558885574341,3.160431385040283,4.246484756469727
3.7668585777282715,3.1605072021484375,4.246939182281494
3.7668585777282715,3.1605072021484375,4.246939182281494
3.76759934425354,3.160723924636841,4.246291637420654
3.7690083980560303,3.161620855331421,4.247045993804932
3.7709779739379883,3.1627516746520996,4.2469611167907715
3.7724571228027344,3.1637423038482666,4.246796131134033
3.7724571228027344,3.1637423038482666,4.246796131134033
3.773912191390991,3.1646525859832764,4.247168064117432
3.774536371231079,3.164818525314331,4.246852397918701
3.774724245071411,3.1648571491241455,4.247130393981934
3.7748265266418457,3.1647324562072754,4.247830390930176
3.7748265266418457,3.1647324562072754,4.247830390930176
3.775116205215454,3.164372682571411,4.247341632843018
3.7761363983154297,3.1646604537963867,4.248184680938721
3.777651071548462,3.1651132106781006,4.248902797698975
3.7798900604248047,3.166419267654419,4.24981689453125
3.7798900604248047,3.166419267654419,4.24981689453125
3.7823259830474854,3.168052911758423,4.250579357147217
3.783754825592041,3.1695563793182373,4.250069618225098
3.7845139503479004,3.1703290939331055,4.249940872192383
3.784759044647217,3.1707980632781982,4.250184059143066
3.784759044647217,3.1707980632781982,4.250184059143066
3.784482955932617,3.170868396759033,4.2502875328063965
3.784860610961914,3.1711626052856445,4.251233100891113
3.785705327987671,3.171860456466675,4.251412391662598
3.786530017852783,3.17242169380188,4.251605033874512
3.786530017852783,3.17242169380188,4.251605033874512
3.787904739379883,3.1733410358428955,4.2522196769714355
3.7886180877685547,3.1738665103912354,4.250857830047607
3.7895219326019287,3.1746888160705566,4.250661849975586
3.7904810905456543,3.175447702407837,4.251215934753418
3.7904810905456543,3.175447702407837,4.251215934753418
3.792461633682251,3.176760196685791,4.250911235809326
3.7943313121795654,3.1780459880828857,4.251466751098633
3.7957191467285156,3.1788973808288574,4.251280307769775
3.7964625358581543,3.1791892051696777,4.251044273376465
3.7964625358581543,3.1791892051696777,4.251044273376465
3.7969465255737305,3.1792707443237305,4.251832962036133
3.797471284866333,3.179147958755493,4.25214147567749
3.797959566116333,3.179236888885498,4.252618789672852
3.7983500957489014,3.1793503761291504,4.253056526184082
3.7983500957489014,3.1793503761291504,4.253056526184082
3.798607349395752,3.179535388946533,4.252903938293457
3.798973321914673,3.179664373397827,4.253749370574951
3.799285411834717,3.1796035766601562,4.254364967346191
3.7997519969940186,3.1796040534973145,4.254445552825928
3.7997519969940186,3.1796040534973145,4.254445552825928
3.8010928630828857,3.180438995361328,4.254893779754639
3.8022990226745605,3.1811530590057373,4.2550554275512695
3.803398847579956,3.181791305541992,4.25554084777832
3.8043086528778076,3.1823089122772217,4.255999565124512
3.8043086528778076,3.1823089122772217,4.255999565124512
3.8049745559692383,3.1827821731567383,4.256080150604248
3.805588722229004,3.1831748485565186,4.2567973136901855
3.806216239929199,3.183656692504883,4.256800174713135
3.8071866035461426,3.1842496395111084,4.256854057312012
3.8071866035461426,3.1842496395111084,4.256854057312012
3.808464527130127,3.1851744651794434,4.256860256195068
3.809558868408203,3.186173439025879,4.256507396697998
3.810166358947754,3.1865592002868652,4.2572340965271
3.8107683658599854,3.186802864074707,4.258307456970215
3.8107683658599854,3.186802864074707,4.258307456970215
3.8106424808502197,3.1865859031677246,4.25827693939209
3.810589551925659,3.1866559982299805,4.258531093597412
3.8106160163879395,3.1867897510528564,4.258740425109863
3.81101131439209,3.1869218349456787,4.259218215942383
3.81101131439209,3.1869218349456787,4.259218215942383
3.8123204708099365,3.1876587867736816,4.2609076499938965
3.8132662773132324,3.1880643367767334,4.260223388671875
3.814239978790283,3.1884851455688477,4.260153770446777
3.8146603107452393,3.1885645389556885,4.259915828704834
3.8146603107452393,3.1885645389556885,4.259915828704834
3.8150761127471924,3.188626766204834,4.260112762451172
3.815566062927246,3.188750982284546,4.261148452758789
3.816359281539917,3.1891238689422607,4.261297702789307
3.8167386054992676,3.189077854156494,4.261573314666748
3.8167386054992676,3.189077854156494,4.261573314666748
3.817656993865967,3.1893982887268066,4.262238502502441
3.818211793899536,3.1894218921661377,4.263078689575195
3.818753480911255,3.1895782947540283,4.264210224151611
3.8191964626312256,3.1897542476654053,4.265278339385986
3.8191964626312256,3.1897542476654053,4.265278339385986
3.8198163509368896,3.1902472972869873,4.265411376953125
3.820936679840088,3.1911768913269043,4.265893936157227
3.8221704959869385,3.192267656326294,4.265625953674316
3.822596311569214,3.193063497543335,4.2657270431518555
3.822596311569214,3.193063497543335,4.2657270431518555
3.823197603225708,3.193869113922119,4.266040802001953
3.8233654499053955,3.194206714630127,4.265814781188965
3.8234364986419678,3.194337844848633,4.266243934631348
3.823744297027588,3.1946635246276855,4.267087936401367
3.823744297027588,3.1946635246276855,4.267087936401367
3.824453115463257,3.195208787918091,4.267219543457031
3.825535535812378,3.1960532665252686,4.267556667327881
3.8266654014587402,3.196648359298706,4.266461372375488
3.827829122543335,3.19726824760437,4.265959739685059
3.827829122543335,3.19726824760437,4.265959739685059
3.8289482593536377,3.197925090789795,4.26656436920166
3.8295013904571533,3.198012113571167,4.267176151275635
3.830122470855713,3.198181629180908,4.267299652099609
3.830522298812866,3.1983630657196045,4.266635417938232
3.830522298812866,3.1983630657196045,4.266635417938232
3.8314285278320312,3.198939800262451,4.266104698181152
3.8324522972106934,3.1997289657592773,4.266226291656494
3.834245204925537,3.200916051864624,4.2669548988342285
3.8357019424438477,3.20186448097229,4.2666707038879395
3.8357019424438477,3.20186448097229,4.2666707038879395
3.8376526832580566,3.2032718658447266,4.266815662384033
3.8395285606384277,3.2046008110046387,4.266757965087891
3.842151403427124,3.206498146057129,4.266885280609131
3.8452746868133545,3.208993911743164,4.266637802124023
3.8452746868133545,3.208993911743164,4.266637802124023
3.8482115268707275,3.2110719680786133,4.26654052734375
3.8501360416412354,3.2126357555389404,4.266574382781982
3.85122013092041,3.2135653495788574,4.267482280731201
3.8513004779815674,3.2134904861450195,4.26792049407959
3.8513004779815674,3.2134904861450195,4.26792049407959
3.850774049758911,3.2128818035125732,4.269683837890625
3.8506476879119873,3.2119410037994385,4.2696943283081055
3.851454257965088,3.2120096683502197,4.271603107452393
3.852755069732666,3.21232271194458,4.273052215576172
3.852755069732666,3.21232271194458,4.273052215576172
3.853774070739746,3.21252703666687,4.272926330566406
3.8548030853271484,3.2128002643585205,4.27366828918457
3.8553292751312256,3.2129197120666504,4.273667812347412
3.8555989265441895,3.212833881378174,4.274295330047607
3.8555989265441895,3.212833881378174,4.274295330047607
3.8564443588256836,3.2133052349090576,4.275240898132324
3.856771945953369,3.2134487628936768,4.275813579559326
3.8577067852020264,3.214200019836426,4.276467800140381
3.8584508895874023,3.214897871017456,4.2769455909729
3.8584508895874023,3.214897871017456,4.2769455909729
3.859017848968506,3.215353012084961,4.277373790740967
3.8593509197235107,3.2156898975372314,4.278201103210449
3.859164237976074,3.2153894901275635,4.278630256652832
3.859069585800171,3.2153115272521973,4.278923988342285
3.859069585800171,3.2153115272521973,4.278923988342285
3.8593597412109375,3.21555757522583,4.2795939445495605
3.860224485397339,3.2161121368408203,4.28023099899292
3.8607916831970215,3.216308116912842,4.281205177307129
3.861231565475464,3.216526746749878,4.281802177429199
3.861231565475464,3.216526746749878,4.281802177429199
3.8612568378448486,3.216486930847168,4.281818866729736
3.861746311187744,3.216844081878662,4.282553195953369
3.8625926971435547,3.217355489730835,4.283022403717041
3.8634939193725586,3.218179225921631,4.283463954925537
3.8634939193725586,3.218179225921631,4.283463954925537
3.864574909210205,3.2192349433898926,4.283961772918701
3.865709066390991,3.2202041149139404,4.283839702606201
3.8668971061706543,3.2214114665985107,4.283804893493652
3.8672494888305664,3.2218241691589355,4.2841973304748535
3.8672494888305664,3.2218241691589355,4.2841973304748535
3.867473602294922,3.2217798233032227,4.284264087677002
3.8678719997406006,3.222001075744629,4.285243034362793
3.868760347366333,3.2226011753082275,4.28548526763916
3.8702926635742188,3.2236697673797607,4.285769939422607
3.8702926635742188,3.2236697673797607,4.285769939422607
3.872471332550049,3.225485324859619,4.286418914794922
3.874007225036621,3.226520299911499,4.286233901977539
3.875298023223877,3.2273898124694824,4.286051273345947
3.876650094985962,3.2285776138305664,4.284472465515137
3.876650094985962,3.2285776138305664,4.284472465515137
3.877969264984131,3.229609727859497,4.283937931060791
3.8787171840667725,3.230119228363037,4.283717155456543
3.8795905113220215,3.2308225631713867,4.28494930267334
3.8802778720855713,3.231353521347046,4.285092830657959
3.8802778720855713,3.231353521347046,4.285092830657959
3.880969762802124,3.231898546218872,4.285968780517578
3.8818092346191406,3.2322897911071777,4.285562515258789
3.883044719696045,3.2332026958465576,4.2855730056762695
3.8847362995147705,3.2345287799835205,4.285103797912598
3.8847362995147705,3.2345287799835205,4.285103797912598
3.886568307876587,3.235992908477783,4.284558296203613
3.8887438774108887,3.2374110221862793,4.285064220428467
3.891099214553833,3.2385828495025635,4.284682273864746
3.8925294876098633,3.2392983436584473,4.284555435180664
3.8925294876098633,3.2392983436584473,4.284555435180664
3.893428325653076,3.239708185195923,4.2852396965026855
3.8943049907684326,3.240149736404419,4.283901691436768
3.895214319229126,3.240651845932007,4.284060478210449
3.896737813949585,3.241647720336914,4.284149169921875
3.896737813949585,3.241647720336914,4.284149169921875
3.8990960121154785,3.2435522079467773,4.284118175506592
3.9014062881469727,3.245300531387329,4.284180641174316
3.9036924839019775,3.2471354007720947,4.283637523651123
3.904980182647705,3.248033046722412,4.283272743225098
3.904980182647705,3.248033046722412,4.283272743225098
3.906163215637207,3.24896240234375,4.283459663391113
3.9072866439819336,3.250213384628296,4.283588409423828
3.908024787902832,3.250803232192993,4.284099102020264
3.9088008403778076,3.251354217529297,4.285325527191162
3.9088008403778076,3.251354217529297,4.285325527191162
3.9095618724823,3.252016305923462,4.2851762771606445
3.910783529281616,3.2530343532562256,4.285739898681641
3.911670207977295,3.2535717487335205,4.285909652709961
3.9125683307647705,3.2543530464172363,4.285905838012695
3.9125683307647705,3.2543530464172363,4.285905838012695
3.913836717605591,3.2554402351379395,4.286346435546875
3.914659023284912,3.256283760070801,4.2861175537109375
3.9162185192108154,3.257366895675659,4.286538600921631
3.917675018310547,3.2587428092956543,4.286688327789307
3.917675018310547,3.2587428092956543,4.286688327789307
3.917954921722412,3.2590386867523193,4.28635835647583
3.9188079833984375,3.2599267959594727,4.286464214324951
3.919440269470215,3.2604575157165527,4.286844253540039
3.9201369285583496,3.2608048915863037,4.2872748374938965
3.9201369285583496,3.2608048915863037,4.2872748374938965
3.9207684993743896,3.2612104415893555,4.2881269454956055
3.921569585800171,3.2618398666381836,4.287723541259766
3.92303466796875,3.2633285522460938,4.2882184982299805
3.924415111541748,3.2644455432891846,4.2894134521484375
3.924415111541748,3.2644455432891846,4.2894134521484375
3.925859212875366,3.265462875366211,4.289556503295898
3.9270710945129395,3.26645827293396,4.290256023406982
3.927544116973877,3.2667744159698486,4.290264129638672
3.9278602600097656,3.266958475112915,4.290416717529297
3.9278602600097656,3.266958475112915,4.290416717529297
3.928194999694824,3.2672622203826904,4.291014194488525
3.928819179534912,3.267453193664551,4.290849208831787
3.93013596534729,3.2685225009918213,4.291566848754883
3.9313507080078125,3.2693593502044678,4.29194450378418
3.9313507080078125,3.2693593502044678,4.29194450378418
3.9324069023132324,3.2699828147888184,4.2915544509887695
3.934014081954956,3.271453380584717,4.29177713394165
3.9358489513397217,3.2730448246002197,4.291772365570068
3.937171220779419,3.2741901874542236,4.291965007781982
3.937171220779419,3.2741901874542236,4.291965007781982
3.938286066055298,3.2751975059509277,4.292145729064941
3.9388842582702637,3.275754928588867,4.291772365570068
3.93953275680542,3.2764673233032227,4.291694164276123
3.9399330615997314,3.2767813205718994,4.29219388961792
3.9399330615997314,3.2767813205718994,4.29219388961792
3.940065860748291,3.276704788208008,4.292318344116211
3.9408342838287354,3.277304172515869,4.292811393737793
3.941948890686035,3.2781591415405273,4.292775630950928
3.943331718444824,3.2794008255004883,4.2922210693359375
3.943331718444824,3.2794008255004883,4.2922210693359375
3.9446821212768555,3.2805728912353516,4.292327880859375
3.9453933238983154,3.2808780670166016,4.292628288269043
3.946560859680176,3.2812552452087402,4.293325424194336
3.9470603466033936,3.2814085483551025,4.2937846183776855
3.9470603466033936,3.2814085483551025,4.2937846183776855
3.947512149810791,3.2818315029144287,4.293327808380127
3.947749376296997,3.2822306156158447,4.293252468109131
3.9489126205444336,3.2830965518951416,4.293787002563477
3.9503984451293945,3.28412127494812,4.294437408447266
3.9503984451293945,3.28412127494812,4.294437408447266
3.951636552810669,3.2849934101104736,4.295220375061035
3.95251727104187,3.2860379219055176,4.294363021850586
3.9533393383026123,3.2870116233825684,4.294127941131592
3.9544341564178467,3.288038492202759,4.294438362121582
3.9544341564178467,3.288038492202759,4.294438362121582
3.9556760787963867,3.289191484451294,4.294583320617676
3.956883668899536,3.290236711502075,4.295414924621582
3.9575414657592773,3.2909257411956787,4.295877456665039
3.9583070278167725,3.291430950164795,4.295825481414795
3.9583070278167725,3.291430950164795,4.295825481414795
3.9600110054016113,3.292821168899536,4.296839714050293
3.9619147777557373,3.294092893600464,4.296696186065674
3.9635167121887207,3.2950761318206787,4.297240734100342
3.965294122695923,3.29628849029541,4.297737121582031
3.965294122695923,3.29628849029541,4.297737121582031
3.9665725231170654,3.2971956729888916,4.297730922698975
3.9676482677459717,3.2979841232299805,4.297868728637695
3.968325614929199,3.2982943058013916,4.297752857208252
3.9683725833892822,3.298128604888916,4.297392845153809
3.9683725833892822,3.298128604888916,4.297392845153809
3.968977689743042,3.2985260486602783,4.297236919403076
3.970041275024414,3.2994675636291504,4.29722261428833
3.9713611602783203,3.300661325454712,4.29728889465332
3.9723730087280273,3.301509380340576,4.29753303527832
3.9723730087280273,3.301509380340576,4.29753303527832
3.9728381633758545,3.3021528720855713,4.297115802764893
3.973442792892456,3.302610397338867,4.297696113586426
3.973954677581787,3.3027689456939697,4.298191547393799
3.9742746353149414,3.3030447959899902,4.298504829406738
3.9742746353149414,3.3030447959899902,4.298504829406738
3.9753735065460205,3.3039724826812744,4.2992424964904785
3.9760749340057373,3.3047232627868652,4.299487590789795
3.9775564670562744,3.305985450744629,4.299859523773193
3.978823184967041,3.3071341514587402,4.300241470336914
3.978823184967041,3.3071341514587402,4.300241470336914
3.979827642440796,3.3080124855041504,4.299952507019043
3.98111891746521,3.309152841567993,4.300177097320557
3.9829177856445312,3.3106017112731934,4.300772666931152
3.984687089920044,3.3118155002593994,4.300995349884033
3.984687089920044,3.3118155002593994,4.300995349884033
3.9861831665039062,3.312922239303589,4.301525115966797
3.9878718852996826,3.314237594604492,4.301299095153809
3.989175319671631,3.315539836883545,4.3016557693481445
3.9902069568634033,3.316420078277588,4.302391052246094
3.9902069568634033,3.316420078277588,4.302391052246094
3.9904685020446777,3.3166985511779785,4.302842617034912
3.9907805919647217,3.3168840408325195,4.303690433502197
3.9909257888793945,3.3169469833374023,4.303994178771973
3.9910526275634766,3.316925048828125,4.304268836975098
3.9910526275634766,3.316925048828125,4.304268836975098
3.991453170776367,3.317070245742798,4.305552005767822
3.9915719032287598,3.3168835639953613,4.305839538574219
3.99206805229187,3.317096710205078,4.307027816772461
3.992949962615967,3.3177452087402344,4.307950973510742
3.992949962615967,3.3177452087402344,4.307950973510742
3.9943761825561523,3.3189027309417725,4.307789325714111
3.995893955230713,3.3202006816864014,4.308408260345459
3.997110366821289,3.3212225437164307,4.308628082275391
3.9982335567474365,3.322216510772705,4.30888032913208
3.9982335567474365,3.322216510772705,4.30888032913208
3.999197244644165,3.3231215476989746,4.309159278869629
3.999633550643921,3.3238301277160645,4.308981418609619
4.000142574310303,3.324415683746338,4.309235095977783
4.000945568084717,3.3251259326934814,4.31033182144165
4.000945568084717,3.3251259326934814,4.31033182144165
4.001748085021973,3.325540781021118,4.310664653778076
4.002557754516602,3.326056957244873,4.311697483062744
4.003337860107422,3.3266868591308594,4.311672210693359
4.004289150238037,3.327493667602539,4.311628818511963
4.004289150238037,3.327493667602539,4.311628818511963
4.005386829376221,3.3285489082336426,4.312204360961914
4.0063018798828125,3.3293542861938477,4.311242580413818
4.007238864898682,3.3301641941070557,4.311440944671631
4.008174419403076,3.3308773040771484,4.310859203338623
4.008174419403076,3.3308773040771484,4.310859203338623
4.008589744567871,3.3314154148101807,4.309637069702148
4.009121417999268,3.3320815563201904,4.3095550537109375
4.0096869468688965,3.332664966583252,4.309965133666992
4.010406494140625,3.333108901977539,4.310439586639404
4.010406494140625,3.333108901977539,4.310439586639404
4.011448860168457,3.333932876586914,4.3110857009887695
4.012494087219238,3.3348445892333984,4.311005115509033
4.013710975646973,3.3359382152557373,4.311435699462891
4.01472806930542,3.3368301391601562,4.312038421630859
4.01472806930542,3.3368301391601562,4.312038421630859
4.015897750854492,3.3376336097717285,4.312285900115967
4.0167694091796875,3.338252305984497,4.313286304473877
4.0178542137146,3.339118719100952,4.3135457038879395
4.019079208374023,3.3403236865997314,4.31394624710083
4.019079208374023,3.3403236865997314,4.31394624710083
4.020595073699951,3.3418281078338623,4.314479827880859
4.021486759185791,3.3426127433776855,4.31427001953125
4.022299766540527,3.3435935974121094,4.314142227172852
4.02305793762207,3.3445138931274414,4.313912391662598
4.02305793762207,3.3445138931274414,4.313912391662598
4.0239715576171875,3.34548282623291,4.313453197479248
4.024758815765381,3.3463892936706543,4.313986778259277
4.026257038116455,3.3478591442108154,4.314317226409912
4.02745246887207,3.3489437103271484,4.314402103424072
4.02745246887207,3.3489437103271484,4.314402103424072
4.029469013214111,3.350782871246338,4.315066337585449
4.0309739112854,3.3522980213165283,4.315030574798584
4.032176971435547,3.353534698486328,4.315641403198242
4.033356666564941,3.3547682762145996,4.316401481628418
4.033356666564941,3.3547682762145996,4.316401481628418
4.034010887145996,3.3554365634918213,4.315646648406982
4.0346150398254395,3.3561956882476807,4.315726280212402
4.034995079040527,3.356719970703125,4.315057277679443
4.035644054412842,3.3572747707366943,4.3150858879089355
4.036325931549072,3.3576290607452393,4.3161821365356445
4.036325931549072,3.3576290607452393,4.3161821365356445
4.037070274353027,3.35809326171875,4.3152546882629395
4.037893772125244,3.359016180038452,4.31515645980835
4.038330078125,3.3594624996185303,4.315425395965576
4.038330078125,3.3594624996185303,4.315425395965576
4.038598537445068,3.359255313873291,4.315325736999512
4.0390625,3.3594698905944824,4.31619119644165
4.039783477783203,3.3599164485931396,4.316229820251465
4.040063858032227,3.3601438999176025,4.316429138183594
4.040063858032227,3.3601438999176025,4.316429138183594
4.0407867431640625,3.3608007431030273,4.317000865936279
4.041059494018555,3.3610212802886963,4.316649913787842
4.041478157043457,3.3614439964294434,4.3168768882751465
4.0417985916137695,3.3616793155670166,4.317409515380859
4.0417985916137695,3.3616793155670166,4.317409515380859
4.042062282562256,3.362030029296875,4.317641735076904
4.042442321777344,3.36242938041687,4.317836284637451
4.042681694030762,3.362901449203491,4.317587852478027
4.043385982513428,3.3638007640838623,4.317417144775391
4.043385982513428,3.3638007640838623,4.317417144775391
4.044220447540283,3.3647310733795166,4.317846775054932
4.044600009918213,3.36496901512146,4.317994594573975
4.044830799102783,3.364859104156494,4.31862735748291
4.044875621795654,3.3646504878997803,4.319249629974365
4.044875621795654,3.3646504878997803,4.319249629974365
4.0453362464904785,3.364560842514038,4.31943416595459
4.046184062957764,3.3649773597717285,4.320748329162598
4.047562122344971,3.36588191986084,4.321689605712891
4.048650741577148,3.36663556098938,4.322244167327881
4.048650741577148,3.36663556098938,4.322244167327881
4.049203872680664,3.3670756816864014,4.322726249694824
4.049123287200928,3.366886854171753,4.3229193687438965
4.048818588256836,3.366551637649536,4.32326602935791
4.048677921295166,3.3662686347961426,4.3239665031433105
4.048677921295166,3.3662686347961426,4.3239665031433105
4.0489959716796875,3.3665006160736084,4.324405670166016
4.049811363220215,3.3673694133758545,4.324921131134033
4.05072546005249,3.368410348892212,4.32499885559082
4.051335334777832,3.369413375854492,4.325483322143555
4.051335334777832,3.369413375854492,4.325483322143555
4.0519633293151855,3.3701953887939453,4.326194763183594
4.052258014678955,3.3705201148986816,4.326582908630371
4.052692890167236,3.3710222244262695,4.326708793640137
4.053410530090332,3.3719890117645264,4.326475143432617
4.053410530090332,3.3719890117645264,4.326475143432617
4.0541157722473145,3.37296724319458,4.3265299797058105
4.0549116134643555,3.3739688396453857,4.327000141143799
4.055794715881348,3.374847888946533,4.3272576332092285
4.056303024291992,3.3754148483276367,4.327289581298828
4.056303024291992,3.3754148483276367,4.327289581298828
4.056825160980225,3.3760907649993896,4.327878475189209
4.0574164390563965,3.3765547275543213,4.327411651611328
4.057886600494385,3.3770666122436523,4.32733154296875
4.058377265930176,3.377578020095825,4.327510356903076
4.058377265930176,3.377578020095825,4.327510356903076
4.058715343475342,3.3781509399414062,4.327272891998291
4.058925151824951,3.378345489501953,4.327568531036377
4.059298038482666,3.3786847591400146,4.327194690704346
4.05938196182251,3.378797769546509,4.327106952667236
4.05938196182251,3.378797769546509,4.327106952667236
4.059567928314209,3.37892746925354,4.3272318840026855
4.060115337371826,3.379246234893799,4.326630592346191
4.060606479644775,3.3797318935394287,4.32663631439209
4.060837268829346,3.379873514175415,4.32679557800293
4.060837268829346,3.379873514175415,4.32679557800293
4.060891151428223,3.3797357082366943,4.326851844787598
4.060952663421631,3.3795642852783203,4.327383518218994
4.060906410217285,3.379464626312256,4.327691555023193
4.0613932609558105,3.3795995712280273,4.328012466430664
4.0613932609558105,3.3795995712280273,4.328012466430664
4.062294960021973,3.3798668384552,4.329705715179443
4.063107013702393,3.3801512718200684,4.329723834991455
4.064204216003418,3.3807437419891357,4.330390930175781
4.064703941345215,3.3809444904327393,4.330695629119873
4.064703941345215,3.3809444904327393,4.330695629119873
4.06496524810791,3.3811235427856445,4.330389022827148
4.065268516540527,3.3812811374664307,4.330636501312256
4.065213680267334,3.3810484409332275,4.330866813659668
4.065288066864014,3.380962610244751,4.330896854400635
4.065288066864014,3.380962610244751,4.330896854400635
4.065786838531494,3.3813397884368896,4.33152961730957
4.066191673278809,3.381835699081421,4.331907749176025
4.066911697387695,3.382397413253784,4.3326311111450195
4.067368030548096,3.38278865814209,4.333136081695557
4.067368030548096,3.38278865814209,4.333136081695557
4.068113803863525,3.3835275173187256,4.333276271820068
4.06886100769043,3.3842599391937256,4.333711624145508
4.069736003875732,3.385244369506836,4.334170341491699
4.0706281661987305,3.3860297203063965,4.334548473358154
4.0706281661987305,3.3860297203063965,4.334548473358154
4.072141170501709,3.3875293731689453,4.334775447845459
4.073519706726074,3.3889214992523193,4.334871768951416
4.07473611831665,3.390136241912842,4.335301876068115
4.075571060180664,3.3909568786621094,4.335868835449219
4.075571060180664,3.3909568786621094,4.335868835449219
4.076261520385742,3.391662120819092,4.3359551429748535
4.076995372772217,3.3923540115356445,4.336530685424805
4.077446460723877,3.3928003311157227,4.337027072906494
4.077818870544434,3.3930416107177734,4.337517738342285
4.077818870544434,3.3930416107177734,4.337517738342285
4.078915596008301,3.3938724994659424,4.338527202606201
4.080345630645752,3.394968271255493,4.339136123657227
4.08210563659668,3.3965022563934326,4.34003210067749
4.083106994628906,3.3974697589874268,4.340625286102295
4.083106994628906,3.3974697589874268,4.340625286102295
4.08403205871582,3.3981003761291504,4.340484619140625
4.084649562835693,3.398561477661133,4.341055393218994
4.085160732269287,3.3986122608184814,4.34117317199707
4.085487365722656,3.398493766784668,4.340954303741455
4.085487365722656,3.398493766784668,4.340954303741455
4.085973739624023,3.398736000061035,4.34138822555542
4.08667516708374,3.3992059230804443,4.341340065002441
4.087326526641846,3.399646759033203,4.341779708862305
4.0882887840271,3.4004859924316406,4.342351913452148
4.0882887840271,3.4004859924316406,4.342351913452148
4.088993549346924,3.400771379470825,4.342226505279541
4.089639663696289,3.40126633644104,4.342831611633301
4.09070348739624,3.402393102645874,4.342549800872803
4.091479778289795,3.4034392833709717,4.342497825622559
4.091479778289795,3.4034392833709717,4.342497825622559
4.092254638671875,3.404360294342041,4.34303617477417
4.0926618576049805,3.4048192501068115,4.343160629272461
4.0929436683654785,3.4050660133361816,4.343657970428467
4.093285083770752,3.4053075313568115,4.344204425811768
4.093285083770752,3.4053075313568115,4.344204425811768
4.094837188720703,3.407087564468384,4.344336032867432
4.09657621383667,3.4090189933776855,4.345254421234131
4.098362445831299,3.4110660552978516,4.345341205596924
4.099532604217529,3.4122023582458496,4.345227241516113
4.099532604217529,3.4122023582458496,4.345227241516113
4.100376605987549,3.4131836891174316,4.345291614532471
4.101029872894287,3.4136366844177246,4.345091342926025
4.101579666137695,3.4139347076416016,4.344981670379639
4.102412700653076,3.4144446849823,4.345276355743408
4.102412700653076,3.4144446849823,4.345276355743408
4.103725910186768,3.415432929992676,4.344709873199463
4.105694770812988,3.417257308959961,4.345426559448242
4.107721328735352,3.4189000129699707,4.345881462097168
4.109428882598877,3.4202218055725098,4.3460588455200195
4.109428882598877,3.4202218055725098,4.3460588455200195
4.110411167144775,3.420656681060791,4.346855163574219
4.110904216766357,3.420478105545044,4.3468017578125
4.111147403717041,3.4200356006622314,4.347479820251465
4.110694408416748,3.418851852416992,4.3482747077941895
4.110694408416748,3.418851852416992,4.3482747077941895
4.11031436920166,3.4175660610198975,4.347896575927734
4.110344886779785,3.416943073272705,4.3479814529418945
4.110316276550293,3.4165782928466797,4.347482204437256
4.110547065734863,3.416559934616089,4.347156047821045
4.110547065734863,3.416559934616089,4.347156047821045
4.1110758781433105,3.416814088821411,4.347006320953369
4.111320972442627,3.4168946743011475,4.346500873565674
4.1118340492248535,3.417022466659546,4.346714973449707
4.112852573394775,3.4176504611968994,4.347182750701904
4.112852573394775,3.4176504611968994,4.347182750701904
4.114023208618164,3.4191880226135254,4.346548557281494
4.116199016571045,3.421617269515991,4.346473693847656
4.117696762084961,3.423565626144409,4.346331596374512
4.119218349456787,3.42526912689209,4.346436977386475
4.119218349456787,3.42526912689209,4.346436977386475
4.1198506355285645,3.4258878231048584,4.346632957458496
4.120140075683594,3.426264524459839,4.346695899963379
4.120559215545654,3.4265365600585938,4.346610069274902
4.121528625488281,3.4275827407836914,4.346721649169922
4.121528625488281,3.4275827407836914,4.346721649169922
4.122751712799072,3.4289350509643555,4.346538066864014
4.123631477355957,3.4298746585845947,4.346933364868164
4.123942852020264,3.4302780628204346,4.347161769866943
4.124166488647461,3.430466651916504,4.34718656539917
4.124166488647461,3.430466651916504,4.34718656539917
4.1243181228637695,3.4308319091796875,4.347613334655762
4.124905109405518,3.431143283843994,4.34749698638916
4.12606954574585,3.4322807788848877,4.348100185394287
4.127413272857666,3.4337074756622314,4.349183559417725
4.127413272857666,3.4337074756622314,4.349183559417725
4.128187656402588,3.4342939853668213,4.350281238555908
4.128498554229736,3.4342422485351562,4.351768493652344
4.128505229949951,3.4337844848632812,4.352391242980957
4.128653049468994,3.4338319301605225,4.3529438972473145
4.128653049468994,3.4338319301605225,4.3529438972473145
4.12908935546875,3.4343254566192627,4.353350639343262
4.129871368408203,3.43513560295105,4.353989124298096
4.130524158477783,3.435617446899414,4.354667663574219
4.1309099197387695,3.435765027999878,4.355223178863525
4.1309099197387695,3.435765027999878,4.355223178863525
4.131263256072998,3.4361376762390137,4.355972766876221
4.131832122802734,3.4366729259490967,4.356601238250732
4.133200645446777,3.4377434253692627,4.357083320617676
4.134368896484375,3.4383506774902344,4.3576436042785645
4.134368896484375,3.4383506774902344,4.3576436042785645
4.1356353759765625,3.4389541149139404,4.358706474304199
4.136749744415283,3.439607620239258,4.358957290649414
4.1380109786987305,3.440260887145996,4.359403610229492
4.139153957366943,3.4406650066375732,4.359292984008789
4.139153957366943,3.4406650066375732,4.359292984008789
4.139749050140381,3.4407413005828857,4.35796594619751
4.140362739562988,3.442028760910034,4.355679035186768
4.140597343444824,3.4426827430725098,4.355393409729004
4.140465259552002,3.442476749420166,4.355949401855469
4.140465259552002,3.442476749420166,4.355949401855469
4.140519142150879,3.4419748783111572,4.357771396636963
4.141258716583252,3.441922426223755,4.357857704162598
4.141651630401611,3.4421136379241943,4.358084201812744
4.142463684082031,3.4428513050079346,4.357834339141846
4.142463684082031,3.4428513050079346,4.357834339141846
4.142602443695068,3.44270658493042,4.357843399047852
4.142899990081787,3.4427645206451416,4.358158588409424
4.143496036529541,3.4432260990142822,4.3579559326171875
4.144083499908447,3.4437646865844727,4.358211994171143
4.144083499908447,3.4437646865844727,4.358211994171143
4.1453022956848145,3.4448752403259277,4.359065532684326
4.146658897399902,3.446103572845459,4.358914852142334
4.1480207443237305,3.44736909866333,4.359116077423096
4.148745536804199,3.448040008544922,4.359603404998779
4.148745536804199,3.448040008544922,4.359603404998779
4.149562358856201,3.447742462158203,4.359824180603027
4.149632930755615,3.4466824531555176,4.36053991317749
4.149631023406982,3.4458212852478027,4.360467910766602
4.151211738586426,3.4461538791656494,4.360318660736084
4.151211738586426,3.4461538791656494,4.360318660736084
4.152228355407715,3.446410894393921,4.3602728843688965
4.152927398681641,3.446411609649658,4.359874725341797
4.153535842895508,3.4468955993652344,4.359603404998779
4.154061317443848,3.4472105503082275,4.359091758728027
4.154061317443848,3.4472105503082275,4.359091758728027
4.1548752784729,3.4477663040161133,4.358547210693359
4.155683994293213,3.4486043453216553,4.358392238616943
4.156249046325684,3.4490578174591064,4.358870983123779
4.156554222106934,3.449115514755249,4.359010219573975
4.156554222106934,3.449115514755249,4.359010219573975
4.156839847564697,3.4489283561706543,4.359243869781494
4.158270835876465,3.449897050857544,4.357358455657959
4.1589508056640625,3.4493465423583984,4.357815742492676
4.159282207489014,3.447211980819702,4.36003303527832
4.159282207489014,3.447211980819702,4.36003303527832
4.159943103790283,3.4463040828704834,4.3600311279296875
4.160976409912109,3.446720600128174,4.361008644104004
4.162513732910156,3.4483296871185303,4.360215187072754
4.163264274597168,3.448946952819824,4.360239028930664
4.163264274597168,3.448946952819824,4.360239028930664
4.163203239440918,3.447983741760254,4.361068248748779
4.162623882293701,3.4467833042144775,4.361506938934326
4.162360191345215,3.4458816051483154,4.361987113952637
4.162265300750732,3.4452147483825684,4.361676216125488
4.162265300750732,3.4452147483825684,4.361676216125488
4.162869453430176,3.445514678955078,4.361464500427246
4.163276672363281,3.4455816745758057,4.3615922927856445
4.163651466369629,3.4456446170806885,4.361668109893799
4.164021968841553,3.445885419845581,4.361013412475586
4.164021968841553,3.445885419845581,4.361013412475586
4.164600849151611,3.446408748626709,4.360195159912109
4.165005207061768,3.4468204975128174,4.360309600830078
4.165510654449463,3.447187662124634,4.360309600830078
4.165637493133545,3.446972370147705,4.3607988357543945
4.165637493133545,3.446972370147705,4.3607988357543945
4.165950298309326,3.446960926055908,4.360287666320801
4.166647434234619,3.4476318359375,4.360259056091309
4.167709827423096,3.4485280513763428,4.360664367675781
4.169022560119629,3.449711799621582,4.36154317855835
4.169022560119629,3.449711799621582,4.36154317855835
4.1704816818237305,3.4508800506591797,4.3623576164245605
4.171756267547607,3.45135760307312,4.361682415008545
4.1726765632629395,3.4518158435821533,4.361226558685303
4.17411470413208,3.4531970024108887,4.3607563972473145
4.17411470413208,3.4531970024108887,4.3607563972473145
4.175434589385986,3.4545679092407227,4.360954284667969
4.176318645477295,3.4550018310546875,4.36117696762085
4.176794528961182,3.4549922943115234,4.361536026000977
4.177061080932617,3.4549150466918945,4.3618292808532715
4.177061080932617,3.4549150466918945,4.3618292808532715
4.177636623382568,3.455031394958496,4.362215518951416
4.17819356918335,3.4551703929901123,4.36338996887207
4.178718566894531,3.454983949661255,4.363796234130859
4.179232597351074,3.4549334049224854,4.3641438484191895
4.179232597351074,3.4549334049224854,4.3641438484191895
4.180048942565918,3.454885959625244,4.3648786544799805
4.181092739105225,3.454641342163086,4.366095066070557
4.182424068450928,3.4546892642974854,4.366730213165283
4.184058666229248,3.4551503658294678,4.367506504058838
4.184058666229248,3.4551503658294678,4.367506504058838
4.186657905578613,3.456939458847046,4.368295192718506
4.188544750213623,3.458193778991699,4.368758201599121
4.19017219543457,3.4591774940490723,4.369327068328857
4.191444396972656,3.460205078125,4.3698320388793945
4.191444396972656,3.460205078125,4.3698320388793945
4.192553997039795,3.4609920978546143,4.369702339172363
4.1937665939331055,3.462090253829956,4.369555950164795
4.195085525512695,3.463528871536255,4.369821071624756
4.19603967666626,3.4645190238952637,4.370319366455078
4.19603967666626,3.4645190238952637,4.370319366455078
4.196634292602539,3.465033531188965,4.370761394500732
4.19696044921875,3.464963912963867,4.37126350402832
4.197216510772705,3.464977741241455,4.371727466583252
4.198008060455322,3.4655561447143555,4.372520923614502
4.198008060455322,3.4655561447143555,4.372520923614502
4.198340892791748,3.4660396575927734,4.373208999633789
4.198795795440674,3.466392755508423,4.374325752258301
4.198869705200195,3.4658143520355225,4.375309944152832
4.199314117431641,3.4657094478607178,4.376195907592773
4.199314117431641,3.4657094478607178,4.376195907592773
4.200845241546631,3.4664058685302734,4.377399444580078
4.202444553375244,3.4673831462860107,4.378162860870361
4.204214096069336,3.468672752380371,4.3792524337768555
4.205812931060791,3.4698147773742676,4.379433631896973
4.205812931060791,3.4698147773742676,4.379433631896973
4.206167697906494,3.470520496368408,4.380396366119385
4.206411361694336,3.470945119857788,4.380957126617432
4.206185817718506,3.4708099365234375,4.381319999694824
4.206076145172119,3.470423936843872,4.380908489227295
4.206076145172119,3.470423936843872,4.380908489227295
4.2061238288879395,3.4703621864318848,4.381102561950684
4.2067179679870605,3.4704442024230957,4.381415367126465
4.207831382751465,3.47124981880188,4.381901264190674
4.208928108215332,3.4718878269195557,4.382297992706299
4.208928108215332,3.4718878269195557,4.382297992706299
4.209502696990967,3.4716756343841553,4.382285118103027
4.21058988571167,3.4724068641662598,4.382546424865723
4.211952209472656,3.473440647125244,4.382324695587158
4.2127685546875,3.474107027053833,4.381962776184082
4.2127685546875,3.474107027053833,4.381962776184082
4.21350622177124,3.474405288696289,4.381695747375488
4.214230537414551,3.474153518676758,4.38087797164917
4.214882850646973,3.4741249084472656,4.3811445236206055
4.215538024902344,3.4741833209991455,4.3816633224487305
4.215538024902344,3.4741833209991455,4.3816633224487305
4.216549396514893,3.4750702381134033,4.382131576538086
4.217344284057617,3.475360631942749,4.3829216957092285
4.217674732208252,3.474783420562744,4.383117198944092
4.218168258666992,3.474432945251465,4.383790493011475
4.218168258666992,3.474432945251465,4.383790493011475
4.219110012054443,3.474564790725708,4.385011672973633
4.220473766326904,3.4752285480499268,4.3848724365234375
4.2215776443481445,3.4760489463806152,4.384770393371582
4.222839832305908,3.477165460586548,4.384458541870117
4.222839832305908,3.477165460586548,4.384458541870117
4.223556995391846,3.477823495864868,4.384570121765137
4.224512100219727,3.4785213470458984,4.384675025939941
4.224977970123291,3.4789304733276367,4.385013580322266
4.225197792053223,3.4791014194488525,4.385482311248779
4.225197792053223,3.4791014194488525,4.385482311248779
4.225918769836426,3.480121612548828,4.385879993438721
4.2267374992370605,3.4810056686401367,4.385344505310059
4.227722644805908,3.4816734790802,4.385612964630127
4.228652477264404,3.481839179992676,4.386439800262451
4.228652477264404,3.481839179992676,4.386439800262451
4.228919982910156,3.481701135635376,4.38704252243042
4.229797840118408,3.4823060035705566,4.3869194984436035
4.230533599853516,3.4829366207122803,4.387466907501221
4.231631755828857,3.4837255477905273,4.388296127319336
4.231631755828857,3.4837255477905273,4.388296127319336
4.231893062591553,3.483978033065796,4.388774871826172
4.232138633728027,3.483917474746704,4.389060020446777
4.23287296295166,3.48408579826355,4.3900041580200195
4.233619213104248,3.4842028617858887,4.390817642211914
4.233619213104248,3.4842028617858887,4.390817642211914
4.234449863433838,3.4841110706329346,4.391630172729492
4.235443592071533,3.4846513271331787,4.392385482788086
4.236428737640381,3.4856677055358887,4.393009662628174
4.237621307373047,3.4875295162200928,4.393372535705566
4.237621307373047,3.4875295162200928,4.393372535705566
4.238103866577148,3.488325834274292,4.393815040588379
4.23883056640625,3.4886062145233154,4.393754959106445
4.238961219787598,3.4883830547332764,4.393736362457275
4.239653587341309,3.489173412322998,4.39335298538208
4.239653587341309,3.489173412322998,4.39335298538208
4.240711688995361,3.4904000759124756,4.3932294845581055
4.242055416107178,3.491260528564453,4.393782615661621
4.243220329284668,3.4912877082824707,4.394554138183594
4.243927955627441,3.4908530712127686,4.395429611206055
4.243927955627441,3.4908530712127686,4.395429611206055
4.245047092437744,3.491215705871582,4.396702289581299
4.245972633361816,3.4916369915008545,4.397061824798584
4.247190475463867,3.492565155029297,4.397101402282715
4.248497009277344,3.4941246509552,4.3971333503723145
4.248497009277344,3.4941246509552,4.3971333503723145
4.2498674392700195,3.495696783065796,4.397511959075928
4.250766754150391,3.4965670108795166,4.397646903991699
4.251034736633301,3.4959168434143066,4.3976969718933105
4.250851631164551,3.494739294052124,4.397597312927246
4.250851631164551,3.494739294052124,4.397597312927246
4.25103759765625,3.4943740367889404,4.397574424743652
4.2512664794921875,3.494220018386841,4.398510932922363
4.251498222351074,3.494654417037964,4.398635387420654
4.251805305480957,3.495349407196045,4.398144245147705
4.251805305480957,3.495349407196045,4.398144245147705
4.252305507659912,3.4960150718688965,4.3982343673706055
4.252956867218018,3.4963886737823486,4.398292541503906
4.252601146697998,3.4946465492248535,4.399770259857178
4.253152847290039,3.4934589862823486,4.400205612182617
4.253152847290039,3.4934589862823486,4.400205612182617
4.254299163818359,3.492981433868408,4.401304244995117
4.25576639175415,3.4930388927459717,4.401654243469238
4.257174015045166,3.4936230182647705,4.402064323425293
4.257818222045898,3.4937756061553955,4.40198278427124
4.257818222045898,3.4937756061553955,4.40198278427124
4.258285999298096,3.4938724040985107,4.402029514312744
4.25879430770874,3.4942915439605713,4.402268409729004
4.260191917419434,3.4959616661071777,4.401969909667969
4.261349201202393,3.497074604034424,4.4020094871521
4.261349201202393,3.497074604034424,4.4020094871521
4.2621846199035645,3.497682571411133,4.4026079177856445
4.262882232666016,3.49792742729187,4.402480125427246
4.263635158538818,3.498018264770508,4.402839660644531
4.264321804046631,3.4982850551605225,4.403250694274902
4.264321804046631,3.4982850551605225,4.403250694274902
4.264791965484619,3.4988088607788086,4.403348445892334
4.2654314041137695,3.499506711959839,4.403447151184082
4.26633358001709,3.500425338745117,4.403202056884766
4.266136646270752,3.4998815059661865,4.40378999710083
4.266136646270752,3.4998815059661865,4.40378999710083
4.266406059265137,3.5002198219299316,4.404113292694092
4.266730308532715,3.5010147094726562,4.403904914855957
4.267372131347656,3.502370595932007,4.403747081756592
4.268366813659668,3.5036187171936035,4.403857707977295
4.268366813659668,3.5036187171936035,4.403857707977295
4.269681453704834,3.504617929458618,4.403962135314941
4.2711405754089355,3.5047922134399414,4.404542446136475
4.272160053253174,3.503655433654785,4.405206203460693
4.273393630981445,3.5027670860290527,4.405942440032959
4.273393630981445,3.5027670860290527,4.405942440032959
4.275078773498535,3.5023064613342285,4.406582355499268
4.277467727661133,3.5023868083953857,4.4077324867248535
4.279107093811035,3.5022175312042236,4.408926486968994
4.2800374031066895,3.5021374225616455,4.409844875335693
4.2800374031066895,3.5021374225616455,4.409844875335693
4.281635761260986,3.5027832984924316,4.409638404846191
4.282876491546631,3.503610849380493,4.409706115722656
4.284404754638672,3.504945755004883,4.410266876220703
4.285405158996582,3.5052833557128906,4.410247802734375
4.285405158996582,3.5052833557128906,4.410247802734375
4.286037445068359,3.5050089359283447,4.410958290100098
4.28685188293457,3.504446268081665,4.411099910736084
4.288096904754639,3.5045831203460693,4.411458492279053
4.289148807525635,3.504812479019165,4.412530899047852
4.289148807525635,3.504812479019165,4.412530899047852
4.289955139160156,3.504770278930664,4.4127068519592285
4.291471481323242,3.505289077758789,4.413015842437744
4.292579650878906,3.505405902862549,4.413241386413574
4.293713092803955,3.505474328994751,4.413782119750977
4.293713092803955,3.505474328994751,4.413782119750977
4.295411586761475,3.505802869796753,4.414514541625977
4.297117710113525,3.506106376647949,4.414766311645508
4.298811912536621,3.506268262863159,4.415363311767578
4.2998199462890625,3.5056254863739014,4.416208267211914
4.2998199462890625,3.5056254863739014,4.416208267211914
4.300831317901611,3.505338668823242,4.416380405426025
4.301748752593994,3.5051701068878174,4.41708517074585
4.303276538848877,3.5054659843444824,4.417783737182617
4.304169654846191,3.505402088165283,4.4183502197265625
4.304169654846191,3.505402088165283,4.4183502197265625
4.305172920227051,3.505336046218872,4.418725967407227
4.305972576141357,3.5048155784606934,4.419628620147705
4.307096004486084,3.5046331882476807,4.420531272888184
4.307995319366455,3.504607677459717,4.421559810638428
4.307995319366455,3.504607677459717,4.421559810638428
4.308955669403076,3.5049400329589844,4.42160177230835
4.310078144073486,3.5056591033935547,4.421788215637207
4.311086654663086,3.506486415863037,4.422260284423828
4.312338829040527,3.507312774658203,4.42254638671875
4.312338829040527,3.507312774658203,4.42254638671875
4.313295364379883,3.5074071884155273,4.423147201538086
4.314128875732422,3.506998300552368,4.4234747886657715
4.315390110015869,3.506805419921875,4.423687934875488
4.316891193389893,3.506990671157837,4.424008846282959
4.316891193389893,3.506990671157837,4.424008846282959
4.318103790283203,3.506711959838867,4.424232482910156
4.319180011749268,3.5062508583068848,4.424846649169922
4.320506572723389,3.5062968730926514,4.425312519073486
4.3222150802612305,3.5070528984069824,4.425285339355469
4.3222150802612305,3.5070528984069824,4.425285339355469
4.323976039886475,3.507843255996704,4.425018310546875
4.325056076049805,3.5078794956207275,4.4252848625183105
4.326826095581055,3.507904529571533,4.426032066345215
4.327966690063477,3.507388114929199,4.427630424499512
4.327966690063477,3.507388114929199,4.427630424499512
4.329429626464844,3.5077364444732666,4.428289890289307
4.331796169281006,3.5091896057128906,4.428367614746094
4.333441734313965,3.5100183486938477,4.428669452667236
4.335171222686768,3.5111846923828125,4.428764820098877
4.335171222686768,3.5111846923828125,4.428764820098877
4.337334156036377,3.5126495361328125,4.428962707519531
4.3391337394714355,3.5133888721466064,4.429365634918213
4.340755462646484,3.513498544692993,4.429620742797852
4.342248916625977,3.5131847858428955,4.429690361022949
4.342248916625977,3.5131847858428955,4.429690361022949
4.3437299728393555,3.5128931999206543,4.430125713348389
4.345058917999268,3.5126376152038574,4.43113899230957
4.346052169799805,3.5122931003570557,4.431888103485107
4.346589088439941,3.512104034423828,4.432053089141846
4.346589088439941,3.512104034423828,4.432053089141846
4.347347259521484,3.512765884399414,4.4320244789123535
4.348010540008545,3.5136356353759766,4.4318389892578125
4.349030494689941,3.5151185989379883,4.432132720947266
4.349777698516846,3.515568256378174,4.432776927947998
4.349777698516846,3.515568256378174,4.432776927947998
4.350393295288086,3.5152785778045654,4.432269096374512
4.351137161254883,3.5154240131378174,4.432332515716553
4.3526291847229,3.5167338848114014,4.433125019073486
4.353801727294922,3.5178589820861816,4.43361234664917
4.353801727294922,3.5178589820861816,4.43361234664917
4.355212211608887,3.5187981128692627,4.433629512786865
4.3561530113220215,3.5190768241882324,4.433927059173584
4.35716438293457,3.518819570541382,4.434209823608398
4.358726978302002,3.518852472305298,4.434413909912109
4.360856056213379,3.5189566612243652,4.435026168823242
4.360856056213379,3.5189566612243652,4.435026168823242
4.362723350524902,3.518440008163452,4.4363837242126465
4.364203929901123,3.51745343208313,4.437623977661133
4.365789413452148,3.516603946685791,4.437460899353027
4.365789413452148,3.516603946685791,4.437460899353027
4.367081165313721,3.516075611114502,4.437431812286377
4.368175029754639,3.5162675380706787,4.437776565551758
4.369943141937256,3.517441749572754,4.438013553619385
4.3713884353637695,3.51857590675354,4.438842296600342
4.3713884353637695,3.51857590675354,4.438842296600342
4.372901439666748,3.51959228515625,4.438807487487793
4.373665809631348,3.519658088684082,4.438741683959961
4.374098300933838,3.519484281539917,4.439116954803467
4.375194072723389,3.5199790000915527,4.439117431640625
4.375194072723389,3.5199790000915527,4.439117431640625
4.376455783843994,3.5208098888397217,4.4394707679748535
4.376955032348633,3.5211987495422363,4.439812183380127
4.37743616104126,3.521091938018799,4.439753532409668
4.378290176391602,3.5210578441619873,4.439866542816162
4.378290176391602,3.5210578441619873,4.439866542816162
4.379199504852295,3.5211751461029053,4.440585613250732
4.380212306976318,3.5214381217956543,4.441927909851074
4.380925178527832,3.5215370655059814,4.44253396987915
4.381223678588867,3.521373987197876,4.44258451461792
4.381223678588867,3.521373987197876,4.44258451461792
4.381333827972412,3.5213022232055664,4.442901134490967
4.381448745727539,3.5211305618286133,4.442601680755615
4.382572174072266,3.521587610244751,4.443065643310547
4.384099960327148,3.5223183631896973,4.443384647369385
4.384099960327148,3.5223183631896973,4.443384647369385
4.387101650238037,3.524341106414795,4.442870616912842
4.389597415924072,3.525515556335449,4.442852020263672
4.391487121582031,3.525425910949707,4.443325996398926
4.392626762390137,3.5240302085876465,4.444179534912109
4.392626762390137,3.5240302085876465,4.444179534912109
4.393036365509033,3.5231564044952393,4.444958686828613
4.39445686340332,3.524078130722046,4.443977355957031
4.394713878631592,3.5246665477752686,4.443514347076416
4.394369602203369,3.5252416133880615,4.443083763122559
4.394369602203369,3.5252416133880615,4.443083763122559
4.393684387207031,3.5251305103302,4.44236421585083
4.393639087677002,3.5260391235351562,4.441662788391113
4.393453598022461,3.5264012813568115,4.441143035888672
4.393380165100098,3.5265893936157227,4.440893650054932
4.393380165100098,3.5265893936157227,4.440893650054932
4.394660472869873,3.527174949645996,4.440616607666016
4.395530700683594,3.526850461959839,4.4411773681640625
4.396882057189941,3.525880813598633,4.442445755004883
4.398614883422852,3.5253968238830566,4.443943977355957
4.398614883422852,3.5253968238830566,4.443943977355957
4.400121212005615,3.5253334045410156,4.4444169998168945
4.402144908905029,3.525820016860962,4.445399761199951
4.403964996337891,3.5268540382385254,4.445868968963623
4.4058332443237305,3.527876615524292,4.446463584899902
4.4058332443237305,3.527876615524292,4.446463584899902
4.407782077789307,3.5287530422210693,4.447309494018555
4.410025596618652,3.5295355319976807,4.447782516479492
4.41234827041626,3.5304689407348633,4.448686599731445
4.414010047912598,3.5305230617523193,4.4501214027404785
4.414010047912598,3.5305230617523193,4.4501214027404785
4.415951728820801,3.530766487121582,4.451056480407715
4.4177937507629395,3.5311665534973145,4.451871871948242
4.4190826416015625,3.531682252883911,4.451798915863037
4.420261383056641,3.532515287399292,4.451554298400879
4.420261383056641,3.532515287399292,4.451554298400879
4.422216415405273,3.5339889526367188,4.45121431350708
4.423307418823242,3.533973455429077,4.452215671539307
4.42399263381958,3.533097982406616,4.453322410583496
4.425011157989502,3.5327231884002686,4.453737258911133
4.425011157989502,3.5327231884002686,4.453737258911133
4.4258646965026855,3.5326693058013916,4.454616546630859
4.42736291885376,3.5336568355560303,4.45499849319458
4.4288835525512695,3.5349371433258057,4.455996036529541
4.4296979904174805,3.5351192951202393,4.456730365753174
4.4296979904174805,3.5351192951202393,4.456730365753174
4.430323123931885,3.5349552631378174,4.457646369934082
4.4312310218811035,3.534769296646118,4.457761287689209
4.432617664337158,3.535092353820801,4.458303928375244
4.433417797088623,3.534982204437256,4.45928955078125
4.433417797088623,3.534982204437256,4.45928955078125
4.433701038360596,3.534428834915161,4.459789276123047
4.434292793273926,3.5338516235351562,4.460111618041992
4.435309410095215,3.53409481048584,4.4600701332092285
4.436405181884766,3.534931182861328,4.460785865783691
4.436405181884766,3.534931182861328,4.460785865783691
4.437652587890625,3.5358664989471436,4.461255073547363
4.438778877258301,3.5364060401916504,4.461002826690674
4.4394426345825195,3.5366480350494385,4.4612531661987305
4.439939975738525,3.53700590133667,4.461659908294678
4.439939975738525,3.53700590133667,4.461659908294678
4.4403862953186035,3.537792682647705,4.461720943450928
4.4407219886779785,3.5383079051971436,4.461737155914307
4.440639495849609,3.5383963584899902,4.462040901184082
4.44079065322876,3.538222312927246,4.461813926696777
4.44079065322876,3.538222312927246,4.461813926696777
4.441052436828613,3.538071870803833,4.461953163146973
4.441768169403076,3.5381691455841064,4.462255954742432
4.44300651550293,3.5380022525787354,4.463212013244629
4.443869113922119,3.5371668338775635,4.464142322540283
4.443869113922119,3.5371668338775635,4.464142322540283
4.444802761077881,3.536219596862793,4.464502334594727
4.445545196533203,3.535132884979248,4.465338230133057
4.446527004241943,3.5348947048187256,4.4655070304870605
4.4479827880859375,3.5355093479156494,4.465623378753662
4.4479827880859375,3.5355093479156494,4.465623378753662
4.449275970458984,3.5367918014526367,4.465689659118652
4.449748992919922,3.5374011993408203,4.465898036956787
4.450497627258301,3.5382659435272217,4.465470314025879
4.450497627258301,3.5382659435272217,4.465470314025879
4.4518561363220215,3.53948712348938,4.464985370635986
4.452883243560791,3.5401012897491455,4.4654436111450195
4.453636646270752,3.5404000282287598,4.4658050537109375
4.4546732902526855,3.5408549308776855,4.46635627746582
4.4546732902526855,3.5408549308776855,4.46635627746582
4.455982208251953,3.541325807571411,4.46644401550293
4.457756042480469,3.541750431060791,4.466732025146484
4.459221363067627,3.5416321754455566,4.4672532081604
4.460089683532715,3.541069269180298,4.468217849731445
4.460089683532715,3.541069269180298,4.468217849731445
4.461021900177002,3.540637731552124,4.469250679016113
4.462191581726074,3.541010856628418,4.468921184539795
4.463404178619385,3.5418436527252197,4.46916389465332
4.464224338531494,3.542330026626587,4.469826698303223
4.464224338531494,3.542330026626587,4.469826698303223
4.464375019073486,3.541991710662842,4.470222473144531
4.46420431137085,3.5409512519836426,4.4704999923706055
4.4644317626953125,3.540207624435425,4.470912933349609
4.465262413024902,3.5398452281951904,4.470997333526611
4.465262413024902,3.5398452281951904,4.470997333526611
4.466201305389404,3.5398261547088623,4.471301555633545
4.467210292816162,3.540253162384033,4.471080303192139
4.4680891036987305,3.5401086807250977,4.471698760986328
4.468606472015381,3.539639949798584,4.472103118896484
4.468606472015381,3.539639949798584,4.472103118896484
4.469679355621338,3.53997802734375,4.471502304077148
4.470567226409912,3.540776252746582,4.471184253692627
4.470490455627441,3.5414912700653076,4.471085548400879
4.470389366149902,3.542614698410034,4.470615863800049
4.470389366149902,3.542614698410034,4.470615863800049
4.470590591430664,3.5442447662353516,4.469935894012451
4.470343112945557,3.5445287227630615,4.469839572906494
4.470636367797852,3.544107437133789,4.469874858856201
4.470636367797852,3.544107437133789,4.469874858856201
4.471951961517334,3.543705701828003,4.470998287200928
4.473291873931885,3.5430750846862793,4.4713544845581055
4.475025177001953,3.5424811840057373,4.472240447998047
4.477120876312256,3.5419106483459473,4.472659111022949
4.479277610778809,3.5412473678588867,4.473074913024902
4.479277610778809,3.5412473678588867,4.473074913024902
4.4812164306640625,3.5408620834350586,4.473806858062744
4.483094692230225,3.5407261848449707,4.475161552429199
4.484669208526611,3.5414674282073975,4.475343227386475
4.486355781555176,3.5429484844207764,4.4749836921691895
4.486355781555176,3.5429484844207764,4.4749836921691895
4.487454414367676,3.5441179275512695,4.47467565536499
4.4879231452941895,3.544376850128174,4.474903583526611
4.4879655838012695,3.5433218479156494,4.4758100509643555
4.4879655838012695,3.5433218479156494,4.4758100509643555
4.48848819732666,3.5428102016448975,4.476351737976074
4.489724636077881,3.5429749488830566,4.4772047996521
4.491082668304443,3.543736457824707,4.477432727813721
4.492282867431641,3.544484853744507,4.477971076965332
4.492282867431641,3.544484853744507,4.477971076965332
4.493070602416992,3.544616937637329,4.47834587097168
4.493890762329102,3.5447628498077393,4.4786248207092285
4.494787216186523,3.5455029010772705,4.479300022125244
4.495938777923584,3.5464515686035156,4.480238437652588
4.495938777923584,3.5464515686035156,4.480238437652588
4.496757507324219,3.5468060970306396,4.480377674102783
4.4972429275512695,3.5462076663970947,4.481061935424805
4.4980082511901855,3.5455822944641113,4.4818644523620605
4.498940467834473,3.5451436042785645,4.482944011688232
4.499530792236328,3.5449910163879395,4.483834266662598
4.499530792236328,3.5449910163879395,4.483834266662598
4.500177383422852,3.545668363571167,4.483714580535889
4.501124382019043,3.546694278717041,4.483865261077881
4.501789093017578,3.5476183891296387,4.4843339920043945
4.501789093017578,3.5476183891296387,4.4843339920043945
4.502090930938721,3.5478575229644775,4.4841628074646
4.502737998962402,3.5480916500091553,4.4840312004089355
4.504353046417236,3.5488369464874268,4.484131813049316
4.506021499633789,3.5494964122772217,4.4846415519714355
4.506021499633789,3.5494964122772217,4.4846415519714355
4.5073699951171875,3.55020809173584,4.485125541687012
4.508241653442383,3.550731658935547,4.485137939453125
4.509591579437256,3.551828622817993,4.485305309295654
4.511265277862549,3.553023099899292,4.485519886016846
4.512718200683594,3.553468704223633,4.485431671142578
4.512718200683594,3.553468704223633,4.485431671142578
4.514312744140625,3.5534462928771973,4.4861531257629395
4.515743732452393,3.5529937744140625,4.487339973449707
4.517214298248291,3.552781581878662,4.488122940063477
4.517214298248291,3.552781581878662,4.488122940063477
4.518076419830322,3.5521767139434814,4.488840103149414
4.518780708312988,3.5518429279327393,4.488821983337402
4.519855976104736,3.5521082878112793,4.489166259765625
4.520429611206055,3.5518274307250977,4.489406585693359
4.520429611206055,3.5518274307250977,4.489406585693359
4.520495891571045,3.5510640144348145,4.489298343658447
4.521077632904053,3.5508315563201904,4.489665985107422
4.522205352783203,3.551222085952759,4.4897637367248535
4.523698329925537,3.551872968673706,4.490230083465576
4.523698329925537,3.551872968673706,4.490230083465576
4.525269031524658,3.552152156829834,4.491353988647461
4.526117324829102,3.55212664604187,4.491929531097412
4.527321815490723,3.5516724586486816,4.492621421813965
4.528740882873535,3.5516722202301025,4.492683410644531
4.530178070068359,3.551865577697754,4.492894649505615
4.530178070068359,3.551865577697754,4.492894649505615
4.531834602355957,3.552227020263672,4.493796348571777
4.5330657958984375,3.552103042602539,4.494264602661133
4.534307479858398,3.5515730381011963,4.494215965270996
4.53601598739624,3.5523266792297363,4.493997097015381
4.53601598739624,3.5523266792297363,4.493997097015381
4.53723669052124,3.5533218383789062,4.4941816329956055
4.53881311416626,3.554915189743042,4.494543552398682
4.5400590896606445,3.555572271347046,4.494804859161377
4.5400590896606445,3.555572271347046,4.494804859161377
4.540961742401123,3.5550215244293213,4.495359897613525
4.541562557220459,3.5545759201049805,4.496577262878418
4.542386054992676,3.55515193939209,4.496768474578857
4.543087482452393,3.555805206298828,4.496865272521973
4.543087482452393,3.555805206298828,4.496865272521973
4.543665885925293,3.556445360183716,4.497226238250732
4.544300556182861,3.557030200958252,4.497933387756348
4.54459285736084,3.5571911334991455,4.49823522567749
4.545155048370361,3.5573368072509766,4.498083591461182
4.545155048370361,3.5573368072509766,4.498083591461182
4.545973300933838,3.5573766231536865,4.498093128204346
4.54736328125,3.557354688644409,4.498737812042236
4.548431873321533,3.5568506717681885,4.499548435211182
4.549342632293701,3.5566060543060303,4.5006303787231445
4.5502166748046875,3.556572437286377,4.501556873321533
4.5502166748046875,3.556572437286377,4.501556873321533
4.551489353179932,3.557365655899048,4.501311779022217
4.552452564239502,3.558394432067871,4.501271724700928
4.5528178215026855,3.5592944622039795,4.501293659210205
4.5528178215026855,3.5592944622039795,4.501293659210205
4.552956581115723,3.560137987136841,4.5010552406311035
4.553057670593262,3.5607049465179443,4.500460624694824
4.553440570831299,3.561349391937256,4.499403953552246
4.553787708282471,3.5619304180145264,4.498950481414795
4.553787708282471,3.5619304180145264,4.498950481414795
4.554656982421875,3.5628762245178223,4.499202251434326
4.555184364318848,3.5633628368377686,4.49878454208374
4.555400848388672,3.5628621578216553,4.498717308044434
4.555229663848877,3.5621583461761475,4.499210357666016
4.555681228637695,3.562455415725708,4.499183654785156
4.555681228637695,3.562455415725708,4.499183654785156
4.556413650512695,3.5629868507385254,4.499598979949951
4.5565338134765625,3.5625827312469482,4.499794006347656
4.556215286254883,3.5615968704223633,4.5000081062316895
4.556184768676758,3.561093807220459,4.500627517700195
4.556184768676758,3.561093807220459,4.500627517700195
4.557084560394287,3.561586856842041,4.501018047332764
4.558041095733643,3.561969518661499,4.501433849334717
4.558835983276367,3.562077045440674,4.501924514770508
4.559590816497803,3.5620861053466797,4.501192092895508
4.559590816497803,3.5620861053466797,4.501192092895508
4.560159206390381,3.5620555877685547,4.500763893127441
4.560315132141113,3.561601400375366,4.501374244689941
4.560728073120117,3.5617010593414307,4.501529693603516
4.56160831451416,3.5624840259552,4.501218318939209
4.56160831451416,3.5624840259552,4.501218318939209
4.562328815460205,3.5635077953338623,4.499948501586914
4.562991619110107,3.564542770385742,4.499455451965332
4.563446998596191,3.56543231010437,4.499814987182617
4.563446998596191,3.56543231010437,4.499814987182617
4.563704490661621,3.565958261489868,4.500338554382324
4.564217567443848,3.566190004348755,4.5009446144104
4.565029144287109,3.566411018371582,4.5007829666137695
4.566102504730225,3.56656551361084,4.500864028930664
4.567023754119873,3.566296100616455,4.5012054443359375
4.567023754119873,3.566296100616455,4.5012054443359375
4.567671775817871,3.5657601356506348,4.5018839836120605
4.568460464477539,3.5655455589294434,4.5023417472839355
4.56939697265625,3.56559419631958,4.50231409072876
4.571095943450928,3.5666027069091797,4.502126216888428
4.571095943450928,3.5666027069091797,4.502126216888428
4.572375297546387,3.5671286582946777,4.502727508544922
4.573243141174316,3.566969871520996,4.503838539123535
4.574094772338867,3.566354990005493,4.504062652587891
4.574094772338867,3.566354990005493,4.504062652587891
4.574943542480469,3.5659592151641846,4.504258632659912
4.5759596824646,3.5662050247192383,4.503425121307373
4.577308654785156,3.5672526359558105,4.503539085388184
4.578500747680664,3.5680325031280518,4.504000186920166
4.5794806480407715,3.568014621734619,4.50408411026001
4.5794806480407715,3.568014621734619,4.50408411026001
4.580491065979004,3.5677225589752197,4.504506587982178
4.581521987915039,3.567964792251587,4.504806995391846
4.583126068115234,3.5685875415802,4.5048627853393555
4.583126068115234,3.5685875415802,4.5048627853393555
4.584610939025879,3.56921648979187,4.505161762237549
4.585028171539307,3.5684869289398193,4.505844593048096
4.585451602935791,3.5679967403411865,4.506232261657715
4.586336135864258,3.5681984424591064,4.506265640258789
4.586336135864258,3.5681984424591064,4.506265640258789
4.587064266204834,3.5687971115112305,4.5056071281433105
4.587935447692871,3.5695059299468994,4.505007266998291
4.587920665740967,3.569429874420166,4.505459785461426
4.5874810218811035,3.569418430328369,4.505645275115967
4.5874810218811035,3.569418430328369,4.505645275115967
4.58770227432251,3.5704185962677,4.505440711975098
4.5878705978393555,3.571645975112915,4.5049543380737305
4.589139938354492,3.573455572128296,4.50451135635376
4.590073585510254,3.574272394180298,4.504404067993164
4.590073585510254,3.574272394180298,4.504404067993164
4.5899553298950195,3.5740983486175537,4.505226135253906
4.589885234832764,3.5728111267089844,4.50621223449707
4.590404510498047,3.573002576828003,4.506313800811768
4.591296195983887,3.5739448070526123,4.506421089172363
4.591296195983887,3.5739448070526123,4.506421089172363
4.591805934906006,3.5748379230499268,4.50646448135376
4.592122554779053,3.575444459915161,4.506790637969971
4.592169761657715,3.5762150287628174,4.506908893585205
4.592386722564697,3.5772452354431152,4.50659704208374
4.592532634735107,3.5779645442962646,4.506295204162598
4.592532634735107,3.5779645442962646,4.506295204162598
4.592647075653076,3.57808780670166,4.506482124328613
4.592648029327393,3.5775399208068848,4.506497859954834
4.5927815437316895,3.5767691135406494,4.505945682525635
4.5927815437316895,3.5767691135406494,4.505945682525635
4.59310245513916,3.5770490169525146,4.506325721740723
4.593865871429443,3.577845811843872,4.5057806968688965
4.595061302185059,3.579286575317383,4.505330562591553
4.595285415649414,3.5792667865753174,4.505111217498779
4.595285415649414,3.5792667865753174,4.505111217498779
4.595221996307373,3.5784406661987305,4.505341529846191
4.595538139343262,3.5779242515563965,4.505906105041504
4.5966410636901855,3.577760696411133,4.505704402923584
4.597959518432617,3.5777711868286133,4.505673885345459
4.597959518432617,3.5777711868286133,4.505673885345459
4.59901762008667,3.5776612758636475,4.506091594696045
4.599298477172852,3.5769481658935547,4.506911277770996
4.5994720458984375,3.5763845443725586,4.507444858551025
4.599664211273193,3.5764381885528564,4.506554126739502
4.599664211273193,3.5764381885528564,4.506554126739502
4.600224018096924,3.5776896476745605,4.506002426147461
4.600636005401611,3.5792582035064697,4.505672454833984
4.600568771362305,3.580265522003174,4.505686283111572
4.6005377769470215,3.5809366703033447,4.505640506744385
4.600856304168701,3.581803560256958,4.505981922149658
4.600856304168701,3.581803560256958,4.505981922149658
4.601429462432861,3.5828099250793457,4.506035804748535
4.602272987365723,3.58384370803833,4.506535053253174
4.602411270141602,3.5837454795837402,4.507421493530273
4.602864742279053,3.5835840702056885,4.507544040679932
4.603879451751709,3.5837318897247314,4.507315635681152
4.603879451751709,3.5837318897247314,4.507315635681152
4.6046648025512695,3.5839734077453613,4.5070390701293945
4.605635643005371,3.584376096725464,4.507207870483398
4.605635643005371,3.584376096725464,4.507207870483398
4.606057167053223,3.584571123123169,4.50774621963501
4.606550216674805,3.584747314453125,4.507816314697266
4.607009410858154,3.5852160453796387,4.507803440093994
4.607786178588867,3.585472822189331,4.508293151855469
4.607786178588867,3.585472822189331,4.508293151855469
4.608677864074707,3.5847952365875244,4.509702682495117
4.609384059906006,3.584090232849121,4.510982036590576
4.610532283782959,3.5839080810546875,4.511215686798096
4.610866069793701,3.5839030742645264,4.5114426612854
4.6117777824401855,3.5849547386169434,4.511051654815674
4.6117777824401855,3.5849547386169434,4.511051654815674
4.611932754516602,3.5851552486419678,4.511142730712891
4.612087726593018,3.5855119228363037,4.511412620544434
4.613275051116943,3.586597204208374,4.51080846786499
4.614036560058594,3.587209939956665,4.510970592498779
4.614036560058594,3.587209939956665,4.510970592498779
4.615255355834961,3.5873942375183105,4.511781692504883
4.616537570953369,3.587059736251831,4.512969970703125
4.617674350738525,3.58673357963562,4.513367176055908
4.617674350738525,3.58673357963562,4.513367176055908
4.619100570678711,3.586531400680542,4.513158321380615
4.620752811431885,3.586921453475952,4.513784408569336
4.62238073348999,3.5869827270507812,4.514975547790527
4.6236371994018555,3.586608648300171,4.5164995193481445
4.62506103515625,3.586247444152832,4.517544269561768
4.62506103515625,3.586247444152832,4.517544269561768
4.626052379608154,3.5859763622283936,4.518559455871582
4.627408981323242,3.586124897003174,4.518970012664795
4.629858016967773,3.587704658508301,4.519582271575928
4.63093900680542,3.587878465652466,4.519822120666504
4.63093900680542,3.587878465652466,4.519822120666504
4.631791114807129,3.5869364738464355,4.519584655761719
4.632293701171875,3.5864033699035645,4.5194597244262695
4.633539199829102,3.586723804473877,4.519782543182373
4.636209487915039,3.5889766216278076,4.520287990570068
4.636209487915039,3.5889766216278076,4.520287990570068
4.638115882873535,3.590669870376587,4.5206451416015625
4.639276027679443,3.591494083404541,4.520906448364258
4.64082145690918,3.5922889709472656,4.520970344543457
4.642326831817627,3.592954397201538,4.52177619934082
4.642326831817627,3.592954397201538,4.52177619934082
4.643613338470459,3.5928544998168945,4.52241849899292
4.645162582397461,3.5932774543762207,4.523332595825195
4.646241188049316,3.5936472415924072,4.523486137390137
4.646241188049316,3.5936472415924072,4.523486137390137
4.647397041320801,3.59436297416687,4.523526668548584
4.648714065551758,3.5953845977783203,4.523827075958252
4.6500067710876465,3.596477508544922,4.5240254402160645
4.651165008544922,3.597330093383789,4.524037837982178
4.651165008544922,3.597330093383789,4.524037837982178
4.652513027191162,3.5980842113494873,4.523972988128662
4.653902530670166,3.59865403175354,4.524008274078369
4.65565824508667,3.5990729331970215,4.524410247802734
4.657421588897705,3.5995254516601562,4.524903297424316
4.658516883850098,3.599865436553955,4.524844646453857
4.658516883850098,3.599865436553955,4.524844646453857
4.6600117683410645,3.6007022857666016,4.5247931480407715
4.661458969116211,3.601900815963745,4.524329662322998
4.662181377410889,3.602626085281372,4.525118350982666
4.6624836921691895,3.6029717922210693,4.526603698730469
4.6624836921691895,3.6029717922210693,4.526603698730469
4.662850856781006,3.6034352779388428,4.526681423187256
4.66344690322876,3.604214668273926,4.526960849761963
4.66387414932251,3.605070114135742,4.527236461639404
4.664327144622803,3.60567045211792,4.527224540710449
4.664327144622803,3.60567045211792,4.527224540710449
4.664432525634766,3.6054792404174805,4.52760648727417
4.664174556732178,3.6047909259796143,4.527915954589844
4.6644158363342285,3.604966163635254,4.527829647064209
4.6644158363342285,3.604966163635254,4.527829647064209
4.664706230163574,3.6053407192230225,4.528193473815918
4.664994239807129,3.606112241744995,4.5280022621154785
4.665235996246338,3.606583833694458,4.528023719787598
4.665262222290039,3.6063833236694336,4.527741432189941
4.665294647216797,3.606308698654175,4.5278825759887695
4.665294647216797,3.606308698654175,4.5278825759887695
4.665482997894287,3.6063945293426514,4.528624057769775
4.665635108947754,3.6065568923950195,4.528518199920654
4.666242599487305,3.6071841716766357,4.52755880355835
4.666738510131836,3.607553482055664,4.527393817901611
4.666738510131836,3.607553482055664,4.527393817901611
4.66679048538208,3.607607841491699,4.527745246887207
4.666991233825684,3.607250690460205,4.527867794036865
4.667450428009033,3.6073312759399414,4.527505874633789
4.667775630950928,3.6076388359069824,4.527170658111572
4.667775630950928,3.6076388359069824,4.527170658111572
4.668674945831299,3.608830213546753,4.527255058288574
4.6695661544799805,3.609727144241333,4.526793003082275
4.670004367828369,3.6101882457733154,4.5266432762146
4.670004367828369,3.6101882457733154,4.5266432762146
4.67081356048584,3.611060619354248,4.526827812194824
4.671820640563965,3.6122922897338867,4.5269455909729
4.673055171966553,3.61374831199646,4.527281761169434
4.6742634773254395,3.614783763885498,4.526854515075684
4.6742634773254395,3.614783763885498,4.526854515075684
4.675141334533691,3.615269422531128,4.527078151702881
4.676443576812744,3.6158761978149414,4.5284905433654785
4.6786088943481445,3.617161989212036,4.528092861175537
4.6801981925964355,3.617465019226074,4.528148651123047
4.68176794052124,3.617720127105713,4.528847694396973
4.68176794052124,3.617720127105713,4.528847694396973
4.683355808258057,3.617790460586548,4.529921054840088
4.6843438148498535,3.617356061935425,4.530866622924805
4.685647010803223,3.6172738075256348,4.53068208694458
4.6876654624938965,3.6188504695892334,4.530887126922607
4.6876654624938965,3.6188504695892334,4.530887126922607
4.689507484436035,3.62038516998291,4.532066345214844
4.690682411193848,3.620732545852661,4.532618522644043
4.691989421844482,3.6201443672180176,4.532413005828857
4.6932854652404785,3.6196320056915283,4.532348155975342
4.6932854652404785,3.6196320056915283,4.532348155975342
4.694739818572998,3.619720697402954,4.532978057861328
4.6965203285217285,3.620725631713867,4.533288955688477
4.697645664215088,3.621361494064331,4.533502578735352
4.697645664215088,3.621361494064331,4.533502578735352
4.6983113288879395,3.621225595474243,4.533566951751709
4.698980331420898,3.620513677597046,4.5337605476379395
4.700148582458496,3.6197285652160645,4.53436279296875
4.701053619384766,3.6190173625946045,4.535816192626953
4.701053619384766,3.6190173625946045,4.535816192626953
4.702011585235596,3.6186203956604004,4.5374555587768555
4.703585147857666,3.618952512741089,4.537260055541992
4.704619884490967,3.618971586227417,4.537481307983398
4.705173015594482,3.618229627609253,4.538575649261475
4.705173015594482,3.618229627609253,4.538575649261475
4.705389022827148,3.6175308227539062,4.539190292358398
4.7059407234191895,3.6176164150238037,4.539764881134033
4.706515312194824,3.6177875995635986,4.539839267730713
4.7070488929748535,3.617504119873047,4.540426731109619
4.707663059234619,3.617300510406494,4.541010856628418
4.707663059234619,3.617300510406494,4.541010856628418
4.708353519439697,3.617208480834961,4.541230201721191
4.709709644317627,3.6174678802490234,4.541211128234863
4.710906505584717,3.617021083831787,4.542713165283203
4.712280750274658,3.61552095413208,4.543622016906738
4.712280750274658,3.61552095413208,4.543622016906738
4.713846206665039,3.615389347076416,4.544078350067139
4.715138912200928,3.6158974170684814,4.544416904449463
4.715538024902344,3.617096185684204,4.545019149780273
4.715538024902344,3.617096185684204,4.545019149780273
4.716014862060547,3.6187522411346436,4.5442609786987305
4.716470718383789,3.621037721633911,4.543635368347168
4.717364311218262,3.623122453689575,4.543091297149658
4.717942714691162,3.6240134239196777,4.54444694519043
4.718546390533447,3.6240344047546387,4.545294284820557
4.718546390533447,3.6240344047546387,4.545294284820557
4.7196855545043945,3.6232821941375732,4.545773983001709
4.720703601837158,3.6223230361938477,4.546137809753418
4.722337245941162,3.6226987838745117,4.547013759613037
4.724323272705078,3.6238908767700195,4.5478644371032715
4.724323272705078,3.6238908767700195,4.5478644371032715
4.725340843200684,3.624659538269043,4.548701763153076
4.726025581359863,3.6245720386505127,4.549582004547119
4.72663688659668,3.624784469604492,4.550026893615723
4.727797031402588,3.6255300045013428,4.549853801727295
4.727797031402588,3.6255300045013428,4.549853801727295
4.728694438934326,3.626214027404785,4.549808502197266
4.729299068450928,3.626281499862671,4.5506181716918945
4.7296223640441895,3.62589693069458,4.5514445304870605
4.7296223640441895,3.62589693069458,4.5514445304870605
4.730248928070068,3.625777006149292,4.5514984130859375
4.7307000160217285,3.626091957092285,4.5512495040893555
4.7310791015625,3.6267952919006348,4.551536560058594
4.73162317276001,3.627586841583252,4.5522141456604
4.73162317276001,3.627586841583252,4.5522141456604
4.73169469833374,3.6277453899383545,4.553004741668701
4.73195743560791,3.6276261806488037,4.553719520568848
4.73225736618042,3.627413272857666,4.55388879776001
4.7325263023376465,3.627481698989868,4.554322242736816
4.73396635055542,3.6284985542297363,4.5545125007629395
4.73396635055542,3.6284985542297363,4.5545125007629395
4.736141681671143,3.6291677951812744,4.554859161376953
4.737534999847412,3.628814935684204,4.556255340576172
4.738301753997803,3.6276631355285645,4.557815074920654
4.738999843597412,3.6270201206207275,4.557638168334961
4.738999843597412,3.6270201206207275,4.557638168334961
4.739665985107422,3.627655029296875,4.5573015213012695
4.739448070526123,3.6285433769226074,4.557737350463867
4.739389419555664,3.6292598247528076,4.557710647583008
4.739684581756592,3.629810094833374,4.557277679443359
4.739684581756592,3.629810094833374,4.557277679443359
4.739613056182861,3.62994122505188,4.557075500488281
4.740095138549805,3.630323886871338,4.557727813720703
4.7411956787109375,3.6306400299072266,4.558623790740967
4.741799354553223,3.6300735473632812,4.5588860511779785
4.741799354553223,3.6300735473632812,4.5588860511779785
4.7425007820129395,3.6292614936828613,4.559473991394043
4.743899822235107,3.629392623901367,4.559911251068115
4.745497703552246,3.6308071613311768,4.560429096221924
4.747852802276611,3.63362193107605,4.559868812561035
4.747852802276611,3.63362193107605,4.559868812561035
4.74936580657959,3.6349971294403076,4.558940887451172
4.750173091888428,3.635742664337158,4.559311866760254
4.751082897186279,3.636108875274658,4.560072422027588
4.752511024475098,3.6360905170440674,4.559689521789551
4.752511024475098,3.6360905170440674,4.559689521789551
4.75372838973999,3.635324716567993,4.559768199920654
4.754459381103516,3.6343271732330322,4.561607360839844
4.755998134613037,3.6341261863708496,4.56205415725708
4.757292747497559,3.634718179702759,4.56208610534668
4.757292747497559,3.634718179702759,4.56208610534668
4.758543491363525,3.635650157928467,4.561898231506348
4.759866237640381,3.6366095542907715,4.561550140380859
4.760756015777588,3.636533737182617,4.561725616455078
4.761322498321533,3.6363260746002197,4.561877250671387
4.761322498321533,3.6363260746002197,4.561877250671387
4.762589454650879,3.636892318725586,4.562090873718262
4.764517784118652,3.6382248401641846,4.562522888183594
4.766267776489258,3.639482021331787,4.563261985778809
4.766267776489258,3.639482021331787,4.563261985778809
4.76812219619751,3.640300750732422,4.563300132751465
4.769058704376221,3.640317678451538,4.563943386077881
4.770179271697998,3.6395010948181152,4.564695835113525
4.771937370300293,3.6391916275024414,4.565455436706543
4.771937370300293,3.6391916275024414,4.565455436706543
4.77352237701416,3.6392221450805664,4.5663743019104
4.774831771850586,3.6390187740325928,4.568137168884277
4.775613784790039,3.63895320892334,4.569234848022461
4.776417255401611,3.6388466358184814,4.569743633270264
4.777138710021973,3.6392457485198975,4.569974422454834
4.777138710021973,3.6392457485198975,4.569974422454834
4.777694225311279,3.6399683952331543,4.570423126220703
4.7782368659973145,3.6406188011169434,4.571207046508789
4.778168201446533,3.640141725540161,4.57267951965332
4.777604579925537,3.639246702194214,4.573361873626709
4.777604579925537,3.639246702194214,4.573361873626709
4.777357578277588,3.638795852661133,4.57399320602417
4.77778959274292,3.6400303840637207,4.574477672576904
4.777957916259766,3.640876531600952,4.575368404388428
4.777957916259766,3.640876531600952,4.575368404388428
4.777979850769043,3.641348361968994,4.576387405395508
4.777332782745361,3.640719175338745,4.576772212982178
4.7771453857421875,3.640707492828369,4.576681613922119
4.777750492095947,3.6416549682617188,4.57584810256958
4.778318405151367,3.6422855854034424,4.575937747955322
4.778318405151367,3.6422855854034424,4.575937747955322
4.7795209884643555,3.642692804336548,4.576796054840088
4.780582904815674,3.6424009799957275,4.577706813812256
4.782169342041016,3.6423516273498535,4.578168869018555
4.782169342041016,3.6423516273498535,4.578168869018555
4.7836127281188965,3.642425060272217,4.578237056732178
4.784399032592773,3.642141342163086,4.578824043273926
4.7852301597595215,3.642101764678955,4.579575538635254
4.785577774047852,3.641442060470581,4.580946922302246
4.785577774047852,3.641442060470581,4.580946922302246
4.785717010498047,3.6410861015319824,4.580739498138428
4.786139011383057,3.6414287090301514,4.580628395080566
4.786565780639648,3.642577648162842,4.5803446769714355
4.7878265380859375,3.644723892211914,4.579766273498535
4.7878265380859375,3.644723892211914,4.579766273498535
4.7884321212768555,3.6455740928649902,4.57981538772583
4.788734436035156,3.645623207092285,4.5796799659729
4.789292812347412,3.6457626819610596,4.579919338226318
4.7902350425720215,3.6456615924835205,4.58078670501709
4.7912445068359375,3.6439225673675537,4.580874919891357
4.7912445068359375,3.6439225673675537,4.580874919891357
4.792232036590576,3.6426103115081787,4.581724166870117
4.7939229011535645,3.6420700550079346,4.581643581390381
4.7952117919921875,3.641733169555664,4.582511901855469
4.796106815338135,3.641303300857544,4.584243297576904
4.796106815338135,3.641303300857544,4.584243297576904
4.7971038818359375,3.6412153244018555,4.584444522857666
4.798393726348877,3.6420974731445312,4.584537506103516
4.799200534820557,3.6425743103027344,4.584617614746094
4.799566745758057,3.6426820755004883,4.584916114807129
4.799566745758057,3.6426820755004883,4.584916114807129
4.80019998550415,3.6426758766174316,4.58499002456665
4.801342964172363,3.6435329914093018,4.58450984954834
4.802883148193359,3.6454427242279053,4.584911346435547
4.802883148193359,3.6454427242279053,4.584911346435547
4.803912162780762,3.6462790966033936,4.585838317871094
4.804596900939941,3.6464684009552,4.586471080780029
4.80569314956665,3.6463568210601807,4.586483478546143
4.806507587432861,3.6462106704711914,4.586509704589844
4.807217121124268,3.6466662883758545,4.587523460388184
4.807217121124268,3.6466662883758545,4.587523460388184
4.808248043060303,3.647336721420288,4.588228225708008
4.808905124664307,3.6476659774780273,4.588181495666504
4.809414863586426,3.64727520942688,4.588717460632324
4.809414863586426,3.64727520942688,4.588717460632324
4.809728622436523,3.647017002105713,4.589701175689697
4.810520172119141,3.6475889682769775,4.589608669281006
4.8116254806518555,3.6480796337127686,4.589662075042725
4.812531471252441,3.6479976177215576,4.5913987159729
4.814003944396973,3.6479601860046387,4.59175968170166
4.814003944396973,3.6479601860046387,4.59175968170166
4.815805912017822,3.6485540866851807,4.592740535736084
4.817363262176514,3.6487972736358643,4.592473030090332
4.818427085876465,3.6490001678466797,4.592799663543701
4.818427085876465,3.6490001678466797,4.592799663543701
4.819579124450684,3.649675130844116,4.593695163726807
4.821780204772949,3.6514406204223633,4.593804359436035
4.823423862457275,3.6532092094421387,4.593994617462158
4.824850559234619,3.654604434967041,4.594152450561523
4.826144695281982,3.6552038192749023,4.594668388366699
4.826144695281982,3.6552038192749023,4.594668388366699
4.827338218688965,3.654937744140625,4.595090866088867
4.8288493156433105,3.655231475830078,4.594839572906494
4.8305344581604,3.657184362411499,4.595418453216553
4.831765651702881,3.6586546897888184,4.595920562744141
4.831765651702881,3.6586546897888184,4.595920562744141
4.832462310791016,3.65940260887146,4.595759868621826
4.833529472351074,3.6597628593444824,4.595704078674316
4.834078788757324,3.6589298248291016,4.5966362953186035
4.834226608276367,3.65783953666687,4.5969390869140625
4.834226608276367,3.65783953666687,4.5969390869140625
4.835572242736816,3.6583077907562256,4.5974297523498535
4.835987567901611,3.658629894256592,4.597105503082275
4.836059093475342,3.6587467193603516,4.597408294677734
4.836358070373535,3.6595916748046875,4.5986008644104
4.836358070373535,3.6595916748046875,4.5986008644104
4.837067604064941,3.661515951156616,4.599160671234131
4.8377766609191895,3.6625375747680664,4.5996198654174805
4.838711738586426,3.6629745960235596,4.599979877471924
4.8397064208984375,3.66326904296875,4.600667476654053
4.8397064208984375,3.66326904296875,4.600667476654053
4.840661525726318,3.6633126735687256,4.601739883422852
4.841453552246094,3.6625986099243164,4.602914333343506
4.842042922973633,3.661979913711548,4.6031928062438965
4.842042922973633,3.661979913711548,4.6031928062438965
4.842942237854004,3.6624670028686523,4.603492736816406
4.844635486602783,3.664170026779175,4.603216648101807
4.845573902130127,3.665048599243164,4.6035027503967285
4.84617805480957,3.6647887229919434,4.604039669036865
4.847232818603516,3.664792776107788,4.604316234588623
4.847232818603516,3.664792776107788,4.604316234588623
4.848811149597168,3.664781093597412,4.604704856872559
4.850498199462891,3.6649482250213623,4.605725288391113
4.851561069488525,3.6648030281066895,4.607391834259033
4.851561069488525,3.6648030281066895,4.607391834259033
4.852713584899902,3.665389060974121,4.608679294586182
4.853592872619629,3.666386127471924,4.608727931976318
4.854518890380859,3.667745590209961,4.608870506286621
4.85521936416626,3.6692936420440674,4.609097480773926
4.85521936416626,3.6692936420440674,4.609097480773926
4.856072902679443,3.6714155673980713,4.609453201293945
4.857428550720215,3.673391103744507,4.610079765319824
4.858277797698975,3.6738336086273193,4.611217021942139
4.85939359664917,3.6738617420196533,4.612385272979736
4.861223220825195,3.675077438354492,4.613626480102539
4.861223220825195,3.675077438354492,4.613626480102539
4.862613201141357,3.6755316257476807,4.613095760345459
4.864063262939453,3.676039695739746,4.613712787628174
4.864828586578369,3.675671339035034,4.616116046905518
4.866309642791748,3.6761691570281982,4.6165080070495605
4.866309642791748,3.6761691570281982,4.6165080070495605
4.867403984069824,3.6769320964813232,4.616655349731445
4.868107318878174,3.6772406101226807,4.6158037185668945
4.868244647979736,3.676543712615967,4.615986347198486
4.868472576141357,3.6757636070251465,4.617099761962891
4.868472576141357,3.6757636070251465,4.617099761962891
4.869022369384766,3.6752769947052,4.6173882484436035
4.869299411773682,3.674866199493408,4.617969512939453
4.86918830871582,3.674607276916504,4.618333339691162
4.869629859924316,3.675626039505005,4.617730617523193
4.869629859924316,3.675626039505005,4.617730617523193
4.870112895965576,3.6769936084747314,4.616922378540039
4.870171070098877,3.6780319213867188,4.616631984710693
4.871305465698242,3.679684638977051,4.6168951988220215
4.8728251457214355,3.680730104446411,4.617917537689209
4.8728251457214355,3.680730104446411,4.617917537689209
4.873821258544922,3.679706335067749,4.618921279907227
4.8744964599609375,3.6784770488739014,4.620239734649658
4.8755784034729,3.6782052516937256,4.6210551261901855
4.8755784034729,3.6782052516937256,4.6210551261901855
4.877622604370117,3.6793582439422607,4.621135711669922
4.879072189331055,3.680248737335205,4.622231483459473
4.880577087402344,3.6809561252593994,4.622547626495361
4.881989479064941,3.6817781925201416,4.6228108406066895
4.883204460144043,3.6818366050720215,4.623318672180176
4.883204460144043,3.6818366050720215,4.623318672180176
4.883471488952637,3.6810128688812256,4.624569416046143
4.8837690353393555,3.6806182861328125,4.625302791595459
4.884565353393555,3.680617570877075,4.625359535217285
4.885286808013916,3.6812827587127686,4.624790191650391
4.885286808013916,3.6812827587127686,4.624790191650391
4.88649845123291,3.6827523708343506,4.625560760498047
4.887572765350342,3.6839330196380615,4.626740455627441
4.888986110687256,3.684328079223633,4.627089500427246
4.890383720397949,3.6836864948272705,4.627319812774658
4.890383720397949,3.6836864948272705,4.627319812774658
4.890953540802002,3.6826462745666504,4.627688407897949
4.891574382781982,3.682116746902466,4.6285624504089355
4.89267635345459,3.683055877685547,4.628894805908203
4.89267635345459,3.683055877685547,4.628894805908203
4.894261837005615,3.684722423553467,4.6294846534729
4.89492654800415,3.6850900650024414,4.630199909210205
4.89558744430542,3.6852974891662598,4.630512237548828
4.896538734436035,3.685798406600952,4.630566596984863
4.897769451141357,3.6864559650421143,4.630651950836182
4.897769451141357,3.6864559650421143,4.630651950836182
4.898694038391113,3.6865365505218506,4.631616592407227
4.899172306060791,3.686241626739502,4.632812976837158
4.900277614593506,3.686793565750122,4.633094787597656
4.900694370269775,3.6869072914123535,4.632523536682129
4.900694370269775,3.6869072914123535,4.632523536682129
4.9010820388793945,3.6870036125183105,4.632696628570557
4.901111602783203,3.687415599822998,4.633152008056641
4.901591777801514,3.6880972385406494,4.633581161499023
4.9021382331848145,3.6887714862823486,4.634286880493164
4.9021382331848145,3.6887714862823486,4.634286880493164
4.902318477630615,3.68869686126709,4.634829998016357
4.902925968170166,3.688620090484619,4.635778427124023
4.903602123260498,3.688215732574463,4.636875152587891
4.904231548309326,3.6877336502075195,4.6372575759887695
4.904231548309326,3.6877336502075195,4.6372575759887695
4.905120372772217,3.6876273155212402,4.638350486755371
4.906212329864502,3.6879947185516357,4.638425827026367
4.907257080078125,3.688429594039917,4.638443470001221
4.908884525299072,3.6902129650115967,4.638299942016602
4.908884525299072,3.6902129650115967,4.638299942016602
4.909806251525879,3.6912784576416016,4.638556957244873
4.910381317138672,3.6915109157562256,4.63877010345459
4.911214351654053,3.6915884017944336,4.638483047485352
4.911214351654053,3.6915884017944336,4.638483047485352
4.911548137664795,3.6913928985595703,4.638859272003174
4.9113898277282715,3.690579652786255,4.639459609985352
4.9117512702941895,3.690760374069214,4.639080047607422
4.912333011627197,3.691495656967163,4.639172554016113
4.912872791290283,3.691857099533081,4.639454364776611
4.912872791290283,3.691857099533081,4.639454364776611
4.91337776184082,3.6912894248962402,4.639814376831055
4.914246082305908,3.6911063194274902,4.640636444091797
4.915573596954346,3.6913063526153564,4.640892505645752
4.916764259338379,3.6912293434143066,4.640732288360596
4.916764259338379,3.6912293434143066,4.640732288360596
4.917828559875488,3.690609931945801,4.64166259765625
4.919034004211426,3.690516948699951,4.642704010009766
4.920247554779053,3.6902763843536377,4.6430230140686035
4.921387672424316,3.690223455429077,4.643131732940674
4.921387672424316,3.690223455429077,4.643131732940674
4.922388076782227,3.690462589263916,4.643675804138184
4.923078536987305,3.6907451152801514,4.644979953765869
4.923990249633789,3.691537380218506,4.644914627075195
4.923990249633789,3.691537380218506,4.644914627075195
4.924577713012695,3.691622734069824,4.64509391784668
4.924759864807129,3.691370964050293,4.645875930786133
4.925156116485596,3.6913485527038574,4.646716117858887
4.925583839416504,3.6912472248077393,4.646783828735352
4.926000595092773,3.691211700439453,4.646767616271973
4.926000595092773,3.691211700439453,4.646767616271973
4.926811218261719,3.691861867904663,4.646868705749512
4.927810192108154,3.6933741569519043,4.647042274475098
4.929286003112793,3.6954915523529053,4.647007942199707
4.929286003112793,3.6954915523529053,4.647007942199707
4.930601119995117,3.6969845294952393,4.646928787231445
4.93198823928833,3.6979076862335205,4.647497177124023
4.933513641357422,3.6983726024627686,4.648749351501465
4.934534072875977,3.69785475730896,4.649702548980713
4.935205936431885,3.6969103813171387,4.650440216064453
4.935205936431885,3.6969103813171387,4.650440216064453
4.9372782707214355,3.6971521377563477,4.64992618560791
4.93904447555542,3.698221206665039,4.650314807891846
4.939972877502441,3.697943687438965,4.651674270629883
4.940781593322754,3.6971633434295654,4.651355266571045
4.940781593322754,3.6971633434295654,4.651355266571045
4.941834449768066,3.6970889568328857,4.6518874168396
4.9428019523620605,3.6974380016326904,4.651464939117432
4.943610668182373,3.6978206634521484,4.651180744171143
4.943978786468506,3.6978981494903564,4.651736259460449
4.943978786468506,3.6978981494903564,4.651736259460449
4.9442596435546875,3.698023557662964,4.651666641235352
4.944987773895264,3.698504686355591,4.651463031768799
4.945140838623047,3.6983914375305176,4.651912689208984
4.945403099060059,3.6980247497558594,4.652076244354248
4.945403099060059,3.6980247497558594,4.652076244354248
4.945964336395264,3.6981215476989746,4.652740955352783
4.946292877197266,3.6978793144226074,4.6527299880981445
4.946295738220215,3.6975340843200684,4.6526970863342285
4.946640968322754,3.6982762813568115,4.652641773223877
4.946640968322754,3.6982762813568115,4.652641773223877
4.947700023651123,3.6998088359832764,4.652438640594482
4.94801139831543,3.6997804641723633,4.653082847595215
4.948242664337158,3.699085235595703,4.654260635375977
4.949010848999023,3.6985726356506348,4.6550068855285645
4.949010848999023,3.6985726356506348,4.6550068855285645
4.9497785568237305,3.6980690956115723,4.6558756828308105
4.950493812561035,3.69836163520813,4.655871868133545
4.951527118682861,3.6992273330688477,4.656320095062256
4.952582836151123,3.700514316558838,4.656958103179932
4.952582836151123,3.700514316558838,4.656958103179932
4.954061031341553,3.701498031616211,4.657297611236572
4.955426216125488,3.701523780822754,4.657994270324707
4.956632614135742,3.7004454135894775,4.65922212600708
4.957252502441406,3.699523448944092,4.659876823425293
4.957252502441406,3.699523448944092,4.659876823425293
4.95835542678833,3.699326753616333,4.660970211029053
4.959462642669678,3.6996214389801025,4.661006927490234
4.959794998168945,3.699073553085327,4.661619663238525
4.960109710693359,3.6986162662506104,4.662150859832764
4.960109710693359,3.6986162662506104,4.662150859832764
4.96118688583374,3.6990296840667725,4.66196346282959
4.96171760559082,3.6989991664886475,4.662532329559326
4.96173095703125,3.6981351375579834,4.663813591003418
4.96209716796875,3.697706937789917,4.664007663726807
4.96209716796875,3.697706937789917,4.664007663726807
4.962593078613281,3.697751998901367,4.664211273193359
4.963050365447998,3.6983113288879395,4.664559841156006
4.963463306427002,3.69874906539917,4.664863109588623
4.964038372039795,3.6990675926208496,4.665252208709717
4.964038372039795,3.6990675926208496,4.665252208709717
4.964714527130127,3.699251174926758,4.665806293487549
4.965573310852051,3.6992735862731934,4.666684627532959
4.965855598449707,3.698547840118408,4.6678147315979
4.96678352355957,3.698298692703247,4.668210506439209
4.96678352355957,3.698298692703247,4.668210506439209
4.967685222625732,3.698131561279297,4.668345928192139
4.967930316925049,3.697695016860962,4.668674468994141
4.968441963195801,3.697404623031616,4.669187068939209
4.968441963195801,3.697404623031616,4.669187068939209
4.969395160675049,3.69777512550354,4.669735431671143
4.970674991607666,3.6985621452331543,4.669715881347656
4.971747398376465,3.6988799571990967,4.67048454284668
4.972616672515869,3.698495626449585,4.671898365020752
4.9735212326049805,3.6983675956726074,4.67265510559082
4.9735212326049805,3.6983675956726074,4.67265510559082
4.975275993347168,3.699909210205078,4.673867225646973
4.976312637329102,3.7013816833496094,4.6744890213012695
4.977392673492432,3.7034378051757812,4.674811363220215
4.978769779205322,3.705979347229004,4.674861431121826
4.978769779205322,3.705979347229004,4.674861431121826
4.980091571807861,3.7081377506256104,4.6750922203063965
4.98132848739624,3.7093844413757324,4.675723075866699
4.982497215270996,3.70935320854187,4.677275657653809
4.984152317047119,3.7088282108306885,4.677953243255615
4.984152317047119,3.7088282108306885,4.677953243255615
4.986123085021973,3.7082419395446777,4.678907871246338
4.987995624542236,3.707383632659912,4.681281566619873
4.989321708679199,3.706742525100708,4.683410167694092
4.991477012634277,3.7073161602020264,4.684730052947998
4.991477012634277,3.7073161602020264,4.684730052947998
4.993357181549072,3.7085325717926025,4.684823513031006
4.99522066116333,3.7098724842071533,4.686136722564697
4.996479034423828,3.7106924057006836,4.687960147857666
4.998604774475098,3.7127015590667725,4.688543796539307
4.998604774475098,3.7127015590667725,4.688543796539307
4.999963760375977,3.7142274379730225,4.689209938049316
5.000808238983154,3.7151925563812256,4.690161228179932
5.001311302185059,3.715837001800537,4.691192150115967
5.002010345458984,3.716252565383911,4.691772937774658
5.002010345458984,3.716252565383911,4.691772937774658
5.002106189727783,3.7165417671203613,4.691736221313477
5.001700401306152,3.716289520263672,4.691889762878418
5.001650810241699,3.7161059379577637,4.691829681396484
5.002011775970459,3.7163403034210205,4.691852569580078
5.002011775970459,3.7163403034210205,4.691852569580078
5.002373695373535,3.7168591022491455,4.692876815795898
5.002771854400635,3.7175779342651367,4.693428993225098
5.003050327301025,3.718226194381714,4.6932783126831055
5.003614902496338,3.719877243041992,4.692643642425537
5.003614902496338,3.719877243041992,4.692643642425537
5.004025936126709,3.721627950668335,4.691572189331055
5.004322528839111,3.722470283508301,4.691359519958496
5.003836631774902,3.7217354774475098,4.692470550537109
5.003838539123535,3.7213642597198486,4.6923651695251465
5.003838539123535,3.7213642597198486,4.6923651695251465
5.003995895385742,3.721393585205078,4.692343711853027
5.0041022300720215,3.7217442989349365,4.692152500152588
5.004822731018066,3.7233753204345703,4.6925458908081055
5.006181716918945,3.725473403930664,4.693416118621826
5.006181716918945,3.725473403930664,4.693416118621826
5.006973743438721,3.7269740104675293,4.692986965179443
5.006828308105469,3.726954698562622,4.694039821624756
5.006858825683594,3.727168083190918,4.69378662109375
5.006877422332764,3.727381706237793,4.693650245666504
5.006877422332764,3.727381706237793,4.693650245666504
5.006839752197266,3.7272932529449463,4.693450927734375
5.006350517272949,3.7265067100524902,4.6940226554870605
5.006066799163818,3.7253096103668213,4.694138050079346
5.005927562713623,3.7244105339050293,4.694369316101074
5.005927562713623,3.7244105339050293,4.694369316101074
5.006775856018066,3.724367141723633,4.693868637084961
5.007299900054932,3.7246174812316895,4.694205284118652
5.007995128631592,3.72531795501709,4.695212364196777
5.008753776550293,3.7253873348236084,4.695221424102783
5.008753776550293,3.7253873348236084,4.695221424102783
5.008993625640869,3.7248945236206055,4.6957855224609375
5.0089521408081055,3.7236623764038086,4.695599555969238
5.008974552154541,3.723297595977783,4.695718288421631
5.009266376495361,3.7236623764038086,4.696040153503418
5.009266376495361,3.7236623764038086,4.696040153503418
5.009733200073242,3.7242305278778076,4.695549964904785
5.010056018829346,3.7246005535125732,4.695772647857666
5.009909152984619,3.724470615386963,4.696774959564209
5.010116100311279,3.7244322299957275,4.696416854858398
5.010116100311279,3.7244322299957275,4.696416854858398
