x,y,z
3.418214797973633,2.8960204124450684,3.775216817855835
3.4191339015960693,2.8942370414733887,3.776567220687866
3.4213199615478516,2.894847869873047,3.774761199951172
3.4222962856292725,2.895716428756714,3.7741169929504395
3.4222962856292725,2.895716428756714,3.7741169929504395
3.4220643043518066,2.8976352214813232,3.772463321685791
3.4213321208953857,2.8983538150787354,3.7726292610168457
3.4206507205963135,2.8979854583740234,3.7738375663757324
3.4206507205963135,2.8979854583740234,3.7738375663757324
3.42128586769104,2.8972599506378174,3.775733232498169
3.422123908996582,2.8965418338775635,3.777503490447998
3.422531843185425,2.8969550132751465,3.7778706550598145
3.4226598739624023,2.8971078395843506,3.7784512042999268
3.4226598739624023,2.8971078395843506,3.7784512042999268
3.422412872314453,2.8970954418182373,3.7792322635650635
3.4230082035064697,2.8972935676574707,3.7806148529052734
3.4235153198242188,2.8980178833007812,3.7815375328063965
3.424561023712158,2.899031162261963,3.7829673290252686
3.424561023712158,2.899031162261963,3.7829673290252686
3.4252254962921143,2.8995206356048584,3.783609390258789
3.427110433578491,2.8999218940734863,3.783693313598633
3.4297852516174316,2.8989901542663574,3.785442590713501
3.4323248863220215,2.899312973022461,3.7843568325042725
3.4323248863220215,2.899312973022461,3.7843568325042725
3.4342684745788574,2.899522304534912,3.783559560775757
3.4345123767852783,2.8993828296661377,3.7828774452209473
3.434635877609253,2.8994557857513428,3.7814526557922363
3.4341118335723877,2.899044990539551,3.780357599258423
3.4341118335723877,2.899044990539551,3.780357599258423
3.434475898742676,2.899256944656372,3.779757261276245
3.4351646900177,2.8986117839813232,3.781287431716919
3.435194730758667,2.8978991508483887,3.7823171615600586
3.4353811740875244,2.8974452018737793,3.7843315601348877
3.4353811740875244,2.8974452018737793,3.7843315601348877
3.4359912872314453,2.895625591278076,3.788587808609009
3.436937093734741,2.895282030105591,3.7902889251708984
3.4384255409240723,2.8945345878601074,3.7931015491485596
3.4385478496551514,2.8943932056427,3.7942113876342773
3.4385478496551514,2.8943932056427,3.7942113876342773
3.4383387565612793,2.8938655853271484,3.794348955154419
3.4398229122161865,2.8924522399902344,3.794262170791626
3.442656993865967,2.8904216289520264,3.79644775390625
3.444183349609375,2.8894824981689453,3.797515392303467
3.444183349609375,2.8894824981689453,3.797515392303467
3.4435250759124756,2.889224052429199,3.7989673614501953
3.4398629665374756,2.8903186321258545,3.8001692295074463
3.4353063106536865,2.8930790424346924,3.79957914352417
3.432554006576538,2.894853115081787,3.800117015838623
3.432554006576538,2.894853115081787,3.800117015838623
3.431138038635254,2.89546799659729,3.800628423690796
3.4318485260009766,2.8942580223083496,3.8027825355529785
3.4337880611419678,2.8915562629699707,3.8045613765716553
3.43664288520813,2.889000415802002,3.8069605827331543
3.43664288520813,2.889000415802002,3.8069605827331543
3.439443588256836,2.8870720863342285,3.809264898300171
3.4412527084350586,2.8853702545166016,3.812162160873413
3.441519260406494,2.8850831985473633,3.8146047592163086
3.439915895462036,2.8856089115142822,3.8164732456207275
3.439915895462036,2.8856089115142822,3.8164732456207275
3.437756061553955,2.887096643447876,3.8179852962493896
3.4370779991149902,2.8885879516601562,3.8185603618621826
3.4371142387390137,2.889401435852051,3.8190271854400635
3.4374098777770996,2.8896214962005615,3.819688081741333
3.4374098777770996,2.8896214962005615,3.819688081741333
3.43878173828125,2.888228416442871,3.822585105895996
3.439835786819458,2.8881826400756836,3.8238954544067383
3.4401633739471436,2.8881194591522217,3.825061082839966
3.4407389163970947,2.8882229328155518,3.8267109394073486
3.4407389163970947,2.8882229328155518,3.8267109394073486
3.441863536834717,2.8876664638519287,3.829585075378418
3.4418487548828125,2.887662410736084,3.8307113647460938
3.4414191246032715,2.888852834701538,3.830859422683716
3.4406213760375977,2.8882837295532227,3.829658269882202
3.4406213760375977,2.8882837295532227,3.829658269882202
3.440894603729248,2.886775493621826,3.82684063911438
3.442598819732666,2.883714199066162,3.824472427368164
3.4437713623046875,2.8820102214813232,3.823033571243286
3.44270658493042,2.8810272216796875,3.822202205657959
3.44270658493042,2.8810272216796875,3.822202205657959
3.4406416416168213,2.880596399307251,3.8217382431030273
3.437060832977295,2.8812801837921143,3.822293281555176
3.4357523918151855,2.8823039531707764,3.821838855743408
3.4342191219329834,2.884023427963257,3.8216426372528076
3.4342191219329834,2.884023427963257,3.8216426372528076
3.4331281185150146,2.885113000869751,3.8208742141723633
3.4324841499328613,2.8846211433410645,3.819485902786255
3.4358179569244385,2.882591485977173,3.8184165954589844
3.438589572906494,2.880966901779175,3.817957878112793
3.438589572906494,2.880966901779175,3.817957878112793
3.4408178329467773,2.8801357746124268,3.8184022903442383
3.440869092941284,2.87986421585083,3.8194093704223633
3.440328598022461,2.8800454139709473,3.821336269378662
3.4393386840820312,2.8803672790527344,3.823756456375122
3.4393386840820312,2.8803672790527344,3.823756456375122
3.439980983734131,2.8815248012542725,3.824538230895996
3.4402642250061035,2.882629632949829,3.827118158340454
3.438891887664795,2.883474349975586,3.828845977783203
3.4371225833892822,2.8849287033081055,3.8293144702911377
3.4371225833892822,2.8849287033081055,3.8293144702911377
3.4360034465789795,2.8853635787963867,3.8298847675323486
3.4378719329833984,2.8858537673950195,3.8297019004821777
3.4408609867095947,2.884702444076538,3.8317818641662598
3.4431562423706055,2.8842718601226807,3.8327746391296387
3.4431562423706055,2.8842718601226807,3.8327746391296387
3.4442296028137207,2.8842666149139404,3.8344461917877197
3.444182872772217,2.8838984966278076,3.8370890617370605
3.4449946880340576,2.8845927715301514,3.839658260345459
3.4460227489471436,2.885504722595215,3.843250036239624
3.4460227489471436,2.885504722595215,3.843250036239624
3.4463140964508057,2.8859517574310303,3.8469362258911133
3.4471001625061035,2.886082649230957,3.851487398147583
3.4478085041046143,2.886150360107422,3.855365037918091
3.4487955570220947,2.886929512023926,3.858168601989746
3.4487955570220947,2.886929512023926,3.858168601989746
3.4497880935668945,2.8878111839294434,3.860823154449463
3.4506020545959473,2.888415813446045,3.862614154815674
3.4519567489624023,2.8883056640625,3.865361452102661
3.454317808151245,2.887665033340454,3.8694963455200195
3.454317808151245,2.887665033340454,3.8694963455200195
3.4560773372650146,2.888031482696533,3.8721444606781006
3.457770586013794,2.8892924785614014,3.874424457550049
3.458836317062378,2.889836072921753,3.875739812850952
3.4600093364715576,2.890256404876709,3.8772757053375244
3.4600093364715576,2.890256404876709,3.8772757053375244
3.461068868637085,2.8901352882385254,3.879549026489258
3.4615414142608643,2.890019655227661,3.880720376968384
3.4617440700531006,2.8902840614318848,3.8821804523468018
3.4614453315734863,2.8904354572296143,3.882521867752075
3.4614453315734863,2.8904354572296143,3.882521867752075
3.4616527557373047,2.890475273132324,3.883099317550659
3.462315082550049,2.8902599811553955,3.8840761184692383
3.4628846645355225,2.889618396759033,3.8849973678588867
3.4637815952301025,2.888782024383545,3.886507511138916
3.4637815952301025,2.888782024383545,3.886507511138916
3.4644923210144043,2.888312339782715,3.887547492980957
3.465351104736328,2.8885927200317383,3.8890089988708496
3.464873790740967,2.890427350997925,3.890476703643799
3.4647626876831055,2.8921170234680176,3.8910326957702637
3.4647626876831055,2.8921170234680176,3.8910326957702637
3.4649245738983154,2.893220901489258,3.893073797225952
3.464845895767212,2.8930070400238037,3.8958165645599365
3.465256452560425,2.8918347358703613,3.898350715637207
3.4656519889831543,2.891348361968994,3.8982162475585938
3.4656519889831543,2.891348361968994,3.8982162475585938
3.4666097164154053,2.8912765979766846,3.8970251083374023
3.46688175201416,2.890474557876587,3.896965503692627
3.467047929763794,2.8902595043182373,3.8965349197387695
3.466845989227295,2.889622211456299,3.8970754146575928
3.466845989227295,2.889622211456299,3.8970754146575928
3.4667255878448486,2.8897106647491455,3.89693284034729
3.4678726196289062,2.8898823261260986,3.896498203277588
3.4688000679016113,2.8896400928497314,3.8960700035095215
3.4700140953063965,2.8891868591308594,3.8960325717926025
3.4700140953063965,2.8891868591308594,3.8960325717926025
3.4708898067474365,2.8885068893432617,3.8961939811706543
3.471966505050659,2.8881468772888184,3.8964805603027344
3.472445249557495,2.887467861175537,3.897944211959839
3.4725887775421143,2.886908769607544,3.898972988128662
3.4725887775421143,2.886908769607544,3.898972988128662
3.473919630050659,2.8864831924438477,3.8996620178222656
3.475541353225708,2.8865370750427246,3.9002015590667725
3.475665807723999,2.886009693145752,3.901665687561035
3.475829839706421,2.885716199874878,3.9026217460632324
3.475829839706421,2.885716199874878,3.9026217460632324
3.4766957759857178,2.8846235275268555,3.9049859046936035
3.4776785373687744,2.8838539123535156,3.9072446823120117
3.4792165756225586,2.88392972946167,3.908568859100342
3.480527639389038,2.883920669555664,3.910365343093872
3.480527639389038,2.883920669555664,3.910365343093872
3.482151746749878,2.8850932121276855,3.9114675521850586
3.4832956790924072,2.885965585708618,3.9131228923797607
3.4842283725738525,2.886805772781372,3.9143576622009277
3.484462022781372,2.8881192207336426,3.914980173110962
3.484462022781372,2.8881192207336426,3.914980173110962
3.484435558319092,2.88973331451416,3.91477632522583
3.485159397125244,2.890721321105957,3.914762496948242
3.486133337020874,2.8902125358581543,3.917081117630005
3.48703670501709,2.8897545337677,3.9188427925109863
3.48703670501709,2.8897545337677,3.9188427925109863
3.487931728363037,2.889195203781128,3.9205241203308105
3.4891622066497803,2.8890068531036377,3.92214298248291
3.4898910522460938,2.8895153999328613,3.923436403274536
3.489198684692383,2.889928102493286,3.9260916709899902
3.489198684692383,2.889928102493286,3.9260916709899902
3.488741636276245,2.890691041946411,3.9277656078338623
3.489137649536133,2.890946626663208,3.930652141571045
3.4915237426757812,2.890890598297119,3.933056354522705
3.4938275814056396,2.890763759613037,3.9353959560394287
3.4938275814056396,2.890763759613037,3.9353959560394287
3.4954142570495605,2.890737533569336,3.937668561935425
3.49623966217041,2.8917665481567383,3.9384090900421143
3.4966728687286377,2.8927791118621826,3.940520763397217
3.4969327449798584,2.893562078475952,3.942711591720581
3.4969327449798584,2.893562078475952,3.942711591720581
3.497457265853882,2.893922805786133,3.9456820487976074
3.498213529586792,2.8944404125213623,3.9477477073669434
3.4998912811279297,2.895212173461914,3.949251174926758
3.500563859939575,2.895399332046509,3.950662136077881
3.500563859939575,2.895399332046509,3.950662136077881
3.501877784729004,2.895768642425537,3.951077461242676
3.5027852058410645,2.89583683013916,3.951573610305786
3.5035176277160645,2.896099805831909,3.9523494243621826
3.5037717819213867,2.896350860595703,3.9532721042633057
3.5037717819213867,2.896350860595703,3.9532721042633057
3.502925157546997,2.8970673084259033,3.9536538124084473
3.502793312072754,2.8973588943481445,3.9544615745544434
3.50349497795105,2.897559881210327,3.9557313919067383
3.5045294761657715,2.897840976715088,3.9570391178131104
3.5045294761657715,2.897840976715088,3.9570391178131104
3.5055644512176514,2.897991180419922,3.9582414627075195
3.506295919418335,2.8986148834228516,3.958599090576172
3.506593942642212,2.899142265319824,3.958629608154297
3.507167339324951,2.9001009464263916,3.958902359008789
3.507167339324951,2.9001009464263916,3.958902359008789
3.50669527053833,2.9009711742401123,3.959306001663208
3.506829023361206,2.9017493724823,3.9603099822998047
3.5073580741882324,2.9019784927368164,3.9624581336975098
3.5078608989715576,2.9017333984375,3.96480131149292
3.5078608989715576,2.9017333984375,3.96480131149292
3.5092461109161377,2.901886463165283,3.967461585998535
3.5108702182769775,2.9019439220428467,3.970334053039551
3.511629581451416,2.9019548892974854,3.9738996028900146
3.511535167694092,2.9031341075897217,3.9759583473205566
3.511535167694092,2.9031341075897217,3.9759583473205566
3.5100371837615967,2.9046905040740967,3.9779601097106934
3.509674310684204,2.9054105281829834,3.9797163009643555
3.5110673904418945,2.905876398086548,3.981433629989624
3.512408971786499,2.9054832458496094,3.9843509197235107
3.512408971786499,2.9054832458496094,3.9843509197235107
3.5133657455444336,2.905928373336792,3.9858970642089844
3.5139999389648438,2.9065191745758057,3.988044261932373
3.5139718055725098,2.9072351455688477,3.9899580478668213
3.514781951904297,2.9077160358428955,3.991445541381836
3.514781951904297,2.9077160358428955,3.991445541381836
3.516350269317627,2.9085745811462402,3.9919843673706055
3.516249656677246,2.909275531768799,3.9910106658935547
3.51666259765625,2.9095802307128906,3.991313934326172
3.5160248279571533,2.9094932079315186,3.9928674697875977
3.5160248279571533,2.9094932079315186,3.9928674697875977
3.5160820484161377,2.9089601039886475,3.9954118728637695
3.5168440341949463,2.9084296226501465,3.9982500076293945
3.518768310546875,2.90817928314209,4.002491474151611
3.5197503566741943,2.908151388168335,4.0055036544799805
3.5197503566741943,2.908151388168335,4.0055036544799805
3.5196902751922607,2.909228563308716,4.007158279418945
3.519888162612915,2.9096567630767822,4.009663105010986
3.520453453063965,2.9102187156677246,4.011166572570801
3.520972490310669,2.910560369491577,4.012689113616943
3.520972490310669,2.910560369491577,4.012689113616943
3.521895170211792,2.9109697341918945,4.014347076416016
3.5225882530212402,2.9112277030944824,4.015876770019531
3.523723840713501,2.910644769668579,4.01845121383667
3.526125192642212,2.909467935562134,4.021644592285156
3.526125192642212,2.909467935562134,4.021644592285156
3.5289885997772217,2.908062696456909,4.0251359939575195
3.5308263301849365,2.9073433876037598,4.027773857116699
3.5329787731170654,2.9070887565612793,4.029211521148682
3.534688711166382,2.9065372943878174,4.029933452606201
3.534688711166382,2.9065372943878174,4.029933452606201
3.535097360610962,2.906824827194214,4.029918670654297
3.5339670181274414,2.9074692726135254,4.0304155349731445
3.5329971313476562,2.907820463180542,4.032240867614746
3.5310475826263428,2.9077529907226562,4.0357136726379395
3.5310475826263428,2.9077529907226562,4.0357136726379395
3.530644416809082,2.9078896045684814,4.038377285003662
3.531589984893799,2.907803773880005,4.040908336639404
3.533367395401001,2.908228874206543,4.04218053817749
3.5351524353027344,2.9079349040985107,4.043550968170166
3.5351524353027344,2.9079349040985107,4.043550968170166
3.537236452102661,2.907209634780884,4.045209884643555
3.53891921043396,2.9067392349243164,4.046553611755371
3.540464401245117,2.907118558883667,4.048160076141357
3.541978597640991,2.9073805809020996,4.050454616546631
3.541978597640991,2.9073805809020996,4.050454616546631
3.543586254119873,2.9082083702087402,4.05299711227417
3.544182300567627,2.9089014530181885,4.055572509765625
3.5440876483917236,2.909865140914917,4.057748794555664
3.543807029724121,2.910926580429077,4.059316158294678
3.543807029724121,2.910926580429077,4.059316158294678
3.543689250946045,2.9116413593292236,4.060752868652344
3.5446836948394775,2.912475824356079,4.061582088470459
3.5450797080993652,2.9131715297698975,4.063299179077148
3.545630931854248,2.913015365600586,4.065647125244141
3.545630931854248,2.913015365600586,4.065647125244141
3.545914888381958,2.9128410816192627,4.067481994628906
3.5473439693450928,2.9123904705047607,4.069888114929199
3.5496878623962402,2.9118707180023193,4.071977138519287
3.5522637367248535,2.911221981048584,4.073400497436523
3.5522637367248535,2.911221981048584,4.073400497436523
3.5547749996185303,2.910651922225952,4.074527740478516
3.557081699371338,2.9100050926208496,4.0750274658203125
3.559034585952759,2.9092977046966553,4.076585292816162
3.5605409145355225,2.9089457988739014,4.07772970199585
3.5605409145355225,2.9089457988739014,4.07772970199585
3.561694860458374,2.9090075492858887,4.078576564788818
3.562281608581543,2.9087483882904053,4.079442977905273
3.5632448196411133,2.9085447788238525,4.080171585083008
3.564420461654663,2.907860040664673,4.081389427185059
3.564420461654663,2.907860040664673,4.081389427185059
3.565884590148926,2.906785249710083,4.0835700035095215
3.5680184364318848,2.906608819961548,4.085009574890137
3.5697526931762695,2.906153678894043,4.087138652801514
3.570925712585449,2.9063150882720947,4.08868408203125
3.570925712585449,2.9063150882720947,4.08868408203125
3.571748971939087,2.907041311264038,4.0894975662231445
3.572983503341675,2.9075534343719482,4.0900774002075195
3.5750105381011963,2.9083831310272217,4.090389251708984
3.5773091316223145,2.9080722332000732,4.090878486633301
3.5773091316223145,2.9080722332000732,4.090878486633301
3.5796000957489014,2.907417058944702,4.091367721557617
3.5821444988250732,2.906489849090576,4.091484546661377
3.5855777263641357,2.905486822128296,4.091005802154541
3.5878472328186035,2.905139446258545,4.090299129486084
3.5878472328186035,2.905139446258545,4.090299129486084
3.5898866653442383,2.904559850692749,4.0903143882751465
3.591435194015503,2.9043679237365723,4.0905842781066895
3.5925683975219727,2.9044106006622314,4.091893196105957
3.5931427478790283,2.904714584350586,4.092224597930908
3.5931427478790283,2.904714584350586,4.092224597930908
3.594092845916748,2.9050660133361816,4.092776298522949
3.5949671268463135,2.9048221111297607,4.093301296234131
3.5965957641601562,2.904076337814331,4.09365177154541
3.5980846881866455,2.9038665294647217,4.094070911407471
3.5980846881866455,2.9038665294647217,4.094070911407471
3.599832057952881,2.903621196746826,4.093861103057861
3.6022720336914062,2.902836561203003,4.093492031097412
3.6054165363311768,2.901251792907715,4.094552516937256
3.608003854751587,2.899979591369629,4.0954909324646
3.608003854751587,2.899979591369629,4.0954909324646
3.6104025840759277,2.899815082550049,4.095708847045898
3.612220287322998,2.900171995162964,4.0961713790893555
3.6135764122009277,2.900871753692627,4.09558629989624
3.6140871047973633,2.9004807472229004,4.097451210021973
3.6140871047973633,2.9004807472229004,4.097451210021973
3.615352153778076,2.8994102478027344,4.100723743438721
3.616915225982666,2.898559093475342,4.102945327758789
3.6193771362304688,2.8978257179260254,4.105908393859863
3.6204025745391846,2.8975768089294434,4.1082587242126465
3.6204025745391846,2.8975768089294434,4.1082587242126465
3.6216092109680176,2.897693157196045,4.110165596008301
3.6228673458099365,2.898766040802002,4.1109466552734375
3.623589515686035,2.899996280670166,4.11195707321167
3.62370228767395,2.901240825653076,4.113277435302734
3.62370228767395,2.901240825653076,4.113277435302734
3.6228928565979004,2.9020917415618896,4.113656997680664
3.6231093406677246,2.9020650386810303,4.113941192626953
3.6250641345977783,2.901799440383911,4.114181041717529
3.62626051902771,2.901660442352295,4.113997936248779
3.62626051902771,2.901660442352295,4.113997936248779
3.6268057823181152,2.902216672897339,4.113390922546387
3.6260673999786377,2.9026618003845215,4.1142802238464355
3.625723123550415,2.9032204151153564,4.115518569946289
3.626018762588501,2.903817653656006,4.116583824157715
3.626018762588501,2.903817653656006,4.116583824157715
3.6270079612731934,2.9042904376983643,4.117567539215088
3.628063201904297,2.9043593406677246,4.11904764175415
3.628978967666626,2.904420852661133,4.119724750518799
3.628904342651367,2.904639482498169,4.120197772979736
3.628904342651367,2.904639482498169,4.120197772979736
3.6292550563812256,2.9050612449645996,4.120600700378418
3.629750967025757,2.905592679977417,4.121494770050049
3.628919839859009,2.906332492828369,4.122966766357422
3.6281018257141113,2.9073970317840576,4.123420715332031
3.6281018257141113,2.9073970317840576,4.123420715332031
3.627603530883789,2.9087307453155518,4.1247477531433105
3.627289056777954,2.9094626903533936,4.126668453216553
3.6274125576019287,2.9108047485351562,4.128783702850342
3.627520799636841,2.911770820617676,4.131544589996338
3.627520799636841,2.911770820617676,4.131544589996338
3.627260684967041,2.9129767417907715,4.133779525756836
3.6270880699157715,2.913804054260254,4.136063575744629
3.627448558807373,2.9141716957092285,4.137810230255127
3.62814998626709,2.914348602294922,4.139256000518799
3.62814998626709,2.914348602294922,4.139256000518799
3.6282339096069336,2.9138002395629883,4.141249179840088
3.6273281574249268,2.914078712463379,4.1417694091796875
3.6259915828704834,2.9145853519439697,4.141721248626709
3.6252970695495605,2.9153363704681396,4.141265392303467
3.6252970695495605,2.9153363704681396,4.141265392303467
3.626080274581909,2.915257692337036,4.141931056976318
3.627429246902466,2.914280891418457,4.144445419311523
3.628176689147949,2.913740873336792,4.1460466384887695
3.6291379928588867,2.913797378540039,4.146574974060059
3.6291379928588867,2.913797378540039,4.146574974060059
3.6302783489227295,2.914017915725708,4.148096084594727
3.631274938583374,2.9150586128234863,4.1489715576171875
3.6319282054901123,2.9163284301757812,4.149359703063965
3.6331427097320557,2.9184670448303223,4.151151657104492
3.6331427097320557,2.9184670448303223,4.151151657104492
3.6340959072113037,2.9199020862579346,4.153188705444336
3.6350739002227783,2.920725107192993,4.154665946960449
3.636225461959839,2.9219858646392822,4.1555304527282715
3.637547016143799,2.9223222732543945,4.156912803649902
3.637547016143799,2.9223222732543945,4.156912803649902
3.638320207595825,2.922524929046631,4.15809440612793
3.638864278793335,2.922445058822632,4.159485816955566
3.639724016189575,2.9222829341888428,4.161218166351318
3.6406493186950684,2.9224038124084473,4.162551403045654
3.6406493186950684,2.9224038124084473,4.162551403045654
3.6406514644622803,2.923039436340332,4.163389205932617
3.639477014541626,2.923611640930176,4.1644206047058105
3.6393325328826904,2.9224915504455566,4.166901588439941
3.6415295600891113,2.9209086894989014,4.1695733070373535
3.6415295600891113,2.9209086894989014,4.1695733070373535
3.6450788974761963,2.9195454120635986,4.172304630279541
3.6463823318481445,2.9195618629455566,4.1729817390441895
3.6475412845611572,2.9204487800598145,4.173342704772949
3.64802622795105,2.92136287689209,4.17382287979126
3.64802622795105,2.92136287689209,4.17382287979126
3.6484479904174805,2.922562837600708,4.174912929534912
3.649103879928589,2.922834873199463,4.1778483390808105
3.650885820388794,2.9222962856292725,4.180286407470703
3.6521482467651367,2.9214553833007812,4.183309555053711
3.6521482467651367,2.9214553833007812,4.183309555053711
3.6531147956848145,2.9209883213043213,4.184685230255127
3.6544909477233887,2.9204885959625244,4.186299800872803
3.6562294960021973,2.920114755630493,4.187068939208984
3.656893014907837,2.920161485671997,4.188477993011475
3.656893014907837,2.920161485671997,4.188477993011475
3.656472682952881,2.919825553894043,4.190584659576416
3.655949354171753,2.9192166328430176,4.192625045776367
3.6565732955932617,2.918201208114624,4.194314956665039
3.658151388168335,2.917816400527954,4.195037364959717
3.658151388168335,2.917816400527954,4.195037364959717
3.660571575164795,2.917306661605835,4.195075035095215
3.663644790649414,2.9160408973693848,4.197150230407715
3.6668198108673096,2.915076971054077,4.199354648590088
3.6687872409820557,2.9150147438049316,4.200511455535889
3.6687872409820557,2.9150147438049316,4.200511455535889
3.6701478958129883,2.9157118797302246,4.201187610626221
3.6703243255615234,2.916649341583252,4.20119047164917
3.670645236968994,2.9179022312164307,4.199932098388672
3.670107364654541,2.9183998107910156,4.200596809387207
3.670107364654541,2.9183998107910156,4.200596809387207
3.6703450679779053,2.919163942337036,4.2008056640625
3.671072244644165,2.919754981994629,4.202615737915039
3.6713950634002686,2.920621395111084,4.20389461517334
3.670121192932129,2.9207606315612793,4.205499649047852
3.670121192932129,2.9207606315612793,4.205499649047852
3.6702768802642822,2.9206018447875977,4.206273078918457
3.672713041305542,2.9202961921691895,4.207102298736572
3.6745147705078125,2.9197022914886475,4.2076544761657715
3.6767804622650146,2.9191462993621826,4.208711624145508
3.6767804622650146,2.9191462993621826,4.208711624145508
3.6776769161224365,2.9189209938049316,4.209248065948486
3.678481101989746,2.9186019897460938,4.210111618041992
3.679769992828369,2.917938709259033,4.212384223937988
3.6821582317352295,2.9175901412963867,4.214254856109619
3.6821582317352295,2.9175901412963867,4.214254856109619
3.6836984157562256,2.9171814918518066,4.2163543701171875
3.6841394901275635,2.917088270187378,4.218042373657227
3.684873580932617,2.917602062225342,4.218681812286377
3.6850593090057373,2.917963743209839,4.21929407119751
3.6850593090057373,2.917963743209839,4.21929407119751
3.6854794025421143,2.9187400341033936,4.219326496124268
3.685549020767212,2.919548988342285,4.220216751098633
3.684159517288208,2.920471429824829,4.2210693359375
3.684051275253296,2.92116117477417,4.22222900390625
3.684051275253296,2.92116117477417,4.22222900390625
3.684788703918457,2.9216177463531494,4.224063396453857
3.6866722106933594,2.9221439361572266,4.2259955406188965
3.6881625652313232,2.922917604446411,4.22764778137207
3.689042091369629,2.9233896732330322,4.229804039001465
3.689042091369629,2.9233896732330322,4.229804039001465
3.689302444458008,2.924015760421753,4.23166561126709
3.6892619132995605,2.9248993396759033,4.233020782470703
3.68886399269104,2.9260692596435547,4.233606815338135
3.68821120262146,2.92669415473938,4.233914852142334
3.68821120262146,2.92669415473938,4.233914852142334
3.6876509189605713,2.9273459911346436,4.234007358551025
3.6870474815368652,2.927762031555176,4.233673572540283
3.6860733032226562,2.92799711227417,4.233916282653809
3.6854965686798096,2.928227186203003,4.234242916107178
3.6854965686798096,2.928227186203003,4.234242916107178
3.684783935546875,2.9289162158966064,4.2344651222229
3.6830344200134277,2.9297990798950195,4.233422756195068
3.6805944442749023,2.9304990768432617,4.232807636260986
3.6802399158477783,2.9315025806427,4.232143878936768
3.6802399158477783,2.9315025806427,4.232143878936768
3.6809282302856445,2.933196783065796,4.231793403625488
3.6814868450164795,2.93411922454834,4.2325263023376465
3.6831891536712646,2.9345085620880127,4.2338433265686035
3.6850597858428955,2.9347825050354004,4.235182762145996
3.6850597858428955,2.9347825050354004,4.235182762145996
3.686777353286743,2.9347431659698486,4.236785888671875
3.689917802810669,2.9349584579467773,4.237839221954346
3.692523717880249,2.934612989425659,4.240614414215088
3.6948983669281006,2.933703899383545,4.245118141174316
3.6948983669281006,2.933703899383545,4.245118141174316
3.6969337463378906,2.9336466789245605,4.2472333908081055
3.6983087062835693,2.9336352348327637,4.249024868011475
3.6995441913604736,2.933258533477783,4.251086711883545
3.6999127864837646,2.9326353073120117,4.253901481628418
3.6999127864837646,2.9326353073120117,4.253901481628418
3.7003912925720215,2.932511329650879,4.256892204284668
3.700354814529419,2.9319891929626465,4.2593560218811035
3.7008609771728516,2.9315731525421143,4.261519432067871
3.702019214630127,2.931166887283325,4.2639336585998535
3.702019214630127,2.931166887283325,4.2639336585998535
3.7030909061431885,2.931920289993286,4.264398097991943
3.7035763263702393,2.93241286277771,4.2653422355651855
3.7044782638549805,2.933135986328125,4.266352653503418
3.704932689666748,2.933415651321411,4.267166614532471
3.704932689666748,2.933415651321411,4.267166614532471
3.705801010131836,2.933865785598755,4.267658710479736
3.7065656185150146,2.933928966522217,4.268523216247559
3.7077882289886475,2.9340126514434814,4.269471168518066
3.7082855701446533,2.9341609477996826,4.27000093460083
3.7082855701446533,2.9341609477996826,4.27000093460083
3.7086377143859863,2.9341399669647217,4.270510673522949
3.708632469177246,2.9342799186706543,4.270064353942871
3.708496570587158,2.933800220489502,4.270672798156738
3.708885669708252,2.933645009994507,4.27126932144165
3.708885669708252,2.933645009994507,4.27126932144165
3.7092974185943604,2.933544397354126,4.271406650543213
3.711026906967163,2.9330782890319824,4.272549629211426
3.7137274742126465,2.9327592849731445,4.27440881729126
3.715059757232666,2.932720899581909,4.276212215423584
3.715059757232666,2.932720899581909,4.276212215423584
3.7157492637634277,2.9330365657806396,4.277215957641602
3.715714693069458,2.9334793090820312,4.277838230133057
3.715891122817993,2.9338886737823486,4.278138160705566
3.7158541679382324,2.9341766834259033,4.27915096282959
3.7158541679382324,2.9341766834259033,4.27915096282959
3.7157862186431885,2.9343056678771973,4.281405925750732
3.7158799171447754,2.9341201782226562,4.284092426300049
3.7154574394226074,2.933905839920044,4.2854204177856445
3.7152698040008545,2.933208465576172,4.287077903747559
3.7152698040008545,2.933208465576172,4.287077903747559
3.71602725982666,2.932445764541626,4.288118362426758
3.7182562351226807,2.9317626953125,4.289514064788818
3.7190704345703125,2.9303746223449707,4.292712211608887
3.720749616622925,2.9301064014434814,4.294023036956787
3.720749616622925,2.9301064014434814,4.294023036956787
3.722719192504883,2.9305171966552734,4.295038223266602
3.723698139190674,2.931579113006592,4.295133113861084
3.7241392135620117,2.9328033924102783,4.294142246246338
3.7241578102111816,2.9335148334503174,4.293789386749268
3.7241578102111816,2.9335148334503174,4.293789386749268
3.7246367931365967,2.933645009994507,4.294292449951172
3.7256767749786377,2.9331746101379395,4.296792030334473
3.726747512817383,2.9330453872680664,4.29897403717041
3.7284092903137207,2.933412790298462,4.300259113311768
3.7284092903137207,2.933412790298462,4.300259113311768
3.7292592525482178,2.9337081909179688,4.301718235015869
3.728999614715576,2.9333086013793945,4.3027496337890625
3.7291181087493896,2.93339467048645,4.303677558898926
3.7291150093078613,2.9333536624908447,4.303213119506836
3.7291150093078613,2.9333536624908447,4.303213119506836
3.729335308074951,2.9333064556121826,4.304213523864746
3.728914499282837,2.932692766189575,4.3058552742004395
3.7296197414398193,2.931952953338623,4.306217670440674
3.7315127849578857,2.931208610534668,4.307814121246338
3.7315127849578857,2.931208610534668,4.307814121246338
3.733726739883423,2.93096661567688,4.308752536773682
3.735478162765503,2.931140899658203,4.309545040130615
3.7369093894958496,2.931579113006592,4.310181140899658
3.7378880977630615,2.931877851486206,4.311788082122803
3.7378880977630615,2.931877851486206,4.311788082122803
3.7384531497955322,2.9315831661224365,4.3134050369262695
3.7393686771392822,2.9310922622680664,4.314631938934326
3.7401812076568604,2.9306535720825195,4.3150410652160645
3.7403128147125244,2.9303863048553467,4.314994812011719
3.7403128147125244,2.9303863048553467,4.314994812011719
3.7395081520080566,2.9305062294006348,4.314742088317871
3.7392921447753906,2.9311060905456543,4.3140997886657715
3.7400224208831787,2.931502103805542,4.314479351043701
3.74239444732666,2.9314231872558594,4.317181587219238
3.74239444732666,2.9314231872558594,4.317181587219238
3.743217706680298,2.9312946796417236,4.32145881652832
3.742521286010742,2.9315521717071533,4.3244476318359375
3.7430825233459473,2.932091474533081,4.325995445251465
3.744414806365967,2.932323932647705,4.328364372253418
3.744414806365967,2.932323932647705,4.328364372253418
3.747053384780884,2.932424545288086,4.329316139221191
3.74843430519104,2.932204008102417,4.330549240112305
3.7492477893829346,2.931877374649048,4.332298278808594
3.750389337539673,2.932025671005249,4.3337249755859375
3.750389337539673,2.932025671005249,4.3337249755859375
3.7514007091522217,2.932403087615967,4.33567476272583
3.7519419193267822,2.9331579208374023,4.336849689483643
3.751995325088501,2.9336156845092773,4.3387017250061035
3.7520711421966553,2.933974266052246,4.340034484863281
3.7520711421966553,2.933974266052246,4.340034484863281
3.7518022060394287,2.934288740158081,4.340908050537109
3.7516472339630127,2.9343624114990234,4.341158866882324
3.7515735626220703,2.93472957611084,4.34195613861084
3.7505452632904053,2.9348535537719727,4.3427910804748535
3.7505452632904053,2.9348535537719727,4.3427910804748535
3.749596357345581,2.9350435733795166,4.343075275421143
3.7503113746643066,2.9348361492156982,4.344169616699219
3.752077579498291,2.934129476547241,4.345102310180664
3.7543766498565674,2.9337942600250244,4.345663070678711
3.7543766498565674,2.9337942600250244,4.345663070678711
3.756392478942871,2.933528423309326,4.346382141113281
3.758347272872925,2.933689832687378,4.346818923950195
3.7604472637176514,2.9338486194610596,4.346497535705566
3.7618532180786133,2.9336814880371094,4.347072124481201
3.7618532180786133,2.9336814880371094,4.347072124481201
3.763364791870117,2.9331436157226562,4.348806858062744
3.76444673538208,2.9325156211853027,4.351410865783691
3.7647194862365723,2.9323384761810303,4.352568626403809
3.764056444168091,2.932859182357788,4.352537155151367
3.764056444168091,2.932859182357788,4.352537155151367
3.7629590034484863,2.932873249053955,4.353583812713623
3.762803316116333,2.9332587718963623,4.354782581329346
3.762174129486084,2.933793306350708,4.3560261726379395
3.761934995651245,2.933856725692749,4.356746673583984
3.761934995651245,2.933856725692749,4.356746673583984
3.761317014694214,2.933385133743286,4.357574939727783
3.7607593536376953,2.9329819679260254,4.357998371124268
3.761256694793701,2.933183431625366,4.357944011688232
3.761533498764038,2.9337756633758545,4.357912063598633
3.761533498764038,2.9337756633758545,4.357912063598633
3.760741710662842,2.934608221054077,4.359206199645996
3.760236978530884,2.9351046085357666,4.361467361450195
3.7607433795928955,2.935399293899536,4.364295482635498
3.7621190547943115,2.935835838317871,4.366703033447266
3.7621190547943115,2.935835838317871,4.366703033447266
3.7629027366638184,2.936108350753784,4.369071960449219
3.7627322673797607,2.9361419677734375,4.3710479736328125
3.7620127201080322,2.9363954067230225,4.372196674346924
3.761930227279663,2.9373090267181396,4.372769832611084
3.761930227279663,2.9373090267181396,4.372769832611084
3.7617409229278564,2.938857078552246,4.373683929443359
3.7609004974365234,2.9391419887542725,4.376054286956787
3.7604289054870605,2.9386520385742188,4.3781023025512695
3.7622334957122803,2.9384706020355225,4.378304481506348
3.7622334957122803,2.9384706020355225,4.378304481506348
3.7645719051361084,2.9386565685272217,4.378209114074707
3.7666125297546387,2.9390640258789062,4.37838888168335
3.7667932510375977,2.939305543899536,4.3795857429504395
3.766124963760376,2.939556121826172,4.380888938903809
3.766124963760376,2.939556121826172,4.380888938903809
3.7657651901245117,2.9403116703033447,4.382655620574951
3.7661197185516357,2.9410440921783447,4.384227275848389
3.766662359237671,2.9421277046203613,4.387418270111084
3.766313076019287,2.943087100982666,4.390692234039307
3.766313076019287,2.943087100982666,4.390692234039307
3.7650177478790283,2.9443717002868652,4.393418788909912
3.763622760772705,2.945855140686035,4.39582633972168
3.762704372406006,2.9480719566345215,4.397149562835693
3.761397361755371,2.9510045051574707,4.397951126098633
3.761397361755371,2.9510045051574707,4.397951126098633
3.7563605308532715,2.9535017013549805,4.401326656341553
3.756751298904419,2.9531807899475098,4.402352333068848
3.757021903991699,2.953134298324585,4.404364585876465
3.7579410076141357,2.9533159732818604,4.406381130218506
3.7579410076141357,2.9533159732818604,4.406381130218506
3.759300470352173,2.9536147117614746,4.407916069030762
3.759037971496582,2.9539804458618164,4.409599781036377
3.7578089237213135,2.954881191253662,4.411482334136963
3.756848096847534,2.9560651779174805,4.413435459136963
3.756848096847534,2.9560651779174805,4.413435459136963
3.7558810710906982,2.9576575756073,4.414725303649902
3.754038095474243,2.959210157394409,4.415764331817627
3.752861976623535,2.9604992866516113,4.4165143966674805
3.7524971961975098,2.960789203643799,4.41863489151001
3.7524971961975098,2.960789203643799,4.41863489151001
3.7534661293029785,2.960496187210083,4.421043395996094
3.7550032138824463,2.9601824283599854,4.4230732917785645
3.755730628967285,2.9601621627807617,4.42478084564209
3.755648374557495,2.960165023803711,4.42581844329834
3.755648374557495,2.960165023803711,4.42581844329834
3.7544443607330322,2.9599666595458984,4.427278995513916
3.754645347595215,2.9597418308258057,4.428648948669434
3.755528211593628,2.959920883178711,4.429204940795898
3.7557222843170166,2.9602084159851074,4.429087162017822
3.7557222843170166,2.9602084159851074,4.429087162017822
3.756161689758301,2.9607927799224854,4.428615570068359
3.75626802444458,2.960977077484131,4.4295148849487305
3.75691819190979,2.9608330726623535,4.4302568435668945
3.758056879043579,2.9602210521698,4.432161331176758
3.758056879043579,2.9602210521698,4.432161331176758
3.759195566177368,2.959566116333008,4.433071136474609
3.760638475418091,2.9585888385772705,4.434062480926514
3.760931968688965,2.9579639434814453,4.4342875480651855
3.759979486465454,2.9581477642059326,4.4325642585754395
3.759979486465454,2.9581477642059326,4.4325642585754395
3.75887393951416,2.9581804275512695,4.431740760803223
3.7583744525909424,2.957712411880493,4.431964874267578
3.758932590484619,2.957286834716797,4.432407855987549
3.7586140632629395,2.9576549530029297,4.433431148529053
3.7586140632629395,2.9576549530029297,4.433431148529053
3.7573256492614746,2.958153247833252,4.433960914611816
3.7560412883758545,2.9584338665008545,4.43465518951416
3.7562270164489746,2.958273410797119,4.436276912689209
3.757389545440674,2.95843768119812,4.436923027038574
3.757389545440674,2.95843768119812,4.436923027038574
3.758744955062866,2.958589553833008,4.437415599822998
3.7605793476104736,2.9583213329315186,4.439371109008789
3.7614986896514893,2.957984447479248,4.441484451293945
3.7621052265167236,2.9580078125,4.443129539489746
3.7621052265167236,2.9580078125,4.443129539489746
3.763005495071411,2.9583282470703125,4.444551467895508
3.7637972831726074,2.9584333896636963,4.446595191955566
3.764536142349243,2.9582924842834473,4.448871612548828
3.76592755317688,2.958068609237671,4.45073938369751
3.76592755317688,2.958068609237671,4.45073938369751
3.7668519020080566,2.9586281776428223,4.451747894287109
3.768420696258545,2.959059953689575,4.45319128036499
3.769822835922241,2.959263324737549,4.45518684387207
3.770770311355591,2.960059642791748,4.456763744354248
3.770770311355591,2.960059642791748,4.456763744354248
3.771270751953125,2.96094012260437,4.458518028259277
3.7737348079681396,2.9608542919158936,4.460539817810059
3.7760121822357178,2.9605400562286377,4.462918281555176
3.778865098953247,2.9609246253967285,4.465216636657715
3.778865098953247,2.9609246253967285,4.465216636657715
3.781242609024048,2.9609975814819336,4.467149257659912
3.782475471496582,2.9616034030914307,4.469040393829346
3.7826318740844727,2.962308645248413,4.471055507659912
3.7823870182037354,2.963139772415161,4.473353862762451
3.7823870182037354,2.963139772415161,4.473353862762451
3.7820210456848145,2.9641432762145996,4.475155830383301
3.782093048095703,2.9647340774536133,4.476441383361816
3.7824931144714355,2.964862823486328,4.478457450866699
3.782113552093506,2.964714765548706,4.479165077209473
3.782113552093506,2.964714765548706,4.479165077209473
3.7816359996795654,2.964966058731079,4.479640007019043
3.780820608139038,2.9656589031219482,4.479135513305664
3.7806694507598877,2.966012954711914,4.480130672454834
3.7802624702453613,2.966463565826416,4.481777191162109
3.7802624702453613,2.966463565826416,4.481777191162109
3.7791199684143066,2.9672024250030518,4.483756065368652
3.7787532806396484,2.968209981918335,4.48431396484375
3.779466390609741,2.9700937271118164,4.483978271484375
3.7809250354766846,2.9706268310546875,4.486334323883057
3.7809250354766846,2.9706268310546875,4.486334323883057
3.782897710800171,2.9706308841705322,4.48899507522583
3.7842626571655273,2.9700279235839844,4.492217063903809
3.7857043743133545,2.9702203273773193,4.494178771972656
3.786031723022461,2.9708921909332275,4.4942545890808105
3.786031723022461,2.9708921909332275,4.4942545890808105
3.786480665206909,2.971689462661743,4.495517730712891
3.7870934009552,2.9723892211914062,4.496913433074951
3.7888128757476807,2.97288179397583,4.4979658126831055
3.790714979171753,2.9719722270965576,4.5020751953125
3.790714979171753,2.9719722270965576,4.5020751953125
3.792382001876831,2.9711246490478516,4.505086898803711
3.7942981719970703,2.970634698867798,4.507930278778076
3.79476261138916,2.9704906940460205,4.50957727432251
3.794656753540039,2.970649003982544,4.5111613273620605
3.794656753540039,2.970649003982544,4.5111613273620605
3.7933602333068848,2.970919370651245,4.511773586273193
3.792407751083374,2.970855951309204,4.512110710144043
3.7923355102539062,2.9708564281463623,4.512447357177734
3.793196201324463,2.9709928035736084,4.513749122619629
3.793196201324463,2.9709928035736084,4.513749122619629
3.7937264442443848,2.9717252254486084,4.515876770019531
3.7931721210479736,2.9748752117156982,4.514619827270508
3.793858528137207,2.9761765003204346,4.515071392059326
3.794848680496216,2.976902961730957,4.517873287200928
3.794848680496216,2.976902961730957,4.517873287200928
3.7966487407684326,2.9759390354156494,4.523706912994385
3.798280954360962,2.9747416973114014,4.527786731719971
3.800475597381592,2.973679542541504,4.530665397644043
3.801823854446411,2.972878932952881,4.533042907714844
3.801823854446411,2.972878932952881,4.533042907714844
3.8029489517211914,2.9723384380340576,4.534252643585205
3.8034465312957764,2.9717612266540527,4.535121917724609
3.804297685623169,2.9712047576904297,4.536273002624512
3.8052852153778076,2.970841407775879,4.537721157073975
3.8052852153778076,2.970841407775879,4.537721157073975
3.8054745197296143,2.970811128616333,4.539695739746094
3.8049991130828857,2.970801830291748,4.541431903839111
3.8049426078796387,2.97068452835083,4.542716026306152
3.8060619831085205,2.9706473350524902,4.543115139007568
3.8060619831085205,2.9706473350524902,4.543115139007568
3.8072996139526367,2.970703601837158,4.5437750816345215
3.807406425476074,2.970942974090576,4.543999671936035
3.8058888912200928,2.971785068511963,4.544267177581787
3.804898738861084,2.972503662109375,4.545146465301514
3.804898738861084,2.972503662109375,4.545146465301514
3.804579019546509,2.9736363887786865,4.545355796813965
3.80403995513916,2.9747557640075684,4.545250415802002
3.8036134243011475,2.975522756576538,4.545799255371094
3.803218364715576,2.9758267402648926,4.546816825866699
3.803218364715576,2.9758267402648926,4.546816825866699
3.8037588596343994,2.975733757019043,4.548386096954346
3.8049845695495605,2.9756762981414795,4.549577236175537
3.8058791160583496,2.975719690322876,4.550500869750977
3.8066136837005615,2.9764037132263184,4.551530361175537
3.8066136837005615,2.9764037132263184,4.551530361175537
3.8063035011291504,2.977126121520996,4.552396774291992
3.805826187133789,2.977799654006958,4.552004337310791
3.8062775135040283,2.978195905685425,4.552058219909668
3.8072290420532227,2.9782729148864746,4.553373336791992
3.8072290420532227,2.9782729148864746,4.553373336791992
3.8079071044921875,2.9787449836730957,4.553915977478027
3.808168888092041,2.9798061847686768,4.554487228393555
3.8078598976135254,2.9807369709014893,4.555957794189453
3.8074417114257812,2.981541872024536,4.559061050415039
3.8074417114257812,2.981541872024536,4.559061050415039
3.8077728748321533,2.982301950454712,4.561108589172363
3.8080759048461914,2.9831738471984863,4.563523292541504
3.808248996734619,2.9841909408569336,4.565473556518555
3.8091447353363037,2.9850263595581055,4.568624973297119
3.8091447353363037,2.9850263595581055,4.568624973297119
3.8096277713775635,2.9858784675598145,4.571315765380859
3.80928373336792,2.9863929748535156,4.573349475860596
3.808363676071167,2.9867866039276123,4.574714660644531
3.8090767860412598,2.987297296524048,4.577105522155762
3.8090767860412598,2.987297296524048,4.577105522155762
3.8085849285125732,2.987750768661499,4.579549312591553
3.806892156600952,2.9885401725769043,4.580958366394043
3.80615496635437,2.9893813133239746,4.582196235656738
3.8060827255249023,2.990432024002075,4.58349084854126
3.8060827255249023,2.990432024002075,4.58349084854126
3.8057754039764404,2.9922351837158203,4.5846662521362305
3.8049607276916504,2.994321584701538,4.585269451141357
3.8044991493225098,2.9963693618774414,4.587136268615723
3.8041203022003174,2.997415542602539,4.5891523361206055
3.8041203022003174,2.997415542602539,4.5891523361206055
3.804382085800171,2.9984865188598633,4.590279579162598
3.8040335178375244,2.999415636062622,4.59112548828125
3.8046178817749023,3.000027894973755,4.591793537139893
3.804654836654663,2.9999589920043945,4.593279838562012
3.804654836654663,2.9999589920043945,4.593279838562012
3.804666042327881,3.000042676925659,4.5943989753723145
3.80469012260437,3.0004191398620605,4.594853401184082
3.803262233734131,3.000847578048706,4.596222400665283
3.803185224533081,3.001405954360962,4.596649169921875
3.803185224533081,3.001405954360962,4.596649169921875
3.802964925765991,3.0020015239715576,4.5981125831604
3.8019936084747314,3.0028581619262695,4.60049295425415
3.8005921840667725,3.003504753112793,4.6027445793151855
3.8011202812194824,3.003704309463501,4.604358673095703
3.8011202812194824,3.003704309463501,4.604358673095703
3.80322265625,3.004157304763794,4.606502056121826
3.8044638633728027,3.004728317260742,4.607229232788086
3.8040549755096436,3.0055360794067383,4.608954429626465
3.8023242950439453,3.0063252449035645,4.6102800369262695
3.8010900020599365,3.0070743560791016,4.6112260818481445
3.8010900020599365,3.0070743560791016,4.6112260818481445
3.8001649379730225,3.0064778327941895,4.614291667938232
3.800910234451294,3.0059902667999268,4.616412162780762
3.8018999099731445,3.0050809383392334,4.619401454925537
3.8018999099731445,3.0050809383392334,4.619401454925537
3.8020308017730713,3.0038700103759766,4.621325492858887
3.8020222187042236,3.0029497146606445,4.622238636016846
3.801884412765503,3.0019333362579346,4.623780250549316
3.8022992610931396,3.0012476444244385,4.625285625457764
3.8022992610931396,3.0012476444244385,4.625285625457764
3.8027501106262207,3.0012381076812744,4.625528335571289
3.8033487796783447,3.001633644104004,4.626255512237549
3.8034448623657227,3.001901626586914,4.627676486968994
3.803555727005005,3.0015475749969482,4.629573345184326
3.803555727005005,3.0015475749969482,4.629573345184326
3.8043832778930664,3.0007874965667725,4.631019115447998
3.8059241771698,2.9999778270721436,4.631939888000488
3.807744026184082,2.999077081680298,4.633115768432617
3.8086154460906982,2.998878002166748,4.632882595062256
3.8086154460906982,2.998878002166748,4.632882595062256
3.8091156482696533,2.999006748199463,4.6336140632629395
3.810163736343384,2.9993929862976074,4.633947372436523
3.811312437057495,2.999366044998169,4.6360955238342285
3.812314510345459,2.9994311332702637,4.6374311447143555
3.812314510345459,2.9994311332702637,4.6374311447143555
3.8129239082336426,2.999419927597046,4.6399922370910645
3.8128464221954346,2.9995994567871094,4.642313480377197
3.8128998279571533,3.0001251697540283,4.643613338470459
3.8131906986236572,3.0010225772857666,4.644610404968262
3.8131906986236572,3.0010225772857666,4.644610404968262
3.813770294189453,3.001816749572754,4.6443891525268555
3.8140931129455566,3.0022330284118652,4.6454010009765625
3.814094305038452,3.0021674633026123,4.646901607513428
3.8151254653930664,3.001469373703003,4.647876262664795
3.8151254653930664,3.001469373703003,4.647876262664795
3.816627264022827,3.0005555152893066,4.648594856262207
3.818504810333252,3.0000851154327393,4.648762226104736
3.819042205810547,2.9999985694885254,4.649255275726318
3.8190410137176514,3.0004425048828125,4.650384426116943
3.8190410137176514,3.0004425048828125,4.650384426116943
3.8202996253967285,3.0012664794921875,4.655133247375488
3.8213272094726562,3.0016696453094482,4.658949375152588
3.8205723762512207,3.002531051635742,4.66148567199707
3.819654941558838,3.003174304962158,4.661896705627441
3.819654941558838,3.003174304962158,4.661896705627441
3.8191404342651367,3.0042145252227783,4.660497665405273
3.8183915615081787,3.0050137042999268,4.658387660980225
3.8166534900665283,3.0053656101226807,4.657001972198486
3.815869092941284,3.0058605670928955,4.6569132804870605
3.815869092941284,3.0058605670928955,4.6569132804870605
3.8159825801849365,3.006126880645752,4.6587324142456055
3.8164985179901123,3.0066635608673096,4.660995960235596
3.8165359497070312,3.006727457046509,4.66508150100708
3.8174009323120117,3.0072054862976074,4.667017936706543
3.8174009323120117,3.0072054862976074,4.667017936706543
3.818974256515503,3.007680892944336,4.6689534187316895
3.821214437484741,3.0080649852752686,4.670220375061035
3.823148727416992,3.0082998275756836,4.672536849975586
3.824246644973755,3.008275032043457,4.6753058433532715
3.824246644973755,3.008275032043457,4.6753058433532715
3.824911117553711,3.008445978164673,4.677722454071045
3.825514793395996,3.008955717086792,4.6794891357421875
3.8260867595672607,3.009920597076416,4.681416988372803
3.825756072998047,3.0110015869140625,4.6830973625183105
3.825756072998047,3.0110015869140625,4.6830973625183105
3.825235366821289,3.0123069286346436,4.684484958648682
3.8251845836639404,3.0127875804901123,4.686547756195068
3.82470965385437,3.013096809387207,4.688867092132568
3.8246424198150635,3.0133745670318604,4.691173553466797
3.8246424198150635,3.0133745670318604,4.691173553466797
3.8255794048309326,3.014188766479492,4.692819118499756
3.826413631439209,3.0151641368865967,4.694827556610107
3.826399087905884,3.0162017345428467,4.697157859802246
3.825239658355713,3.016747236251831,4.699747085571289
3.825239658355713,3.016747236251831,4.699747085571289
3.8250133991241455,3.01678466796875,4.701117038726807
3.8271737098693848,3.0163986682891846,4.701562881469727
3.828892707824707,3.016098737716675,4.702661037445068
3.831127882003784,3.0155670642852783,4.703561305999756
3.831127882003784,3.0155670642852783,4.703561305999756
3.831733465194702,3.0154194831848145,4.7060370445251465
3.832185983657837,3.015866279602051,4.707822322845459
3.832327127456665,3.0169293880462646,4.711099147796631
3.832754611968994,3.018134593963623,4.713136672973633
3.832754611968994,3.018134593963623,4.713136672973633
3.8326499462127686,3.0193305015563965,4.714028835296631
3.832986831665039,3.0201079845428467,4.715236663818359
3.8329012393951416,3.019864082336426,4.716131687164307
3.832854747772217,3.019158124923706,4.716365814208984
3.832854747772217,3.019158124923706,4.716365814208984
3.833406448364258,3.018007278442383,4.715875625610352
3.8345589637756348,3.0166208744049072,4.715725421905518
3.8371477127075195,3.0152575969696045,4.717363357543945
3.83856463432312,3.0149435997009277,4.717341423034668
3.83856463432312,3.0149435997009277,4.717341423034668
3.838291883468628,3.014613389968872,4.716858386993408
3.83821964263916,3.0145184993743896,4.717069625854492
3.838902473449707,3.0145955085754395,4.718202590942383
3.839317798614502,3.0145440101623535,4.720278739929199
3.839317798614502,3.0145440101623535,4.720278739929199
3.8396220207214355,3.0146164894104004,4.72136116027832
3.8399572372436523,3.014655351638794,4.723127841949463
3.840474843978882,3.014517068862915,4.726197242736816
3.84187650680542,3.0143680572509766,4.727635860443115
3.84187650680542,3.0143680572509766,4.727635860443115
3.842130422592163,3.014629364013672,4.729640483856201
3.8419792652130127,3.014676094055176,4.732161521911621
3.8424127101898193,3.014662027359009,4.7340407371521
3.842525005340576,3.0147578716278076,4.735381126403809
3.842525005340576,3.0147578716278076,4.735381126403809
3.8426320552825928,3.014416217803955,4.736144065856934
3.843775510787964,3.013467311859131,4.738301753997803
3.845721960067749,3.0127196311950684,4.740627288818359
3.845759391784668,3.0118696689605713,4.742743968963623
3.845759391784668,3.0118696689605713,4.742743968963623
3.844705104827881,3.0108680725097656,4.743223190307617
3.8457486629486084,3.0099403858184814,4.743314266204834
3.847968578338623,3.0088837146759033,4.7441253662109375
3.8503925800323486,3.008481502532959,4.745983600616455
3.8503925800323486,3.008481502532959,4.745983600616455
3.8523974418640137,3.008577585220337,4.74908447265625
3.853746175765991,3.009384870529175,4.750499725341797
3.8545541763305664,3.010388135910034,4.752040386199951
3.8559670448303223,3.0115461349487305,4.752851486206055
3.8559670448303223,3.0115461349487305,4.752851486206055
3.8566744327545166,3.012213706970215,4.754304885864258
3.857192039489746,3.0120115280151367,4.755566120147705
3.858081579208374,3.011678457260132,4.75576114654541
3.8582816123962402,3.011353015899658,4.7551751136779785
3.8582816123962402,3.011353015899658,4.7551751136779785
3.8587119579315186,3.0110890865325928,4.7542829513549805
3.8592491149902344,3.0109152793884277,4.753855228424072
3.859718084335327,3.0108625888824463,4.754659652709961
3.8601906299591064,3.0109591484069824,4.756563663482666
3.8601906299591064,3.0109591484069824,4.756563663482666
3.861931800842285,3.0107581615448,4.758512020111084
3.864619493484497,3.010629177093506,4.760087966918945
3.866760730743408,3.0104188919067383,4.761751651763916
3.868922710418701,3.0104708671569824,4.763021469116211
3.868922710418701,3.0104708671569824,4.763021469116211
3.8704917430877686,3.0109400749206543,4.764632225036621
3.8714563846588135,3.011477470397949,4.765850067138672
3.873023748397827,3.0122950077056885,4.767580986022949
3.874735116958618,3.012744426727295,4.769786834716797
3.874735116958618,3.012744426727295,4.769786834716797
3.8770127296447754,3.0130107402801514,4.771955966949463
3.8794543743133545,3.0135717391967773,4.772757053375244
3.8809993267059326,3.0136570930480957,4.773634433746338
3.8830997943878174,3.0135042667388916,4.774909019470215
3.8830997943878174,3.0135042667388916,4.774909019470215
3.8856613636016846,3.0129075050354004,4.7766618728637695
3.888023853302002,3.0124242305755615,4.777489185333252
3.889404773712158,3.0123164653778076,4.778270244598389
3.890138864517212,3.011827230453491,4.778519630432129
3.890138864517212,3.011827230453491,4.778519630432129
3.891709327697754,3.0114479064941406,4.780214786529541
3.893441677093506,3.0114245414733887,4.781274318695068
3.8951354026794434,3.0117173194885254,4.782210350036621
3.8957180976867676,3.011997938156128,4.782616138458252
3.8957180976867676,3.011997938156128,4.782616138458252
3.8961596488952637,3.0128722190856934,4.78212308883667
3.8969333171844482,3.0135951042175293,4.782928466796875
3.898155927658081,3.0142972469329834,4.783901691436768
3.8991103172302246,3.0151453018188477,4.785545349121094
3.8991103172302246,3.0151453018188477,4.785545349121094
3.898602247238159,3.016477108001709,4.78663444519043
3.897818088531494,3.0166704654693604,4.787163257598877
3.8992037773132324,3.0155389308929443,4.787342548370361
3.902029275894165,3.0138442516326904,4.788767337799072
3.902029275894165,3.0138442516326904,4.788767337799072
3.9044687747955322,3.013092279434204,4.790115833282471
3.90388560295105,3.0138158798217773,4.791165828704834
3.900773525238037,3.0159919261932373,4.79169225692749
3.8993828296661377,3.0174918174743652,4.7914934158325195
3.8993828296661377,3.0174918174743652,4.7914934158325195
3.898635149002075,3.018665313720703,4.792025566101074
3.8991477489471436,3.0189661979675293,4.792832374572754
3.9008724689483643,3.0179250240325928,4.7941107749938965
3.9034743309020996,3.0157973766326904,4.796966075897217
3.9034743309020996,3.0157973766326904,4.796966075897217
3.9059581756591797,3.013373613357544,4.799196720123291
3.907895803451538,3.011568784713745,4.798486709594727
3.908942699432373,3.010507345199585,4.798160076141357
3.9098429679870605,3.009021282196045,4.799083232879639
3.9098429679870605,3.009021282196045,4.799083232879639
3.91146183013916,3.007082223892212,4.801526069641113
3.9134361743927,3.0052666664123535,4.8033623695373535
3.915679454803467,3.0033397674560547,4.8055524826049805
3.9176852703094482,3.0029044151306152,4.80761194229126
3.9176852703094482,3.0029044151306152,4.80761194229126
3.916802167892456,3.0026168823242188,4.809622287750244
3.916156768798828,3.0030760765075684,4.811515808105469
3.915849447250366,3.0033254623413086,4.813674449920654
3.917508840560913,3.0032718181610107,4.814960479736328
3.917508840560913,3.0032718181610107,4.814960479736328
3.9195966720581055,3.0030360221862793,4.815859794616699
3.9201653003692627,3.002718687057495,4.816870212554932
3.919847249984741,3.002880573272705,4.816971778869629
3.9193806648254395,3.0033621788024902,4.816565990447998
3.9193806648254395,3.0033621788024902,4.816565990447998
3.9202301502227783,3.004183292388916,4.815298080444336
3.9215598106384277,3.0044569969177246,4.815892219543457
3.922546625137329,3.004415512084961,4.818017959594727
3.9239394664764404,3.004114866256714,4.8186798095703125
3.9239394664764404,3.004114866256714,4.8186798095703125
3.9259800910949707,3.0039608478546143,4.819401741027832
3.928210973739624,3.003718614578247,4.8196940422058105
3.9302351474761963,3.003541946411133,4.820756912231445
3.9308788776397705,3.0035462379455566,4.823162078857422
3.9308788776397705,3.0035462379455566,4.823162078857422
3.9313251972198486,3.0033810138702393,4.825705528259277
3.9339754581451416,3.003091812133789,4.828845024108887
3.9372856616973877,3.0033037662506104,4.830099582672119
3.93917179107666,3.0036473274230957,4.830325603485107
3.93917179107666,3.0036473274230957,4.830325603485107
3.9399235248565674,3.0041866302490234,4.830974578857422
3.9393253326416016,3.0049684047698975,4.83146333694458
3.9398577213287354,3.0053627490997314,4.8335771560668945
3.941300630569458,3.0061159133911133,4.836089611053467
3.941300630569458,3.0061159133911133,4.836089611053467
3.94319748878479,3.006132125854492,4.839988708496094
3.9436893463134766,3.0061898231506348,4.841908931732178
3.943854808807373,3.006817102432251,4.843673229217529
3.943760633468628,3.007171392440796,4.844333171844482
3.943760633468628,3.007171392440796,4.844333171844482
3.944077491760254,3.008136510848999,4.8447418212890625
3.944640636444092,3.008680582046509,4.84650182723999
3.9456751346588135,3.0093414783477783,4.8485426902771
3.9475226402282715,3.0101940631866455,4.849551677703857
3.9475226402282715,3.0101940631866455,4.849551677703857
3.9486629962921143,3.0111751556396484,4.8512043952941895
3.9495346546173096,3.0118322372436523,4.852849960327148
3.9516050815582275,3.0125651359558105,4.854677677154541
3.9532952308654785,3.013362407684326,4.8566060066223145
3.9532952308654785,3.013362407684326,4.8566060066223145
3.955219268798828,3.0139830112457275,4.857494354248047
3.9571373462677,3.014349937438965,4.858452796936035
3.9586124420166016,3.014727830886841,4.860223293304443
3.9595651626586914,3.0148813724517822,4.861896991729736
3.9595651626586914,3.0148813724517822,4.861896991729736
3.960542917251587,3.0154049396514893,4.862931728363037
3.961695671081543,3.0158658027648926,4.864333152770996
3.963291645050049,3.0166432857513428,4.86602783203125
3.964496612548828,3.017110586166382,4.866783142089844
3.964496612548828,3.017110586166382,4.866783142089844
3.9659993648529053,3.017157793045044,4.8689799308776855
3.967395305633545,3.016906499862671,4.871417999267578
3.9694504737854004,3.0166594982147217,4.874495506286621
3.9706122875213623,3.0166311264038086,4.876270294189453
3.9706122875213623,3.0166311264038086,4.876270294189453
3.9712157249450684,3.0168004035949707,4.877227783203125
3.971296548843384,3.0175352096557617,4.8781561851501465
3.9697835445404053,3.018704414367676,4.880014419555664
3.968550205230713,3.0187771320343018,4.8809638023376465
3.968550205230713,3.0187771320343018,4.8809638023376465
3.9676764011383057,3.0184147357940674,4.8811492919921875
3.968019723892212,3.0176684856414795,4.882023334503174
3.968752861022949,3.0166947841644287,4.883638858795166
3.970057249069214,3.0162172317504883,4.884864330291748
3.970057249069214,3.0162172317504883,4.884864330291748
3.970813274383545,3.015765428543091,4.885191440582275
3.971264362335205,3.0149879455566406,4.8875837326049805
3.9714012145996094,3.014598846435547,4.889692306518555
3.9716713428497314,3.01456880569458,4.89067268371582
3.9716713428497314,3.01456880569458,4.89067268371582
3.972095251083374,3.014707088470459,4.891239643096924
3.9733057022094727,3.014848232269287,4.892216682434082
3.974254608154297,3.014817476272583,4.8953657150268555
3.974647045135498,3.0144054889678955,4.897460460662842
3.974647045135498,3.0144054889678955,4.897460460662842
3.976393699645996,3.0140113830566406,4.898680686950684
3.978914737701416,3.013526201248169,4.901434421539307
3.9821701049804688,3.0133328437805176,4.905346393585205
3.982931613922119,3.0136237144470215,4.907535076141357
3.982931613922119,3.0136237144470215,4.907535076141357
3.983333110809326,3.013826847076416,4.908231258392334
3.9840781688690186,3.0137927532196045,4.909445285797119
3.9854297637939453,3.0129072666168213,4.912858009338379
3.9869918823242188,3.0122811794281006,4.915107250213623
3.9869918823242188,3.0122811794281006,4.915107250213623
3.9880001544952393,3.0123541355133057,4.916230201721191
3.9903414249420166,3.0132076740264893,4.917283535003662
3.990082263946533,3.013360023498535,4.918002128601074
3.9909305572509766,3.0138351917266846,4.919224739074707
3.9909305572509766,3.0138351917266846,4.919224739074707
3.991230010986328,3.0140297412872314,4.921717166900635
3.991960287094116,3.014097213745117,4.9231061935424805
3.9928841590881348,3.013530969619751,4.923815727233887
3.994394540786743,3.013338565826416,4.924395561218262
3.994394540786743,3.013338565826416,4.924395561218262
3.9950520992279053,3.0130698680877686,4.927184581756592
3.9963362216949463,3.013176202774048,4.929510593414307
3.9984922409057617,3.0138280391693115,4.932263374328613
3.999854564666748,3.0155370235443115,4.933771133422852
3.999854564666748,3.0155370235443115,4.933771133422852
3.9998977184295654,3.0163333415985107,4.937252044677734
4.000731468200684,3.016726493835449,4.9403767585754395
4.00293493270874,3.0170705318450928,4.942136764526367
4.0046610832214355,3.0176031589508057,4.942927837371826
4.0046610832214355,3.0176031589508057,4.942927837371826
4.00639533996582,3.018491268157959,4.944998741149902
4.007359504699707,3.019752264022827,4.947825908660889
4.007708549499512,3.0201973915100098,4.951392650604248
4.0083441734313965,3.0208547115325928,4.952546119689941
4.0083441734313965,3.0208547115325928,4.952546119689941
4.009191989898682,3.0218634605407715,4.953017711639404
4.010462284088135,3.023016929626465,4.953695774078369
4.010451316833496,3.023963451385498,4.954895496368408
4.009124279022217,3.024712562561035,4.955855846405029
4.009124279022217,3.024712562561035,4.955855846405029
4.008471488952637,3.025322914123535,4.956966876983643
4.009166240692139,3.0256900787353516,4.9576921463012695
4.010385990142822,3.025658369064331,4.958431720733643
4.011455059051514,3.0254673957824707,4.959362506866455
4.011455059051514,3.0254673957824707,4.959362506866455
4.012853145599365,3.025512218475342,4.962606430053711
4.013439655303955,3.0256316661834717,4.9658613204956055
4.015354633331299,3.025470495223999,4.9675092697143555
4.017176151275635,3.0256993770599365,4.969543933868408
4.017176151275635,3.0256993770599365,4.969543933868408
4.01941442489624,3.0259950160980225,4.970526218414307
4.021739482879639,3.026677370071411,4.972161293029785
4.023650646209717,3.027174949645996,4.9744648933410645
4.025112628936768,3.027696132659912,4.977813720703125
4.025112628936768,3.027696132659912,4.977813720703125
4.027112007141113,3.027780294418335,4.983334541320801
4.029759407043457,3.0280182361602783,4.986763000488281
4.032046794891357,3.028404474258423,4.987926959991455
4.033740997314453,3.028857707977295,4.989340782165527
4.033740997314453,3.028857707977295,4.989340782165527
4.034804821014404,3.0295450687408447,4.991866111755371
4.0355544090271,3.029971122741699,4.993680477142334
4.036391735076904,3.030291795730591,4.995682716369629
4.037107944488525,3.0297765731811523,4.997697830200195
4.037107944488525,3.0297765731811523,4.997697830200195
4.038515567779541,3.0289597511291504,5.000401973724365
4.039792060852051,3.028440237045288,5.002394676208496
4.038727760314941,3.0277822017669678,5.004265308380127
4.038503646850586,3.027355670928955,5.005703449249268
4.038503646850586,3.027355670928955,5.005703449249268
4.039922714233398,3.026886224746704,5.008153915405273
4.042223930358887,3.0267231464385986,5.010393142700195
4.044443607330322,3.026379346847534,5.012609481811523
4.045828819274902,3.0264034271240234,5.01639461517334
4.045828819274902,3.0264034271240234,5.01639461517334
4.0467681884765625,3.026862859725952,5.020058631896973
4.048089981079102,3.0279946327209473,5.0234174728393555
4.049154758453369,3.0294394493103027,5.027597427368164
4.050141334533691,3.030565023422241,5.031973361968994
4.050141334533691,3.030565023422241,5.031973361968994
4.050622463226318,3.0311553478240967,5.0351948738098145
4.049981594085693,3.0312371253967285,5.037275314331055
4.049558639526367,3.0307564735412598,5.037717819213867
4.050564289093018,3.030073642730713,5.037931442260742
4.050564289093018,3.030073642730713,5.037931442260742
4.052266597747803,3.0296683311462402,5.039394378662109
4.0528764724731445,3.0295629501342773,5.041503429412842
4.052318096160889,3.0298781394958496,5.043686389923096
4.0518574714660645,3.0303783416748047,5.045035362243652
4.0518574714660645,3.0303783416748047,5.045035362243652
4.0539679527282715,3.030996084213257,5.0451860427856445
4.055647850036621,3.031407356262207,5.045196056365967
4.0569562911987305,3.031259536743164,5.044459342956543
4.057931900024414,3.0313615798950195,5.044200897216797
4.057931900024414,3.0313615798950195,5.044200897216797
4.0598835945129395,3.03171443939209,5.04489803314209
4.062031269073486,3.032498598098755,5.046940326690674
4.064112663269043,3.0343751907348633,5.04890251159668
4.066108703613281,3.03603196144104,5.053164005279541
4.066108703613281,3.03603196144104,5.053164005279541
4.068475723266602,3.03788685798645,5.057132720947266
4.0697221755981445,3.0387532711029053,5.058773517608643
4.071167945861816,3.039731025695801,5.061548233032227
4.072403430938721,3.0400030612945557,5.064047336578369
4.072403430938721,3.0400030612945557,5.064047336578369
4.0738091468811035,3.0400278568267822,5.067077159881592
4.074913501739502,3.0403571128845215,5.0699920654296875
4.07520866394043,3.041072368621826,5.072274684906006
4.074387550354004,3.0414931774139404,5.0773396492004395
4.074387550354004,3.0414931774139404,5.0773396492004395
4.07518196105957,3.041934013366699,5.078028202056885
4.077041149139404,3.0427303314208984,5.078651428222656
4.078917026519775,3.043553590774536,5.078280448913574
4.080160140991211,3.0440070629119873,5.079693794250488
4.080160140991211,3.0440070629119873,5.079693794250488
4.08181095123291,3.0446407794952393,5.082118034362793
4.083140850067139,3.0454277992248535,5.0840301513671875
4.084422588348389,3.046077013015747,5.086435794830322
4.085518836975098,3.046766757965088,5.088968276977539
4.085518836975098,3.046766757965088,5.088968276977539
4.086251735687256,3.047192096710205,5.090632915496826
4.087569236755371,3.0472817420959473,5.0922112464904785
4.090364933013916,3.046529531478882,5.096926689147949
4.094062805175781,3.0456697940826416,5.100225925445557
4.094062805175781,3.0456697940826416,5.100225925445557
4.0959672927856445,3.0451810359954834,5.10152006149292
4.097163677215576,3.0451271533966064,5.100594520568848
4.096862316131592,3.0456528663635254,5.100355625152588
4.096494197845459,3.046337842941284,5.103444576263428
4.096494197845459,3.046337842941284,5.103444576263428
4.096624851226807,3.0465567111968994,5.105564117431641
4.098200798034668,3.046781301498413,5.107259273529053
4.10000467300415,3.0465400218963623,5.10781717300415
4.101114273071289,3.046542167663574,5.107128143310547
4.101114273071289,3.046542167663574,5.107128143310547
4.101911544799805,3.046776056289673,5.106217861175537
4.102421283721924,3.0469861030578613,5.106803894042969
4.102860450744629,3.048023223876953,5.109019756317139
4.103569507598877,3.0491464138031006,5.111537933349609
4.103569507598877,3.0491464138031006,5.111537933349609
4.104409217834473,3.0505361557006836,5.112908363342285
4.104714393615723,3.0512492656707764,5.114375591278076
4.104882717132568,3.051607131958008,5.115754127502441
4.105366230010986,3.0514776706695557,5.117242813110352
4.105366230010986,3.0514776706695557,5.117242813110352
4.105865478515625,3.051372528076172,5.117161273956299
4.106285095214844,3.05070424079895,5.116800308227539
4.107515335083008,3.0497782230377197,5.11834192276001
4.1097412109375,3.049111843109131,5.120365619659424
4.1097412109375,3.049111843109131,5.120365619659424
4.110381126403809,3.0491294860839844,5.1217241287231445
4.109292507171631,3.049414873123169,5.122753620147705
4.108395099639893,3.049747943878174,5.123929500579834
4.109369277954102,3.0500237941741943,5.1255364418029785
4.109369277954102,3.0500237941741943,5.1255364418029785
4.111424922943115,3.050016164779663,5.127205848693848
4.11314058303833,3.0493972301483154,5.128298282623291
4.114516735076904,3.0491647720336914,5.12920618057251
4.115498065948486,3.04902982711792,5.129816055297852
4.115498065948486,3.04902982711792,5.129816055297852
4.116287708282471,3.0490193367004395,5.130523204803467
4.116548538208008,3.048844575881958,5.132079601287842
4.116878032684326,3.0488603115081787,5.133358001708984
4.117326259613037,3.0486674308776855,5.134284973144531
4.117326259613037,3.0486674308776855,5.134284973144531
4.117973804473877,3.048492431640625,5.134582996368408
4.118946552276611,3.0482826232910156,5.136190414428711
4.121822834014893,3.0478591918945312,5.139887809753418
4.1242995262146,3.0480992794036865,5.141583442687988
4.1242995262146,3.0480992794036865,5.141583442687988
4.125833988189697,3.0482981204986572,5.142491817474365
4.12669563293457,3.0488624572753906,5.143403053283691
4.127193450927734,3.04974365234375,5.145431041717529
4.128117561340332,3.050117015838623,5.14619255065918
4.128117561340332,3.050117015838623,5.14619255065918
4.128946304321289,3.050506114959717,5.146138668060303
4.130058288574219,3.0505166053771973,5.14668607711792
4.132723808288574,3.050051212310791,5.148728847503662
4.134953498840332,3.0496222972869873,5.150660991668701
4.134953498840332,3.0496222972869873,5.150660991668701
4.136816501617432,3.0496528148651123,5.152108669281006
4.136780738830566,3.0499606132507324,5.1520562171936035
4.136903762817383,3.0506327152252197,5.153336048126221
4.13823127746582,3.051351547241211,5.153560161590576
4.13823127746582,3.051351547241211,5.153560161590576
4.139033794403076,3.0520191192626953,5.1542205810546875
4.138944625854492,3.052494525909424,5.155330181121826
4.139449596405029,3.052462339401245,5.15653657913208
4.139468669891357,3.0524375438690186,5.156535625457764
4.139468669891357,3.0524375438690186,5.156535625457764
4.1395134925842285,3.0523345470428467,5.155643463134766
4.140350818634033,3.0527114868164062,5.156798362731934
4.141188144683838,3.0532748699188232,5.160172939300537
4.1418304443359375,3.0532894134521484,5.161657333374023
4.1418304443359375,3.0532894134521484,5.161657333374023
4.143354415893555,3.05329966545105,5.162884712219238
4.146062850952148,3.0537681579589844,5.164424896240234
4.147508144378662,3.0545856952667236,5.166018486022949
4.1482367515563965,3.0556857585906982,5.166982650756836
4.1482367515563965,3.0556857585906982,5.166982650756836
4.1479339599609375,3.056821346282959,5.168718338012695
4.1483073234558105,3.057828187942505,5.170114994049072
4.149733066558838,3.058544158935547,5.171116352081299
4.15202522277832,3.0592103004455566,5.171992778778076
4.15202522277832,3.0592103004455566,5.171992778778076
4.1531877517700195,3.0595052242279053,5.1732330322265625
4.152805328369141,3.06028151512146,5.174877643585205
4.151196479797363,3.0608766078948975,5.175722122192383
4.150836944580078,3.0614800453186035,5.176455974578857
4.150836944580078,3.0614800453186035,5.176455974578857
4.150487422943115,3.0618460178375244,5.17643928527832
4.150528907775879,3.062276840209961,5.177999973297119
4.150829792022705,3.06239652633667,5.180078029632568
4.150106430053711,3.0617990493774414,5.181647300720215
4.150106430053711,3.0617990493774414,5.181647300720215
4.149942874908447,3.061546802520752,5.1815876960754395
4.150644779205322,3.0616424083709717,5.180263042449951
4.151559352874756,3.061915874481201,5.178842067718506
4.151806354522705,3.0619587898254395,5.178475379943848
4.151806354522705,3.0619587898254395,5.178475379943848
4.151650905609131,3.0620157718658447,5.180314540863037
4.152735710144043,3.0623340606689453,5.18247127532959
4.1538286209106445,3.0625057220458984,5.1831374168396
4.154446601867676,3.0623791217803955,5.1828837394714355
4.154446601867676,3.0623791217803955,5.1828837394714355
4.154932498931885,3.0616798400878906,5.183506488800049
4.155969142913818,3.0608224868774414,5.184640407562256
4.157248497009277,3.059706449508667,5.185472011566162
4.158345699310303,3.0586249828338623,5.185830593109131
4.158345699310303,3.0586249828338623,5.185830593109131
4.159333229064941,3.057520866394043,5.1864447593688965
4.161211013793945,3.0572354793548584,5.188382625579834
4.161800861358643,3.0577034950256348,5.190192222595215
4.1607279777526855,3.0582354068756104,5.1917500495910645
4.1607279777526855,3.0582354068756104,5.1917500495910645
4.160601615905762,3.058739185333252,5.1937947273254395
4.163278579711914,3.059296131134033,5.198293685913086
4.165665626525879,3.0589632987976074,5.200622081756592
4.1662917137146,3.0582265853881836,5.201777935028076
4.1662917137146,3.0582265853881836,5.201777935028076
4.166970729827881,3.05792498588562,5.202300071716309
4.168130874633789,3.0580837726593018,5.203817844390869
4.169140338897705,3.058415174484253,5.205545425415039
4.169467926025391,3.058739185333252,5.208702564239502
4.169467926025391,3.058739185333252,5.208702564239502
4.169454574584961,3.0590286254882812,5.21160888671875
4.170019626617432,3.0593252182006836,5.213321208953857
4.169842720031738,3.0593738555908203,5.214385509490967
4.170040130615234,3.059288263320923,5.216503620147705
4.170040130615234,3.059288263320923,5.216503620147705
4.170734405517578,3.059098482131958,5.217757225036621
4.1714324951171875,3.059264898300171,5.218125343322754
4.170894622802734,3.059246778488159,5.218317985534668
4.169988632202148,3.0589983463287354,5.218687057495117
4.169988632202148,3.0589983463287354,5.218687057495117
4.170610427856445,3.0587825775146484,5.218639373779297
4.172733783721924,3.0587596893310547,5.217987060546875
4.173785209655762,3.059324264526367,5.217724800109863
4.174192905426025,3.0597763061523438,5.217698574066162
4.174192905426025,3.0597763061523438,5.217698574066162
4.175181865692139,3.061077117919922,5.220868110656738
4.17730712890625,3.0626275539398193,5.222080230712891
4.177896499633789,3.0639381408691406,5.223321914672852
4.178157806396484,3.0653045177459717,5.223747253417969
4.178157806396484,3.0653045177459717,5.223747253417969
4.178640842437744,3.0661985874176025,5.224894046783447
4.180516242980957,3.0667073726654053,5.227252960205078
4.182427883148193,3.066462516784668,5.2281317710876465
4.184083461761475,3.0663137435913086,5.228621482849121
4.184083461761475,3.0663137435913086,5.228621482849121
4.185690402984619,3.0663106441497803,5.229709625244141
4.186069965362549,3.066460371017456,5.231236457824707
4.184523582458496,3.0668115615844727,5.233151435852051
4.183764457702637,3.0669076442718506,5.2332377433776855
4.183764457702637,3.0669076442718506,5.2332377433776855
4.184440612792969,3.067486047744751,5.234528541564941
4.18565559387207,3.068035364151001,5.234920978546143
4.186649799346924,3.0685527324676514,5.234927177429199
4.186375617980957,3.0689926147460938,5.235574245452881
4.186375617980957,3.0689926147460938,5.235574245452881
4.185601711273193,3.0697834491729736,5.236600875854492
4.186172008514404,3.0707640647888184,5.237561225891113
4.187228679656982,3.0713233947753906,5.238708019256592
4.187459945678711,3.0718441009521484,5.2392683029174805
4.187459945678711,3.0718441009521484,5.2392683029174805
4.186578273773193,3.072455406188965,5.2394256591796875
4.186531066894531,3.0728871822357178,5.239738464355469
4.18803596496582,3.0734264850616455,5.240413188934326
4.189558982849121,3.073641538619995,5.242042541503906
4.189558982849121,3.073641538619995,5.242042541503906
4.190019607543945,3.074228525161743,5.243016242980957
4.1890788078308105,3.0754592418670654,5.242883205413818
4.187906265258789,3.076277494430542,5.242918968200684
4.1883955001831055,3.0766897201538086,5.245305061340332
4.1883955001831055,3.0766897201538086,5.245305061340332
4.191221714019775,3.076676845550537,5.248735427856445
4.193449020385742,3.0764787197113037,5.249637603759766
4.194086074829102,3.076284170150757,5.2500901222229
4.194537162780762,3.0763590335845947,5.250574111938477
4.194537162780762,3.0763590335845947,5.250574111938477
4.1954665184021,3.077047348022461,5.252018928527832
4.195950984954834,3.0772593021392822,5.253152370452881
4.196485996246338,3.0776290893554688,5.255003452301025
4.196822643280029,3.0776207447052,5.257686614990234
4.196822643280029,3.0776207447052,5.257686614990234
4.197634220123291,3.0778002738952637,5.258852005004883
4.198598384857178,3.0777671337127686,5.258942604064941
4.199885845184326,3.077086925506592,5.261383056640625
4.20095682144165,3.076526403427124,5.263787269592285
4.20095682144165,3.076526403427124,5.263787269592285
4.201930046081543,3.0763638019561768,5.265300273895264
4.2029924392700195,3.076702833175659,5.266376972198486
4.203742504119873,3.076280355453491,5.268212795257568
4.205482482910156,3.0756936073303223,5.270310401916504
4.205482482910156,3.0756936073303223,5.270310401916504
4.20810604095459,3.075176954269409,5.272177219390869
4.210552215576172,3.074540138244629,5.274801731109619
4.211639881134033,3.074488401412964,5.2757368087768555
4.212355136871338,3.074687957763672,5.27744722366333
4.212355136871338,3.074687957763672,5.27744722366333
4.2127766609191895,3.075533390045166,5.279677391052246
4.213815689086914,3.076348066329956,5.280858993530273
4.2158002853393555,3.0767149925231934,5.282296657562256
4.218328952789307,3.0764455795288086,5.286074161529541
4.218328952789307,3.0764455795288086,5.286074161529541
4.220483303070068,3.0757839679718018,5.289791107177734
4.221240043640137,3.0752716064453125,5.291396617889404
4.221366882324219,3.0749685764312744,5.293222904205322
4.221267223358154,3.0752816200256348,5.29415225982666
4.221267223358154,3.0752816200256348,5.29415225982666
4.220906734466553,3.076724052429199,5.294973850250244
4.219211578369141,3.0780155658721924,5.29710054397583
4.218964099884033,3.0784943103790283,5.299583911895752
4.222341537475586,3.0786325931549072,5.302452087402344
4.222341537475586,3.0786325931549072,5.302452087402344
4.2246785163879395,3.0786385536193848,5.303989410400391
4.228057861328125,3.079728364944458,5.304744243621826
4.228065013885498,3.0808212757110596,5.304799556732178
4.228029251098633,3.0815012454986572,5.305588722229004
4.228029251098633,3.0815012454986572,5.305588722229004
4.22935676574707,3.0822386741638184,5.307352066040039
4.230376243591309,3.0831494331359863,5.307939529418945
4.230337619781494,3.0834944248199463,5.3075995445251465
4.230370998382568,3.083893299102783,5.308246612548828
4.230370998382568,3.083893299102783,5.308246612548828
4.231236934661865,3.0839860439300537,5.309590816497803
4.232646465301514,3.0837061405181885,5.311459541320801
4.233940601348877,3.083596706390381,5.311440944671631
4.23497200012207,3.083779811859131,5.310178279876709
4.23497200012207,3.083779811859131,5.310178279876709
4.234623908996582,3.083988666534424,5.311018943786621
4.234076976776123,3.0841050148010254,5.312402725219727
4.23478889465332,3.0843617916107178,5.314493179321289
4.236722469329834,3.085170030593872,5.314924716949463
4.236722469329834,3.085170030593872,5.314924716949463
4.237423419952393,3.0864574909210205,5.315554141998291
4.236685276031494,3.0876240730285645,5.315189361572266
4.237851619720459,3.08854079246521,5.315951824188232
4.240535259246826,3.0889134407043457,5.319201946258545
4.240535259246826,3.0889134407043457,5.319201946258545
4.2423529624938965,3.0894227027893066,5.32117223739624
4.242988109588623,3.0901341438293457,5.323091506958008
4.243019104003906,3.091813325881958,5.324523448944092
4.243585109710693,3.093254804611206,5.326200485229492
4.243585109710693,3.093254804611206,5.326200485229492
4.24435567855835,3.0943195819854736,5.328762054443359
4.245059013366699,3.0948739051818848,5.33009147644043
4.245274066925049,3.094874143600464,5.331075668334961
4.245974540710449,3.0951781272888184,5.331744194030762
4.245974540710449,3.0951781272888184,5.331744194030762
4.24684476852417,3.0953822135925293,5.333547115325928
4.247678279876709,3.09568190574646,5.3350348472595215
4.249155521392822,3.0960235595703125,5.336431503295898
4.25083065032959,3.0966238975524902,5.338414669036865
4.25083065032959,3.0966238975524902,5.338414669036865
4.252519130706787,3.097557306289673,5.340243816375732
4.2539544105529785,3.098737955093384,5.341091156005859
4.255137920379639,3.100376844406128,5.341622829437256
4.256518363952637,3.1014561653137207,5.344098091125488
4.256518363952637,3.1014561653137207,5.344098091125488
4.258171558380127,3.101994514465332,5.345782279968262
4.2595601081848145,3.102057933807373,5.347712516784668
4.260819911956787,3.101959466934204,5.34989595413208
4.262142658233643,3.102126359939575,5.351372718811035
4.262142658233643,3.102126359939575,5.351372718811035
4.2629714012146,3.1020941734313965,5.352841854095459
4.262665748596191,3.10255765914917,5.352894306182861
4.2614521980285645,3.1038498878479004,5.35377836227417
4.261036396026611,3.104891777038574,5.355378150939941
4.261036396026611,3.104891777038574,5.355378150939941
4.263103485107422,3.105901002883911,5.359645843505859
4.264920711517334,3.1063005924224854,5.364447116851807
4.2653021812438965,3.1058924198150635,5.365911483764648
4.265293598175049,3.1054441928863525,5.365436553955078
4.265293598175049,3.1054441928863525,5.365436553955078
4.265904903411865,3.1050660610198975,5.36432409286499
4.266909599304199,3.104379653930664,5.364102363586426
4.267333507537842,3.103687047958374,5.364544868469238
4.266773223876953,3.102745532989502,5.365174293518066
4.266773223876953,3.102745532989502,5.365174293518066
4.26607608795166,3.1022250652313232,5.364882469177246
4.266140460968018,3.1020336151123047,5.364499092102051
4.266236305236816,3.101982355117798,5.364599227905273
4.26561975479126,3.101398468017578,5.366033554077148
4.26561975479126,3.101398468017578,5.366033554077148
4.266400337219238,3.100342035293579,5.367367267608643
4.268488883972168,3.099396228790283,5.368476390838623
4.269171714782715,3.0985472202301025,5.367983341217041
4.269194602966309,3.097956895828247,5.367074489593506
4.269194602966309,3.097956895828247,5.367074489593506
4.269680976867676,3.0978870391845703,5.367702960968018
4.270679950714111,3.0983924865722656,5.3693437576293945
4.2707695960998535,3.098536491394043,5.370847702026367
4.271169662475586,3.0988104343414307,5.372683525085449
4.271169662475586,3.0988104343414307,5.372683525085449
4.272194862365723,3.099097728729248,5.374237060546875
4.272644996643066,3.0994484424591064,5.375354766845703
4.2733869552612305,3.100008487701416,5.376514911651611
4.27322244644165,3.1006598472595215,5.377552032470703
4.27322244644165,3.1006598472595215,5.377552032470703
4.273908615112305,3.1013476848602295,5.378250598907471
4.275563716888428,3.1019599437713623,5.379247665405273
4.277338027954102,3.102633476257324,5.380618095397949
4.278491497039795,3.103156805038452,5.382946014404297
4.278491497039795,3.103156805038452,5.382946014404297
4.280186176300049,3.103288412094116,5.385711669921875
4.281885147094727,3.1032137870788574,5.3866143226623535
4.28263521194458,3.1027660369873047,5.388115882873535
4.282073497772217,3.102409839630127,5.387904644012451
4.282073497772217,3.102409839630127,5.387904644012451
4.281558513641357,3.1023447513580322,5.386358261108398
4.282493591308594,3.1029000282287598,5.385958671569824
4.282595634460449,3.1033310890197754,5.387750148773193
4.282655239105225,3.1037991046905518,5.389449119567871
4.282655239105225,3.1037991046905518,5.389449119567871
4.284132480621338,3.104438543319702,5.3911919593811035
4.286435127258301,3.1051368713378906,5.391488552093506
4.286904811859131,3.1055209636688232,5.390974521636963
4.286984443664551,3.1057610511779785,5.391473293304443
4.286984443664551,3.1057610511779785,5.391473293304443
4.288088321685791,3.106092929840088,5.392938613891602
4.290469169616699,3.106215000152588,5.394172668457031
4.292539596557617,3.1060893535614014,5.395825386047363
4.292666912078857,3.1060991287231445,5.396471977233887
4.292666912078857,3.1060991287231445,5.396471977233887
4.292553424835205,3.106718063354492,5.39642858505249
4.292428970336914,3.1076273918151855,5.397642612457275
4.292705059051514,3.108365774154663,5.399016380310059
4.292418479919434,3.1089999675750732,5.400363445281982
4.292418479919434,3.1089999675750732,5.400363445281982
4.292537212371826,3.109689950942993,5.402156829833984
4.293271064758301,3.1097264289855957,5.403248310089111
4.2956109046936035,3.10969877243042,5.405203342437744
4.2959160804748535,3.109999656677246,5.4065375328063965
4.2959160804748535,3.109999656677246,5.4065375328063965
4.295523166656494,3.110689878463745,5.406790256500244
4.296628952026367,3.1109821796417236,5.407571315765381
4.298882484436035,3.1115620136260986,5.407741069793701
4.300699710845947,3.11212420463562,5.409832954406738
4.300699710845947,3.11212420463562,5.409832954406738
4.302186489105225,3.112952709197998,5.41241979598999
4.302663326263428,3.113563299179077,5.414158344268799
4.302504539489746,3.113492012023926,5.415811061859131
4.303945064544678,3.1135663986206055,5.417117118835449
4.303945064544678,3.1135663986206055,5.417117118835449
4.305194854736328,3.1136879920959473,5.41802978515625
4.306086540222168,3.1135900020599365,5.417966842651367
4.3060173988342285,3.113090753555298,5.418957710266113
4.306022644042969,3.112316846847534,5.420037746429443
4.306022644042969,3.112316846847534,5.420037746429443
4.307713031768799,3.111504554748535,5.421278476715088
4.30972957611084,3.110426902770996,5.422218322753906
4.311239719390869,3.1095805168151855,5.422484874725342
4.310577392578125,3.1092209815979004,5.423564434051514
4.310577392578125,3.1092209815979004,5.423564434051514
4.3083319664001465,3.109245777130127,5.424820899963379
4.307957172393799,3.1091368198394775,5.425323486328125
4.309386730194092,3.1089911460876465,5.427052021026611
4.310178756713867,3.109018087387085,5.427667617797852
4.310178756713867,3.109018087387085,5.427667617797852
4.31020975112915,3.109118700027466,5.428170680999756
4.310001373291016,3.109208106994629,5.428317546844482
4.310540199279785,3.1098592281341553,5.429285049438477
4.311862945556641,3.1112329959869385,5.4332756996154785
4.311862945556641,3.1112329959869385,5.4332756996154785
4.312303066253662,3.1117513179779053,5.435945510864258
4.312690734863281,3.1122398376464844,5.437626838684082
4.313963413238525,3.1120100021362305,5.439815044403076
4.315659999847412,3.1120529174804688,5.442226409912109
4.315659999847412,3.1120529174804688,5.442226409912109
4.317578315734863,3.111719846725464,5.444712162017822
4.318733215332031,3.111370801925659,5.446168899536133
4.3192315101623535,3.1113319396972656,5.447513103485107
4.318432807922363,3.111421585083008,5.449009418487549
4.318432807922363,3.111421585083008,5.449009418487549
4.317776679992676,3.1115126609802246,5.449624538421631
4.318464756011963,3.1120612621307373,5.449935436248779
4.319169998168945,3.11277174949646,5.450577259063721
4.319545269012451,3.1135764122009277,5.451254367828369
4.319545269012451,3.1135764122009277,5.451254367828369
4.320497035980225,3.1144051551818848,5.452661037445068
4.321394443511963,3.11513352394104,5.453336238861084
4.321945667266846,3.115939140319824,5.4540181159973145
4.322447776794434,3.1169426441192627,5.454020023345947
4.322447776794434,3.1169426441192627,5.454020023345947
4.32404088973999,3.1173648834228516,5.454657077789307
4.325733661651611,3.117307662963867,5.4549946784973145
4.327275276184082,3.1171090602874756,5.45595121383667
4.328985214233398,3.1168813705444336,5.458494663238525
4.328985214233398,3.1168813705444336,5.458494663238525
4.330923080444336,3.1164305210113525,5.459560394287109
4.332060813903809,3.1164965629577637,5.46011209487915
4.332400321960449,3.1175405979156494,5.462744235992432
4.332470417022705,3.118439197540283,5.46550178527832
4.332470417022705,3.118439197540283,5.46550178527832
4.332991123199463,3.118817090988159,5.467541217803955
4.334062576293945,3.1189076900482178,5.468571662902832
4.334876537322998,3.1192188262939453,5.4686079025268555
4.335571765899658,3.119293451309204,5.468292713165283
4.335571765899658,3.119293451309204,5.468292713165283
4.33687686920166,3.119765520095825,5.468413829803467
4.339350700378418,3.12129282951355,5.47121524810791
4.340800762176514,3.122577428817749,5.473959922790527
4.340315818786621,3.12418532371521,5.475135803222656
4.340315818786621,3.12418532371521,5.475135803222656
4.340028285980225,3.125507116317749,5.47566032409668
4.340806484222412,3.12677264213562,5.477382659912109
4.343210220336914,3.1275317668914795,5.479708671569824
4.345328330993652,3.12809157371521,5.4824957847595215
4.345328330993652,3.12809157371521,5.4824957847595215
4.346924304962158,3.1285643577575684,5.4839959144592285
4.348363399505615,3.1294102668762207,5.4855146408081055
4.348974227905273,3.130380868911743,5.489217758178711
4.349001407623291,3.130988359451294,5.490149974822998
4.349001407623291,3.130988359451294,5.490149974822998
4.350011348724365,3.1314029693603516,5.492051124572754
4.351119518280029,3.131779909133911,5.491749286651611
4.351052761077881,3.132049322128296,5.491008281707764
4.351255416870117,3.133021116256714,5.4907708168029785
4.351255416870117,3.133021116256714,5.4907708168029785
4.351275444030762,3.134565591812134,5.49284029006958
4.351736068725586,3.135776996612549,5.496204376220703
4.352444171905518,3.1369261741638184,5.498307228088379
4.352987766265869,3.1377248764038086,5.498277187347412
4.352987766265869,3.1377248764038086,5.498277187347412
4.3534674644470215,3.1374988555908203,5.498239040374756
4.353940010070801,3.1366302967071533,5.498361587524414
4.356477737426758,3.1349682807922363,5.5019612312316895
4.3601884841918945,3.1343610286712646,5.503654479980469
4.3601884841918945,3.1343610286712646,5.503654479980469
4.360558986663818,3.133086681365967,5.5040507316589355
4.3607683181762695,3.132645845413208,5.504591464996338
4.358569622039795,3.1326065063476562,5.505146503448486
4.357858657836914,3.1324758529663086,5.505478858947754
4.357858657836914,3.1324758529663086,5.505478858947754
4.358668327331543,3.1321358680725098,5.507574081420898
4.360430717468262,3.1318132877349854,5.508930206298828
4.361494064331055,3.1321210861206055,5.509718894958496
4.361498832702637,3.132277488708496,5.510140895843506
4.361498832702637,3.132277488708496,5.510140895843506
4.361048221588135,3.1325342655181885,5.509326457977295
4.3619794845581055,3.132819652557373,5.510422229766846
4.36327600479126,3.1329755783081055,5.5119428634643555
4.364242076873779,3.1333916187286377,5.513151168823242
4.364242076873779,3.1333916187286377,5.513151168823242
4.365525722503662,3.133105516433716,5.514632225036621
4.367019176483154,3.1327404975891113,5.514590263366699
4.368943691253662,3.132593870162964,5.515164852142334
4.370143890380859,3.1320197582244873,5.514867782592773
4.370143890380859,3.1320197582244873,5.514867782592773
4.370236873626709,3.1313130855560303,5.515124320983887
4.370511531829834,3.131605625152588,5.516700744628906
4.369119167327881,3.1323812007904053,5.519050121307373
4.367103099822998,3.132967710494995,5.519822597503662
4.367103099822998,3.132967710494995,5.519822597503662
4.367098331451416,3.132986307144165,5.518165588378906
4.3707594871521,3.1328070163726807,5.518892765045166
4.373850345611572,3.1328608989715576,5.521870136260986
4.3745880126953125,3.133153200149536,5.523279666900635
4.3745880126953125,3.133153200149536,5.523279666900635
4.374311923980713,3.1342506408691406,5.5242838859558105
4.373759746551514,3.1360065937042236,5.524439811706543
4.374602317810059,3.1376192569732666,5.52622127532959
4.376485824584961,3.138258218765259,5.527564525604248
4.376485824584961,3.138258218765259,5.527564525604248
4.378012657165527,3.13871169090271,5.5279459953308105
4.378495693206787,3.1394095420837402,5.5301055908203125
4.380211353302002,3.139936923980713,5.53191614151001
4.381155490875244,3.140421152114868,5.532769680023193
4.381155490875244,3.140421152114868,5.532769680023193
4.380757808685303,3.1409294605255127,5.531974792480469
4.380466938018799,3.1418135166168213,5.532207012176514
4.380136489868164,3.1433916091918945,5.533919811248779
4.380583763122559,3.1441359519958496,5.535495758056641
4.380583763122559,3.1441359519958496,5.535495758056641
4.38219690322876,3.1452059745788574,5.537943363189697
4.38407564163208,3.1458559036254883,5.539601802825928
4.384852409362793,3.146304130554199,5.540256500244141
4.386306285858154,3.1471610069274902,5.541451454162598
4.386306285858154,3.1471610069274902,5.541451454162598
4.386220455169678,3.1489648818969727,5.543089866638184
4.385761737823486,3.151017665863037,5.544806957244873
4.385907173156738,3.152609348297119,5.545848846435547
4.385567665100098,3.15397572517395,5.544780254364014
4.385567665100098,3.15397572517395,5.544780254364014
4.385704040527344,3.15447735786438,5.544819355010986
4.387635707855225,3.154909133911133,5.5457587242126465
4.389193058013916,3.1548287868499756,5.546663284301758
4.390147686004639,3.154496431350708,5.546544551849365
4.390147686004639,3.154496431350708,5.546544551849365
4.3896260261535645,3.1540658473968506,5.547264575958252
4.390052318572998,3.1541998386383057,5.548576831817627
4.390776634216309,3.154618263244629,5.5502471923828125
4.390427589416504,3.1549620628356934,5.550614356994629
4.390427589416504,3.1549620628356934,5.550614356994629
4.3904500007629395,3.1551620960235596,5.550559997558594
4.393194675445557,3.155369520187378,5.552473068237305
4.39668083190918,3.154853582382202,5.553359508514404
4.399373531341553,3.1540002822875977,5.553876876831055
4.399373531341553,3.1540002822875977,5.553876876831055
4.40080451965332,3.152843713760376,5.554647922515869
4.40278959274292,3.1517674922943115,5.555112838745117
4.404545307159424,3.150618553161621,5.555359363555908
4.405730247497559,3.14965558052063,5.555806636810303
4.405730247497559,3.14965558052063,5.555806636810303
4.405940055847168,3.149064302444458,5.557224750518799
4.4054274559021,3.148907423019409,5.5579633712768555
4.405147075653076,3.1485493183135986,5.5568766593933105
4.405243873596191,3.1480660438537598,5.556679725646973
4.405243873596191,3.1480660438537598,5.556679725646973
4.405444622039795,3.1473276615142822,5.558920383453369
4.4065351486206055,3.147503614425659,5.559724807739258
4.407209873199463,3.1475014686584473,5.559797763824463
4.407623767852783,3.1474902629852295,5.560429573059082
4.407623767852783,3.1474902629852295,5.560429573059082
4.409212589263916,3.147442579269409,5.562935829162598
4.411598205566406,3.1472222805023193,5.5648722648620605
4.413275241851807,3.1473019123077393,5.565746784210205
4.4134650230407715,3.146876811981201,5.564302921295166
4.4134650230407715,3.146876811981201,5.564302921295166
4.413295269012451,3.14723539352417,5.564803123474121
4.413796901702881,3.148146867752075,5.565354824066162
4.415136337280273,3.148733377456665,5.566452980041504
4.416332721710205,3.149419069290161,5.568475246429443
4.416332721710205,3.149419069290161,5.568475246429443
4.417524337768555,3.150855302810669,5.571318626403809
4.422674655914307,3.1548852920532227,5.574631690979004
4.41929292678833,3.153390645980835,5.573696136474609
4.418440341949463,3.1536145210266113,5.572983741760254
4.418440341949463,3.1536145210266113,5.572983741760254
4.418565273284912,3.1542279720306396,5.573739051818848
4.41943359375,3.155160665512085,5.574059009552002
4.418112277984619,3.155578851699829,5.573626518249512
4.417485237121582,3.155639410018921,5.573486328125
4.417485237121582,3.155639410018921,5.573486328125
4.418255805969238,3.156146764755249,5.573971748352051
4.420454025268555,3.1567423343658447,5.574665546417236
4.42165470123291,3.157320737838745,5.575323581695557
4.422006607055664,3.1577064990997314,5.575924396514893
4.422006607055664,3.1577064990997314,5.575924396514893
4.421633243560791,3.158344268798828,5.575084209442139
4.421176433563232,3.1591172218322754,5.574492931365967
4.421542167663574,3.160170078277588,5.5751824378967285
4.423200607299805,3.1615967750549316,5.578330039978027
4.423200607299805,3.1615967750549316,5.578330039978027
4.423970699310303,3.162031650543213,5.58052396774292
4.4239702224731445,3.162271499633789,5.580966472625732
4.422822952270508,3.1618268489837646,5.580512046813965
4.4214301109313965,3.1614959239959717,5.579452991485596
4.4214301109313965,3.1614959239959717,5.579452991485596
4.421433448791504,3.1616241931915283,5.579398155212402
4.422601699829102,3.162325620651245,5.579793930053711
4.423454761505127,3.162872552871704,5.5817790031433105
4.423804759979248,3.1635360717773438,5.585038185119629
4.423804759979248,3.1635360717773438,5.585038185119629
4.425588607788086,3.164832353591919,5.587870121002197
4.427688121795654,3.165872097015381,5.588189125061035
4.428958415985107,3.166415214538574,5.588584899902344
4.430081367492676,3.166917562484741,5.590849876403809
4.430081367492676,3.166917562484741,5.590849876403809
4.43082332611084,3.1679394245147705,5.5924391746521
4.431352615356445,3.169198989868164,5.593891620635986
4.4324469566345215,3.170266628265381,5.594743251800537
4.43295955657959,3.1708292961120605,5.59625768661499
4.43295955657959,3.1708292961120605,5.59625768661499
4.434325695037842,3.1712799072265625,5.597837924957275
4.435694694519043,3.1711373329162598,5.598882675170898
4.436713695526123,3.170830011367798,5.600115776062012
4.437119007110596,3.1703851222991943,5.601654052734375
4.437119007110596,3.1703851222991943,5.601654052734375
4.438063144683838,3.170534610748291,5.602461338043213
4.439521312713623,3.1714847087860107,5.603236675262451
4.439834117889404,3.172071695327759,5.604247570037842
4.439404010772705,3.172088623046875,5.606581211090088
4.439404010772705,3.172088623046875,5.606581211090088
4.439500331878662,3.1720032691955566,5.608732223510742
4.44071626663208,3.1716322898864746,5.609243392944336
4.442069053649902,3.1714468002319336,5.610213279724121
4.4424567222595215,3.1711771488189697,5.6102471351623535
4.4424567222595215,3.1711771488189697,5.6102471351623535
4.441890716552734,3.1712472438812256,5.610546588897705
4.442007541656494,3.171677350997925,5.611788272857666
4.443746089935303,3.1722652912139893,5.614661693572998
4.4471917152404785,3.172628402709961,5.617603778839111
4.4471917152404785,3.172628402709961,5.617603778839111
4.450408935546875,3.1727917194366455,5.620675563812256
4.452497959136963,3.1730127334594727,5.623262405395508
4.452508926391602,3.1731619834899902,5.624714374542236
4.451294898986816,3.1736276149749756,5.626097202301025
4.451294898986816,3.1736276149749756,5.626097202301025
4.451712131500244,3.1743664741516113,5.626914024353027
4.451900482177734,3.174661636352539,5.629117488861084
4.4524641036987305,3.1737353801727295,5.631412029266357
4.454087257385254,3.172189950942993,5.632813453674316
4.454087257385254,3.172189950942993,5.632813453674316
4.455863952636719,3.1713414192199707,5.6340203285217285
4.456998348236084,3.1708595752716064,5.634086608886719
4.457119464874268,3.1711795330047607,5.633931636810303
4.456895351409912,3.172440528869629,5.636273384094238
4.456895351409912,3.172440528869629,5.636273384094238
4.456355094909668,3.1740381717681885,5.639002323150635
4.456375598907471,3.175281524658203,5.639636516571045
4.4559831619262695,3.1764774322509766,5.639914512634277
4.455411911010742,3.1771156787872314,5.639866828918457
4.455411911010742,3.1771156787872314,5.639866828918457
4.455301761627197,3.177549362182617,5.6409831047058105
4.4571356773376465,3.1775827407836914,5.641956806182861
4.458390712738037,3.1768274307250977,5.643167972564697
4.459411144256592,3.1762306690216064,5.643648147583008
4.459411144256592,3.1762306690216064,5.643648147583008
4.459624767303467,3.176445960998535,5.644357204437256
4.457140922546387,3.1767220497131348,5.644052982330322
4.457728862762451,3.177065849304199,5.645295143127441
4.461205959320068,3.177786111831665,5.646101951599121
4.461205959320068,3.177786111831665,5.646101951599121
4.463562965393066,3.1783435344696045,5.64731502532959
4.4643778800964355,3.1787314414978027,5.647735595703125
4.46364688873291,3.179063558578491,5.648021697998047
4.4630231857299805,3.1799707412719727,5.649004936218262
4.4630231857299805,3.1799707412719727,5.649004936218262
4.463568210601807,3.1816201210021973,5.6505584716796875
4.463538646697998,3.1827118396759033,5.65056848526001
4.462042331695557,3.183450698852539,5.6501264572143555
4.460818290710449,3.1835994720458984,5.649656772613525
4.460818290710449,3.1835994720458984,5.649656772613525
4.460569858551025,3.1837270259857178,5.649123668670654
4.463188648223877,3.183816909790039,5.649575710296631
4.464578628540039,3.183807849884033,5.649502277374268
4.464170455932617,3.1840951442718506,5.648832321166992
4.464170455932617,3.1840951442718506,5.648832321166992
4.463037014007568,3.1851987838745117,5.648864269256592
4.463002681732178,3.1866281032562256,5.64932107925415
4.4647722244262695,3.187337875366211,5.650885105133057
4.467523097991943,3.1877951622009277,5.652596473693848
4.467523097991943,3.1877951622009277,5.652596473693848
4.469452381134033,3.1886043548583984,5.654478073120117
4.4711480140686035,3.1896111965179443,5.655755043029785
4.473425388336182,3.1909942626953125,5.656490802764893
4.4748125076293945,3.19197154045105,5.658173084259033
4.4748125076293945,3.19197154045105,5.658173084259033
4.476887226104736,3.193467378616333,5.66084623336792
4.477879047393799,3.1942200660705566,5.662811756134033
4.47794771194458,3.1946632862091064,5.664304256439209
4.476759910583496,3.1945927143096924,5.665291786193848
4.476759910583496,3.1945927143096924,5.665291786193848
4.476842880249023,3.1950321197509766,5.666863441467285
4.477290630340576,3.195127487182617,5.668918132781982
4.476891040802002,3.194383382797241,5.669641494750977
4.4760918617248535,3.1942851543426514,5.670464992523193
4.4760918617248535,3.1942851543426514,5.670464992523193
4.474785327911377,3.194397211074829,5.671268463134766
4.475025177001953,3.194204568862915,5.671777725219727
4.477312088012695,3.1938605308532715,5.67268180847168
4.478384494781494,3.193209648132324,5.6741108894348145
4.478384494781494,3.193209648132324,5.6741108894348145
4.478678226470947,3.1933112144470215,5.67441463470459
4.478671073913574,3.1936373710632324,5.675250053405762
4.479606628417969,3.194143772125244,5.67637300491333
4.480920314788818,3.1941239833831787,5.678350448608398
4.480920314788818,3.1941239833831787,5.678350448608398
4.482082366943359,3.1942925453186035,5.68051290512085
4.482738018035889,3.19502592086792,5.681029796600342
4.482592582702637,3.1954689025878906,5.681150913238525
4.482153415679932,3.1957151889801025,5.682878494262695
4.482153415679932,3.1957151889801025,5.682878494262695
4.482058525085449,3.1956675052642822,5.685060977935791
4.482521057128906,3.1957895755767822,5.6855034828186035
4.480929374694824,3.1956722736358643,5.684403419494629
4.478909015655518,3.1953377723693848,5.684116840362549
4.478909015655518,3.1953377723693848,5.684116840362549
4.4785542488098145,3.195192575454712,5.684927940368652
4.481171131134033,3.195103645324707,5.686699867248535
4.483804702758789,3.1945149898529053,5.6884355545043945
4.4851555824279785,3.1937673091888428,5.689621925354004
4.4851555824279785,3.1937673091888428,5.689621925354004
4.487067699432373,3.1938490867614746,5.690922260284424
4.487877368927002,3.194535255432129,5.690663814544678
4.488424777984619,3.194897174835205,5.690541744232178
4.489816188812256,3.195014238357544,5.692042827606201
4.489816188812256,3.195014238357544,5.692042827606201
4.490960121154785,3.1949028968811035,5.694028854370117
4.492525577545166,3.1952481269836426,5.695694446563721
4.493828773498535,3.19580078125,5.696949481964111
4.494592189788818,3.1965391635894775,5.698054313659668
4.494083881378174,3.19767689704895,5.699398040771484
4.494083881378174,3.19767689704895,5.699398040771484
4.492933750152588,3.1999011039733887,5.703421115875244
4.493869304656982,3.2020037174224854,5.707612991333008
4.495474338531494,3.2024755477905273,5.709959030151367
4.495474338531494,3.2024755477905273,5.709959030151367
4.498200416564941,3.202669620513916,5.71212911605835
4.499453544616699,3.202559471130371,5.712343215942383
4.500349044799805,3.202562093734741,5.712510585784912
4.500925064086914,3.202899217605591,5.712948799133301
4.500925064086914,3.202899217605591,5.712948799133301
4.500040054321289,3.203331232070923,5.7134623527526855
4.500357627868652,3.2048678398132324,5.715185642242432
4.501388072967529,3.2062554359436035,5.715268611907959
4.502664566040039,3.2072670459747314,5.71622371673584
4.502664566040039,3.2072670459747314,5.71622371673584
4.502796649932861,3.2083780765533447,5.717921733856201
4.501117706298828,3.2087597846984863,5.717791557312012
4.499594688415527,3.2096612453460693,5.717996597290039
4.498194217681885,3.209974765777588,5.716805458068848
4.498194217681885,3.209974765777588,5.716805458068848
4.497799396514893,3.2105135917663574,5.716594696044922
4.497718811035156,3.21152925491333,5.718590259552002
4.496931552886963,3.2121365070343018,5.7191033363342285
4.497193813323975,3.212211847305298,5.7196550369262695
4.497193813323975,3.212211847305298,5.7196550369262695
4.499638557434082,3.212592124938965,5.720845699310303
4.501172065734863,3.213383913040161,5.723607063293457
4.501932144165039,3.214505434036255,5.725680828094482
4.50224494934082,3.2156453132629395,5.726677894592285
4.50224494934082,3.2156453132629395,5.726677894592285
4.503190040588379,3.216878652572632,5.729112148284912
4.504491329193115,3.2182157039642334,5.731386184692383
4.505028247833252,3.219696283340454,5.736928462982178
4.504200458526611,3.219038724899292,5.73895263671875
4.504200458526611,3.219038724899292,5.73895263671875
4.5042524337768555,3.2188122272491455,5.738774299621582
4.505334377288818,3.2188799381256104,5.7418212890625
4.507101058959961,3.2189154624938965,5.7434916496276855
4.507043361663818,3.2191672325134277,5.744700908660889
4.507043361663818,3.2191672325134277,5.744700908660889
4.506570339202881,3.2193703651428223,5.745598316192627
4.506260871887207,3.2199645042419434,5.748603820800781
4.507014751434326,3.219851016998291,5.749785423278809
4.5102338790893555,3.21985125541687,5.75187349319458
4.5102338790893555,3.21985125541687,5.75187349319458
4.51190185546875,3.2196245193481445,5.75246000289917
4.512243270874023,3.2192111015319824,5.753549098968506
4.5116353034973145,3.219036340713501,5.754302501678467
4.5110182762146,3.2194840908050537,5.7559027671813965
4.5110182762146,3.2194840908050537,5.7559027671813965
4.510717868804932,3.2196462154388428,5.756770133972168
4.511235237121582,3.21955943107605,5.758296966552734
4.512481212615967,3.219083309173584,5.759411334991455
4.513699054718018,3.2183115482330322,5.760641574859619
4.513699054718018,3.2183115482330322,5.760641574859619
4.5144524574279785,3.2172679901123047,5.762237071990967
4.51628303527832,3.2162442207336426,5.763637542724609
4.5183210372924805,3.215426445007324,5.765084266662598
4.519882678985596,3.2150228023529053,5.765444278717041
4.519882678985596,3.2150228023529053,5.765444278717041
4.520334243774414,3.2146034240722656,5.766599178314209
4.518880367279053,3.2135169506073,5.766963481903076
4.519556045532227,3.2128846645355225,5.766878128051758
4.521477699279785,3.2126219272613525,5.76800012588501
4.522752285003662,3.2120301723480225,5.768470764160156
4.522752285003662,3.2120301723480225,5.768470764160156
4.523746967315674,3.211772918701172,5.768231391906738
4.523843765258789,3.2122838497161865,5.769446849822998
4.524555206298828,3.21347975730896,5.770071029663086
4.524555206298828,3.21347975730896,5.770071029663086
4.525407314300537,3.2149627208709717,5.773003578186035
4.52502965927124,3.2163188457489014,5.775209426879883
4.5248517990112305,3.2171080112457275,5.775733470916748
4.524967670440674,3.21878719329834,5.776937961578369
4.524967670440674,3.21878719329834,5.776937961578369
4.524629592895508,3.2197041511535645,5.7773919105529785
4.523892879486084,3.2202303409576416,5.778484344482422
4.524008750915527,3.221085548400879,5.780065059661865
4.524694442749023,3.2218785285949707,5.780050277709961
4.524694442749023,3.2218785285949707,5.780050277709961
4.524514198303223,3.2223074436187744,5.780834674835205
4.5238118171691895,3.2222466468811035,5.781579971313477
4.525986194610596,3.222543478012085,5.783189296722412
4.529033660888672,3.2231459617614746,5.785574436187744
4.529033660888672,3.2231459617614746,5.785574436187744
4.531415939331055,3.223541736602783,5.786897659301758
4.533014297485352,3.224144697189331,5.78757381439209
4.534527778625488,3.2252254486083984,5.78997278213501
4.535707473754883,3.2259953022003174,5.790923118591309
4.535707473754883,3.2259953022003174,5.790923118591309
4.536918640136719,3.227092742919922,5.792296886444092
4.537945747375488,3.2283198833465576,5.7947211265563965
4.5394744873046875,3.2296321392059326,5.7956342697143555
4.539641857147217,3.2301015853881836,5.796390056610107
4.539641857147217,3.2301015853881836,5.796390056610107
4.539021015167236,3.230041742324829,5.796638011932373
4.538576126098633,3.2302656173706055,5.796680927276611
4.539229869842529,3.231015205383301,5.797762870788574
4.539590835571289,3.2320027351379395,5.7982282638549805
4.539590835571289,3.2320027351379395,5.7982282638549805
4.539957523345947,3.2326812744140625,5.799775123596191
4.540847301483154,3.232947587966919,5.801211357116699
4.542934894561768,3.2335712909698486,5.801369667053223
4.544784069061279,3.234340190887451,5.801268577575684
4.544784069061279,3.234340190887451,5.801268577575684
4.545912265777588,3.235144853591919,5.801267147064209
4.547845363616943,3.236489772796631,5.80427360534668
4.548530578613281,3.237898588180542,5.8070268630981445
4.548495769500732,3.238950729370117,5.8063435554504395
4.548495769500732,3.238950729370117,5.8063435554504395
4.54807710647583,3.239572286605835,5.805753231048584
4.548578262329102,3.2401044368743896,5.807307243347168
4.54965353012085,3.240412950515747,5.809536933898926
4.55133056640625,3.2403604984283447,5.809595108032227
4.55133056640625,3.2403604984283447,5.809595108032227
4.552250385284424,3.2401888370513916,5.810233116149902
4.552736759185791,3.239938497543335,5.811254024505615
4.553765773773193,3.240352153778076,5.814436435699463
4.5538811683654785,3.2409305572509766,5.816915988922119
4.5538811683654785,3.2409305572509766,5.816915988922119
4.552892684936523,3.2410759925842285,5.818807601928711
4.552483081817627,3.241110324859619,5.820174694061279
4.552033424377441,3.2407782077789307,5.820143699645996
4.552106857299805,3.2403221130371094,5.82042932510376
4.552106857299805,3.2403221130371094,5.82042932510376
4.551929950714111,3.239201307296753,5.819228649139404
4.551098823547363,3.239551067352295,5.818797588348389
4.551278114318848,3.2398650646209717,5.8189544677734375
4.5521931648254395,3.2407610416412354,5.820333003997803
4.5521931648254395,3.2407610416412354,5.820333003997803
4.553573131561279,3.241130828857422,5.822277545928955
4.553996562957764,3.2409496307373047,5.823098182678223
4.5548295974731445,3.240382194519043,5.8248701095581055
4.556489944458008,3.2405476570129395,5.826949119567871
4.556489944458008,3.2405476570129395,5.826949119567871
4.557614803314209,3.240555763244629,5.8277082443237305
4.557825088500977,3.2402305603027344,5.8279242515563965
4.558206558227539,3.240628480911255,5.828425407409668
4.55908727645874,3.241288185119629,5.831613540649414
4.55908727645874,3.241288185119629,5.831613540649414
4.559856414794922,3.2409982681274414,5.832879543304443
4.56309175491333,3.240137815475464,5.833806037902832
4.565463542938232,3.239957332611084,5.834909439086914
4.56736421585083,3.239835023880005,5.836690902709961
4.56736421585083,3.239835023880005,5.836690902709961
4.568075656890869,3.239302158355713,5.837840557098389
4.568325042724609,3.239135265350342,5.83827018737793
4.569250583648682,3.2396297454833984,5.838984966278076
4.5715250968933105,3.2407774925231934,5.840723514556885
4.5715250968933105,3.2407774925231934,5.840723514556885
4.572420120239258,3.2410295009613037,5.842523097991943
4.571646690368652,3.241142749786377,5.844226360321045
4.570663928985596,3.2416343688964844,5.8456950187683105
4.5706868171691895,3.241957902908325,5.8462138175964355
4.5706868171691895,3.241957902908325,5.8462138175964355
4.571740627288818,3.2417397499084473,5.8462018966674805
4.571700096130371,3.241051197052002,5.84529972076416
4.571365833282471,3.2409331798553467,5.8459038734436035
4.5702924728393555,3.2410924434661865,5.847545623779297
4.5702924728393555,3.2410924434661865,5.847545623779297
4.570958614349365,3.2414374351501465,5.8480544090271
4.574254512786865,3.2424802780151367,5.847457408905029
4.575129985809326,3.243804693222046,5.847869396209717
4.575388431549072,3.2447221279144287,5.8489766120910645
4.575388431549072,3.2447221279144287,5.8489766120910645
4.575206756591797,3.245364189147949,5.850746154785156
4.576971054077148,3.246229648590088,5.854101181030273
4.578969955444336,3.2474112510681152,5.857266426086426
4.579710006713867,3.2483103275299072,5.857993125915527
4.579710006713867,3.2483103275299072,5.857993125915527
4.579285144805908,3.249246597290039,5.859147548675537
4.577683448791504,3.2494683265686035,5.8611063957214355
4.5781474113464355,3.2508628368377686,5.862987518310547
4.578347682952881,3.2520875930786133,5.865634441375732
4.578347682952881,3.2520875930786133,5.865634441375732
4.578510761260986,3.2528488636016846,5.866365909576416
4.57888650894165,3.2543842792510986,5.866754055023193
4.578967094421387,3.255349636077881,5.867238521575928
4.578405380249023,3.2555594444274902,5.866693019866943
4.577877998352051,3.2551093101501465,5.864748477935791
4.577877998352051,3.2551093101501465,5.864748477935791
