x,y,z
3.244232654571533,2.881364107131958,3.82501220703125
3.2448291778564453,2.8833813667297363,3.8235421180725098
3.2470510005950928,2.887812376022339,3.8217320442199707
3.2470510005950928,2.887812376022339,3.8217320442199707
3.248227834701538,2.8889505863189697,3.8217453956604004
3.2489664554595947,2.8899142742156982,3.821241617202759
3.2479500770568848,2.8895773887634277,3.820305109024048
3.245497226715088,2.8880226612091064,3.818394660949707
3.245497226715088,2.8880226612091064,3.818394660949707
3.2425506114959717,2.8859634399414062,3.817190408706665
3.2415995597839355,2.8863956928253174,3.81662654876709
3.240018367767334,2.8853986263275146,3.8160006999969482
3.239414691925049,2.885016679763794,3.8153188228607178
3.239414691925049,2.885016679763794,3.8153188228607178
3.23954176902771,2.8846144676208496,3.816312074661255
3.240384340286255,2.885862350463867,3.8162262439727783
3.2410728931427,2.888012409210205,3.815176010131836
3.242231607437134,2.8899834156036377,3.8161697387695312
3.242231607437134,2.8899834156036377,3.8161697387695312
3.2414870262145996,2.889857769012451,3.8161840438842773
3.2395386695861816,2.887629270553589,3.81687593460083
3.2385001182556152,2.886458158493042,3.8174402713775635
3.2373387813568115,2.885571241378784,3.8172926902770996
3.2373387813568115,2.885571241378784,3.8172926902770996
3.2369539737701416,2.884822130203247,3.8181374073028564
3.2372844219207764,2.8849668502807617,3.818833589553833
3.236112356185913,2.8834447860717773,3.8189194202423096
3.23604416847229,2.8830583095550537,3.8191769123077393
3.23604416847229,2.8830583095550537,3.8191769123077393
3.2351372241973877,2.8826141357421875,3.8186728954315186
3.234694480895996,2.881746530532837,3.8191049098968506
3.2346770763397217,2.8816635608673096,3.8199586868286133
3.2346932888031006,2.8815414905548096,3.8203718662261963
3.2346932888031006,2.8815414905548096,3.8203718662261963
3.2346551418304443,2.881190776824951,3.820554733276367
3.2353577613830566,2.881052017211914,3.821636438369751
3.2359619140625,2.8801116943359375,3.8229358196258545
3.235887289047241,2.879596710205078,3.8231325149536133
3.235887289047241,2.879596710205078,3.8231325149536133
3.2364554405212402,2.879905939102173,3.8235034942626953
3.23659086227417,2.8795182704925537,3.824352979660034
3.236630439758301,2.878854513168335,3.8255462646484375
3.2372610569000244,2.877840042114258,3.8269519805908203
3.2372610569000244,2.877840042114258,3.8269519805908203
3.238055944442749,2.8783695697784424,3.8269731998443604
3.2392990589141846,2.879518747329712,3.8278212547302246
3.2397592067718506,2.879796266555786,3.828671455383301
3.2397592067718506,2.879796266555786,3.828671455383301
3.239795207977295,2.878525972366333,3.8297643661499023
3.241340160369873,2.8778645992279053,3.8320038318634033
3.244638204574585,2.8795087337493896,3.8337504863739014
3.2465763092041016,2.8803672790527344,3.8343234062194824
3.2486624717712402,2.881304979324341,3.834733486175537
3.2486624717712402,2.881304979324341,3.834733486175537
3.2503621578216553,2.8814339637756348,3.8356144428253174
3.250748634338379,2.880974769592285,3.8359718322753906
3.250188112258911,2.8805458545684814,3.835766553878784
3.250188112258911,2.8805458545684814,3.835766553878784
3.2503113746643066,2.8805553913116455,3.8367977142333984
3.249467134475708,2.8798985481262207,3.836853504180908
3.2483880519866943,2.878979206085205,3.8372833728790283
3.247640371322632,2.878108024597168,3.8376994132995605
3.247640371322632,2.878108024597168,3.8376994132995605
3.2484121322631836,2.877389907836914,3.8390250205993652
3.2492949962615967,2.8761842250823975,3.8404288291931152
3.2507832050323486,2.8756842613220215,3.842411518096924
3.2532434463500977,2.8765342235565186,3.8443095684051514
3.2532434463500977,2.8765342235565186,3.8443095684051514
3.25470232963562,2.877826452255249,3.844632387161255
3.2558231353759766,2.877945899963379,3.8455288410186768
3.2557456493377686,2.8768997192382812,3.8463876247406006
3.255645513534546,2.8760969638824463,3.847813844680786
3.2541446685791016,2.8740179538726807,3.8485472202301025
3.2541446685791016,2.8740179538726807,3.8485472202301025
3.253152847290039,2.8732123374938965,3.8494277000427246
3.2522945404052734,2.872849702835083,3.850045919418335
3.251798152923584,2.872000217437744,3.8507227897644043
3.253258228302002,2.872462272644043,3.851808547973633
3.253258228302002,2.872462272644043,3.851808547973633
3.254786968231201,2.8720755577087402,3.853391408920288
3.2557804584503174,2.8719899654388428,3.854069948196411
3.257021427154541,2.872568130493164,3.854949712753296
3.2576980590820312,2.872290849685669,3.856038808822632
3.2576980590820312,2.872290849685669,3.856038808822632
3.2575814723968506,2.8721513748168945,3.8566431999206543
3.2586171627044678,2.873042106628418,3.8576576709747314
3.2604238986968994,2.874204397201538,3.8591296672821045
3.262620449066162,2.874382734298706,3.8610634803771973
3.262620449066162,2.874382734298706,3.8610634803771973
3.264958143234253,2.8740100860595703,3.863898992538452
3.2649638652801514,2.873008966445923,3.86417818069458
3.2656004428863525,2.8741509914398193,3.863804578781128
3.2656004428863525,2.8741509914398193,3.863804578781128
3.265822410583496,2.8742523193359375,3.8642771244049072
3.2651586532592773,2.8737335205078125,3.8642773628234863
3.2630364894866943,2.872573137283325,3.8638534545898438
3.2619943618774414,2.8724026679992676,3.8636856079101562
3.2609195709228516,2.872452974319458,3.8634653091430664
3.2609195709228516,2.872452974319458,3.8634653091430664
3.260671854019165,2.8720955848693848,3.8643243312835693
3.2607994079589844,2.8713066577911377,3.8657753467559814
3.260714292526245,2.871192455291748,3.865406036376953
3.260971784591675,2.8706817626953125,3.866434097290039
3.260971784591675,2.8706817626953125,3.866434097290039
3.261059284210205,2.870441198348999,3.866739273071289
3.261138677597046,2.8705360889434814,3.866809368133545
3.2620134353637695,2.8705811500549316,3.8676717281341553
3.2628960609436035,2.8706347942352295,3.86785626411438
3.2628960609436035,2.8706347942352295,3.86785626411438
3.264155149459839,2.8701822757720947,3.869340419769287
3.2655375003814697,2.8709444999694824,3.8697469234466553
3.2662220001220703,2.87174916267395,3.8693807125091553
3.2662220001220703,2.87174916267395,3.8693807125091553
3.26637864112854,2.8719983100891113,3.8696258068084717
3.2655534744262695,2.871572732925415,3.8691678047180176
3.264029026031494,2.8705520629882812,3.8687620162963867
3.263216733932495,2.869821071624756,3.86887526512146
3.263127565383911,2.87025785446167,3.8690812587738037
3.263127565383911,2.87025785446167,3.8690812587738037
3.263880491256714,2.870260715484619,3.8700320720672607
3.2645492553710938,2.8706583976745605,3.870542049407959
3.264845609664917,2.870959520339966,3.870772361755371
3.2655858993530273,2.8717381954193115,3.8710873126983643
3.2655858993530273,2.8717381954193115,3.8710873126983643
3.265648126602173,2.87174916267395,3.871607780456543
3.2655396461486816,2.8717472553253174,3.8716979026794434
3.2661261558532715,2.8719723224639893,3.8721964359283447
3.2665138244628906,2.872282028198242,3.8722825050354004
3.2665138244628906,2.872282028198242,3.8722825050354004
3.2672598361968994,2.871601104736328,3.8734655380249023
3.2681052684783936,2.8718724250793457,3.8740532398223877
3.268476724624634,2.872196912765503,3.874532699584961
3.2689766883850098,2.8728697299957275,3.8748393058776855
3.2689766883850098,2.8728697299957275,3.8748393058776855
3.27017879486084,2.873528242111206,3.8759076595306396
3.2712981700897217,2.8737974166870117,3.8769586086273193
3.271327257156372,2.8737263679504395,3.8773460388183594
3.2712626457214355,2.8742165565490723,3.878260374069214
3.2712626457214355,2.8742165565490723,3.878260374069214
3.270914316177368,2.874371290206909,3.8788130283355713
3.271122455596924,2.873701810836792,3.8803389072418213
3.2718701362609863,2.873988628387451,3.8813316822052
3.2718701362609863,2.873988628387451,3.8813316822052
3.273405075073242,2.874833583831787,3.8827624320983887
3.273240566253662,2.8749008178710938,3.8832144737243652
3.2729105949401855,2.875030755996704,3.883519411087036
3.2723686695098877,2.874878168106079,3.884035110473633
3.2712838649749756,2.873497247695923,3.884190320968628
3.2712838649749756,2.873497247695923,3.884190320968628
3.2704598903656006,2.8717219829559326,3.8856420516967773
3.2707037925720215,2.8710319995880127,3.886733055114746
3.271620273590088,2.871340751647949,3.887145519256592
3.271620273590088,2.871340751647949,3.887145519256592
3.272461175918579,2.871472120285034,3.887765407562256
3.2730178833007812,2.8719265460968018,3.8877296447753906
3.27268385887146,2.871431589126587,3.887986898422241
3.2713921070098877,2.8700716495513916,3.8883628845214844
3.270620346069336,2.869957685470581,3.887448310852051
3.270620346069336,2.869957685470581,3.887448310852051
3.270313262939453,2.8697261810302734,3.88738751411438
3.271071672439575,2.870245933532715,3.88757061958313
3.272979497909546,2.870779514312744,3.888869285583496
3.273956298828125,2.871001958847046,3.889667510986328
3.273956298828125,2.871001958847046,3.889667510986328
3.275254964828491,2.8726725578308105,3.8896241188049316
3.2754108905792236,2.8727290630340576,3.889859437942505
3.2749457359313965,2.871875762939453,3.8901968002319336
3.2749781608581543,2.8718488216400146,3.8903520107269287
3.2749781608581543,2.8718488216400146,3.8903520107269287
3.275855302810669,2.8715884685516357,3.8914804458618164
3.276564836502075,2.8716933727264404,3.8917953968048096
3.277129650115967,2.871587038040161,3.8923017978668213
3.2780206203460693,2.8712496757507324,3.8934834003448486
3.2780206203460693,2.8712496757507324,3.8934834003448486
3.2796735763549805,2.87246036529541,3.8944926261901855
3.2811336517333984,2.872983932495117,3.8951971530914307
3.281935691833496,2.872258186340332,3.8963706493377686
3.281935691833496,2.872258186340332,3.8963706493377686
3.2817940711975098,2.8716306686401367,3.897392749786377
3.281019449234009,2.870312452316284,3.89819073677063
3.280025005340576,2.8689827919006348,3.8991479873657227
3.2798287868499756,2.868891716003418,3.899639129638672
3.280841112136841,2.8690147399902344,3.901017189025879
3.280841112136841,2.8690147399902344,3.901017189025879
3.2818827629089355,2.869349956512451,3.9023170471191406
3.2831597328186035,2.869933605194092,3.9033873081207275
3.284727096557617,2.8705625534057617,3.90494441986084
3.285482168197632,2.8715176582336426,3.9052300453186035
3.285482168197632,2.8715176582336426,3.9052300453186035
3.2854998111724854,2.87136173248291,3.9055988788604736
3.285660982131958,2.8709921836853027,3.906160354614258
3.286132574081421,2.871307849884033,3.9069600105285645
3.28698468208313,2.870899200439453,3.9086623191833496
3.28698468208313,2.870899200439453,3.9086623191833496
3.2876832485198975,2.871384859085083,3.9089794158935547
3.288327217102051,2.8721301555633545,3.909345865249634
3.2895405292510986,2.873562812805176,3.910244941711426
3.289869785308838,2.8740975856781006,3.910219669342041
3.289869785308838,2.8740975856781006,3.910219669342041
3.290351629257202,2.8733456134796143,3.9111900329589844
3.291010856628418,2.8737454414367676,3.9112253189086914
3.2919278144836426,2.874427318572998,3.9115097522735596
3.2919278144836426,2.874427318572998,3.9115097522735596
3.2921035289764404,2.8743691444396973,3.9117424488067627
3.291309356689453,2.873579740524292,3.9125680923461914
3.290860891342163,2.871995687484741,3.913954257965088
3.2912039756774902,2.8717610836029053,3.9145901203155518
3.29197359085083,2.8715622425079346,3.915637254714966
3.29197359085083,2.8715622425079346,3.915637254714966
3.2922616004943848,2.870940685272217,3.916628122329712
3.292088270187378,2.871011972427368,3.916837215423584
3.2925992012023926,2.8712496757507324,3.9173927307128906
3.293386697769165,2.870485544204712,3.918855667114258
3.293386697769165,2.870485544204712,3.918855667114258
3.294436454772949,2.8702428340911865,3.919682264328003
3.295869827270508,2.8701930046081543,3.921574115753174
3.2965433597564697,2.8701062202453613,3.9225504398345947
3.2965433597564697,2.8701062202453613,3.9225504398345947
3.296933174133301,2.869946002960205,3.9237053394317627
3.2963786125183105,2.869035005569458,3.924475908279419
3.2957589626312256,2.868295907974243,3.9250576496124268
3.2955868244171143,2.8679373264312744,3.926051616668701
3.2955868244171143,2.8679373264312744,3.926051616668701
3.296750068664551,2.8683550357818604,3.9275825023651123
3.2987215518951416,2.869345188140869,3.929389476776123
3.30098819732666,2.870058536529541,3.930853843688965
3.302752733230591,2.8713226318359375,3.9316699504852295
3.304368495941162,2.8731191158294678,3.9328200817108154
3.304368495941162,2.8731191158294678,3.9328200817108154
3.3042795658111572,2.8725414276123047,3.9336347579956055
3.303664445877075,2.8715217113494873,3.933647632598877
3.304438591003418,2.8715198040008545,3.9340829849243164
3.3062708377838135,2.870609760284424,3.936619997024536
3.3062708377838135,2.870609760284424,3.936619997024536
3.3067233562469482,2.8707127571105957,3.9372353553771973
3.307840585708618,2.8713088035583496,3.938750982284546
3.3081772327423096,2.8716073036193848,3.9392402172088623
3.3086133003234863,2.8716509342193604,3.939967155456543
3.3086133003234863,2.8716509342193604,3.939967155456543
3.3082242012023926,2.86968994140625,3.941392421722412
3.3072030544281006,2.867999792098999,3.9420738220214844
3.3062469959259033,2.867051124572754,3.9422309398651123
3.306082010269165,2.8665125370025635,3.942840337753296
3.306082010269165,2.8665125370025635,3.942840337753296
3.305170774459839,2.865187406539917,3.9449117183685303
3.30603289604187,2.864938735961914,3.947519302368164
3.306051731109619,2.8640177249908447,3.9494330883026123
3.3056745529174805,2.863696813583374,3.950284957885742
3.3056745529174805,2.863696813583374,3.950284957885742
3.3065128326416016,2.863213062286377,3.952200174331665
3.3071162700653076,2.8637678623199463,3.952603578567505
3.3079986572265625,2.8640780448913574,3.9535248279571533
3.308227300643921,2.8632514476776123,3.954775810241699
3.308227300643921,2.8632514476776123,3.954775810241699
3.3087565898895264,2.8641231060028076,3.9543073177337646
3.3096349239349365,2.8644487857818604,3.955418586730957
3.3104193210601807,2.863511562347412,3.9578211307525635
3.310751438140869,2.863367795944214,3.9585444927215576
3.310751438140869,2.863367795944214,3.9585444927215576
3.311321973800659,2.8626275062561035,3.960552930831909
3.312960386276245,2.8638997077941895,3.9631741046905518
3.3140532970428467,2.8650407791137695,3.9633491039276123
3.3159830570220947,2.8649113178253174,3.9660210609436035
3.3159830570220947,2.8649113178253174,3.9660210609436035
3.3177614212036133,2.8663508892059326,3.9662272930145264
3.318575143814087,2.8669281005859375,3.9667856693267822
3.318648338317871,2.866842269897461,3.967316150665283
3.3186447620391846,2.8669071197509766,3.9675092697143555
3.3186447620391846,2.8669071197509766,3.9675092697143555
3.3189356327056885,2.865485906600952,3.969423294067383
3.3197624683380127,2.8649649620056152,3.9699697494506836
3.3207497596740723,2.8657217025756836,3.970729112625122
3.3216936588287354,2.8658981323242188,3.971950054168701
3.3216936588287354,2.8658981323242188,3.971950054168701
3.3219916820526123,2.8661346435546875,3.971818208694458
3.3225772380828857,2.8659136295318604,3.9731171131134033
3.3226468563079834,2.8646464347839355,3.9750521183013916
3.3226468563079834,2.8646464347839355,3.9750521183013916
3.321934938430786,2.8646950721740723,3.9743316173553467
3.32185697555542,2.864584445953369,3.974942207336426
3.3219547271728516,2.8649749755859375,3.9744858741760254
3.3225350379943848,2.8647284507751465,3.9751036167144775
3.3225350379943848,2.8647284507751465,3.9751036167144775
3.3234739303588867,2.8640778064727783,3.976856231689453
3.323320150375366,2.8640177249908447,3.977081298828125
3.323715925216675,2.864262580871582,3.977534532546997
3.3243699073791504,2.8642048835754395,3.978588819503784
3.3243699073791504,2.8642048835754395,3.978588819503784
3.324763298034668,2.8636834621429443,3.9786007404327393
3.3250865936279297,2.863072156906128,3.9794793128967285
3.325103759765625,2.8635306358337402,3.9795923233032227
3.3248348236083984,2.863410234451294,3.9798643589019775
3.324908494949341,2.8620362281799316,3.9815773963928223
3.324908494949341,2.8620362281799316,3.9815773963928223
3.3255996704101562,2.861948013305664,3.9827804565429688
3.3259775638580322,2.8616459369659424,3.9838640689849854
3.326789140701294,2.861299753189087,3.9856042861938477
3.326789140701294,2.861299753189087,3.9856042861938477
3.327549457550049,2.8617517948150635,3.9862916469573975
3.3283140659332275,2.861018419265747,3.988086700439453
3.3285598754882812,2.8593883514404297,3.9892959594726562
3.3287086486816406,2.8590238094329834,3.9890849590301514
3.329313039779663,2.8582541942596436,3.9905483722686768
3.329313039779663,2.8582541942596436,3.9905483722686768
3.3297672271728516,2.858569622039795,3.989959239959717
3.331071138381958,2.859581708908081,3.9902801513671875
3.332643747329712,2.860797882080078,3.990577459335327
3.332643747329712,2.860797882080078,3.990577459335327
3.3344881534576416,2.8620569705963135,3.9907453060150146
3.3357553482055664,2.861614227294922,3.9923458099365234
3.3367748260498047,2.862135887145996,3.992382049560547
3.3378610610961914,2.863158941268921,3.9931507110595703
3.338512659072876,2.863067150115967,3.993912696838379
3.338512659072876,2.863067150115967,3.993912696838379
3.338353157043457,2.8627943992614746,3.993971586227417
3.3380260467529297,2.8621764183044434,3.994601249694824
3.3376736640930176,2.861804962158203,3.995137929916382
3.3376736640930176,2.861804962158203,3.995137929916382
3.3373427391052246,2.862036943435669,3.995347023010254
3.337524175643921,2.861490249633789,3.9964652061462402
3.338543176651001,2.8618195056915283,3.9974091053009033
3.340090751647949,2.862678050994873,3.998598575592041
3.340959310531616,2.8623833656311035,4.000012397766113
3.340959310531616,2.8623833656311035,4.000012397766113
3.3415329456329346,2.8626163005828857,4.000513553619385
3.3424031734466553,2.86214017868042,4.002038478851318
3.3424928188323975,2.860835552215576,4.003422260284424
3.3416154384613037,2.8598177433013916,4.002762317657471
3.3416154384613037,2.8598177433013916,4.002762317657471
3.3416316509246826,2.858956813812256,4.003633975982666
3.341919183731079,2.858004570007324,4.004482269287109
3.342435598373413,2.857828140258789,4.005001544952393
3.3436667919158936,2.8574109077453613,4.006582260131836
3.3436667919158936,2.8574109077453613,4.006582260131836
3.3449790477752686,2.8579418659210205,4.007418155670166
3.3467857837677,2.857836961746216,4.009078025817871
3.348052978515625,2.857436180114746,4.010692596435547
3.348052978515625,2.857436180114746,4.010692596435547
3.348484516143799,2.8570125102996826,4.011593818664551
3.3478281497955322,2.8555233478546143,4.012693881988525
3.346464157104492,2.8542046546936035,4.012857437133789
3.346101999282837,2.85349178314209,4.013733863830566
3.346101999282837,2.85349178314209,4.013733863830566
3.3464581966400146,2.8527684211730957,4.015173435211182
3.3470067977905273,2.852621555328369,4.015682220458984
3.3475522994995117,2.852489948272705,4.016170978546143
3.3481979370117188,2.852566719055176,4.017143726348877
3.3481979370117188,2.852566719055176,4.017143726348877
3.3488454818725586,2.852733612060547,4.0176167488098145
3.3494694232940674,2.8526718616485596,4.018449783325195
3.3510448932647705,2.853222370147705,4.019565105438232
3.3530375957489014,2.8541383743286133,4.020654201507568
3.3564867973327637,2.8554258346557617,4.023087024688721
3.3564867973327637,2.8554258346557617,4.023087024688721
3.3583452701568604,2.856527090072632,4.024055480957031
3.359623670578003,2.8572754859924316,4.025126934051514
3.3598861694335938,2.857358694076538,4.026386737823486
3.3598861694335938,2.857358694076538,4.026386737823486
3.3589463233947754,2.8562023639678955,4.026768684387207
3.3581180572509766,2.8543941974639893,4.027915954589844
3.3584976196289062,2.854337453842163,4.028817176818848
3.3586416244506836,2.8537750244140625,4.0291643142700195
3.3592238426208496,2.8530566692352295,4.030707836151123
3.3592238426208496,2.8530566692352295,4.030707836151123
3.3592965602874756,2.8531699180603027,4.031103610992432
3.358579635620117,2.852224588394165,4.032151699066162
3.3564605712890625,2.849956750869751,4.033052921295166
3.3545804023742676,2.848451614379883,4.032601833343506
3.3545804023742676,2.848451614379883,4.032601833343506
3.354342222213745,2.847778081893921,4.033531188964844
3.3553266525268555,2.847928047180176,4.0346269607543945
3.35713791847229,2.8489608764648438,4.035265922546387
3.35923433303833,2.8492493629455566,4.036890029907227
3.35923433303833,2.8492493629455566,4.036890029907227
3.360055685043335,2.849111795425415,4.037416458129883
3.360588788986206,2.849095344543457,4.038288116455078
3.3596150875091553,2.847195863723755,4.0395708084106445
3.3596150875091553,2.847195863723755,4.0395708084106445
3.3578670024871826,2.8452646732330322,4.039355278015137
3.3573741912841797,2.8442530632019043,4.040353775024414
3.35784649848938,2.844449520111084,4.040903568267822
3.3585562705993652,2.84509015083313,4.041183948516846
3.3585562705993652,2.84509015083313,4.041183948516846
3.359431505203247,2.8455610275268555,4.04217529296875
3.3600218296051025,2.8459622859954834,4.042728900909424
3.3595118522644043,2.843885898590088,4.044244289398193
3.358898162841797,2.8431406021118164,4.044588088989258
3.3589067459106445,2.8437039852142334,4.044380187988281
3.3589067459106445,2.8437039852142334,4.044380187988281
3.3599071502685547,2.8445749282836914,4.044986248016357
3.3621625900268555,2.845170497894287,4.046515464782715
3.3643388748168945,2.845529794692993,4.0478835105896
3.3643388748168945,2.845529794692993,4.0478835105896
3.3670568466186523,2.8461761474609375,4.050199508666992
3.3682103157043457,2.8467276096343994,4.050248146057129
3.3702023029327393,2.8464081287384033,4.052152156829834
3.3714492321014404,2.8456952571868896,4.053988456726074
3.3714492321014404,2.8456952571868896,4.053988456726074
3.371602773666382,2.8453211784362793,4.054093837738037
3.371746063232422,2.8454432487487793,4.054886341094971
3.3720507621765137,2.8462932109832764,4.055468559265137
3.3734166622161865,2.8465828895568848,4.056528091430664
3.3757286071777344,2.846914768218994,4.0586090087890625
3.3757286071777344,2.846914768218994,4.0586090087890625
3.3776438236236572,2.847679376602173,4.059796333312988
3.3779358863830566,2.8471436500549316,4.060715198516846
3.3774728775024414,2.846862316131592,4.060731887817383
3.3774728775024414,2.846862316131592,4.060731887817383
3.3777480125427246,2.8478758335113525,4.06072998046875
3.3782906532287598,2.8475160598754883,4.061633110046387
3.3792123794555664,2.8471813201904297,4.062884330749512
3.380246639251709,2.847031354904175,4.0639967918396
3.381132125854492,2.8470330238342285,4.0649733543396
3.381132125854492,2.8470330238342285,4.0649733543396
3.38153338432312,2.848111629486084,4.065063953399658
3.382115125656128,2.848438262939453,4.0655131340026855
3.3828299045562744,2.8488714694976807,4.0663251876831055
3.3825504779815674,2.8493528366088867,4.0657877922058105
3.3825504779815674,2.8493528366088867,4.0657877922058105
3.3822669982910156,2.848999261856079,4.0662617683410645
3.382128953933716,2.84867787361145,4.066640853881836
3.382510185241699,2.8488640785217285,4.067011833190918
3.383103370666504,2.8482275009155273,4.068525791168213
3.383103370666504,2.8482275009155273,4.068525791168213
3.3827872276306152,2.8475685119628906,4.067946910858154
3.3831369876861572,2.847229242324829,4.068672180175781
3.3839375972747803,2.8474442958831787,4.069589138031006
3.384608745574951,2.8470489978790283,4.069584369659424
3.384608745574951,2.8470489978790283,4.069584369659424
3.384401559829712,2.845569610595703,4.0702362060546875
3.3846054077148438,2.84542179107666,4.07034969329834
3.3849809169769287,2.8459837436676025,4.07033634185791
3.3849809169769287,2.8459837436676025,4.07033634185791
3.3851566314697266,2.845790386199951,4.0706915855407715
3.3847522735595703,2.844423532485962,4.071117401123047
3.383793830871582,2.842801332473755,4.071752071380615
3.38370680809021,2.842848539352417,4.072018623352051
3.3837149143218994,2.8427071571350098,4.071557521820068
3.3837149143218994,2.8427071571350098,4.071557521820068
3.3843367099761963,2.8424432277679443,4.0724196434021
3.385023593902588,2.84222412109375,4.073017597198486
3.3857979774475098,2.842606782913208,4.074105262756348
3.3855092525482178,2.8416383266448975,4.074962139129639
3.3855092525482178,2.8416383266448975,4.074962139129639
3.3845293521881104,2.8410184383392334,4.074545860290527
3.38421893119812,2.84096360206604,4.074848651885986
3.3847529888153076,2.8403573036193848,4.07604455947876
3.3847529888153076,2.839944839477539,4.076385974884033
3.3847529888153076,2.839944839477539,4.076385974884033
3.3854854106903076,2.839719295501709,4.077535629272461
3.3860435485839844,2.8403892517089844,4.077752113342285
3.3867604732513428,2.8411197662353516,4.07788610458374
3.3870394229888916,2.8402533531188965,4.078732967376709
3.3870394229888916,2.8402533531188965,4.078732967376709
3.3874764442443848,2.8395330905914307,4.079230308532715
3.3878939151763916,2.8394603729248047,4.079800605773926
3.3876633644104004,2.839442014694214,4.0791730880737305
3.3874003887176514,2.8390707969665527,4.078620433807373
3.3874003887176514,2.8390707969665527,4.078620433807373
3.3882758617401123,2.83905291557312,4.079967498779297
3.3895626068115234,2.8388731479644775,4.081673622131348
3.3909060955047607,2.8393707275390625,4.082005023956299
3.3915891647338867,2.8393759727478027,4.0822882652282715
3.3915891647338867,2.8393759727478027,4.0822882652282715
3.3923499584198,2.839646816253662,4.083045959472656
3.3921568393707275,2.8392374515533447,4.083775997161865
3.391381025314331,2.837858200073242,4.084034442901611
3.3908684253692627,2.837582588195801,4.083742141723633
3.3908684253692627,2.837582588195801,4.083742141723633
3.3907582759857178,2.8368024826049805,4.084354877471924
3.391268014907837,2.837022304534912,4.084699630737305
3.3926703929901123,2.8374130725860596,4.086458683013916
3.3926703929901123,2.8374130725860596,4.086458683013916
3.394333600997925,2.837495803833008,4.088202476501465
3.3950371742248535,2.8382508754730225,4.088897228240967
3.3951220512390137,2.8382022380828857,4.089433670043945
3.3943309783935547,2.837196111679077,4.089841365814209
3.39351487159729,2.8359439373016357,4.090478897094727
3.39351487159729,2.8359439373016357,4.090478897094727
3.3934757709503174,2.834455728530884,4.0923542976379395
3.3945181369781494,2.8343300819396973,4.094125270843506
3.39556884765625,2.8341450691223145,4.095515727996826
3.39556884765625,2.8341450691223145,4.095515727996826
3.396651268005371,2.833301544189453,4.097341060638428
3.3965113162994385,2.8335447311401367,4.097072124481201
3.3957083225250244,2.833130121231079,4.097000598907471
3.395207405090332,2.832594156265259,4.097093105316162
3.395207405090332,2.832594156265259,4.097093105316162
3.3961269855499268,2.832932710647583,4.097777366638184
3.3976495265960693,2.8333005905151367,4.0989909172058105
3.399012804031372,2.834714412689209,4.098945617675781
3.3997299671173096,2.835195302963257,4.098786354064941
3.401308059692383,2.836636781692505,4.0993428230285645
3.401308059692383,2.836636781692505,4.0993428230285645
3.4028079509735107,2.8367912769317627,4.100576400756836
3.403207540512085,2.8363795280456543,4.101071834564209
3.4029176235198975,2.8358383178710938,4.100720405578613
3.403221607208252,2.8363595008850098,4.1006059646606445
3.403221607208252,2.8363595008850098,4.1006059646606445
3.4042813777923584,2.8372511863708496,4.101103782653809
3.4047443866729736,2.8374221324920654,4.101551055908203
3.4051496982574463,2.837491035461426,4.1020965576171875
3.4061732292175293,2.837878465652466,4.103209495544434
3.4061732292175293,2.837878465652466,4.103209495544434
3.406609296798706,2.83864426612854,4.103280067443848
3.4071054458618164,2.8388147354125977,4.103748321533203
3.40749454498291,2.8386268615722656,4.104055404663086
3.40749454498291,2.8386268615722656,4.104055404663086
3.4092705249786377,2.8403656482696533,4.104822635650635
3.4115545749664307,2.8417816162109375,4.106154441833496
3.412782907485962,2.841254234313965,4.107360363006592
3.4133658409118652,2.8405563831329346,4.108501434326172
3.413938283920288,2.8402085304260254,4.109798908233643
3.413938283920288,2.8402085304260254,4.109798908233643
3.413861036300659,2.8400516510009766,4.110077381134033
3.4140772819519043,2.8394131660461426,4.110769748687744
3.4149367809295654,2.8392727375030518,4.111672878265381
3.4149367809295654,2.8392727375030518,4.111672878265381
3.4164252281188965,2.839569568634033,4.1131110191345215
3.4177920818328857,2.8398733139038086,4.1143293380737305
3.4182260036468506,2.840080738067627,4.114747524261475
3.4182095527648926,2.8401827812194824,4.115268230438232
3.4182095527648926,2.8401827812194824,4.115268230438232
3.418574810028076,2.8393428325653076,4.116565704345703
3.4199752807617188,2.8398218154907227,4.117814540863037
3.4215261936187744,2.8400633335113525,4.1189470291137695
3.422983407974243,2.8409740924835205,4.119635105133057
3.4244019985198975,2.8422834873199463,4.119639873504639
3.4244019985198975,2.8422834873199463,4.119639873504639
3.4247424602508545,2.8418333530426025,4.120060920715332
3.424306631088257,2.840122938156128,4.120474815368652
3.424003839492798,2.8395836353302,4.120769023895264
3.424003839492798,2.8395836353302,4.120769023895264
3.4246931076049805,2.83976674079895,4.121438503265381
3.4259138107299805,2.8401238918304443,4.121698379516602
3.427363872528076,2.8402979373931885,4.1225905418396
3.428323745727539,2.840139150619507,4.1234822273254395
3.42842698097229,2.8405275344848633,4.123758316040039
3.42842698097229,2.8405275344848633,4.123758316040039
3.4281420707702637,2.839448928833008,4.12473726272583
3.427482843399048,2.837886333465576,4.125380039215088
3.4275503158569336,2.8371379375457764,4.126063346862793
3.42869234085083,2.836862087249756,4.127851963043213
3.42869234085083,2.836862087249756,4.127851963043213
3.4278059005737305,2.8353004455566406,4.128319263458252
3.4275755882263184,2.8342244625091553,4.129182815551758
3.42814040184021,2.834494113922119,4.130211353302002
3.42814040184021,2.834494113922119,4.130211353302002
3.4287896156311035,2.8351962566375732,4.130647659301758
3.429795980453491,2.8364415168762207,4.1314544677734375
3.4313974380493164,2.8373289108276367,4.132666110992432
3.4326953887939453,2.8378303050994873,4.133940696716309
3.4326953887939453,2.8378303050994873,4.133940696716309
3.434718132019043,2.838941812515259,4.135909080505371
3.435299873352051,2.8394219875335693,4.136437892913818
3.435859441757202,2.8391382694244385,4.1373443603515625
3.436105489730835,2.838806390762329,4.138324737548828
3.43678879737854,2.839102268218994,4.1384968757629395
3.43678879737854,2.839102268218994,4.1384968757629395
3.4380064010620117,2.8395824432373047,4.14003849029541
3.439870595932007,2.8400955200195312,4.141472339630127
3.4417803287506104,2.8409082889556885,4.142265796661377
3.4417803287506104,2.8409082889556885,4.142265796661377
3.44368839263916,2.8419437408447266,4.143766403198242
3.4445247650146484,2.8418331146240234,4.144286632537842
3.4443459510803223,2.8411405086517334,4.144801616668701
3.4445438385009766,2.8414254188537598,4.145177841186523
3.445633888244629,2.8413703441619873,4.145729064941406
3.445633888244629,2.8413703441619873,4.145729064941406
3.4466569423675537,2.840909719467163,4.147276878356934
3.4474732875823975,2.8410232067108154,4.14762544631958
3.4487788677215576,2.8417043685913086,4.148427486419678
3.4487788677215576,2.8417043685913086,4.148427486419678
3.4513440132141113,2.842987298965454,4.150521755218506
3.452338695526123,2.8429558277130127,4.151565074920654
3.4539389610290527,2.843003988265991,4.152643203735352
3.4555819034576416,2.843297243118286,4.153710842132568
3.4573416709899902,2.8448805809020996,4.153827667236328
3.4573416709899902,2.8448805809020996,4.153827667236328
3.4588449001312256,2.8450798988342285,4.155003547668457
3.459845542907715,2.8452138900756836,4.155239582061768
3.460869550704956,2.846203565597534,4.155806064605713
3.460869550704956,2.846203565597534,4.155806064605713
3.4618616104125977,2.847447633743286,4.15607213973999
3.4624879360198975,2.8487091064453125,4.156160831451416
3.46421217918396,2.849749803543091,4.156839847564697
3.4662790298461914,2.8510427474975586,4.158047676086426
3.468064069747925,2.8526296615600586,4.157908916473389
3.468064069747925,2.8526296615600586,4.157908916473389
3.469569444656372,2.8534884452819824,4.1582560539245605
3.471278667449951,2.853626251220703,4.159787654876709
3.4729952812194824,2.854349136352539,4.160487174987793
3.4753634929656982,2.8558225631713867,4.161709308624268
3.4753634929656982,2.8558225631713867,4.161709308624268
3.4763264656066895,2.856153726577759,4.161992073059082
3.476524829864502,2.8553500175476074,4.162997245788574
3.477109432220459,2.8553504943847656,4.164295196533203
3.477109432220459,2.8553504943847656,4.164295196533203
3.478276491165161,2.8567192554473877,4.164797306060791
3.4796273708343506,2.857184410095215,4.16563606262207
3.480936050415039,2.8577756881713867,4.1662116050720215
3.4818222522735596,2.858351707458496,4.166450023651123
3.4839043617248535,2.8593053817749023,4.167362213134766
3.4839043617248535,2.8593053817749023,4.167362213134766
3.4856221675872803,2.8607873916625977,4.167599201202393
3.4870426654815674,2.8612780570983887,4.168424129486084
3.4880478382110596,2.8610970973968506,4.169579029083252
3.4880478382110596,2.8610970973968506,4.169579029083252
3.488631010055542,2.8615756034851074,4.169766426086426
3.4898133277893066,2.861846923828125,4.170637130737305
3.490720272064209,2.862170934677124,4.171262741088867
3.4911115169525146,2.862682580947876,4.171309947967529
3.4911115169525146,2.862682580947876,4.171309947967529
3.491460084915161,2.8627164363861084,4.17161750793457
3.491715669631958,2.8627736568450928,4.171670436859131
3.4924490451812744,2.862752676010132,4.172601222991943
3.4936835765838623,2.863088846206665,4.174001216888428
3.4941015243530273,2.86354660987854,4.173665523529053
3.4941015243530273,2.86354660987854,4.173665523529053
3.4946796894073486,2.8637382984161377,4.173888683319092
3.4957470893859863,2.864436626434326,4.174999713897705
3.4962399005889893,2.8638548851013184,4.175912380218506
3.4964537620544434,2.8626208305358887,4.177004814147949
3.4964537620544434,2.8626208305358887,4.177004814147949
3.497098445892334,2.8631646633148193,4.176486492156982
3.4987294673919678,2.8646059036254883,4.177015781402588
3.500345468521118,2.8658015727996826,4.177829742431641
3.50179123878479,2.8663485050201416,4.178721904754639
3.50179123878479,2.8663485050201416,4.178721904754639
3.5034239292144775,2.8656842708587646,4.180469036102295
3.5064749717712402,2.868882179260254,4.181248664855957
3.5084280967712402,2.8710646629333496,4.181471347808838
3.510138750076294,2.872080087661743,4.181785583496094
3.510138750076294,2.872080087661743,4.181785583496094
3.511925458908081,2.8728461265563965,4.182775020599365
3.5135650634765625,2.8736703395843506,4.183932781219482
3.5138232707977295,2.8734583854675293,4.183932781219482
3.5138232707977295,2.8734583854675293,4.183932781219482
3.5140810012817383,2.8739700317382812,4.183897972106934
3.514400005340576,2.873432159423828,4.184645175933838
3.5155744552612305,2.8738250732421875,4.185674667358398
3.5172812938690186,2.874582052230835,4.186460971832275
3.518949031829834,2.8747968673706055,4.18752384185791
3.518949031829834,2.8747968673706055,4.18752384185791
3.520756244659424,2.8758656978607178,4.187506198883057
3.522657871246338,2.877103805541992,4.189028739929199
3.523401975631714,2.876535415649414,4.190430641174316
3.523401975631714,2.876535415649414,4.190430641174316
3.524332046508789,2.875473737716675,4.19195556640625
3.527186870574951,2.875483751296997,4.1948466300964355
3.5299603939056396,2.877502918243408,4.195855617523193
3.531412124633789,2.8787295818328857,4.196559906005859
3.5318799018859863,2.878709554672241,4.196986198425293
3.5318799018859863,2.878709554672241,4.196986198425293
3.53185772895813,2.879711389541626,4.196398735046387
3.531930446624756,2.8803248405456543,4.196105003356934
3.5326406955718994,2.880413770675659,4.196945667266846
3.53336763381958,2.880540370941162,4.197352409362793
3.53336763381958,2.880540370941162,4.197352409362793
3.5351102352142334,2.8810172080993652,4.198975563049316
3.5370211601257324,2.88325572013855,4.199431896209717
3.5378849506378174,2.884129285812378,4.199388027191162
3.538386821746826,2.8836848735809326,4.200226306915283
3.538386821746826,2.8836848735809326,4.200226306915283
3.5386438369750977,2.8838131427764893,4.200121879577637
3.538660764694214,2.884152889251709,4.200345993041992
3.53908634185791,2.884824514389038,4.20045804977417
3.540083169937134,2.885493755340576,4.201465606689453
3.540083169937134,2.885493755340576,4.201465606689453
3.542396306991577,2.8861255645751953,4.203358173370361
3.544755458831787,2.887749671936035,4.203902721405029
3.546710968017578,2.88904070854187,4.204799652099609
3.547696590423584,2.8892059326171875,4.205837249755859
3.547696590423584,2.8892059326171875,4.205837249755859
3.5474724769592285,2.889415740966797,4.205848693847656
3.5475704669952393,2.88925838470459,4.206543445587158
3.5477120876312256,2.888333320617676,4.207505702972412
3.548617362976074,2.8877460956573486,4.207325458526611
3.548617362976074,2.8877460956573486,4.207325458526611
3.550417184829712,2.887671947479248,4.209132194519043
3.5522818565368652,2.8895554542541504,4.208752632141113
3.5537984371185303,2.8910975456237793,4.208818435668945
3.5546913146972656,2.891155958175659,4.209483623504639
3.5546913146972656,2.891155958175659,4.209483623504639
3.5551633834838867,2.890796184539795,4.210409641265869
3.556741237640381,2.8910086154937744,4.21207332611084
3.558960437774658,2.8904781341552734,4.214805603027344
3.5600364208221436,2.890371561050415,4.215084552764893
3.5600364208221436,2.890371561050415,4.215084552764893
3.561763286590576,2.890831708908081,4.216978549957275
3.562384605407715,2.890589714050293,4.217573642730713
3.5629172325134277,2.8894612789154053,4.218621253967285
3.5636956691741943,2.888347864151001,4.220134735107422
3.5636956691741943,2.888347864151001,4.220134735107422
3.5646629333496094,2.8888533115386963,4.2200822830200195
3.566148042678833,2.890631675720215,4.220348358154297
3.566971778869629,2.8910770416259766,4.220710754394531
3.5672261714935303,2.8901586532592773,4.221982955932617
3.5672261714935303,2.8901586532592773,4.221982955932617
3.568696975708008,2.889751672744751,4.224373817443848
3.5701205730438232,2.8898818492889404,4.226162910461426
3.5714330673217773,2.890770673751831,4.22737455368042
3.572631597518921,2.8905558586120605,4.228845596313477
3.572631597518921,2.8905558586120605,4.228845596313477
3.5739033222198486,2.8911380767822266,4.229956150054932
3.5748062133789062,2.8920681476593018,4.2307586669921875
3.574577808380127,2.891806125640869,4.230611324310303
3.574577808380127,2.891806125640869,4.230611324310303
3.5747177600860596,2.8919289112091064,4.230654239654541
3.575568437576294,2.891815423965454,4.232140064239502
3.576970100402832,2.8916738033294678,4.2334184646606445
3.578493118286133,2.8925180435180664,4.233912467956543
3.5797572135925293,2.89265775680542,4.235175132751465
3.5797572135925293,2.89265775680542,4.235175132751465
3.5802717208862305,2.893099308013916,4.235311985015869
3.5806756019592285,2.8933393955230713,4.235836029052734
3.58034348487854,2.8926377296447754,4.2362565994262695
3.58034348487854,2.8926377296447754,4.2362565994262695
3.5801079273223877,2.891655683517456,4.236741542816162
3.5803632736206055,2.8905224800109863,4.238596439361572
3.581749439239502,2.8914389610290527,4.240055561065674
3.58302903175354,2.8923773765563965,4.240630149841309
3.58302903175354,2.8923773765563965,4.240630149841309
3.584897518157959,2.892930269241333,4.242043495178223
3.5867512226104736,2.8934295177459717,4.243868827819824
3.5880789756774902,2.893690824508667,4.245176792144775
3.588731288909912,2.894098997116089,4.245484352111816
3.5886659622192383,2.8941378593444824,4.245858669281006
3.5886659622192383,2.8941378593444824,4.245858669281006
3.5895185470581055,2.8944060802459717,4.247185230255127
3.5912604331970215,2.894759178161621,4.249327659606934
3.592679500579834,2.894782781600952,4.25020170211792
3.5937769412994385,2.8934218883514404,4.252340316772461
3.5937769412994385,2.8934218883514404,4.252340316772461
3.5948591232299805,2.8929526805877686,4.253702640533447
3.5962562561035156,2.892125368118286,4.2561140060424805
3.5970277786254883,2.8892412185668945,4.2585978507995605
3.5970277786254883,2.8892412185668945,4.2585978507995605
3.5989108085632324,2.889755964279175,4.259917736053467
3.6006507873535156,2.88946533203125,4.261712074279785
3.6029810905456543,2.891246795654297,4.262567520141602
3.6051454544067383,2.8934249877929688,4.2641425132751465
3.606902599334717,2.8943397998809814,4.265554428100586
3.606902599334717,2.8943397998809814,4.265554428100586
3.6093311309814453,2.8949949741363525,4.2679338455200195
3.6112825870513916,2.8956851959228516,4.269822597503662
3.6120572090148926,2.895188093185425,4.270814895629883
3.6120333671569824,2.894888401031494,4.271205425262451
3.6120333671569824,2.894888401031494,4.271205425262451
3.612471342086792,2.8948309421539307,4.272387504577637
3.6130170822143555,2.8951053619384766,4.273685455322266
3.6134960651397705,2.8945505619049072,4.275264739990234
3.6143076419830322,2.893984317779541,4.277143478393555
3.6143076419830322,2.893984317779541,4.277143478393555
3.6155498027801514,2.895247459411621,4.277501106262207
3.6175830364227295,2.896486282348633,4.279245376586914
3.618088960647583,2.8953566551208496,4.280413627624512
3.6182117462158203,2.8953752517700195,4.280254364013672
3.6182117462158203,2.8953752517700195,4.280254364013672
3.620025873184204,2.89669132232666,4.282099723815918
3.6212151050567627,2.8980307579040527,4.282346725463867
3.620880365371704,2.897775650024414,4.282179832458496
3.620880365371704,2.897775650024414,4.282179832458496
3.620783567428589,2.89770245552063,4.2828850746154785
3.621185064315796,2.8988358974456787,4.283336162567139
3.622624397277832,2.900073766708374,4.2841596603393555
3.624701976776123,2.900580883026123,4.285806655883789
3.626298666000366,2.9021716117858887,4.285761833190918
3.626298666000366,2.9021716117858887,4.285761833190918
3.627760887145996,2.902134418487549,4.287701606750488
3.6276566982269287,2.8998749256134033,4.2889604568481445
3.627530813217163,2.899855613708496,4.288853645324707
3.6278746128082275,2.898763418197632,4.290638446807861
3.6278746128082275,2.898763418197632,4.290638446807861
3.627854108810425,2.89937424659729,4.290568828582764
3.6287200450897217,2.899528741836548,4.291660785675049
3.6290833950042725,2.8989663124084473,4.292686462402344
3.6290833950042725,2.8989663124084473,4.292686462402344
3.6287641525268555,2.898777723312378,4.292270660400391
3.6286747455596924,2.8985819816589355,4.292974472045898
3.6288557052612305,2.897536277770996,4.2942423820495605
3.6294667720794678,2.896791696548462,4.295564651489258
3.6294667720794678,2.896791696548462,4.295564651489258
3.631065845489502,2.8969335556030273,4.297735214233398
3.632457733154297,2.898407459259033,4.298194408416748
3.6335535049438477,2.8991432189941406,4.298707008361816
3.634349822998047,2.898738384246826,4.299912929534912
3.6356165409088135,2.8990328311920166,4.300316333770752
3.6356165409088135,2.8990328311920166,4.300316333770752
3.637160062789917,2.8995044231414795,4.302105903625488
3.6381661891937256,2.900322914123535,4.302105903625488
3.6388516426086426,2.9003374576568604,4.302905082702637
3.640047550201416,2.9004392623901367,4.304966449737549
3.640047550201416,2.9004392623901367,4.304966449737549
3.641972541809082,2.901930809020996,4.306507110595703
3.642937421798706,2.9021944999694824,4.307300090789795
3.6430771350860596,2.9019906520843506,4.307115077972412
3.6431539058685303,2.902395486831665,4.307242393493652
3.6431539058685303,2.902395486831665,4.307242393493652
3.6434459686279297,2.9022817611694336,4.308069705963135
3.6441125869750977,2.9024620056152344,4.30859899520874
3.6454806327819824,2.902437448501587,4.309759140014648
3.6472601890563965,2.9017140865325928,4.312140941619873
3.6472601890563965,2.9017140865325928,4.312140941619873
3.6491124629974365,2.9035308361053467,4.312871932983398
3.6506893634796143,2.904705047607422,4.3143181800842285
3.6518466472625732,2.9036388397216797,4.316317081451416
3.652719736099243,2.903985023498535,4.317256927490234
3.652719736099243,2.903985023498535,4.317256927490234
3.653125762939453,2.903085231781006,4.3187479972839355
3.652757167816162,2.9018218517303467,4.319535732269287
3.652223587036133,2.900524139404297,4.319901466369629
3.652223587036133,2.900524139404297,4.319901466369629
3.6521174907684326,2.8994476795196533,4.320434093475342
3.653825283050537,2.9009249210357666,4.32150936126709
3.655994415283203,2.9028406143188477,4.322924613952637
3.65798282623291,2.902972459793091,4.324912071228027
3.6592469215393066,2.9037365913391113,4.326127529144287
3.6592469215393066,2.9037365913391113,4.326127529144287
3.660952568054199,2.904587507247925,4.328278064727783
3.6617822647094727,2.9047088623046875,4.329466342926025
3.6624927520751953,2.904557466506958,4.330011367797852
3.6642777919769287,2.90457820892334,4.331822872161865
3.6642777919769287,2.90457820892334,4.331822872161865
3.6663143634796143,2.9064595699310303,4.332549095153809
3.6676554679870605,2.906972885131836,4.333783149719238
3.6684460639953613,2.906026601791382,4.335133075714111
3.66855525970459,2.905625581741333,4.335303783416748
3.66855525970459,2.905625581741333,4.335303783416748
3.6699466705322266,2.906406879425049,4.337108135223389
3.671036958694458,2.906952381134033,4.338070869445801
3.6730213165283203,2.9072723388671875,4.339257717132568
3.6730213165283203,2.9072723388671875,4.339257717132568
3.676225423812866,2.907994270324707,4.342357635498047
3.6786139011383057,2.9097015857696533,4.343082427978516
3.6816065311431885,2.910583019256592,4.345801830291748
3.6829779148101807,2.910682201385498,4.347226142883301
3.6838579177856445,2.9100892543792725,4.347683906555176
3.6838579177856445,2.9100892543792725,4.347683906555176
3.6841795444488525,2.9086644649505615,4.349418640136719
3.6841983795166016,2.9086599349975586,4.349437236785889
3.6840732097625732,2.9076130390167236,4.350807189941406
3.6841790676116943,2.9064269065856934,4.352028846740723
3.6841790676116943,2.9064269065856934,4.352028846740723
3.6852850914001465,2.907313585281372,4.352667331695557
3.687065839767456,2.9082283973693848,4.354238510131836
3.68942928314209,2.9075775146484375,4.357138156890869
3.6911849975585938,2.908015012741089,4.358658313751221
3.6911849975585938,2.908015012741089,4.358658313751221
3.6933343410491943,2.909214973449707,4.360539436340332
3.693880319595337,2.9100210666656494,4.359727382659912
3.6940572261810303,2.9100100994110107,4.359555721282959
3.694283962249756,2.9088783264160156,4.361063003540039
3.694283962249756,2.9088783264160156,4.361063003540039
3.6944756507873535,2.908900499343872,4.361056804656982
3.694580316543579,2.9084837436676025,4.361420154571533
3.694725275039673,2.9083235263824463,4.361278057098389
3.6946346759796143,2.9083316326141357,4.36138391494751
3.6946346759796143,2.9083316326141357,4.36138391494751
3.6955573558807373,2.9084675312042236,4.362790107727051
3.6967997550964355,2.9085631370544434,4.3643341064453125
3.697888135910034,2.9089393615722656,4.365021228790283
3.6999199390411377,2.9099247455596924,4.366758346557617
3.6999199390411377,2.9099247455596924,4.366758346557617
3.7017438411712646,2.911942481994629,4.367041110992432
3.703977584838867,2.9123587608337402,4.368487358093262
3.705519199371338,2.9121785163879395,4.369648456573486
3.708585023880005,2.914144515991211,4.370691776275635
3.708585023880005,2.914144515991211,4.370691776275635
3.711566686630249,2.916609764099121,4.3721771240234375
3.71379017829895,2.919189453125,4.37234354019165
3.7144041061401367,2.91972279548645,4.37219762802124
3.7146999835968018,2.919569253921509,4.373186111450195
3.7146999835968018,2.919569253921509,4.373186111450195
3.7149853706359863,2.918623447418213,4.373987674713135
3.715336799621582,2.917952537536621,4.375649452209473
3.7160143852233887,2.9170849323272705,4.377252101898193
3.7160143852233887,2.9170849323272705,4.377252101898193
3.7173588275909424,2.9195659160614014,4.376762866973877
3.7210190296173096,2.9231364727020264,4.379458904266357
3.7227981090545654,2.9239730834960938,4.380997657775879
3.7239909172058105,2.9246938228607178,4.382350444793701
3.724991798400879,2.9244189262390137,4.384318828582764
3.724991798400879,2.9244189262390137,4.384318828582764
3.7252814769744873,2.9262795448303223,4.3833489418029785
3.7247109413146973,2.9256443977355957,4.3835320472717285
3.7238998413085938,2.9231011867523193,4.3849945068359375
3.7235164642333984,2.9237210750579834,4.383913516998291
3.7235164642333984,2.9237210750579834,4.383913516998291
3.7238733768463135,2.92338228225708,4.384970188140869
3.724790096282959,2.92368483543396,4.385335922241211
3.7265028953552246,2.9250760078430176,4.386740684509277
3.7265028953552246,2.9250760078430176,4.386740684509277
3.7297444343566895,2.9267213344573975,4.390003204345703
3.7318601608276367,2.928236961364746,4.391300201416016
3.734652280807495,2.9261586666107178,4.3960747718811035
3.7369258403778076,2.9244234561920166,4.400726318359375
3.7392468452453613,2.924597978591919,4.402355194091797
3.7392468452453613,2.924597978591919,4.402355194091797
3.7407445907592773,2.924952507019043,4.4042158126831055
3.7415082454681396,2.9258546829223633,4.403938293457031
3.7427115440368652,2.9268741607666016,4.404323577880859
3.7427115440368652,2.9268741607666016,4.404323577880859
3.7449986934661865,2.928957462310791,4.406347274780273
3.74674129486084,2.9302656650543213,4.407378673553467
3.74820613861084,2.929609537124634,4.408681869506836
3.7502095699310303,2.929659605026245,4.41050386428833
3.7502095699310303,2.929659605026245,4.41050386428833
3.7524569034576416,2.931220293045044,4.4118123054504395
3.753559112548828,2.9315614700317383,4.413029670715332
3.754478931427002,2.93208384513855,4.413087844848633
3.7555155754089355,2.9320435523986816,4.414126396179199
3.7574925422668457,2.9315381050109863,4.417257785797119
3.7574925422668457,2.9315381050109863,4.417257785797119
3.759100914001465,2.933001756668091,4.419025897979736
3.761826753616333,2.933126449584961,4.4214863777160645
3.7645721435546875,2.9333243370056152,4.424018383026123
3.76926851272583,2.937053680419922,4.426864147186279
3.76926851272583,2.937053680419922,4.426864147186279
3.7706186771392822,2.9376447200775146,4.427821636199951
3.771390676498413,2.938133955001831,4.428243637084961
3.7721762657165527,2.9384117126464844,4.428379058837891
3.7721762657165527,2.9384117126464844,4.428379058837891
3.7730703353881836,2.938164472579956,4.42936897277832
3.773888111114502,2.938652753829956,4.43004846572876
3.7749853134155273,2.9375457763671875,4.4322333335876465
3.7764031887054443,2.9379332065582275,4.433346748352051
3.7764031887054443,2.9379332065582275,4.433346748352051
3.7791054248809814,2.940307378768921,4.434672832489014
3.780536651611328,2.9408507347106934,4.435754299163818
3.781590223312378,2.9418389797210693,4.43580436706543
3.7831838130950928,2.942530870437622,4.437254428863525
3.7846298217773438,2.9422683715820312,4.439330577850342
3.7846298217773438,2.9422683715820312,4.439330577850342
3.786224126815796,2.9427709579467773,4.439591884613037
3.7877614498138428,2.942521572113037,4.44153356552124
3.7894558906555176,2.940596580505371,4.445000648498535
3.7894558906555176,2.940596580505371,4.445000648498535
3.7907214164733887,2.942267656326294,4.445549011230469
3.791621208190918,2.9416563510894775,4.447552680969238
3.791567325592041,2.939481258392334,4.44843864440918
3.791501760482788,2.938887596130371,4.44901704788208
3.791501760482788,2.938887596130371,4.44901704788208
3.7923226356506348,2.939929723739624,4.4503984451293945
3.7926368713378906,2.9402191638946533,4.4509711265563965
3.7942848205566406,2.9405910968780518,4.452803611755371
3.796536684036255,2.9403600692749023,4.455674171447754
3.796536684036255,2.9403600692749023,4.455674171447754
3.799362897872925,2.943464517593384,4.4568281173706055
3.8014328479766846,2.945312023162842,4.458380699157715
3.8022356033325195,2.9444468021392822,4.458842754364014
3.8029050827026367,2.94415545463562,4.460146427154541
3.8029050827026367,2.94415545463562,4.460146427154541
3.804203748703003,2.9448060989379883,4.4621734619140625
3.805358648300171,2.945495128631592,4.462291240692139
3.806410074234009,2.9456961154937744,4.463564872741699
3.808704137802124,2.9465715885162354,4.4656662940979
3.8119561672210693,2.95029616355896,4.46629524230957
3.8119561672210693,2.95029616355896,4.46629524230957
3.8153774738311768,2.9528818130493164,4.4681596755981445
3.81803560256958,2.9528379440307617,4.470293045043945
3.8211233615875244,2.953974723815918,4.471808433532715
3.8264353275299072,2.959075689315796,4.474709987640381
3.8264353275299072,2.959075689315796,4.474709987640381
3.828958034515381,2.9614994525909424,4.475485801696777
3.832223892211914,2.962904453277588,4.4772868156433105
3.8364434242248535,2.964189291000366,4.481173515319824
3.8364434242248535,2.964189291000366,4.481173515319824
3.8391621112823486,2.9660861492156982,4.483061790466309
3.8418896198272705,2.967524290084839,4.485001087188721
3.8431668281555176,2.9676570892333984,4.485675811767578
3.8430750370025635,2.9677577018737793,4.4857635498046875
3.8430750370025635,2.9677577018737793,4.4857635498046875
3.8441121578216553,2.9686872959136963,4.487207412719727
3.844722270965576,2.9688119888305664,4.488245010375977
3.846355676651001,2.9684548377990723,4.489897727966309
3.8489739894866943,2.9688806533813477,4.492706775665283
3.8489739894866943,2.9688806533813477,4.492706775665283
3.8510732650756836,2.9695611000061035,4.494618892669678
3.8529446125030518,2.969329357147217,4.497340202331543
3.8538897037506104,2.968909740447998,4.499319553375244
3.8544814586639404,2.9692275524139404,4.498935222625732
3.8553168773651123,2.96952748298645,4.499635219573975
3.8553168773651123,2.96952748298645,4.499635219573975
3.8564844131469727,2.9708821773529053,4.5002946853637695
3.8577725887298584,2.971928119659424,4.501095771789551
3.8591158390045166,2.9720489978790283,4.502866268157959
3.8591158390045166,2.9720489978790283,4.502866268157959
3.8607139587402344,2.9731991291046143,4.503063201904297
3.862495183944702,2.973310947418213,4.50524377822876
3.8633623123168945,2.973661184310913,4.50592565536499
3.864920139312744,2.9752771854400635,4.5067644119262695
3.866663932800293,2.976959228515625,4.5076985359191895
3.866663932800293,2.976959228515625,4.5076985359191895
3.869102954864502,2.9786250591278076,4.508780479431152
3.871324062347412,2.9792394638061523,4.510680675506592
3.87389874458313,2.9807310104370117,4.5130743980407715
3.8754913806915283,2.983060598373413,4.512823104858398
3.8754913806915283,2.983060598373413,4.512823104858398
3.876981019973755,2.9846127033233643,4.5130438804626465
3.877997875213623,2.9855923652648926,4.51328706741333
3.878488302230835,2.9857473373413086,4.513003826141357
3.878791093826294,2.985694408416748,4.513220310211182
3.878791093826294,2.985694408416748,4.513220310211182
3.879077672958374,2.986154794692993,4.512563705444336
3.8805606365203857,2.9870638847351074,4.513908386230469
3.883040428161621,2.988741397857666,4.516438961029053
3.8846676349639893,2.989529848098755,4.5168843269348145
3.8846676349639893,2.989529848098755,4.5168843269348145
3.886263608932495,2.9910919666290283,4.517531871795654
3.887322187423706,2.9916319847106934,4.518721580505371
3.888187885284424,2.9923136234283447,4.519418716430664
3.888187885284424,2.9923136234283447,4.519418716430664
3.8889288902282715,2.991570234298706,4.520856857299805
3.8894922733306885,2.992525339126587,4.520784854888916
3.891054153442383,2.9937126636505127,4.521858215332031
3.8932504653930664,2.995241165161133,4.523457050323486
3.8946950435638428,2.996142864227295,4.52483606338501
3.8946950435638428,2.996142864227295,4.52483606338501
3.896106481552124,2.996495008468628,4.525952339172363
3.8975045680999756,2.9973855018615723,4.526930332183838
3.898536205291748,2.9981510639190674,4.5276288986206055
3.8993136882781982,2.9977262020111084,4.5287556648254395
3.8993136882781982,2.9977262020111084,4.5287556648254395
3.8999316692352295,2.99745512008667,4.5290069580078125
3.900880813598633,2.997878313064575,4.530053615570068
3.9021735191345215,2.9992876052856445,4.531186580657959
3.9023277759552,2.9994983673095703,4.531009674072266
3.9023277759552,2.9994983673095703,4.531009674072266
3.9028453826904297,2.998884916305542,4.531959056854248
3.903782367706299,2.998488426208496,4.5336103439331055
3.9047465324401855,2.9990947246551514,4.533841133117676
3.905982732772827,3.0001778602600098,4.53410530090332
3.905982732772827,3.0001778602600098,4.53410530090332
3.9074323177337646,3.002195358276367,4.534416198730469
3.9089784622192383,3.003169298171997,4.535034656524658
3.911170482635498,3.0040037631988525,4.5368146896362305
3.9130895137786865,3.004826068878174,4.537965774536133
3.9130895137786865,3.004826068878174,4.537965774536133
3.915348529815674,3.0057451725006104,4.539611339569092
3.917372703552246,3.007704734802246,4.540412902832031
3.918931722640991,3.009463310241699,4.541215896606445
3.920259952545166,3.009437084197998,4.542412281036377
3.920259952545166,3.009437084197998,4.542412281036377
3.9219958782196045,3.008876085281372,4.545739650726318
3.924788475036621,3.0093231201171875,4.549962520599365
3.9275875091552734,3.0109469890594482,4.552945613861084
3.929506540298462,3.0115253925323486,4.554887771606445
3.929506540298462,3.0115253925323486,4.554887771606445
3.9313435554504395,3.0116264820098877,4.557133674621582
3.933384895324707,3.013061046600342,4.558906078338623
3.934152126312256,3.013958692550659,4.558175086975098
3.9353525638580322,3.0151870250701904,4.55830192565918
3.9353525638580322,3.0151870250701904,4.55830192565918
3.9363651275634766,3.0158944129943848,4.55910062789917
3.937290668487549,3.0168066024780273,4.560160160064697
3.9381191730499268,3.016777515411377,4.5616888999938965
3.9381191730499268,3.016777515411377,4.5616888999938965
3.9387266635894775,3.016789674758911,4.562168598175049
3.9398646354675293,3.0170140266418457,4.563365459442139
3.941765785217285,3.018218994140625,4.564366817474365
3.94332218170166,3.019259452819824,4.565093040466309
3.944776773452759,3.019117593765259,4.566440582275391
3.944776773452759,3.019117593765259,4.566440582275391
3.9457528591156006,3.018970489501953,4.56705379486084
3.9475033283233643,3.0202465057373047,4.568102836608887
3.949059247970581,3.0220155715942383,4.567964553833008
3.949059247970581,3.0220155715942383,4.567964553833008
3.9494848251342773,3.023017644882202,4.5687055587768555
3.9498960971832275,3.0220377445220947,4.569519519805908
3.950958013534546,3.0226516723632812,4.570808410644531
3.952962875366211,3.025376558303833,4.571765422821045
3.952962875366211,3.025376558303833,4.571765422821045
3.954840660095215,3.026216983795166,4.572681903839111
3.9565672874450684,3.0274808406829834,4.573991775512695
3.958076238632202,3.0285634994506836,4.575342178344727
3.9587855339050293,3.027947425842285,4.575974464416504
3.9587855339050293,3.027947425842285,4.575974464416504
3.959965705871582,3.0299832820892334,4.5760345458984375
3.9597105979919434,3.0273401737213135,4.577788829803467
3.9609527587890625,3.0292317867279053,4.577186584472656
3.9615488052368164,3.029010772705078,4.5784912109375
3.9615488052368164,3.029010772705078,4.5784912109375
3.9624345302581787,3.0289793014526367,4.579451560974121
3.962843894958496,3.029096841812134,4.579543113708496
3.9634275436401367,3.029747724533081,4.580310821533203
3.964017152786255,3.028597354888916,4.5819807052612305
3.964017152786255,3.028597354888916,4.5819807052612305
3.965247869491577,3.0293314456939697,4.582794666290283
3.9670262336730957,3.030249834060669,4.584561347961426
3.9683711528778076,3.0311553478240967,4.585251808166504
3.9696226119995117,3.031404972076416,4.587093830108643
3.970843553543091,3.031243085861206,4.589284420013428
3.970843553543091,3.031243085861206,4.589284420013428
3.9720871448516846,3.0316736698150635,4.589722156524658
3.9733221530914307,3.032167911529541,4.59128475189209
3.974696636199951,3.032021999359131,4.593533039093018
3.9761252403259277,3.0330653190612793,4.594906330108643
3.9761252403259277,3.0330653190612793,4.594906330108643
3.9780354499816895,3.0338845252990723,4.597040176391602
3.979863405227661,3.0348498821258545,4.598639965057373
3.9815948009490967,3.03562593460083,4.599945545196533
3.982635498046875,3.0355913639068604,4.601144313812256
3.982635498046875,3.0355913639068604,4.601144313812256
3.9834349155426025,3.035982131958008,4.601346969604492
3.9838156700134277,3.035452127456665,4.601552486419678
3.9843173027038574,3.0352888107299805,4.601778507232666
3.9856977462768555,3.0366930961608887,4.602570533752441
3.9856977462768555,3.0366930961608887,4.602570533752441
3.988224983215332,3.0385115146636963,4.6044745445251465
3.9911699295043945,3.04044246673584,4.606097221374512
3.993276596069336,3.0414748191833496,4.607266426086426
3.9952242374420166,3.042637825012207,4.6089019775390625
3.9952242374420166,3.042637825012207,4.6089019775390625
3.996539831161499,3.0436761379241943,4.608847618103027
3.9967613220214844,3.042994260787964,4.609265327453613
3.9967215061187744,3.0417799949645996,4.610045909881592
3.9967215061187744,3.0417799949645996,4.610045909881592
3.9970929622650146,3.042548418045044,4.609722137451172
3.9979639053344727,3.0438663959503174,4.609910011291504
3.9990010261535645,3.0452687740325928,4.610152721405029
4.000583648681641,3.046142578125,4.611321449279785
4.002161979675293,3.046558380126953,4.61307954788208
4.002161979675293,3.046558380126953,4.61307954788208
4.0040283203125,3.049112558364868,4.614135265350342
4.005012512207031,3.050111770629883,4.615133762359619
4.005890369415283,3.050727128982544,4.615689754486084
4.005890369415283,3.050727128982544,4.615689754486084
4.007591247558594,3.0524444580078125,4.615872859954834
4.009651184082031,3.0546865463256836,4.617690563201904
4.011322021484375,3.055901527404785,4.618795871734619
4.012524127960205,3.055847406387329,4.619997024536133
4.013587951660156,3.0558969974517822,4.621464729309082
4.013587951660156,3.0558969974517822,4.621464729309082
4.01493501663208,3.0577852725982666,4.622503757476807
4.016082286834717,3.0571882724761963,4.624101638793945
4.0181565284729,3.056485891342163,4.626994609832764
4.020234107971191,3.0583550930023193,4.628967761993408
4.020234107971191,3.0583550930023193,4.628967761993408
4.022340774536133,3.0602943897247314,4.630402088165283
4.023515224456787,3.062323570251465,4.630674362182617
4.0244035720825195,3.06300950050354,4.631296157836914
4.0250563621521,3.062540054321289,4.6329193115234375
4.0250563621521,3.062540054321289,4.6329193115234375
4.0257978439331055,3.062769651412964,4.633642196655273
4.026498317718506,3.062532901763916,4.635061264038086
4.027034282684326,3.060839891433716,4.637382984161377
4.027872562408447,3.061333179473877,4.638437747955322
4.027872562408447,3.061333179473877,4.638437747955322
4.029453754425049,3.0632054805755615,4.639888763427734
4.02971887588501,3.0632238388061523,4.640114784240723
4.029685020446777,3.0621278285980225,4.640741348266602
4.029810905456543,3.0610523223876953,4.642251491546631
4.029810905456543,3.0610523223876953,4.642251491546631
4.029978275299072,3.062401533126831,4.642103672027588
4.030393600463867,3.0624959468841553,4.642470359802246
4.03111457824707,3.0620956420898438,4.64405632019043
4.03111457824707,3.0620956420898438,4.64405632019043
4.032349109649658,3.0633788108825684,4.6447625160217285
4.033798694610596,3.06455659866333,4.646209716796875
4.035217761993408,3.066333293914795,4.646794319152832
4.035991191864014,3.066924571990967,4.647236347198486
4.0366668701171875,3.066601276397705,4.6488356590271
4.0366668701171875,3.066601276397705,4.6488356590271
4.037665367126465,3.0679585933685303,4.648559093475342
4.038559913635254,3.0683698654174805,4.6488823890686035
4.039517879486084,3.068912982940674,4.6491570472717285
4.040793418884277,3.0703351497650146,4.650103569030762
4.040793418884277,3.0703351497650146,4.650103569030762
4.041238307952881,3.070018768310547,4.650834560394287
4.041799068450928,3.070267915725708,4.650548934936523
4.043208599090576,3.0725009441375732,4.650577545166016
4.045228958129883,3.0747838020324707,4.651963233947754
4.045228958129883,3.0747838020324707,4.651963233947754
4.046322345733643,3.0751030445098877,4.652623176574707
4.0471038818359375,3.074861526489258,4.653491497039795
4.047253131866455,3.0742008686065674,4.65363883972168
4.047566890716553,3.0756845474243164,4.653359889984131
4.047566890716553,3.0756845474243164,4.653359889984131
4.047720432281494,3.0756659507751465,4.653831481933594
4.0478410720825195,3.0749404430389404,4.654508590698242
4.0491042137146,3.075498580932617,4.656007766723633
4.0509724617004395,3.077244281768799,4.657526969909668
4.0509724617004395,3.077244281768799,4.657526969909668
4.052089691162109,3.07885479927063,4.65884256362915
4.053638458251953,3.07934308052063,4.6604390144348145
4.05478048324585,3.0790042877197266,4.662461757659912
4.05478048324585,3.0790042877197266,4.662461757659912
4.055888652801514,3.0806145668029785,4.662867546081543
4.056634426116943,3.081707000732422,4.663255214691162
4.057193756103516,3.0817580223083496,4.6639533042907715
4.057865142822266,3.0820159912109375,4.664803981781006
4.057865142822266,3.0820159912109375,4.664803981781006
4.059218883514404,3.0837793350219727,4.665273189544678
4.060623645782471,3.0858376026153564,4.665595054626465
4.061822414398193,3.0862863063812256,4.666229248046875
4.063321113586426,3.086761951446533,4.667879104614258
4.063321113586426,3.086761951446533,4.667879104614258
4.065352439880371,3.087404251098633,4.670434474945068
4.067543029785156,3.0882771015167236,4.67326545715332
4.069024562835693,3.0895941257476807,4.6739301681518555
4.070598602294922,3.090470790863037,4.675207614898682
4.071561336517334,3.091196298599243,4.67595100402832
4.071561336517334,3.091196298599243,4.67595100402832
4.072239398956299,3.0915679931640625,4.67594575881958
4.072250843048096,3.0910720825195312,4.6757025718688965
4.0727858543396,3.0918080806732178,4.676217079162598
4.073332786560059,3.092824697494507,4.676589012145996
4.073332786560059,3.092824697494507,4.676589012145996
4.074002265930176,3.092911958694458,4.677464962005615
4.07462739944458,3.0925161838531494,4.678539752960205
4.07631778717041,3.0940511226654053,4.680328845977783
4.077653884887695,3.0953750610351562,4.681781768798828
4.077653884887695,3.0953750610351562,4.681781768798828
4.07895565032959,3.096811294555664,4.681616306304932
4.080361366271973,3.0983176231384277,4.68264102935791
4.082394123077393,3.099837303161621,4.685319900512695
4.083739280700684,3.100295066833496,4.686082363128662
4.083739280700684,3.100295066833496,4.686082363128662
4.084794521331787,3.100423574447632,4.687539577484131
4.085580825805664,3.100795269012451,4.687930583953857
4.086159706115723,3.1013026237487793,4.687910556793213
4.086252212524414,3.1012933254241943,4.688519477844238
4.086252212524414,3.1012933254241943,4.688519477844238
4.086292743682861,3.1012909412384033,4.687698841094971
4.086057186126709,3.100611925125122,4.687504768371582
4.086509704589844,3.101285696029663,4.687726020812988
4.087101459503174,3.1024341583251953,4.688244342803955
4.087101459503174,3.1024341583251953,4.688244342803955
4.088301658630371,3.1027324199676514,4.6900177001953125
4.0888566970825195,3.10152268409729,4.691516399383545
4.089595794677734,3.1000120639801025,4.693089008331299
4.089768886566162,3.098762273788452,4.694942474365234
4.089768886566162,3.098762273788452,4.694942474365234
4.090311050415039,3.1002163887023926,4.695000171661377
4.090615272521973,3.1003317832946777,4.694936752319336
4.0909295082092285,3.1005728244781494,4.6941914558410645
4.091409206390381,3.100809335708618,4.694726467132568
4.091409206390381,3.100809335708618,4.694726467132568
4.092370986938477,3.100745439529419,4.696277141571045
4.093719959259033,3.1007814407348633,4.697836399078369
4.094853401184082,3.1015565395355225,4.698413848876953
4.094853401184082,3.1015565395355225,4.698413848876953
4.096154689788818,3.102649688720703,4.698800086975098
4.097257137298584,3.10307240486145,4.700039863586426
4.0988359451293945,3.1029574871063232,4.7010817527771
4.10033655166626,3.1030759811401367,4.702064514160156
4.101925373077393,3.1030945777893066,4.702620506286621
4.101925373077393,3.1030945777893066,4.702620506286621
4.102640628814697,3.102931261062622,4.703651428222656
4.1036176681518555,3.1031768321990967,4.7043843269348145
4.1046833992004395,3.102731943130493,4.704753398895264
4.106172561645508,3.1031494140625,4.705379009246826
4.106172561645508,3.1031494140625,4.705379009246826
4.107783317565918,3.1030681133270264,4.705394744873047
4.109201431274414,3.1013846397399902,4.705554008483887
4.110365867614746,3.101100444793701,4.706236362457275
4.112619876861572,3.103494882583618,4.706960678100586
4.112619876861572,3.103494882583618,4.706960678100586
4.1136674880981445,3.1046719551086426,4.707492351531982
4.114589691162109,3.105687141418457,4.707845687866211
4.115412712097168,3.105687379837036,4.70905065536499
4.116186618804932,3.1053037643432617,4.710871696472168
4.116186618804932,3.1053037643432617,4.710871696472168
4.117005825042725,3.1061830520629883,4.711296081542969
4.1181111335754395,3.1077094078063965,4.7116804122924805
4.119506359100342,3.10878849029541,4.712743759155273
4.120442867279053,3.1089046001434326,4.713876724243164
4.120442867279053,3.1089046001434326,4.713876724243164
4.121330738067627,3.108585834503174,4.715457439422607
4.12205171585083,3.1088063716888428,4.715581893920898
4.122786998748779,3.109295129776001,4.716048240661621
4.1237053871154785,3.1101338863372803,4.717097759246826
4.1237053871154785,3.1101338863372803,4.717097759246826
4.124820232391357,3.1100637912750244,4.719055652618408
4.125832557678223,3.110013246536255,4.7201104164123535
4.127329349517822,3.1112587451934814,4.721092224121094
4.127329349517822,3.1112587451934814,4.721092224121094
4.128551006317139,3.112452983856201,4.72252893447876
4.129761695861816,3.1124560832977295,4.723941802978516
4.131392002105713,3.113631010055542,4.724858283996582
4.133567810058594,3.1150565147399902,4.7262420654296875
4.135805130004883,3.1156864166259766,4.729288101196289
4.135805130004883,3.1156864166259766,4.729288101196289
4.137725830078125,3.115783929824829,4.731655597686768
4.139365196228027,3.1156952381134033,4.733614921569824
4.141807556152344,3.1177265644073486,4.735352993011475
4.141807556152344,3.1177265644073486,4.735352993011475
4.1438889503479,3.1204633712768555,4.737204074859619
4.145266532897949,3.1213088035583496,4.738260269165039
4.146369934082031,3.1214728355407715,4.739447593688965
4.148067951202393,3.1230719089508057,4.740914344787598
4.149703502655029,3.12481951713562,4.7425761222839355
4.149703502655029,3.12481951713562,4.7425761222839355
4.150734901428223,3.124931812286377,4.7446699142456055
4.151680946350098,3.124779462814331,4.746456146240234
4.153016090393066,3.1259915828704834,4.748164653778076
4.153170585632324,3.1269478797912598,4.748958587646484
4.153170585632324,3.1269478797912598,4.748958587646484
4.153300762176514,3.126384735107422,4.749697208404541
4.153176307678223,3.126718282699585,4.748946666717529
4.153621673583984,3.1276278495788574,4.749469757080078
4.1542134284973145,3.1268677711486816,4.750986576080322
4.1542134284973145,3.1268677711486816,4.750986576080322
4.154637336730957,3.128422737121582,4.751067161560059
4.155169486999512,3.128561019897461,4.751409530639648
4.155885696411133,3.129481792449951,4.751136779785156
4.155885696411133,3.129481792449951,4.751136779785156
4.15782356262207,3.1307010650634766,4.752182483673096
4.1591901779174805,3.1309752464294434,4.754007816314697
4.160576343536377,3.1315035820007324,4.755354404449463
4.162834644317627,3.1328659057617188,4.757203102111816
4.165035247802734,3.1344265937805176,4.759072303771973
4.165035247802734,3.1344265937805176,4.759072303771973
4.166694164276123,3.1359543800354004,4.760439395904541
4.167663097381592,3.136533498764038,4.761207580566406
4.168261528015137,3.136864185333252,4.761951446533203
4.168704032897949,3.1381843090057373,4.76186466217041
4.168704032897949,3.1381843090057373,4.76186466217041
4.169466495513916,3.1382925510406494,4.7626142501831055
4.170370578765869,3.1383047103881836,4.763127326965332
4.171352386474609,3.139068365097046,4.763964653015137
4.171352386474609,3.139068365097046,4.763964653015137
4.1727375984191895,3.1401898860931396,4.765344142913818
4.173927307128906,3.1406917572021484,4.7664570808410645
4.174987316131592,3.140516757965088,4.767972469329834
4.1761088371276855,3.14060115814209,4.769793510437012
4.177002906799316,3.141916275024414,4.7708306312561035
4.177002906799316,3.141916275024414,4.7708306312561035
4.178037166595459,3.142742156982422,4.772111415863037
4.178719997406006,3.1432979106903076,4.772039413452148
4.179144382476807,3.1433603763580322,4.7721171379089355
4.179144382476807,3.1433603763580322,4.7721171379089355
4.179069995880127,3.142594575881958,4.771938323974609
4.178695201873779,3.1420376300811768,4.771814823150635
4.17815637588501,3.140244245529175,4.771897792816162
4.178264617919922,3.140151262283325,4.772107124328613
4.178264617919922,3.140151262283325,4.772107124328613
4.177915573120117,3.140761375427246,4.772335052490234
4.178125858306885,3.1402766704559326,4.7727370262146
4.177823066711426,3.138636350631714,4.774053573608398
4.178241729736328,3.13875150680542,4.775331020355225
4.178241729736328,3.13875150680542,4.775331020355225
4.178544998168945,3.138524293899536,4.77622652053833
4.179206371307373,3.138335704803467,4.7769575119018555
4.179641246795654,3.136918067932129,4.7781219482421875
4.180727958679199,3.136012315750122,4.78055477142334
4.180727958679199,3.136012315750122,4.78055477142334
4.1824164390563965,3.1359663009643555,4.7818522453308105
4.18391227722168,3.1361870765686035,4.783987045288086
4.184848785400391,3.135803699493408,4.78546667098999
4.186130523681641,3.1366770267486572,4.786489486694336
4.186130523681641,3.1366770267486572,4.786489486694336
4.18806266784668,3.1397128105163574,4.787590026855469
4.189539909362793,3.140580177307129,4.789309501647949
4.191130638122559,3.140995740890503,4.790838241577148
4.192669868469238,3.14158296585083,4.793257713317871
4.192669868469238,3.14158296585083,4.793257713317871
4.193574905395508,3.1422386169433594,4.794245719909668
4.193674087524414,3.142404556274414,4.7939534187316895
4.1936936378479,3.14251971244812,4.79332160949707
4.194479465484619,3.1432077884674072,4.793802261352539
4.194479465484619,3.1432077884674072,4.793802261352539
4.195797920227051,3.1448068618774414,4.795616149902344
4.1973137855529785,3.1450955867767334,4.796901226043701
4.197961330413818,3.1448800563812256,4.797098636627197
4.199497222900391,3.146923542022705,4.798120975494385
4.199497222900391,3.146923542022705,4.798120975494385
4.2008490562438965,3.1482796669006348,4.798818588256836
4.202300548553467,3.148653745651245,4.800685405731201
4.203536510467529,3.149226427078247,4.801735877990723
4.204986095428467,3.150569438934326,4.802917003631592
4.205808162689209,3.1509039402008057,4.804116249084473
4.205808162689209,3.1509039402008057,4.804116249084473
4.206810474395752,3.14884090423584,4.8058342933654785
4.2075910568237305,3.146854877471924,4.806946754455566
4.209548473358154,3.147451400756836,4.809579849243164
4.209548473358154,3.147451400756836,4.809579849243164
4.21122932434082,3.1499550342559814,4.810982704162598
4.212716579437256,3.151846408843994,4.812845230102539
4.213379859924316,3.1518847942352295,4.813223838806152
4.21384334564209,3.152297019958496,4.814135551452637
4.214633464813232,3.1526787281036377,4.815893650054932
4.214633464813232,3.1526787281036377,4.815893650054932
4.215528964996338,3.1530518531799316,4.817086696624756
4.216842174530029,3.1537539958953857,4.8180437088012695
4.218909740447998,3.155364751815796,4.819976329803467
4.218909740447998,3.155364751815796,4.819976329803467
4.220840930938721,3.1575357913970947,4.8215179443359375
4.2231764793396,3.1595265865325928,4.823824882507324
4.22484016418457,3.1607038974761963,4.824996471405029
4.226512908935547,3.1617987155914307,4.82594633102417
4.227572441101074,3.1618733406066895,4.827150344848633
4.227572441101074,3.1618733406066895,4.827150344848633
4.229025840759277,3.162344217300415,4.827239990234375
4.230261325836182,3.163074254989624,4.82813024520874
4.231251239776611,3.163809061050415,4.828481674194336
4.231251239776611,3.163809061050415,4.828481674194336
4.232083320617676,3.1643247604370117,4.828185558319092
4.233583450317383,3.165677309036255,4.829305171966553
4.234911918640137,3.1657557487487793,4.830437660217285
4.236233711242676,3.1661288738250732,4.832155704498291
4.236233711242676,3.1661288738250732,4.832155704498291
4.237802028656006,3.166416883468628,4.834643363952637
4.238724708557129,3.168077230453491,4.835845947265625
4.239254474639893,3.1688241958618164,4.836735248565674
4.239680290222168,3.168684244155884,4.838146209716797
4.239492416381836,3.1684932708740234,4.838481426239014
4.239492416381836,3.1684932708740234,4.838481426239014
4.23952054977417,3.168304204940796,4.838826656341553
4.240046501159668,3.16939377784729,4.838717937469482
4.240963459014893,3.170034170150757,4.8398847579956055
4.2420759201049805,3.170173168182373,4.841935157775879
4.2420759201049805,3.170173168182373,4.841935157775879
4.24307918548584,3.170820713043213,4.843069076538086
4.244189739227295,3.1716294288635254,4.844326019287109
4.245210647583008,3.172457456588745,4.844941139221191
4.245210647583008,3.172457456588745,4.844941139221191
4.245867729187012,3.17362380027771,4.845549583435059
4.247066497802734,3.1737253665924072,4.847032070159912
4.248177528381348,3.1735644340515137,4.848957061767578
4.249868869781494,3.1750500202178955,4.849862098693848
4.249868869781494,3.1750500202178955,4.849862098693848
4.251781463623047,3.176516532897949,4.850767612457275
4.253288269042969,3.1771185398101807,4.851918697357178
4.254662036895752,3.177941083908081,4.8528289794921875
4.255610466003418,3.178236246109009,4.85409688949585
4.255610466003418,3.178236246109009,4.85409688949585
4.256284236907959,3.178610324859619,4.85452127456665
4.256938457489014,3.178196430206299,4.855360984802246
4.257785320281982,3.1785330772399902,4.856448650360107
4.259430408477783,3.1799697875976562,4.859050750732422
4.261122226715088,3.180711269378662,4.86185359954834
4.261122226715088,3.180711269378662,4.86185359954834
4.262592315673828,3.180823564529419,4.863832473754883
4.265029430389404,3.1823055744171143,4.8671875
4.26637601852417,3.183274269104004,4.868952751159668
4.266874313354492,3.1837522983551025,4.869478702545166
4.266874313354492,3.1837522983551025,4.869478702545166
4.267454624176025,3.1838624477386475,4.870155334472656
4.268178462982178,3.1843998432159424,4.870760440826416
4.268913269042969,3.1839163303375244,4.8714985847473145
4.268913269042969,3.1839163303375244,4.8714985847473145
4.269588470458984,3.1838202476501465,4.872747421264648
4.27009916305542,3.1835968494415283,4.872978687286377
4.27069616317749,3.1838836669921875,4.873457908630371
4.271134376525879,3.1844985485076904,4.874396324157715
4.271134376525879,3.1844985485076904,4.874396324157715
4.270716190338135,3.183504104614258,4.874185085296631
4.270374298095703,3.1821401119232178,4.874081611633301
4.271086692810059,3.1830520629882812,4.87486457824707
4.2718424797058105,3.1842784881591797,4.875663757324219
4.27302885055542,3.1852285861968994,4.877007484436035
4.27302885055542,3.1852285861968994,4.877007484436035
4.274182319641113,3.1860344409942627,4.877920150756836
4.276051044464111,3.1877281665802,4.879774570465088
4.277089595794678,3.188993453979492,4.880465507507324
4.277547359466553,3.190211296081543,4.879054546356201
4.277547359466553,3.190211296081543,4.879054546356201
4.277823448181152,3.1901206970214844,4.878688812255859
4.279036998748779,3.192837953567505,4.8792243003845215
4.280119895935059,3.1936118602752686,4.879300117492676
4.280747413635254,3.1909611225128174,4.881816864013672
4.280747413635254,3.1909611225128174,4.881816864013672
4.2808685302734375,3.1906659603118896,4.881754398345947
4.280776500701904,3.1902916431427,4.882320404052734
4.280185222625732,3.1896657943725586,4.882091045379639
4.280185222625732,3.1896657943725586,4.882091045379639
4.2793498039245605,3.189131736755371,4.8812947273254395
4.278769016265869,3.1878435611724854,4.881676197052002
4.279042720794678,3.1877548694610596,4.883079528808594
4.279195308685303,3.1880147457122803,4.8832292556762695
4.279195308685303,3.1880147457122803,4.8832292556762695
4.279343128204346,3.1877071857452393,4.883718967437744
4.279199123382568,3.1872410774230957,4.883177757263184
4.27921199798584,3.187060832977295,4.883835315704346
4.279343605041504,3.1872398853302,4.884237766265869
4.279343605041504,3.1872398853302,4.884237766265869
4.279561996459961,3.1868722438812256,4.884384632110596
4.280342102050781,3.18654465675354,4.885531425476074
4.281387805938721,3.18707275390625,4.886819839477539
4.282471656799316,3.1882779598236084,4.8880157470703125
4.282471656799316,3.1882779598236084,4.8880157470703125
4.2836198806762695,3.188028573989868,4.889826774597168
4.285048007965088,3.1884944438934326,4.890705108642578
4.287454128265381,3.1905665397644043,4.894534587860107
4.2884202003479,3.1909871101379395,4.896427154541016
4.2887091636657715,3.189606189727783,4.8970255851745605
4.2887091636657715,3.189606189727783,4.8970255851745605
4.288507461547852,3.188725233078003,4.897212505340576
4.288868427276611,3.1901299953460693,4.8970232009887695
4.289365291595459,3.1906015872955322,4.897970199584961
4.2902727127075195,3.1904351711273193,4.899659633636475
4.2902727127075195,3.1904351711273193,4.899659633636475
4.29150390625,3.1898999214172363,4.901983261108398
4.292383193969727,3.1898529529571533,4.902838230133057
4.293139934539795,3.1901676654815674,4.903252124786377
4.293139934539795,3.1901676654815674,4.903252124786377
4.293359756469727,3.190230369567871,4.903661251068115
4.293918609619141,3.190012216567993,4.904099464416504
4.295344829559326,3.1911795139312744,4.905547142028809
4.296814441680908,3.1920528411865234,4.906946182250977
4.297626972198486,3.192122459411621,4.908130168914795
4.297626972198486,3.192122459411621,4.908130168914795
4.298471927642822,3.1929454803466797,4.908384799957275
4.299544811248779,3.195030450820923,4.909078121185303
4.299944877624512,3.196408271789551,4.908749580383301
4.299944877624512,3.196408271789551,4.908749580383301
4.300639629364014,3.1961288452148438,4.9096879959106445
4.301743030548096,3.19563627243042,4.911727428436279
4.303442478179932,3.196904182434082,4.912604331970215
4.304553985595703,3.1975252628326416,4.913425922393799
4.305452346801758,3.1969480514526367,4.9140625
4.305452346801758,3.1969480514526367,4.9140625
4.306353569030762,3.195134401321411,4.916057109832764
4.307802200317383,3.192983865737915,4.917751789093018
4.3099894523620605,3.1932663917541504,4.919854640960693
4.3118085861206055,3.195188522338867,4.921239376068115
4.3118085861206055,3.195188522338867,4.921239376068115
4.313098907470703,3.198094606399536,4.921182632446289
4.312778472900391,3.1983535289764404,4.920576572418213
4.312125205993652,3.1971311569213867,4.920030117034912
4.312125205993652,3.1971311569213867,4.920030117034912
4.311629772186279,3.1957833766937256,4.920690059661865
4.311537265777588,3.195157289505005,4.922175407409668
4.312103748321533,3.1947832107543945,4.923445224761963
4.3133158683776855,3.1953442096710205,4.924485683441162
4.3133158683776855,3.1953442096710205,4.924485683441162
4.3150410652160645,3.1975741386413574,4.9258832931518555
4.316057205200195,3.1985583305358887,4.927530288696289
4.3162665367126465,3.197798252105713,4.928600788116455
4.316451072692871,3.1985018253326416,4.929029941558838
4.316451072692871,3.1985018253326416,4.929029941558838
4.31747579574585,3.2006425857543945,4.930258274078369
4.318310737609863,3.2020621299743652,4.929816722869873
4.31924295425415,3.202698230743408,4.930389881134033
4.320225238800049,3.2029495239257812,4.932029724121094
4.32129430770874,3.2042059898376465,4.932787895202637
4.32129430770874,3.2042059898376465,4.932787895202637
4.321354389190674,3.2037570476531982,4.933767318725586
4.320823669433594,3.202584743499756,4.933343410491943
4.320934772491455,3.2022557258605957,4.934520244598389
4.321691036224365,3.202636480331421,4.936686038970947
4.321691036224365,3.202636480331421,4.936686038970947
4.323554992675781,3.204695463180542,4.937567710876465
4.324104309082031,3.2047369480133057,4.939100742340088
4.324489593505859,3.204651355743408,4.9403395652771
4.324666500091553,3.2055115699768066,4.941792964935303
4.324666500091553,3.2055115699768066,4.941792964935303
4.324834823608398,3.2057735919952393,4.942627429962158
4.325034141540527,3.2054312229156494,4.943421840667725
4.3255414962768555,3.2062675952911377,4.943958282470703
4.3255414962768555,3.2062675952911377,4.943958282470703
4.326751232147217,3.2083864212036133,4.945517063140869
4.327544689178467,3.2099292278289795,4.946152687072754
4.328203201293945,3.210146188735962,4.946593761444092
4.329391002655029,3.2111809253692627,4.947977066040039
4.329391002655029,3.2111809253692627,4.947977066040039
4.331052780151367,3.2143375873565674,4.948791027069092
4.332017421722412,3.2157015800476074,4.949117183685303
4.332915782928467,3.216825485229492,4.9489593505859375
4.333722114562988,3.217021942138672,4.949441432952881
4.333722114562988,3.217021942138672,4.949441432952881
4.3344316482543945,3.2169463634490967,4.950677871704102
4.335827827453613,3.217655897140503,4.951250076293945
4.3364176750183105,3.2174439430236816,4.952107906341553
4.336906433105469,3.216813564300537,4.952573776245117
4.338014125823975,3.2182443141937256,4.953526973724365
4.338014125823975,3.2182443141937256,4.953526973724365
4.3389105796813965,3.2189314365386963,4.954709529876709
4.339621067047119,3.2178993225097656,4.9557695388793945
4.339661598205566,3.2170090675354004,4.9566264152526855
4.339851379394531,3.2161285877227783,4.957519054412842
4.339851379394531,3.2161285877227783,4.957519054412842
4.339465618133545,3.215250253677368,4.959139347076416
4.339480400085449,3.214607000350952,4.959966659545898
4.3401384353637695,3.2138442993164062,4.96282958984375
4.3401384353637695,3.2138442993164062,4.96282958984375
4.341513633728027,3.2150328159332275,4.9628825187683105
4.3430633544921875,3.215852737426758,4.964365482330322
4.345250129699707,3.217766523361206,4.966375350952148
4.34684419631958,3.2191996574401855,4.968573093414307
4.34684419631958,3.2191996574401855,4.968573093414307
4.34852933883667,3.220585823059082,4.970900535583496
4.350211143493652,3.221719980239868,4.972323894500732
4.351895332336426,3.223294496536255,4.973834991455078
4.353148460388184,3.223923683166504,4.974922180175781
4.353148460388184,3.223923683166504,4.974922180175781
4.353812217712402,3.2248001098632812,4.975071430206299
4.354329586029053,3.223900556564331,4.975745677947998
4.354874134063721,3.2237579822540283,4.976555824279785
4.355851173400879,3.222797155380249,4.978699207305908
4.357382774353027,3.222055435180664,4.982136249542236
4.357382774353027,3.222055435180664,4.982136249542236
4.358399868011475,3.2229385375976562,4.983453273773193
4.3591485023498535,3.2223269939422607,4.984869956970215
4.360035419464111,3.222956895828247,4.985712051391602
4.360550880432129,3.2238662242889404,4.986026287078857
4.360550880432129,3.2238662242889404,4.986026287078857
4.3613972663879395,3.2244815826416016,4.986326694488525
4.3621602058410645,3.2251346111297607,4.987549781799316
4.3625922203063965,3.22503399848938,4.989193439483643
4.362835884094238,3.2237143516540527,4.990960597991943
4.362835884094238,3.2237143516540527,4.990960597991943
4.363621711730957,3.2247958183288574,4.991574764251709
4.3644795417785645,3.2264366149902344,4.992550849914551
4.36559534072876,3.227081060409546,4.993899345397949
4.36559534072876,3.227081060409546,4.993899345397949
4.367027282714844,3.227599620819092,4.99577522277832
4.368276596069336,3.2283647060394287,4.9976654052734375
4.369041442871094,3.2299413681030273,4.998133659362793
4.3696746826171875,3.2314815521240234,4.998417854309082
4.37020206451416,3.2318129539489746,4.99832820892334
4.37020206451416,3.2318129539489746,4.99832820892334
4.371493339538574,3.2339251041412354,4.999433994293213
4.372437477111816,3.2351510524749756,5.000381946563721
4.373671054840088,3.2371628284454346,5.002030849456787
4.373671054840088,3.2371628284454346,5.002030849456787
4.374626636505127,3.238632917404175,5.002350330352783
4.375225067138672,3.2380902767181396,5.002926349639893
4.375901699066162,3.239232301712036,5.00384521484375
4.376632213592529,3.2404747009277344,5.004910469055176
4.377541542053223,3.240952730178833,5.006072998046875
4.377541542053223,3.240952730178833,5.006072998046875
4.378594875335693,3.242191791534424,5.006228923797607
4.379526615142822,3.242889165878296,5.007331848144531
4.38015079498291,3.243717908859253,5.007960796356201
4.38015079498291,3.243717908859253,5.007960796356201
4.380868911743164,3.245087146759033,5.007643222808838
4.3811469078063965,3.2455742359161377,5.008182525634766
4.38181209564209,3.2463362216949463,5.008630275726318
4.38286018371582,3.2470645904541016,5.009580135345459
4.38369607925415,3.246978759765625,5.01104736328125
4.38369607925415,3.246978759765625,5.01104736328125
4.384668350219727,3.247370958328247,5.012260913848877
4.385642051696777,3.2471325397491455,5.01368522644043
4.387262344360352,3.2472777366638184,5.0156989097595215
4.387262344360352,3.2472777366638184,5.0156989097595215
4.3881096839904785,3.2476067543029785,5.016800403594971
4.388419151306152,3.247331380844116,5.017260551452637
4.388209342956543,3.24714732170105,5.01748514175415
4.38884973526001,3.247068166732788,5.018289566040039
4.38884973526001,3.247068166732788,5.018289566040039
4.3897857666015625,3.247377395629883,5.019855976104736
4.389673709869385,3.2464351654052734,5.021026134490967
4.389567852020264,3.2458741664886475,5.02163553237915
4.389435291290283,3.2452638149261475,5.0216569900512695
4.389435291290283,3.2452638149261475,5.0216569900512695
4.38958215713501,3.2455077171325684,5.023036956787109
4.390169143676758,3.2454657554626465,5.024630069732666
4.391206741333008,3.245828866958618,5.027149200439453
4.392268180847168,3.2458157539367676,5.028949737548828
4.39331579208374,3.2463555335998535,5.03071403503418
4.39331579208374,3.2463555335998535,5.03071403503418
4.394482135772705,3.2473740577697754,5.032453536987305
4.395444869995117,3.248825788497925,5.033512592315674
4.395861625671387,3.2490179538726807,5.0343756675720215
4.3961358070373535,3.248818874359131,5.0349884033203125
4.3961358070373535,3.248818874359131,5.0349884033203125
4.396441459655762,3.248748540878296,5.036158084869385
4.397437572479248,3.2494380474090576,5.037631034851074
4.398226737976074,3.2498018741607666,5.039140701293945
4.398226737976074,3.2498018741607666,5.039140701293945
4.399129390716553,3.250389575958252,5.040843486785889
4.4001946449279785,3.2524781227111816,5.041622638702393
4.400922775268555,3.253575325012207,5.041550159454346
4.401333332061768,3.254199743270874,5.041160583496094
4.4009108543396,3.253077507019043,5.040585517883301
4.4009108543396,3.253077507019043,5.040585517883301
4.400778770446777,3.2524056434631348,5.041147232055664
4.400798320770264,3.2519898414611816,5.041151523590088
4.401276111602783,3.2525439262390137,5.041688442230225
4.402130126953125,3.252593517303467,5.043142318725586
4.402130126953125,3.252593517303467,5.043142318725586
4.404310703277588,3.254897117614746,5.045350074768066
4.405455589294434,3.25656795501709,5.046528339385986
4.406469345092773,3.257323980331421,5.046616554260254
4.406469345092773,3.257323980331421,5.046616554260254
4.407059669494629,3.25594162940979,5.046098709106445
4.407450199127197,3.2561795711517334,5.047070503234863
4.408478736877441,3.2569046020507812,5.046868324279785
4.409745216369629,3.2577171325683594,5.047446250915527
4.411708354949951,3.2592275142669678,5.04915714263916
4.411708354949951,3.2592275142669678,5.04915714263916
4.4133782386779785,3.2609128952026367,5.050654411315918
4.414569854736328,3.2616372108459473,5.052545547485352
4.415464401245117,3.261697769165039,5.0540080070495605
4.415464401245117,3.261697769165039,5.0540080070495605
4.415855407714844,3.261667490005493,5.05455207824707
4.416289806365967,3.261075019836426,5.055323600769043
4.416747570037842,3.261016368865967,5.055561065673828
4.417414665222168,3.261530876159668,5.056136608123779
4.418131351470947,3.262256383895874,5.057005405426025
4.418131351470947,3.262256383895874,5.057005405426025
4.418575286865234,3.2628605365753174,5.057445526123047
4.419407367706299,3.263746738433838,5.057987213134766
4.419763088226318,3.263862371444702,5.058187484741211
4.42014217376709,3.2642951011657715,5.0581560134887695
4.42014217376709,3.2642951011657715,5.0581560134887695
4.420756816864014,3.2648072242736816,5.059053897857666
4.42111873626709,3.264451503753662,5.060172080993652
4.421901702880859,3.265869140625,5.061652183532715
4.421901702880859,3.265869140625,5.061652183532715
4.422422409057617,3.2665629386901855,5.062596797943115
4.423092842102051,3.267216920852661,5.063671588897705
4.423857688903809,3.267826557159424,5.064467906951904
4.424462795257568,3.2682363986968994,5.065776348114014
4.425655364990234,3.269259452819824,5.065894603729248
4.425655364990234,3.269259452819824,5.065894603729248
4.426233768463135,3.2688064575195312,5.06642484664917
4.427762985229492,3.269432306289673,5.06749963760376
4.430667877197266,3.2722136974334717,5.071081161499023
4.430667877197266,3.2722136974334717,5.071081161499023
4.432722091674805,3.273026704788208,5.0750555992126465
4.4344706535339355,3.2730047702789307,5.077489376068115
4.435281276702881,3.2725508213043213,5.079253673553467
4.434892654418945,3.270374298095703,5.078398704528809
4.434892654418945,3.270374298095703,5.078398704528809
4.434678554534912,3.2702202796936035,5.077254295349121
4.435368537902832,3.2725870609283447,5.077884197235107
4.436080455780029,3.2736008167266846,5.077428340911865
4.436677932739258,3.27228045463562,5.078718185424805
4.436677932739258,3.27228045463562,5.078718185424805
4.437101364135742,3.2715091705322266,5.079988479614258
4.438012599945068,3.2718679904937744,5.0811614990234375
4.439222812652588,3.2729926109313965,5.082122325897217
4.4406256675720215,3.273752450942993,5.082473278045654
4.44085168838501,3.2739901542663574,5.083115100860596
4.44085168838501,3.2739901542663574,5.083115100860596
4.441078186035156,3.2740283012390137,5.083902835845947
4.440332889556885,3.2726314067840576,5.0834879875183105
4.439922332763672,3.2719268798828125,5.083076000213623
4.440047740936279,3.271817922592163,5.083405494689941
4.440047740936279,3.271817922592163,5.083405494689941
4.440959930419922,3.273099660873413,5.084717273712158
4.44186544418335,3.2739999294281006,5.085799694061279
4.442495346069336,3.2739522457122803,5.086365222930908
4.442495346069336,3.2739522457122803,5.086365222930908
4.442928314208984,3.2742576599121094,5.087188243865967
4.443382263183594,3.2752597332000732,5.088702201843262
4.443360328674316,3.27494740486145,5.090388774871826
4.443751335144043,3.274742841720581,5.091706275939941
4.444329261779785,3.2747561931610107,5.093504428863525
4.444329261779785,3.2747561931610107,5.093504428863525
4.444815158843994,3.275968074798584,5.0948076248168945
4.445507526397705,3.276724338531494,5.096158504486084
4.446237087249756,3.2768797874450684,5.0978193283081055
4.446237087249756,3.2768797874450684,5.0978193283081055
4.447288513183594,3.278599262237549,5.09880256652832
4.447789669036865,3.279722213745117,5.099370002746582
4.448141098022461,3.2797768115997314,5.099442481994629
4.449415683746338,3.2803845405578613,5.100517272949219
4.450695991516113,3.281745195388794,5.10190486907959
4.450695991516113,3.281745195388794,5.10190486907959
4.452256679534912,3.2830758094787598,5.102391719818115
4.454065799713135,3.282576560974121,5.102249622344971
4.4553728103637695,3.2801036834716797,5.103034973144531
4.456151962280273,3.27873158454895,5.104687213897705
4.456151962280273,3.27873158454895,5.104687213897705
4.45604944229126,3.277984380722046,5.105632305145264
4.456990718841553,3.2801120281219482,5.105556964874268
4.459277153015137,3.28464412689209,5.1063714027404785
4.459277153015137,3.28464412689209,5.1063714027404785
4.461966514587402,3.2887980937957764,5.108452796936035
4.463303565979004,3.289987802505493,5.110674858093262
4.464144706726074,3.2903294563293457,5.112411022186279
4.464275360107422,3.2898972034454346,5.112804889678955
4.464418888092041,3.2899370193481445,5.111596584320068
4.464418888092041,3.2899370193481445,5.111596584320068
4.465613842010498,3.2923808097839355,5.111499786376953
4.467081069946289,3.294156551361084,5.11321496963501
4.469014644622803,3.295153856277466,5.115711212158203
4.469014644622803,3.295153856277466,5.115711212158203
4.4711432456970215,3.2971034049987793,5.118245601654053
4.4718017578125,3.2982888221740723,5.118444442749023
4.471982002258301,3.298003911972046,5.117220401763916
4.4723968505859375,3.2982819080352783,5.117405414581299
4.473210334777832,3.2985217571258545,5.118672847747803
4.473210334777832,3.2985217571258545,5.118672847747803
4.47467565536499,3.2988176345825195,5.121236324310303
4.476056098937988,3.3001508712768555,5.122795581817627
4.477256774902344,3.3012266159057617,5.12394380569458
4.478660583496094,3.3027615547180176,5.125094890594482
4.478660583496094,3.3027615547180176,5.125094890594482
4.479602813720703,3.3035690784454346,5.126601219177246
4.480700969696045,3.3038973808288574,5.127802848815918
4.482303619384766,3.305305242538452,5.129385948181152
4.48164701461792,3.3067123889923096,5.130673408508301
4.48164701461792,3.3067123889923096,5.130673408508301
4.481744289398193,3.3070309162139893,5.130688667297363
4.481626987457275,3.306685209274292,5.131619930267334
4.482426166534424,3.3072774410247803,5.132585525512695
4.482426166534424,3.3072774410247803,5.132585525512695
4.4832258224487305,3.3083648681640625,5.134309768676758
4.484063625335693,3.309833288192749,5.134106636047363
4.484816551208496,3.310459852218628,5.134780406951904
4.486124038696289,3.311291456222534,5.137104511260986
4.487843036651611,3.3136589527130127,5.1385884284973145
4.487843036651611,3.3136589527130127,5.1385884284973145
4.489016056060791,3.3140475749969482,5.140381336212158
4.490866184234619,3.3152806758880615,5.142719268798828
4.49302864074707,3.317979574203491,5.1456499099731445
4.494044303894043,3.3195114135742188,5.146883487701416
4.494044303894043,3.3195114135742188,5.146883487701416
4.494596481323242,3.3188319206237793,5.147073745727539
4.49446439743042,3.3177711963653564,5.147608280181885
4.4947381019592285,3.3178069591522217,5.148416996002197
4.4947381019592285,3.3178069591522217,5.148416996002197
4.495121955871582,3.3182883262634277,5.149366855621338
4.496073246002197,3.318588972091675,5.150673866271973
4.497472763061523,3.3189857006073,5.152092933654785
4.498934268951416,3.3211467266082764,5.153629302978516
4.498934268951416,3.3211467266082764,5.153629302978516
4.499988555908203,3.3221611976623535,5.154626369476318
4.500898838043213,3.3222849369049072,5.155295372009277
4.502565383911133,3.3230702877044678,5.157317638397217
4.504313945770264,3.324775457382202,5.159546375274658
4.504535675048828,3.3252005577087402,5.160388469696045
4.504535675048828,3.3252005577087402,5.160388469696045
4.505351543426514,3.3254294395446777,5.162007808685303
4.506079196929932,3.3264307975769043,5.163424015045166
4.506679534912109,3.3273050785064697,5.164668083190918
4.506679534912109,3.3273050785064697,5.164668083190918
4.50678825378418,3.3261501789093018,5.165577411651611
4.5067901611328125,3.324566602706909,5.166392803192139
4.506909370422363,3.3237218856811523,5.167586326599121
4.507940769195557,3.323786735534668,5.1703410148620605
4.509903907775879,3.325593948364258,5.173038959503174
4.509903907775879,3.325593948364258,5.173038959503174
4.510743141174316,3.325896978378296,5.175063133239746
4.5105204582214355,3.325796604156494,5.175100326538086
4.509214878082275,3.324389934539795,5.174242973327637
4.508467197418213,3.323517322540283,5.173193454742432
4.508467197418213,3.323517322540283,5.173193454742432
4.5083513259887695,3.32377028465271,5.172868251800537
4.508498668670654,3.324012279510498,5.173925399780273
4.508541584014893,3.323031425476074,5.174496650695801
4.509171009063721,3.323484182357788,5.173892021179199
4.509171009063721,3.323484182357788,5.173892021179199
4.51049280166626,3.3234221935272217,5.172022819519043
4.511078834533691,3.321415424346924,5.168339252471924
4.511162281036377,3.322882890701294,5.169666767120361
4.511162281036377,3.322882890701294,5.169666767120361
