x,y,z
3.4260995388031006,2.873436212539673,3.7724764347076416
3.4260995388031006,2.873436212539673,3.7724764347076416
3.4358506202697754,2.8763535022735596,3.764169692993164
3.4335079193115234,2.8777174949645996,3.7640864849090576
3.4327330589294434,2.880600929260254,3.7634832859039307
3.434321880340576,2.8827059268951416,3.760484457015991
3.4313178062438965,2.8840949535369873,3.762774705886841
3.4313178062438965,2.8840949535369873,3.762774705886841
3.4313712120056152,2.884561777114868,3.763601064682007
3.431649923324585,2.8839921951293945,3.7651798725128174
3.4305942058563232,2.8832755088806152,3.766174554824829
3.4305942058563232,2.8832755088806152,3.766174554824829
3.432412624359131,2.8848776817321777,3.7645914554595947
3.4335732460021973,2.8857407569885254,3.76283597946167
3.4348080158233643,2.8869595527648926,3.7608673572540283
3.436033010482788,2.888577938079834,3.7592122554779053
3.436033010482788,2.888577938079834,3.7592122554779053
3.4362006187438965,2.889127492904663,3.7581844329833984
3.4362730979919434,2.8893065452575684,3.757704973220825
3.4366204738616943,2.889414072036743,3.7574856281280518
3.4364213943481445,2.888090133666992,3.7573819160461426
3.4364213943481445,2.888090133666992,3.7573819160461426
3.4370968341827393,2.886929750442505,3.757692337036133
3.4374685287475586,2.885751962661743,3.757619857788086
3.438222885131836,2.8862712383270264,3.757718801498413
3.4382781982421875,2.8869194984436035,3.757528305053711
3.4382781982421875,2.8869194984436035,3.757528305053711
3.438281774520874,2.886859178543091,3.757005453109741
3.4387848377227783,2.8858566284179688,3.756375551223755
3.438706636428833,2.8845419883728027,3.756456136703491
3.4380345344543457,2.882699966430664,3.757138252258301
3.4380345344543457,2.882699966430664,3.757138252258301
3.4381184577941895,2.882946014404297,3.758798360824585
3.437154531478882,2.8829774856567383,3.75996470451355
3.4364097118377686,2.882965564727783,3.7606875896453857
3.4363770484924316,2.8825697898864746,3.760629892349243
3.4363770484924316,2.8825697898864746,3.760629892349243
3.435753107070923,2.88250470161438,3.76118540763855
3.4362845420837402,2.8815200328826904,3.761263608932495
3.4369003772735596,2.8810172080993652,3.7611968517303467
3.4370322227478027,2.8805911540985107,3.761380672454834
3.4370322227478027,2.8805911540985107,3.761380672454834
3.4380810260772705,2.8794357776641846,3.7606875896453857
3.4379539489746094,2.878166675567627,3.7609660625457764
3.438102960586548,2.876974582672119,3.7615175247192383
3.4382853507995605,2.8765299320220947,3.761901378631592
3.4382853507995605,2.8765299320220947,3.761901378631592
3.437751293182373,2.8762269020080566,3.7624881267547607
3.4371814727783203,2.876112937927246,3.7624263763427734
3.4377853870391846,2.875148057937622,3.760862112045288
3.4388885498046875,2.874082326889038,3.7588651180267334
3.4388885498046875,2.874082326889038,3.7588651180267334
3.4390029907226562,2.8747010231018066,3.7581119537353516
3.438884735107422,2.874467134475708,3.757401704788208
3.4384207725524902,2.87343168258667,3.7567996978759766
3.4381120204925537,2.8726463317871094,3.7571051120758057
3.4381120204925537,2.8726463317871094,3.7571051120758057
3.4378409385681152,2.8715364933013916,3.7570345401763916
3.437720775604248,2.870826482772827,3.7564430236816406
3.4370455741882324,2.870302677154541,3.7561213970184326
3.4370052814483643,2.869521379470825,3.7556540966033936
3.4370052814483643,2.869521379470825,3.7556540966033936
3.437177896499634,2.8687474727630615,3.7555718421936035
3.436971664428711,2.867793083190918,3.7553365230560303
3.4365358352661133,2.867892265319824,3.755652666091919
3.4357197284698486,2.8675622940063477,3.7560677528381348
3.4357197284698486,2.8675622940063477,3.7560677528381348
3.4356329441070557,2.866668939590454,3.7559280395507812
3.4355340003967285,2.8657896518707275,3.7560691833496094
3.4356603622436523,2.865870237350464,3.7566781044006348
3.434950590133667,2.8663902282714844,3.7576839923858643
3.434950590133667,2.8663902282714844,3.7576839923858643
3.4350147247314453,2.8677451610565186,3.758855104446411
3.4351654052734375,2.867741584777832,3.759165048599243
3.4352762699127197,2.867392063140869,3.7593326568603516
3.4360103607177734,2.8684957027435303,3.7595248222351074
3.4360103607177734,2.8684957027435303,3.7595248222351074
3.435673475265503,2.869035482406616,3.759429931640625
3.4353139400482178,2.8696720600128174,3.758805274963379
3.4350929260253906,2.870048761367798,3.7588019371032715
3.4351913928985596,2.8686861991882324,3.758298397064209
3.4351913928985596,2.8686861991882324,3.758298397064209
3.4353880882263184,2.8688716888427734,3.75826358795166
3.4350192546844482,2.868513345718384,3.758042335510254
3.4343292713165283,2.8686938285827637,3.758089065551758
3.434140205383301,2.86899471282959,3.758253574371338
3.434140205383301,2.86899471282959,3.758253574371338
3.43418025970459,2.867990016937256,3.7578914165496826
3.434711217880249,2.867680072784424,3.7579917907714844
3.4346680641174316,2.8675150871276855,3.7581355571746826
3.434720516204834,2.8682634830474854,3.758303165435791
3.434720516204834,2.8682634830474854,3.758303165435791
3.4341962337493896,2.8688063621520996,3.7583417892456055
3.4342432022094727,2.868692398071289,3.758373498916626
3.4345057010650635,2.86836314201355,3.758336067199707
3.4347686767578125,2.868966817855835,3.7579452991485596
3.4347686767578125,2.868966817855835,3.7579452991485596
3.4346961975097656,2.8690366744995117,3.7576510906219482
3.435335636138916,2.8694117069244385,3.7569241523742676
3.4356493949890137,2.8690319061279297,3.756497859954834
3.435901165008545,2.8681797981262207,3.7559406757354736
3.435901165008545,2.8681797981262207,3.7559406757354736
3.435793161392212,2.868922710418701,3.7561416625976562
3.4351420402526855,2.869284152984619,3.756948709487915
3.434628963470459,2.8693830966949463,3.7574610710144043
3.4339773654937744,2.868462085723877,3.7584006786346436
3.4339349269866943,2.8675756454467773,3.758596420288086
3.433352470397949,2.8668556213378906,3.758700370788574
3.433352470397949,2.8668556213378906,3.758700370788574
3.433382987976074,2.865917444229126,3.758251190185547
3.4334218502044678,2.8654565811157227,3.7583155632019043
3.432842254638672,2.8638699054718018,3.7587692737579346
3.4325332641601562,2.8616085052490234,3.758913516998291
3.4325332641601562,2.8616085052490234,3.758913516998291
3.4327645301818848,2.86045241355896,3.7593092918395996
3.4320003986358643,2.8587210178375244,3.7600090503692627
3.4314963817596436,2.857790470123291,3.7605221271514893
3.4313724040985107,2.8563179969787598,3.760312795639038
3.4313724040985107,2.8563179969787598,3.760312795639038
3.430837869644165,2.855010509490967,3.760242462158203
3.4306564331054688,2.8540611267089844,3.7603299617767334
3.4297826290130615,2.852193593978882,3.7606990337371826
3.4295125007629395,2.850799322128296,3.760443925857544
3.4295125007629395,2.850799322128296,3.760443925857544
3.4294302463531494,2.850034236907959,3.760193347930908
3.428879499435425,2.849414825439453,3.7601969242095947
3.427987813949585,2.8479702472686768,3.760206937789917
3.4277780055999756,2.847640037536621,3.760626792907715
3.4277780055999756,2.847640037536621,3.760626792907715
3.426715612411499,2.846341848373413,3.761274576187134
3.425503969192505,2.8458709716796875,3.7624106407165527
3.4247841835021973,2.8447442054748535,3.7625668048858643
3.4242970943450928,2.843791961669922,3.762343406677246
3.4242970943450928,2.843791961669922,3.762343406677246
3.4240474700927734,2.8422510623931885,3.7618322372436523
3.4244110584259033,2.841033458709717,3.7614219188690186
3.4241995811462402,2.8402435779571533,3.761953353881836
3.4240922927856445,2.8393054008483887,3.7623491287231445
3.4240922927856445,2.8393054008483887,3.7623491287231445
3.4236483573913574,2.837005138397217,3.7626700401306152
3.4237141609191895,2.835791826248169,3.7629621028900146
3.42370867729187,2.8343567848205566,3.7625725269317627
3.423520803451538,2.8330392837524414,3.7619540691375732
3.423520803451538,2.8330392837524414,3.7619540691375732
3.424002170562744,2.8320789337158203,3.760698080062866
3.4242286682128906,2.831254720687866,3.760056495666504
3.4244916439056396,2.8299648761749268,3.759364366531372
3.4248909950256348,2.828429937362671,3.7587032318115234
3.4248909950256348,2.828429937362671,3.7587032318115234
3.425294876098633,2.827385902404785,3.757704973220825
3.4255499839782715,2.8278677463531494,3.7574148178100586
3.425455093383789,2.8268353939056396,3.757150888442993
3.4252688884735107,2.8250832557678223,3.757082462310791
3.4252688884735107,2.8250832557678223,3.757082462310791
3.4246137142181396,2.8238446712493896,3.758047103881836
3.4237313270568848,2.8228163719177246,3.7587790489196777
3.423257827758789,2.8221306800842285,3.7590363025665283
3.422837495803833,2.8209645748138428,3.758828639984131
3.422837495803833,2.8209645748138428,3.758828639984131
3.422504425048828,2.820230007171631,3.758852005004883
3.422929048538208,2.8199334144592285,3.758922815322876
3.422679901123047,2.819364070892334,3.758845806121826
3.4218409061431885,2.8190581798553467,3.7592530250549316
3.4218409061431885,2.8190581798553467,3.7592530250549316
3.421520233154297,2.818025827407837,3.759181261062622
3.420968770980835,2.816347122192383,3.75936222076416
3.420445442199707,2.814725160598755,3.7595858573913574
3.419994592666626,2.814605474472046,3.760164737701416
3.419994592666626,2.814605474472046,3.760164737701416
3.4192965030670166,2.8139803409576416,3.7604429721832275
3.419083833694458,2.8133835792541504,3.7603600025177
3.4185380935668945,2.8116660118103027,3.760552167892456
3.4179911613464355,2.809785842895508,3.7605459690093994
3.4179911613464355,2.809785842895508,3.7605459690093994
3.4173471927642822,2.809098482131958,3.760394811630249
3.417147397994995,2.808394193649292,3.7602438926696777
3.4170892238616943,2.8088557720184326,3.7607719898223877
3.416701316833496,2.807854413986206,3.761261463165283
3.416701316833496,2.807854413986206,3.761261463165283
3.4159934520721436,2.806252956390381,3.761826992034912
3.415761947631836,2.805346965789795,3.7621686458587646
3.415099620819092,2.8051652908325195,3.7628047466278076
3.4145400524139404,2.8052139282226562,3.763237714767456
3.4145400524139404,2.8052139282226562,3.763237714767456
3.414207935333252,2.804738759994507,3.763523578643799
3.4138193130493164,2.803229331970215,3.763455867767334
3.4137651920318604,2.8016254901885986,3.763335943222046
3.4131217002868652,2.800806760787964,3.7641654014587402
3.4131217002868652,2.800806760787964,3.7641654014587402
3.4120686054229736,2.7999966144561768,3.7650845050811768
3.4117581844329834,2.798872232437134,3.7650539875030518
3.411663055419922,2.7979447841644287,3.7648258209228516
3.411792755126953,2.7967841625213623,3.764092206954956
3.411792755126953,2.7967841625213623,3.764092206954956
3.4121201038360596,2.796660900115967,3.763991117477417
3.412461996078491,2.796189069747925,3.7641570568084717
3.4121198654174805,2.795606851577759,3.764737367630005
3.4124486446380615,2.795557975769043,3.7650949954986572
3.4124486446380615,2.795557975769043,3.7650949954986572
3.4125816822052,2.794214963912964,3.7650399208068848
3.4127588272094727,2.7934651374816895,3.765476703643799
3.4123637676239014,2.791996479034424,3.7661266326904297
3.4121603965759277,2.789674997329712,3.765890121459961
3.4121603965759277,2.789674997329712,3.765890121459961
3.4130327701568604,2.788259267807007,3.765385627746582
3.4117918014526367,2.7870888710021973,3.766007900238037
3.4113616943359375,2.7860474586486816,3.766327142715454
3.4110279083251953,2.7846715450286865,3.7666378021240234
3.4110279083251953,2.7846715450286865,3.7666378021240234
3.410409688949585,2.7840211391448975,3.7671561241149902
3.409916639328003,2.7840170860290527,3.767153024673462
3.4097471237182617,2.7842772006988525,3.766921281814575
3.4093570709228516,2.7842650413513184,3.7667384147644043
3.4093570709228516,2.7842650413513184,3.7667384147644043
3.409824848175049,2.7835745811462402,3.7663698196411133
3.409550905227661,2.78265118598938,3.7664120197296143
3.4088733196258545,2.782545328140259,3.767207145690918
3.4077930450439453,2.7816784381866455,3.7672929763793945
3.4077930450439453,2.7816784381866455,3.7672929763793945
3.4067366123199463,2.780865430831909,3.7677133083343506
3.4062790870666504,2.7797703742980957,3.767610549926758
3.406437873840332,2.7785661220550537,3.7671306133270264
3.4062724113464355,2.777533531188965,3.7667295932769775
3.4062724113464355,2.777533531188965,3.7667295932769775
3.4054808616638184,2.7777233123779297,3.7670738697052
3.4052064418792725,2.777148485183716,3.766948938369751
3.4051737785339355,2.7761588096618652,3.766603708267212
3.405258893966675,2.775895833969116,3.7670061588287354
3.405258893966675,2.775895833969116,3.7670061588287354
3.4041261672973633,2.775984525680542,3.767666816711426
3.402951717376709,2.7769222259521484,3.768488645553589
3.402345657348633,2.777465581893921,3.7685348987579346
3.401973247528076,2.7769391536712646,3.7681193351745605
3.401973247528076,2.7769391536712646,3.7681193351745605
3.402635097503662,2.7753942012786865,3.7669124603271484
3.4029741287231445,2.7742185592651367,3.766333818435669
3.4030871391296387,2.7739310264587402,3.7663135528564453
3.4025981426239014,2.773111343383789,3.766493797302246
3.4025981426239014,2.773111343383789,3.766493797302246
3.402702569961548,2.771850824356079,3.766441583633423
3.4028966426849365,2.771202325820923,3.7664217948913574
3.40323805809021,2.7709710597991943,3.7665889263153076
3.4037458896636963,2.7702062129974365,3.766188621520996
3.4037458896636963,2.7702062129974365,3.766188621520996
3.4041128158569336,2.7686920166015625,3.765432596206665
3.4041290283203125,2.7675511837005615,3.7652084827423096
3.4044344425201416,2.7665607929229736,3.7652370929718018
3.403837203979492,2.7650978565216064,3.765651226043701
3.403837203979492,2.7650978565216064,3.765651226043701
3.4035720825195312,2.7636163234710693,3.7656970024108887
3.404122829437256,2.762969732284546,3.765470504760742
3.404625654220581,2.7624428272247314,3.7653658390045166
3.404902935028076,2.7612388134002686,3.765223503112793
3.404902935028076,2.7612388134002686,3.765223503112793
3.4054741859436035,2.7605061531066895,3.7654073238372803
3.405024290084839,2.7592625617980957,3.7663416862487793
3.404489278793335,2.758363723754883,3.7675251960754395
3.403927803039551,2.7568359375,3.7679715156555176
3.403927803039551,2.7568359375,3.7679715156555176
3.4037320613861084,2.756089448928833,3.7683026790618896
3.4036705493927,2.7550206184387207,3.7681620121002197
3.4032866954803467,2.753225803375244,3.767739772796631
3.4025521278381348,2.7517900466918945,3.767993927001953
3.4025521278381348,2.7517900466918945,3.767993927001953
3.401564598083496,2.749621868133545,3.767723560333252
3.4008445739746094,2.748697519302368,3.7681667804718018
3.399984836578369,2.7474310398101807,3.768357515335083
3.3996477127075195,2.7467551231384277,3.768385887145996
3.3996477127075195,2.7467551231384277,3.768385887145996
3.3986968994140625,2.7456252574920654,3.7686572074890137
3.3982038497924805,2.7450177669525146,3.7689740657806396
3.397758960723877,2.743781805038452,3.7685177326202393
3.3974246978759766,2.74224591255188,3.767561197280884
3.3974246978759766,2.74224591255188,3.767561197280884
3.3975472450256348,2.742785692214966,3.7674410343170166
3.3966898918151855,2.742499828338623,3.7677600383758545
3.395801067352295,2.741278886795044,3.768045425415039
3.395665168762207,2.7406113147735596,3.768414258956909
3.395665168762207,2.7406113147735596,3.768414258956909
3.394960880279541,2.73944091796875,3.768740653991699
3.3945887088775635,2.7397239208221436,3.7691404819488525
3.3938610553741455,2.73881459236145,3.7689473628997803
3.3930881023406982,2.73787260055542,3.7688889503479004
3.3930881023406982,2.73787260055542,3.7688889503479004
3.392333745956421,2.7366557121276855,3.7688145637512207
3.39172101020813,2.7361648082733154,3.769221305847168
3.3911662101745605,2.736313819885254,3.769808530807495
3.3905205726623535,2.7364501953125,3.7705674171447754
3.3905205726623535,2.7364501953125,3.7705674171447754
3.3898766040802,2.7361745834350586,3.770862102508545
3.3900041580200195,2.735018014907837,3.770496129989624
3.390399694442749,2.734867572784424,3.7704591751098633
3.390399694442749,2.734867572784424,3.7704591751098633
3.3902692794799805,2.734147071838379,3.7702267169952393
3.390644073486328,2.7348785400390625,3.770732879638672
3.3902647495269775,2.734616756439209,3.7709662914276123
3.3900861740112305,2.7332913875579834,3.770308494567871
3.3906443119049072,2.7346577644348145,3.7708001136779785
3.3906443119049072,2.7346577644348145,3.7708001136779785
3.3906562328338623,2.7342782020568848,3.770441770553589
3.3906314373016357,2.733564615249634,3.7701034545898438
3.391289472579956,2.7323410511016846,3.7693421840667725
3.391655921936035,2.7305538654327393,3.76853346824646
3.391655921936035,2.7305538654327393,3.76853346824646
3.3918182849884033,2.7289085388183594,3.767794370651245
3.3923726081848145,2.7275564670562744,3.767401933670044
3.3923771381378174,2.7270138263702393,3.7674591541290283
3.3923158645629883,2.7260568141937256,3.767603874206543
3.3923158645629883,2.7260568141937256,3.767603874206543
3.392268180847168,2.7241995334625244,3.766991376876831
3.3923838138580322,2.723381757736206,3.7670228481292725
3.3924341201782227,2.722464084625244,3.7670092582702637
3.3918371200561523,2.7215278148651123,3.7670884132385254
3.3918371200561523,2.7215278148651123,3.7670884132385254
3.3920013904571533,2.721282958984375,3.767441987991333
3.3921241760253906,2.7203783988952637,3.767216444015503
3.3923492431640625,2.71938419342041,3.767075777053833
3.392571449279785,2.7183923721313477,3.7671940326690674
3.392571449279785,2.7183923721313477,3.7671940326690674
3.392615795135498,2.71593976020813,3.7668113708496094
3.393167495727539,2.7159290313720703,3.767346143722534
3.392948865890503,2.7149691581726074,3.7681007385253906
3.392362594604492,2.713914394378662,3.768977642059326
3.392362594604492,2.713914394378662,3.768977642059326
3.3923492431640625,2.712388753890991,3.7687759399414062
3.392165184020996,2.711264133453369,3.7686007022857666
3.3923232555389404,2.7097394466400146,3.7679214477539062
3.3924577236175537,2.708909273147583,3.7675788402557373
3.3924577236175537,2.708909273147583,3.7675788402557373
3.3917388916015625,2.7078025341033936,3.7680089473724365
3.391448736190796,2.7060835361480713,3.7683351039886475
3.3915703296661377,2.7048377990722656,3.7686641216278076
3.3908369541168213,2.7025461196899414,3.7694039344787598
3.3908369541168213,2.7025461196899414,3.7694039344787598
3.3907172679901123,2.703261613845825,3.7702980041503906
3.3903040885925293,2.702237606048584,3.7704579830169678
3.390331506729126,2.7014100551605225,3.7702252864837646
3.3900227546691895,2.7003579139709473,3.7697696685791016
3.3900227546691895,2.7003579139709473,3.7697696685791016
3.3900434970855713,2.6991348266601562,3.7696378231048584
3.3900105953216553,2.698232412338257,3.7700376510620117
3.3895111083984375,2.6970083713531494,3.770310640335083
3.3898963928222656,2.6949825286865234,3.769709587097168
3.3898963928222656,2.6949825286865234,3.769709587097168
3.3890295028686523,2.694383144378662,3.7703933715820312
3.388531446456909,2.692612409591675,3.771165132522583
3.3883187770843506,2.6893599033355713,3.771291732788086
3.388683557510376,2.686962604522705,3.77109694480896
3.388683557510376,2.686962604522705,3.77109694480896
3.3888070583343506,2.6838207244873047,3.770181894302368
3.389106512069702,2.681950569152832,3.769243001937866
3.3896923065185547,2.68043851852417,3.7680022716522217
3.3894267082214355,2.679178476333618,3.767484664916992
3.3894267082214355,2.679178476333618,3.767484664916992
3.3893206119537354,2.67897891998291,3.7675938606262207
3.3884968757629395,2.6779942512512207,3.7681760787963867
3.3872623443603516,2.6769936084747314,3.769148826599121
3.3871395587921143,2.675999164581299,3.7697882652282715
3.3871395587921143,2.675999164581299,3.7697882652282715
3.387186050415039,2.673663854598999,3.7691593170166016
3.3878097534179688,2.6727752685546875,3.768795967102051
3.3884634971618652,2.670896530151367,3.7678616046905518
3.38862943649292,2.6685850620269775,3.767181634902954
3.38862943649292,2.6685850620269775,3.767181634902954
3.388965606689453,2.667419910430908,3.767923593521118
3.388784885406494,2.6659064292907715,3.768155813217163
3.3887829780578613,2.664415121078491,3.7677969932556152
3.3888726234436035,2.663940906524658,3.7670810222625732
3.3888726234436035,2.663940906524658,3.7670810222625732
3.3885345458984375,2.663024425506592,3.766690492630005
3.3881802558898926,2.6605989933013916,3.7659406661987305
3.388131618499756,2.6591200828552246,3.7653896808624268
3.388021469116211,2.657095432281494,3.7647621631622314
3.388021469116211,2.657095432281494,3.7647621631622314
3.3877780437469482,2.6563217639923096,3.764345645904541
3.3871703147888184,2.655012369155884,3.7644221782684326
3.386280059814453,2.653857469558716,3.7650034427642822
3.3850810527801514,2.652693271636963,3.7661874294281006
3.3850810527801514,2.652693271636963,3.7661874294281006
3.383756637573242,2.6513164043426514,3.7672207355499268
3.3833305835723877,2.651113748550415,3.7683229446411133
3.3831472396850586,2.651226758956909,3.76910138130188
3.3823699951171875,2.6506829261779785,3.769183874130249
3.3823699951171875,2.6506829261779785,3.769183874130249
3.3823959827423096,2.65073299407959,3.7694530487060547
3.3820674419403076,2.6504364013671875,3.7695252895355225
3.381770610809326,2.650263547897339,3.7697689533233643
3.3815717697143555,2.6502554416656494,3.7699227333068848
3.3815717697143555,2.6502554416656494,3.7699227333068848
3.381349563598633,2.6492390632629395,3.7698326110839844
3.381256341934204,2.6480512619018555,3.770089864730835
3.3812644481658936,2.647230386734009,3.7703351974487305
3.3812644481658936,2.647230386734009,3.7703351974487305
3.380812168121338,2.646578311920166,3.7702674865722656
3.3800911903381348,2.6464900970458984,3.7704877853393555
3.3790156841278076,2.6454997062683105,3.7711069583892822
3.377871513366699,2.6430742740631104,3.771256923675537
3.377164363861084,2.6416938304901123,3.771022081375122
3.377164363861084,2.6416938304901123,3.771022081375122
3.3772923946380615,2.6387953758239746,3.769350290298462
3.3774869441986084,2.6372671127319336,3.7679667472839355
3.377100944519043,2.636185646057129,3.7677862644195557
3.377513885498047,2.634528160095215,3.7670326232910156
3.377513885498047,2.634528160095215,3.7670326232910156
3.377396583557129,2.6345765590667725,3.767892360687256
3.377134084701538,2.633441925048828,3.7677361965179443
3.3772568702697754,2.6332616806030273,3.767824172973633
3.376843214035034,2.633230686187744,3.7685256004333496
3.376843214035034,2.633230686187744,3.7685256004333496
3.3765509128570557,2.631303071975708,3.768322467803955
3.3768324851989746,2.630507469177246,3.7682552337646484
3.376976490020752,2.629828929901123,3.7677383422851562
3.376976490020752,2.629828929901123,3.7677383422851562
3.3774421215057373,2.629204750061035,3.7668874263763428
3.3772101402282715,2.6289000511169434,3.7669060230255127
3.3767967224121094,2.6275296211242676,3.766908645629883
3.3758695125579834,2.6259422302246094,3.767611265182495
3.3757526874542236,2.624232053756714,3.7684707641601562
3.3757526874542236,2.624232053756714,3.7684707641601562
3.375291347503662,2.622249126434326,3.768768787384033
3.37568998336792,2.6214165687561035,3.7685317993164062
3.3765969276428223,2.620119094848633,3.767347574234009
3.3778748512268066,2.618623971939087,3.765490770339966
3.3778748512268066,2.618623971939087,3.765490770339966
3.3786404132843018,2.6176977157592773,3.7645325660705566
3.378492832183838,2.61691951751709,3.7646372318267822
3.3781917095184326,2.615766763687134,3.7651751041412354
3.3775336742401123,2.6144535541534424,3.7660062313079834
3.3775336742401123,2.6144535541534424,3.7660062313079834
3.3768463134765625,2.6128673553466797,3.76643705368042
3.376046895980835,2.6110050678253174,3.76631498336792
3.3760855197906494,2.6094281673431396,3.7661218643188477
3.376391887664795,2.607522964477539,3.765279769897461
3.376391887664795,2.607522964477539,3.765279769897461
3.3761720657348633,2.6071977615356445,3.7647252082824707
3.3759756088256836,2.605916738510132,3.7640509605407715
3.3752777576446533,2.6043877601623535,3.7637343406677246
3.3745229244232178,2.6023478507995605,3.764195680618286
3.3745229244232178,2.6023478507995605,3.764195680618286
3.373548746109009,2.6004536151885986,3.764704465866089
3.3733835220336914,2.599599599838257,3.764997720718384
3.3733856678009033,2.598621129989624,3.7643487453460693
3.37336802482605,2.597917318344116,3.763594388961792
3.37336802482605,2.597917318344116,3.763594388961792
3.373915195465088,2.597442388534546,3.7627980709075928
3.373220920562744,2.596168279647827,3.762493371963501
3.372483968734741,2.594663143157959,3.762547731399536
3.3720061779022217,2.594825506210327,3.763214588165283
3.3720061779022217,2.594825506210327,3.763214588165283
3.3708715438842773,2.593268632888794,3.7635021209716797
3.3700921535491943,2.5928475856781006,3.7642717361450195
3.3702950477600098,2.5920987129211426,3.7642858028411865
3.3699543476104736,2.590701103210449,3.76399827003479
3.3699543476104736,2.590701103210449,3.76399827003479
3.3705217838287354,2.59078311920166,3.763845682144165
3.370697021484375,2.5897138118743896,3.763529062271118
3.3707261085510254,2.588395357131958,3.7630276679992676
3.371180534362793,2.5875279903411865,3.763155937194824
3.371180534362793,2.5875279903411865,3.763155937194824
3.3708431720733643,2.5859534740448,3.76304292678833
3.3709237575531006,2.5849978923797607,3.7633001804351807
3.3706884384155273,2.5836973190307617,3.7640888690948486
3.3699681758880615,2.581881523132324,3.7644894123077393
3.3699681758880615,2.581881523132324,3.7644894123077393
3.3695240020751953,2.5799739360809326,3.765313148498535
3.3695483207702637,2.578484058380127,3.7653138637542725
3.3698434829711914,2.5772390365600586,3.764791488647461
3.370152711868286,2.576625108718872,3.7649049758911133
3.370152711868286,2.576625108718872,3.7649049758911133
3.3694510459899902,2.5752506256103516,3.7654547691345215
3.36873197555542,2.5735085010528564,3.766300916671753
3.3682353496551514,2.5721116065979004,3.7669754028320312
3.367295980453491,2.5701582431793213,3.7677247524261475
3.367295980453491,2.5701582431793213,3.7677247524261475
3.3672423362731934,2.5689971446990967,3.7680106163024902
3.3665573596954346,2.5673577785491943,3.7684240341186523
3.365839719772339,2.566399574279785,3.7688188552856445
3.3655781745910645,2.5653164386749268,3.768510580062866
3.3655781745910645,2.5653164386749268,3.768510580062866
3.364766836166382,2.563790798187256,3.7684848308563232
3.3645317554473877,2.5627801418304443,3.7683677673339844
3.364581346511841,2.561492919921875,3.7679455280303955
3.3642399311065674,2.55997371673584,3.767422676086426
3.3642399311065674,2.55997371673584,3.767422676086426
3.3639330863952637,2.5583670139312744,3.7670061588287354
3.3634817600250244,2.5570549964904785,3.7672762870788574
3.3632149696350098,2.555783987045288,3.7676279544830322
3.362715005874634,2.554884910583496,3.7685296535491943
3.362715005874634,2.554884910583496,3.7685296535491943
3.3623061180114746,2.553623914718628,3.768277645111084
3.3615798950195312,2.552730083465576,3.7685155868530273
3.360187292098999,2.5520615577697754,3.770052909851074
3.3580715656280518,2.550255060195923,3.771808385848999
3.3580715656280518,2.550255060195923,3.771808385848999
3.358092784881592,2.5493581295013428,3.7728023529052734
3.3575100898742676,2.5477874279022217,3.7735724449157715
3.3578433990478516,2.5472044944763184,3.773689031600952
3.3589935302734375,2.5465598106384277,3.7725934982299805
3.3589935302734375,2.5465598106384277,3.7725934982299805
3.359440803527832,2.54548978805542,3.7715094089508057
3.359513759613037,2.5442678928375244,3.7710371017456055
3.359684944152832,2.5423216819763184,3.770331859588623
3.3589868545532227,2.539687395095825,3.770476818084717
3.3589868545532227,2.539687395095825,3.770476818084717
3.358715295791626,2.5382683277130127,3.770751714706421
3.358302354812622,2.5364596843719482,3.7707724571228027
3.3580174446105957,2.534691572189331,3.7704505920410156
3.3583524227142334,2.5334620475769043,3.7698283195495605
3.3583524227142334,2.5334620475769043,3.7698283195495605
3.358454465866089,2.5318374633789062,3.7689082622528076
3.3577916622161865,2.530473232269287,3.7688796520233154
3.3576409816741943,2.529271364212036,3.769002676010132
3.357558488845825,2.5275096893310547,3.7686192989349365
3.357558488845825,2.5275096893310547,3.7686192989349365
3.357218027114868,2.5275471210479736,3.7683162689208984
3.356775999069214,2.526726484298706,3.768061637878418
3.3565614223480225,2.525667905807495,3.767721176147461
3.356099843978882,2.5247132778167725,3.767957925796509
3.356099843978882,2.5247132778167725,3.767957925796509
3.355454683303833,2.5229475498199463,3.768010139465332
3.3550100326538086,2.5221564769744873,3.7687385082244873
3.354313611984253,2.5212342739105225,3.769606113433838
3.3534023761749268,2.5200555324554443,3.770111083984375
3.3534023761749268,2.5200555324554443,3.770111083984375
3.353109121322632,2.518594264984131,3.7709121704101562
3.3526840209960938,2.516432285308838,3.771143674850464
3.351771593093872,2.5139973163604736,3.7717092037200928
3.3514792919158936,2.512016534805298,3.772023916244507
3.3514792919158936,2.512016534805298,3.772023916244507
3.351348876953125,2.5096755027770996,3.771784782409668
3.351867914199829,2.5092546939849854,3.771885395050049
3.3525123596191406,2.508263111114502,3.7709457874298096
3.3528335094451904,2.5067503452301025,3.7697362899780273
3.3528335094451904,2.5067503452301025,3.7697362899780273
3.353584051132202,2.5054028034210205,3.7685437202453613
3.353492259979248,2.5037434101104736,3.7679266929626465
3.3528072834014893,2.5012738704681396,3.767120599746704
3.3535609245300293,2.500938653945923,3.7663769721984863
3.3535609245300293,2.500938653945923,3.7663769721984863
3.353050708770752,2.500621795654297,3.7663686275482178
3.353269100189209,2.5005860328674316,3.7666056156158447
3.3532490730285645,2.498880624771118,3.766204595565796
3.352916955947876,2.4970266819000244,3.7660202980041504
3.352916955947876,2.4970266819000244,3.7660202980041504
3.352505922317505,2.496493101119995,3.7665207386016846
3.351872205734253,2.4951817989349365,3.766782760620117
3.351283073425293,2.493717908859253,3.7667853832244873
3.350794792175293,2.4925918579101562,3.766505718231201
3.350794792175293,2.4925918579101562,3.766505718231201
3.350109815597534,2.490776777267456,3.766186475753784
3.3492884635925293,2.4896697998046875,3.766663074493408
3.3481688499450684,2.488220691680908,3.7675955295562744
3.3461921215057373,2.4866485595703125,3.76916766166687
3.3461921215057373,2.4866485595703125,3.76916766166687
3.34460711479187,2.485771656036377,3.7710771560668945
3.343419313430786,2.4839818477630615,3.7724826335906982
3.3430211544036865,2.4826149940490723,3.773214817047119
3.3436391353607178,2.481954574584961,3.7733449935913086
3.3436391353607178,2.481954574584961,3.7733449935913086
3.3439438343048096,2.4807827472686768,3.7725069522857666
3.3451359272003174,2.4807960987091064,3.7724223136901855
3.345637083053589,2.4804904460906982,3.7721498012542725
3.3459908962249756,2.479644775390625,3.771944046020508
3.3459908962249756,2.479644775390625,3.771944046020508
3.3454856872558594,2.4789679050445557,3.7718050479888916
3.3437936305999756,2.4776697158813477,3.7729880809783936
3.3432888984680176,2.475135564804077,3.7727267742156982
3.343540906906128,2.4753639698028564,3.773427724838257
3.343540906906128,2.4753639698028564,3.773427724838257
3.343191385269165,2.4739022254943848,3.7732064723968506
3.343198299407959,2.473651885986328,3.7733511924743652
3.3431732654571533,2.472731113433838,3.7734127044677734
3.3428127765655518,2.470271110534668,3.7729711532592773
3.3428127765655518,2.470271110534668,3.7729711532592773
3.342963457107544,2.4693310260772705,3.773627281188965
3.342698097229004,2.4666244983673096,3.773240804672241
3.34213924407959,2.4645140171051025,3.7728638648986816
3.342244863510132,2.4637537002563477,3.772676706314087
3.342244863510132,2.4637537002563477,3.772676706314087
3.3417773246765137,2.462472438812256,3.7724111080169678
3.3416740894317627,2.4612221717834473,3.7723934650421143
3.3409574031829834,2.4598331451416016,3.772343158721924
3.340508222579956,2.4581263065338135,3.7720065116882324
3.340508222579956,2.4581263065338135,3.7720065116882324
3.3402700424194336,2.4574291706085205,3.772461175918579
3.340001106262207,2.4555814266204834,3.7718749046325684
3.3393521308898926,2.4551281929016113,3.771865129470825
3.3392348289489746,2.455404043197632,3.7722575664520264
3.3392348289489746,2.455404043197632,3.7722575664520264
3.3383915424346924,2.453904867172241,3.772346258163452
3.3379626274108887,2.4517579078674316,3.772285223007202
3.337031364440918,2.450453042984009,3.772747755050659
3.3357391357421875,2.44866943359375,3.7733495235443115
3.3357391357421875,2.44866943359375,3.7733495235443115
3.335132122039795,2.448150634765625,3.774156093597412
3.3342385292053223,2.4468631744384766,3.7744874954223633
3.333430767059326,2.445586681365967,3.7742440700531006
3.3336422443389893,2.445948600769043,3.7740979194641113
3.3336422443389893,2.445948600769043,3.7740979194641113
3.3331596851348877,2.4442391395568848,3.773315191268921
3.3326823711395264,2.4436569213867188,3.7737443447113037
3.3318910598754883,2.4423389434814453,3.77435040473938
3.331064224243164,2.4395034313201904,3.7742645740509033
3.331064224243164,2.4395034313201904,3.7742645740509033
3.3311376571655273,2.438502550125122,3.775371551513672
3.3313755989074707,2.435833215713501,3.7749431133270264
3.331876754760742,2.4345290660858154,3.774322271347046
3.331859827041626,2.4345977306365967,3.774564027786255
3.331859827041626,2.4345977306365967,3.774564027786255
3.332113265991211,2.433194875717163,3.7730979919433594
3.3324923515319824,2.432694673538208,3.7724733352661133
3.331726312637329,2.4316794872283936,3.772230625152588
3.331022024154663,2.4303746223449707,3.7722580432891846
3.331022024154663,2.4303746223449707,3.7722580432891846
3.3308534622192383,2.4297070503234863,3.772977352142334
3.330199956893921,2.428441286087036,3.77311635017395
3.330246686935425,2.427126407623291,3.7724690437316895
3.330662250518799,2.426790714263916,3.7721962928771973
3.330662250518799,2.426790714263916,3.7721962928771973
3.3304688930511475,2.4252841472625732,3.7714197635650635
3.3308162689208984,2.4241271018981934,3.770665168762207
3.330989122390747,2.422647714614868,3.7694571018218994
3.3308162689208984,2.420999526977539,3.7684485912323
3.3308162689208984,2.420999526977539,3.7684485912323
3.3305513858795166,2.41906476020813,3.7680063247680664
3.3297581672668457,2.416799306869507,3.7680246829986572
3.3288047313690186,2.414376974105835,3.768050193786621
3.3290674686431885,2.4131526947021484,3.767899751663208
3.3290674686431885,2.4131526947021484,3.767899751663208
3.3289432525634766,2.4110379219055176,3.767014503479004
3.329310417175293,2.4098565578460693,3.7661380767822266
3.32967472076416,2.4085915088653564,3.764965772628784
3.3295586109161377,2.4067790508270264,3.763859272003174
3.3295586109161377,2.4067790508270264,3.763859272003174
3.3296377658843994,2.405395030975342,3.7639102935791016
3.329097032546997,2.4042091369628906,3.7643086910247803
3.328322172164917,2.402411699295044,3.76491379737854
3.327483892440796,2.4005746841430664,3.765288829803467
3.327483892440796,2.4005746841430664,3.765288829803467
3.3269739151000977,2.398052453994751,3.7646164894104004
3.3266639709472656,2.3982090950012207,3.7654902935028076
3.3259284496307373,2.3982436656951904,3.7664942741394043
3.324927806854248,2.396667003631592,3.7671117782592773
3.324927806854248,2.396667003631592,3.7671117782592773
3.324023962020874,2.394808292388916,3.7675621509552
3.323347568511963,2.39273738861084,3.768047571182251
3.322411060333252,2.391188859939575,3.7687318325042725
3.3222806453704834,2.3910837173461914,3.7695560455322266
3.3222806453704834,2.3910837173461914,3.7695560455322266
3.3217124938964844,2.3896989822387695,3.7696545124053955
3.321286201477051,2.3886332511901855,3.769726276397705
3.320995330810547,2.3872838020324707,3.7694056034088135
3.3201539516448975,2.3850624561309814,3.7689781188964844
3.3201539516448975,2.3850624561309814,3.7689781188964844
3.3209068775177,2.3848209381103516,3.7694056034088135
3.3211114406585693,2.3834471702575684,3.769258737564087
3.3211348056793213,2.3822879791259766,3.7693352699279785
3.3215248584747314,2.381040096282959,3.769497871398926
3.3215248584747314,2.381040096282959,3.769497871398926
3.321258306503296,2.378955841064453,3.7692978382110596
3.321512460708618,2.378767490386963,3.7699596881866455
3.3217649459838867,2.377899408340454,3.7700774669647217
3.321645498275757,2.375983476638794,3.769753932952881
3.321645498275757,2.375983476638794,3.769753932952881
3.321782112121582,2.3752846717834473,3.770019054412842
3.321441411972046,2.3741912841796875,3.7702579498291016
3.3212122917175293,2.3724172115325928,3.769871711730957
3.3216614723205566,2.371602773666382,3.7697525024414062
3.3216614723205566,2.371602773666382,3.7697525024414062
3.3213624954223633,2.3696951866149902,3.769397735595703
3.321061849594116,2.365232229232788,3.7691404819488525
3.320683479309082,2.359726667404175,3.7684478759765625
3.3202097415924072,2.35608172416687,3.7680835723876953
3.3202097415924072,2.35608172416687,3.7680835723876953
3.319972276687622,2.3537168502807617,3.768052816390991
3.319885730743408,2.351552724838257,3.767160177230835
3.319697618484497,2.350882053375244,3.7664525508880615
3.319152593612671,2.3493447303771973,3.7656869888305664
3.319152593612671,2.3493447303771973,3.7656869888305664
3.31866717338562,2.347965717315674,3.7651960849761963
3.318439483642578,2.345780372619629,3.7650043964385986
3.3171427249908447,2.3436172008514404,3.765562057495117
3.3158371448516846,2.3403992652893066,3.765475034713745
3.3158371448516846,2.3403992652893066,3.765475034713745
3.3154983520507812,2.3386900424957275,3.7654225826263428
3.315430164337158,2.336930751800537,3.764922618865967
3.314783811569214,2.334805727005005,3.7647242546081543
3.3147666454315186,2.3331027030944824,3.7646772861480713
3.3147666454315186,2.3331027030944824,3.7646772861480713
3.3139002323150635,2.330160617828369,3.764432191848755
3.313098192214966,2.328352689743042,3.7648768424987793
3.311379909515381,2.325474977493286,3.7669119834899902
3.308087110519409,2.3221683502197266,3.7707204818725586
3.308087110519409,2.3221683502197266,3.7707204818725586
3.306987762451172,2.3210082054138184,3.7731637954711914
3.3063387870788574,2.319030523300171,3.773995876312256
3.3064167499542236,2.31791353225708,3.773268461227417
3.3081207275390625,2.317338705062866,3.771270990371704
3.3081207275390625,2.317338705062866,3.771270990371704
3.309190511703491,2.316516637802124,3.768853187561035
3.3100218772888184,2.315952777862549,3.767808437347412
3.3095998764038086,2.314105272293091,3.767819404602051
3.3085694313049316,2.3112478256225586,3.7683043479919434
3.3085694313049316,2.3112478256225586,3.7683043479919434
3.307040214538574,2.309443950653076,3.7696166038513184
3.306756019592285,2.307913303375244,3.769503116607666
3.306894063949585,2.307319402694702,3.768946886062622
3.307661533355713,2.3066890239715576,3.7684311866760254
3.307661533355713,2.3066890239715576,3.7684311866760254
3.307875871658325,2.3043737411499023,3.766937255859375
3.3080708980560303,2.301976203918457,3.7662417888641357
3.307779550552368,2.3006742000579834,3.76652455329895
3.3068907260894775,2.298224925994873,3.766561269760132
3.3068907260894775,2.298224925994873,3.766561269760132
3.3068151473999023,2.297118663787842,3.766881227493286
3.3058648109436035,2.2955451011657715,3.767284631729126
3.305295467376709,2.2937428951263428,3.767393112182617
3.3050971031188965,2.29213809967041,3.76706862449646
3.3050971031188965,2.29213809967041,3.76706862449646
3.3044750690460205,2.289717435836792,3.7665188312530518
3.304288387298584,2.2875351905822754,3.765944242477417
3.3037188053131104,2.2839653491973877,3.764815330505371
3.3034567832946777,2.2812070846557617,3.7637686729431152
3.3034567832946777,2.2812070846557617,3.7637686729431152
3.304410696029663,2.280466079711914,3.7637500762939453
3.3041443824768066,2.2777843475341797,3.7631001472473145
3.3040931224823,2.275135040283203,3.761991024017334
3.304749011993408,2.273854970932007,3.7613067626953125
3.304749011993408,2.273854970932007,3.7613067626953125
3.3047068119049072,2.2721521854400635,3.7604966163635254
3.3048388957977295,2.270589828491211,3.760355234146118
3.3043670654296875,2.2685954570770264,3.760265350341797
3.303532123565674,2.2664878368377686,3.76003098487854
3.303532123565674,2.2664878368377686,3.76003098487854
3.3035106658935547,2.2653543949127197,3.7604880332946777
3.3036160469055176,2.2635481357574463,3.760070562362671
3.303356409072876,2.262091636657715,3.759716033935547
3.303640127182007,2.261125087738037,3.759554862976074
3.303640127182007,2.261125087738037,3.759554862976074
3.3035998344421387,2.258659601211548,3.7584228515625
3.3039402961730957,2.2569286823272705,3.75809645652771
3.3031063079833984,2.2549023628234863,3.758692741394043
3.3022544384002686,2.2518386840820312,3.758962392807007
3.3022544384002686,2.2518386840820312,3.758962392807007
3.3019025325775146,2.2496607303619385,3.759932041168213
3.3013381958007812,2.2468185424804688,3.760425567626953
3.300661087036133,2.244818687438965,3.7614493370056152
3.300251007080078,2.243194103240967,3.7608401775360107
3.300251007080078,2.243194103240967,3.7608401775360107
3.299921989440918,2.241487979888916,3.7603445053100586
3.29939866065979,2.240631103515625,3.760244369506836
3.299248695373535,2.239978790283203,3.760491371154785
3.2988338470458984,2.2379167079925537,3.760176658630371
3.2988338470458984,2.2379167079925537,3.760176658630371
3.298290491104126,2.2369933128356934,3.759713888168335
3.297744035720825,2.2355005741119385,3.759378433227539
3.296830654144287,2.2339863777160645,3.7591395378112793
3.296295166015625,2.2326643466949463,3.7592689990997314
3.296295166015625,2.2326643466949463,3.7592689990997314
3.2957046031951904,2.2306501865386963,3.758920669555664
3.295271635055542,2.2291245460510254,3.75901198387146
3.2946619987487793,2.227550745010376,3.7591867446899414
3.2941110134124756,2.225386142730713,3.758737564086914
3.2941110134124756,2.225386142730713,3.758737564086914
3.2940492630004883,2.224827527999878,3.7590603828430176
3.293888807296753,2.223310708999634,3.7586677074432373
3.293596029281616,2.221578598022461,3.7579197883605957
3.293670177459717,2.2206649780273438,3.7575252056121826
3.293670177459717,2.2206649780273438,3.7575252056121826
3.293146848678589,2.218604564666748,3.7567789554595947
3.2928884029388428,2.2169039249420166,3.7565195560455322
3.29249906539917,2.2152466773986816,3.756169319152832
3.2923619747161865,2.213282585144043,3.755366802215576
3.2923619747161865,2.213282585144043,3.755366802215576
3.2927305698394775,2.2130043506622314,3.7561464309692383
3.292482376098633,2.2113702297210693,3.7561099529266357
3.291879177093506,2.208923816680908,3.756171941757202
3.2916178703308105,2.207437038421631,3.756596088409424
3.2916178703308105,2.207437038421631,3.756596088409424
3.2907233238220215,2.205305814743042,3.7567191123962402
3.2903432846069336,2.2044126987457275,3.7571535110473633
3.2894351482391357,2.203029155731201,3.7572154998779297
3.288875102996826,2.2018990516662598,3.757014274597168
3.288875102996826,2.2018990516662598,3.757014274597168
3.2891128063201904,2.2006192207336426,3.7568676471710205
3.2888588905334473,2.1993730068206787,3.7568535804748535
3.2883527278900146,2.198018789291382,3.7570769786834717
3.287879467010498,2.1973111629486084,3.757801055908203
3.287879467010498,2.1973111629486084,3.757801055908203
3.287019968032837,2.194995164871216,3.7577085494995117
3.2865347862243652,2.193552255630493,3.757903814315796
3.2855353355407715,2.1918630599975586,3.75862193107605
3.283777952194214,2.1883981227874756,3.7588436603546143
3.283777952194214,2.1883981227874756,3.7588436603546143
3.2843708992004395,2.188892364501953,3.7602505683898926
3.284303903579712,2.1876468658447266,3.75995135307312
3.2847259044647217,2.187791109085083,3.7596185207366943
3.2852323055267334,2.188781261444092,3.7596774101257324
3.2852323055267334,2.188781261444092,3.7596774101257324
3.2845981121063232,2.188328504562378,3.7593445777893066
3.2841575145721436,2.1869521141052246,3.759376287460327
3.2827634811401367,2.186216115951538,3.7610228061676025
3.28019118309021,2.1850943565368652,3.7637245655059814
3.28019118309021,2.1850943565368652,3.7637245655059814
3.2792623043060303,2.185173749923706,3.7656917572021484
3.2791452407836914,2.184211254119873,3.765796422958374
3.2796192169189453,2.183103084564209,3.7641539573669434
3.2805721759796143,2.1834752559661865,3.7633371353149414
3.2805721759796143,2.1834752559661865,3.7633371353149414
3.281282424926758,2.182265520095825,3.761401891708374
3.281689167022705,2.181933641433716,3.761282205581665
3.2809011936187744,2.1812844276428223,3.7617170810699463
3.279883861541748,2.1789257526397705,3.7619144916534424
3.279883861541748,2.1789257526397705,3.7619144916534424
3.279412031173706,2.177788257598877,3.762681484222412
3.27891206741333,2.1756253242492676,3.7628610134124756
3.278939962387085,2.1739699840545654,3.762681484222412
3.278939962387085,2.1739699840545654,3.762681484222412
3.2791502475738525,2.1737422943115234,3.7635812759399414
3.279141664505005,2.1721062660217285,3.7627861499786377
3.2802231311798096,2.172966957092285,3.7631943225860596
3.279700517654419,2.1726105213165283,3.7633056640625
3.278947114944458,2.171973466873169,3.763552665710449
3.278947114944458,2.171973466873169,3.763552665710449
3.27892804145813,2.1703686714172363,3.7634801864624023
3.2784478664398193,2.1687264442443848,3.764085292816162
3.2779440879821777,2.1678218841552734,3.7651283740997314
3.2776987552642822,2.168911933898926,3.7666685581207275
3.2776987552642822,2.168911933898926,3.7666685581207275
3.2763967514038086,2.168285846710205,3.7678539752960205
3.2759411334991455,2.1669983863830566,3.768179416656494
3.2761151790618896,2.165703773498535,3.7686667442321777
3.2752201557159424,2.1641886234283447,3.7692368030548096
3.2752201557159424,2.1641886234283447,3.7692368030548096
3.2746520042419434,2.164299964904785,3.770542860031128
3.2735965251922607,2.163048028945923,3.771742582321167
3.2724227905273438,2.1609745025634766,3.7728471755981445
3.2715766429901123,2.1595308780670166,3.77412486076355
3.2715766429901123,2.1595308780670166,3.77412486076355
3.270354986190796,2.1577367782592773,3.7748939990997314
3.2697126865386963,2.1562204360961914,3.7748847007751465
3.2701416015625,2.1548635959625244,3.774509906768799
3.2696444988250732,2.1524956226348877,3.773766279220581
3.2696444988250732,2.1524956226348877,3.773766279220581
3.2696897983551025,2.1512155532836914,3.7741858959198
3.2688677310943604,2.1493661403656006,3.774552583694458
3.268045425415039,2.148003101348877,3.775010108947754
3.2674055099487305,2.14742112159729,3.7755486965179443
3.2674055099487305,2.14742112159729,3.7755486965179443
3.2672178745269775,2.1466081142425537,3.7752413749694824
3.2669601440429688,2.146505117416382,3.7752606868743896
3.266789436340332,2.14595890045166,3.775520086288452
3.2659339904785156,2.143996238708496,3.7757434844970703
3.2659339904785156,2.143996238708496,3.7757434844970703
3.265641927719116,2.1438710689544678,3.7776689529418945
3.2644920349121094,2.142590045928955,3.7785439491271973
3.264014720916748,2.1419332027435303,3.7789134979248047
3.2635703086853027,2.1415023803710938,3.779099941253662
3.2635703086853027,2.1415023803710938,3.779099941253662
3.263030529022217,2.1398634910583496,3.7787423133850098
3.2625532150268555,2.138294219970703,3.7787907123565674
3.2627241611480713,2.136396884918213,3.778458595275879
3.2622005939483643,2.134260892868042,3.7782528400421143
3.2622005939483643,2.134260892868042,3.7782528400421143
3.261761426925659,2.132944345474243,3.778582811355591
3.261591672897339,2.131802558898926,3.778215169906616
3.261483669281006,2.132263660430908,3.7782039642333984
3.261462450027466,2.13250732421875,3.778048515319824
3.261462450027466,2.13250732421875,3.778048515319824
3.261092185974121,2.1317901611328125,3.7776126861572266
3.2606539726257324,2.130631685256958,3.7775607109069824
3.259676694869995,2.1298439502716064,3.7783725261688232
3.2573659420013428,2.1288671493530273,3.779789924621582
3.2573659420013428,2.1288671493530273,3.779789924621582
3.2568142414093018,2.128833293914795,3.7811219692230225
3.256584405899048,2.127375841140747,3.7814457416534424
3.255812406539917,2.12558913230896,3.781336545944214
3.2562801837921143,2.125596761703491,3.7818474769592285
3.2562801837921143,2.125596761703491,3.7818474769592285
3.2555689811706543,2.124188184738159,3.781632423400879
3.2552807331085205,2.1233866214752197,3.7816693782806396
3.255279302597046,2.1219401359558105,3.7814395427703857
3.253467082977295,2.119677782058716,3.7816858291625977
3.253467082977295,2.119677782058716,3.7816858291625977
3.253420829772949,2.118082284927368,3.7822139263153076
3.2529842853546143,2.116548776626587,3.782297134399414
3.2525830268859863,2.115612030029297,3.782590866088867
3.252854347229004,2.1155781745910645,3.783108949661255
3.252854347229004,2.1155781745910645,3.783108949661255
3.2520506381988525,2.1158804893493652,3.7837460041046143
3.2522923946380615,2.1169564723968506,3.783609390258789
3.252981424331665,2.1178719997406006,3.7832329273223877
3.2525694370269775,2.1180646419525146,3.783041000366211
3.2525694370269775,2.1180646419525146,3.783041000366211
3.2526214122772217,2.1180732250213623,3.782961130142212
3.2522542476654053,2.11678147315979,3.782602310180664
3.2522497177124023,2.1155619621276855,3.782259225845337
3.2526230812072754,2.1157050132751465,3.7822072505950928
3.2526230812072754,2.1157050132751465,3.7822072505950928
3.2520055770874023,2.1147656440734863,3.7820401191711426
3.2524142265319824,2.114265203475952,3.781858205795288
3.2524383068084717,2.113783597946167,3.781947374343872
3.2523555755615234,2.1127188205718994,3.7815089225769043
3.2523555755615234,2.1127188205718994,3.7815089225769043
3.252936601638794,2.1116106510162354,3.780855894088745
3.252713441848755,2.1106410026550293,3.7808918952941895
3.251981258392334,2.108929395675659,3.780991792678833
3.251603364944458,2.108238458633423,3.781602621078491
3.251603364944458,2.108238458633423,3.781602621078491
3.250840187072754,2.106217622756958,3.781994581222534
3.250532627105713,2.1045920848846436,3.7826988697052
3.2497003078460693,2.10333514213562,3.78316330909729
3.249630928039551,2.101922035217285,3.7824976444244385
3.249630928039551,2.101922035217285,3.7824976444244385
3.2500689029693604,2.101379871368408,3.781853675842285
3.2495625019073486,2.100720167160034,3.781893253326416
3.2490930557250977,2.100123405456543,3.7824440002441406
3.248453378677368,2.098891258239746,3.782851219177246
3.248453378677368,2.098891258239746,3.782851219177246
3.2478854656219482,2.0979549884796143,3.7830893993377686
3.247603178024292,2.0974035263061523,3.7834439277648926
3.247087240219116,2.097041606903076,3.7835731506347656
3.246129035949707,2.0964605808258057,3.783975124359131
3.246129035949707,2.0964605808258057,3.783975124359131
3.245596408843994,2.0950515270233154,3.7841110229492188
3.24497127532959,2.093657970428467,3.784384250640869
3.2441866397857666,2.0923333168029785,3.784990072250366
3.243525743484497,2.0917537212371826,3.7857580184936523
3.243525743484497,2.0917537212371826,3.7857580184936523
3.2420942783355713,2.090900182723999,3.7869749069213867
3.2412407398223877,2.0897016525268555,3.7872471809387207
3.2413268089294434,2.0884854793548584,3.786900520324707
3.2412984371185303,2.087151527404785,3.7857227325439453
3.2412984371185303,2.087151527404785,3.7857227325439453
3.2418532371520996,2.0868380069732666,3.784574270248413
3.242598533630371,2.0862314701080322,3.7826168537139893
3.2436587810516357,2.085787296295166,3.7813141345977783
3.2439515590667725,2.0853114128112793,3.7808690071105957
3.2439515590667725,2.0853114128112793,3.7808690071105957
3.243093729019165,2.083270788192749,3.78085994720459
3.24208402633667,2.0785932540893555,3.7806928157806396
3.241560935974121,2.077410936355591,3.782036781311035
3.239598512649536,2.074302911758423,3.7836036682128906
3.239598512649536,2.074302911758423,3.7836036682128906
3.2385263442993164,2.071817636489868,3.784935712814331
3.237579584121704,2.069664478302002,3.7855896949768066
3.2375292778015137,2.0679080486297607,3.785159111022949
3.237308979034424,2.0673091411590576,3.7854158878326416
3.237308979034424,2.0673091411590576,3.7854158878326416
3.2369072437286377,2.066242218017578,3.785243511199951
3.236004590988159,2.065420150756836,3.785745620727539
3.234058380126953,2.0638339519500732,3.7864439487457275
3.2328402996063232,2.0620689392089844,3.786949872970581
3.2328402996063232,2.0620689392089844,3.786949872970581
3.2309587001800537,2.0609965324401855,3.7889387607574463
3.229750871658325,2.0599122047424316,3.790184736251831
3.2287511825561523,2.0582661628723145,3.7901644706726074
3.2287662029266357,2.0584557056427,3.7903592586517334
3.2287662029266357,2.0584557056427,3.7903592586517334
3.2287485599517822,2.0578811168670654,3.78961443901062
3.2290563583374023,2.05657696723938,3.788478374481201
3.22932767868042,2.0557804107666016,3.7879998683929443
3.2284719944000244,2.0543887615203857,3.787947177886963
3.2284719944000244,2.0543887615203857,3.787947177886963
3.2281670570373535,2.0543718338012695,3.7888364791870117
3.2270307540893555,2.052730083465576,3.789402723312378
3.226053476333618,2.050229787826538,3.7895514965057373
3.225879192352295,2.0499725341796875,3.790485143661499
3.225879192352295,2.0499725341796875,3.790485143661499
3.22528338432312,2.048342704772949,3.790243625640869
3.2247707843780518,2.0484163761138916,3.7909340858459473
3.2239394187927246,2.0478904247283936,3.7914183139801025
3.223121166229248,2.0456912517547607,3.791365146636963
3.223121166229248,2.0456912517547607,3.791365146636963
3.221924304962158,2.042196750640869,3.7914538383483887
3.221606492996216,2.0406057834625244,3.791635036468506
3.2213780879974365,2.0392560958862305,3.7915453910827637
3.222250461578369,2.0393764972686768,3.791844367980957
3.222250461578369,2.0393764972686768,3.791844367980957
3.2218165397644043,2.0386266708374023,3.791355848312378
3.221865653991699,2.0378992557525635,3.7912991046905518
3.221816062927246,2.0367093086242676,3.7911267280578613
3.221132516860962,2.035674571990967,3.791131019592285
3.221132516860962,2.035674571990967,3.791131019592285
3.2208006381988525,2.0352065563201904,3.7916030883789062
3.220527172088623,2.033853769302368,3.7914979457855225
3.219930410385132,2.0321238040924072,3.7912991046905518
3.2194900512695312,2.031456232070923,3.791991710662842
3.2194900512695312,2.031456232070923,3.791991710662842
3.2188282012939453,2.0300703048706055,3.7923905849456787
3.2177655696868896,2.029963254928589,3.7935750484466553
3.21708607673645,2.0290191173553467,3.7940194606781006
3.2162930965423584,2.0266377925872803,3.7936017513275146
3.2162930965423584,2.0266377925872803,3.7936017513275146
3.21596360206604,2.0261614322662354,3.7944140434265137
3.2156896591186523,2.0249533653259277,3.7940282821655273
3.2159500122070312,2.0235254764556885,3.7929258346557617
3.2164177894592285,2.0233795642852783,3.7926316261291504
3.2164177894592285,2.0233795642852783,3.7926316261291504
3.2159533500671387,2.021648645401001,3.7923166751861572
3.215172529220581,2.019824981689453,3.7926852703094482
3.2144930362701416,2.0184743404388428,3.7931554317474365
3.213657855987549,2.016786813735962,3.793320417404175
3.213657855987549,2.016786813735962,3.793320417404175
3.2128491401672363,2.0157723426818848,3.79378080368042
3.211554765701294,2.0138731002807617,3.7940163612365723
3.2107903957366943,2.012352228164673,3.7940077781677246
3.210963010787964,2.012169361114502,3.7942235469818115
3.210963010787964,2.012169361114502,3.7942235469818115
3.210832357406616,2.011260747909546,3.7935407161712646
3.2105822563171387,2.0112287998199463,3.7935631275177
3.2103235721588135,2.011075735092163,3.7939043045043945
3.209425210952759,2.009803295135498,3.793917417526245
3.209425210952759,2.009803295135498,3.793917417526245
3.2093589305877686,2.009904146194458,3.794574499130249
3.2089779376983643,2.0092451572418213,3.7945895195007324
3.20889949798584,2.0085525512695312,3.7944259643554688
3.20913028717041,2.0086288452148438,3.795260190963745
3.20913028717041,2.0086288452148438,3.795260190963745
3.2084808349609375,2.007503032684326,3.7949976921081543
3.2083916664123535,2.006640911102295,3.7946958541870117
3.208940267562866,2.0068087577819824,3.794872760772705
3.207758903503418,2.0059382915496826,3.7954742908477783
3.207758903503418,2.0059382915496826,3.7954742908477783
3.2067818641662598,2.0048673152923584,3.796717882156372
3.205869674682617,2.0035431385040283,3.7974612712860107
3.204815626144409,2.0025081634521484,3.7987611293792725
3.203638792037964,2.00138521194458,3.7999415397644043
3.203638792037964,2.00138521194458,3.7999415397644043
3.201629877090454,1.999436616897583,3.801069974899292
3.2003676891326904,1.99709153175354,3.8022046089172363
3.2000045776367188,1.9960561990737915,3.8029627799987793
3.198993444442749,1.9941928386688232,3.803201913833618
3.198993444442749,1.9941928386688232,3.803201913833618
3.198889970779419,1.9937632083892822,3.803478956222534
3.1984851360321045,1.9930599927902222,3.803535223007202
3.1983768939971924,1.992976427078247,3.803656578063965
3.1984426975250244,1.992835521697998,3.8037893772125244
3.1984426975250244,1.992835521697998,3.8037893772125244
3.1981863975524902,1.9914040565490723,3.8030481338500977
3.1977994441986084,1.9901803731918335,3.803025960922241
3.1973612308502197,1.9894357919692993,3.803729295730591
3.19614315032959,1.9884718656539917,3.80446457862854
3.19614315032959,1.9884718656539917,3.80446457862854
3.196230411529541,1.9892489910125732,3.8046302795410156
3.196474075317383,1.9895646572113037,3.804281234741211
3.195579767227173,1.9891345500946045,3.804290771484375
3.195575475692749,1.9876048564910889,3.8045194149017334
3.195575475692749,1.9876048564910889,3.8045194149017334
3.194955587387085,1.9855372905731201,3.804459571838379
3.1943976879119873,1.9858801364898682,3.806046485900879
3.194401264190674,1.985823631286621,3.806765079498291
3.194021224975586,1.9849600791931152,3.806737184524536
3.194021224975586,1.9849600791931152,3.806737184524536
3.19374418258667,1.9843864440917969,3.807342052459717
3.1934895515441895,1.9831299781799316,3.807387351989746
3.193486213684082,1.9812772274017334,3.8072707653045654
3.1934974193573,1.9805335998535156,3.8077614307403564
3.1934974193573,1.9805335998535156,3.8077614307403564
3.192765951156616,1.9780158996582031,3.807507276535034
3.192568302154541,1.976717233657837,3.807619094848633
3.1921823024749756,1.9754201173782349,3.8077633380889893
3.191556930541992,1.9741019010543823,3.8081212043762207
3.191556930541992,1.9741019010543823,3.8081212043762207
3.1912243366241455,1.9742895364761353,3.8088865280151367
3.190786838531494,1.9742048978805542,3.809248685836792
3.190641164779663,1.9729549884796143,3.808199405670166
3.1913208961486816,1.9733213186264038,3.807769298553467
3.1913208961486816,1.9733213186264038,3.807769298553467
3.190991163253784,1.9728477001190186,3.8073129653930664
3.1906893253326416,1.9734770059585571,3.8077666759490967
3.190446376800537,1.972426176071167,3.807410478591919
3.1891274452209473,1.9700042009353638,3.8067965507507324
3.1891274452209473,1.9700042009353638,3.8067965507507324
3.1889262199401855,1.9696840047836304,3.807586431503296
3.1882288455963135,1.9683356285095215,3.8078513145446777
3.1872410774230957,1.968068242073059,3.808648109436035
3.1870532035827637,1.9677265882492065,3.8088366985321045
3.1870532035827637,1.9677265882492065,3.8088366985321045
3.1866674423217773,1.9667197465896606,3.808312177658081
3.1862845420837402,1.9650791883468628,3.808281183242798
3.185673952102661,1.9636609554290771,3.809058904647827
3.184126138687134,1.9606488943099976,3.8095197677612305
3.184126138687134,1.9606488943099976,3.8095197677612305
3.1828103065490723,1.9583542346954346,3.810668706893921
3.1816418170928955,1.9560266733169556,3.811365842819214
3.1809632778167725,1.9550660848617554,3.8118882179260254
3.1807947158813477,1.9547120332717896,3.812437057495117
3.1807947158813477,1.9547120332717896,3.812437057495117
3.180349826812744,1.9544767141342163,3.812147855758667
3.1805996894836426,1.9538624286651611,3.81158709526062
3.1811676025390625,1.9531400203704834,3.8104665279388428
3.181245803833008,1.9526679515838623,3.8098702430725098
3.181245803833008,1.9526679515838623,3.8098702430725098
3.1812875270843506,1.9531222581863403,3.8102145195007324
3.1805062294006348,1.9519461393356323,3.8105640411376953
3.1795289516448975,1.9493480920791626,3.810441493988037
3.178828239440918,1.9487390518188477,3.8111608028411865
3.178828239440918,1.9487390518188477,3.8111608028411865
3.1777806282043457,1.9471193552017212,3.811156988143921
3.177128314971924,1.9461700916290283,3.81119704246521
3.176532745361328,1.9455292224884033,3.811845302581787
3.175584316253662,1.9440217018127441,3.8119471073150635
3.175584316253662,1.9440217018127441,3.8119471073150635
3.175248622894287,1.9432536363601685,3.8123087882995605
3.1742682456970215,1.9421288967132568,3.8125128746032715
3.1730704307556152,1.9413303136825562,3.8128609657287598
3.1725118160247803,1.941072940826416,3.8136534690856934
3.1725118160247803,1.941072940826416,3.8136534690856934
3.171865463256836,1.9401103258132935,3.813607692718506
3.171574592590332,1.939811110496521,3.814157485961914
3.1714658737182617,1.9396419525146484,3.8145012855529785
3.1710381507873535,1.9386571645736694,3.8141002655029297
3.1710381507873535,1.9386571645736694,3.8141002655029297
3.1710023880004883,1.9384655952453613,3.814669370651245
3.1707820892333984,1.9378780126571655,3.8146095275878906
3.170555353164673,1.9371471405029297,3.8146491050720215
3.1707653999328613,1.9373332262039185,3.8155875205993652
3.1707653999328613,1.9373332262039185,3.8155875205993652
3.169860601425171,1.936392903327942,3.815897226333618
3.170715570449829,1.9356906414031982,3.815810203552246
3.1710126399993896,1.9361884593963623,3.816110134124756
3.1700708866119385,1.9357069730758667,3.8165366649627686
3.1700708866119385,1.9357069730758667,3.8165366649627686
3.169764518737793,1.934924602508545,3.8170251846313477
3.1693203449249268,1.9329614639282227,3.8170266151428223
3.168597459793091,1.9321540594100952,3.8174993991851807
3.168724536895752,1.9320286512374878,3.8180315494537354
3.168724536895752,1.9320286512374878,3.8180315494537354
3.1683218479156494,1.9308390617370605,3.81799054145813
3.167555809020996,1.929778814315796,3.818286895751953
3.1674580574035645,1.9285107851028442,3.818509817123413
3.1670174598693848,1.9255023002624512,3.817763566970825
3.1670174598693848,1.9255023002624512,3.817763566970825
3.166548728942871,1.9242680072784424,3.818129062652588
3.165890693664551,1.922023057937622,3.8179399967193604
3.165438652038574,1.92025625705719,3.8181159496307373
3.164808750152588,1.9200735092163086,3.8186628818511963
3.164808750152588,1.9200735092163086,3.8186628818511963
3.1644179821014404,1.919917345046997,3.818910598754883
3.163851499557495,1.919691801071167,3.8187851905822754
3.16335129737854,1.9188507795333862,3.8189070224761963
3.1627016067504883,1.9173099994659424,3.8187758922576904
3.1627016067504883,1.9173099994659424,3.8187758922576904
3.162687301635742,1.9164214134216309,3.8186254501342773
3.16256046295166,1.9158262014389038,3.8184804916381836
3.161679744720459,1.9156839847564697,3.8191657066345215
3.161285877227783,1.9150781631469727,3.819749593734741
3.161285877227783,1.9150781631469727,3.819749593734741
3.1605424880981445,1.9131501913070679,3.8196589946746826
3.159963369369507,1.9123964309692383,3.8203370571136475
3.1594064235687256,1.9120182991027832,3.8206028938293457
3.1585543155670166,1.910832166671753,3.8205676078796387
3.1585543155670166,1.910832166671753,3.8205676078796387
3.157686471939087,1.9111729860305786,3.821796417236328
3.157027244567871,1.9102609157562256,3.822211503982544
3.156374216079712,1.9088151454925537,3.8222906589508057
3.156001329421997,1.9085748195648193,3.8232388496398926
3.156001329421997,1.9085748195648193,3.8232388496398926
3.1547317504882812,1.9070229530334473,3.823439836502075
3.153630018234253,1.90574312210083,3.8239657878875732
3.152672290802002,1.9047189950942993,3.824800729751587
3.151611089706421,1.9030020236968994,3.8249151706695557
3.151611089706421,1.9030020236968994,3.8249151706695557
3.1514737606048584,1.9031834602355957,3.8257510662078857
3.1510348320007324,1.9031271934509277,3.825839042663574
3.1505966186523438,1.9024749994277954,3.825392246246338
3.150942087173462,1.9019910097122192,3.8261606693267822
3.150942087173462,1.9019910097122192,3.8261606693267822
3.1504344940185547,1.9006826877593994,3.825854539871216
3.15089750289917,1.9004043340682983,3.8256802558898926
3.151395559310913,1.9005300998687744,3.8254904747009277
3.151261806488037,1.900249719619751,3.8250937461853027
3.151261806488037,1.900249719619751,3.8250937461853027
3.151230573654175,1.8994271755218506,3.825622797012329
3.150674819946289,1.8978180885314941,3.8254098892211914
3.149421453475952,1.8964895009994507,3.8258535861968994
3.1490440368652344,1.8961442708969116,3.826784610748291
3.1490440368652344,1.8961442708969116,3.826784610748291
3.147845506668091,1.8943053483963013,3.8270387649536133
3.1468234062194824,1.893067717552185,3.8275063037872314
3.1460204124450684,1.8915715217590332,3.828089475631714
3.145343065261841,1.8896152973175049,3.828070878982544
3.145343065261841,1.8896152973175049,3.828070878982544
3.144913673400879,1.8885796070098877,3.828131675720215
3.144214153289795,1.886971116065979,3.827899932861328
3.143118381500244,1.8854596614837646,3.827906370162964
3.142516851425171,1.8842195272445679,3.8283562660217285
3.142516851425171,1.8842195272445679,3.8283562660217285
3.141617774963379,1.8820757865905762,3.82806134223938
3.140994071960449,1.8808238506317139,3.8279430866241455
3.141116142272949,1.8804537057876587,3.828082323074341
3.14058256149292,1.8806288242340088,3.8283023834228516
3.14058256149292,1.8806288242340088,3.8283023834228516
3.1412575244903564,1.8801149129867554,3.8281614780426025
3.1415820121765137,1.8802118301391602,3.8280560970306396
3.141190767288208,1.879753589630127,3.8282556533813477
3.1411688327789307,1.8799031972885132,3.82900333404541
3.1411688327789307,1.8799031972885132,3.82900333404541
3.1405580043792725,1.8792060613632202,3.8293638229370117
3.140854597091675,1.8787308931350708,3.8292548656463623
3.1407527923583984,1.8777596950531006,3.828594207763672
3.1404216289520264,1.876602053642273,3.82798433303833
3.1404216289520264,1.876602053642273,3.82798433303833
3.140871524810791,1.8759247064590454,3.8278582096099854
3.1408462524414062,1.8750617504119873,3.8275625705718994
3.1408143043518066,1.873791217803955,3.8270418643951416
3.1408815383911133,1.8729604482650757,3.8270912170410156
3.1408815383911133,1.8729604482650757,3.8270912170410156
3.1401379108428955,1.8704770803451538,3.826427936553955
3.140193223953247,1.8691120147705078,3.826138973236084
3.1400606632232666,1.8678637742996216,3.826043128967285
3.139944076538086,1.866474986076355,3.8256654739379883
3.139944076538086,1.866474986076355,3.8256654739379883
3.140068769454956,1.8669092655181885,3.8261196613311768
3.140584945678711,1.8672579526901245,3.825216770172119
3.141096353530884,1.8677515983581543,3.824246644973755
3.141289472579956,1.866666555404663,3.823850154876709
3.141289472579956,1.866666555404663,3.823850154876709
3.1406705379486084,1.86435067653656,3.823180675506592
3.140296459197998,1.8629103899002075,3.8234171867370605
3.1395840644836426,1.862034797668457,3.8237383365631104
3.139153480529785,1.8609305620193481,3.8238606452941895
3.139153480529785,1.8609305620193481,3.8238606452941895
3.1384925842285156,1.8596503734588623,3.824432373046875
3.1377129554748535,1.8580113649368286,3.824660062789917
3.137073040008545,1.8552353382110596,3.8242485523223877
3.136927604675293,1.854508638381958,3.8243789672851562
3.136927604675293,1.854508638381958,3.8243789672851562
3.13627552986145,1.8520437479019165,3.8238561153411865
3.1358652114868164,1.8510406017303467,3.8240461349487305
3.1350317001342773,1.8498039245605469,3.824150323867798
3.1343231201171875,1.8485585451126099,3.824267864227295
3.1343231201171875,1.8485585451126099,3.824267864227295
3.133890390396118,1.8472343683242798,3.824180841445923
3.134263753890991,1.8461319208145142,3.8232483863830566
3.1347405910491943,1.845473051071167,3.821916341781616
3.1351752281188965,1.845016598701477,3.8208696842193604
3.1351752281188965,1.845016598701477,3.8208696842193604
3.1348540782928467,1.8444157838821411,3.8204145431518555
3.134350061416626,1.8426872491836548,3.8196330070495605
3.133697986602783,1.8415281772613525,3.819793701171875
3.133004903793335,1.8401530981063843,3.8195693492889404
3.133004903793335,1.8401530981063843,3.8195693492889404
3.1327192783355713,1.8400682210922241,3.8197453022003174
3.132411479949951,1.8389015197753906,3.8192763328552246
3.1319916248321533,1.8362339735031128,3.818094253540039
3.131422758102417,1.834330677986145,3.8184778690338135
3.131422758102417,1.834330677986145,3.8184778690338135
3.1302921772003174,1.8313384056091309,3.8179123401641846
3.129445791244507,1.8295044898986816,3.8182811737060547
3.128713846206665,1.828700304031372,3.818513870239258
3.1281399726867676,1.8278049230575562,3.8183164596557617
3.1281399726867676,1.8278049230575562,3.8183164596557617
3.127695322036743,1.8270982503890991,3.8186492919921875
3.127335786819458,1.825395107269287,3.81768798828125
3.1271610260009766,1.8239814043045044,3.8165345191955566
3.1276462078094482,1.823990821838379,3.8166773319244385
3.1276462078094482,1.823990821838379,3.8166773319244385
3.1268417835235596,1.8228540420532227,3.8166069984436035
3.1266324520111084,1.821126937866211,3.816183090209961
3.126600980758667,1.820275902748108,3.8157176971435547
3.1266064643859863,1.818948745727539,3.814357042312622
3.1266064643859863,1.818948745727539,3.814357042312622
3.1275572776794434,1.8197511434555054,3.813716411590576
3.127815008163452,1.8190088272094727,3.8130316734313965
3.1277146339416504,1.8178662061691284,3.812352180480957
3.1276895999908447,1.816574215888977,3.811981439590454
3.1276895999908447,1.816574215888977,3.811981439590454
3.126955509185791,1.8143271207809448,3.8112173080444336
3.1266250610351562,1.812839150428772,3.8108606338500977
3.126396417617798,1.8117581605911255,3.8107731342315674
3.1255388259887695,1.8098506927490234,3.8103296756744385
3.1255388259887695,1.8098506927490234,3.8103296756744385
3.125171661376953,1.8081823587417603,3.8108575344085693
3.124492883682251,1.8058432340621948,3.810368537902832
3.124387264251709,1.8043254613876343,3.809462070465088
3.1247398853302,1.8041774034500122,3.8095662593841553
3.1247398853302,1.8041774034500122,3.8095662593841553
3.124128580093384,1.8040043115615845,3.8097386360168457
3.123898506164551,1.8025188446044922,3.8090412616729736
3.1236720085144043,1.8017871379852295,3.808678388595581
3.1227545738220215,1.800801396369934,3.808422803878784
3.1227545738220215,1.800801396369934,3.808422803878784
3.1225569248199463,1.8004872798919678,3.8083744049072266
3.1220428943634033,1.7999545335769653,3.808648109436035
3.1206932067871094,1.7984352111816406,3.8085951805114746
3.1209559440612793,1.7986581325531006,3.809216260910034
3.1209559440612793,1.7986581325531006,3.809216260910034
3.12052845954895,1.7972254753112793,3.8086321353912354
3.1205708980560303,1.7965365648269653,3.80840802192688
3.1207692623138428,1.7946685552597046,3.807786226272583
3.1215882301330566,1.7913036346435547,3.805910587310791
3.1215882301330566,1.7913036346435547,3.805910587310791
3.121730089187622,1.7905079126358032,3.805816888809204
3.121626138687134,1.788445234298706,3.804476022720337
3.122185707092285,1.7870889902114868,3.803082227706909
3.1223387718200684,1.7880444526672363,3.8035976886749268
3.1223387718200684,1.7880444526672363,3.8035976886749268
3.1215591430664062,1.7876683473587036,3.8038136959075928
3.1212124824523926,1.7867399454116821,3.8039565086364746
3.120276927947998,1.7853983640670776,3.8042116165161133
3.118776321411133,1.784009575843811,3.804675579071045
3.118776321411133,1.784009575843811,3.804675579071045
3.118252754211426,1.7833573818206787,3.8053972721099854
3.1178207397460938,1.782955288887024,3.8057191371917725
3.1170010566711426,1.7815077304840088,3.8053619861602783
3.1165950298309326,1.7801642417907715,3.805137872695923
3.1165950298309326,1.7801642417907715,3.805137872695923
3.1155285835266113,1.7771022319793701,3.804323434829712
3.115257740020752,1.7754348516464233,3.804354190826416
3.1143176555633545,1.7738189697265625,3.8046839237213135
3.1137964725494385,1.7715409994125366,3.8037991523742676
3.1137964725494385,1.7715409994125366,3.8037991523742676
3.114100456237793,1.7709801197052002,3.803257465362549
3.114380359649658,1.7705098390579224,3.802143096923828
3.114699602127075,1.7702689170837402,3.8009350299835205
3.115403890609741,1.7698930501937866,3.799854040145874
3.115403890609741,1.7698930501937866,3.799854040145874
3.1149485111236572,1.7691545486450195,3.799464702606201
3.1139516830444336,1.7677642107009888,3.7998573780059814
3.1135215759277344,1.767257809638977,3.8005316257476807
3.112680673599243,1.7662465572357178,3.8007986545562744
3.112680673599243,1.7662465572357178,3.8007986545562744
3.1127684116363525,1.7662484645843506,3.8012382984161377
3.11238956451416,1.7658084630966187,3.8013861179351807
3.1117660999298096,1.765285611152649,3.801504373550415
3.111891984939575,1.7645307779312134,3.8016819953918457
3.111891984939575,1.7645307779312134,3.8016819953918457
3.1111791133880615,1.7624698877334595,3.801196575164795
3.110710859298706,1.7605623006820679,3.801154375076294
3.1098477840423584,1.7589150667190552,3.8014891147613525
3.108699083328247,1.756668210029602,3.801400661468506
3.108699083328247,1.756668210029602,3.801400661468506
3.1084625720977783,1.7560491561889648,3.8016843795776367
3.1077308654785156,1.7542415857315063,3.801180839538574
3.106938600540161,1.7528119087219238,3.8008840084075928
3.106417179107666,1.7518306970596313,3.800975799560547
3.106417179107666,1.7518306970596313,3.800975799560547
3.1058664321899414,1.7510262727737427,3.8008460998535156
3.105820894241333,1.7506159543991089,3.799982786178589
3.1063199043273926,1.7503782510757446,3.7993249893188477
3.1059601306915283,1.7489243745803833,3.79841685295105
3.1059601306915283,1.7489243745803833,3.79841685295105
3.1059494018554688,1.7480813264846802,3.7984964847564697
3.105484962463379,1.7459750175476074,3.7979140281677246
3.104876756668091,1.744536280632019,3.7979207038879395
3.104491710662842,1.7437092065811157,3.7985126972198486
3.104491710662842,1.7437092065811157,3.7985126972198486
3.1035218238830566,1.742431640625,3.7987632751464844
3.1031877994537354,1.7416397333145142,3.799351692199707
3.102544069290161,1.7408716678619385,3.7998263835906982
3.101871967315674,1.7393306493759155,3.7996504306793213
3.101871967315674,1.7393306493759155,3.7996504306793213
3.1016616821289062,1.739120364189148,3.7997665405273438
3.1014444828033447,1.7381925582885742,3.7994046211242676
3.101287364959717,1.7371224164962769,3.798701763153076
3.1015851497650146,1.7371820211410522,3.798412322998047
3.1015851497650146,1.7371820211410522,3.798412322998047
3.1014411449432373,1.7349262237548828,3.797213077545166
3.1012091636657715,1.7331562042236328,3.7968406677246094
3.1008236408233643,1.731476902961731,3.796664237976074
3.100832462310791,1.7296539545059204,3.7955148220062256
3.100832462310791,1.7296539545059204,3.7955148220062256
3.1015946865081787,1.7299878597259521,3.7952280044555664
3.101790189743042,1.7296943664550781,3.7943458557128906
3.101691484451294,1.7291293144226074,3.7934558391571045
3.1013636589050293,1.7288812398910522,3.7935779094696045
3.1013636589050293,1.7288812398910522,3.7935779094696045
3.1005098819732666,1.7283949851989746,3.793872594833374
3.099654197692871,1.7277661561965942,3.7943837642669678
3.0989770889282227,1.72750723361969,3.7949633598327637
3.0979366302490234,1.7268707752227783,3.79547119140625
3.0979366302490234,1.7268707752227783,3.79547119140625
3.0969760417938232,1.7259050607681274,3.7958621978759766
3.095964193344116,1.7242834568023682,3.796116352081299
3.095505714416504,1.7234588861465454,3.7965104579925537
3.095454692840576,1.723868727684021,3.7970118522644043
3.095454692840576,1.723868727684021,3.7970118522644043
3.095008134841919,1.7232578992843628,3.7969255447387695
3.0948336124420166,1.7224628925323486,3.796860456466675
3.094308376312256,1.7216930389404297,3.7971420288085938
3.093679428100586,1.7196986675262451,3.796626567840576
3.093679428100586,1.7196986675262451,3.796626567840576
3.093599319458008,1.7187469005584717,3.796863079071045
3.0931954383850098,1.716856598854065,3.796107530593872
3.0933520793914795,1.7152186632156372,3.7946958541870117
3.094357967376709,1.7151087522506714,3.793976068496704
3.094357967376709,1.7151087522506714,3.793976068496704
3.0942986011505127,1.715047836303711,3.7936651706695557
3.093362808227539,1.7144721746444702,3.793959379196167
3.092237949371338,1.7128349542617798,3.7945849895477295
3.0909698009490967,1.7110341787338257,3.7950737476348877
3.0909698009490967,1.7110341787338257,3.7950737476348877
3.090359687805176,1.7109378576278687,3.7959511280059814
3.0899951457977295,1.7104166746139526,3.7961151599884033
3.0896902084350586,1.7100657224655151,3.7959678173065186
3.0898754596710205,1.7092673778533936,3.795705556869507
3.0898754596710205,1.7092673778533936,3.795705556869507
3.0891926288604736,1.7074135541915894,3.795001983642578
3.0883007049560547,1.7057603597640991,3.7951488494873047
3.0872271060943604,1.7031893730163574,3.795464515686035
3.0856759548187256,1.699449062347412,3.794947385787964
3.0856759548187256,1.699449062347412,3.794947385787964
3.08537220954895,1.6985104084014893,3.7961792945861816
3.0849173069000244,1.697579264640808,3.7959794998168945
3.0851898193359375,1.698427438735962,3.796175718307495
3.085055112838745,1.6984308958053589,3.7962193489074707
3.085055112838745,1.6984308958053589,3.7962193489074707
3.084742307662964,1.6974202394485474,3.7955331802368164
3.0844614505767822,1.6956079006195068,3.7943811416625977
3.0849549770355225,1.6955491304397583,3.7942917346954346
3.0842976570129395,1.6955368518829346,3.7949466705322266
3.0842976570129395,1.6955368518829346,3.7949466705322266
3.08364200592041,1.6952627897262573,3.7952518463134766
3.0828776359558105,1.6936061382293701,3.7952280044555664
3.082651376724243,1.6921206712722778,3.794612407684326
3.082699775695801,1.6915347576141357,3.794044256210327
3.082699775695801,1.6915347576141357,3.794044256210327
3.082550525665283,1.6893502473831177,3.7926175594329834
3.081763982772827,1.6876296997070312,3.7924249172210693
3.0811636447906494,1.6855376958847046,3.7923905849456787
3.0805532932281494,1.6837455034255981,3.79231595993042
3.0805532932281494,1.6837455034255981,3.79231595993042
3.079444169998169,1.682837724685669,3.7935006618499756
3.0784285068511963,1.6812330484390259,3.793861150741577
3.0773534774780273,1.6789073944091797,3.7933599948883057
3.0773019790649414,1.6741771697998047,3.790862798690796
3.0773019790649414,1.6741771697998047,3.790862798690796
3.0773191452026367,1.6731817722320557,3.79046630859375
3.077430009841919,1.6732248067855835,3.790905475616455
3.077340602874756,1.6728193759918213,3.790102005004883
3.077690601348877,1.6728358268737793,3.789424419403076
3.077690601348877,1.6728358268737793,3.789424419403076
3.0771994590759277,1.6721291542053223,3.789149045944214
3.0766079425811768,1.6700736284255981,3.788844347000122
3.0756757259368896,1.6680498123168945,3.7890548706054688
3.074800968170166,1.6676064729690552,3.7900660037994385
3.074800968170166,1.6676064729690552,3.7900660037994385
3.0739634037017822,1.6663480997085571,3.7902960777282715
3.0730183124542236,1.6647567749023438,3.790451765060425
3.0723605155944824,1.663588047027588,3.7906606197357178
3.0717430114746094,1.661342978477478,3.789931535720825
3.0717430114746094,1.661342978477478,3.789931535720825
3.07114839553833,1.6608866453170776,3.7900140285491943
3.070934772491455,1.6591845750808716,3.789487361907959
3.0701048374176025,1.6576316356658936,3.7894415855407715
3.0694048404693604,1.6567895412445068,3.789916515350342
3.0694048404693604,1.6567895412445068,3.789916515350342
3.0685067176818848,1.6553435325622559,3.7897863388061523
3.0684211254119873,1.6548771858215332,3.7897045612335205
3.068575143814087,1.654250144958496,3.7890734672546387
3.0688765048980713,1.6530723571777344,3.7874915599823
3.0688765048980713,1.6530723571777344,3.7874915599823
3.0697531700134277,1.6531368494033813,3.7868812084198
3.0700571537017822,1.6528759002685547,3.7861897945404053
3.0700554847717285,1.652515172958374,3.7862672805786133
3.0690910816192627,1.651470422744751,3.7871639728546143
3.0690910816192627,1.651470422744751,3.7871639728546143
3.0679078102111816,1.6497255563735962,3.787311315536499
3.0673234462738037,1.6490914821624756,3.787783145904541
3.067121982574463,1.649153709411621,3.7879374027252197
3.067044496536255,1.6490552425384521,3.7875263690948486
3.067044496536255,1.6490552425384521,3.7875263690948486
3.0670864582061768,1.6491426229476929,3.7876789569854736
3.06695294380188,1.6483570337295532,3.7871644496917725
3.066577196121216,1.6470322608947754,3.786970376968384
3.066237449645996,1.6474794149398804,3.787612199783325
3.066237449645996,1.6474794149398804,3.787612199783325
3.0649006366729736,1.6464308500289917,3.7880513668060303
3.0637311935424805,1.645485758781433,3.788665771484375
3.0628178119659424,1.6441783905029297,3.7888927459716797
3.061918020248413,1.6415153741836548,3.787782669067383
3.061918020248413,1.6415153741836548,3.787782669067383
3.062181234359741,1.6412097215652466,3.7881877422332764
3.0616462230682373,1.6394695043563843,3.7872941493988037
3.0615906715393066,1.6389358043670654,3.787013053894043
3.0611798763275146,1.6394487619400024,3.7878663539886475
3.0611798763275146,1.6394487619400024,3.7878663539886475
3.0604584217071533,1.6398348808288574,3.788613796234131
3.0598833560943604,1.6395388841629028,3.7883877754211426
3.0601768493652344,1.6388516426086426,3.7874326705932617
3.0598974227905273,1.6368211507797241,3.7856762409210205
3.0598974227905273,1.6368211507797241,3.7856762409210205
3.060370922088623,1.6369410753250122,3.785825729370117
3.059819459915161,1.6356086730957031,3.785594940185547
3.0591771602630615,1.6338673830032349,3.785444974899292
3.0585880279541016,1.632646083831787,3.785996913909912
3.0585880279541016,1.632646083831787,3.785996913909912
3.0567290782928467,1.6302021741867065,3.786072015762329
3.0553781986236572,1.6284785270690918,3.7865402698516846
3.0542702674865723,1.626119613647461,3.7866692543029785
3.053112745285034,1.6239962577819824,3.786242723464966
3.053112745285034,1.6239962577819824,3.786242723464966
3.052292585372925,1.6236205101013184,3.7868878841400146
3.0525763034820557,1.6233173608779907,3.786050796508789
3.053403377532959,1.6237506866455078,3.7851035594940186
3.0545427799224854,1.624693512916565,3.7854413986206055
3.0545427799224854,1.624693512916565,3.7854413986206055
3.0539462566375732,1.6243435144424438,3.78536319732666
3.054013252258301,1.6228539943695068,3.7848925590515137
3.0540177822113037,1.6217868328094482,3.784768581390381
3.053194522857666,1.6200549602508545,3.7844462394714355
3.053194522857666,1.6200549602508545,3.7844462394714355
3.0532867908477783,1.6208620071411133,3.78493070602417
3.0531749725341797,1.6202116012573242,3.7848002910614014
3.0529026985168457,1.6188141107559204,3.7838730812072754
3.0527074337005615,1.6187288761138916,3.7838616371154785
3.0527074337005615,1.6187288761138916,3.7838616371154785
3.0522732734680176,1.6179386377334595,3.7832820415496826
3.0521607398986816,1.6173394918441772,3.7828404903411865
3.0520403385162354,1.6164573431015015,3.7825706005096436
3.051093816757202,1.6146254539489746,3.781883716583252
3.051093816757202,1.6146254539489746,3.781883716583252
3.0505778789520264,1.613011360168457,3.7815890312194824
3.0498769283294678,1.610556721687317,3.781010150909424
3.048893928527832,1.6090505123138428,3.781484365463257
3.0482122898101807,1.6082113981246948,3.7825679779052734
3.0482122898101807,1.6082113981246948,3.7825679779052734
3.047894239425659,1.6071580648422241,3.7822885513305664
3.0480241775512695,1.6069130897521973,3.7820727825164795
3.047820806503296,1.606619119644165,3.7818140983581543
3.0470168590545654,1.6054836511611938,3.7815842628479004
3.0470168590545654,1.6054836511611938,3.7815842628479004
3.046009063720703,1.6042544841766357,3.781998872756958
3.044996976852417,1.6024062633514404,3.78218674659729
3.044335126876831,1.6011180877685547,3.7823691368103027
3.043246269226074,1.6011041402816772,3.7830069065093994
3.043246269226074,1.6011041402816772,3.7830069065093994
3.0425376892089844,1.6002269983291626,3.782931089401245
3.042762517929077,1.5990408658981323,3.782191514968872
3.042431354522705,1.5983812808990479,3.7820446491241455
3.042207956314087,1.5969616174697876,3.7810630798339844
3.042207956314087,1.5969616174697876,3.7810630798339844
3.042853832244873,1.597212314605713,3.7815427780151367
3.042604923248291,1.5965880155563354,3.7815141677856445
3.041931390762329,1.595452904701233,3.7815749645233154
3.0416038036346436,1.5951673984527588,3.782069206237793
3.0416038036346436,1.5951673984527588,3.782069206237793
3.0411133766174316,1.5938427448272705,3.781669855117798
3.0410897731781006,1.5932941436767578,3.781491279602051
3.040825843811035,1.5929443836212158,3.781435966491699
3.04002046585083,1.5916463136672974,3.781038761138916
3.04002046585083,1.5916463136672974,3.781038761138916
3.0397613048553467,1.5901024341583252,3.7811543941497803
3.0393471717834473,1.5886876583099365,3.7808449268341064
3.038637399673462,1.5877758264541626,3.78092885017395
3.038245916366577,1.5878220796585083,3.781428813934326
3.038245916366577,1.5878220796585083,3.781428813934326
3.0376482009887695,1.587278962135315,3.781536340713501
3.037248373031616,1.5865119695663452,3.7812063694000244
3.0370640754699707,1.58588445186615,3.7809627056121826
3.03635835647583,1.5845947265625,3.7804386615753174
3.03635835647583,1.5845947265625,3.7804386615753174
3.0364980697631836,1.5845015048980713,3.780322551727295
3.036797285079956,1.5837712287902832,3.7798192501068115
3.0360496044158936,1.583898663520813,3.78037691116333
3.035510540008545,1.584211826324463,3.7812187671661377
3.035510540008545,1.584211826324463,3.7812187671661377
3.0355656147003174,1.5833251476287842,3.7804486751556396
3.036257743835449,1.5833534002304077,3.7795634269714355
3.0373215675354004,1.5831934213638306,3.7770421504974365
3.0392892360687256,1.5826925039291382,3.77278470993042
3.0392892360687256,1.5826925039291382,3.77278470993042
3.041918992996216,1.5845749378204346,3.771479606628418
3.04288911819458,1.585103154182434,3.769638776779175
3.0430052280426025,1.5849170684814453,3.76877760887146
3.042479991912842,1.584157943725586,3.7687458992004395
3.042479991912842,1.584157943725586,3.7687458992004395
3.040926694869995,1.5816047191619873,3.768825054168701
3.0396251678466797,1.5799256563186646,3.769915819168091
3.0386743545532227,1.5780316591262817,3.770766258239746
3.0372140407562256,1.5752179622650146,3.770892858505249
3.0372140407562256,1.5752179622650146,3.770892858505249
3.03670334815979,1.5736184120178223,3.7716739177703857
3.0352327823638916,1.5717018842697144,3.772083282470703
3.0347111225128174,1.5723309516906738,3.773150682449341
3.034590005874634,1.572828769683838,3.773264169692993
3.034590005874634,1.572828769683838,3.773264169692993
3.0355224609375,1.572373390197754,3.771770715713501
3.0354135036468506,1.5710082054138184,3.7702372074127197
3.036098003387451,1.5697675943374634,3.7689754962921143
3.03663969039917,1.5687832832336426,3.768249034881592
3.03663969039917,1.5687832832336426,3.768249034881592
3.035639762878418,1.568766474723816,3.7690327167510986
3.0351309776306152,1.5674933195114136,3.7690234184265137
3.03486967086792,1.564708948135376,3.7680492401123047
3.034508466720581,1.562930703163147,3.7680585384368896
3.034508466720581,1.562930703163147,3.7680585384368896
3.03355073928833,1.5596150159835815,3.767098903656006
3.0332190990448,1.5577831268310547,3.766688585281372
3.032963514328003,1.5566567182540894,3.7664692401885986
3.032808303833008,1.555738091468811,3.766049385070801
3.032808303833008,1.555738091468811,3.766049385070801
3.0325212478637695,1.5561524629592896,3.766343116760254
3.0320422649383545,1.5558527708053589,3.7657265663146973
3.03182315826416,1.5539970397949219,3.7634782791137695
3.0322201251983643,1.5533578395843506,3.762206554412842
3.0322201251983643,1.5533578395843506,3.762206554412842
3.0314106941223145,1.5522667169570923,3.7617008686065674
3.030285358428955,1.5512115955352783,3.7617921829223633
3.0299532413482666,1.5503190755844116,3.7615811824798584
3.029146671295166,1.5491716861724854,3.760918378829956
3.029146671295166,1.5491716861724854,3.760918378829956
3.0290274620056152,1.549351692199707,3.761000633239746
3.028871536254883,1.5488646030426025,3.760756254196167
3.0284833908081055,1.548479676246643,3.7607412338256836
3.0285484790802,1.5476696491241455,3.760443925857544
3.0285484790802,1.5476696491241455,3.760443925857544
3.027837038040161,1.5461937189102173,3.759669542312622
3.027423620223999,1.545941710472107,3.7601757049560547
3.02681565284729,1.5449730157852173,3.760283946990967
3.025926351547241,1.542914867401123,3.7595608234405518
3.025926351547241,1.542914867401123,3.7595608234405518
3.025756597518921,1.541919469833374,3.7597103118896484
3.0249366760253906,1.5397392511367798,3.758941650390625
3.0244433879852295,1.5381605625152588,3.7582812309265137
3.02459716796875,1.5375535488128662,3.7580015659332275
3.02459716796875,1.5375535488128662,3.7580015659332275
3.024998903274536,1.5363337993621826,3.7564644813537598
3.025864362716675,1.536629319190979,3.7564587593078613
3.0258963108062744,1.5362483263015747,3.756772756576538
3.0248663425445557,1.5344616174697876,3.756808042526245
3.0248663425445557,1.5344616174697876,3.756808042526245
3.024630069732666,1.5346952676773071,3.7577762603759766
3.024787425994873,1.5348228216171265,3.757676124572754
3.0254180431365967,1.5359996557235718,3.75748348236084
3.0262322425842285,1.536928653717041,3.757037401199341
3.0262322425842285,1.536928653717041,3.757037401199341
3.0261237621307373,1.5364197492599487,3.7562010288238525
3.026291847229004,1.534975290298462,3.75514817237854
3.0262813568115234,1.534493088722229,3.7549283504486084
3.0259461402893066,1.5336805582046509,3.7544877529144287
3.0259461402893066,1.5336805582046509,3.7544877529144287
3.0258448123931885,1.5341582298278809,3.7542757987976074
3.025733709335327,1.5341229438781738,3.753528118133545
3.026052474975586,1.5336731672286987,3.751861810684204
3.0262558460235596,1.5338168144226074,3.751574754714966
3.0262558460235596,1.5338168144226074,3.751574754714966
3.02575945854187,1.532961130142212,3.7508535385131836
3.0257339477539062,1.5321261882781982,3.750333547592163
3.0256710052490234,1.5313539505004883,3.750103235244751
3.0242843627929688,1.5298328399658203,3.7501752376556396
3.0242843627929688,1.5298328399658203,3.7501752376556396
3.023566961288452,1.5293883085250854,3.751436471939087
3.0230982303619385,1.5275323390960693,3.7506818771362305
3.0229291915893555,1.5266773700714111,3.74997878074646
3.022843837738037,1.5265083312988281,3.7500600814819336
3.022843837738037,1.5265083312988281,3.7500600814819336
3.0227439403533936,1.5259239673614502,3.749516010284424
3.022256851196289,1.5252790451049805,3.749725103378296
3.0219125747680664,1.5240689516067505,3.7494451999664307
3.0213749408721924,1.522247076034546,3.748250961303711
3.0213749408721924,1.522247076034546,3.748250961303711
3.0217182636260986,1.5226795673370361,3.7488911151885986
3.0212903022766113,1.5221481323242188,3.7490415573120117
3.020869493484497,1.5212645530700684,3.7491722106933594
3.020965337753296,1.5211923122406006,3.749908447265625
3.020965337753296,1.5211923122406006,3.749908447265625
3.020580530166626,1.5196799039840698,3.7493362426757812
3.020430088043213,1.5184649229049683,3.74904727935791
3.0205886363983154,1.5172005891799927,3.748537063598633
3.0198581218719482,1.5150158405303955,3.7478532791137695
3.0198581218719482,1.5150158405303955,3.7478532791137695
3.0194458961486816,1.5139778852462769,3.7482759952545166
3.0188231468200684,1.5122780799865723,3.747809410095215
3.018258810043335,1.511473536491394,3.747714042663574
3.017831563949585,1.511361002922058,3.7475552558898926
3.017831563949585,1.511361002922058,3.7475552558898926
3.017514944076538,1.5105689764022827,3.7471585273742676
3.017179489135742,1.5104236602783203,3.746993064880371
3.0167624950408936,1.510443091392517,3.7467336654663086
3.016608715057373,1.5096096992492676,3.745790481567383
3.016608715057373,1.5096096992492676,3.745790481567383
3.0163967609405518,1.5096790790557861,3.7457327842712402
3.015998601913452,1.50899338722229,3.7453219890594482
3.015282392501831,1.5081075429916382,3.7449090480804443
3.0150253772735596,1.5073071718215942,3.745021104812622
3.0150253772735596,1.5073071718215942,3.745021104812622
3.0141279697418213,1.505226969718933,3.7438862323760986
3.0134873390197754,1.504202961921692,3.743511915206909
3.0136210918426514,1.5033531188964844,3.742875099182129
3.013716697692871,1.5026849508285522,3.7421271800994873
3.013716697692871,1.5026849508285522,3.7421271800994873
3.013127088546753,1.5019705295562744,3.7423298358917236
3.011636734008789,1.5008493661880493,3.742462635040283
3.0107946395874023,1.499375581741333,3.742180824279785
3.0106074810028076,1.499196171760559,3.7431135177612305
3.0106074810028076,1.499196171760559,3.7431135177612305
3.010072708129883,1.4979348182678223,3.742385149002075
3.009751319885254,1.4973564147949219,3.741957664489746
3.0096607208251953,1.496971607208252,3.7418134212493896
3.009075880050659,1.4957785606384277,3.7412924766540527
3.009075880050659,1.4957785606384277,3.7412924766540527
3.008655071258545,1.4970200061798096,3.7433853149414062
3.007528305053711,1.496515154838562,3.7443675994873047
3.0068600177764893,1.4958415031433105,3.744731903076172
3.0069077014923096,1.4953731298446655,3.7446069717407227
3.0069077014923096,1.4953731298446655,3.7446069717407227
3.006242275238037,1.4943180084228516,3.7437708377838135
3.0060577392578125,1.4937785863876343,3.7437539100646973
3.0057270526885986,1.4934579133987427,3.7437894344329834
3.005293607711792,1.4932267665863037,3.743609666824341
3.005293607711792,1.4932267665863037,3.743609666824341
3.005261182785034,1.493813157081604,3.7441980838775635
3.004899740219116,1.493884563446045,3.7449305057525635
3.0045833587646484,1.4926249980926514,3.7446482181549072
3.004521131515503,1.4921159744262695,3.7447547912597656
3.004521131515503,1.4921159744262695,3.7447547912597656
3.0037920475006104,1.4910844564437866,3.7443902492523193
3.0038950443267822,1.4903682470321655,3.743967056274414
3.004103422164917,1.489917278289795,3.743938446044922
3.0040876865386963,1.4886027574539185,3.742882251739502
3.0040876865386963,1.4886027574539185,3.742882251739502
3.004024028778076,1.4885032176971436,3.742786407470703
3.004091262817383,1.4869860410690308,3.7416441440582275
3.004016637802124,1.4858660697937012,3.7411513328552246
3.0033743381500244,1.4856129884719849,3.7416200637817383
3.0033743381500244,1.4856129884719849,3.7416200637817383
3.002249002456665,1.4847298860549927,3.741607666015625
2.99991774559021,1.4849262237548828,3.7435646057128906
2.996154546737671,1.4849807024002075,3.7451963424682617
2.9964547157287598,1.4826664924621582,3.7436535358428955
2.9964547157287598,1.4826664924621582,3.7436535358428955
2.996807098388672,1.4822115898132324,3.743429183959961
2.9967148303985596,1.4806687831878662,3.7422287464141846
2.9976916313171387,1.479719638824463,3.7410316467285156
2.997912645339966,1.479691743850708,3.740845203399658
2.997912645339966,1.479691743850708,3.740845203399658
2.997400999069214,1.4789503812789917,3.7405574321746826
2.9971764087677,1.4782215356826782,3.7407352924346924
2.996047258377075,1.4772683382034302,3.74137020111084
2.9944331645965576,1.4753726720809937,3.741635799407959
2.9944331645965576,1.4753726720809937,3.741635799407959
2.993577718734741,1.4739177227020264,3.741886615753174
2.992743730545044,1.4726065397262573,3.7418127059936523
2.9923362731933594,1.4719911813735962,3.741673707962036
2.9921422004699707,1.4719847440719604,3.741598129272461
2.9921422004699707,1.4719847440719604,3.741598129272461
2.9921391010284424,1.4712755680084229,3.740996837615967
2.991481065750122,1.4710038900375366,3.74120831489563
2.9907636642456055,1.4707659482955933,3.7417454719543457
2.989871025085449,1.470725655555725,3.7420897483825684
2.989871025085449,1.470725655555725,3.7420897483825684
2.9903507232666016,1.4688537120819092,3.740516185760498
2.9906671047210693,1.4683864116668701,3.739990234375
2.9899168014526367,1.4685277938842773,3.7404696941375732
2.989759683609009,1.4680896997451782,3.740370988845825
2.989759683609009,1.4680896997451782,3.740370988845825
2.989006757736206,1.4676913022994995,3.7401506900787354
2.9882562160491943,1.468173861503601,3.7407097816467285
2.9877147674560547,1.468040108680725,3.740644693374634
2.987311840057373,1.466858983039856,3.739880323410034
2.987311840057373,1.466858983039856,3.739880323410034
2.987673759460449,1.4660476446151733,3.7398011684417725
2.987766742706299,1.4655753374099731,3.739631414413452
2.987241506576538,1.465298056602478,3.739859104156494
2.9867825508117676,1.4646118879318237,3.7402584552764893
2.9867825508117676,1.4646118879318237,3.7402584552764893
2.9858317375183105,1.4620709419250488,3.7397756576538086
2.984429359436035,1.4604769945144653,3.740060567855835
2.983750581741333,1.4600521326065063,3.740755796432495
2.9836478233337402,1.4592206478118896,3.74039626121521
2.9836478233337402,1.4592206478118896,3.74039626121521
2.984299898147583,1.459511160850525,3.7406375408172607
2.9845571517944336,1.4597967863082886,3.7404837608337402
2.984645366668701,1.4605436325073242,3.7408461570739746
2.984557628631592,1.461679458618164,3.7415502071380615
2.984557628631592,1.461679458618164,3.7415502071380615
2.9852240085601807,1.4624637365341187,3.741809129714966
2.9858171939849854,1.4625799655914307,3.741554021835327
2.9859578609466553,1.4613243341445923,3.7399463653564453
2.9861223697662354,1.4599659442901611,3.7384426593780518
2.9861223697662354,1.4599659442901611,3.7384426593780518
2.9865996837615967,1.4600225687026978,3.73905611038208
2.985443115234375,1.4590743780136108,3.7397501468658447
2.98471736907959,1.4569263458251953,3.739670991897583
2.984605073928833,1.4565720558166504,3.740142345428467
2.984605073928833,1.4565720558166504,3.740142345428467
2.98386812210083,1.4555567502975464,3.740093231201172
2.984113931655884,1.4551643133163452,3.7400875091552734
2.984720468521118,1.454819679260254,3.73984432220459
2.9848756790161133,1.4537937641143799,3.739151954650879
2.9848756790161133,1.4537937641143799,3.739151954650879
2.98498272895813,1.4531357288360596,3.7391626834869385
2.9844400882720947,1.4513930082321167,3.7386929988861084
2.983692169189453,1.4493929147720337,3.738236427307129
2.982959032058716,1.4477980136871338,3.737821340560913
2.982959032058716,1.4477980136871338,3.737821340560913
2.982423782348633,1.446136236190796,3.7367820739746094
2.9823882579803467,1.4449594020843506,3.7353813648223877
2.982736110687256,1.4446511268615723,3.734517812728882
2.9829392433166504,1.444109559059143,3.733689308166504
2.9829392433166504,1.444109559059143,3.733689308166504
2.9825143814086914,1.444209337234497,3.73427152633667
2.982285499572754,1.4431995153427124,3.7338476181030273
2.982396125793457,1.442163348197937,3.7331676483154297
2.9818241596221924,1.4417922496795654,3.7328500747680664
2.9818241596221924,1.4417922496795654,3.7328500747680664
2.980738639831543,1.4406800270080566,3.7325973510742188
2.98009991645813,1.4391381740570068,3.7316548824310303
2.9794933795928955,1.4382104873657227,3.7313857078552246
2.978971004486084,1.4375944137573242,3.7310471534729004
2.978971004486084,1.4375944137573242,3.7310471534729004
2.9787213802337646,1.4368096590042114,3.7310171127319336
2.978675603866577,1.4362602233886719,3.7310738563537598
2.9778590202331543,1.4356541633605957,3.731579303741455
2.977494716644287,1.435178518295288,3.7321596145629883
2.977494716644287,1.435178518295288,3.7321596145629883
2.977060317993164,1.4333460330963135,3.7315492630004883
2.976583957672119,1.4330536127090454,3.7318825721740723
2.976257085800171,1.4329184293746948,3.7321360111236572
2.9758355617523193,1.4323725700378418,3.7320713996887207
2.9758355617523193,1.4323725700378418,3.7320713996887207
2.975689172744751,1.4320924282073975,3.7324817180633545
2.975067138671875,1.4313303232192993,3.7324209213256836
2.975008964538574,1.430890440940857,3.7322916984558105
2.974324941635132,1.4311115741729736,3.732877492904663
2.974324941635132,1.4311115741729736,3.732877492904663
2.9737308025360107,1.430424451828003,3.7325923442840576
2.9734909534454346,1.429141640663147,3.7318179607391357
2.973299980163574,1.427955985069275,3.730956554412842
2.9733011722564697,1.4260672330856323,3.7291719913482666
2.9733011722564697,1.4260672330856323,3.7291719913482666
2.973209857940674,1.4253535270690918,3.7294881343841553
2.9725191593170166,1.4240975379943848,3.7294247150421143
2.971721649169922,1.4226857423782349,3.729687213897705
2.970766067504883,1.4220833778381348,3.7305469512939453
2.970766067504883,1.4220833778381348,3.7305469512939453
2.969898223876953,1.4213685989379883,3.7309441566467285
2.9685912132263184,1.420188546180725,3.7317683696746826
2.967167377471924,1.418502688407898,3.733539342880249
2.9637134075164795,1.4161407947540283,3.735968589782715
2.9637134075164795,1.4161407947540283,3.735968589782715
2.962090253829956,1.4137513637542725,3.7374496459960938
2.960407257080078,1.4113900661468506,3.7379682064056396
2.9590697288513184,1.409697413444519,3.7381114959716797
2.9588704109191895,1.409514307975769,3.7385690212249756
2.9588704109191895,1.409514307975769,3.7385690212249756
2.95859694480896,1.4086848497390747,3.737961530685425
2.9590795040130615,1.4091064929962158,3.737355947494507
2.9595603942871094,1.4089466333389282,3.7363128662109375
2.959249258041382,1.408119559288025,3.7354259490966797
2.959249258041382,1.408119559288025,3.7354259490966797
2.959254026412964,1.4075524806976318,3.735058307647705
2.9595301151275635,1.4060872793197632,3.7338061332702637
2.9593777656555176,1.4054757356643677,3.73341965675354
2.95867657661438,1.405943751335144,3.7343242168426514
2.95867657661438,1.405943751335144,3.7343242168426514
2.9586734771728516,1.405800700187683,3.7341482639312744
2.9592044353485107,1.4057281017303467,3.7334306240081787
2.959439992904663,1.4056627750396729,3.732571840286255
2.959223985671997,1.4050287008285522,3.7315168380737305
2.959223985671997,1.4050287008285522,3.7315168380737305
2.9599897861480713,1.4054356813430786,3.7315924167633057
2.9596455097198486,1.4053443670272827,3.7317206859588623
2.9585511684417725,1.404157280921936,3.7315757274627686
2.9579696655273438,1.4033617973327637,3.7318918704986572
2.9579696655273438,1.4033617973327637,3.7318918704986572
2.95719838142395,1.4018969535827637,3.731534719467163
2.9571683406829834,1.401390790939331,3.7313690185546875
2.9573001861572266,1.4010813236236572,3.731121778488159
2.956730365753174,1.3994091749191284,3.7298262119293213
2.956730365753174,1.3994091749191284,3.7298262119293213
2.956815719604492,1.3981750011444092,3.72969913482666
2.955899953842163,1.396254539489746,3.7291860580444336
2.9555327892303467,1.395151138305664,3.7287533283233643
2.9557406902313232,1.395086407661438,3.728968620300293
2.9557406902313232,1.395086407661438,3.728968620300293
2.954775094985962,1.3942772150039673,3.729210615158081
2.953845739364624,1.3925886154174805,3.729142904281616
2.953097343444824,1.391668677330017,3.729172706604004
2.952589988708496,1.3910868167877197,3.7290592193603516
2.952589988708496,1.3910868167877197,3.7290592193603516
2.952366828918457,1.3912972211837769,3.729051351547241
2.951836109161377,1.3912127017974854,3.7294366359710693
2.950671434402466,1.390405297279358,3.7301645278930664
2.94964861869812,1.3891361951828003,3.7311878204345703
2.94964861869812,1.3891361951828003,3.7311878204345703
2.948681592941284,1.38771390914917,3.7314014434814453
2.9484543800354004,1.387542486190796,3.732058525085449
2.9480786323547363,1.3874562978744507,3.7322583198547363
2.947807788848877,1.386879801750183,3.732053756713867
2.947807788848877,1.386879801750183,3.732053756713867
2.9475996494293213,1.387347936630249,3.733057737350464
2.947342872619629,1.3868935108184814,3.7333312034606934
2.9471092224121094,1.3859713077545166,3.7331125736236572
2.946790933609009,1.3857064247131348,3.7333478927612305
2.946790933609009,1.3857064247131348,3.7333478927612305
2.946974277496338,1.3843542337417603,3.7321720123291016
2.947374105453491,1.3841179609298706,3.732231378555298
2.9466662406921387,1.3828240633010864,3.732518434524536
2.9459285736083984,1.3809648752212524,3.732405185699463
2.9459285736083984,1.3809648752212524,3.732405185699463
2.944636344909668,1.379591703414917,3.7322471141815186
2.9440367221832275,1.3780436515808105,3.731752395629883
2.9436652660369873,1.3768675327301025,3.73116397857666
2.9437594413757324,1.3764357566833496,3.7313363552093506
2.9437594413757324,1.3764357566833496,3.7313363552093506
2.943124532699585,1.3755273818969727,3.73115873336792
2.942548990249634,1.374935507774353,3.731234312057495
2.9418163299560547,1.3742070198059082,3.7311789989471436
2.941049337387085,1.3736673593521118,3.7313857078552246
2.941049337387085,1.3736673593521118,3.7313857078552246
2.940232276916504,1.3729583024978638,3.7316455841064453
2.93977689743042,1.3719631433486938,3.731457471847534
2.938814401626587,1.3710763454437256,3.73171329498291
2.93764591217041,1.3707382678985596,3.7329046726226807
2.93764591217041,1.3707382678985596,3.7329046726226807
2.93587327003479,1.3690377473831177,3.7335264682769775
2.9343767166137695,1.3672430515289307,3.733975887298584
2.93333101272583,1.3654346466064453,3.7336645126342773
2.933246612548828,1.3632928133010864,3.731588840484619
2.933246612548828,1.3632928133010864,3.731588840484619
2.9334475994110107,1.36345636844635,3.7320120334625244
2.9328839778900146,1.3624870777130127,3.731780529022217
2.93225359916687,1.3606343269348145,3.7312731742858887
2.931504487991333,1.359913945198059,3.7320432662963867
2.931504487991333,1.359913945198059,3.7320432662963867
2.9305179119110107,1.3587002754211426,3.732074022293091
2.93038010597229,1.358424425125122,3.7322661876678467
2.930539131164551,1.3581774234771729,3.7321536540985107
2.930410623550415,1.357445478439331,3.7317960262298584
2.930410623550415,1.357445478439331,3.7317960262298584
2.9303038120269775,1.3567423820495605,3.731764793395996
2.9292752742767334,1.3553637266159058,3.7318809032440186
2.9284236431121826,1.3546607494354248,3.732351541519165
2.927812099456787,1.3545012474060059,3.7327640056610107
2.927812099456787,1.3545012474060059,3.7327640056610107
2.927515983581543,1.3539719581604004,3.7323293685913086
2.927166700363159,1.3540557622909546,3.7323741912841797
2.9270570278167725,1.3535844087600708,3.732766628265381
2.9267656803131104,1.352792501449585,3.732470989227295
2.9267656803131104,1.352792501449585,3.732470989227295
2.9268388748168945,1.352142333984375,3.731311798095703
2.9272491931915283,1.3520280122756958,3.730752944946289
2.9269866943359375,1.3520268201828003,3.7309889793395996
2.926194667816162,1.3518340587615967,3.7312002182006836
2.926194667816162,1.3518340587615967,3.7312002182006836
2.926039934158325,1.3500633239746094,3.7298240661621094
2.926415205001831,1.3504385948181152,3.729755401611328
2.926456928253174,1.3504868745803833,3.7293803691864014
2.926414728164673,1.3498375415802002,3.7288780212402344
2.926414728164673,1.3498375415802002,3.7288780212402344
2.926121234893799,1.3493852615356445,3.7293496131896973
2.9256677627563477,1.3483760356903076,3.729389190673828
2.9252517223358154,1.3475896120071411,3.7294867038726807
2.9248228073120117,1.347960352897644,3.73063325881958
2.9248228073120117,1.347960352897644,3.73063325881958
2.9242265224456787,1.3471486568450928,3.73087477684021
2.9231152534484863,1.346329927444458,3.731536865234375
2.9223296642303467,1.3451448678970337,3.7320172786712646
2.9214534759521484,1.3435684442520142,3.732001781463623
2.9214534759521484,1.3435684442520142,3.732001781463623
2.9211888313293457,1.3438926935195923,3.7332375049591064
2.920799970626831,1.342637300491333,3.7328526973724365
2.9204931259155273,1.3416852951049805,3.7322380542755127
2.920445203781128,1.3412508964538574,3.7324094772338867
2.920445203781128,1.3412508964538574,3.7324094772338867
2.919119358062744,1.3392949104309082,3.731689929962158
2.917548179626465,1.3371509313583374,3.7311666011810303
2.916355609893799,1.3362247943878174,3.7319443225860596
2.9157676696777344,1.3349860906600952,3.73187518119812
2.9157676696777344,1.3349860906600952,3.73187518119812
2.9157626628875732,1.3349655866622925,3.7326204776763916
2.9155113697052,1.3351049423217773,3.7329394817352295
2.9153645038604736,1.3348876237869263,3.7330472469329834
2.9152727127075195,1.3355833292007446,3.7345850467681885
2.9152727127075195,1.3355833292007446,3.7345850467681885
2.9145588874816895,1.3349008560180664,3.7350058555603027
2.914062976837158,1.3341114521026611,3.7353172302246094
2.9131646156311035,1.3333762884140015,3.735454559326172
2.9123728275299072,1.3320485353469849,3.735147476196289
2.9123728275299072,1.3320485353469849,3.735147476196289
2.9120354652404785,1.3323588371276855,3.7360711097717285
2.9112865924835205,1.3312917947769165,3.736410140991211
2.9105279445648193,1.3304767608642578,3.737321615219116
2.9094409942626953,1.3287960290908813,3.7377333641052246
2.9094409942626953,1.3287960290908813,3.7377333641052246
2.9075541496276855,1.3269129991531372,3.738265037536621
2.906195878982544,1.3254749774932861,3.7390310764312744
2.905515193939209,1.3245888948440552,3.7392232418060303
2.9052536487579346,1.3243075609207153,3.739108085632324
2.9052536487579346,1.3243075609207153,3.739108085632324
2.9050095081329346,1.3244702816009521,3.7389180660247803
2.9046711921691895,1.324234962463379,3.738924264907837
2.903398275375366,1.3230048418045044,3.738931179046631
2.9023807048797607,1.3225367069244385,3.7403147220611572
2.9023807048797607,1.3225367069244385,3.7403147220611572
2.9007785320281982,1.3209468126296997,3.740993022918701
2.899427652359009,1.3198962211608887,3.7423245906829834
2.8982861042022705,1.3187670707702637,3.7435050010681152
2.8970491886138916,1.3176339864730835,3.7442028522491455
2.8970491886138916,1.3176339864730835,3.7442028522491455
2.896458148956299,1.3165552616119385,3.744260311126709
2.8957273960113525,1.315904140472412,3.744330883026123
2.895458936691284,1.3157594203948975,3.7441024780273438
2.895998001098633,1.3155392408370972,3.7438576221466064
2.895998001098633,1.3155392408370972,3.7438576221466064
2.8965721130371094,1.3153398036956787,3.743445873260498
2.8967442512512207,1.3145641088485718,3.7425479888916016
2.8974897861480713,1.3139872550964355,3.741436719894409
2.897892713546753,1.3139342069625854,3.7411675453186035
2.897892713546753,1.3139342069625854,3.7411675453186035
2.8979575634002686,1.3141424655914307,3.7416648864746094
2.8974173069000244,1.3131394386291504,3.741321086883545
2.897204875946045,1.3116395473480225,3.7403032779693604
2.897023916244507,1.3117668628692627,3.740187168121338
2.897023916244507,1.3117668628692627,3.740187168121338
2.8970835208892822,1.3110617399215698,3.7395596504211426
2.8968303203582764,1.3109158277511597,3.7398838996887207
2.8966081142425537,1.3100577592849731,3.739956855773926
2.896117925643921,1.3086748123168945,3.739389419555664
2.896117925643921,1.3086748123168945,3.739389419555664
2.8958675861358643,1.3085532188415527,3.7394206523895264
2.8953516483306885,1.3076367378234863,3.739108085632324
2.894516944885254,1.306654691696167,3.739166021347046
2.893829107284546,1.3058741092681885,3.7394168376922607
2.893829107284546,1.3058741092681885,3.7394168376922607
2.893435001373291,1.3043370246887207,3.7386929988861084
2.893110752105713,1.3042739629745483,3.7384326457977295
2.8927695751190186,1.3044127225875854,3.7384049892425537
2.893136739730835,1.303720474243164,3.737290143966675
2.893136739730835,1.303720474243164,3.737290143966675
2.89347243309021,1.3038703203201294,3.7369961738586426
2.8927419185638428,1.3034026622772217,3.7370944023132324
2.8919360637664795,1.302319884300232,3.737351655960083
2.8909997940063477,1.3014379739761353,3.7376656532287598
2.8909997940063477,1.3014379739761353,3.7376656532287598
2.8902297019958496,1.3006173372268677,3.7377121448516846
2.889688730239868,1.300215721130371,3.73799729347229
2.8891663551330566,1.2997711896896362,3.7381019592285156
2.888585329055786,1.2991153001785278,3.7380428314208984
2.888585329055786,1.2991153001785278,3.7380428314208984
2.888078212738037,1.2977269887924194,3.7381255626678467
2.887176752090454,1.2965428829193115,3.7382917404174805
2.886242151260376,1.2961235046386719,3.7393383979797363
2.8856420516967773,1.2962229251861572,3.740114688873291
2.8856420516967773,1.2962229251861572,3.740114688873291
2.8849010467529297,1.2955386638641357,3.740715980529785
2.8842475414276123,1.2951202392578125,3.7411723136901855
2.884046792984009,1.294653296470642,3.7411160469055176
2.8839054107666016,1.2944014072418213,3.7407755851745605
2.8839054107666016,1.2944014072418213,3.7407755851745605
2.883899211883545,1.2949270009994507,3.7409567832946777
2.8836655616760254,1.2945679426193237,3.740631341934204
2.883396863937378,1.2938497066497803,3.740205764770508
2.8833441734313965,1.293161153793335,3.7398500442504883
2.8833441734313965,1.293161153793335,3.7398500442504883
2.8829853534698486,1.2923961877822876,3.7394959926605225
2.8825371265411377,1.2917442321777344,3.7397518157958984
2.8821969032287598,1.290775179862976,3.739675283432007
2.88187837600708,1.2891032695770264,3.7385337352752686
2.88187837600708,1.2891032695770264,3.7385337352752686
2.881687641143799,1.2884883880615234,3.7386999130249023
2.880833625793457,1.2868551015853882,3.7383737564086914
2.879971504211426,1.2851784229278564,3.7383310794830322
2.879194974899292,1.2841609716415405,3.7386868000030518
2.879194974899292,1.2841609716415405,3.7386868000030518
2.8785815238952637,1.2831666469573975,3.7386796474456787
2.8783161640167236,1.2830654382705688,3.7394063472747803
2.877866744995117,1.2832173109054565,3.7404396533966064
2.877246856689453,1.2830530405044556,3.7409279346466064
2.877246856689453,1.2830530405044556,3.7409279346466064
2.8768670558929443,1.2831827402114868,3.7419464588165283
2.8763060569763184,1.2829991579055786,3.7423481941223145
2.875957489013672,1.2823772430419922,3.742063283920288
2.8763697147369385,1.2835323810577393,3.74245548248291
2.8763697147369385,1.2835323810577393,3.74245548248291
2.8758726119995117,1.283443570137024,3.7428746223449707
2.875509023666382,1.283982753753662,3.7440216541290283
2.8750083446502686,1.2836709022521973,3.7444300651550293
2.8749001026153564,1.282822608947754,3.7439332008361816
2.8749001026153564,1.282822608947754,3.7439332008361816
2.8752026557922363,1.2839940786361694,3.7449278831481934
2.874377727508545,1.28421950340271,3.745744228363037
2.8738834857940674,1.2827423810958862,3.7452032566070557
2.873878240585327,1.2825852632522583,3.7453603744506836
2.873878240585327,1.2825852632522583,3.7453603744506836
2.8733620643615723,1.2819830179214478,3.7452199459075928
2.8731777667999268,1.2826309204101562,3.74570631980896
2.873250722885132,1.2828339338302612,3.745720386505127
2.8729307651519775,1.2819691896438599,3.7451350688934326
2.8729307651519775,1.2819691896438599,3.7451350688934326
2.872641086578369,1.2809127569198608,3.7450151443481445
2.8715980052948,1.280167579650879,3.745234966278076
2.870802402496338,1.2799326181411743,3.745469808578491
2.8706209659576416,1.2795474529266357,3.7457401752471924
2.8706209659576416,1.2795474529266357,3.7457401752471924
2.8701465129852295,1.2783634662628174,3.74515700340271
2.868971586227417,1.2773019075393677,3.7454257011413574
2.8679685592651367,1.2757530212402344,3.7456932067871094
2.8669211864471436,1.274232029914856,3.74531888961792
2.8669211864471436,1.274232029914856,3.74531888961792
2.8670427799224854,1.2736393213272095,3.7459139823913574
2.866624116897583,1.2734155654907227,3.7464206218719482
2.866173267364502,1.2733103036880493,3.7470476627349854
2.8657000064849854,1.2728768587112427,3.747366189956665
2.8657000064849854,1.2728768587112427,3.747366189956665
2.8653171062469482,1.2716524600982666,3.7469279766082764
2.8649861812591553,1.2715072631835938,3.7473642826080322
2.8646979331970215,1.2711032629013062,3.747626304626465
2.8639039993286133,1.2705535888671875,3.7479641437530518
2.8639039993286133,1.2705535888671875,3.7479641437530518
2.863258123397827,1.2701804637908936,3.7487971782684326
2.8624603748321533,1.2691700458526611,3.7490341663360596
2.862187623977661,1.2679473161697388,3.748716115951538
2.8620243072509766,1.2677990198135376,3.749145269393921
2.8620243072509766,1.2677990198135376,3.749145269393921
2.861011505126953,1.2673152685165405,3.7494585514068604
2.86002516746521,1.267109990119934,3.750059127807617
2.85952091217041,1.266734004020691,3.7503433227539062
2.8591177463531494,1.2661038637161255,3.7502455711364746
2.8591177463531494,1.2661038637161255,3.7502455711364746
2.8591156005859375,1.2667334079742432,3.7510056495666504
2.859287977218628,1.266515851020813,3.7502658367156982
2.85971736907959,1.2669041156768799,3.750027656555176
2.8593356609344482,1.2676894664764404,3.7509520053863525
2.8593356609344482,1.2676894664764404,3.7509520053863525
2.858247995376587,1.2669451236724854,3.7512004375457764
2.8575479984283447,1.2653656005859375,3.751171827316284
2.856600284576416,1.2648098468780518,3.7516863346099854
2.8561081886291504,1.2642407417297363,3.7517471313476562
2.8561081886291504,1.2642407417297363,3.7517471313476562
2.8558285236358643,1.2645612955093384,3.7523205280303955
2.8556275367736816,1.2641589641571045,3.7523038387298584
2.855074405670166,1.2629872560501099,3.752004384994507
2.8541805744171143,1.262544870376587,3.752584934234619
2.8541805744171143,1.262544870376587,3.752584934234619
2.8525238037109375,1.2615647315979004,3.753127098083496
2.8518030643463135,1.2598868608474731,3.752746105194092
2.850219964981079,1.2581077814102173,3.752324104309082
2.8497471809387207,1.2578177452087402,3.752824544906616
2.8497471809387207,1.2578177452087402,3.752824544906616
2.8493170738220215,1.2573164701461792,3.7536020278930664
2.8487308025360107,1.256970763206482,3.753864049911499
2.8484277725219727,1.2563246488571167,3.7539291381835938
2.848278284072876,1.255553126335144,3.754122257232666
2.848278284072876,1.255553126335144,3.754122257232666
2.8473622798919678,1.2552679777145386,3.754826307296753
2.846503973007202,1.2549704313278198,3.75533390045166
2.8461320400238037,1.2547452449798584,3.7553372383117676
2.846125602722168,1.254569172859192,3.7548043727874756
2.846125602722168,1.254569172859192,3.7548043727874756
2.846177339553833,1.2545734643936157,3.7547855377197266
2.845726728439331,1.253718376159668,3.754587173461914
2.8449974060058594,1.2533305883407593,3.755103826522827
2.8447203636169434,1.2532989978790283,3.7561302185058594
2.8447203636169434,1.2532989978790283,3.7561302185058594
2.843815803527832,1.2529022693634033,3.7565114498138428
2.8437886238098145,1.2527564764022827,3.756643533706665
2.8435559272766113,1.2525265216827393,3.7569236755371094
2.8431386947631836,1.2517309188842773,3.7567710876464844
2.8431386947631836,1.2517309188842773,3.7567710876464844
2.8429007530212402,1.2512357234954834,3.756680488586426
2.84279465675354,1.250656008720398,3.7564234733581543
2.8424596786499023,1.250596046447754,3.7567367553710938
2.842304229736328,1.2504888772964478,3.756908655166626
2.842304229736328,1.2504888772964478,3.756908655166626
2.842245101928711,1.2500004768371582,3.7563769817352295
2.8423595428466797,1.2501929998397827,3.7568702697753906
2.841593027114868,1.2498441934585571,3.757075309753418
2.841409206390381,1.248673439025879,3.756350040435791
2.841409206390381,1.248673439025879,3.756350040435791
2.8413143157958984,1.2488797903060913,3.7562291622161865
2.8412606716156006,1.2489110231399536,3.7558350563049316
2.841601610183716,1.2489267587661743,3.7558000087738037
2.8409392833709717,1.2486504316329956,3.7560853958129883
2.8409392833709717,1.2486504316329956,3.7560853958129883
2.8396756649017334,1.2479932308197021,3.7565484046936035
2.8389041423797607,1.2472591400146484,3.7567148208618164
2.8387231826782227,1.2475870847702026,3.757775068283081
2.838040590286255,1.247761845588684,3.7584879398345947
2.838040590286255,1.247761845588684,3.7584879398345947
2.8380000591278076,1.2473461627960205,3.7589993476867676
2.837394952774048,1.2467880249023438,3.759549379348755
2.8368446826934814,1.2461806535720825,3.760037660598755
2.8360579013824463,1.2451155185699463,3.7606656551361084
2.8360579013824463,1.2451155185699463,3.7606656551361084
2.8348865509033203,1.243130087852478,3.760092258453369
2.8346192836761475,1.2415087223052979,3.759349822998047
2.8342678546905518,1.2405807971954346,3.759307622909546
2.8339078426361084,1.2402862310409546,3.7597482204437256
2.8339078426361084,1.2402862310409546,3.7597482204437256
2.8338053226470947,1.2405147552490234,3.7603323459625244
2.833322048187256,1.2409565448760986,3.7609808444976807
2.832876205444336,1.2407517433166504,3.761096954345703
2.832379102706909,1.23977530002594,3.7607262134552
2.832379102706909,1.23977530002594,3.7607262134552
2.831808090209961,1.2392747402191162,3.7607765197753906
2.831346035003662,1.2388362884521484,3.760881185531616
2.830885887145996,1.2376426458358765,3.7605979442596436
2.830233335494995,1.237188696861267,3.760946273803711
2.830233335494995,1.237188696861267,3.760946273803711
2.8298306465148926,1.2369627952575684,3.7609636783599854
2.829423666000366,1.2365018129348755,3.761260986328125
2.828585147857666,1.2355844974517822,3.7612802982330322
2.8280861377716064,1.2352560758590698,3.7613649368286133
2.8280861377716064,1.2352560758590698,3.7613649368286133
2.8275837898254395,1.2347264289855957,3.7613868713378906
2.827129364013672,1.2347193956375122,3.761664867401123
2.826619863510132,1.2341378927230835,3.7618649005889893
2.8262953758239746,1.2327735424041748,3.7607975006103516
2.8262953758239746,1.2327735424041748,3.7607975006103516
2.826770305633545,1.2329521179199219,3.760868787765503
2.8269546031951904,1.2334493398666382,3.761538028717041
2.826392889022827,1.2341030836105347,3.762850761413574
2.8258461952209473,1.2326788902282715,3.762880325317383
2.8258461952209473,1.2326788902282715,3.762880325317383
2.824784278869629,1.2313140630722046,3.7627079486846924
2.824110507965088,1.2306972742080688,3.7627933025360107
2.8231406211853027,1.230011224746704,3.7630527019500732
2.8225955963134766,1.2292990684509277,3.762958526611328
2.8225955963134766,1.2292990684509277,3.762958526611328
2.8219902515411377,1.2281147241592407,3.7631866931915283
2.8213987350463867,1.2271724939346313,3.763122081756592
2.8204925060272217,1.226521372795105,3.76335072517395
2.819685220718384,1.2265619039535522,3.7638707160949707
2.819685220718384,1.2265619039535522,3.7638707160949707
2.8193564414978027,1.226004958152771,3.763840675354004
2.8193044662475586,1.2253518104553223,3.7638869285583496
2.8191213607788086,1.2246848344802856,3.76366925239563
2.8186538219451904,1.2233797311782837,3.762993812561035
2.8186538219451904,1.2233797311782837,3.762993812561035
2.81838321685791,1.2223036289215088,3.7629048824310303
2.8182244300842285,1.2208770513534546,3.762241840362549
2.8186421394348145,1.2194768190383911,3.760902166366577
2.8193721771240234,1.219191074371338,3.7602195739746094
2.8193721771240234,1.219191074371338,3.7602195739746094
2.8185999393463135,1.2187503576278687,3.7604668140411377
2.8180036544799805,1.2177321910858154,3.760422945022583
2.8171193599700928,1.2171416282653809,3.760427236557007
2.8167808055877686,1.2168244123458862,3.7602715492248535
2.8167808055877686,1.2168244123458862,3.7602715492248535
2.816946268081665,1.2168822288513184,3.759816884994507
2.8167545795440674,1.216938853263855,3.7596726417541504
2.8168041706085205,1.216775894165039,3.7594869136810303
2.8163657188415527,1.2157232761383057,3.759110689163208
2.8163657188415527,1.2157232761383057,3.759110689163208
2.81581449508667,1.2146823406219482,3.758770227432251
2.8153154850006104,1.213937759399414,3.7586162090301514
2.815004587173462,1.2129530906677246,3.75809383392334
2.8147785663604736,1.211766004562378,3.757178783416748
2.8147785663604736,1.211766004562378,3.757178783416748
2.8146615028381348,1.2107213735580444,3.7569873332977295
2.813955307006836,1.2096624374389648,3.7569241523742676
2.8134632110595703,1.2085481882095337,3.756984233856201
2.81312894821167,1.2074764966964722,3.756453514099121
2.81312894821167,1.2074764966964722,3.756453514099121
2.812735080718994,1.206498146057129,3.755826473236084
2.812175750732422,1.2065670490264893,3.756563425064087
2.810523271560669,1.2059131860733032,3.7575178146362305
2.809239625930786,1.2049517631530762,3.758059024810791
2.809239625930786,1.2049517631530762,3.758059024810791
2.8085734844207764,1.2037602663040161,3.758129835128784
2.808056592941284,1.203564167022705,3.758249521255493
2.808154582977295,1.2034757137298584,3.7579293251037598
2.808417320251465,1.2028374671936035,3.7576241493225098
2.808417320251465,1.2028374671936035,3.7576241493225098
2.808461904525757,1.2018243074417114,3.756906509399414
2.807868719100952,1.2004015445709229,3.756720542907715
2.807262659072876,1.1995571851730347,3.7569284439086914
2.8060145378112793,1.1990524530410767,3.757936477661133
2.8060145378112793,1.1990524530410767,3.757936477661133
2.804291248321533,1.198415756225586,3.7586686611175537
2.8032262325286865,1.1974084377288818,3.7593560218811035
2.8022520542144775,1.1962319612503052,3.759747266769409
2.801741123199463,1.1961863040924072,3.759993553161621
2.801741123199463,1.1961863040924072,3.759993553161621
2.801185131072998,1.1957066059112549,3.7599399089813232
2.801051139831543,1.1953165531158447,3.759535789489746
2.800901412963867,1.1950424909591675,3.758829116821289
2.801107168197632,1.194016933441162,3.75700044631958
2.801107168197632,1.194016933441162,3.75700044631958
2.801316738128662,1.1935042142868042,3.75592041015625
2.800895929336548,1.1927365064620972,3.7556240558624268
2.7997543811798096,1.191451907157898,3.7560360431671143
2.79841947555542,1.1906870603561401,3.757037878036499
2.79841947555542,1.1906870603561401,3.757037878036499
2.796821355819702,1.1896201372146606,3.7576990127563477
2.796300172805786,1.188742756843567,3.757754325866699
2.796027660369873,1.1875081062316895,3.757387638092041
2.795600414276123,1.1857839822769165,3.756326913833618
2.795600414276123,1.1857839822769165,3.756326913833618
2.795924425125122,1.1847461462020874,3.7562415599823
2.7952680587768555,1.1838910579681396,3.7560296058654785
2.7943007946014404,1.1830692291259766,3.7562291622161865
2.793438196182251,1.1832212209701538,3.7570137977600098
2.793438196182251,1.1832212209701538,3.7570137977600098
2.7927517890930176,1.1830334663391113,3.757472038269043
2.792287826538086,1.1823310852050781,3.757369041442871
2.7923600673675537,1.1816567182540894,3.757114887237549
2.79196834564209,1.1807183027267456,3.7564759254455566
2.79196834564209,1.1807183027267456,3.7564759254455566
2.7924985885620117,1.1801851987838745,3.7562036514282227
2.7919232845306396,1.1787930727005005,3.7558536529541016
2.7906436920166016,1.176658034324646,3.7557032108306885
2.789947032928467,1.1758606433868408,3.755683422088623
2.789947032928467,1.1758606433868408,3.755683422088623
2.7897748947143555,1.1745661497116089,3.7552027702331543
2.7893176078796387,1.1751054525375366,3.755892276763916
2.7888405323028564,1.1749106645584106,3.756197214126587
2.7888588905334473,1.1745327711105347,3.7560510635375977
2.7888588905334473,1.1745327711105347,3.7560510635375977
2.788459062576294,1.1742439270019531,3.7561421394348145
2.7882657051086426,1.1737900972366333,3.7561123371124268
2.788372039794922,1.173496127128601,3.7560598850250244
2.787790536880493,1.1731438636779785,3.756695032119751
2.787790536880493,1.1731438636779785,3.756695032119751
2.7872872352600098,1.1725786924362183,3.756765604019165
2.787271738052368,1.1725547313690186,3.756955146789551
2.7868235111236572,1.1729525327682495,3.757211208343506
2.786839485168457,1.1727969646453857,3.756937265396118
2.786839485168457,1.1727969646453857,3.756937265396118
2.78682017326355,1.1727136373519897,3.756716012954712
2.786461114883423,1.172026515007019,3.7563083171844482
2.7861242294311523,1.1709948778152466,3.756009817123413
2.785391092300415,1.170385718345642,3.7562739849090576
2.785391092300415,1.170385718345642,3.7562739849090576
2.7840397357940674,1.1694886684417725,3.7564170360565186
2.7826640605926514,1.1685824394226074,3.7563223838806152
2.7813069820404053,1.1672619581222534,3.75608491897583
2.7807865142822266,1.1668018102645874,3.7561941146850586
2.7807865142822266,1.1668018102645874,3.7561941146850586
2.780430555343628,1.166284203529358,3.7566258907318115
2.779865026473999,1.165307879447937,3.756502628326416
2.779198169708252,1.1644837856292725,3.7565832138061523
2.7783141136169434,1.1634656190872192,3.756683111190796
2.7783141136169434,1.1634656190872192,3.756683111190796
2.777405261993408,1.1627793312072754,3.757493019104004
2.776430368423462,1.1616475582122803,3.758441209793091
2.775454521179199,1.1603379249572754,3.758723497390747
2.7744462490081787,1.1591790914535522,3.758913993835449
2.7744462490081787,1.1591790914535522,3.758913993835449
2.7738821506500244,1.1582775115966797,3.759428024291992
2.7728240489959717,1.1569122076034546,3.7597217559814453
2.7717270851135254,1.1548625230789185,3.759565830230713
2.7708992958068848,1.153420329093933,3.7599451541900635
2.7708992958068848,1.153420329093933,3.7599451541900635
2.7696421146392822,1.1512556076049805,3.7595248222351074
2.769028663635254,1.1501251459121704,3.759042739868164
2.7686030864715576,1.149585485458374,3.7588202953338623
2.768604040145874,1.149579405784607,3.7586162090301514
2.768604040145874,1.149579405784607,3.7586162090301514
2.7686784267425537,1.1492730379104614,3.7576487064361572
2.769015073776245,1.1494972705841064,3.757880926132202
2.768317461013794,1.149308204650879,3.758600950241089
2.7675983905792236,1.1480306386947632,3.758511543273926
2.7675983905792236,1.1480306386947632,3.758511543273926
2.7665352821350098,1.1467386484146118,3.7582969665527344
2.7659037113189697,1.1465092897415161,3.758632183074951
2.7654268741607666,1.1458710432052612,3.7588274478912354
2.7647454738616943,1.1454808712005615,3.759309768676758
2.7647454738616943,1.1454808712005615,3.759309768676758
2.7635657787323,1.1446477174758911,3.760312795639038
2.7625343799591064,1.1437106132507324,3.760871410369873
2.761815309524536,1.14266836643219,3.761323928833008
2.7609784603118896,1.1423258781433105,3.761890411376953
2.7609784603118896,1.1423258781433105,3.761890411376953
2.760035514831543,1.1416131258010864,3.7621357440948486
2.7591450214385986,1.1410049200057983,3.7619338035583496
2.7581913471221924,1.1402428150177002,3.7619400024414062
2.7568306922912598,1.1383477449417114,3.7613790035247803
2.7568306922912598,1.1383477449417114,3.7613790035247803
2.7562403678894043,1.1369858980178833,3.7610323429107666
2.755499839782715,1.1352920532226562,3.760394811630249
2.7547783851623535,1.1348010301589966,3.760629653930664
2.7542715072631836,1.1344901323318481,3.761016607284546
2.7542715072631836,1.1344901323318481,3.761016607284546
2.7539918422698975,1.1339627504348755,3.7606568336486816
2.754305124282837,1.1340311765670776,3.7607765197753906
2.7542428970336914,1.1341115236282349,3.7610301971435547
2.753817319869995,1.1335866451263428,3.7606656551361084
2.753817319869995,1.1335866451263428,3.7606656551361084
2.753741979598999,1.1325167417526245,3.760075330734253
2.753086566925049,1.1315419673919678,3.759723663330078
2.752963066101074,1.1311414241790771,3.7596638202667236
2.752805709838867,1.1308679580688477,3.759829521179199
2.752805709838867,1.1308679580688477,3.759829521179199
2.752514123916626,1.1300512552261353,3.759683132171631
2.7518832683563232,1.128708004951477,3.759704351425171
2.7510008811950684,1.127396583557129,3.760230779647827
2.749743700027466,1.125827670097351,3.7606687545776367
2.749743700027466,1.125827670097351,3.7606687545776367
2.7481884956359863,1.1249665021896362,3.7617921829223633
2.74662709236145,1.12273108959198,3.7619800567626953
2.7448785305023193,1.1200695037841797,3.7615883350372314
2.744169235229492,1.118283748626709,3.761963367462158
2.744169235229492,1.118283748626709,3.761963367462158
2.742607593536377,1.1163982152938843,3.761471748352051
2.7417948246002197,1.1161402463912964,3.7617878913879395
2.7421748638153076,1.1161917448043823,3.761774778366089
2.742621898651123,1.117043375968933,3.7624971866607666
2.742621898651123,1.117043375968933,3.7624971866607666
2.7419371604919434,1.1171658039093018,3.7630438804626465
2.7406904697418213,1.1160444021224976,3.7633421421051025
2.7385098934173584,1.1136099100112915,3.7634079456329346
2.7373461723327637,1.1132255792617798,3.7642295360565186
2.7373461723327637,1.1132255792617798,3.7642295360565186
2.736295461654663,1.112526535987854,3.7647862434387207
2.7358431816101074,1.1123987436294556,3.765414237976074
2.734873056411743,1.1123204231262207,3.7660343647003174
2.7337934970855713,1.1109353303909302,3.7660000324249268
2.7337934970855713,1.1109353303909302,3.7660000324249268
2.732391834259033,1.110215663909912,3.7666687965393066
2.731142044067383,1.1091935634613037,3.766843557357788
2.729888677597046,1.1087167263031006,3.7672436237335205
2.7292938232421875,1.108267068862915,3.7675840854644775
2.7292938232421875,1.108267068862915,3.7675840854644775
2.7284622192382812,1.1071909666061401,3.7672762870788574
2.727832078933716,1.1067157983779907,3.767503261566162
2.727426052093506,1.106331706047058,3.7677292823791504
2.727107524871826,1.105832815170288,3.7675304412841797
2.727107524871826,1.105832815170288,3.7675304412841797
2.726649284362793,1.1053895950317383,3.7681002616882324
2.726060628890991,1.1048818826675415,3.7686803340911865
2.724867105484009,1.1046849489212036,3.770106077194214
2.723822593688965,1.1041661500930786,3.7712464332580566
2.723822593688965,1.1041661500930786,3.7712464332580566
2.722801923751831,1.102718472480774,3.7712342739105225
2.7221343517303467,1.102096438407898,3.7720909118652344
2.7219045162200928,1.1016950607299805,3.773064374923706
2.7214136123657227,1.1008186340332031,3.7735965251922607
2.7214136123657227,1.1008186340332031,3.7735965251922607
2.72055983543396,1.1000252962112427,3.7747840881347656
2.7191951274871826,1.098548173904419,3.775646448135376
2.717957019805908,1.0962945222854614,3.7756433486938477
2.7165987491607666,1.0950450897216797,3.7758781909942627
2.7165987491607666,1.0950450897216797,3.7758781909942627
2.715243339538574,1.0938783884048462,3.776327610015869
2.7137084007263184,1.0928212404251099,3.7774603366851807
2.7120361328125,1.0924922227859497,3.778499126434326
2.711127758026123,1.0920743942260742,3.7791333198547363
2.711127758026123,1.0920743942260742,3.7791333198547363
2.710690975189209,1.092042326927185,3.779475450515747
2.710587501525879,1.0917398929595947,3.7790634632110596
2.7111704349517822,1.0909039974212646,3.777580976486206
2.7116823196411133,1.0915014743804932,3.777686357498169
2.7116823196411133,1.0915014743804932,3.777686357498169
2.7107856273651123,1.0911973714828491,3.7782256603240967
2.7093253135681152,1.0901778936386108,3.778610944747925
2.7073607444763184,1.0883710384368896,3.7789645195007324
2.705864429473877,1.0867784023284912,3.7792890071868896
2.705864429473877,1.0867784023284912,3.7792890071868896
2.704739570617676,1.0864731073379517,3.780062198638916
2.704688549041748,1.0864810943603516,3.7805845737457275
2.705007791519165,1.0863897800445557,3.7805123329162598
2.7050604820251465,1.0858222246170044,3.7799689769744873
2.7050604820251465,1.0858222246170044,3.7799689769744873
2.7046148777008057,1.0842125415802002,3.7790775299072266
2.7035818099975586,1.083530068397522,3.779987335205078
2.7024476528167725,1.0830715894699097,3.7811360359191895
2.7013070583343506,1.082407832145691,3.7820119857788086
2.7013070583343506,1.082407832145691,3.7820119857788086
2.700867176055908,1.0821359157562256,3.782561779022217
2.7007455825805664,1.0819848775863647,3.7826476097106934
2.7008166313171387,1.081524133682251,3.781951904296875
2.7012345790863037,1.0822267532348633,3.7829487323760986
2.7012345790863037,1.0822267532348633,3.7829487323760986
2.7005772590637207,1.081788420677185,3.7836010456085205
2.6996052265167236,1.0807816982269287,3.784050941467285
2.698965549468994,1.0800610780715942,3.784149408340454
2.698334217071533,1.0797816514968872,3.784543037414551
2.698334217071533,1.0797816514968872,3.784543037414551
2.6980013847351074,1.080209493637085,3.784868001937866
2.69787335395813,1.0801819562911987,3.7849390506744385
2.697556734085083,1.0796375274658203,3.7845458984375
2.697195053100586,1.0793873071670532,3.784907579421997
2.697195053100586,1.0793873071670532,3.784907579421997
2.6966357231140137,1.0778369903564453,3.7842020988464355
2.69547176361084,1.075347661972046,3.783604860305786
2.693488359451294,1.0729715824127197,3.784060478210449
2.691418170928955,1.070051908493042,3.784477949142456
2.691418170928955,1.070051908493042,3.784477949142456
2.6877453327178955,1.0666093826293945,3.7856647968292236
2.684927463531494,1.064208984375,3.7867348194122314
2.683070659637451,1.0632820129394531,3.787648916244507
2.6821720600128174,1.062567114830017,3.787865400314331
2.6821720600128174,1.062567114830017,3.787865400314331
2.682340145111084,1.0626074075698853,3.788050651550293
2.68119478225708,1.0618069171905518,3.7879586219787598
2.6796956062316895,1.0597350597381592,3.788088321685791
2.6767876148223877,1.056211233139038,3.78887939453125
2.6767876148223877,1.056211233139038,3.78887939453125
2.6718668937683105,1.051751732826233,3.7913413047790527
2.6672065258026123,1.0472451448440552,3.7943167686462402
2.662055492401123,1.0425134897232056,3.7984321117401123
2.657062530517578,1.0395450592041016,3.8022634983062744
2.657062530517578,1.0395450592041016,3.8022634983062744
2.6544594764709473,1.0383996963500977,3.803936004638672
2.6543900966644287,1.0400855541229248,3.8053903579711914
2.6553807258605957,1.0411282777786255,3.8051228523254395
2.6556849479675293,1.0414602756500244,3.8043949604034424
2.6556849479675293,1.0414602756500244,3.8043949604034424
2.654667615890503,1.0407023429870605,3.8044850826263428
2.6521694660186768,1.038723111152649,3.805000066757202
2.6504533290863037,1.037259578704834,3.8060944080352783
2.648280143737793,1.0355783700942993,3.806960105895996
2.648280143737793,1.0355783700942993,3.806960105895996
2.64694881439209,1.0331525802612305,3.8068668842315674
2.645167350769043,1.0319862365722656,3.808112382888794
2.6439249515533447,1.0315951108932495,3.809091806411743
2.6433937549591064,1.0306605100631714,3.8085970878601074
2.6433937549591064,1.0306605100631714,3.8085970878601074
2.6437580585479736,1.0301176309585571,3.808347702026367
2.644296646118164,1.029634952545166,3.8073647022247314
2.644197463989258,1.0289212465286255,3.8068437576293945
2.6438727378845215,1.0280606746673584,3.806788682937622
2.6438727378845215,1.0280606746673584,3.806788682937622
2.642571449279785,1.0266749858856201,3.8066673278808594
2.640735149383545,1.0251713991165161,3.8066773414611816
