x,y,z
3.1654253005981445,3.5948424339294434,4.073821067810059
3.1730899810791016,3.5931930541992188,4.07302713394165
3.1730899810791016,3.5931930541992188,4.07302713394165
3.1782479286193848,3.5788798332214355,4.0742573738098145
3.1765198707580566,3.5750679969787598,4.076357841491699
3.177952766418457,3.572596788406372,4.0758795738220215
3.177952766418457,3.572596788406372,4.0758795738220215
3.1798293590545654,3.5713257789611816,4.075181484222412
3.185065507888794,3.5702402591705322,4.074073791503906
3.185065507888794,3.5702402591705322,4.074073791503906
3.1898529529571533,3.561302423477173,4.073512077331543
3.189336061477661,3.5599136352539062,4.075018882751465
3.189336061477661,3.5599136352539062,4.075018882751465
3.1922802925109863,3.55653977394104,4.07228946685791
3.194827079772949,3.5548906326293945,4.0702290534973145
3.193269729614258,3.5621016025543213,4.071646213531494
3.193269729614258,3.5621016025543213,4.071646213531494
3.197955846786499,3.5595269203186035,4.069472789764404
3.197955846786499,3.5595269203186035,4.069472789764404
3.199924945831299,3.56117844581604,4.07200288772583
3.209939479827881,3.5482614040374756,4.066232681274414
3.209939479827881,3.5482614040374756,4.066232681274414
3.2061872482299805,3.551483392715454,4.066187381744385
3.2061872482299805,3.551483392715454,4.066187381744385
3.2043912410736084,3.5501413345336914,4.0624613761901855
3.202545166015625,3.551269292831421,4.060118675231934
3.202545166015625,3.551269292831421,4.060118675231934
3.203237533569336,3.557016372680664,4.056625843048096
3.2063965797424316,3.5580997467041016,4.054125785827637
3.2085671424865723,3.5601871013641357,4.052609920501709
3.2085671424865723,3.5601871013641357,4.052609920501709
3.212240219116211,3.562093496322632,4.0507426261901855
3.2173514366149902,3.5643863677978516,4.047922134399414
3.219461679458618,3.5653350353240967,4.046699047088623
3.219461679458618,3.5653350353240967,4.046699047088623
3.21804141998291,3.569627046585083,4.047341346740723
3.21804141998291,3.569627046585083,4.047341346740723
3.217130184173584,3.5696070194244385,4.045710563659668
3.2166659832000732,3.56899356842041,4.04574728012085
3.2188947200775146,3.5675535202026367,4.043738842010498
3.2188947200775146,3.5675535202026367,4.043738842010498
3.218979835510254,3.566652297973633,4.042532444000244
3.2181472778320312,3.567075252532959,4.0417022705078125
3.2192273139953613,3.569803237915039,4.0386199951171875
3.2192273139953613,3.569803237915039,4.0386199951171875
3.2212231159210205,3.570082187652588,4.0366973876953125
3.221013307571411,3.5721614360809326,4.036972999572754
3.221013307571411,3.5721614360809326,4.036972999572754
3.2235183715820312,3.574237108230591,4.034969806671143
3.228499174118042,3.574772596359253,4.03253698348999
3.2318382263183594,3.5737192630767822,4.029537677764893
3.2318382263183594,3.5737192630767822,4.029537677764893
3.2325165271759033,3.574077606201172,4.028980731964111
3.236017942428589,3.5767016410827637,4.027099609375
3.236017942428589,3.5767016410827637,4.027099609375
3.240976572036743,3.5784120559692383,4.024823188781738
3.240976572036743,3.5784120559692383,4.024823188781738
3.251448392868042,3.574303388595581,4.02349853515625
3.2573421001434326,3.573690414428711,4.022776126861572
3.2573421001434326,3.573690414428711,4.022776126861572
3.262392282485962,3.573378562927246,4.021844863891602
3.262392282485962,3.573378562927246,4.021844863891602
3.2628233432769775,3.5754716396331787,4.020604133605957
3.264677047729492,3.5808396339416504,4.017261505126953
3.264677047729492,3.5808396339416504,4.017261505126953
3.265594005584717,3.584782838821411,4.01649808883667
3.2691662311553955,3.5827853679656982,4.0167012214660645
3.2691662311553955,3.5827853679656982,4.0167012214660645
3.2751173973083496,3.5810282230377197,4.015555381774902
3.277329206466675,3.586423635482788,4.014523983001709
3.277329206466675,3.586423635482788,4.014523983001709
3.279064178466797,3.586888313293457,4.011931419372559
3.2776882648468018,3.592559814453125,4.009896755218506
3.2776882648468018,3.592559814453125,4.009896755218506
3.2785086631774902,3.5961432456970215,4.008704662322998
3.2787721157073975,3.596539258956909,4.008953094482422
3.2831718921661377,3.596914768218994,4.006991386413574
3.2831718921661377,3.596914768218994,4.006991386413574
3.2869837284088135,3.5965847969055176,4.004714488983154
3.291109800338745,3.598680019378662,4.003172874450684
3.294313430786133,3.6001765727996826,4.003222942352295
3.294313430786133,3.6001765727996826,4.003222942352295
3.2971649169921875,3.602414131164551,4.003864765167236
3.2971649169921875,3.602414131164551,4.003864765167236
3.300274610519409,3.605414867401123,4.0034003257751465
3.3040807247161865,3.6081130504608154,4.002273082733154
3.3040807247161865,3.6081130504608154,4.002273082733154
3.306518793106079,3.6110734939575195,4.001523017883301
3.3096797466278076,3.612039566040039,3.9999349117279053
3.3096797466278076,3.612039566040039,3.9999349117279053
3.310410976409912,3.6151750087738037,3.9998655319213867
3.311782121658325,3.6163227558135986,3.999093532562256
3.311782121658325,3.6163227558135986,3.999093532562256
3.312528133392334,3.617070198059082,3.9986345767974854
3.3155465126037598,3.6182847023010254,3.9965457916259766
3.316537857055664,3.613992214202881,3.9967129230499268
3.316537857055664,3.613992214202881,3.9967129230499268
3.316699266433716,3.6138527393341064,3.993910789489746
3.316699266433716,3.6138527393341064,3.993910789489746
3.318686008453369,3.616534948348999,3.9894886016845703
3.321597099304199,3.620669364929199,3.9865357875823975
3.321597099304199,3.620669364929199,3.9865357875823975
3.323862075805664,3.622945785522461,3.985311508178711
3.3244049549102783,3.6225950717926025,3.9851861000061035
3.3244049549102783,3.6225950717926025,3.9851861000061035
3.3223366737365723,3.6189377307891846,3.9872190952301025
3.324812650680542,3.6171491146087646,3.9833602905273438
3.324812650680542,3.6171491146087646,3.9833602905273438
3.327693223953247,3.613996982574463,3.9809250831604004
3.3315317630767822,3.618746042251587,3.977191209793091
3.3315317630767822,3.618746042251587,3.977191209793091
3.33377742767334,3.621288776397705,3.9745497703552246
3.3343374729156494,3.623758554458618,3.9717423915863037
3.3343374729156494,3.623758554458618,3.9717423915863037
3.333768606185913,3.6243488788604736,3.971116304397583
3.3346335887908936,3.622204303741455,3.969430685043335
3.3365702629089355,3.622171640396118,3.9674644470214844
3.3365702629089355,3.622171640396118,3.9674644470214844
3.3381686210632324,3.6239984035491943,3.9659221172332764
3.340776205062866,3.625265121459961,3.9634432792663574
3.340776205062866,3.625265121459961,3.9634432792663574
3.3418633937835693,3.625216245651245,3.9625067710876465
3.343029022216797,3.6273550987243652,3.9604265689849854
3.343029022216797,3.6273550987243652,3.9604265689849854
3.342618227005005,3.629197597503662,3.960258722305298
3.342618227005005,3.629197597503662,3.960258722305298
3.3436717987060547,3.6295151710510254,3.9594919681549072
3.3450863361358643,3.6292600631713867,3.9587135314941406
3.3450863361358643,3.6292600631713867,3.9587135314941406
3.3493728637695312,3.6288645267486572,3.956486701965332
3.349968671798706,3.628066062927246,3.957117795944214
3.349968671798706,3.628066062927246,3.957117795944214
3.352478265762329,3.6264891624450684,3.956427812576294
3.352478265762329,3.6264891624450684,3.956427812576294
3.354240894317627,3.6295857429504395,3.954735517501831
3.3571877479553223,3.630707025527954,3.9534709453582764
3.3571877479553223,3.630707025527954,3.9534709453582764
3.3618812561035156,3.6291797161102295,3.950636386871338
3.368696451187134,3.629300117492676,3.9468533992767334
3.368696451187134,3.629300117492676,3.9468533992767334
3.3765809535980225,3.6257667541503906,3.946385145187378
3.3793909549713135,3.624284267425537,3.947464942932129
3.3793909549713135,3.624284267425537,3.947464942932129
3.3803796768188477,3.622645139694214,3.947381019592285
3.380808115005493,3.622579574584961,3.9459714889526367
3.380808115005493,3.622579574584961,3.9459714889526367
3.3821957111358643,3.6275789737701416,3.942999839782715
3.384772300720215,3.628180742263794,3.9424009323120117
3.384772300720215,3.628180742263794,3.9424009323120117
3.387152910232544,3.6289212703704834,3.9415555000305176
3.387152910232544,3.6289212703704834,3.9415555000305176
3.3904829025268555,3.6296169757843018,3.9397389888763428
3.3907761573791504,3.634303092956543,3.9402897357940674
3.3907761573791504,3.634303092956543,3.9402897357940674
3.392207622528076,3.640305519104004,3.938102960586548
3.394778251647949,3.642773151397705,3.9358530044555664
3.394778251647949,3.642773151397705,3.9358530044555664
3.397876739501953,3.6426124572753906,3.9353699684143066
3.399967670440674,3.643639087677002,3.934504270553589
3.399967670440674,3.643639087677002,3.934504270553589
3.4017393589019775,3.6435630321502686,3.934497833251953
3.4017393589019775,3.6435630321502686,3.934497833251953
3.4029903411865234,3.6431021690368652,3.9364795684814453
3.404745101928711,3.6434707641601562,3.9365153312683105
3.404839515686035,3.6451141834259033,3.938246011734009
3.404839515686035,3.6451141834259033,3.938246011734009
3.4052062034606934,3.6457509994506836,3.9392690658569336
3.407968044281006,3.645714044570923,3.9400899410247803
3.407968044281006,3.645714044570923,3.9400899410247803
3.411276340484619,3.6464929580688477,3.9410650730133057
3.411276340484619,3.6464929580688477,3.9410650730133057
3.414684295654297,3.6455376148223877,3.9408583641052246
3.4170608520507812,3.643995523452759,3.9405579566955566
3.4170608520507812,3.643995523452759,3.9405579566955566
3.4160337448120117,3.646501302719116,3.9397947788238525
3.4160337448120117,3.646501302719116,3.9397947788238525
3.416175603866577,3.644454002380371,3.9374914169311523
3.416172504425049,3.645012855529785,3.9353833198547363
3.416172504425049,3.645012855529785,3.9353833198547363
3.4157938957214355,3.6468775272369385,3.9315102100372314
3.4157938957214355,3.6468775272369385,3.9315102100372314
3.4108333587646484,3.6494858264923096,3.931765556335449
3.407944440841675,3.6479170322418213,3.9327139854431152
3.407944440841675,3.6479170322418213,3.9327139854431152
3.4098780155181885,3.643251657485962,3.933562755584717
3.4098780155181885,3.643251657485962,3.933562755584717
3.413844347000122,3.6392807960510254,3.934138298034668
3.417910575866699,3.637904167175293,3.9333763122558594
3.4213786125183105,3.6413350105285645,3.931926727294922
3.4213786125183105,3.6413350105285645,3.931926727294922
3.4242899417877197,3.6420834064483643,3.9321506023406982
3.4310355186462402,3.6390485763549805,3.931361198425293
3.433868408203125,3.637406587600708,3.933419942855835
3.433436155319214,3.636570930480957,3.9344229698181152
3.433436155319214,3.636570930480957,3.9344229698181152
3.434227228164673,3.635242462158203,3.9343907833099365
3.4313089847564697,3.6342225074768066,3.9345130920410156
3.4331963062286377,3.636385917663574,3.931389808654785
3.4312241077423096,3.6419034004211426,3.928875684738159
3.4312241077423096,3.6419034004211426,3.928875684738159
3.4311156272888184,3.644423723220825,3.9264395236968994
3.4290528297424316,3.6464357376098633,3.925523281097412
3.428858757019043,3.6495354175567627,3.92427396774292
3.4294991493225098,3.6487441062927246,3.9236807823181152
3.4294991493225098,3.6487441062927246,3.9236807823181152
3.4297235012054443,3.6488940715789795,3.923644781112671
3.4303596019744873,3.6492021083831787,3.9226694107055664
3.4310505390167236,3.6507210731506348,3.9212324619293213
3.4324584007263184,3.6505746841430664,3.9203219413757324
3.4324584007263184,3.6505746841430664,3.9203219413757324
3.4340016841888428,3.6510887145996094,3.9192001819610596
3.4353957176208496,3.651191234588623,3.9183549880981445
3.435391902923584,3.6529104709625244,3.9173431396484375
3.4364559650421143,3.6544907093048096,3.915189504623413
3.438793420791626,3.655439853668213,3.912184000015259
3.438793420791626,3.655439853668213,3.912184000015259
3.4411909580230713,3.6554481983184814,3.910686731338501
3.4438211917877197,3.6547515392303467,3.909301280975342
3.4451639652252197,3.653125524520874,3.908865213394165
3.4451639652252197,3.653125524520874,3.908865213394165
3.44533371925354,3.653867244720459,3.907559871673584
3.447733163833618,3.652360677719116,3.9082515239715576
3.44767689704895,3.6512129306793213,3.9077954292297363
3.44979190826416,3.652000665664673,3.9101498126983643
3.44979190826416,3.652000665664673,3.9101498126983643
3.450850248336792,3.6517422199249268,3.909111976623535
3.451242685317993,3.652297258377075,3.9107794761657715
3.451848268508911,3.6532158851623535,3.9100284576416016
3.4537394046783447,3.6541759967803955,3.9107117652893066
3.457711935043335,3.6541504859924316,3.9093892574310303
3.457711935043335,3.6541504859924316,3.9093892574310303
3.4577088356018066,3.6540656089782715,3.9096243381500244
3.459911823272705,3.6536660194396973,3.909097671508789
3.461027145385742,3.653761625289917,3.90848445892334
3.461027145385742,3.653761625289917,3.90848445892334
3.4633474349975586,3.6547069549560547,3.9082980155944824
3.4679644107818604,3.6539149284362793,3.906479597091675
3.4713380336761475,3.6531074047088623,3.9057326316833496
3.4737513065338135,3.654625654220581,3.905907392501831
3.478088140487671,3.654399871826172,3.9051411151885986
3.478088140487671,3.654399871826172,3.9051411151885986
3.479844570159912,3.6550588607788086,3.905068874359131
3.479691982269287,3.6558735370635986,3.905485153198242
3.4789202213287354,3.6552822589874268,3.905963182449341
3.477221965789795,3.6544997692108154,3.9068732261657715
3.477221965789795,3.6544997692108154,3.9068732261657715
3.476407766342163,3.654845714569092,3.9071736335754395
3.476076602935791,3.655945301055908,3.9077088832855225
3.476656675338745,3.657860517501831,3.908243417739868
3.476656675338745,3.657860517501831,3.908243417739868
3.477236747741699,3.6585073471069336,3.908794641494751
3.477236747741699,3.6585073471069336,3.908794641494751
3.479665994644165,3.659149408340454,3.909182548522949
3.4802398681640625,3.6578962802886963,3.9109585285186768
3.4802398681640625,3.6578962802886963,3.9109585285186768
3.482302188873291,3.653925895690918,3.9133734703063965
3.487647771835327,3.652409553527832,3.9147236347198486
3.4904067516326904,3.651918649673462,3.9164834022521973
3.4904067516326904,3.651918649673462,3.9164834022521973
3.492238998413086,3.6504344940185547,3.9169297218322754
3.495612382888794,3.650787591934204,3.919001579284668
3.49710750579834,3.6528170108795166,3.9188718795776367
3.49710750579834,3.6528170108795166,3.9188718795776367
3.499091863632202,3.654679775238037,3.9192211627960205
3.501225709915161,3.6548595428466797,3.9184844493865967
3.5036587715148926,3.6525988578796387,3.9191396236419678
3.5036587715148926,3.6525988578796387,3.9191396236419678
3.503293991088867,3.6508069038391113,3.9199109077453613
3.503293991088867,3.6508069038391113,3.9199109077453613
3.505825996398926,3.649874687194824,3.920793294906616
3.507619619369507,3.6509227752685547,3.921168565750122
3.5113027095794678,3.6501052379608154,3.9199795722961426
3.513838052749634,3.6488075256347656,3.919651508331299
3.513838052749634,3.6488075256347656,3.919651508331299
3.514876127243042,3.647082805633545,3.9188551902770996
3.516447067260742,3.6466641426086426,3.9188055992126465
3.516447067260742,3.6466641426086426,3.9188055992126465
3.517991781234741,3.6478030681610107,3.9170382022857666
3.517991781234741,3.6478030681610107,3.9170382022857666
3.5208141803741455,3.646555185317993,3.9144160747528076
3.523996591567993,3.6468844413757324,3.9120943546295166
3.523996591567993,3.6468844413757324,3.9120943546295166
3.5249574184417725,3.6461775302886963,3.910200595855713
3.524186372756958,3.6457717418670654,3.909834146499634
3.5236167907714844,3.6460888385772705,3.909376621246338
3.5248327255249023,3.646622657775879,3.906834125518799
3.5248327255249023,3.646622657775879,3.906834125518799
3.527150869369507,3.6480820178985596,3.904407024383545
3.528557777404785,3.6474905014038086,3.903503656387329
3.530517578125,3.644751787185669,3.9024202823638916
3.5313720703125,3.644867420196533,3.9012773036956787
3.5313720703125,3.644867420196533,3.9012773036956787
3.532356023788452,3.6433472633361816,3.900233507156372
3.533404588699341,3.644451141357422,3.898228645324707
3.533404588699341,3.644451141357422,3.898228645324707
3.533823013305664,3.6476073265075684,3.8961615562438965
3.534660816192627,3.6509318351745605,3.8950133323669434
3.538606882095337,3.6537513732910156,3.891101598739624
3.538606882095337,3.6537513732910156,3.891101598739624
3.5420095920562744,3.65407395362854,3.8906545639038086
3.5489132404327393,3.654953718185425,3.888063669204712
3.5563414096832275,3.6531143188476562,3.8873565196990967
3.560145378112793,3.652277946472168,3.887989044189453
3.560145378112793,3.652277946472168,3.887989044189453
3.5639219284057617,3.6494245529174805,3.888993740081787
3.5700104236602783,3.645928382873535,3.888949155807495
3.572425603866577,3.6434202194213867,3.8899190425872803
3.5739293098449707,3.641921043395996,3.8911404609680176
3.5739293098449707,3.641921043395996,3.8911404609680176
3.574193239212036,3.6387200355529785,3.8919622898101807
3.575986862182617,3.639707326889038,3.892112970352173
3.5795581340789795,3.639749765396118,3.891814947128296
3.5795581340789795,3.639749765396118,3.891814947128296
3.58180832862854,3.6388585567474365,3.8931171894073486
3.583573818206787,3.637761116027832,3.8936877250671387
3.5856668949127197,3.639183282852173,3.892125129699707
3.588376998901367,3.640005111694336,3.8895742893218994
3.5897738933563232,3.6415021419525146,3.8879623413085938
3.5897738933563232,3.6415021419525146,3.8879623413085938
3.5905961990356445,3.6435794830322266,3.886253833770752
3.5900537967681885,3.6455037593841553,3.884871482849121
3.589324712753296,3.648293972015381,3.884290933609009
3.59008526802063,3.650352716445923,3.8833749294281006
3.59008526802063,3.650352716445923,3.8833749294281006
3.590369701385498,3.651374578475952,3.8825058937072754
3.5896894931793213,3.651630401611328,3.8825759887695312
3.589204788208008,3.653256416320801,3.882180690765381
3.589787721633911,3.655796766281128,3.881071090698242
3.589787721633911,3.655796766281128,3.881071090698242
3.590552806854248,3.6573400497436523,3.881054639816284
3.5914738178253174,3.656916618347168,3.8819611072540283
3.593505620956421,3.655679941177368,3.8819034099578857
3.594942569732666,3.654543161392212,3.8823511600494385
3.594942569732666,3.654543161392212,3.8823511600494385
3.595942258834839,3.6547679901123047,3.883227586746216
3.595825433731079,3.6546411514282227,3.8836307525634766
3.5959811210632324,3.6551358699798584,3.8826746940612793
3.5971591472625732,3.6567184925079346,3.881556749343872
3.5971591472625732,3.6567184925079346,3.881556749343872
3.5990190505981445,3.6588807106018066,3.8809804916381836
3.6009747982025146,3.6601383686065674,3.879793643951416
3.6012766361236572,3.6602554321289062,3.880439519882202
3.60353684425354,3.660804510116577,3.8804452419281006
3.60353684425354,3.660804510116577,3.8804452419281006
3.608391761779785,3.6612534523010254,3.8809635639190674
3.6112422943115234,3.6616363525390625,3.8815624713897705
3.614116668701172,3.661288261413574,3.884554147720337
3.6161396503448486,3.6615679264068604,3.885474920272827
3.6161396503448486,3.6615679264068604,3.885474920272827
3.6166467666625977,3.6596221923828125,3.888148307800293
3.6175761222839355,3.6572327613830566,3.888646364212036
3.6192681789398193,3.6560611724853516,3.8879568576812744
3.619840145111084,3.6560416221618652,3.8881046772003174
3.619840145111084,3.6560416221618652,3.8881046772003174
3.621194362640381,3.655916929244995,3.8865108489990234
3.623058319091797,3.654686212539673,3.884678602218628
3.6253509521484375,3.6553287506103516,3.883087635040283
3.6273648738861084,3.654916286468506,3.881105422973633
3.6273648738861084,3.654916286468506,3.881105422973633
3.6290249824523926,3.6546967029571533,3.8789491653442383
3.6293957233428955,3.655249834060669,3.8769314289093018
3.630929470062256,3.656674385070801,3.8758347034454346
3.6324689388275146,3.6569361686706543,3.8740713596343994
3.6324689388275146,3.6569361686706543,3.8740713596343994
3.633979082107544,3.6559031009674072,3.8738434314727783
3.634326696395874,3.652519941329956,3.8728644847869873
3.6346309185028076,3.647448778152466,3.873213052749634
3.6351635456085205,3.6461589336395264,3.8723695278167725
3.6351635456085205,3.6461589336395264,3.8723695278167725
3.637632131576538,3.6464197635650635,3.8701746463775635
3.6378018856048584,3.6475276947021484,3.8692104816436768
3.639096260070801,3.6494832038879395,3.8670101165771484
3.6392769813537598,3.6527130603790283,3.8656461238861084
3.6392769813537598,3.6527130603790283,3.8656461238861084
3.6408770084381104,3.652772903442383,3.8631277084350586
3.6427133083343506,3.6539664268493652,3.862661123275757
3.6446101665496826,3.6547107696533203,3.8609843254089355
3.6452524662017822,3.65395188331604,3.8604469299316406
3.6452524662017822,3.65395188331604,3.8604469299316406
3.6446993350982666,3.6543309688568115,3.8592758178710938
3.64262056350708,3.654245376586914,3.858577251434326
3.6418943405151367,3.655156373977661,3.8582122325897217
3.6430916786193848,3.655552864074707,3.8568198680877686
3.6430916786193848,3.655552864074707,3.8568198680877686
3.64357328414917,3.655392646789551,3.857147455215454
3.6453816890716553,3.6536238193511963,3.8570892810821533
3.6466257572174072,3.6514434814453125,3.8572070598602295
3.6470320224761963,3.650846242904663,3.8576245307922363
3.6470320224761963,3.650846242904663,3.8576245307922363
3.647322177886963,3.650446891784668,3.8565409183502197
3.648327350616455,3.651581287384033,3.8551180362701416
3.6483333110809326,3.652980327606201,3.8545398712158203
3.65220308303833,3.654125213623047,3.8513050079345703
3.65220308303833,3.654125213623047,3.8513050079345703
3.6546850204467773,3.65012526512146,3.8500688076019287
3.658053398132324,3.6505019664764404,3.8479831218719482
3.6608073711395264,3.650972366333008,3.8464553356170654
3.664900302886963,3.6529226303100586,3.843278408050537
3.664900302886963,3.6529226303100586,3.843278408050537
3.6649482250213623,3.653317928314209,3.8444924354553223
3.6660661697387695,3.6538174152374268,3.8444178104400635
3.664167642593384,3.6531455516815186,3.8455135822296143
3.6640408039093018,3.6529531478881836,3.845611333847046
3.6640408039093018,3.6529531478881836,3.845611333847046
3.663302183151245,3.6529223918914795,3.8461928367614746
3.6640384197235107,3.652297258377075,3.8457694053649902
3.6660244464874268,3.651844024658203,3.844904661178589
3.668679714202881,3.652672052383423,3.8442161083221436
3.668679714202881,3.652672052383423,3.8442161083221436
3.67012882232666,3.6546764373779297,3.8446879386901855
3.670844793319702,3.6562726497650146,3.845602035522461
3.6717162132263184,3.659287452697754,3.846345901489258
3.67344331741333,3.65975022315979,3.846019744873047
3.67344331741333,3.65975022315979,3.846019744873047
3.6757214069366455,3.6600139141082764,3.8459019660949707
3.677232503890991,3.660356283187866,3.8455259799957275
3.678926944732666,3.6597540378570557,3.8452939987182617
3.679508924484253,3.6586062908172607,3.8458263874053955
3.679508924484253,3.6586062908172607,3.8458263874053955
3.681150436401367,3.65805721282959,3.8458151817321777
3.683340072631836,3.658823251724243,3.8457448482513428
3.6854407787323,3.659733772277832,3.8459866046905518
3.686570167541504,3.6601550579071045,3.848116159439087
3.686570167541504,3.6601550579071045,3.848116159439087
3.688668727874756,3.6610255241394043,3.8487703800201416
3.6897847652435303,3.6621739864349365,3.8502132892608643
3.692768096923828,3.6644833087921143,3.8498218059539795
3.6932878494262695,3.664912462234497,3.850379705429077
3.6932878494262695,3.664912462234497,3.850379705429077
3.6948771476745605,3.6654438972473145,3.8504908084869385
3.6960651874542236,3.6665141582489014,3.849329710006714
3.6986467838287354,3.6679840087890625,3.848344087600708
3.6996655464172363,3.6666886806488037,3.8477325439453125
3.6996655464172363,3.6666886806488037,3.8477325439453125
3.702636480331421,3.665827989578247,3.8460946083068848
3.7024052143096924,3.6647210121154785,3.846004009246826
3.702954053878784,3.664965867996216,3.8440046310424805
3.7011988162994385,3.6650567054748535,3.8446061611175537
3.7011988162994385,3.6650567054748535,3.8446061611175537
3.7004494667053223,3.665700912475586,3.8446788787841797
3.700932264328003,3.6663005352020264,3.843825578689575
3.701589345932007,3.665963649749756,3.843148946762085
3.7005934715270996,3.6637847423553467,3.84328293800354
3.7005934715270996,3.6637847423553467,3.84328293800354
3.6999619007110596,3.6634302139282227,3.842968702316284
3.6994752883911133,3.665313720703125,3.842072010040283
3.6985552310943604,3.666161060333252,3.8412578105926514
3.698436737060547,3.666938066482544,3.8399417400360107
3.698436737060547,3.666938066482544,3.8399417400360107
3.6980113983154297,3.6664748191833496,3.8397703170776367
3.6988461017608643,3.6666324138641357,3.8385722637176514
3.7009706497192383,3.6662049293518066,3.8369500637054443
3.7038772106170654,3.6655726432800293,3.8340671062469482
3.7038772106170654,3.6655726432800293,3.8340671062469482
3.7040693759918213,3.6661784648895264,3.8339409828186035
3.7048680782318115,3.6674506664276123,3.8314969539642334
3.7028515338897705,3.6687633991241455,3.831883430480957
3.7013509273529053,3.668616533279419,3.8313121795654297
3.7013509273529053,3.668616533279419,3.8313121795654297
3.7015960216522217,3.6697537899017334,3.830414056777954
3.703734874725342,3.6703832149505615,3.828805923461914
3.703795909881592,3.670746326446533,3.8289756774902344
3.7059245109558105,3.669895887374878,3.828310012817383
3.7059245109558105,3.669895887374878,3.828310012817383
3.707399368286133,3.6689248085021973,3.82745099067688
3.7102324962615967,3.667937994003296,3.826141834259033
3.711716890335083,3.6668519973754883,3.825680732727051
3.7140345573425293,3.6650564670562744,3.8249194622039795
3.7140345573425293,3.6650564670562744,3.8249194622039795
3.71582293510437,3.662950038909912,3.8231992721557617
3.716637134552002,3.6621522903442383,3.822526693344116
3.716867685317993,3.662785768508911,3.8212523460388184
3.7184298038482666,3.663137435913086,3.819671154022217
3.7184298038482666,3.663137435913086,3.819671154022217
3.7196297645568848,3.662623167037964,3.8190534114837646
3.72068190574646,3.6633849143981934,3.8190484046936035
3.7228734493255615,3.664174795150757,3.817939043045044
3.7245118618011475,3.664809226989746,3.817126750946045
3.7245118618011475,3.664809226989746,3.817126750946045
3.7264444828033447,3.6649882793426514,3.8164830207824707
3.727365255355835,3.664397716522217,3.8173868656158447
3.727684736251831,3.663658380508423,3.8178491592407227
3.72652530670166,3.6629397869110107,3.819301128387451
3.72652530670166,3.6629397869110107,3.819301128387451
3.7259459495544434,3.6640870571136475,3.8194403648376465
3.7274816036224365,3.664186954498291,3.8196451663970947
3.7301828861236572,3.665170431137085,3.8186566829681396
3.731328010559082,3.665316343307495,3.8182313442230225
3.731328010559082,3.665316343307495,3.8182313442230225
3.7319769859313965,3.665760040283203,3.818270206451416
3.7310092449188232,3.667259931564331,3.8179545402526855
3.730715274810791,3.6699657440185547,3.817791700363159
3.731255054473877,3.6740074157714844,3.8161497116088867
3.731255054473877,3.6740074157714844,3.8161497116088867
3.7339468002319336,3.6736021041870117,3.8144567012786865
3.734928846359253,3.6730196475982666,3.8140790462493896
3.7367401123046875,3.673222780227661,3.813204765319824
3.7379262447357178,3.673290967941284,3.811196804046631
3.7379262447357178,3.673290967941284,3.811196804046631
3.738943576812744,3.6731414794921875,3.8103363513946533
3.73921799659729,3.674344062805176,3.809886932373047
3.7397096157073975,3.6763408184051514,3.8090527057647705
3.7393252849578857,3.67783784866333,3.8095266819000244
3.7393252849578857,3.67783784866333,3.8095266819000244
3.738593578338623,3.6811277866363525,3.811410665512085
3.739497184753418,3.680034875869751,3.8123393058776855
3.7419309616088867,3.679276704788208,3.8128151893615723
3.743316411972046,3.6790804862976074,3.8137547969818115
3.743316411972046,3.6790804862976074,3.8137547969818115
3.744727611541748,3.6770756244659424,3.813575267791748
3.7450454235076904,3.6752278804779053,3.8141233921051025
3.74257230758667,3.672933340072632,3.819129705429077
3.7406632900238037,3.673438549041748,3.820087432861328
3.7406632900238037,3.673438549041748,3.820087432861328
3.741403341293335,3.673283100128174,3.820512533187866
3.744523048400879,3.6741104125976562,3.8182780742645264
3.7451581954956055,3.6746177673339844,3.819594383239746
3.7481231689453125,3.6772215366363525,3.817495346069336
3.7481231689453125,3.6772215366363525,3.817495346069336
3.7472832202911377,3.676785707473755,3.8198037147521973
3.746819496154785,3.6774258613586426,3.8204431533813477
3.746678352355957,3.6775693893432617,3.8206944465637207
3.748713731765747,3.6765406131744385,3.820188522338867
3.748713731765747,3.6765406131744385,3.820188522338867
3.750300407409668,3.675511598587036,3.8202414512634277
3.753330945968628,3.6739792823791504,3.8200366497039795
3.7543065547943115,3.6742136478424072,3.820114850997925
3.7551372051239014,3.674420118331909,3.8193483352661133
3.7551372051239014,3.674420118331909,3.8193483352661133
3.7551679611206055,3.67362904548645,3.8185317516326904
3.7546632289886475,3.673125982284546,3.8178751468658447
3.7542829513549805,3.6745316982269287,3.817504644393921
3.7556982040405273,3.6752188205718994,3.817079782485962
3.7556982040405273,3.6752188205718994,3.817079782485962
3.757995367050171,3.6716487407684326,3.8165977001190186
3.7587502002716064,3.669745683670044,3.8167901039123535
3.759136199951172,3.6696741580963135,3.815516233444214
3.7600927352905273,3.6691043376922607,3.8141562938690186
3.7600927352905273,3.6691043376922607,3.8141562938690186
3.7602109909057617,3.66847562789917,3.8136918544769287
3.7606122493743896,3.6685612201690674,3.813472270965576
3.7627432346343994,3.6701388359069824,3.8125624656677246
3.7647552490234375,3.6703860759735107,3.8126120567321777
3.7647552490234375,3.6703860759735107,3.8126120567321777
3.765740394592285,3.669147253036499,3.812995433807373
3.7673802375793457,3.6674835681915283,3.8137729167938232
3.767620801925659,3.6652252674102783,3.81400990486145
3.768021583557129,3.665102005004883,3.811203956604004
3.768021583557129,3.665102005004883,3.811203956604004
3.769089937210083,3.6641907691955566,3.8100457191467285
3.76842999458313,3.664491653442383,3.8095200061798096
3.7689731121063232,3.6659457683563232,3.8085384368896484
3.769331932067871,3.6659398078918457,3.8098132610321045
3.769331932067871,3.6659398078918457,3.8098132610321045
3.769535541534424,3.6649868488311768,3.810232400894165
3.7695393562316895,3.667388677597046,3.8101282119750977
3.7689225673675537,3.6733579635620117,3.809210777282715
3.7672743797302246,3.6733007431030273,3.8087615966796875
3.7672743797302246,3.6733007431030273,3.8087615966796875
3.7667031288146973,3.674175977706909,3.809199094772339
3.7698464393615723,3.6725080013275146,3.808684825897217
3.7728850841522217,3.671692371368408,3.8078017234802246
3.7750353813171387,3.6697165966033936,3.808002471923828
3.7750353813171387,3.6697165966033936,3.808002471923828
3.7760958671569824,3.6680777072906494,3.8076446056365967
3.7771573066711426,3.6667299270629883,3.8067474365234375
3.778257369995117,3.665527582168579,3.806835412979126
3.778642177581787,3.666485071182251,3.80682373046875
3.778642177581787,3.666485071182251,3.80682373046875
3.7789902687072754,3.665820837020874,3.8063273429870605
3.779705286026001,3.6660754680633545,3.80525541305542
3.780891180038452,3.665684461593628,3.8032798767089844
3.782378673553467,3.6668009757995605,3.8009190559387207
3.782378673553467,3.6668009757995605,3.8009190559387207
3.7820310592651367,3.6672966480255127,3.7999846935272217
3.782193183898926,3.6700518131256104,3.797173023223877
3.781811475753784,3.6723217964172363,3.7959558963775635
3.7821435928344727,3.6729722023010254,3.795175313949585
3.7821435928344727,3.6729722023010254,3.795175313949585
3.7834882736206055,3.6708145141601562,3.7958571910858154
3.78676700592041,3.668975353240967,3.79561710357666
3.787982702255249,3.6663639545440674,3.796907424926758
3.791583299636841,3.6630654335021973,3.796675205230713
3.791583299636841,3.6630654335021973,3.796675205230713
3.7944977283477783,3.660233497619629,3.7982892990112305
3.7975358963012695,3.65824294090271,3.7982678413391113
3.8011586666107178,3.6540849208831787,3.799199342727661
3.8031299114227295,3.6536810398101807,3.799511194229126
3.8031299114227295,3.6536810398101807,3.799511194229126
3.8056650161743164,3.656073570251465,3.7989087104797363
3.8066813945770264,3.657338857650757,3.7982749938964844
3.8076486587524414,3.6548702716827393,3.797243595123291
3.807849407196045,3.6537749767303467,3.7976367473602295
3.807849407196045,3.6537749767303467,3.7976367473602295
3.808189868927002,3.6541073322296143,3.797368049621582
3.809835910797119,3.6552577018737793,3.7963383197784424
3.810006856918335,3.656940460205078,3.796977996826172
3.810588836669922,3.658027172088623,3.797179698944092
3.810588836669922,3.658027172088623,3.797179698944092
3.8108487129211426,3.6591482162475586,3.79722261428833
3.8111910820007324,3.660132884979248,3.7976205348968506
3.812741994857788,3.659848928451538,3.798208475112915
3.814912796020508,3.659027338027954,3.7990059852600098
3.814912796020508,3.659027338027954,3.7990059852600098
3.818507671356201,3.657109498977661,3.799733877182007
3.8193507194519043,3.6569247245788574,3.8012053966522217
3.821157455444336,3.655010461807251,3.803171157836914
3.8213601112365723,3.6552045345306396,3.8038089275360107
3.8213601112365723,3.6552045345306396,3.8038089275360107
3.8244948387145996,3.6524388790130615,3.8040127754211426
3.8255767822265625,3.6495394706726074,3.804187297821045
3.82775616645813,3.648505210876465,3.804394006729126
3.828970193862915,3.6486663818359375,3.8047358989715576
3.828970193862915,3.6486663818359375,3.8047358989715576
3.831951141357422,3.6458241939544678,3.804033041000366
3.8325719833374023,3.6434433460235596,3.8066747188568115
3.833151340484619,3.6420702934265137,3.8082563877105713
3.834304094314575,3.6412513256073,3.808281898498535
3.834304094314575,3.6412513256073,3.808281898498535
3.8343398571014404,3.6405446529388428,3.8092570304870605
3.8338422775268555,3.6410343647003174,3.810239553451538
3.834885835647583,3.6392452716827393,3.8108232021331787
3.836620569229126,3.6379895210266113,3.8121161460876465
3.836620569229126,3.6379895210266113,3.8121161460876465
3.8375015258789062,3.6363794803619385,3.81278920173645
3.837486982345581,3.63533878326416,3.81416392326355
3.8378305435180664,3.637525796890259,3.8139498233795166
3.8396475315093994,3.6380910873413086,3.812194347381592
3.8396475315093994,3.6380910873413086,3.812194347381592
3.840959310531616,3.636359691619873,3.8112754821777344
3.8419196605682373,3.6366491317749023,3.8104071617126465
3.842474937438965,3.635011672973633,3.808710813522339
3.843390941619873,3.632739305496216,3.809286594390869
3.843390941619873,3.632739305496216,3.809286594390869
3.843334674835205,3.6304209232330322,3.809189796447754
3.847292184829712,3.6280059814453125,3.8084447383880615
3.847773313522339,3.6281211376190186,3.8088791370391846
3.8486807346343994,3.6263468265533447,3.8090405464172363
3.8486807346343994,3.6263468265533447,3.8090405464172363
3.8489208221435547,3.6252002716064453,3.808204174041748
3.849780321121216,3.623972177505493,3.8074891567230225
3.8501386642456055,3.623337507247925,3.8069353103637695
3.8503963947296143,3.62256121635437,3.806368112564087
3.8503963947296143,3.62256121635437,3.806368112564087
3.848594903945923,3.622549295425415,3.80566143989563
3.847493886947632,3.6213462352752686,3.805619478225708
3.847658634185791,3.6220052242279053,3.803668260574341
3.8482980728149414,3.6208090782165527,3.80246639251709
3.8482980728149414,3.6208090782165527,3.80246639251709
3.8487141132354736,3.6207997798919678,3.801819086074829
3.849168062210083,3.620460033416748,3.8008251190185547
3.848954677581787,3.619027853012085,3.800496816635132
3.849123954772949,3.6174609661102295,3.8008224964141846
3.849123954772949,3.6174609661102295,3.8008224964141846
3.8515093326568604,3.617152690887451,3.7998955249786377
3.8539435863494873,3.6168360710144043,3.7988288402557373
3.854849338531494,3.615995407104492,3.7983062267303467
3.854685068130493,3.615175724029541,3.797999620437622
3.854685068130493,3.615175724029541,3.797999620437622
3.8543190956115723,3.6152145862579346,3.7978897094726562
3.85483455657959,3.6137144565582275,3.797549247741699
3.8574695587158203,3.6116437911987305,3.796372652053833
3.8589906692504883,3.610570192337036,3.7973930835723877
3.8589906692504883,3.610570192337036,3.7973930835723877
3.860917806625366,3.608678102493286,3.79659366607666
3.8623876571655273,3.610002040863037,3.797294855117798
3.864989995956421,3.6139609813690186,3.794182062149048
3.865936756134033,3.6122140884399414,3.7934987545013428
3.865936756134033,3.6122140884399414,3.7934987545013428
3.868333101272583,3.614361524581909,3.7916479110717773
3.8687098026275635,3.614924907684326,3.791250705718994
3.8691391944885254,3.612696886062622,3.791088819503784
3.8682656288146973,3.611346960067749,3.792318820953369
3.8682656288146973,3.611346960067749,3.792318820953369
3.867845296859741,3.6098713874816895,3.793527841567993
3.8681247234344482,3.60957407951355,3.793877363204956
3.868215322494507,3.6119680404663086,3.7941465377807617
3.868854284286499,3.6140077114105225,3.794043779373169
3.868854284286499,3.6140077114105225,3.794043779373169
3.8684780597686768,3.6160478591918945,3.7944552898406982
3.868598222732544,3.6168899536132812,3.79468035697937
3.8698604106903076,3.616485834121704,3.7948222160339355
3.8710858821868896,3.616232395172119,3.794970750808716
3.8710858821868896,3.616232395172119,3.794970750808716
3.8729989528656006,3.617098331451416,3.79421067237854
3.8752849102020264,3.617546796798706,3.792757511138916
3.876476526260376,3.6191811561584473,3.793375253677368
3.8782105445861816,3.621762990951538,3.792867422103882
3.8782105445861816,3.621762990951538,3.792867422103882
3.8808023929595947,3.6214547157287598,3.7929060459136963
3.8856699466705322,3.6198854446411133,3.7928194999694824
3.887373924255371,3.6186537742614746,3.79426908493042
3.890073776245117,3.6172235012054443,3.79469895362854
3.890073776245117,3.6172235012054443,3.79469895362854
3.8884754180908203,3.6150944232940674,3.7969534397125244
3.8854031562805176,3.6118364334106445,3.7999517917633057
3.8860061168670654,3.6126506328582764,3.799473285675049
3.8857600688934326,3.613898515701294,3.8000454902648926
3.8857600688934326,3.613898515701294,3.8000454902648926
3.8863890171051025,3.6151838302612305,3.801074266433716
3.8884384632110596,3.616445541381836,3.8013241291046143
3.8925397396087646,3.618454694747925,3.8034424781799316
3.896279811859131,3.6157548427581787,3.8029844760894775
3.896279811859131,3.6157548427581787,3.8029844760894775
3.8989739418029785,3.613959550857544,3.80344820022583
3.90126895904541,3.6125097274780273,3.8036115169525146
3.903334856033325,3.6100831031799316,3.802838087081909
3.9060745239257812,3.6083133220672607,3.802016496658325
3.9060745239257812,3.6083133220672607,3.802016496658325
3.9081716537475586,3.610043525695801,3.7998549938201904
3.9095940589904785,3.6100189685821533,3.7975826263427734
3.9098453521728516,3.607604503631592,3.795701503753662
3.908975124359131,3.6080398559570312,3.794694662094116
3.908975124359131,3.6080398559570312,3.794694662094116
3.9095163345336914,3.6085150241851807,3.7917988300323486
3.9086523056030273,3.6098392009735107,3.790469169616699
3.906939744949341,3.610208749771118,3.790616035461426
3.9066007137298584,3.6110002994537354,3.789520740509033
3.9066007137298584,3.6110002994537354,3.789520740509033
3.908543825149536,3.6128807067871094,3.7871129512786865
3.9081921577453613,3.6128952503204346,3.787294626235962
3.908564329147339,3.612874984741211,3.786057233810425
3.9080591201782227,3.6129367351531982,3.7859230041503906
3.9080591201782227,3.6129367351531982,3.7859230041503906
3.9080820083618164,3.613034963607788,3.7847509384155273
3.9084198474884033,3.6138784885406494,3.783365249633789
3.90867280960083,3.613769054412842,3.7818801403045654
3.907221555709839,3.6127398014068604,3.780888557434082
3.907221555709839,3.6127398014068604,3.780888557434082
3.9064478874206543,3.6116926670074463,3.779994487762451
3.9064626693725586,3.6134588718414307,3.7805426120758057
3.9068071842193604,3.614436388015747,3.778784990310669
3.9060440063476562,3.613915205001831,3.7782998085021973
3.9060440063476562,3.613915205001831,3.7782998085021973
3.906546115875244,3.6148087978363037,3.7771573066711426
3.904796600341797,3.6150639057159424,3.7774465084075928
3.9050064086914062,3.6145124435424805,3.7768585681915283
3.9055776596069336,3.6136341094970703,3.7779359817504883
3.9055776596069336,3.6136341094970703,3.7779359817504883
3.905841827392578,3.6122565269470215,3.7787461280822754
3.9085395336151123,3.6132845878601074,3.7780685424804688
3.9097743034362793,3.614473581314087,3.7766096591949463
3.9098520278930664,3.614889144897461,3.775265693664551
3.9098520278930664,3.614889144897461,3.775265693664551
3.9100592136383057,3.614147663116455,3.775099754333496
3.9113423824310303,3.613689661026001,3.7744338512420654
3.912928581237793,3.612147808074951,3.7735910415649414
3.914182662963867,3.6109557151794434,3.7738535404205322
3.914182662963867,3.6109557151794434,3.7738535404205322
3.915672540664673,3.609236240386963,3.773808479309082
3.9170897006988525,3.6103549003601074,3.772947072982788
3.9181692600250244,3.611311912536621,3.7731056213378906
3.9209070205688477,3.612039804458618,3.7710185050964355
3.9209070205688477,3.612039804458618,3.7710185050964355
3.9206418991088867,3.613041400909424,3.7717339992523193
3.920570135116577,3.6127092838287354,3.7701950073242188
3.9193801879882812,3.6133642196655273,3.7687668800354004
3.9183781147003174,3.6146397590637207,3.76873779296875
3.9183781147003174,3.6146397590637207,3.76873779296875
3.918470859527588,3.61442232131958,3.768617868423462
3.9196596145629883,3.6135458946228027,3.768699884414673
3.921236038208008,3.611081123352051,3.7697653770446777
3.9233460426330566,3.609225273132324,3.7705111503601074
3.9233460426330566,3.609225273132324,3.7705111503601074
3.925508975982666,3.608391761779785,3.7703299522399902
3.9285194873809814,3.6077139377593994,3.769580125808716
3.9300601482391357,3.6081583499908447,3.769669771194458
3.931347370147705,3.608241319656372,3.7686338424682617
3.931347370147705,3.608241319656372,3.7686338424682617
3.9312849044799805,3.60862398147583,3.768737316131592
3.9302470684051514,3.6097939014434814,3.7680375576019287
3.929751396179199,3.6102523803710938,3.7661144733428955
3.930004358291626,3.610412359237671,3.765428304672241
3.930004358291626,3.610412359237671,3.765428304672241
3.9311001300811768,3.6117212772369385,3.7648351192474365
3.9322657585144043,3.6124110221862793,3.763517141342163
3.932591199874878,3.6125521659851074,3.763166904449463
3.9325132369995117,3.6128761768341064,3.763695240020752
3.9325132369995117,3.6128761768341064,3.763695240020752
3.9341721534729004,3.6130456924438477,3.76300048828125
3.935255765914917,3.614675998687744,3.764259099960327
3.9372105598449707,3.614996910095215,3.7642054557800293
3.939467668533325,3.6158204078674316,3.763705253601074
3.939467668533325,3.6158204078674316,3.763705253601074
3.9432060718536377,3.6170146465301514,3.761930227279663
3.94513201713562,3.6175262928009033,3.760161876678467
3.949413537979126,3.6195664405822754,3.758418560028076
3.9498071670532227,3.620821237564087,3.7575464248657227
3.9498071670532227,3.620821237564087,3.7575464248657227
3.9504337310791016,3.6235783100128174,3.7575762271881104
3.949744701385498,3.6239075660705566,3.7563815116882324
3.9489493370056152,3.622184991836548,3.756185531616211
3.948552131652832,3.62219500541687,3.754896640777588
3.948552131652832,3.62219500541687,3.754896640777588
3.9496867656707764,3.62223219871521,3.7537424564361572
3.950047731399536,3.6237990856170654,3.7534282207489014
3.9503798484802246,3.625126361846924,3.7538158893585205
3.9503538608551025,3.626646041870117,3.754617929458618
3.9503538608551025,3.626646041870117,3.754617929458618
3.9502856731414795,3.6265246868133545,3.7561635971069336
3.9508466720581055,3.6256887912750244,3.7575623989105225
3.9521169662475586,3.6257212162017822,3.758744239807129
3.9542994499206543,3.625392436981201,3.7595272064208984
3.9542994499206543,3.625392436981201,3.7595272064208984
3.956848382949829,3.622861623764038,3.7610766887664795
3.9593708515167236,3.6190378665924072,3.763470411300659
3.9601221084594727,3.617543935775757,3.7654712200164795
3.9617738723754883,3.61657452583313,3.767058849334717
3.9617738723754883,3.61657452583313,3.767058849334717
3.965024948120117,3.612744092941284,3.767573833465576
3.9678688049316406,3.610543966293335,3.767477512359619
3.970707893371582,3.6085922718048096,3.7668838500976562
3.97218918800354,3.6083812713623047,3.7652649879455566
3.97218918800354,3.6083812713623047,3.7652649879455566
3.9715046882629395,3.606154680252075,3.764725923538208
3.9710962772369385,3.605332851409912,3.764190196990967
3.9703335762023926,3.604987144470215,3.764580488204956
3.9720633029937744,3.604985475540161,3.762993812561035
3.9720633029937744,3.604985475540161,3.762993812561035
3.9726784229278564,3.6039984226226807,3.7632360458374023
3.9747445583343506,3.6037442684173584,3.7618305683135986
3.9735875129699707,3.603224277496338,3.7632343769073486
3.9740536212921143,3.6023218631744385,3.7627031803131104
3.9740536212921143,3.6023218631744385,3.7627031803131104
3.972604751586914,3.6013600826263428,3.7643117904663086
3.9735970497131348,3.6004128456115723,3.7642104625701904
3.975630521774292,3.5996382236480713,3.762190818786621
3.977689743041992,3.5980224609375,3.7605955600738525
3.977689743041992,3.5980224609375,3.7605955600738525
3.9788341522216797,3.5987658500671387,3.759652614593506
3.9792466163635254,3.598578691482544,3.7587335109710693
3.9776809215545654,3.59684681892395,3.758939743041992
3.974886417388916,3.598046064376831,3.759218215942383
3.974886417388916,3.598046064376831,3.759218215942383
3.9728026390075684,3.6023638248443604,3.7571349143981934
3.9710440635681152,3.604999303817749,3.7559823989868164
3.969407796859741,3.6079177856445312,3.755091667175293
3.9683215618133545,3.609391212463379,3.7550461292266846
3.9683215618133545,3.609391212463379,3.7550461292266846
3.9689419269561768,3.6065001487731934,3.7545952796936035
3.970106363296509,3.6047024726867676,3.7540743350982666
3.9717156887054443,3.602837562561035,3.7535576820373535
3.9721548557281494,3.60302996635437,3.7526652812957764
3.9721548557281494,3.60302996635437,3.7526652812957764
3.970916748046875,3.6043920516967773,3.752478837966919
3.970245122909546,3.6033473014831543,3.7511818408966064
3.9702210426330566,3.602233648300171,3.750837802886963
3.9707913398742676,3.6023199558258057,3.7496166229248047
3.9707913398742676,3.6023199558258057,3.7496166229248047
3.97115421295166,3.6019985675811768,3.7484230995178223
3.970630645751953,3.6013453006744385,3.7490475177764893
3.970221996307373,3.601358652114868,3.7490127086639404
3.971693754196167,3.6005852222442627,3.7489824295043945
3.971693754196167,3.6005852222442627,3.7489824295043945
3.9716193675994873,3.60107684135437,3.7489051818847656
3.971513509750366,3.6004045009613037,3.7499196529388428
3.9721035957336426,3.5986063480377197,3.749821901321411
3.9731252193450928,3.5972354412078857,3.7507739067077637
3.9731252193450928,3.5972354412078857,3.7507739067077637
3.9737942218780518,3.5966930389404297,3.7503445148468018
3.9731898307800293,3.596844434738159,3.7508373260498047
3.9727842807769775,3.5979340076446533,3.751634359359741
3.9748597145080566,3.599503993988037,3.7509264945983887
3.976935863494873,3.599500894546509,3.750342845916748
3.979093074798584,3.599797487258911,3.750136613845825
3.981106758117676,3.5993447303771973,3.7498106956481934
3.981106758117676,3.5993447303771973,3.7498106956481934
3.9814021587371826,3.596921920776367,3.7513620853424072
3.9834017753601074,3.5933687686920166,3.7521743774414062
3.98590350151062,3.591580629348755,3.7526707649230957
3.9850857257843018,3.5911755561828613,3.7545132637023926
3.9825572967529297,3.592573881149292,3.7559618949890137
3.9825572967529297,3.592573881149292,3.7559618949890137
3.9827799797058105,3.5927858352661133,3.757235288619995
3.982457399368286,3.5906288623809814,3.7586770057678223
3.985008955001831,3.5894715785980225,3.760301113128662
3.985008955001831,3.5894715785980225,3.760301113128662
3.9897592067718506,3.586696147918701,3.760396957397461
3.991286039352417,3.5857906341552734,3.7616195678710938
3.9959914684295654,3.586318016052246,3.761159658432007
3.996847629547119,3.5817058086395264,3.761805534362793
3.9976062774658203,3.5813095569610596,3.7626473903656006
3.9976062774658203,3.5813095569610596,3.7626473903656006
3.9982614517211914,3.580995559692383,3.761967182159424
3.9998059272766113,3.5819091796875,3.760990619659424
4.001713275909424,3.583141565322876,3.76060152053833
4.005046367645264,3.583559989929199,3.7605371475219727
4.005046367645264,3.583559989929199,3.7605371475219727
4.006279945373535,3.5837595462799072,3.76192307472229
4.007062911987305,3.5853302478790283,3.7627317905426025
4.007222652435303,3.585893154144287,3.762497901916504
4.006704330444336,3.5859482288360596,3.7627599239349365
4.006704330444336,3.5859482288360596,3.7627599239349365
4.005648612976074,3.585191011428833,3.7632100582122803
4.005080223083496,3.5847432613372803,3.7634270191192627
4.004870414733887,3.5854930877685547,3.763810873031616
4.005355358123779,3.5861594676971436,3.762887954711914
4.005355358123779,3.5861594676971436,3.762887954711914
4.0075764656066895,3.5852880477905273,3.7607808113098145
4.007687568664551,3.586338996887207,3.7593557834625244
4.007228851318359,3.5882863998413086,3.7572834491729736
4.006321430206299,3.588998794555664,3.7561824321746826
4.006321430206299,3.588998794555664,3.7561824321746826
4.00523567199707,3.590517520904541,3.7557690143585205
4.0057291984558105,3.5910511016845703,3.7540605068206787
4.007960796356201,3.5918946266174316,3.752164125442505
4.007444858551025,3.591852903366089,3.752950668334961
4.007444858551025,3.591852903366089,3.752950668334961
4.008475303649902,3.592200756072998,3.7519025802612305
4.008500099182129,3.591865301132202,3.7518632411956787
4.009315013885498,3.5923573970794678,3.750471830368042
4.008870601654053,3.5918424129486084,3.749433994293213
4.008870601654053,3.5918424129486084,3.749433994293213
4.009328365325928,3.5935416221618652,3.7484583854675293
4.009305000305176,3.59328031539917,3.7489850521087646
4.011281490325928,3.5909743309020996,3.747785806655884
4.012348175048828,3.5886032581329346,3.7490737438201904
4.012348175048828,3.5886032581329346,3.7490737438201904
4.014049053192139,3.5863611698150635,3.7476165294647217
4.014546871185303,3.5849499702453613,3.7467477321624756
4.013211250305176,3.5860140323638916,3.7473416328430176
4.012406349182129,3.5865702629089355,3.7475781440734863
4.012406349182129,3.5865702629089355,3.7475781440734863
4.01261568069458,3.586580514907837,3.7473442554473877
4.01338005065918,3.586822986602783,3.7473196983337402
4.013467311859131,3.5871798992156982,3.7477598190307617
4.0139970779418945,3.5858099460601807,3.747877359390259
4.0139970779418945,3.5858099460601807,3.747877359390259
4.014724254608154,3.584796667098999,3.7476892471313477
4.0164008140563965,3.584512710571289,3.746856451034546
4.016542911529541,3.584256410598755,3.7462682723999023
4.01658821105957,3.5852885246276855,3.7462847232818604
4.01658821105957,3.5852885246276855,3.7462847232818604
4.0170087814331055,3.5851197242736816,3.7442879676818848
4.019331932067871,3.5860629081726074,3.7412993907928467
4.02058744430542,3.588618278503418,3.738618850708008
4.022151470184326,3.590928316116333,3.7361605167388916
4.022151470184326,3.590928316116333,3.7361605167388916
4.020847320556641,3.591221332550049,3.7347781658172607
4.019763469696045,3.591233015060425,3.7350165843963623
4.018963813781738,3.5907576084136963,3.7344260215759277
4.019594669342041,3.591456890106201,3.7334647178649902
4.019594669342041,3.591456890106201,3.7334647178649902
4.020695209503174,3.5933845043182373,3.732456684112549
4.021859169006348,3.5927557945251465,3.7317097187042236
4.021247863769531,3.5916588306427,3.732468366622925
4.0215983390808105,3.591857433319092,3.732057809829712
4.0215983390808105,3.591857433319092,3.732057809829712
4.022162437438965,3.591465711593628,3.731797695159912
4.022552013397217,3.5928757190704346,3.7310595512390137
4.022585868835449,3.5939042568206787,3.730499267578125
4.023024559020996,3.5941648483276367,3.7291882038116455
4.023024559020996,3.5941648483276367,3.7291882038116455
4.023395538330078,3.5936172008514404,3.728652000427246
4.024481773376465,3.5938730239868164,3.727440357208252
4.026341438293457,3.5953235626220703,3.725276470184326
4.028077602386475,3.596024990081787,3.724663734436035
4.028077602386475,3.596024990081787,3.724663734436035
4.030975341796875,3.595268726348877,3.7245726585388184
4.034782886505127,3.5947375297546387,3.7253313064575195
4.0374531745910645,3.5928518772125244,3.7261946201324463
4.037803649902344,3.5917911529541016,3.728147268295288
4.037803649902344,3.5917911529541016,3.728147268295288
4.038330554962158,3.5905325412750244,3.7295422554016113
4.039493560791016,3.590855121612549,3.7311670780181885
4.040843486785889,3.5917954444885254,3.7312183380126953
4.039165496826172,3.589306116104126,3.734039306640625
4.039165496826172,3.589306116104126,3.734039306640625
4.0378947257995605,3.5852370262145996,3.73685884475708
4.039273738861084,3.585515260696411,3.7362265586853027
4.043034076690674,3.5859668254852295,3.7350428104400635
4.046528339385986,3.581404685974121,3.73510479927063
4.046528339385986,3.581404685974121,3.73510479927063
4.04912805557251,3.5802056789398193,3.73492693901062
4.0496978759765625,3.580357551574707,3.7351934909820557
4.049583435058594,3.5815532207489014,3.73435115814209
4.04727840423584,3.5799920558929443,3.7345001697540283
4.04727840423584,3.5799920558929443,3.7345001697540283
4.0459065437316895,3.5806455612182617,3.7351927757263184
4.048672676086426,3.580334186553955,3.7330305576324463
4.050164699554443,3.578662872314453,3.732734441757202
4.048957347869873,3.5762133598327637,3.7353415489196777
4.048957347869873,3.5762133598327637,3.7353415489196777
4.048340797424316,3.573946952819824,3.736464500427246
4.049056053161621,3.5749380588531494,3.735149383544922
4.048211097717285,3.5760393142700195,3.7357630729675293
4.048342704772949,3.574002742767334,3.7357025146484375
4.048342704772949,3.574002742767334,3.7357025146484375
4.048671722412109,3.572134494781494,3.7365574836730957
4.049442768096924,3.5732007026672363,3.7364182472229004
4.050307750701904,3.5717132091522217,3.7360029220581055
4.051560401916504,3.5700762271881104,3.7352280616760254
4.051560401916504,3.5700762271881104,3.7352280616760254
4.052480697631836,3.5690908432006836,3.734910011291504
4.05509614944458,3.568518877029419,3.733260154724121
4.053116798400879,3.565525770187378,3.7357397079467773
4.052682399749756,3.5631728172302246,3.736459493637085
4.052682399749756,3.5631728172302246,3.736459493637085
4.051455497741699,3.5613272190093994,3.7369441986083984
4.051531791687012,3.562084436416626,3.7356836795806885
4.051371097564697,3.5625181198120117,3.7368087768554688
4.051382064819336,3.5626206398010254,3.7367703914642334
4.051382064819336,3.5626206398010254,3.7367703914642334
4.051986217498779,3.5641379356384277,3.7379655838012695
4.053041458129883,3.564344644546509,3.73786997795105
4.05423641204834,3.5647850036621094,3.737593173980713
4.053511619567871,3.5643527507781982,3.7381398677825928
4.053511619567871,3.5643527507781982,3.7381398677825928
4.054152011871338,3.564176321029663,3.7359378337860107
4.054025650024414,3.564446210861206,3.736199378967285
4.055590629577637,3.5661089420318604,3.7344768047332764
4.057023525238037,3.5657479763031006,3.7330574989318848
4.057023525238037,3.5657479763031006,3.7330574989318848
4.057706356048584,3.565462589263916,3.73291277885437
4.058543682098389,3.565511465072632,3.7319815158843994
4.058543682098389,3.565511465072632,3.7319815158843994
4.05988883972168,3.565011501312256,3.7308740615844727
4.060178756713867,3.5646443367004395,3.7301032543182373
4.06125545501709,3.5635955333709717,3.730257034301758
4.06125545501709,3.5635955333709717,3.730257034301758
4.062812328338623,3.5640361309051514,3.7283029556274414
4.064199924468994,3.5639872550964355,3.727241277694702
4.064199924468994,3.5639872550964355,3.727241277694702
4.064956188201904,3.56400465965271,3.7258400917053223
4.06612491607666,3.564699649810791,3.724879741668701
4.067135334014893,3.5641705989837646,3.7246885299682617
4.068970680236816,3.56394624710083,3.723935604095459
4.068970680236816,3.56394624710083,3.723935604095459
4.070330619812012,3.5634541511535645,3.7230353355407715
4.070985794067383,3.5647919178009033,3.7216033935546875
4.071864604949951,3.5672826766967773,3.7197256088256836
4.070977210998535,3.5669589042663574,3.720351219177246
4.070977210998535,3.5669589042663574,3.720351219177246
4.071939945220947,3.566415548324585,3.7194297313690186
4.069952487945557,3.5655558109283447,3.721818447113037
4.069952487945557,3.5655558109283447,3.721818447113037
4.070131778717041,3.5646114349365234,3.7221221923828125
4.0734686851501465,3.5637876987457275,3.721289873123169
4.0734686851501465,3.5637876987457275,3.721289873123169
4.076218605041504,3.5617525577545166,3.723515033721924
4.076218605041504,3.5617525577545166,3.723515033721924
4.077365875244141,3.559685230255127,3.7244367599487305
4.077053070068359,3.558290481567383,3.7256741523742676
4.077053070068359,3.558290481567383,3.7256741523742676
4.079347610473633,3.5565595626831055,3.726259231567383
4.079347610473633,3.5565595626831055,3.726259231567383
4.081967353820801,3.5556466579437256,3.7277462482452393
4.083240509033203,3.5542643070220947,3.7290256023406982
4.083240509033203,3.5542643070220947,3.7290256023406982
4.084254264831543,3.552473783493042,3.7305986881256104
4.084254264831543,3.552473783493042,3.7305986881256104
4.085840225219727,3.5528974533081055,3.732267141342163
4.088804721832275,3.5524697303771973,3.7317183017730713
4.088804721832275,3.5524697303771973,3.7317183017730713
4.090652942657471,3.5499002933502197,3.734004020690918
4.090652942657471,3.5499002933502197,3.734004020690918
4.091518402099609,3.5491223335266113,3.735344648361206
4.092565059661865,3.5499870777130127,3.7356600761413574
4.092565059661865,3.5499870777130127,3.7356600761413574
4.093368053436279,3.549360752105713,3.7361934185028076
4.093368053436279,3.549360752105713,3.7361934185028076
4.093486785888672,3.5487592220306396,3.737916946411133
4.096436977386475,3.5470149517059326,3.7380282878875732
4.096436977386475,3.5470149517059326,3.7380282878875732
4.100127696990967,3.544135570526123,3.737856388092041
4.100127696990967,3.544135570526123,3.737856388092041
4.102189540863037,3.5432417392730713,3.736628293991089
4.1034440994262695,3.544184684753418,3.736121416091919
4.1034440994262695,3.544184684753418,3.736121416091919
4.105907440185547,3.5438122749328613,3.7347629070281982
4.105907440185547,3.5438122749328613,3.7347629070281982
4.105695724487305,3.5467233657836914,3.7340502738952637
4.107933521270752,3.547330856323242,3.730926752090454
4.107933521270752,3.547330856323242,3.730926752090454
4.109085559844971,3.546255111694336,3.7300760746002197
4.109085559844971,3.546255111694336,3.7300760746002197
4.108113765716553,3.545454978942871,3.7311699390411377
4.1104960441589355,3.54341983795166,3.7305216789245605
4.1104960441589355,3.54341983795166,3.7305216789245605
4.113784313201904,3.5417473316192627,3.731785535812378
4.115320205688477,3.5398824214935303,3.732818126678467
4.115320205688477,3.5398824214935303,3.732818126678467
4.115005970001221,3.5387520790100098,3.735076427459717
4.115799903869629,3.5381908416748047,3.7349674701690674
4.115799903869629,3.5381908416748047,3.7349674701690674
4.117184638977051,3.5368239879608154,3.736182928085327
4.117809772491455,3.5376923084259033,3.7362425327301025
4.117809772491455,3.5376923084259033,3.7362425327301025
4.118814468383789,3.537341594696045,3.7350270748138428
4.118814468383789,3.537341594696045,3.7350270748138428
4.119848728179932,3.5371596813201904,3.7338383197784424
4.1208930015563965,3.5375237464904785,3.732328176498413
4.1208930015563965,3.5375237464904785,3.732328176498413
4.123294830322266,3.5386786460876465,3.7301993370056152
4.123294830322266,3.5386786460876465,3.7301993370056152
4.124388217926025,3.539963722229004,3.7282631397247314
4.1243414878845215,3.5404350757598877,3.7268495559692383
4.1243414878845215,3.5404350757598877,3.7268495559692383
4.1245808601379395,3.538651943206787,3.7260539531707764
4.1245808601379395,3.538651943206787,3.7260539531707764
4.125177383422852,3.5420496463775635,3.7246205806732178
4.122805595397949,3.544481039047241,3.724830150604248
4.122805595397949,3.544481039047241,3.724830150604248
4.122624397277832,3.5475704669952393,3.7246248722076416
4.122624397277832,3.5475704669952393,3.7246248722076416
4.12432336807251,3.5493838787078857,3.7234933376312256
4.1260809898376465,3.549622058868408,3.723686933517456
4.1260809898376465,3.549622058868408,3.723686933517456
4.128994464874268,3.5478100776672363,3.721665620803833
4.128994464874268,3.5478100776672363,3.721665620803833
4.130669116973877,3.5475027561187744,3.719792127609253
4.129695415496826,3.550407648086548,3.7189953327178955
4.129695415496826,3.550407648086548,3.7189953327178955
4.128189563751221,3.550644874572754,3.718313694000244
4.128189563751221,3.550644874572754,3.718313694000244
4.127676963806152,3.5529189109802246,3.7173938751220703
4.126822471618652,3.5543363094329834,3.71702241897583
4.126822471618652,3.5543363094329834,3.71702241897583
4.12532377243042,3.5560574531555176,3.7191030979156494
4.12532377243042,3.5560574531555176,3.7191030979156494
4.124508857727051,3.5592260360717773,3.720691442489624
4.1248884201049805,3.5611371994018555,3.721177816390991
4.1248884201049805,3.5611371994018555,3.721177816390991
4.125661373138428,3.563408613204956,3.7212963104248047
4.125661373138428,3.563408613204956,3.7212963104248047
4.12627649307251,3.563007354736328,3.721562623977661
4.128153324127197,3.5628249645233154,3.721994638442993
4.128153324127197,3.5628249645233154,3.721994638442993
4.131065845489502,3.5627665519714355,3.722043752670288
4.131065845489502,3.5627665519714355,3.722043752670288
4.1320719718933105,3.561357021331787,3.722414016723633
4.130646705627441,3.5634894371032715,3.7243597507476807
4.130646705627441,3.5634894371032715,3.7243597507476807
4.131807804107666,3.5632565021514893,3.7225534915924072
4.131807804107666,3.5632565021514893,3.7225534915924072
4.132953643798828,3.5630757808685303,3.7229974269866943
4.134251117706299,3.5655622482299805,3.7226438522338867
4.134251117706299,3.5655622482299805,3.7226438522338867
4.132142543792725,3.5660042762756348,3.723257541656494
4.132142543792725,3.5660042762756348,3.723257541656494
4.12984561920166,3.5642073154449463,3.7253241539001465
4.130404949188232,3.564596176147461,3.725066900253296
4.130404949188232,3.564596176147461,3.725066900253296
4.131004333496094,3.564664602279663,3.7256250381469727
4.131004333496094,3.564664602279663,3.7256250381469727
4.1310200691223145,3.5629963874816895,3.727808952331543
4.131531238555908,3.5636916160583496,3.7287042140960693
4.131531238555908,3.5636916160583496,3.7287042140960693
4.132621765136719,3.561175584793091,3.728832244873047
4.132621765136719,3.561175584793091,3.728832244873047
4.133285045623779,3.5614283084869385,3.729987382888794
4.13490629196167,3.5577120780944824,3.7290751934051514
4.13490629196167,3.5577120780944824,3.7290751934051514
4.136587619781494,3.5570807456970215,3.7278151512145996
4.136587619781494,3.5570807456970215,3.7278151512145996
4.13660192489624,3.5583972930908203,3.727708339691162
4.135641098022461,3.5585098266601562,3.727062702178955
4.135641098022461,3.5585098266601562,3.727062702178955
4.1352972984313965,3.5595545768737793,3.726915121078491
4.1352972984313965,3.5595545768737793,3.726915121078491
4.13911247253418,3.5609750747680664,3.724569082260132
4.139647006988525,3.5599639415740967,3.725393533706665
4.139647006988525,3.5599639415740967,3.725393533706665
4.13961935043335,3.5597476959228516,3.725449562072754
4.13961935043335,3.5597476959228516,3.725449562072754
4.143154144287109,3.5574560165405273,3.724015712738037
4.145634174346924,3.557123899459839,3.7230892181396484
4.145634174346924,3.557123899459839,3.7230892181396484
4.147198677062988,3.5559775829315186,3.7224953174591064
4.147198677062988,3.5559775829315186,3.7224953174591064
4.146717071533203,3.5557494163513184,3.7223775386810303
4.148205757141113,3.55436372756958,3.7198939323425293
4.148205757141113,3.55436372756958,3.7198939323425293
4.150054931640625,3.5549821853637695,3.7182776927948
4.150054931640625,3.5549821853637695,3.7182776927948
4.150200843811035,3.5565884113311768,3.7164297103881836
4.1494269371032715,3.5581235885620117,3.7157912254333496
4.1494269371032715,3.5581235885620117,3.7157912254333496
4.150069236755371,3.5603268146514893,3.7142326831817627
4.152488708496094,3.5605216026306152,3.7124836444854736
4.152488708496094,3.5605216026306152,3.7124836444854736
4.154098987579346,3.560931444168091,3.7112932205200195
4.154098987579346,3.560931444168091,3.7112932205200195
4.157931327819824,3.562492847442627,3.708240032196045
4.163609504699707,3.565213203430176,3.703242063522339
4.163609504699707,3.565213203430176,3.703242063522339
4.166003227233887,3.567420482635498,3.6997528076171875
4.166003227233887,3.567420482635498,3.6997528076171875
4.166350364685059,3.5689198970794678,3.6977388858795166
4.166555404663086,3.5681989192962646,3.6960041522979736
4.166555404663086,3.5681989192962646,3.6960041522979736
4.168028831481934,3.566103935241699,3.6941957473754883
4.168028831481934,3.566103935241699,3.6941957473754883
4.170535564422607,3.5645458698272705,3.6922800540924072
4.17183256149292,3.5634965896606445,3.6916890144348145
4.17183256149292,3.5634965896606445,3.6916890144348145
4.171142101287842,3.562995433807373,3.692406177520752
4.171142101287842,3.562995433807373,3.692406177520752
4.169745922088623,3.56376314163208,3.6922953128814697
4.17017126083374,3.563880443572998,3.6918210983276367
4.17017126083374,3.563880443572998,3.6918210983276367
4.172535419464111,3.5626907348632812,3.6908490657806396
4.172535419464111,3.5626907348632812,3.6908490657806396
4.172549724578857,3.562880516052246,3.6927103996276855
4.172640800476074,3.5623819828033447,3.692725896835327
4.172640800476074,3.5623819828033447,3.692725896835327
4.172512531280518,3.5604939460754395,3.6934585571289062
4.176050186157227,3.560969352722168,3.6913158893585205
4.176050186157227,3.560969352722168,3.6913158893585205
4.1791839599609375,3.5631964206695557,3.6887290477752686
4.1791839599609375,3.5631964206695557,3.6887290477752686
4.179846286773682,3.5648558139801025,3.687129259109497
4.177441596984863,3.566375732421875,3.6875340938568115
4.177441596984863,3.566375732421875,3.6875340938568115
4.175246715545654,3.5655059814453125,3.689213514328003
4.175142288208008,3.5630221366882324,3.6905500888824463
4.175142288208008,3.5630221366882324,3.6905500888824463
4.175189971923828,3.560978651046753,3.6919548511505127
4.175189971923828,3.560978651046753,3.6919548511505127
4.174495220184326,3.5589303970336914,3.6944921016693115
4.174495220184326,3.5589303970336914,3.6944921016693115
4.174292087554932,3.5574071407318115,3.6963131427764893
4.174693584442139,3.555938243865967,3.698399782180786
4.174693584442139,3.555938243865967,3.698399782180786
4.1777729988098145,3.5537657737731934,3.6976840496063232
4.180459022521973,3.5534605979919434,3.6971476078033447
4.180459022521973,3.5534605979919434,3.6971476078033447
4.181344985961914,3.554187059402466,3.697700023651123
4.181344985961914,3.554187059402466,3.697700023651123
4.181209564208984,3.558457612991333,3.696622133255005
4.181209564208984,3.558457612991333,3.696622133255005
4.182939529418945,3.5574514865875244,3.696180820465088
4.185977935791016,3.5542571544647217,3.6964824199676514
4.185977935791016,3.5542571544647217,3.6964824199676514
4.18857479095459,3.554175853729248,3.697115659713745
4.18857479095459,3.554175853729248,3.697115659713745
4.1888298988342285,3.5512568950653076,3.6990628242492676
4.189630508422852,3.549499988555908,3.699986219406128
4.189630508422852,3.549499988555908,3.699986219406128
4.190643787384033,3.5487844944000244,3.7004997730255127
4.191262722015381,3.5473477840423584,3.700946569442749
4.191262722015381,3.5473477840423584,3.700946569442749
4.193070411682129,3.545642137527466,3.7004199028015137
4.19416618347168,3.5440449714660645,3.7001686096191406
4.19416618347168,3.5440449714660645,3.7001686096191406
4.193892955780029,3.5466079711914062,3.700005292892456
4.193892955780029,3.5466079711914062,3.700005292892456
4.19503927230835,3.546055555343628,3.69742488861084
4.192840576171875,3.5467498302459717,3.6964831352233887
4.192840576171875,3.5467498302459717,3.6964831352233887
4.192075729370117,3.547313690185547,3.6933956146240234
4.192075729370117,3.547313690185547,3.6933956146240234
4.1939287185668945,3.543975830078125,3.690589189529419
4.193913459777832,3.5442376136779785,3.6889474391937256
4.193913459777832,3.5442376136779785,3.6889474391937256
4.192288875579834,3.546478033065796,3.688520908355713
4.192288875579834,3.546478033065796,3.688520908355713
4.189404010772705,3.5462825298309326,3.688458204269409
4.1875715255737305,3.5484378337860107,3.6880462169647217
4.1875715255737305,3.5484378337860107,3.6880462169647217
4.188066005706787,3.5502941608428955,3.6856462955474854
4.188066005706787,3.5502941608428955,3.6856462955474854
4.1874237060546875,3.5500075817108154,3.6847031116485596
4.18686056137085,3.54902982711792,3.683946132659912
4.18686056137085,3.54902982711792,3.683946132659912
4.187366485595703,3.548388957977295,3.6827447414398193
4.188360214233398,3.5482614040374756,3.6812705993652344
4.188360214233398,3.5482614040374756,3.6812705993652344
4.188162803649902,3.54587721824646,3.680825710296631
4.188162803649902,3.54587721824646,3.680825710296631
4.189371585845947,3.5456299781799316,3.6789913177490234
4.189436912536621,3.5453217029571533,3.6787045001983643
4.189436912536621,3.5453217029571533,3.6787045001983643
4.1933183670043945,3.541067600250244,3.675837993621826
4.1933183670043945,3.541067600250244,3.675837993621826
4.193721771240234,3.5382823944091797,3.677507162094116
4.194432258605957,3.5382421016693115,3.677616834640503
4.194432258605957,3.5382421016693115,3.677616834640503
4.193789482116699,3.537748336791992,3.6768627166748047
4.193789482116699,3.537748336791992,3.6768627166748047
4.193277835845947,3.5375969409942627,3.6769068241119385
4.1925835609436035,3.538111925125122,3.676609516143799
4.1925835609436035,3.538111925125122,3.676609516143799
4.192040920257568,3.53885817527771,3.67708158493042
4.192040920257568,3.53885817527771,3.67708158493042
4.192584037780762,3.53835129737854,3.678140878677368
4.194990634918213,3.5364766120910645,3.6778016090393066
4.194990634918213,3.5364766120910645,3.6778016090393066
4.19658088684082,3.5364785194396973,3.677945375442505
4.19658088684082,3.5364785194396973,3.677945375442505
4.1960978507995605,3.534855604171753,3.6798324584960938
4.197075843811035,3.535470962524414,3.6802783012390137
4.197075843811035,3.535470962524414,3.6802783012390137
4.199277877807617,3.5395467281341553,3.6793699264526367
4.199277877807617,3.5395467281341553,3.6793699264526367
4.201751708984375,3.538123369216919,3.6792778968811035
4.204214572906494,3.5392730236053467,3.679931402206421
4.204214572906494,3.5392730236053467,3.679931402206421
4.207884788513184,3.5396392345428467,3.6795239448547363
4.209749221801758,3.5374398231506348,3.6808390617370605
4.209749221801758,3.5374398231506348,3.6808390617370605
4.21084451675415,3.5380003452301025,3.6801328659057617
4.21084451675415,3.5380003452301025,3.6801328659057617
4.211827278137207,3.53909969329834,3.6799285411834717
4.214107990264893,3.537116050720215,3.681462526321411
4.214107990264893,3.537116050720215,3.681462526321411
4.21843957901001,3.535515785217285,3.683084487915039
4.222536087036133,3.5337634086608887,3.682645320892334
4.222536087036133,3.5337634086608887,3.682645320892334
4.224061489105225,3.533602714538574,3.6830403804779053
4.224061489105225,3.533602714538574,3.6830403804779053
4.22222900390625,3.533287763595581,3.683790922164917
4.21912956237793,3.5330348014831543,3.6854727268218994
4.21912956237793,3.5330348014831543,3.6854727268218994
4.219719886779785,3.535210132598877,3.684756278991699
4.219719886779785,3.535210132598877,3.684756278991699
4.222376823425293,3.5333995819091797,3.6833856105804443
4.2231550216674805,3.53418231010437,3.6829781532287598
4.2231550216674805,3.53418231010437,3.6829781532287598
4.2212395668029785,3.5340538024902344,3.682677984237671
4.2212395668029785,3.5340538024902344,3.682677984237671
4.218883514404297,3.533613920211792,3.6832427978515625
4.218533039093018,3.5344271659851074,3.6821370124816895
4.218533039093018,3.5344271659851074,3.6821370124816895
4.2178754806518555,3.532142162322998,3.6821365356445312
4.2178754806518555,3.532142162322998,3.6821365356445312
4.216277122497559,3.528212785720825,3.6833746433258057
4.217564582824707,3.5277249813079834,3.6814846992492676
4.217564582824707,3.5277249813079834,3.6814846992492676
4.21848201751709,3.5256030559539795,3.680952310562134
4.21848201751709,3.5256030559539795,3.680952310562134
4.219554901123047,3.524322748184204,3.679919481277466
4.218100070953369,3.5226526260375977,3.680839776992798
4.218100070953369,3.5226526260375977,3.680839776992798
4.22027063369751,3.519859552383423,3.679996967315674
4.22027063369751,3.519859552383423,3.679996967315674
4.223675727844238,3.516087770462036,3.6778554916381836
4.2255754470825195,3.5159833431243896,3.6773898601531982
4.2255754470825195,3.5159833431243896,3.6773898601531982
4.228446960449219,3.5149247646331787,3.675506591796875
4.228446960449219,3.5149247646331787,3.675506591796875
4.229928016662598,3.5153253078460693,3.673853635787964
4.230563163757324,3.51570463180542,3.673454523086548
4.230563163757324,3.51570463180542,3.673454523086548
4.232978820800781,3.5182390213012695,3.6696181297302246
4.232978820800781,3.5182390213012695,3.6696181297302246
4.23583984375,3.5197722911834717,3.666722297668457
4.238114356994629,3.5222275257110596,3.6648285388946533
4.238114356994629,3.5222275257110596,3.6648285388946533
4.24141263961792,3.5227913856506348,3.6634747982025146
4.24141263961792,3.5227913856506348,3.6634747982025146
4.243133068084717,3.5209999084472656,3.664332628250122
4.245505332946777,3.5187551975250244,3.664628505706787
4.245505332946777,3.5187551975250244,3.664628505706787
4.247107028961182,3.519291400909424,3.6641979217529297
4.25084114074707,3.517853260040283,3.6626839637756348
4.25084114074707,3.517853260040283,3.6626839637756348
4.2541680335998535,3.5164430141448975,3.661591053009033
4.256011486053467,3.5156564712524414,3.661085605621338
4.256011486053467,3.5156564712524414,3.661085605621338
4.2573323249816895,3.514986753463745,3.6607630252838135
4.2573323249816895,3.514986753463745,3.6607630252838135
4.2582573890686035,3.513554811477661,3.6615333557128906
4.259157657623291,3.514096975326538,3.661677598953247
4.259157657623291,3.514096975326538,3.661677598953247
4.2584967613220215,3.516411304473877,3.662781000137329
4.2584967613220215,3.516411304473877,3.662781000137329
4.258251667022705,3.519409656524658,3.6637351512908936
4.258266925811768,3.521333694458008,3.6649200916290283
4.258266925811768,3.521333694458008,3.6649200916290283
4.258668899536133,3.518869400024414,3.665651559829712
4.258668899536133,3.518869400024414,3.665651559829712
4.258589744567871,3.5168848037719727,3.6666550636291504
4.259103298187256,3.517317056655884,3.667031764984131
4.259103298187256,3.517317056655884,3.667031764984131
4.259071350097656,3.518979072570801,3.6668426990509033
4.259071350097656,3.518979072570801,3.6668426990509033
4.2599358558654785,3.5168445110321045,3.6670315265655518
4.260042667388916,3.5159378051757812,3.667799711227417
4.260042667388916,3.5159378051757812,3.667799711227417
4.260462284088135,3.516955852508545,3.66746187210083
4.260462284088135,3.516955852508545,3.66746187210083
4.260108470916748,3.5165445804595947,3.668067693710327
4.261323928833008,3.51975679397583,3.6676056385040283
4.261323928833008,3.51975679397583,3.6676056385040283
4.261555194854736,3.5211498737335205,3.6688663959503174
4.261555194854736,3.5211498737335205,3.6688663959503174
4.261183261871338,3.5191895961761475,3.670819044113159
4.262789726257324,3.517524242401123,3.6711742877960205
4.262789726257324,3.517524242401123,3.6711742877960205
4.263093948364258,3.5143299102783203,3.672452926635742
4.263093948364258,3.5143299102783203,3.672452926635742
4.2634077072143555,3.5111887454986572,3.6728885173797607
4.262654781341553,3.510275363922119,3.674441337585449
4.262654781341553,3.510275363922119,3.674441337585449
4.265338897705078,3.509458303451538,3.672635316848755
4.265338897705078,3.509458303451538,3.672635316848755
4.267862319946289,3.5084352493286133,3.6708664894104004
4.268970489501953,3.5095901489257812,3.670618772506714
4.268970489501953,3.5095901489257812,3.670618772506714
4.271643161773682,3.506592035293579,3.6692798137664795
4.271643161773682,3.506592035293579,3.6692798137664795
4.2711896896362305,3.5047097206115723,3.6708595752716064
4.272634506225586,3.5037527084350586,3.668779134750366
4.272634506225586,3.5037527084350586,3.668779134750366
4.271302700042725,3.5052289962768555,3.668910026550293
4.271302700042725,3.5052289962768555,3.668910026550293
4.270909309387207,3.504544258117676,3.6683504581451416
4.2721428871154785,3.504634380340576,3.6679117679595947
4.2721428871154785,3.504634380340576,3.6679117679595947
4.27464485168457,3.5030245780944824,3.6668176651000977
4.27464485168457,3.5030245780944824,3.6668176651000977
4.275905609130859,3.500657081604004,3.6667892932891846
4.276104927062988,3.5020017623901367,3.667202949523926
4.276104927062988,3.5020017623901367,3.667202949523926
4.277405738830566,3.5008647441864014,3.6664130687713623
4.277405738830566,3.5008647441864014,3.6664130687713623
4.279519557952881,3.500607490539551,3.6666784286499023
4.281160354614258,3.500026226043701,3.66732120513916
4.281160354614258,3.500026226043701,3.66732120513916
4.281666278839111,3.499281406402588,3.668149709701538
4.281666278839111,3.499281406402588,3.668149709701538
4.282207489013672,3.4997565746307373,3.668100595474243
4.282656669616699,3.5022222995758057,3.6658215522766113
4.282656669616699,3.5022222995758057,3.6658215522766113
4.282663345336914,3.503967523574829,3.6652610301971436
4.282663345336914,3.503967523574829,3.6652610301971436
4.2839813232421875,3.5012946128845215,3.665546178817749
4.286248207092285,3.497689723968506,3.665256977081299
4.286248207092285,3.497689723968506,3.665256977081299
4.287219524383545,3.4963812828063965,3.663102626800537
4.287219524383545,3.4963812828063965,3.663102626800537
4.2858500480651855,3.4976906776428223,3.6632511615753174
4.285073757171631,3.5010507106781006,3.6612961292266846
4.285073757171631,3.5010507106781006,3.6612961292266846
4.284936428070068,3.5007126331329346,3.659693717956543
4.284936428070068,3.5007126331329346,3.659693717956543
4.285437107086182,3.50042724609375,3.6597275733947754
4.288006782531738,3.4999213218688965,3.6569788455963135
4.288006782531738,3.4999213218688965,3.6569788455963135
4.286250114440918,3.5012478828430176,3.657949924468994
4.286250114440918,3.5012478828430176,3.657949924468994
4.285234451293945,3.5033037662506104,3.657028913497925
4.284058094024658,3.5060043334960938,3.657048225402832
4.284058094024658,3.5060043334960938,3.657048225402832
4.284335613250732,3.5052003860473633,3.6579020023345947
4.284335613250732,3.5052003860473633,3.6579020023345947
4.285913944244385,3.5032191276550293,3.658822774887085
4.285913944244385,3.5032191276550293,3.658822774887085
4.288951396942139,3.502894878387451,3.6585958003997803
4.288858890533447,3.503239870071411,3.6592020988464355
4.288858890533447,3.503239870071411,3.6592020988464355
4.290353775024414,3.504767417907715,3.6600701808929443
4.291256904602051,3.5064587593078613,3.659960985183716
4.291256904602051,3.5064587593078613,3.659960985183716
4.293839454650879,3.5031821727752686,3.6602418422698975
4.293839454650879,3.5031821727752686,3.6602418422698975
4.297192096710205,3.5009710788726807,3.660416841506958
4.298718452453613,3.498751163482666,3.6611804962158203
4.298718452453613,3.498751163482666,3.6611804962158203
4.298155784606934,3.497286796569824,3.6629929542541504
4.298155784606934,3.497286796569824,3.6629929542541504
4.298351764678955,3.5001821517944336,3.6613376140594482
4.298197269439697,3.499512195587158,3.6626193523406982
4.298197269439697,3.499512195587158,3.6626193523406982
4.300728797912598,3.497671127319336,3.661381483078003
4.300728797912598,3.497671127319336,3.661381483078003
4.306711673736572,3.496349573135376,3.6589951515197754
4.31025505065918,3.4963021278381348,3.658104658126831
4.31025505065918,3.4963021278381348,3.658104658126831
4.312653541564941,3.4963386058807373,3.6561622619628906
4.312653541564941,3.4963386058807373,3.6561622619628906
4.313645362854004,3.4942548274993896,3.655635356903076
4.31420373916626,3.4934699535369873,3.652160167694092
4.31420373916626,3.4934699535369873,3.652160167694092
4.315113067626953,3.493096351623535,3.6501617431640625
4.315113067626953,3.493096351623535,3.6501617431640625
4.317833423614502,3.494718074798584,3.6469967365264893
4.313603401184082,3.4950852394104004,3.6483094692230225
4.313603401184082,3.4950852394104004,3.6483094692230225
4.310696125030518,3.495241165161133,3.6500253677368164
4.310696125030518,3.495241165161133,3.6500253677368164
4.309601783752441,3.493561029434204,3.6507694721221924
4.3098464012146,3.4938275814056396,3.6507158279418945
4.3098464012146,3.4938275814056396,3.6507158279418945
4.310221195220947,3.4948363304138184,3.650712728500366
4.310221195220947,3.4948363304138184,3.650712728500366
4.311630725860596,3.495426893234253,3.649909257888794
4.313883304595947,3.492436170578003,3.6489481925964355
4.313883304595947,3.492436170578003,3.6489481925964355
4.315991401672363,3.4895565509796143,3.647639274597168
4.315991401672363,3.4895565509796143,3.647639274597168
4.318088054656982,3.4889943599700928,3.6453447341918945
4.319447040557861,3.4890012741088867,3.642184019088745
4.319447040557861,3.4890012741088867,3.642184019088745
4.321059703826904,3.4877936840057373,3.641000747680664
4.321059703826904,3.4877936840057373,3.641000747680664
4.321805477142334,3.4884982109069824,3.640047550201416
4.3228254318237305,3.4865951538085938,3.6395890712738037
4.3228254318237305,3.4865951538085938,3.6395890712738037
4.325053691864014,3.4862442016601562,3.639620780944824
4.325053691864014,3.4862442016601562,3.639620780944824
4.326311111450195,3.4868526458740234,3.640528917312622
4.326473236083984,3.4884421825408936,3.6412360668182373
4.326473236083984,3.4884421825408936,3.6412360668182373
4.326244831085205,3.487618923187256,3.6429240703582764
4.326244831085205,3.487618923187256,3.6429240703582764
4.327991008758545,3.486454963684082,3.6443729400634766
4.330782413482666,3.485605478286743,3.644594192504883
4.33127498626709,3.4876983165740967,3.646151304244995
4.33127498626709,3.4876983165740967,3.646151304244995
4.331907272338867,3.489410638809204,3.645503520965576
4.333929538726807,3.4895002841949463,3.6443567276000977
4.333929538726807,3.4895002841949463,3.6443567276000977
4.336385250091553,3.4893555641174316,3.6442902088165283
4.336385250091553,3.4893555641174316,3.6442902088165283
4.3386125564575195,3.490522623062134,3.642812728881836
4.33956241607666,3.490523099899292,3.643174886703491
4.33956241607666,3.490523099899292,3.643174886703491
4.340917587280273,3.4925503730773926,3.6426186561584473
4.340917587280273,3.4925503730773926,3.6426186561584473
4.341282367706299,3.493509531021118,3.6430859565734863
4.341040134429932,3.493230104446411,3.6453158855438232
4.341040134429932,3.493230104446411,3.6453158855438232
4.343873977661133,3.4933578968048096,3.645179271697998
4.343873977661133,3.4933578968048096,3.645179271697998
4.343953609466553,3.4918410778045654,3.647235155105591
4.342575550079346,3.488679885864258,3.6482272148132324
4.342575550079346,3.488679885864258,3.6482272148132324
4.341373920440674,3.486891746520996,3.649397850036621
4.341373920440674,3.486891746520996,3.649397850036621
4.342889785766602,3.4847469329833984,3.6480891704559326
4.342028617858887,3.4828474521636963,3.6474409103393555
4.342028617858887,3.4828474521636963,3.6474409103393555
4.338023662567139,3.483632802963257,3.647040843963623
4.338023662567139,3.483632802963257,3.647040843963623
4.334230899810791,3.4787795543670654,3.6485908031463623
4.337090492248535,3.4749984741210938,3.6495728492736816
4.337090492248535,3.4749984741210938,3.6495728492736816
4.340143203735352,3.4745113849639893,3.649757146835327
4.340143203735352,3.4745113849639893,3.649757146835327
4.340883255004883,3.475691080093384,3.6502654552459717
4.33977746963501,3.482879400253296,3.6501574516296387
4.33977746963501,3.482879400253296,3.6501574516296387
4.350294589996338,3.493149518966675,3.641021251678467
4.350294589996338,3.493149518966675,3.641021251678467
4.354394912719727,3.4904866218566895,3.6413931846618652
4.358997344970703,3.487959623336792,3.6445350646972656
4.358997344970703,3.487959623336792,3.6445350646972656
4.361999988555908,3.4862442016601562,3.643022060394287
4.361999988555908,3.4862442016601562,3.643022060394287
4.3598246574401855,3.488203763961792,3.6415772438049316
4.359023094177246,3.4969608783721924,3.634571075439453
4.359023094177246,3.4969608783721924,3.634571075439453
4.3545074462890625,3.4988131523132324,3.6350841522216797
4.3545074462890625,3.4988131523132324,3.6350841522216797
4.353243827819824,3.4988324642181396,3.6348049640655518
4.355896949768066,3.497349500656128,3.633603096008301
4.355896949768066,3.497349500656128,3.633603096008301
4.356098651885986,3.4963583946228027,3.631725549697876
4.356098651885986,3.4963583946228027,3.631725549697876
4.353875160217285,3.498474359512329,3.63139009475708
4.3519158363342285,3.4989702701568604,3.6304666996002197
4.3519158363342285,3.4989702701568604,3.6304666996002197
4.3525238037109375,3.497504949569702,3.628547191619873
4.3525238037109375,3.497504949569702,3.628547191619873
4.355086326599121,3.4966373443603516,3.6254806518554688
4.3560662269592285,3.4956910610198975,3.6238646507263184
4.3560662269592285,3.4956910610198975,3.6238646507263184
4.356001853942871,3.498147964477539,3.621609687805176
4.356001853942871,3.498147964477539,3.621609687805176
4.35480260848999,3.50083327293396,3.619077205657959
4.356034755706787,3.5004708766937256,3.6174492835998535
4.356034755706787,3.5004708766937256,3.6174492835998535
4.358046531677246,3.4955568313598633,3.618093729019165
4.358046531677246,3.4955568313598633,3.618093729019165
4.359894752502441,3.4920718669891357,3.618560552597046
4.3636884689331055,3.492664337158203,3.6200740337371826
4.3636884689331055,3.492664337158203,3.6200740337371826
4.366369247436523,3.4935996532440186,3.6198692321777344
4.367362022399902,3.4923577308654785,3.6228725910186768
4.367362022399902,3.4923577308654785,3.6228725910186768
4.371209621429443,3.490379571914673,3.6218318939208984
4.371209621429443,3.490379571914673,3.6218318939208984
4.377725601196289,3.4906485080718994,3.6195008754730225
4.379278182983398,3.4877126216888428,3.620497226715088
4.379278182983398,3.4877126216888428,3.620497226715088
4.381145000457764,3.483433485031128,3.6219980716705322
4.3846116065979,3.4821085929870605,3.620589256286621
4.3846116065979,3.4821085929870605,3.620589256286621
4.389926910400391,3.4809365272521973,3.6182639598846436
4.394118309020996,3.4815592765808105,3.6162643432617188
4.394118309020996,3.4815592765808105,3.6162643432617188
4.397977352142334,3.481400728225708,3.614353656768799
4.397977352142334,3.481400728225708,3.614353656768799
4.400954246520996,3.4819564819335938,3.6134119033813477
4.403458595275879,3.4799365997314453,3.612170696258545
4.403458595275879,3.4799365997314453,3.612170696258545
4.405040740966797,3.4794912338256836,3.611567974090576
4.405040740966797,3.4794912338256836,3.611567974090576
4.4069132804870605,3.4796783924102783,3.6101999282836914
4.407421112060547,3.4809019565582275,3.6089015007019043
4.407421112060547,3.4809019565582275,3.6089015007019043
4.408782482147217,3.4822282791137695,3.60697078704834
4.412023544311523,3.481902837753296,3.604490280151367
4.412023544311523,3.481902837753296,3.604490280151367
4.414916515350342,3.481459379196167,3.602551221847534
4.416422367095947,3.4811503887176514,3.602414131164551
4.416422367095947,3.4811503887176514,3.602414131164551
4.418654441833496,3.47908878326416,3.6019411087036133
4.422303199768066,3.477905035018921,3.6008522510528564
4.422303199768066,3.477905035018921,3.6008522510528564
4.4230637550354,3.475337028503418,3.602910041809082
4.4230637550354,3.475337028503418,3.602910041809082
4.424921035766602,3.4733152389526367,3.6035945415496826
4.42720365524292,3.4709267616271973,3.6036899089813232
4.429777145385742,3.469254493713379,3.6052887439727783
4.429777145385742,3.469254493713379,3.6052887439727783
4.432275295257568,3.470378875732422,3.6064376831054688
4.4363226890563965,3.4680564403533936,3.6053695678710938
4.4363226890563965,3.4680564403533936,3.6053695678710938
4.439850807189941,3.4680356979370117,3.60414457321167
4.443144798278809,3.4701552391052246,3.6016149520874023
4.443144798278809,3.4701552391052246,3.6016149520874023
4.4453535079956055,3.4753880500793457,3.6005849838256836
4.4453535079956055,3.4753880500793457,3.6005849838256836
4.4453206062316895,3.4768142700195312,3.601820230484009
4.444796085357666,3.4784460067749023,3.601515531539917
4.445196151733398,3.4790852069854736,3.6028172969818115
4.445196151733398,3.4790852069854736,3.6028172969818115
4.447986602783203,3.4785752296447754,3.6032633781433105
4.449710845947266,3.4783689975738525,3.603208065032959
4.449710845947266,3.4783689975738525,3.603208065032959
4.452664375305176,3.479407787322998,3.601869583129883
4.452664375305176,3.479407787322998,3.601869583129883
4.4530863761901855,3.4783778190612793,3.6027817726135254
4.453656196594238,3.478005886077881,3.602031707763672
4.453395843505859,3.47811222076416,3.603001117706299
4.453395843505859,3.47811222076416,3.603001117706299
4.45750093460083,3.4753968715667725,3.601365804672241
4.45750093460083,3.4753968715667725,3.601365804672241
4.460258483886719,3.4726638793945312,3.6029510498046875
4.461130619049072,3.4713871479034424,3.6039669513702393
4.461130619049072,3.4713871479034424,3.6039669513702393
4.460062026977539,3.4705421924591064,3.60433292388916
4.459331035614014,3.470226764678955,3.605018377304077
4.460185527801514,3.467954635620117,3.605196475982666
4.460185527801514,3.467954635620117,3.605196475982666
4.462497711181641,3.465385913848877,3.605292320251465
4.462497711181641,3.465385913848877,3.605292320251465
4.466603755950928,3.465669631958008,3.602787494659424
4.467923164367676,3.4641799926757812,3.6045751571655273
4.467923164367676,3.4641799926757812,3.6045751571655273
4.469086170196533,3.462981700897217,3.6041698455810547
4.469634532928467,3.4607138633728027,3.60479474067688
4.469634532928467,3.4607138633728027,3.60479474067688
4.472434043884277,3.460796356201172,3.6028759479522705
4.474967956542969,3.457720994949341,3.60237193107605
4.474967956542969,3.457720994949341,3.60237193107605
4.479574680328369,3.454855442047119,3.6022226810455322
4.493134498596191,3.4448513984680176,3.60080623626709
4.493134498596191,3.4448513984680176,3.60080623626709
4.512592315673828,3.434746026992798,3.5971360206604004
4.533871650695801,3.422353744506836,3.592679738998413
4.533871650695801,3.422353744506836,3.592679738998413
4.539233684539795,3.4212398529052734,3.5921242237091064
4.538430213928223,3.4227771759033203,3.58996844291687
4.538430213928223,3.4227771759033203,3.58996844291687
4.532923698425293,3.429067850112915,3.590191125869751
4.531345844268799,3.4335777759552,3.587162971496582
4.531345844268799,3.4335777759552,3.587162971496582
4.529562950134277,3.434810161590576,3.586573600769043
4.5283050537109375,3.4369876384735107,3.5846140384674072
4.528012275695801,3.437366247177124,3.583799362182617
4.528012275695801,3.437366247177124,3.583799362182617
4.529203414916992,3.4376308917999268,3.5802934169769287
4.529203414916992,3.4376308917999268,3.5802934169769287
4.529397964477539,3.439457416534424,3.5796313285827637
4.530535697937012,3.4397215843200684,3.577911853790283
4.530535697937012,3.4397215843200684,3.577911853790283
4.529268741607666,3.441859483718872,3.5780704021453857
4.528738021850586,3.4450745582580566,3.5785696506500244
4.528708457946777,3.4442009925842285,3.5785489082336426
4.528708457946777,3.4442009925842285,3.5785489082336426
4.529515266418457,3.4436750411987305,3.5782477855682373
4.529515266418457,3.4436750411987305,3.5782477855682373
4.530230522155762,3.443077802658081,3.578497886657715
4.5326828956604,3.443620204925537,3.5776658058166504
4.5326828956604,3.443620204925537,3.5776658058166504
4.533936977386475,3.4443299770355225,3.5775949954986572
4.536080360412598,3.4433114528656006,3.5768120288848877
4.536080360412598,3.4433114528656006,3.5768120288848877
4.5374755859375,3.4452497959136963,3.574921131134033
4.5374755859375,3.4452497959136963,3.574921131134033
4.5393757820129395,3.444554328918457,3.5728015899658203
4.539783477783203,3.444695472717285,3.5722827911376953
4.539333343505859,3.4468142986297607,3.5726053714752197
4.539333343505859,3.4468142986297607,3.5726053714752197
4.540167331695557,3.4479286670684814,3.572237491607666
4.540167331695557,3.4479286670684814,3.572237491607666
4.541682720184326,3.4501492977142334,3.5722076892852783
4.541524887084961,3.4498813152313232,3.5730862617492676
4.541524887084961,3.4498813152313232,3.5730862617492676
4.540599822998047,3.4494221210479736,3.574432134628296
4.540163993835449,3.4515490531921387,3.574861764907837
4.540163993835449,3.4515490531921387,3.574861764907837
4.541207790374756,3.451653242111206,3.5739166736602783
4.541207790374756,3.451653242111206,3.5739166736602783
4.5417070388793945,3.4523842334747314,3.5741021633148193
4.54079532623291,3.451326370239258,3.5754544734954834
4.54079532623291,3.451326370239258,3.5754544734954834
4.540167331695557,3.4497947692871094,3.5763416290283203
4.542104721069336,3.450221538543701,3.5760252475738525
4.542104721069336,3.450221538543701,3.5760252475738525
4.544796466827393,3.4481139183044434,3.5746700763702393
4.54669189453125,3.447871446609497,3.5755317211151123
4.54669189453125,3.447871446609497,3.5755317211151123
4.550320625305176,3.448594093322754,3.574944496154785
4.54988956451416,3.4480202198028564,3.5760419368743896
4.54988956451416,3.4480202198028564,3.5760419368743896
4.550217628479004,3.446211338043213,3.5769031047821045
4.551068305969238,3.446800470352173,3.576526165008545
4.551068305969238,3.446800470352173,3.576526165008545
4.551488399505615,3.446075916290283,3.5767197608947754
4.552441596984863,3.4442381858825684,3.5778894424438477
4.552441596984863,3.4442381858825684,3.5778894424438477
4.556161880493164,3.4442358016967773,3.5764968395233154
4.556161880493164,3.4442358016967773,3.5764968395233154
4.559249401092529,3.4430477619171143,3.5763967037200928
4.5633368492126465,3.4384946823120117,3.57564640045166
4.5633368492126465,3.4384946823120117,3.57564640045166
4.565772533416748,3.438206911087036,3.574815034866333
4.566572666168213,3.4370179176330566,3.5735878944396973
4.566572666168213,3.4370179176330566,3.5735878944396973
4.567394733428955,3.4372332096099854,3.5729000568389893
4.567394733428955,3.4372332096099854,3.5729000568389893
4.568285942077637,3.439206123352051,3.569824457168579
4.56667947769165,3.440477132797241,3.570063829421997
4.56667947769165,3.440477132797241,3.570063829421997
4.564488887786865,3.4406955242156982,3.570906162261963
4.5654096603393555,3.440802574157715,3.5689167976379395
4.5654096603393555,3.440802574157715,3.5689167976379395
4.568170547485352,3.4392592906951904,3.5679733753204346
4.56883430480957,3.4383697509765625,3.5677456855773926
4.571106910705566,3.436116933822632,3.5669751167297363
4.571106910705566,3.436116933822632,3.5669751167297363
4.571331977844238,3.4354448318481445,3.5666611194610596
4.571769714355469,3.4327518939971924,3.566444158554077
4.571769714355469,3.4327518939971924,3.566444158554077
4.5716352462768555,3.4334876537323,3.566420793533325
4.5716352462768555,3.4334876537323,3.566420793533325
4.572006702423096,3.4337024688720703,3.564882516860962
4.5732035636901855,3.432685375213623,3.5628445148468018
4.5732035636901855,3.432685375213623,3.5628445148468018
4.576051235198975,3.43434739112854,3.560771942138672
4.5774245262146,3.4348931312561035,3.5600388050079346
4.5774245262146,3.4348931312561035,3.5600388050079346
4.577608585357666,3.4348695278167725,3.559633731842041
4.579136371612549,3.4344418048858643,3.557603597640991
4.579136371612549,3.4344418048858643,3.557603597640991
4.580478191375732,3.433870315551758,3.5563035011291504
4.581710338592529,3.433877468109131,3.5563206672668457
4.581710338592529,3.433877468109131,3.5563206672668457
4.583751678466797,3.432704448699951,3.5561306476593018
4.586704254150391,3.4303417205810547,3.5553839206695557
4.586704254150391,3.4303417205810547,3.5553839206695557
4.589663028717041,3.4284675121307373,3.555077075958252
4.589663028717041,3.4284675121307373,3.555077075958252
4.592197895050049,3.430280923843384,3.5543060302734375
4.594442844390869,3.431034564971924,3.552954912185669
4.594442844390869,3.431034564971924,3.552954912185669
4.595963954925537,3.43428373336792,3.5530545711517334
4.596316337585449,3.434621572494507,3.552877426147461
4.596316337585449,3.434621572494507,3.552877426147461
4.595882415771484,3.4344494342803955,3.5541579723358154
4.596675872802734,3.434455394744873,3.5541648864746094
4.596675872802734,3.434455394744873,3.5541648864746094
4.597482204437256,3.4358808994293213,3.5543253421783447
4.598599910736084,3.4374051094055176,3.5545170307159424
4.598599910736084,3.4374051094055176,3.5545170307159424
4.598726749420166,3.438232183456421,3.5546751022338867
4.59881067276001,3.439364433288574,3.5558767318725586
4.59881067276001,3.439364433288574,3.5558767318725586
4.598753929138184,3.440541982650757,3.556091785430908
4.599248886108398,3.441359281539917,3.5573275089263916
4.599248886108398,3.441359281539917,3.5573275089263916
4.600766181945801,3.4423763751983643,3.557088613510132
4.600766181945801,3.4423763751983643,3.557088613510132
4.602863311767578,3.440335512161255,3.557433605194092
4.604349136352539,3.441195011138916,3.5578725337982178
4.604349136352539,3.441195011138916,3.5578725337982178
4.604320526123047,3.4420273303985596,3.558655023574829
4.603245258331299,3.441969394683838,3.5610945224761963
4.603245258331299,3.441969394683838,3.5610945224761963
4.603693008422852,3.4415671825408936,3.561671257019043
4.603995323181152,3.4413108825683594,3.562467336654663
4.603995323181152,3.4413108825683594,3.562467336654663
4.603903293609619,3.437865972518921,3.563235282897949
4.604080677032471,3.437302350997925,3.5636942386627197
4.604080677032471,3.437302350997925,3.5636942386627197
4.60422945022583,3.43632435798645,3.563671827316284
4.604824066162109,3.4352755546569824,3.5636394023895264
4.604824066162109,3.4352755546569824,3.5636394023895264
4.606094837188721,3.436204433441162,3.561894178390503
4.606094837188721,3.436204433441162,3.561894178390503
4.608155727386475,3.4358584880828857,3.560075521469116
4.6103315353393555,3.433884859085083,3.558600902557373
4.6103315353393555,3.433884859085083,3.558600902557373
4.609889984130859,3.43556809425354,3.557576894760132
4.608696937561035,3.4360153675079346,3.5568666458129883
4.608696937561035,3.4360153675079346,3.5568666458129883
4.608193874359131,3.4371321201324463,3.556844472885132
4.6106343269348145,3.4353790283203125,3.556640863418579
4.6106343269348145,3.4353790283203125,3.556640863418579
4.614216327667236,3.432368516921997,3.5572876930236816
4.617342948913574,3.4286651611328125,3.5572593212127686
4.617342948913574,3.4286651611328125,3.5572593212127686
4.618565559387207,3.425954580307007,3.556234359741211
4.618361473083496,3.424884080886841,3.5555343627929688
4.618361473083496,3.424884080886841,3.5555343627929688
4.616978168487549,3.4256255626678467,3.555731773376465
4.619716167449951,3.423408031463623,3.553462505340576
4.619716167449951,3.423408031463623,3.553462505340576
4.623779773712158,3.41828989982605,3.551241397857666
4.62867546081543,3.4156453609466553,3.5488765239715576
4.62867546081543,3.4156453609466553,3.5488765239715576
4.632449150085449,3.4163930416107178,3.5465402603149414
4.634352207183838,3.415771007537842,3.5469765663146973
4.634352207183838,3.415771007537842,3.5469765663146973
4.6378092765808105,3.4138481616973877,3.5469937324523926
4.6424994468688965,3.412196397781372,3.5469000339508057
4.6424994468688965,3.412196397781372,3.5469000339508057
4.643800735473633,3.4107260704040527,3.5478296279907227
4.642210483551025,3.4135234355926514,3.548126697540283
4.642210483551025,3.4135234355926514,3.548126697540283
4.640453815460205,3.4148120880126953,3.5486302375793457
4.640453815460205,3.4148120880126953,3.5486302375793457
4.6407294273376465,3.4151601791381836,3.549140214920044
4.646400451660156,3.4103007316589355,3.547051191329956
4.650412559509277,3.408876657485962,3.5463478565216064
4.650412559509277,3.408876657485962,3.5463478565216064
4.65108060836792,3.410205125808716,3.5446698665618896
4.65108060836792,3.410205125808716,3.5446698665618896
4.649677276611328,3.4112484455108643,3.545119285583496
4.64893102645874,3.4128425121307373,3.546297311782837
4.64893102645874,3.4128425121307373,3.546297311782837
4.649806976318359,3.4107089042663574,3.5481412410736084
4.6508283615112305,3.4111335277557373,3.550875663757324
4.6508283615112305,3.4111335277557373,3.550875663757324
4.651181221008301,3.412128448486328,3.552316904067993
4.650806903839111,3.411745071411133,3.5542030334472656
4.650806903839111,3.411745071411133,3.5542030334472656
4.65185022354126,3.410261392593384,3.555316925048828
4.653748035430908,3.41098690032959,3.556886672973633
4.653748035430908,3.41098690032959,3.556886672973633
4.656359672546387,3.4104034900665283,3.556999921798706
4.656359672546387,3.4104034900665283,3.556999921798706
4.659978866577148,3.4093754291534424,3.5565621852874756
4.663266658782959,3.409754991531372,3.5558230876922607
4.663266658782959,3.409754991531372,3.5558230876922607
4.665101051330566,3.4088542461395264,3.5576186180114746
4.668238639831543,3.4061875343322754,3.5594310760498047
4.668238639831543,3.4061875343322754,3.5594310760498047
4.67202615737915,3.4006266593933105,3.5607590675354004
4.673255920410156,3.398740291595459,3.5626800060272217
4.673255920410156,3.398740291595459,3.5626800060272217
4.674483776092529,3.3989155292510986,3.5619215965270996
4.673532962799072,3.3976783752441406,3.5633575916290283
4.675318241119385,3.3935794830322266,3.5641400814056396
4.675318241119385,3.3935794830322266,3.5641400814056396
4.678268909454346,3.3945086002349854,3.563871145248413
4.678020000457764,3.393923759460449,3.563398838043213
4.678020000457764,3.393923759460449,3.563398838043213
4.677538871765137,3.3943612575531006,3.5637168884277344
4.677538871765137,3.3943612575531006,3.5637168884277344
4.677520275115967,3.395568609237671,3.5624654293060303
4.676456928253174,3.3940281867980957,3.5630245208740234
4.676456928253174,3.3940281867980957,3.5630245208740234
4.6762847900390625,3.3942747116088867,3.562730312347412
4.678107738494873,3.392951726913452,3.561570405960083
4.678107738494873,3.392951726913452,3.561570405960083
4.679169654846191,3.3919613361358643,3.5610105991363525
4.679105758666992,3.390861988067627,3.5590991973876953
4.679105758666992,3.390861988067627,3.5590991973876953
4.680945873260498,3.3881120681762695,3.558255195617676
4.681607246398926,3.3855011463165283,3.5573930740356445
4.681607246398926,3.3855011463165283,3.5573930740356445
4.681692123413086,3.387214183807373,3.5561935901641846
4.681692123413086,3.387214183807373,3.5561935901641846
4.682341575622559,3.3860785961151123,3.5542755126953125
4.683908939361572,3.3860199451446533,3.552863121032715
4.686824321746826,3.3862812519073486,3.549396276473999
4.686824321746826,3.3862812519073486,3.549396276473999
4.687841892242432,3.3822262287139893,3.547900438308716
4.689074516296387,3.378484010696411,3.5473875999450684
4.689074516296387,3.378484010696411,3.5473875999450684
4.692315578460693,3.3778493404388428,3.5445826053619385
4.6953277587890625,3.3755393028259277,3.544628858566284
4.6953277587890625,3.3755393028259277,3.544628858566284
4.696384429931641,3.373849630355835,3.54495906829834
4.697203636169434,3.3708555698394775,3.5468993186950684
4.697203636169434,3.3708555698394775,3.5468993186950684
4.699178695678711,3.371842384338379,3.546353578567505
4.698825836181641,3.3721725940704346,3.5472395420074463
4.698825836181641,3.3721725940704346,3.5472395420074463
4.699184417724609,3.373070240020752,3.5461883544921875
4.70007848739624,3.3722522258758545,3.5453691482543945
4.70035982131958,3.371790647506714,3.544639825820923
4.70035982131958,3.371790647506714,3.544639825820923
4.700810432434082,3.3724234104156494,3.5430350303649902
4.700810432434082,3.3724234104156494,3.5430350303649902
4.699223518371582,3.3707962036132812,3.5441339015960693
4.6999735832214355,3.369499444961548,3.5441734790802
4.6999735832214355,3.369499444961548,3.5441734790802
4.7051544189453125,3.368727207183838,3.5417516231536865
4.709625720977783,3.3690526485443115,3.541853666305542
4.709625720977783,3.3690526485443115,3.541853666305542
4.711851119995117,3.3651821613311768,3.542691469192505
4.713439464569092,3.363539934158325,3.5432841777801514
4.713439464569092,3.363539934158325,3.5432841777801514
4.713850021362305,3.3613054752349854,3.5441293716430664
4.714439868927002,3.3633549213409424,3.544750928878784
4.714439868927002,3.3633549213409424,3.544750928878784
4.715616703033447,3.3667004108428955,3.542806625366211
4.715757846832275,3.3664913177490234,3.5434064865112305
4.715098857879639,3.36657452583313,3.5432820320129395
4.715098857879639,3.36657452583313,3.5432820320129395
4.714477062225342,3.368197202682495,3.543325185775757
4.7148518562316895,3.367196559906006,3.5445058345794678
4.7148518562316895,3.367196559906006,3.5445058345794678
4.7152228355407715,3.3652331829071045,3.545884847640991
4.7152228355407715,3.3652331829071045,3.545884847640991
4.716968059539795,3.3675787448883057,3.546563148498535
4.718291282653809,3.369835138320923,3.5473179817199707
4.720023155212402,3.3688981533050537,3.5491068363189697
4.720023155212402,3.3688981533050537,3.5491068363189697
4.721852779388428,3.3674070835113525,3.550936698913574
4.721721172332764,3.364689350128174,3.552846670150757
4.721721172332764,3.364689350128174,3.552846670150757
4.721749305725098,3.3651442527770996,3.553443670272827
4.721749305725098,3.3651442527770996,3.553443670272827
4.725530624389648,3.363675832748413,3.5512921810150146
4.729074478149414,3.3599016666412354,3.550370931625366
4.732125282287598,3.3597285747528076,3.5492286682128906
4.732125282287598,3.3597285747528076,3.5492286682128906
4.733384132385254,3.356074094772339,3.5497853755950928
4.7346601486206055,3.354125499725342,3.5496790409088135
4.7346601486206055,3.354125499725342,3.5496790409088135
4.7397284507751465,3.3548076152801514,3.5463740825653076
4.7397284507751465,3.3548076152801514,3.5463740825653076
4.741176128387451,3.3555731773376465,3.545400857925415
4.742303848266602,3.353658437728882,3.5434579849243164
4.742303848266602,3.353658437728882,3.5434579849243164
4.743252754211426,3.3497049808502197,3.5430781841278076
4.743804454803467,3.3448121547698975,3.5438287258148193
4.743804454803467,3.3448121547698975,3.5438287258148193
4.744523525238037,3.340193748474121,3.544320821762085
4.746912002563477,3.338247299194336,3.5426018238067627
4.746912002563477,3.338247299194336,3.5426018238067627
4.7496209144592285,3.3406002521514893,3.538942575454712
4.750446319580078,3.3383889198303223,3.5386931896209717
4.750446319580078,3.3383889198303223,3.5386931896209717
4.7523956298828125,3.338289737701416,3.5363144874572754
4.7523956298828125,3.338289737701416,3.5363144874572754
4.751458168029785,3.3398983478546143,3.5320422649383545
4.7456583976745605,3.3418593406677246,3.5339980125427246
4.7456583976745605,3.3418593406677246,3.5339980125427246
4.743068695068359,3.3426172733306885,3.5341997146606445
4.74390172958374,3.3445777893066406,3.5331106185913086
4.74390172958374,3.3445777893066406,3.5331106185913086
4.748689651489258,3.3445260524749756,3.5320358276367188
4.75242805480957,3.34216046333313,3.5280468463897705
4.75242805480957,3.34216046333313,3.5280468463897705
4.758336067199707,3.3403053283691406,3.525169849395752
4.7611541748046875,3.344557046890259,3.5221073627471924
4.7611541748046875,3.344557046890259,3.5221073627471924
4.762808322906494,3.3456945419311523,3.5195560455322266
4.766603946685791,3.3468618392944336,3.517886161804199
4.766603946685791,3.3468618392944336,3.517886161804199
4.774361610412598,3.3426015377044678,3.514524221420288
4.782180309295654,3.333919048309326,3.5159683227539062
4.782180309295654,3.333919048309326,3.5159683227539062
4.78944730758667,3.326000452041626,3.5142321586608887
4.7948808670043945,3.322838068008423,3.5121893882751465
4.7948808670043945,3.322838068008423,3.5121893882751465
4.798897743225098,3.3220343589782715,3.510039806365967
4.803154468536377,3.3209965229034424,3.51055908203125
4.803154468536377,3.3209965229034424,3.51055908203125
4.804325580596924,3.3205485343933105,3.510469913482666
4.806271553039551,3.321580410003662,3.5101680755615234
4.806271553039551,3.321580410003662,3.5101680755615234
4.807839393615723,3.324241876602173,3.5097436904907227
4.810767650604248,3.324911117553711,3.5083835124969482
4.81524133682251,3.3239002227783203,3.508018732070923
4.81524133682251,3.3239002227783203,3.508018732070923
4.819745063781738,3.3242738246917725,3.508431911468506
4.819745063781738,3.3242738246917725,3.508431911468506
4.825291633605957,3.3230364322662354,3.5058681964874268
4.831698894500732,3.319627285003662,3.506133794784546
4.831698894500732,3.319627285003662,3.506133794784546
4.836058139801025,3.319302797317505,3.5036418437957764
4.840202808380127,3.311734199523926,3.504049777984619
4.840202808380127,3.311734199523926,3.504049777984619
4.83957576751709,3.304867744445801,3.506934404373169
4.839950084686279,3.307152032852173,3.5044171810150146
4.839950084686279,3.307152032852173,3.5044171810150146
4.834623336791992,3.3127808570861816,3.5057597160339355
4.830976963043213,3.320047378540039,3.5045504570007324
4.830976963043213,3.320047378540039,3.5045504570007324
4.829782485961914,3.321079730987549,3.505420207977295
4.829782485961914,3.321079730987549,3.505420207977295
4.829801559448242,3.320863723754883,3.506657600402832
4.832191467285156,3.316990375518799,3.5071659088134766
4.832191467285156,3.316990375518799,3.5071659088134766
4.833083629608154,3.3170926570892334,3.508026123046875
4.836042881011963,3.31439208984375,3.50689435005188
4.836042881011963,3.31439208984375,3.50689435005188
4.83892822265625,3.3154919147491455,3.5066232681274414
4.8419976234436035,3.3168656826019287,3.505033493041992
4.8419976234436035,3.3168656826019287,3.505033493041992
4.84330940246582,3.3126258850097656,3.507107973098755
4.8467302322387695,3.30842924118042,3.5064361095428467
4.8467302322387695,3.30842924118042,3.5064361095428467
4.850310802459717,3.3057196140289307,3.506148338317871
4.851418972015381,3.3055286407470703,3.506598949432373
4.851418972015381,3.3055286407470703,3.506598949432373
4.851358890533447,3.3051021099090576,3.5066559314727783
4.851494312286377,3.3068461418151855,3.5054726600646973
4.851494312286377,3.3068461418151855,3.5054726600646973
4.852804660797119,3.3073394298553467,3.5038957595825195
4.852397918701172,3.3068671226501465,3.5048019886016846
4.852397918701172,3.3068671226501465,3.5048019886016846
4.852218151092529,3.306947708129883,3.5038506984710693
4.852218151092529,3.306947708129883,3.5038506984710693
4.852571964263916,3.3067615032196045,3.501380205154419
4.852233409881592,3.3092949390411377,3.5000393390655518
4.852233409881592,3.3092949390411377,3.5000393390655518
4.85154390335083,3.309741497039795,3.499326705932617
4.853028774261475,3.309368848800659,3.498321533203125
4.853028774261475,3.309368848800659,3.498321533203125
4.856088161468506,3.311415433883667,3.4964439868927
4.859702110290527,3.310699939727783,3.495210886001587
4.859702110290527,3.310699939727783,3.495210886001587
4.862868785858154,3.309614896774292,3.493727445602417
4.864459991455078,3.306570053100586,3.4934067726135254
4.864459991455078,3.306570053100586,3.4934067726135254
4.866486072540283,3.304283618927002,3.488555669784546
4.868631839752197,3.302151918411255,3.4865469932556152
4.870917797088623,3.303384780883789,3.4836111068725586
4.870917797088623,3.303384780883789,3.4836111068725586
4.871186256408691,3.3021578788757324,3.482438087463379
4.871186256408691,3.3021578788757324,3.482438087463379
4.872581481933594,3.3001034259796143,3.4798855781555176
4.875195026397705,3.3016135692596436,3.476219415664673
4.875195026397705,3.3016135692596436,3.476219415664673
4.875451564788818,3.300895929336548,3.4759624004364014
4.875288486480713,3.2992777824401855,3.4773383140563965
4.875288486480713,3.2992777824401855,3.4773383140563965
4.875729560852051,3.297670602798462,3.4765403270721436
4.8768181800842285,3.2996463775634766,3.476066827774048
4.8768181800842285,3.2996463775634766,3.476066827774048
4.88008975982666,3.3002243041992188,3.4763553142547607
4.884493827819824,3.301250696182251,3.4765217304229736
4.884493827819824,3.301250696182251,3.4765217304229736
4.888455867767334,3.2999327182769775,3.4794864654541016
4.888455867767334,3.2999327182769775,3.4794864654541016
4.890374660491943,3.2990176677703857,3.4806909561157227
4.892101287841797,3.300246238708496,3.4807214736938477
4.892101287841797,3.300246238708496,3.4807214736938477
4.8921427726745605,3.3010809421539307,3.480250835418701
4.891798496246338,3.304055690765381,3.4834442138671875
4.891496181488037,3.309015989303589,3.4824657440185547
4.891496181488037,3.309015989303589,3.4824657440185547
4.892435550689697,3.3109235763549805,3.4812753200531006
4.895977973937988,3.314891815185547,3.479307174682617
4.895977973937988,3.314891815185547,3.479307174682617
4.8979949951171875,3.316337823867798,3.4787721633911133
4.899178504943848,3.316941261291504,3.479876756668091
4.899178504943848,3.316941261291504,3.479876756668091
4.9004316329956055,3.318470001220703,3.4782207012176514
4.902979373931885,3.3186357021331787,3.4766123294830322
4.902979373931885,3.3186357021331787,3.4766123294830322
4.904644012451172,3.3160581588745117,3.477356195449829
4.904644012451172,3.3160581588745117,3.477356195449829
4.905055522918701,3.316640853881836,3.4774975776672363
4.904822826385498,3.3183488845825195,3.4772636890411377
4.904822826385498,3.3183488845825195,3.4772636890411377
4.905172348022461,3.318316698074341,3.476691246032715
4.905051231384277,3.320554494857788,3.475677013397217
4.905051231384277,3.320554494857788,3.475677013397217
4.903897762298584,3.319514751434326,3.4763686656951904
4.903633117675781,3.320836305618286,3.476762294769287
4.903633117675781,3.320836305618286,3.476762294769287
4.90458345413208,3.3215491771698,3.4753236770629883
4.904189109802246,3.322114944458008,3.474989891052246
4.904189109802246,3.322114944458008,3.474989891052246
4.9040207862854,3.3206827640533447,3.4756288528442383
4.906338214874268,3.316037654876709,3.4766955375671387
4.906338214874268,3.316037654876709,3.4766955375671387
4.909730434417725,3.3126485347747803,3.4765796661376953
4.909730434417725,3.3126485347747803,3.4765796661376953
4.913647174835205,3.3116567134857178,3.4758214950561523
4.91762113571167,3.312671184539795,3.473572015762329
4.91762113571167,3.312671184539795,3.473572015762329
4.919853687286377,3.3079311847686768,3.4736690521240234
4.920981407165527,3.3067970275878906,3.4724817276000977
4.920981407165527,3.3067970275878906,3.4724817276000977
4.920578479766846,3.306593894958496,3.4728317260742188
4.917480945587158,3.312269926071167,3.4751622676849365
4.917480945587158,3.312269926071167,3.4751622676849365
4.915220737457275,3.3165738582611084,3.4787890911102295
4.916292190551758,3.3200368881225586,3.4805757999420166
4.916292190551758,3.3200368881225586,3.4805757999420166
4.925265789031982,3.3180313110351562,3.479868173599243
4.9211907386779785,3.3436126708984375,3.5041399002075195
4.9211907386779785,3.3436126708984375,3.5041399002075195
