x,y,z
3.060649871826172,3.674288272857666,3.776360273361206
3.060649871826172,3.674288272857666,3.776360273361206
3.0590403079986572,3.6736338138580322,3.7752203941345215
3.061002254486084,3.673436164855957,3.7720859050750732
3.061002254486084,3.673436164855957,3.7720859050750732
3.0599443912506104,3.672407627105713,3.770195722579956
3.0599443912506104,3.672407627105713,3.770195722579956
3.0611329078674316,3.672255516052246,3.7702105045318604
3.0605392456054688,3.672788143157959,3.773193836212158
3.0604124069213867,3.6730520725250244,3.7721774578094482
3.0604124069213867,3.6730520725250244,3.7721774578094482
3.0607664585113525,3.6728641986846924,3.772183418273926
3.0607664585113525,3.6728641986846924,3.772183418273926
3.061192750930786,3.673252820968628,3.7744946479797363
3.061192750930786,3.673252820968628,3.7744946479797363
3.056332588195801,3.6740076541900635,3.7783658504486084
3.056332588195801,3.6740076541900635,3.7783658504486084
3.0546936988830566,3.6735451221466064,3.775759696960449
3.053504228591919,3.672945499420166,3.7728662490844727
3.053504228591919,3.672945499420166,3.7728662490844727
3.05271315574646,3.672231912612915,3.7733492851257324
3.05271315574646,3.672231912612915,3.7733492851257324
3.050114870071411,3.6716532707214355,3.7735371589660645
3.0482900142669678,3.6715593338012695,3.7741737365722656
3.0482900142669678,3.6715593338012695,3.7741737365722656
3.049433946609497,3.670477867126465,3.7745907306671143
3.049433946609497,3.670477867126465,3.7745907306671143
3.0451290607452393,3.6695261001586914,3.7776618003845215
3.0454392433166504,3.6685328483581543,3.7788240909576416
3.0454392433166504,3.6685328483581543,3.7788240909576416
3.0438098907470703,3.666844367980957,3.7775497436523438
3.0438098907470703,3.666844367980957,3.7775497436523438
3.0440993309020996,3.6672027111053467,3.7760374546051025
3.0474298000335693,3.667985677719116,3.7758243083953857
3.0474298000335693,3.667985677719116,3.7758243083953857
3.0479085445404053,3.6683528423309326,3.7764430046081543
3.0479085445404053,3.6683528423309326,3.7764430046081543
3.0484604835510254,3.6680307388305664,3.7753219604492188
3.0448853969573975,3.66862154006958,3.7792723178863525
3.0448853969573975,3.66862154006958,3.7792723178863525
3.043900489807129,3.670003890991211,3.7823238372802734
3.043900489807129,3.670003890991211,3.7823238372802734
3.0386064052581787,3.66984224319458,3.7843644618988037
3.0323615074157715,3.6698813438415527,3.786351203918457
3.0323615074157715,3.6698813438415527,3.786351203918457
3.0283572673797607,3.6698436737060547,3.788642406463623
3.0283572673797607,3.6698436737060547,3.788642406463623
3.0247910022735596,3.670952320098877,3.7934446334838867
3.0233116149902344,3.6711459159851074,3.7936830520629883
3.0233116149902344,3.6711459159851074,3.7936830520629883
3.0228443145751953,3.6713428497314453,3.7974555492401123
3.0228443145751953,3.6713428497314453,3.7974555492401123
3.0236988067626953,3.671987533569336,3.7988064289093018
3.024968385696411,3.671998977661133,3.7992939949035645
3.024968385696411,3.671998977661133,3.7992939949035645
3.0266964435577393,3.6722731590270996,3.7996573448181152
3.0266964435577393,3.6722731590270996,3.7996573448181152
3.0284409523010254,3.672884941101074,3.8004486560821533
3.027204751968384,3.6733343601226807,3.802154779434204
3.027204751968384,3.6733343601226807,3.802154779434204
3.0263888835906982,3.673969268798828,3.8049302101135254
3.0263888835906982,3.673969268798828,3.8049302101135254
3.0238919258117676,3.674525737762451,3.808229684829712
3.0229368209838867,3.6744229793548584,3.809638023376465
3.0229368209838867,3.6744229793548584,3.809638023376465
3.022956132888794,3.6748299598693848,3.8111133575439453
3.022956132888794,3.6748299598693848,3.8111133575439453
3.024536371231079,3.675403118133545,3.8124887943267822
3.025545835494995,3.675849199295044,3.8156309127807617
3.025545835494995,3.675849199295044,3.8156309127807617
3.026496410369873,3.6759212017059326,3.816953182220459
3.026496410369873,3.6759212017059326,3.816953182220459
3.0272042751312256,3.6760828495025635,3.8199987411499023
3.027378559112549,3.676370859146118,3.8213796615600586
3.027378559112549,3.676370859146118,3.8213796615600586
3.0272998809814453,3.676250457763672,3.8227362632751465
3.0272998809814453,3.676250457763672,3.8227362632751465
3.030177354812622,3.676661729812622,3.8248043060302734
3.0344107151031494,3.6776514053344727,3.8258464336395264
3.0344107151031494,3.6776514053344727,3.8258464336395264
3.0377440452575684,3.677842378616333,3.8260602951049805
3.0377440452575684,3.677842378616333,3.8260602951049805
3.0397164821624756,3.6775903701782227,3.8268721103668213
3.039910316467285,3.6776740550994873,3.829287052154541
3.039910316467285,3.6776740550994873,3.829287052154541
3.039196729660034,3.677485704421997,3.830808401107788
3.039196729660034,3.677485704421997,3.830808401107788
3.0411155223846436,3.6776998043060303,3.832984685897827
3.0423789024353027,3.6778483390808105,3.8343424797058105
3.0423789024353027,3.6778483390808105,3.8343424797058105
3.0440523624420166,3.6777377128601074,3.8376007080078125
3.0434296131134033,3.678487777709961,3.840125799179077
3.0434296131134033,3.678487777709961,3.840125799179077
3.043998956680298,3.6784181594848633,3.84116792678833
3.043998956680298,3.6784181594848633,3.84116792678833
3.0447592735290527,3.677781105041504,3.8420066833496094
3.044020652770996,3.677151679992676,3.844170331954956
3.044020652770996,3.677151679992676,3.844170331954956
3.043203353881836,3.677459478378296,3.8475492000579834
3.0409491062164307,3.677809476852417,3.8502867221832275
3.0409491062164307,3.677809476852417,3.8502867221832275
3.0381686687469482,3.677744150161743,3.852968454360962
3.0381686687469482,3.677744150161743,3.852968454360962
3.0359089374542236,3.6772050857543945,3.854401111602783
3.0366666316986084,3.6786739826202393,3.8601162433624268
3.0366666316986084,3.6786739826202393,3.8601162433624268
3.037980318069458,3.679175853729248,3.8593897819519043
3.037980318069458,3.679175853729248,3.8593897819519043
3.038084030151367,3.678936243057251,3.8591420650482178
3.038084030151367,3.678936243057251,3.8591420650482178
3.038389205932617,3.67873215675354,3.85829758644104
3.0365519523620605,3.6790082454681396,3.8617663383483887
3.0365519523620605,3.6790082454681396,3.8617663383483887
3.0349178314208984,3.6796715259552,3.8669822216033936
3.0341718196868896,3.679608106613159,3.8684849739074707
3.0341718196868896,3.679608106613159,3.8684849739074707
3.0351970195770264,3.6799232959747314,3.86863374710083
3.0351970195770264,3.6799232959747314,3.86863374710083
3.036809206008911,3.6799967288970947,3.870699644088745
3.036809206008911,3.6799967288970947,3.870699644088745
3.037992477416992,3.679560899734497,3.8732669353485107
3.041633367538452,3.6800856590270996,3.87473201751709
3.041633367538452,3.6800856590270996,3.87473201751709
3.0458810329437256,3.6801044940948486,3.873758316040039
3.0482141971588135,3.6794700622558594,3.8736860752105713
3.0482141971588135,3.6794700622558594,3.8736860752105713
3.0510470867156982,3.679037570953369,3.8735733032226562
3.0510470867156982,3.679037570953369,3.8735733032226562
3.051774263381958,3.6796183586120605,3.8751654624938965
3.053389549255371,3.6795525550842285,3.876202344894409
3.053389549255371,3.6795525550842285,3.876202344894409
3.0545494556427,3.6800456047058105,3.8781018257141113
3.0545494556427,3.6800456047058105,3.8781018257141113
3.056915283203125,3.6801834106445312,3.877591133117676
3.056915283203125,3.6801834106445312,3.877591133117676
3.058500289916992,3.680241107940674,3.877223253250122
3.0592434406280518,3.6802077293395996,3.878796100616455
3.0592434406280518,3.6802077293395996,3.878796100616455
3.0595319271087646,3.6805953979492188,3.8811869621276855
3.0593323707580566,3.6810860633850098,3.8817574977874756
3.0593323707580566,3.6810860633850098,3.8817574977874756
3.058544158935547,3.6809535026550293,3.884262800216675
3.058544158935547,3.6809535026550293,3.884262800216675
3.060272216796875,3.680935859680176,3.885986089706421
3.060272216796875,3.680935859680176,3.885986089706421
3.0599775314331055,3.6805367469787598,3.8880550861358643
3.0596702098846436,3.6809797286987305,3.89168381690979
3.0596702098846436,3.6809797286987305,3.89168381690979
3.0616281032562256,3.6818642616271973,3.893986225128174
3.0616281032562256,3.6818642616271973,3.893986225128174
3.0600087642669678,3.68172550201416,3.8982226848602295
3.060425043106079,3.6820857524871826,3.8996574878692627
3.060425043106079,3.6820857524871826,3.8996574878692627
3.0609371662139893,3.6825921535491943,3.9014341831207275
3.0609371662139893,3.6825921535491943,3.9014341831207275
3.062345504760742,3.6829833984375,3.9038870334625244
3.0635008811950684,3.683215618133545,3.9065017700195312
3.0635008811950684,3.683215618133545,3.9065017700195312
3.0627505779266357,3.683758497238159,3.907721519470215
3.060581684112549,3.6837472915649414,3.909740924835205
3.060581684112549,3.6837472915649414,3.909740924835205
3.0592682361602783,3.683920383453369,3.912574291229248
3.0592682361602783,3.683920383453369,3.912574291229248
3.058483839035034,3.684159994125366,3.914945125579834
3.058483839035034,3.684159994125366,3.914945125579834
3.058483600616455,3.6842803955078125,3.9152963161468506
3.0573720932006836,3.6842284202575684,3.917699098587036
3.0573720932006836,3.6842284202575684,3.917699098587036
3.0547189712524414,3.6840689182281494,3.919071912765503
3.0547189712524414,3.6840689182281494,3.919071912765503
3.0508720874786377,3.684394598007202,3.9235901832580566
3.051107406616211,3.68446683883667,3.92472505569458
3.051107406616211,3.68446683883667,3.92472505569458
3.0534746646881104,3.684230327606201,3.9243037700653076
3.058598756790161,3.683786153793335,3.9223544597625732
3.058598756790161,3.683786153793335,3.9223544597625732
3.0619311332702637,3.683964252471924,3.9210405349731445
3.0619311332702637,3.683964252471924,3.9210405349731445
3.0639665126800537,3.6830239295959473,3.919602155685425
3.0639665126800537,3.6830239295959473,3.919602155685425
3.063349723815918,3.6829395294189453,3.921624183654785
3.0634000301361084,3.683354377746582,3.922513246536255
3.0634000301361084,3.683354377746582,3.922513246536255
3.0622899532318115,3.6831912994384766,3.9230403900146484
3.063483715057373,3.6828713417053223,3.9219932556152344
3.063483715057373,3.6828713417053223,3.9219932556152344
3.065633535385132,3.6832690238952637,3.9220340251922607
3.065633535385132,3.6832690238952637,3.9220340251922607
3.064718723297119,3.683197259902954,3.920746326446533
3.064718723297119,3.683197259902954,3.920746326446533
3.0628185272216797,3.6829171180725098,3.9227073192596436
3.0603785514831543,3.6831789016723633,3.9256718158721924
3.0603785514831543,3.6831789016723633,3.9256718158721924
3.0577211380004883,3.6830973625183105,3.928236246109009
3.0557985305786133,3.6833200454711914,3.931384801864624
3.0557985305786133,3.6833200454711914,3.931384801864624
3.052131414413452,3.683286666870117,3.9338643550872803
3.052131414413452,3.683286666870117,3.9338643550872803
3.049673080444336,3.683403730392456,3.935436248779297
3.0470798015594482,3.684175491333008,3.9379947185516357
3.0470798015594482,3.684175491333008,3.9379947185516357
3.0474746227264404,3.684596061706543,3.939342737197876
3.0474746227264404,3.684596061706543,3.939342737197876
3.047316551208496,3.6843416690826416,3.939495801925659
3.047316551208496,3.6843416690826416,3.939495801925659
3.0489165782928467,3.6844868659973145,3.940361738204956
3.047628164291382,3.684122085571289,3.9419357776641846
3.047628164291382,3.684122085571289,3.9419357776641846
3.0461041927337646,3.6838841438293457,3.945230722427368
3.0460755825042725,3.6841301918029785,3.94665265083313
3.0460755825042725,3.6841301918029785,3.94665265083313
3.046354055404663,3.6839823722839355,3.9460043907165527
3.046354055404663,3.6839823722839355,3.9460043907165527
3.047153949737549,3.6835732460021973,3.9450185298919678
3.0482001304626465,3.684065103530884,3.947382688522339
3.0482001304626465,3.684065103530884,3.947382688522339
3.047426462173462,3.684162139892578,3.9490091800689697
3.047426462173462,3.684162139892578,3.9490091800689697
3.046252727508545,3.684422492980957,3.950227737426758
3.0463292598724365,3.6844096183776855,3.9515392780303955
3.0463292598724365,3.6844096183776855,3.9515392780303955
3.044970750808716,3.6841776371002197,3.9522359371185303
3.044970750808716,3.6841776371002197,3.9522359371185303
3.0408923625946045,3.6843740940093994,3.955035924911499
3.0408923625946045,3.6843740940093994,3.955035924911499
3.0390191078186035,3.68491792678833,3.957531452178955
3.038076162338257,3.684763193130493,3.9581902027130127
3.038076162338257,3.684763193130493,3.9581902027130127
3.038351058959961,3.68464732170105,3.9578428268432617
3.038351058959961,3.68464732170105,3.9578428268432617
3.0366265773773193,3.684781551361084,3.958542585372925
3.0308053493499756,3.684475898742676,3.9620444774627686
3.0308053493499756,3.684475898742676,3.9620444774627686
3.027047634124756,3.6843814849853516,3.964040994644165
3.028999090194702,3.684776782989502,3.9634931087493896
3.028999090194702,3.684776782989502,3.9634931087493896
3.0344889163970947,3.684940814971924,3.9605865478515625
3.0344889163970947,3.684940814971924,3.9605865478515625
3.0374858379364014,3.6845223903656006,3.9597086906433105
3.0374858379364014,3.6845223903656006,3.9597086906433105
3.0373876094818115,3.684968948364258,3.9609591960906982
3.0362911224365234,3.685692548751831,3.9635515213012695
3.0362911224365234,3.685692548751831,3.9635515213012695
3.037780523300171,3.686028003692627,3.9645678997039795
3.038057327270508,3.6860790252685547,3.9655685424804688
3.038057327270508,3.6860790252685547,3.9655685424804688
3.0358173847198486,3.6863584518432617,3.966651201248169
3.0358173847198486,3.6863584518432617,3.966651201248169
3.03430438041687,3.6862144470214844,3.9675488471984863
3.0354602336883545,3.6860568523406982,3.9668002128601074
3.0354602336883545,3.6860568523406982,3.9668002128601074
3.0379223823547363,3.68566632270813,3.9657273292541504
3.0379223823547363,3.68566632270813,3.9657273292541504
3.0408058166503906,3.68544340133667,3.964346170425415
3.042858362197876,3.6853067874908447,3.963858127593994
3.042858362197876,3.6853067874908447,3.963858127593994
3.04219913482666,3.685001850128174,3.9655025005340576
3.04219913482666,3.685001850128174,3.9655025005340576
3.042368173599243,3.6851046085357666,3.96667742729187
3.042368173599243,3.6851046085357666,3.96667742729187
3.0416817665100098,3.6852142810821533,3.96891450881958
3.040973663330078,3.6851868629455566,3.9708123207092285
3.040973663330078,3.6851868629455566,3.9708123207092285
3.0406858921051025,3.6853559017181396,3.971606492996216
3.0406858921051025,3.6853559017181396,3.971606492996216
3.0403964519500732,3.6857516765594482,3.971909999847412
3.0391342639923096,3.6863317489624023,3.9741578102111816
3.0391342639923096,3.6863317489624023,3.9741578102111816
3.037964105606079,3.6869611740112305,3.9754812717437744
3.037013053894043,3.6871838569641113,3.976400375366211
3.037013053894043,3.6871838569641113,3.976400375366211
3.0341603755950928,3.68715500831604,3.97831654548645
3.0341603755950928,3.68715500831604,3.97831654548645
3.0302844047546387,3.6873526573181152,3.9815878868103027
3.0302844047546387,3.6873526573181152,3.9815878868103027
3.0287179946899414,3.6875147819519043,3.983424425125122
3.0286495685577393,3.6876184940338135,3.9840824604034424
3.0286495685577393,3.6876184940338135,3.9840824604034424
3.027479410171509,3.687818765640259,3.9848380088806152
3.027479410171509,3.687818765640259,3.9848380088806152
3.026196241378784,3.688178539276123,3.9868955612182617
3.0269360542297363,3.688758373260498,3.9884798526763916
3.0269360542297363,3.688758373260498,3.9884798526763916
3.028529644012451,3.689182996749878,3.989081382751465
3.030299186706543,3.6896088123321533,3.991530418395996
3.030299186706543,3.6896088123321533,3.991530418395996
3.031003952026367,3.690061569213867,3.993614435195923
3.031003952026367,3.690061569213867,3.993614435195923
3.03016996383667,3.689882516860962,3.9935741424560547
3.03016996383667,3.689882516860962,3.9935741424560547
3.030733585357666,3.6900293827056885,3.9947829246520996
3.032569169998169,3.690448522567749,3.995837688446045
3.032569169998169,3.690448522567749,3.995837688446045
3.034876823425293,3.6901350021362305,3.9952733516693115
3.034876823425293,3.6901350021362305,3.9952733516693115
3.034526824951172,3.6899609565734863,3.9958465099334717
3.033798933029175,3.6904590129852295,3.9979798793792725
3.033798933029175,3.6904590129852295,3.9979798793792725
3.029726028442383,3.691183090209961,4.001234531402588
3.029726028442383,3.691183090209961,4.001234531402588
3.028101921081543,3.691005229949951,4.00364351272583
3.0277786254882812,3.691213369369507,4.005605220794678
3.0277786254882812,3.691213369369507,4.005605220794678
3.027766704559326,3.6913669109344482,4.006742477416992
3.0275650024414062,3.6916537284851074,4.007783889770508
3.0275650024414062,3.6916537284851074,4.007783889770508
3.0280280113220215,3.691859245300293,4.00919246673584
3.0280280113220215,3.691859245300293,4.00919246673584
3.028672456741333,3.6921427249908447,4.010313510894775
3.028672456741333,3.6921427249908447,4.010313510894775
3.0292696952819824,3.692662000656128,4.011125087738037
3.029388189315796,3.693251609802246,4.012376308441162
3.029388189315796,3.693251609802246,4.012376308441162
3.029345750808716,3.6939713954925537,4.014759063720703
3.02836012840271,3.6943912506103516,4.017491340637207
3.02836012840271,3.6943912506103516,4.017491340637207
3.027116060256958,3.6948633193969727,4.020090103149414
3.027116060256958,3.6948633193969727,4.020090103149414
3.0261220932006836,3.6943747997283936,4.021090030670166
3.0261220932006836,3.6943747997283936,4.021090030670166
3.0259897708892822,3.6942243576049805,4.022243976593018
3.026653289794922,3.6947803497314453,4.024439334869385
3.026653289794922,3.6947803497314453,4.024439334869385
3.0277247428894043,3.695009708404541,4.024933338165283
3.0277247428894043,3.695009708404541,4.024933338165283
3.029193878173828,3.695204019546509,4.025631427764893
3.0307133197784424,3.6955361366271973,4.026194095611572
3.0307133197784424,3.6955361366271973,4.026194095611572
3.031256675720215,3.6959962844848633,4.026158809661865
3.031256675720215,3.6959962844848633,4.026158809661865
3.032670021057129,3.695880651473999,4.027032375335693
3.034262180328369,3.696269989013672,4.028779983520508
3.034262180328369,3.696269989013672,4.028779983520508
3.034104824066162,3.6967580318450928,4.03074836730957
3.034104824066162,3.6967580318450928,4.03074836730957
3.0300114154815674,3.697101593017578,4.032883167266846
3.0286319255828857,3.6969664096832275,4.033581733703613
3.0286319255828857,3.6969664096832275,4.033581733703613
3.028564691543579,3.6968252658843994,4.0350022315979
3.028564691543579,3.6968252658843994,4.0350022315979
3.0318946838378906,3.697611093521118,4.035083293914795
3.0358455181121826,3.697726011276245,4.034536838531494
3.0358455181121826,3.697726011276245,4.034536838531494
3.035085916519165,3.697343587875366,4.03399133682251
3.035085916519165,3.697343587875366,4.03399133682251
3.0347366333007812,3.697540044784546,4.035497665405273
3.0336201190948486,3.697657346725464,4.0387349128723145
3.0336201190948486,3.697657346725464,4.0387349128723145
3.034287214279175,3.6972806453704834,4.039958953857422
3.034287214279175,3.6972806453704834,4.039958953857422
3.0348126888275146,3.6971609592437744,4.0413970947265625
3.0328369140625,3.6973588466644287,4.044755935668945
3.0328369140625,3.6973588466644287,4.044755935668945
3.031153917312622,3.69785475730896,4.047667503356934
3.031153917312622,3.69785475730896,4.047667503356934
3.0312142372131348,3.6976163387298584,4.046871662139893
3.0322999954223633,3.697383403778076,4.044661998748779
3.0322999954223633,3.697383403778076,4.044661998748779
3.0329620838165283,3.697810649871826,4.044512748718262
3.0331356525421143,3.697155714035034,4.043457508087158
3.0331356525421143,3.697155714035034,4.043457508087158
3.0319690704345703,3.696807622909546,4.04332971572876
3.0319690704345703,3.696807622909546,4.04332971572876
3.0290544033050537,3.696770429611206,4.0453057289123535
3.0290544033050537,3.696770429611206,4.0453057289123535
3.02380108833313,3.6967999935150146,4.048750400543213
3.0214977264404297,3.6960971355438232,4.049559116363525
3.021467447280884,3.6960418224334717,4.049520969390869
3.021467447280884,3.6960418224334717,4.049520969390869
3.017923355102539,3.695195198059082,4.050824165344238
3.017923355102539,3.695195198059082,4.050824165344238
3.015493154525757,3.6946310997009277,4.050487995147705
3.012763023376465,3.694902181625366,4.054001331329346
3.012763023376465,3.694902181625366,4.054001331329346
3.011580467224121,3.694680690765381,4.0541887283325195
3.011580467224121,3.694680690765381,4.0541887283325195
3.010934352874756,3.6941206455230713,4.054922103881836
3.0107531547546387,3.6935863494873047,4.056394100189209
3.0107531547546387,3.6935863494873047,4.056394100189209
3.0102179050445557,3.692852020263672,4.057742118835449
3.0102179050445557,3.692852020263672,4.057742118835449
3.010885000228882,3.6923701763153076,4.058833122253418
3.012637138366699,3.6920015811920166,4.058746814727783
3.012637138366699,3.6920015811920166,4.058746814727783
3.0106453895568848,3.6916370391845703,4.059788703918457
3.0106453895568848,3.6916370391845703,4.059788703918457
3.0090789794921875,3.6916422843933105,4.06027364730835
3.0073401927948,3.6922831535339355,4.061290264129639
3.0073401927948,3.6922831535339355,4.061290264129639
3.007025718688965,3.6930477619171143,4.064124584197998
3.007025718688965,3.6930477619171143,4.064124584197998
3.007037401199341,3.6934070587158203,4.065018177032471
3.0079221725463867,3.693485975265503,4.06436014175415
3.0079221725463867,3.693485975265503,4.06436014175415
3.0070436000823975,3.6939334869384766,4.06561803817749
3.0070436000823975,3.6939334869384766,4.06561803817749
3.005984306335449,3.694361686706543,4.067440509796143
3.005643844604492,3.6949925422668457,4.069006443023682
3.005643844604492,3.6949925422668457,4.069006443023682
3.003364086151123,3.6952853202819824,4.069830894470215
3.003364086151123,3.6952853202819824,4.069830894470215
3.0048553943634033,3.695448637008667,4.067465782165527
3.004929542541504,3.695997714996338,4.070835113525391
3.004929542541504,3.695997714996338,4.070835113525391
3.005296230316162,3.6966044902801514,4.07356595993042
3.005296230316162,3.6966044902801514,4.07356595993042
3.0029871463775635,3.697315216064453,4.075317859649658
3.0009734630584717,3.6971499919891357,4.076414585113525
3.0009734630584717,3.6971499919891357,4.076414585113525
2.9986989498138428,3.6971418857574463,4.079153060913086
2.9986989498138428,3.6971418857574463,4.079153060913086
2.9981751441955566,3.697444438934326,4.080893039703369
2.9962337017059326,3.697711944580078,4.0831522941589355
2.9962337017059326,3.697711944580078,4.0831522941589355
2.9960575103759766,3.6983590126037598,4.0849609375
2.9960575103759766,3.6983590126037598,4.0849609375
2.994032859802246,3.6984610557556152,4.0862274169921875
2.9899611473083496,3.6977431774139404,4.088620662689209
2.9899611473083496,3.6977431774139404,4.088620662689209
2.9905788898468018,3.697866439819336,4.089385509490967
2.9905788898468018,3.697866439819336,4.089385509490967
2.9917240142822266,3.698273181915283,4.091283798217773
2.9919474124908447,3.6984198093414307,4.091747760772705
2.9919474124908447,3.6984198093414307,4.091747760772705
2.9884157180786133,3.6980841159820557,4.0926833152771
2.9884157180786133,3.6980841159820557,4.0926833152771
2.986841917037964,3.6975035667419434,4.094084739685059
2.986696243286133,3.69724178314209,4.094268321990967
2.986696243286133,3.69724178314209,4.094268321990967
2.9884274005889893,3.6973495483398438,4.094635963439941
2.9884274005889893,3.6973495483398438,4.094635963439941
2.989593029022217,3.697214365005493,4.095240592956543
2.987802267074585,3.696768045425415,4.095681190490723
2.987802267074585,3.696768045425415,4.095681190490723
2.9860856533050537,3.6960554122924805,4.095916271209717
2.9860856533050537,3.6960554122924805,4.095916271209717
2.9817311763763428,3.695944309234619,4.0980682373046875
2.9793851375579834,3.6951467990875244,4.098270893096924
2.9793851375579834,3.6951467990875244,4.098270893096924
2.9788730144500732,3.6952064037323,4.099743843078613
2.9788730144500732,3.6952064037323,4.099743843078613
2.979435920715332,3.6955792903900146,4.1015944480896
2.979393243789673,3.6956443786621094,4.10209846496582
2.979393243789673,3.6956443786621094,4.10209846496582
2.9812514781951904,3.6953213214874268,4.102630615234375
2.9812514781951904,3.6953213214874268,4.102630615234375
2.981391429901123,3.6952965259552,4.103788375854492
2.978917121887207,3.695359706878662,4.106828212738037
2.978917121887207,3.695359706878662,4.106828212738037
2.9762275218963623,3.6953933238983154,4.110401630401611
2.9762275218963623,3.6953933238983154,4.110401630401611
2.9724910259246826,3.6954221725463867,4.114659786224365
2.9701859951019287,3.6958775520324707,4.116847515106201
2.9701859951019287,3.6958775520324707,4.116847515106201
2.9690799713134766,3.6965110301971436,4.117116451263428
2.9690799713134766,3.6965110301971436,4.117116451263428
2.970099925994873,3.6967873573303223,4.116576671600342
2.97151780128479,3.6977338790893555,4.11757755279541
2.97151780128479,3.6977338790893555,4.11757755279541
2.9725661277770996,3.698500871658325,4.11788272857666
2.9725661277770996,3.698500871658325,4.11788272857666
2.9742133617401123,3.698655128479004,4.115881443023682
2.9758639335632324,3.6988635063171387,4.115442276000977
2.9758639335632324,3.6988635063171387,4.115442276000977
2.974832534790039,3.6989457607269287,4.116326808929443
2.974832534790039,3.6989457607269287,4.116326808929443
2.9734034538269043,3.6994130611419678,4.117416858673096
2.9735801219940186,3.699146270751953,4.119102954864502
2.9735801219940186,3.699146270751953,4.119102954864502
2.972235679626465,3.699463129043579,4.121582984924316
2.96893310546875,3.699064016342163,4.123172760009766
2.96893310546875,3.699064016342163,4.123172760009766
2.967700242996216,3.698930263519287,4.1241583824157715
2.967700242996216,3.698930263519287,4.1241583824157715
2.9684181213378906,3.6982526779174805,4.1255202293396
2.968881130218506,3.6985280513763428,4.125679016113281
2.968881130218506,3.6985280513763428,4.125679016113281
2.9691073894500732,3.6986191272735596,4.126621246337891
2.9691073894500732,3.6986191272735596,4.126621246337891
2.968522787094116,3.6983892917633057,4.126503944396973
2.9669384956359863,3.69755220413208,4.127755165100098
2.9669384956359863,3.69755220413208,4.127755165100098
2.964479684829712,3.6978743076324463,4.129997253417969
2.964479684829712,3.6978743076324463,4.129997253417969
2.9615559577941895,3.6981072425842285,4.132201671600342
2.958759307861328,3.698446750640869,4.134923934936523
2.958759307861328,3.698446750640869,4.134923934936523
2.9585318565368652,3.699091911315918,4.136044025421143
2.9585318565368652,3.699091911315918,4.136044025421143
2.95782732963562,3.6997926235198975,4.139885902404785
2.9554901123046875,3.6995272636413574,4.142767906188965
2.9554901123046875,3.6995272636413574,4.142767906188965
2.9540727138519287,3.6983351707458496,4.145096302032471
2.9540727138519287,3.6983351707458496,4.145096302032471
2.9538233280181885,3.6976478099823,4.14650297164917
2.9568710327148438,3.6969573497772217,4.146606922149658
2.9568710327148438,3.6969573497772217,4.146606922149658
2.9613449573516846,3.6968119144439697,4.146592140197754
2.9613449573516846,3.6968119144439697,4.146592140197754
2.9639265537261963,3.6966748237609863,4.147099494934082
2.9634923934936523,3.696908950805664,4.150480270385742
2.9634923934936523,3.696908950805664,4.150480270385742
2.9627020359039307,3.696830987930298,4.148950576782227
2.9627020359039307,3.696830987930298,4.148950576782227
2.9638051986694336,3.696901798248291,4.149165153503418
2.9628536701202393,3.6969809532165527,4.1496124267578125
2.9628536701202393,3.6969809532165527,4.1496124267578125
2.96095609664917,3.6969244480133057,4.150431156158447
2.96095609664917,3.6969244480133057,4.150431156158447
2.95721435546875,3.696204900741577,4.151582717895508
2.9563300609588623,3.695417881011963,4.153005123138428
2.9563300609588623,3.695417881011963,4.153005123138428
2.9568073749542236,3.6950323581695557,4.153875350952148
2.9568073749542236,3.6950323581695557,4.153875350952148
2.9571619033813477,3.695441722869873,4.15457820892334
2.957686185836792,3.6953587532043457,4.15453577041626
2.957686185836792,3.6953587532043457,4.15453577041626
2.9552695751190186,3.695236921310425,4.155580043792725
2.9552695751190186,3.695236921310425,4.155580043792725
2.954143524169922,3.6955556869506836,4.15788459777832
2.953483819961548,3.6958885192871094,4.158203601837158
2.953483819961548,3.6958885192871094,4.158203601837158
2.9542651176452637,3.6965949535369873,4.160318374633789
2.9542651176452637,3.6965949535369873,4.160318374633789
2.954679489135742,3.6976523399353027,4.1626667976379395
2.952453136444092,3.6984684467315674,4.164647102355957
2.952453136444092,3.6984684467315674,4.164647102355957
2.9511866569519043,3.6992225646972656,4.166612148284912
2.9511866569519043,3.6992225646972656,4.166612148284912
2.9534783363342285,3.7002551555633545,4.167360305786133
2.955909252166748,3.7006702423095703,4.166492938995361
2.955909252166748,3.7006702423095703,4.166492938995361
2.955479860305786,3.701146364212036,4.170011043548584
2.955479860305786,3.701146364212036,4.170011043548584
2.9520506858825684,3.7006289958953857,4.174211502075195
2.9505724906921387,3.7002880573272705,4.175809860229492
2.9505724906921387,3.7002880573272705,4.175809860229492
2.951456308364868,3.6998822689056396,4.176274299621582
2.951456308364868,3.6998822689056396,4.176274299621582
2.9529731273651123,3.699108123779297,4.176332950592041
2.949235439300537,3.6989235877990723,4.18389368057251
2.949235439300537,3.6989235877990723,4.18389368057251
2.9476683139801025,3.6984951496124268,4.189548492431641
2.9476683139801025,3.6984951496124268,4.189548492431641
2.9460339546203613,3.6983084678649902,4.190321445465088
2.9481048583984375,3.698427677154541,4.18944787979126
2.9481048583984375,3.698427677154541,4.18944787979126
2.95117449760437,3.6984634399414062,4.187671661376953
2.95117449760437,3.6984634399414062,4.187671661376953
2.951754093170166,3.698486089706421,4.187892436981201
2.950833559036255,3.698906183242798,4.189974784851074
2.950833559036255,3.698906183242798,4.189974784851074
2.9511380195617676,3.6991631984710693,4.1885833740234375
2.9511380195617676,3.6991631984710693,4.1885833740234375
2.951005697250366,3.6986629962921143,4.187747001647949
2.9503583908081055,3.698596954345703,4.18899393081665
2.9503583908081055,3.698596954345703,4.18899393081665
2.948840856552124,3.6985769271850586,4.19145393371582
2.948840856552124,3.6985769271850586,4.19145393371582
2.9461238384246826,3.6982100009918213,4.193821907043457
2.946465253829956,3.6980020999908447,4.193068981170654
2.946465253829956,3.6980020999908447,4.193068981170654
2.9467408657073975,3.6979732513427734,4.191396236419678
2.9467408657073975,3.6979732513427734,4.191396236419678
2.949537515640259,3.6990816593170166,4.19148063659668
2.950249671936035,3.699556827545166,4.192081451416016
2.950249671936035,3.699556827545166,4.192081451416016
2.9494714736938477,3.7003355026245117,4.194380760192871
2.9494714736938477,3.7003355026245117,4.194380760192871
2.948777198791504,3.7015552520751953,4.197640419006348
2.9494106769561768,3.702730178833008,4.198999404907227
2.9494106769561768,3.702730178833008,4.198999404907227
2.950237512588501,3.7032244205474854,4.201299667358398
2.950237512588501,3.7032244205474854,4.201299667358398
2.9518003463745117,3.703678607940674,4.202548503875732
2.9515607357025146,3.704127788543701,4.203624725341797
2.9515607357025146,3.704127788543701,4.203624725341797
2.9503982067108154,3.7044408321380615,4.205886363983154
2.9503982067108154,3.7044408321380615,4.205886363983154
2.9483280181884766,3.7049179077148438,4.208132266998291
2.944535732269287,3.705108642578125,4.211030006408691
2.944535732269287,3.705108642578125,4.211030006408691
2.943134307861328,3.7052624225616455,4.212008476257324
2.943134307861328,3.7052624225616455,4.212008476257324
2.9443631172180176,3.7061026096343994,4.212220668792725
2.945732593536377,3.7065343856811523,4.21281099319458
2.945732593536377,3.7065343856811523,4.21281099319458
2.9468886852264404,3.707014322280884,4.213639736175537
2.9468886852264404,3.707014322280884,4.213639736175537
2.948211193084717,3.7075228691101074,4.2149739265441895
2.9496846199035645,3.7082786560058594,4.216433048248291
2.9496846199035645,3.7082786560058594,4.216433048248291
2.951129674911499,3.707965850830078,4.2177734375
2.951129674911499,3.707965850830078,4.2177734375
2.9525439739227295,3.707197904586792,4.2181396484375
2.9499855041503906,3.7066900730133057,4.219106197357178
2.9499855041503906,3.7066900730133057,4.219106197357178
2.945207118988037,3.706336498260498,4.220913887023926
2.945207118988037,3.706336498260498,4.220913887023926
2.943117618560791,3.706833839416504,4.22374963760376
2.9433603286743164,3.706698179244995,4.225156307220459
2.9433603286743164,3.706698179244995,4.225156307220459
2.9431204795837402,3.7065060138702393,4.226113796234131
2.9431204795837402,3.7065060138702393,4.226113796234131
2.94150447845459,3.706256151199341,4.227418899536133
2.9419405460357666,3.70599627494812,4.2277655601501465
2.9419405460357666,3.70599627494812,4.2277655601501465
2.942148208618164,3.7061290740966797,4.228507995605469
2.942148208618164,3.7061290740966797,4.228507995605469
2.9426612854003906,3.7059717178344727,4.227966785430908
2.943657636642456,3.706357955932617,4.2280192375183105
2.943657636642456,3.706357955932617,4.2280192375183105
2.94189453125,3.7063825130462646,4.229282379150391
2.94189453125,3.7063825130462646,4.229282379150391
2.939167022705078,3.706343412399292,4.230655193328857
2.9405813217163086,3.706868886947632,4.232264995574951
2.9405813217163086,3.706868886947632,4.232264995574951
2.9430489540100098,3.707205057144165,4.232270240783691
2.9430489540100098,3.707205057144165,4.232270240783691
2.943657636642456,3.706641674041748,4.231537342071533
2.9408042430877686,3.7066943645477295,4.233580589294434
2.9408042430877686,3.7066943645477295,4.233580589294434
2.937279462814331,3.7080743312835693,4.239378929138184
2.937279462814331,3.7080743312835693,4.239378929138184
2.936488151550293,3.707872152328491,4.241672992706299
2.9370408058166504,3.707638740539551,4.2416486740112305
2.9370408058166504,3.707638740539551,4.2416486740112305
2.9357917308807373,3.707507848739624,4.242093563079834
2.9357917308807373,3.707507848739624,4.242093563079834
2.934678554534912,3.707622766494751,4.244202613830566
2.9333584308624268,3.7076327800750732,4.246669292449951
2.9333584308624268,3.7076327800750732,4.246669292449951
2.9319941997528076,3.7072997093200684,4.247011661529541
2.9319941997528076,3.7072997093200684,4.247011661529541
2.9321837425231934,3.706955671310425,4.246068477630615
2.9315428733825684,3.7071423530578613,4.247257232666016
2.9315428733825684,3.7071423530578613,4.247257232666016
2.9301693439483643,3.707185745239258,4.248537540435791
2.9301693439483643,3.707185745239258,4.248537540435791
2.9287233352661133,3.707195997238159,4.249847888946533
2.929610252380371,3.70805025100708,4.2511796951293945
2.929610252380371,3.70805025100708,4.2511796951293945
2.9286904335021973,3.7080156803131104,4.253164768218994
2.9286904335021973,3.7080156803131104,4.253164768218994
2.927180528640747,3.707613229751587,4.253770351409912
2.924962043762207,3.7080583572387695,4.257620811462402
2.924962043762207,3.7080583572387695,4.257620811462402
2.9249229431152344,3.708462715148926,4.259978294372559
2.9249229431152344,3.708462715148926,4.259978294372559
2.9283804893493652,3.708599090576172,4.2579216957092285
2.9312808513641357,3.7085907459259033,4.2562150955200195
2.9312808513641357,3.7085907459259033,4.2562150955200195
2.931539535522461,3.709139823913574,4.257680416107178
2.931539535522461,3.709139823913574,4.257680416107178
2.9303321838378906,3.708954334259033,4.260115146636963
2.9300215244293213,3.7089755535125732,4.260241985321045
2.9300215244293213,3.7089755535125732,4.260241985321045
2.9313743114471436,3.7089321613311768,4.260474681854248
2.9313743114471436,3.7089321613311768,4.260474681854248
2.9342122077941895,3.708793878555298,4.260279178619385
2.9352407455444336,3.7085683345794678,4.262934684753418
2.9352407455444336,3.7085683345794678,4.262934684753418
2.934725522994995,3.7086539268493652,4.2655816078186035
2.934725522994995,3.7086539268493652,4.2655816078186035
2.9304158687591553,3.7093257904052734,4.271925449371338
2.927828550338745,3.7092747688293457,4.274341106414795
2.927828550338745,3.7092747688293457,4.274341106414795
2.926923990249634,3.7090938091278076,4.274235725402832
2.926923990249634,3.7090938091278076,4.274235725402832
2.928586006164551,3.7091996669769287,4.273435115814209
2.928711414337158,3.7092173099517822,4.273915767669678
2.928711414337158,3.7092173099517822,4.273915767669678
2.92482328414917,3.7090818881988525,4.276634216308594
2.92482328414917,3.7090818881988525,4.276634216308594
2.924379348754883,3.7085392475128174,4.276635646820068
2.9244935512542725,3.708115816116333,4.27634334564209
2.9244935512542725,3.708115816116333,4.27634334564209
2.9269235134124756,3.708979845046997,4.275930881500244
2.9269235134124756,3.708979845046997,4.275930881500244
2.926331043243408,3.709717035293579,4.2767791748046875
2.9241058826446533,3.709787368774414,4.278944492340088
2.9241058826446533,3.709787368774414,4.278944492340088
2.922194242477417,3.7098588943481445,4.280600070953369
2.922194242477417,3.7098588943481445,4.280600070953369
2.919175148010254,3.7110207080841064,4.28164529800415
2.9193708896636963,3.711028575897217,4.281771183013916
2.9193708896636963,3.711028575897217,4.281771183013916
2.9203083515167236,3.7113099098205566,4.283375263214111
2.9203083515167236,3.7113099098205566,4.283375263214111
2.918440580368042,3.711376428604126,4.28651237487793
2.913341999053955,3.711344003677368,4.289160251617432
2.913341999053955,3.711344003677368,4.289160251617432
2.9095706939697266,3.7107431888580322,4.290596961975098
2.9095706939697266,3.7107431888580322,4.290596961975098
2.9088735580444336,3.710513114929199,4.291182518005371
2.9103448390960693,3.711115598678589,4.291657447814941
2.9103448390960693,3.711115598678589,4.291657447814941
2.912517786026001,3.711703062057495,4.292323112487793
2.912517786026001,3.711703062057495,4.292323112487793
2.912376642227173,3.71181321144104,4.293735504150391
2.911616086959839,3.71187424659729,4.297481060028076
2.911616086959839,3.71187424659729,4.297481060028076
2.9093432426452637,3.7121284008026123,4.300761699676514
2.9093432426452637,3.7121284008026123,4.300761699676514
2.907886266708374,3.7120869159698486,4.304032802581787
2.9075796604156494,3.7125277519226074,4.308851718902588
2.9075796604156494,3.7125277519226074,4.308851718902588
2.9072604179382324,3.7128517627716064,4.31209659576416
2.9072604179382324,3.7128517627716064,4.31209659576416
2.906245231628418,3.7131152153015137,4.315647602081299
2.905254602432251,3.713489055633545,4.320152282714844
2.905254602432251,3.713489055633545,4.320152282714844
2.902754068374634,3.7134933471679688,4.323573112487793
2.902754068374634,3.7134933471679688,4.323573112487793
2.8994524478912354,3.7133712768554688,4.325484275817871
2.898591995239258,3.7135226726531982,4.325247764587402
2.898591995239258,3.7135226726531982,4.325247764587402
2.8989570140838623,3.7141330242156982,4.328664302825928
2.8989570140838623,3.7141330242156982,4.328664302825928
2.897127866744995,3.7145798206329346,4.333676338195801
2.8948934078216553,3.714582920074463,4.335649013519287
2.8948934078216553,3.714582920074463,4.335649013519287
2.893195152282715,3.714261770248413,4.339176654815674
2.893195152282715,3.714261770248413,4.339176654815674
2.8916831016540527,3.7139368057250977,4.340672016143799
2.892263650894165,3.7142527103424072,4.342134475708008
2.892263650894165,3.7142527103424072,4.342134475708008
2.894477605819702,3.714660406112671,4.342123031616211
2.894477605819702,3.714660406112671,4.342123031616211
2.89404559135437,3.7145819664001465,4.341553211212158
2.8931097984313965,3.7150635719299316,4.34535026550293
2.8931097984313965,3.7150635719299316,4.34535026550293
2.8921260833740234,3.7149999141693115,4.346996784210205
2.8921260833740234,3.7149999141693115,4.346996784210205
2.8913791179656982,3.714883804321289,4.346110820770264
2.8913421630859375,3.715332508087158,4.346376419067383
2.8913421630859375,3.715332508087158,4.346376419067383
2.8912277221679688,3.7159063816070557,4.349287986755371
2.8912277221679688,3.7159063816070557,4.349287986755371
2.8897387981414795,3.7155601978302,4.349881172180176
2.8886890411376953,3.71547794342041,4.352492809295654
2.8886890411376953,3.71547794342041,4.352492809295654
2.8882503509521484,3.715916633605957,4.353353977203369
2.8882503509521484,3.715916633605957,4.353353977203369
2.888601303100586,3.7153701782226562,4.352914810180664
2.8880527019500732,3.715082883834839,4.3541765213012695
2.8880527019500732,3.715082883834839,4.3541765213012695
2.8861703872680664,3.7150354385375977,4.357876777648926
2.8861703872680664,3.7150354385375977,4.357876777648926
2.8839004039764404,3.7146286964416504,4.359695911407471
2.882411241531372,3.713691473007202,4.362253665924072
2.882411241531372,3.713691473007202,4.362253665924072
2.8784000873565674,3.7136409282684326,4.366080284118652
2.8784000873565674,3.7136409282684326,4.366080284118652
2.87646746635437,3.713622808456421,4.366823196411133
2.8751821517944336,3.7132914066314697,4.367682933807373
2.8751821517944336,3.7132914066314697,4.367682933807373
2.87563419342041,3.7131881713867188,4.367927551269531
2.87563419342041,3.7131881713867188,4.367927551269531
2.8765318393707275,3.7132418155670166,4.370502948760986
2.8779866695404053,3.713593006134033,4.371851921081543
2.8779866695404053,3.713593006134033,4.371851921081543
2.880841016769409,3.714158773422241,4.372473239898682
2.880841016769409,3.714158773422241,4.372473239898682
2.8832077980041504,3.714761734008789,4.3739776611328125
2.884592294692993,3.7152602672576904,4.376141548156738
2.884592294692993,3.7152602672576904,4.376141548156738
2.8816871643066406,3.7147462368011475,4.378170490264893
2.8816871643066406,3.7147462368011475,4.378170490264893
2.879905939102173,3.7141966819763184,4.3781843185424805
2.8802847862243652,3.7142889499664307,4.378555774688721
2.8802847862243652,3.7142889499664307,4.378555774688721
2.8807857036590576,3.7152531147003174,4.3786492347717285
2.8807857036590576,3.7152531147003174,4.3786492347717285
2.879572629928589,3.7153661251068115,4.380559921264648
2.8789188861846924,3.7161903381347656,4.3830885887146
2.8789188861846924,3.7161903381347656,4.3830885887146
2.8786349296569824,3.7164413928985596,4.385091304779053
2.8786349296569824,3.7164413928985596,4.385091304779053
2.879925489425659,3.7166078090667725,4.386405944824219
2.8813490867614746,3.716317653656006,4.389260292053223
2.8813490867614746,3.716317653656006,4.389260292053223
2.8832428455352783,3.7164573669433594,4.389290809631348
2.8832428455352783,3.7164573669433594,4.389290809631348
2.8833274841308594,3.7166082859039307,4.390013694763184
2.881826639175415,3.7173011302948,4.392035007476807
2.881826639175415,3.7173011302948,4.392035007476807
2.8799352645874023,3.718116521835327,4.396608829498291
2.8799352645874023,3.718116521835327,4.396608829498291
2.8801610469818115,3.7190284729003906,4.398754119873047
2.8802578449249268,3.719404935836792,4.398557662963867
2.8802578449249268,3.719404935836792,4.398557662963867
2.8803374767303467,3.7197766304016113,4.399301528930664
2.8803374767303467,3.7197766304016113,4.399301528930664
2.8808326721191406,3.7203128337860107,4.400673866271973
2.881403923034668,3.7208595275878906,4.4014434814453125
2.881403923034668,3.7208595275878906,4.4014434814453125
2.8825230598449707,3.7211341857910156,4.4030585289001465
2.8825230598449707,3.7211341857910156,4.4030585289001465
2.882943630218506,3.7207977771759033,4.4038896560668945
2.88266921043396,3.7209396362304688,4.406067371368408
2.88266921043396,3.7209396362304688,4.406067371368408
2.8827476501464844,3.720916509628296,4.4088544845581055
2.8827476501464844,3.720916509628296,4.4088544845581055
2.8839826583862305,3.7199392318725586,4.410754203796387
2.882291555404663,3.7193799018859863,4.41300630569458
2.882291555404663,3.7193799018859863,4.41300630569458
2.879714250564575,3.7192342281341553,4.417032241821289
2.879714250564575,3.7192342281341553,4.417032241821289
2.876816511154175,3.7188222408294678,4.420351505279541
2.8775713443756104,3.7190465927124023,4.421248435974121
2.8775713443756104,3.7190465927124023,4.421248435974121
2.8791773319244385,3.7200605869293213,4.419742584228516
2.8791773319244385,3.7200605869293213,4.419742584228516
2.8788952827453613,3.720153570175171,4.420704364776611
2.875678062438965,3.7208733558654785,4.425480365753174
2.875678062438965,3.7208733558654785,4.425480365753174
2.8733227252960205,3.721539258956909,4.4300103187561035
2.8733227252960205,3.721539258956909,4.4300103187561035
2.8730804920196533,3.7222437858581543,4.433413982391357
2.8764655590057373,3.723392963409424,4.434694766998291
2.8764655590057373,3.723392963409424,4.434694766998291
2.8788862228393555,3.7240312099456787,4.435494422912598
2.8788862228393555,3.7240312099456787,4.435494422912598
2.879936456680298,3.7244653701782227,4.437072277069092
2.8790271282196045,3.7245469093322754,4.438218593597412
2.8790271282196045,3.7245469093322754,4.438218593597412
2.8768365383148193,3.7240991592407227,4.440848350524902
2.8768365383148193,3.7240991592407227,4.440848350524902
2.8712503910064697,3.7235159873962402,4.448038578033447
2.8669168949127197,3.7228150367736816,4.453932285308838
2.8669168949127197,3.7228150367736816,4.453932285308838
2.8642232418060303,3.7226052284240723,4.456945896148682
2.862610101699829,3.722756862640381,4.460172653198242
2.862610101699829,3.722756862640381,4.460172653198242
2.859729051589966,3.7229232788085938,4.463847637176514
2.859729051589966,3.7229232788085938,4.463847637176514
2.8577749729156494,3.723296880722046,4.465479850769043
2.8577749729156494,3.723296880722046,4.465479850769043
2.8553149700164795,3.723350763320923,4.467061996459961
2.8560898303985596,3.723803997039795,4.467865467071533
2.8560898303985596,3.723803997039795,4.467865467071533
2.8573741912841797,3.7245051860809326,4.466176986694336
2.8573741912841797,3.7245051860809326,4.466176986694336
2.8581643104553223,3.724738597869873,4.464698791503906
2.856748580932617,3.724538564682007,4.46658992767334
2.856748580932617,3.724538564682007,4.46658992767334
2.8556079864501953,3.7246060371398926,4.46959924697876
2.8556079864501953,3.7246060371398926,4.46959924697876
2.8531622886657715,3.7244739532470703,4.4734368324279785
2.8498756885528564,3.7243008613586426,4.476001262664795
2.8498756885528564,3.7243008613586426,4.476001262664795
2.8483352661132812,3.723804473876953,4.47752571105957
2.8483352661132812,3.723804473876953,4.47752571105957
2.8462517261505127,3.7236850261688232,4.479491710662842
2.8437747955322266,3.7235305309295654,4.480113506317139
2.8437747955322266,3.7235305309295654,4.480113506317139
2.8416390419006348,3.723202705383301,4.481333255767822
2.8416390419006348,3.723202705383301,4.481333255767822
2.842674732208252,3.7233378887176514,4.483264923095703
2.844475030899048,3.7237608432769775,4.484097480773926
2.844475030899048,3.7237608432769775,4.484097480773926
2.8446929454803467,3.7238361835479736,4.483743667602539
2.8446929454803467,3.7238361835479736,4.483743667602539
2.843116283416748,3.723729133605957,4.484955787658691
2.840240716934204,3.723639965057373,4.488539218902588
2.840240716934204,3.723639965057373,4.488539218902588
2.8389692306518555,3.723594903945923,4.490773677825928
2.8389692306518555,3.723594903945923,4.490773677825928
2.8393473625183105,3.723726511001587,4.492867469787598
2.8384690284729004,3.723625421524048,4.495579242706299
2.8384690284729004,3.723625421524048,4.495579242706299
2.8373234272003174,3.723416566848755,4.496842384338379
2.8373234272003174,3.723416566848755,4.496842384338379
2.8370473384857178,3.7232964038848877,4.4967122077941895
2.837999105453491,3.7229435443878174,4.496265411376953
2.837999105453491,3.7229435443878174,4.496265411376953
2.8393776416778564,3.722931146621704,4.496880054473877
2.8393776416778564,3.722931146621704,4.496880054473877
2.8397464752197266,3.723022937774658,4.497585296630859
2.8384954929351807,3.723184585571289,4.499178886413574
2.8384954929351807,3.723184585571289,4.499178886413574
2.839256525039673,3.7232823371887207,4.50015926361084
2.839256525039673,3.7232823371887207,4.50015926361084
2.839423656463623,3.724252462387085,4.5012526512146
2.8400497436523438,3.7253947257995605,4.503121376037598
2.8400497436523438,3.7253947257995605,4.503121376037598
2.8401684761047363,3.7259232997894287,4.506036758422852
2.8401684761047363,3.7259232997894287,4.506036758422852
2.839482545852661,3.726196527481079,4.510545253753662
2.837736129760742,3.7258121967315674,4.514196395874023
2.837736129760742,3.7258121967315674,4.514196395874023
2.836512804031372,3.725616455078125,4.515279293060303
2.836512804031372,3.725616455078125,4.515279293060303
2.836664915084839,3.725754499435425,4.517816066741943
2.8366951942443848,3.7256534099578857,4.519313812255859
2.8366951942443848,3.7256534099578857,4.519313812255859
2.834578514099121,3.7250895500183105,4.520613193511963
2.834578514099121,3.7250895500183105,4.520613193511963
2.8327722549438477,3.724961280822754,4.5244574546813965
2.8309924602508545,3.724911689758301,4.526945114135742
2.8309924602508545,3.724911689758301,4.526945114135742
2.831249475479126,3.7248263359069824,4.527667999267578
2.831249475479126,3.7248263359069824,4.527667999267578
2.830399751663208,3.7246527671813965,4.531296253204346
2.8277268409729004,3.7242515087127686,4.533970355987549
2.8277268409729004,3.7242515087127686,4.533970355987549
2.8249552249908447,3.7243030071258545,4.535496711730957
2.8249552249908447,3.7243030071258545,4.535496711730957
2.8257036209106445,3.724874973297119,4.535763740539551
2.827306032180786,3.7257750034332275,4.538560390472412
2.827306032180786,3.7257750034332275,4.538560390472412
2.8263912200927734,3.7256710529327393,4.540015697479248
2.8263912200927734,3.7256710529327393,4.540015697479248
2.8249642848968506,3.7254555225372314,4.540612697601318
2.823972702026367,3.7252817153930664,4.542538166046143
2.823972702026367,3.7252817153930664,4.542538166046143
2.8247056007385254,3.725051164627075,4.5443949699401855
2.8247056007385254,3.725051164627075,4.5443949699401855
2.825422763824463,3.7245914936065674,4.545310020446777
2.824916362762451,3.7243826389312744,4.5463762283325195
2.824916362762451,3.7243826389312744,4.5463762283325195
2.8231780529022217,3.7238705158233643,4.548452377319336
2.8231780529022217,3.7238705158233643,4.548452377319336
2.823596715927124,3.723623037338257,4.549155235290527
2.821587085723877,3.723411798477173,4.552831172943115
2.821587085723877,3.723411798477173,4.552831172943115
2.8186373710632324,3.7231180667877197,4.55476188659668
2.8186373710632324,3.7231180667877197,4.55476188659668
2.817274570465088,3.7231380939483643,4.5557541847229
2.8159072399139404,3.7234673500061035,4.557373046875
2.8159072399139404,3.7234673500061035,4.557373046875
2.812652349472046,3.723588705062866,4.5604681968688965
2.812652349472046,3.723588705062866,4.5604681968688965
2.8135266304016113,3.7242770195007324,4.561435222625732
2.8138327598571777,3.7245023250579834,4.562088489532471
2.8138327598571777,3.7245023250579834,4.562088489532471
2.8130319118499756,3.724522113800049,4.562854290008545
2.8130319118499756,3.724522113800049,4.562854290008545
2.81292462348938,3.7248029708862305,4.566254615783691
2.8112757205963135,3.7246458530426025,4.569817543029785
2.8112757205963135,3.7246458530426025,4.569817543029785
2.8096091747283936,3.7241039276123047,4.570297718048096
2.8096091747283936,3.7241039276123047,4.570297718048096
2.810379981994629,3.724487066268921,4.568199634552002
2.8115549087524414,3.7248973846435547,4.566586494445801
2.8115549087524414,3.7248973846435547,4.566586494445801
2.8090829849243164,3.724987030029297,4.569767951965332
2.8090829849243164,3.724987030029297,4.569767951965332
2.807939052581787,3.7253775596618652,4.572351455688477
2.8037312030792236,3.724743127822876,4.57439661026001
2.8037312030792236,3.724743127822876,4.57439661026001
2.8019330501556396,3.7239792346954346,4.576685428619385
2.8019330501556396,3.7239792346954346,4.576685428619385
2.8026480674743652,3.7241525650024414,4.577420711517334
2.8039731979370117,3.724163770675659,4.578066825866699
2.8039731979370117,3.724163770675659,4.578066825866699
2.8043534755706787,3.7242491245269775,4.577476501464844
2.8043534755706787,3.7242491245269775,4.577476501464844
2.799520492553711,3.7234487533569336,4.580743312835693
2.7981274127960205,3.7236390113830566,4.583521366119385
2.7981274127960205,3.7236390113830566,4.583521366119385
2.796492338180542,3.723278522491455,4.584560394287109
2.796492338180542,3.723278522491455,4.584560394287109
2.7983624935150146,3.7243025302886963,4.583914756774902
2.800215244293213,3.7250924110412598,4.584238529205322
2.800215244293213,3.7250924110412598,4.584238529205322
2.798506259918213,3.7251124382019043,4.586185932159424
2.798506259918213,3.7251124382019043,4.586185932159424
2.796286106109619,3.7248780727386475,4.587494850158691
2.7967891693115234,3.7250802516937256,4.588875770568848
2.7967891693115234,3.7250802516937256,4.588875770568848
2.7967302799224854,3.7240407466888428,4.591442108154297
2.7967302799224854,3.7240407466888428,4.591442108154297
2.798152446746826,3.723172664642334,4.594974040985107
2.7984275817871094,3.722550630569458,4.598930358886719
2.7984275817871094,3.722550630569458,4.598930358886719
2.7972519397735596,3.722099781036377,4.601317882537842
2.7972519397735596,3.722099781036377,4.601317882537842
2.793853282928467,3.7214345932006836,4.603399276733398
2.7912824153900146,3.7204363346099854,4.60467529296875
2.7912824153900146,3.7204363346099854,4.60467529296875
2.792865037918091,3.7202086448669434,4.60429048538208
2.792865037918091,3.7202086448669434,4.60429048538208
2.79491925239563,3.72080135345459,4.603239059448242
2.7956175804138184,3.7216429710388184,4.602797508239746
2.7956175804138184,3.7216429710388184,4.602797508239746
2.7941246032714844,3.7217037677764893,4.604407787322998
2.7941246032714844,3.7217037677764893,4.604407787322998
2.7903337478637695,3.7211694717407227,4.607906341552734
2.7902088165283203,3.721176862716675,4.607933521270752
2.7902088165283203,3.721176862716675,4.607933521270752
2.7917981147766113,3.7218358516693115,4.607342720031738
2.7917981147766113,3.7218358516693115,4.607342720031738
2.7922680377960205,3.721724510192871,4.6086955070495605
2.7930870056152344,3.722534656524658,4.608707427978516
2.7930870056152344,3.722534656524658,4.608707427978516
2.794003486633301,3.7233896255493164,4.610036849975586
2.794003486633301,3.7233896255493164,4.610036849975586
2.7917115688323975,3.723799467086792,4.614181041717529
2.7913787364959717,3.7246150970458984,4.616694450378418
2.7913787364959717,3.7246150970458984,4.616694450378418
2.792361259460449,3.725484609603882,4.619253158569336
2.792361259460449,3.725484609603882,4.619253158569336
2.792952537536621,3.7259838581085205,4.62074613571167
2.791980028152466,3.7260184288024902,4.621185302734375
2.791980028152466,3.7260184288024902,4.621185302734375
2.789760112762451,3.7255666255950928,4.621971607208252
2.789760112762451,3.7255666255950928,4.621971607208252
2.7896368503570557,3.725208044052124,4.623780250549316
2.7914390563964844,3.724719285964966,4.626673698425293
2.7914390563964844,3.724719285964966,4.626673698425293
2.791781187057495,3.724097728729248,4.627954483032227
2.791781187057495,3.724097728729248,4.627954483032227
2.7889344692230225,3.7231192588806152,4.630856513977051
2.7873921394348145,3.722458600997925,4.6339430809021
2.7873921394348145,3.722458600997925,4.6339430809021
2.7872557640075684,3.722254991531372,4.6373209953308105
2.7872557640075684,3.722254991531372,4.6373209953308105
2.785565137863159,3.7217769622802734,4.63967227935791
2.7833566665649414,3.7218687534332275,4.6405510902404785
2.7833566665649414,3.7218687534332275,4.6405510902404785
2.78295636177063,3.7226717472076416,4.641952991485596
2.78295636177063,3.7226717472076416,4.641952991485596
2.782773733139038,3.723355531692505,4.64414119720459
2.780251979827881,3.7232673168182373,4.646468162536621
2.780251979827881,3.7232673168182373,4.646468162536621
2.7798385620117188,3.723353624343872,4.646718502044678
2.7798385620117188,3.723353624343872,4.646718502044678
2.7815210819244385,3.7235803604125977,4.645575523376465
2.78163743019104,3.723463535308838,4.646380424499512
2.78163743019104,3.723463535308838,4.646380424499512
2.780482292175293,3.7232649326324463,4.650437355041504
2.780482292175293,3.7232649326324463,4.650437355041504
2.777594566345215,3.7227723598480225,4.654353141784668
2.77413272857666,3.722092628479004,4.655184268951416
2.77413272857666,3.722092628479004,4.655184268951416
2.7734060287475586,3.7216203212738037,4.654073715209961
2.7734060287475586,3.7216203212738037,4.654073715209961
2.7746310234069824,3.7212703227996826,4.65524435043335
2.774596929550171,3.7209091186523438,4.657386779785156
2.774596929550171,3.7209091186523438,4.657386779785156
2.774101734161377,3.7204203605651855,4.658276081085205
2.774101734161377,3.7204203605651855,4.658276081085205
2.7728631496429443,3.7202587127685547,4.6579742431640625
2.7721571922302246,3.7198984622955322,4.658379077911377
2.7721571922302246,3.7198984622955322,4.658379077911377
2.771289110183716,3.7198264598846436,4.661371231079102
2.771289110183716,3.7198264598846436,4.661371231079102
2.7694671154022217,3.719491958618164,4.664167404174805
2.768003463745117,3.7192494869232178,4.666557788848877
2.768003463745117,3.7192494869232178,4.666557788848877
2.7678515911102295,3.7192270755767822,4.668148040771484
2.7678515911102295,3.7192270755767822,4.668148040771484
2.7669050693511963,3.718813180923462,4.6691107749938965
2.763371467590332,3.7182788848876953,4.672090530395508
2.763371467590332,3.7182788848876953,4.672090530395508
2.7626705169677734,3.7184855937957764,4.672330379486084
2.7623279094696045,3.7192540168762207,4.673391342163086
2.7623279094696045,3.7192540168762207,4.673391342163086
2.7616679668426514,3.7197043895721436,4.674465656280518
2.7616679668426514,3.7197043895721436,4.674465656280518
2.760161876678467,3.719957113265991,4.675498008728027
2.7603092193603516,3.7201411724090576,4.677027225494385
2.7603092193603516,3.7201411724090576,4.677027225494385
2.7596828937530518,3.720261335372925,4.680334568023682
2.7596828937530518,3.720261335372925,4.680334568023682
2.7567832469940186,3.7193570137023926,4.682709693908691
2.7546162605285645,3.719918966293335,4.685211658477783
2.7546162605285645,3.719918966293335,4.685211658477783
2.753734588623047,3.7201080322265625,4.6853742599487305
2.753734588623047,3.7201080322265625,4.6853742599487305
2.754725456237793,3.720672130584717,4.685286045074463
2.7557570934295654,3.7209584712982178,4.685453414916992
2.7557570934295654,3.7209584712982178,4.685453414916992
2.7546403408050537,3.7207705974578857,4.686847686767578
2.7546403408050537,3.7207705974578857,4.686847686767578
2.7529969215393066,3.7202558517456055,4.690245151519775
2.7528903484344482,3.719494104385376,4.692625522613525
2.7528903484344482,3.719494104385376,4.692625522613525
2.7538774013519287,3.719801187515259,4.692138195037842
2.7538774013519287,3.719801187515259,4.692138195037842
2.754357099533081,3.7199597358703613,4.692870140075684
2.753627300262451,3.719961166381836,4.694958209991455
2.753627300262451,3.719961166381836,4.694958209991455
2.748945713043213,3.7186472415924072,4.6998982429504395
2.748945713043213,3.7186472415924072,4.6998982429504395
2.7440526485443115,3.7172281742095947,4.706831932067871
2.7403435707092285,3.716416120529175,4.711728572845459
2.7403435707092285,3.716416120529175,4.711728572845459
2.7380707263946533,3.7163429260253906,4.713286399841309
2.7380707263946533,3.7163429260253906,4.713286399841309
2.737818956375122,3.7161271572113037,4.713240623474121
2.739192247390747,3.7162489891052246,4.713704586029053
2.739192247390747,3.7162489891052246,4.713704586029053
2.7409753799438477,3.7163732051849365,4.714012622833252
2.7409753799438477,3.7163732051849365,4.714012622833252
2.7418506145477295,3.7159740924835205,4.716412544250488
2.7412047386169434,3.7155725955963135,4.718357086181641
2.7412047386169434,3.7155725955963135,4.718357086181641
2.7418110370635986,3.715924024581909,4.72059440612793
2.7418110370635986,3.715924024581909,4.72059440612793
2.737689971923828,3.7152421474456787,4.726944446563721
2.7345030307769775,3.7146341800689697,4.729547500610352
2.7345030307769775,3.7146341800689697,4.729547500610352
2.731379508972168,3.7141213417053223,4.736474514007568
2.731379508972168,3.7141213417053223,4.736474514007568
2.7277753353118896,3.7131080627441406,4.742076873779297
2.7295398712158203,3.7137839794158936,4.743222236633301
2.7295398712158203,3.7137839794158936,4.743222236633301
2.7312674522399902,3.714125871658325,4.745300769805908
2.7312674522399902,3.714125871658325,4.745300769805908
2.7311148643493652,3.7140541076660156,4.746905326843262
2.731996536254883,3.7144031524658203,4.746191501617432
2.731996536254883,3.7144031524658203,4.746191501617432
2.7332611083984375,3.7142786979675293,4.745742321014404
2.7332611083984375,3.7142786979675293,4.745742321014404
2.7333240509033203,3.7137451171875,4.7471513748168945
2.730637550354004,3.712690830230713,4.751681327819824
2.730637550354004,3.712690830230713,4.751681327819824
2.7311041355133057,3.71243953704834,4.7557830810546875
2.7311041355133057,3.71243953704834,4.7557830810546875
2.729559898376465,3.7117104530334473,4.758054733276367
2.7292230129241943,3.711435317993164,4.7578654289245605
2.7292230129241943,3.711435317993164,4.7578654289245605
2.7299065589904785,3.711524724960327,4.756895542144775
2.7299065589904785,3.711524724960327,4.756895542144775
2.729816436767578,3.711681842803955,4.756368637084961
2.728982925415039,3.711789131164551,4.758804798126221
2.728982925415039,3.711789131164551,4.758804798126221
2.7274138927459717,3.711892604827881,4.761833667755127
2.7274138927459717,3.711892604827881,4.761833667755127
2.72497296333313,3.7117061614990234,4.763556957244873
2.7223665714263916,3.7109744548797607,4.766154766082764
2.7223665714263916,3.7109744548797607,4.766154766082764
2.7219598293304443,3.7110414505004883,4.770034313201904
2.7219598293304443,3.7110414505004883,4.770034313201904
2.7184956073760986,3.7102365493774414,4.778753757476807
2.715021848678589,3.709195613861084,4.781078338623047
2.715021848678589,3.709195613861084,4.781078338623047
2.712615966796875,3.708913564682007,4.780195713043213
2.712615966796875,3.708913564682007,4.780195713043213
2.7103006839752197,3.708496570587158,4.780120372772217
2.709787607192993,3.7083230018615723,4.78297233581543
2.709787607192993,3.7083230018615723,4.78297233581543
2.7114689350128174,3.7088255882263184,4.784779071807861
2.7114689350128174,3.7088255882263184,4.784779071807861
2.7116613388061523,3.7086856365203857,4.786083221435547
2.7111310958862305,3.7083756923675537,4.786390781402588
2.7111310958862305,3.7083756923675537,4.786390781402588
2.711148738861084,3.7082083225250244,4.786298751831055
2.711148738861084,3.7082083225250244,4.786298751831055
2.7114570140838623,3.708045721054077,4.788482189178467
2.712299108505249,3.7080440521240234,4.7913947105407715
2.712299108505249,3.7080440521240234,4.7913947105407715
2.714191436767578,3.7084505558013916,4.792872905731201
2.714191436767578,3.7084505558013916,4.792872905731201
2.7127537727355957,3.7078816890716553,4.792605876922607
2.711629867553711,3.7075934410095215,4.7951579093933105
2.711629867553711,3.7075934410095215,4.7951579093933105
2.712186098098755,3.7074851989746094,4.799783229827881
2.712186098098755,3.7074851989746094,4.799783229827881
2.710700035095215,3.7068541049957275,4.8027801513671875
2.70927095413208,3.7061121463775635,4.804186820983887
2.70927095413208,3.7061121463775635,4.804186820983887
2.70951509475708,3.7057909965515137,4.806544780731201
2.70951509475708,3.7057909965515137,4.806544780731201
2.708780288696289,3.7050650119781494,4.811567783355713
2.706758975982666,3.7042341232299805,4.815410137176514
2.706758975982666,3.7042341232299805,4.815410137176514
2.705479860305786,3.7044825553894043,4.815494060516357
2.705479860305786,3.7044825553894043,4.815494060516357
2.704606056213379,3.7047367095947266,4.815276622772217
2.7057714462280273,3.7053020000457764,4.815141677856445
2.7057714462280273,3.7053020000457764,4.815141677856445
2.7049295902252197,3.7053439617156982,4.8174309730529785
2.7049295902252197,3.7053439617156982,4.8174309730529785
2.7046573162078857,3.70582914352417,4.81913948059082
2.7046737670898438,3.706220865249634,4.8186726570129395
2.7046737670898438,3.706220865249634,4.8186726570129395
2.704746961593628,3.70644474029541,4.818441867828369
2.704746961593628,3.70644474029541,4.818441867828369
2.7043185234069824,3.707066774368286,4.819733142852783
2.703859806060791,3.7069056034088135,4.8229570388793945
2.703859806060791,3.7069056034088135,4.8229570388793945
2.7043871879577637,3.7070705890655518,4.8253254890441895
2.7043871879577637,3.7070705890655518,4.8253254890441895
2.7015891075134277,3.7062647342681885,4.831258296966553
2.6999824047088623,3.705782890319824,4.833963394165039
2.6999824047088623,3.705782890319824,4.833963394165039
2.698923110961914,3.7045600414276123,4.839656352996826
2.698923110961914,3.7045600414276123,4.839656352996826
2.698481559753418,3.703076124191284,4.844693660736084
2.6981890201568604,3.702700138092041,4.8465681076049805
2.6981890201568604,3.702700138092041,4.8465681076049805
2.6978890895843506,3.7023658752441406,4.846486568450928
2.6978890895843506,3.7023658752441406,4.846486568450928
2.697021484375,3.7014880180358887,4.848027229309082
2.696495532989502,3.701875925064087,4.850337028503418
2.696495532989502,3.701875925064087,4.850337028503418
2.6941940784454346,3.7015221118927,4.853007793426514
2.6941940784454346,3.7015221118927,4.853007793426514
2.6929092407226562,3.702293634414673,4.854470252990723
2.694122314453125,3.7029078006744385,4.85275411605835
2.694122314453125,3.7029078006744385,4.85275411605835
2.695699691772461,3.7035248279571533,4.853416442871094
2.695699691772461,3.7035248279571533,4.853416442871094
2.6964311599731445,3.7041571140289307,4.857775688171387
2.693941593170166,3.7044219970703125,4.860832214355469
2.693941593170166,3.7044219970703125,4.860832214355469
2.6926403045654297,3.704505205154419,4.862311363220215
2.6927430629730225,3.704498291015625,4.863711833953857
2.6927430629730225,3.704498291015625,4.863711833953857
2.6926681995391846,3.704439878463745,4.8658576011657715
2.6926681995391846,3.704439878463745,4.8658576011657715
2.6915953159332275,3.703857660293579,4.869221210479736
2.6915953159332275,3.703857660293579,4.869221210479736
2.6914114952087402,3.7040159702301025,4.869726657867432
2.6901397705078125,3.703731060028076,4.871426105499268
2.6901397705078125,3.703731060028076,4.871426105499268
2.689082145690918,3.7033069133758545,4.873056411743164
2.689082145690918,3.7033069133758545,4.873056411743164
2.6864075660705566,3.702854633331299,4.876046180725098
2.685060977935791,3.7023332118988037,4.879243850708008
2.685060977935791,3.7023332118988037,4.879243850708008
2.684389114379883,3.701476812362671,4.882618427276611
2.684389114379883,3.701476812362671,4.882618427276611
2.6849541664123535,3.7007434368133545,4.882736682891846
2.683581829071045,3.699860095977783,4.88429594039917
2.683581829071045,3.699860095977783,4.88429594039917
2.6809070110321045,3.6989500522613525,4.889451026916504
2.6809070110321045,3.6989500522613525,4.889451026916504
2.678093194961548,3.6981306076049805,4.893468856811523
2.6755104064941406,3.6975975036621094,4.896081447601318
2.6755104064941406,3.6975975036621094,4.896081447601318
2.6724612712860107,3.69692325592041,4.898190498352051
2.6724612712860107,3.69692325592041,4.898190498352051
2.6714792251586914,3.6965579986572266,4.898599624633789
2.669933557510376,3.6954429149627686,4.900893211364746
2.669933557510376,3.6954429149627686,4.900893211364746
2.6693367958068848,3.6946756839752197,4.903102874755859
2.6693367958068848,3.6946756839752197,4.903102874755859
2.668761730194092,3.694243907928467,4.903979778289795
2.6684043407440186,3.694265365600586,4.904946327209473
2.6684043407440186,3.694265365600586,4.904946327209473
2.6680431365966797,3.694345474243164,4.9075517654418945
2.6680431365966797,3.694345474243164,4.9075517654418945
2.6647236347198486,3.693776845932007,4.913122177124023
2.6629390716552734,3.693671941757202,4.917550086975098
2.6629390716552734,3.693671941757202,4.917550086975098
2.6613192558288574,3.6935815811157227,4.92400598526001
2.6613192558288574,3.6935815811157227,4.92400598526001
2.6599807739257812,3.6931967735290527,4.928041458129883
2.6587605476379395,3.692342758178711,4.9293670654296875
2.6587605476379395,3.692342758178711,4.9293670654296875
2.658989191055298,3.692188024520874,4.9306721687316895
2.660648822784424,3.6927437782287598,4.932403087615967
2.660648822784424,3.6927437782287598,4.932403087615967
2.6606905460357666,3.692608118057251,4.932125091552734
2.6606905460357666,3.692608118057251,4.932125091552734
2.6601312160491943,3.6914820671081543,4.9330267906188965
2.6601312160491943,3.6914820671081543,4.9330267906188965
2.6599645614624023,3.692075252532959,4.9337239265441895
2.659754753112793,3.691967725753784,4.935365676879883
2.659754753112793,3.691967725753784,4.935365676879883
2.658320426940918,3.692066192626953,4.936897277832031
2.658320426940918,3.692066192626953,4.936897277832031
2.6562609672546387,3.6918740272521973,4.938220500946045
2.6551425457000732,3.692197322845459,4.938016891479492
2.6551425457000732,3.692197322845459,4.938016891479492
2.6560373306274414,3.6933400630950928,4.937513828277588
2.6560373306274414,3.6933400630950928,4.937513828277588
2.655473232269287,3.6939096450805664,4.938769817352295
2.6544108390808105,3.694084644317627,4.9415788650512695
2.6544108390808105,3.694084644317627,4.9415788650512695
2.6527483463287354,3.69392991065979,4.943633556365967
2.6527483463287354,3.69392991065979,4.943633556365967
2.6476047039031982,3.6926498413085938,4.947402000427246
2.645503282546997,3.691391706466675,4.951588153839111
2.645503282546997,3.691391706466675,4.951588153839111
2.6434876918792725,3.690809488296509,4.953638553619385
2.6434876918792725,3.690809488296509,4.953638553619385
2.642426013946533,3.690937042236328,4.953270435333252
2.6419026851654053,3.6909584999084473,4.953990459442139
2.6419026851654053,3.6909584999084473,4.953990459442139
2.6412558555603027,3.691005229949951,4.955333709716797
2.6412558555603027,3.691005229949951,4.955333709716797
2.637831211090088,3.6903722286224365,4.958124160766602
2.6343533992767334,3.6896002292633057,4.96102237701416
2.6343533992767334,3.6896002292633057,4.96102237701416
2.6336989402770996,3.688620090484619,4.960616588592529
2.6336989402770996,3.688620090484619,4.960616588592529
2.634523630142212,3.6888039112091064,4.958568096160889
2.635065793991089,3.6888022422790527,4.960755348205566
2.635065793991089,3.6888022422790527,4.960755348205566
2.633526086807251,3.6878743171691895,4.966052532196045
2.633526086807251,3.6878743171691895,4.966052532196045
2.629671096801758,3.68593430519104,4.970253944396973
2.6246025562286377,3.684208393096924,4.97350549697876
2.6246025562286377,3.684208393096924,4.97350549697876
2.624481439590454,3.6840460300445557,4.9730119705200195
2.624481439590454,3.6840460300445557,4.9730119705200195
2.6270766258239746,3.684736728668213,4.9713945388793945
2.628676652908325,3.6853811740875244,4.971340656280518
2.628676652908325,3.6853811740875244,4.971340656280518
2.6271779537200928,3.6851446628570557,4.972658634185791
2.6271779537200928,3.6851446628570557,4.972658634185791
2.624950647354126,3.684678077697754,4.973413944244385
2.6258456707000732,3.684908628463745,4.974323749542236
2.6258456707000732,3.684908628463745,4.974323749542236
2.6268527507781982,3.6851301193237305,4.974664211273193
2.6268527507781982,3.6851301193237305,4.974664211273193
2.62878680229187,3.6850905418395996,4.974678039550781
2.630821466445923,3.686042547225952,4.976781368255615
2.630821466445923,3.686042547225952,4.976781368255615
2.633216142654419,3.6868457794189453,4.980081558227539
2.633216142654419,3.6868457794189453,4.980081558227539
2.634739637374878,3.6876416206359863,4.980347156524658
2.634342670440674,3.687577247619629,4.979344844818115
2.634342670440674,3.687577247619629,4.979344844818115
2.634758472442627,3.688218116760254,4.9773736000061035
2.634758472442627,3.688218116760254,4.9773736000061035
2.633173704147339,3.687692165374756,4.978607177734375
2.6304101943969727,3.686389207839966,4.985983371734619
2.6304101943969727,3.686389207839966,4.985983371734619
2.62434983253479,3.683614730834961,5.00091028213501
2.62434983253479,3.683614730834961,5.00091028213501
2.6227834224700928,3.6833465099334717,5.0017170906066895
2.6227641105651855,3.6835458278656006,4.995009899139404
2.6227641105651855,3.6835458278656006,4.995009899139404
2.625655174255371,3.6842145919799805,4.992733478546143
2.625655174255371,3.6842145919799805,4.992733478546143
2.624683141708374,3.6834352016448975,4.997400283813477
2.6207690238952637,3.682633876800537,5.000237464904785
2.6207690238952637,3.682633876800537,5.000237464904785
2.618515729904175,3.6823477745056152,5.00037145614624
2.618515729904175,3.6823477745056152,5.00037145614624
2.618936538696289,3.682556629180908,4.999931812286377
2.6193158626556396,3.682861566543579,4.99902868270874
2.6193158626556396,3.682861566543579,4.99902868270874
2.618983507156372,3.683044672012329,5.000836372375488
2.618428945541382,3.6822588443756104,5.002619743347168
2.618428945541382,3.6822588443756104,5.002619743347168
2.6175975799560547,3.6814146041870117,5.0043416023254395
2.6175975799560547,3.6814146041870117,5.0043416023254395
2.6172614097595215,3.680785894393921,5.005891799926758
2.6178808212280273,3.680541753768921,5.00706148147583
2.6178808212280273,3.680541753768921,5.00706148147583
2.6158196926116943,3.679172992706299,5.008059978485107
2.6158196926116943,3.679172992706299,5.008059978485107
2.614471435546875,3.6789846420288086,5.008486270904541
2.614471435546875,3.6789846420288086,5.008486270904541
2.612499237060547,3.6786293983459473,5.012925624847412
2.610027551651001,3.678356170654297,5.0156025886535645
2.610027551651001,3.678356170654297,5.0156025886535645
2.6092886924743652,3.678622007369995,5.0153679847717285
2.6092886924743652,3.678622007369995,5.0153679847717285
2.611097574234009,3.679274320602417,5.014496326446533
2.6126668453216553,3.679353952407837,5.0140790939331055
2.6126668453216553,3.679353952407837,5.0140790939331055
2.6129119396209717,3.6793227195739746,5.013744354248047
2.6129119396209717,3.6793227195739746,5.013744354248047
2.6120669841766357,3.6787290573120117,5.014739990234375
2.6115458011627197,3.6790194511413574,5.014868259429932
2.6115458011627197,3.6790194511413574,5.014868259429932
2.61073637008667,3.679149627685547,5.015174865722656
2.61073637008667,3.679149627685547,5.015174865722656
2.6108291149139404,3.6794791221618652,5.015083312988281
2.610788583755493,3.679791212081909,5.015958309173584
2.610788583755493,3.679791212081909,5.015958309173584
2.6096537113189697,3.679408073425293,5.017052173614502
2.6096537113189697,3.679408073425293,5.017052173614502
2.609133005142212,3.6792778968811035,5.018284797668457
2.6084258556365967,3.6786580085754395,5.019383430480957
2.6084258556365967,3.6786580085754395,5.019383430480957
2.607191562652588,3.6779046058654785,5.019854545593262
2.607191562652588,3.6779046058654785,5.019854545593262
2.6056997776031494,3.677518129348755,5.021308898925781
2.603224039077759,3.677760601043701,5.022993564605713
2.603224039077759,3.677760601043701,5.022993564605713
2.5973451137542725,3.6766602993011475,5.027904510498047
2.5973451137542725,3.6766602993011475,5.027904510498047
2.5940613746643066,3.6762871742248535,5.0313191413879395
2.5924272537231445,3.676236867904663,5.0326056480407715
2.5924272537231445,3.676236867904663,5.0326056480407715
2.591948986053467,3.6762592792510986,5.0343780517578125
2.591948986053467,3.6762592792510986,5.0343780517578125
2.5924041271209717,3.6763916015625,5.037301063537598
2.593780517578125,3.6770107746124268,5.036397933959961
2.593780517578125,3.6770107746124268,5.036397933959961
2.5954601764678955,3.6767170429229736,5.036556720733643
2.5954601764678955,3.6767170429229736,5.036556720733643
2.596676826477051,3.6764755249023438,5.037367820739746
2.5972676277160645,3.6764988899230957,5.0386528968811035
2.5972676277160645,3.6764988899230957,5.0386528968811035
2.5973124504089355,3.6766443252563477,5.0400543212890625
2.5973124504089355,3.6766443252563477,5.0400543212890625
2.598174571990967,3.676891565322876,5.039973735809326
2.5984368324279785,3.676684617996216,5.0404372215271
2.5984368324279785,3.676684617996216,5.0404372215271
2.5954043865203857,3.675628900527954,5.044112205505371
2.5927934646606445,3.6757290363311768,5.0462446212768555
2.5927934646606445,3.6757290363311768,5.0462446212768555
2.5916168689727783,3.6757936477661133,5.046242713928223
2.5916168689727783,3.6757936477661133,5.046242713928223
2.59190034866333,3.6764092445373535,5.0434088706970215
2.59190034866333,3.6764092445373535,5.0434088706970215
2.5912301540374756,3.6765048503875732,5.042675495147705
2.5911567211151123,3.6767308712005615,5.044660568237305
2.5911567211151123,3.6767308712005615,5.044660568237305
2.590759515762329,3.676422119140625,5.046838760375977
2.590759515762329,3.676422119140625,5.046838760375977
2.5913326740264893,3.676299571990967,5.047674179077148
2.590482473373413,3.676081895828247,5.048828601837158
2.590482473373413,3.676081895828247,5.048828601837158
2.5899574756622314,3.676002264022827,5.050676345825195
2.5899574756622314,3.676002264022827,5.050676345825195
2.589035749435425,3.675647497177124,5.052056312561035
2.5892815589904785,3.675135612487793,5.053385257720947
2.5892815589904785,3.675135612487793,5.053385257720947
2.5889673233032227,3.6743059158325195,5.0550665855407715
2.5889673233032227,3.6743059158325195,5.0550665855407715
2.5881900787353516,3.6740832328796387,5.056033134460449
2.5843493938446045,3.6730000972747803,5.0582404136657715
2.5843493938446045,3.6730000972747803,5.0582404136657715
2.581169843673706,3.672459602355957,5.059602737426758
2.579763650894165,3.6724131107330322,5.061838150024414
2.579763650894165,3.6724131107330322,5.061838150024414
2.5796406269073486,3.6725800037384033,5.0620646476745605
2.5796406269073486,3.6725800037384033,5.0620646476745605
2.5790154933929443,3.6724510192871094,5.062619209289551
2.5790154933929443,3.6724510192871094,5.062619209289551
2.5782179832458496,3.672267436981201,5.064009666442871
2.5775115489959717,3.671788454055786,5.066135406494141
2.5775115489959717,3.671788454055786,5.066135406494141
2.577636241912842,3.6713197231292725,5.069015979766846
2.5775530338287354,3.670754909515381,5.0704169273376465
2.5775530338287354,3.670754909515381,5.0704169273376465
2.5772206783294678,3.6703224182128906,5.069580078125
2.5772206783294678,3.6703224182128906,5.069580078125
2.5771191120147705,3.669921636581421,5.06926155090332
2.5771191120147705,3.669921636581421,5.06926155090332
2.574890613555908,3.6697895526885986,5.072112083435059
2.5735368728637695,3.669127941131592,5.073973178863525
2.5735368728637695,3.669127941131592,5.073973178863525
2.5722274780273438,3.6687185764312744,5.074016571044922
2.5698082447052,3.6675496101379395,5.075428009033203
2.5698082447052,3.6675496101379395,5.075428009033203
2.5674688816070557,3.666626453399658,5.078652858734131
2.5674688816070557,3.666626453399658,5.078652858734131
2.566408157348633,3.6659746170043945,5.0833210945129395
2.566408157348633,3.6659746170043945,5.0833210945129395
2.5652072429656982,3.6650564670562744,5.087043762207031
2.5657742023468018,3.6649978160858154,5.088593006134033
2.5657742023468018,3.6649978160858154,5.088593006134033
2.5652246475219727,3.664764404296875,5.0882086753845215
2.5652246475219727,3.664764404296875,5.0882086753845215
2.5638949871063232,3.6643402576446533,5.089015960693359
2.5633223056793213,3.663599967956543,5.091413974761963
2.5633223056793213,3.663599967956543,5.091413974761963
2.561448097229004,3.663161516189575,5.094295978546143
2.561448097229004,3.663161516189575,5.094295978546143
2.557952880859375,3.6614978313446045,5.097912788391113
2.556495428085327,3.660743236541748,5.099257946014404
2.556495428085327,3.660743236541748,5.099257946014404
2.5565502643585205,3.6604456901550293,5.099406719207764
2.5565502643585205,3.6604456901550293,5.099406719207764
2.555922031402588,3.6600890159606934,5.102500915527344
2.5533318519592285,3.6610307693481445,5.103686809539795
2.5533318519592285,3.6610307693481445,5.103686809539795
2.550499200820923,3.6605138778686523,5.104588985443115
2.550499200820923,3.6605138778686523,5.104588985443115
2.549049139022827,3.661428451538086,5.103754043579102
2.549283027648926,3.66273832321167,5.103663444519043
2.549283027648926,3.66273832321167,5.103663444519043
2.5485188961029053,3.6634585857391357,5.1060309410095215
2.5485188961029053,3.6634585857391357,5.1060309410095215
2.5450942516326904,3.6631124019622803,5.108405590057373
2.542841911315918,3.6630001068115234,5.111236572265625
2.542841911315918,3.6630001068115234,5.111236572265625
2.542814016342163,3.662001371383667,5.114709377288818
2.542814016342163,3.662001371383667,5.114709377288818
2.5455596446990967,3.661325216293335,5.117867946624756
2.5463695526123047,3.6610426902770996,5.119811534881592
2.5463695526123047,3.6610426902770996,5.119811534881592
2.5462758541107178,3.6608335971832275,5.120118141174316
2.5462758541107178,3.6608335971832275,5.120118141174316
2.545208215713501,3.659921169281006,5.121890544891357
2.5448012351989746,3.659654378890991,5.125639915466309
2.5448012351989746,3.659654378890991,5.125639915466309
2.54451322555542,3.659137010574341,5.128574371337891
2.5447568893432617,3.659353256225586,5.128995895385742
2.5447568893432617,3.659353256225586,5.128995895385742
2.5446014404296875,3.6594443321228027,5.127681732177734
2.5446014404296875,3.6594443321228027,5.127681732177734
2.5453765392303467,3.6600701808929443,5.126557350158691
2.5453765392303467,3.6600701808929443,5.126557350158691
2.545806407928467,3.6601269245147705,5.127651214599609
2.5443942546844482,3.6598093509674072,5.12889289855957
2.5443942546844482,3.6598093509674072,5.12889289855957
2.5421571731567383,3.6594290733337402,5.129711151123047
2.5421571731567383,3.6594290733337402,5.129711151123047
2.5389673709869385,3.6592092514038086,5.130950927734375
2.536775827407837,3.6588194370269775,5.132740020751953
2.536775827407837,3.6588194370269775,5.132740020751953
2.5350182056427,3.658846378326416,5.135482311248779
2.5309054851531982,3.6578712463378906,5.14173698425293
2.5309054851531982,3.6578712463378906,5.14173698425293
2.526528835296631,3.6569249629974365,5.1461944580078125
2.526528835296631,3.6569249629974365,5.1461944580078125
2.5238120555877686,3.6566548347473145,5.1466474533081055
2.5238120555877686,3.6566548347473145,5.1466474533081055
2.5227038860321045,3.6567635536193848,5.14765739440918
2.521434783935547,3.6562845706939697,5.1502299308776855
2.521434783935547,3.6562845706939697,5.1502299308776855
2.521566390991211,3.656296491622925,5.152220249176025
2.521566390991211,3.656296491622925,5.152220249176025
2.5195679664611816,3.6556336879730225,5.1543779373168945
2.5186429023742676,3.6548807621002197,5.158685684204102
2.5186429023742676,3.6548807621002197,5.158685684204102
2.5184459686279297,3.6543383598327637,5.162124156951904
2.5184459686279297,3.6543383598327637,5.162124156951904
2.517355442047119,3.65352201461792,5.165665149688721
2.5134525299072266,3.652139902114868,5.169552326202393
2.5134525299072266,3.652139902114868,5.169552326202393
2.511256694793701,3.6515109539031982,5.17182731628418
2.511256694793701,3.6515109539031982,5.17182731628418
2.510338068008423,3.6514055728912354,5.173397064208984
2.510293483734131,3.6511268615722656,5.175872802734375
2.510293483734131,3.6511268615722656,5.175872802734375
2.5103604793548584,3.65071964263916,5.178579330444336
2.5103604793548584,3.65071964263916,5.178579330444336
2.5092012882232666,3.6503448486328125,5.179594039916992
2.507561445236206,3.6501119136810303,5.180908679962158
2.507561445236206,3.6501119136810303,5.180908679962158
2.5071678161621094,3.6500816345214844,5.18265962600708
2.5071678161621094,3.6500816345214844,5.18265962600708
2.5063798427581787,3.6500730514526367,5.183334827423096
2.507136106491089,3.650627613067627,5.18313455581665
2.507136106491089,3.650627613067627,5.18313455581665
2.506145477294922,3.6503212451934814,5.1847310066223145
2.506145477294922,3.6503212451934814,5.1847310066223145
2.5026652812957764,3.649303436279297,5.187023639678955
2.4987242221832275,3.6481475830078125,5.189734935760498
2.4987242221832275,3.6481475830078125,5.189734935760498
2.496016502380371,3.647454023361206,5.191829681396484
2.496016502380371,3.647454023361206,5.191829681396484
2.495253324508667,3.647430419921875,5.1928300857543945
2.4951937198638916,3.647381067276001,5.193769931793213
2.4951937198638916,3.647381067276001,5.193769931793213
2.495837450027466,3.647353410720825,5.196227550506592
2.495837450027466,3.647353410720825,5.196227550506592
2.497049331665039,3.64780592918396,5.198204517364502
2.4962174892425537,3.6471285820007324,5.199395179748535
2.4962174892425537,3.6471285820007324,5.199395179748535
2.4945831298828125,3.646672487258911,5.200220584869385
2.4945831298828125,3.646672487258911,5.200220584869385
2.492128610610962,3.6460838317871094,5.204074859619141
2.4890036582946777,3.6444740295410156,5.207859516143799
2.4890036582946777,3.6444740295410156,5.207859516143799
2.4865267276763916,3.642855405807495,5.211318492889404
2.4865267276763916,3.642855405807495,5.211318492889404
2.486316442489624,3.6422622203826904,5.210840225219727
2.4854788780212402,3.6419272422790527,5.209194183349609
2.4854788780212402,3.6419272422790527,5.209194183349609
2.484208583831787,3.641167402267456,5.21003532409668
2.484208583831787,3.641167402267456,5.21003532409668
2.4824416637420654,3.63988995552063,5.214188575744629
2.478583335876465,3.6384637355804443,5.217584133148193
2.478583335876465,3.6384637355804443,5.217584133148193
2.475177764892578,3.6379282474517822,5.218836307525635
2.475177764892578,3.6379282474517822,5.218836307525635
2.4740512371063232,3.6374597549438477,5.22163724899292
2.4720380306243896,3.636143684387207,5.226513862609863
2.4720380306243896,3.636143684387207,5.226513862609863
2.4704854488372803,3.6352148056030273,5.2296223640441895
2.4704854488372803,3.6352148056030273,5.2296223640441895
2.469853639602661,3.6350035667419434,5.229768753051758
2.4704957008361816,3.634979724884033,5.230456352233887
2.4704957008361816,3.634979724884033,5.230456352233887
2.4670958518981934,3.6344985961914062,5.232525825500488
2.4670958518981934,3.6344985961914062,5.232525825500488
2.462756633758545,3.634572744369507,5.236197471618652
2.458620309829712,3.633638381958008,5.241783142089844
2.458620309829712,3.633638381958008,5.241783142089844
2.455775022506714,3.633199453353882,5.2434983253479
2.4548845291137695,3.6336066722869873,5.243105888366699
2.4548845291137695,3.6336066722869873,5.243105888366699
2.454929828643799,3.633220672607422,5.245816707611084
2.454929828643799,3.633220672607422,5.245816707611084
2.4539599418640137,3.631892204284668,5.250201225280762
2.4539599418640137,3.631892204284668,5.250201225280762
2.450326442718506,3.630598545074463,5.2542724609375
2.449192762374878,3.6300272941589355,5.255773544311523
2.449192762374878,3.6300272941589355,5.255773544311523
2.447458267211914,3.6286587715148926,5.257930755615234
2.447458267211914,3.6286587715148926,5.257930755615234
2.4465489387512207,3.6274800300598145,5.2605485916137695
2.4459774494171143,3.6268298625946045,5.262677192687988
2.4459774494171143,3.6268298625946045,5.262677192687988
2.4429233074188232,3.624398946762085,5.2657928466796875
2.4429233074188232,3.624398946762085,5.2657928466796875
2.441913366317749,3.6224594116210938,5.267791271209717
2.4399209022521973,3.621948719024658,5.269371509552002
2.4399209022521973,3.621948719024658,5.269371509552002
2.4382944107055664,3.62151837348938,5.271761417388916
2.4382944107055664,3.62151837348938,5.271761417388916
2.4374747276306152,3.621253490447998,5.274177551269531
2.4375903606414795,3.621016025543213,5.275410175323486
2.4375903606414795,3.621016025543213,5.275410175323486
2.434628963470459,3.6217002868652344,5.275252342224121
2.434628963470459,3.6217002868652344,5.275252342224121
2.432957410812378,3.6217899322509766,5.276838779449463
2.433469772338867,3.6225574016571045,5.276231288909912
2.433469772338867,3.6225574016571045,5.276231288909912
2.431962251663208,3.6224005222320557,5.277745246887207
2.431962251663208,3.6224005222320557,5.277745246887207
2.428818941116333,3.6219725608825684,5.279922008514404
2.426978826522827,3.621518850326538,5.283812999725342
2.426978826522827,3.621518850326538,5.283812999725342
2.426955223083496,3.6205081939697266,5.287051200866699
2.4276881217956543,3.6209940910339355,5.288058757781982
2.4276881217956543,3.6209940910339355,5.288058757781982
2.4283132553100586,3.6217753887176514,5.289146900177002
2.4283132553100586,3.6217753887176514,5.289146900177002
2.428384780883789,3.622051954269409,5.290824890136719
2.428384780883789,3.622051954269409,5.290824890136719
2.427661418914795,3.6223347187042236,5.292020320892334
2.428086757659912,3.6232540607452393,5.292677879333496
2.428086757659912,3.6232540607452393,5.292677879333496
2.4285497665405273,3.6238036155700684,5.294625282287598
2.427082061767578,3.6233787536621094,5.298991680145264
2.427082061767578,3.6233787536621094,5.298991680145264
2.4233474731445312,3.620985507965088,5.305345058441162
2.4233474731445312,3.620985507965088,5.305345058441162
2.4178378582000732,3.61881160736084,5.310489177703857
2.4178378582000732,3.61881160736084,5.310489177703857
2.4176247119903564,3.6187684535980225,5.3111572265625
2.4181432723999023,3.6182374954223633,5.310447692871094
2.4181432723999023,3.6182374954223633,5.310447692871094
2.4171345233917236,3.6177968978881836,5.309548854827881
2.4171345233917236,3.6177968978881836,5.309548854827881
2.416602611541748,3.616816520690918,5.310841083526611
2.417673110961914,3.6168484687805176,5.3105268478393555
2.417673110961914,3.6168484687805176,5.3105268478393555
2.4198925495147705,3.6177775859832764,5.307064056396484
2.4198925495147705,3.6177775859832764,5.307064056396484
2.419938564300537,3.6178464889526367,5.307908058166504
2.418220281600952,3.617837429046631,5.309666633605957
2.418220281600952,3.617837429046631,5.309666633605957
2.4146432876586914,3.616616725921631,5.3124165534973145
2.4146432876586914,3.616616725921631,5.3124165534973145
2.4098124504089355,3.6149113178253174,5.316054344177246
2.40696382522583,3.6133155822753906,5.323140621185303
2.40696382522583,3.6133155822753906,5.323140621185303
2.4085495471954346,3.613424301147461,5.3283233642578125
2.4085495471954346,3.613424301147461,5.3283233642578125
2.4118494987487793,3.614048480987549,5.330602169036865
2.410747528076172,3.613527774810791,5.330502033233643
2.410747528076172,3.613527774810791,5.330502033233643
2.4104163646698,3.6136276721954346,5.3301591873168945
2.4104163646698,3.6136276721954346,5.3301591873168945
2.4081320762634277,3.612963914871216,5.330792427062988
2.4057278633117676,3.6122946739196777,5.332328796386719
2.4057278633117676,3.6122946739196777,5.332328796386719
2.4044437408447266,3.6117303371429443,5.337615013122559
2.4044437408447266,3.6117303371429443,5.337615013122559
2.401362657546997,3.610255241394043,5.345393180847168
2.3964433670043945,3.608189105987549,5.353771209716797
2.3964433670043945,3.608189105987549,5.353771209716797
2.3926451206207275,3.606736421585083,5.357510089874268
2.3926451206207275,3.606736421585083,5.357510089874268
2.389796018600464,3.6055381298065186,5.35947847366333
2.3890860080718994,3.605026960372925,5.362221717834473
2.3890860080718994,3.605026960372925,5.362221717834473
2.3898355960845947,3.60479998588562,5.366289138793945
2.3898355960845947,3.60479998588562,5.366289138793945
2.3897745609283447,3.604172468185425,5.369935512542725
2.386577606201172,3.6021549701690674,5.370065689086914
2.386577606201172,3.6021549701690674,5.370065689086914
2.382266044616699,3.6001973152160645,5.371484279632568
2.382266044616699,3.6001973152160645,5.371484279632568
2.3779349327087402,3.5980231761932373,5.377926826477051
2.3742587566375732,3.595733165740967,5.384263038635254
2.3742587566375732,3.595733165740967,5.384263038635254
2.3721086978912354,3.5944724082946777,5.386847972869873
2.3721086978912354,3.5944724082946777,5.386847972869873
2.370789051055908,3.5936803817749023,5.387127876281738
2.3693509101867676,3.593644618988037,5.388245582580566
2.3693509101867676,3.593644618988037,5.388245582580566
2.367980718612671,3.592571496963501,5.389695644378662
2.367980718612671,3.592571496963501,5.389695644378662
2.3684537410736084,3.592155933380127,5.390763282775879
2.368450880050659,3.592125177383423,5.391716480255127
2.368450880050659,3.592125177383423,5.391716480255127
2.368356704711914,3.592365264892578,5.392030239105225
2.368356704711914,3.592365264892578,5.392030239105225
2.3665931224823,3.591813087463379,5.394308090209961
2.3662476539611816,3.591735601425171,5.396034240722656
2.3662476539611816,3.591735601425171,5.396034240722656
2.3634073734283447,3.5910563468933105,5.397191524505615
2.3634073734283447,3.5910563468933105,5.397191524505615
2.362496852874756,3.5912904739379883,5.397221565246582
2.3613219261169434,3.591295003890991,5.396854400634766
2.3613219261169434,3.591295003890991,5.396854400634766
2.358306884765625,3.5902252197265625,5.398604869842529
2.358306884765625,3.5902252197265625,5.398604869842529
2.3575310707092285,3.590165615081787,5.4000420570373535
2.3575310707092285,3.590165615081787,5.4000420570373535
2.3582873344421387,3.5906035900115967,5.401576995849609
2.356867790222168,3.5906312465667725,5.400530815124512
2.356867790222168,3.5906312465667725,5.400530815124512
2.3559987545013428,3.5902316570281982,5.401350975036621
2.3559987545013428,3.5902316570281982,5.401350975036621
2.3558502197265625,3.5898962020874023,5.403905868530273
2.353109836578369,3.587705612182617,5.408783435821533
2.353109836578369,3.587705612182617,5.408783435821533
2.3534457683563232,3.5880625247955322,5.409104347229004
2.3534457683563232,3.5880625247955322,5.409104347229004
2.357342481613159,3.5900063514709473,5.407901287078857
2.3581106662750244,3.5904171466827393,5.406833171844482
2.3581106662750244,3.5904171466827393,5.406833171844482
2.3564274311065674,3.589517116546631,5.407726287841797
2.3564274311065674,3.589517116546631,5.407726287841797
2.354795217514038,3.589005947113037,5.410782814025879
2.3528225421905518,3.5880017280578613,5.412548542022705
2.3528225421905518,3.5880017280578613,5.412548542022705
2.3506369590759277,3.5868654251098633,5.414534091949463
2.3506369590759277,3.5868654251098633,5.414534091949463
2.350531578063965,3.5870747566223145,5.416900634765625
2.348949909210205,3.5869851112365723,5.420513153076172
2.348949909210205,3.5869851112365723,5.420513153076172
2.347764492034912,3.5866787433624268,5.420835494995117
2.347764492034912,3.5866787433624268,5.420835494995117
2.348266839981079,3.586618185043335,5.421846866607666
2.348145008087158,3.586662530899048,5.424365520477295
2.348145008087158,3.586662530899048,5.424365520477295
2.346296548843384,3.5857162475585938,5.428072452545166
2.346296548843384,3.5857162475585938,5.428072452545166
2.34574818611145,3.5856802463531494,5.428955554962158
2.3464043140411377,3.5862069129943848,5.429529666900635
2.3464043140411377,3.5862069129943848,5.429529666900635
2.3453824520111084,3.585758924484253,5.432128429412842
2.3453824520111084,3.585758924484253,5.432128429412842
2.3429980278015137,3.584446907043457,5.435003280639648
2.340299129486084,3.5832479000091553,5.436390399932861
2.340299129486084,3.5832479000091553,5.436390399932861
2.3375213146209717,3.581332206726074,5.437864780426025
2.3375213146209717,3.581332206726074,5.437864780426025
2.3373959064483643,3.580660820007324,5.438506126403809
2.337092161178589,3.579721689224243,5.440699577331543
2.337092161178589,3.579721689224243,5.440699577331543
2.335753917694092,3.5791850090026855,5.441344738006592
2.335753917694092,3.5791850090026855,5.441344738006592
2.3342173099517822,3.578608751296997,5.443607807159424
2.334373950958252,3.5786502361297607,5.444159030914307
2.334373950958252,3.5786502361297607,5.444159030914307
2.3340489864349365,3.5783915519714355,5.445123672485352
2.3340489864349365,3.5783915519714355,5.445123672485352
2.333171844482422,3.578381061553955,5.4454827308654785
2.332785129547119,3.578836441040039,5.446966171264648
2.332785129547119,3.578836441040039,5.446966171264648
2.328950881958008,3.577610492706299,5.451807975769043
2.328950881958008,3.577610492706299,5.451807975769043
2.3258514404296875,3.577005386352539,5.456836700439453
2.3236241340637207,3.5765442848205566,5.461403846740723
2.3236241340637207,3.5765442848205566,5.461403846740723
2.3216774463653564,3.5760953426361084,5.461787223815918
2.3216774463653564,3.5760953426361084,5.461787223815918
2.319315195083618,3.5749711990356445,5.462369918823242
2.320195436477661,3.575385332107544,5.463798999786377
2.320195436477661,3.575385332107544,5.463798999786377
2.320434331893921,3.5754995346069336,5.465623378753662
2.320434331893921,3.5754995346069336,5.465623378753662
2.3215138912200928,3.576037883758545,5.464770793914795
2.3224432468414307,3.5766661167144775,5.464587211608887
2.3224432468414307,3.5766661167144775,5.464587211608887
2.322974443435669,3.5767335891723633,5.466463088989258
2.322974443435669,3.5767335891723633,5.466463088989258
2.322681427001953,3.5766782760620117,5.468892574310303
2.3215396404266357,3.5766067504882812,5.47000789642334
2.3215396404266357,3.5766067504882812,5.47000789642334
2.3215878009796143,3.577233076095581,5.470584392547607
2.3215878009796143,3.577233076095581,5.470584392547607
2.3215579986572266,3.5768821239471436,5.472870826721191
2.319837808609009,3.5753583908081055,5.478425979614258
2.319837808609009,3.5753583908081055,5.478425979614258
2.319507122039795,3.575115919113159,5.4803314208984375
2.319507122039795,3.575115919113159,5.4803314208984375
2.3222098350524902,3.576115846633911,5.477794170379639
2.3235538005828857,3.5765316486358643,5.473788261413574
2.3235538005828857,3.5765316486358643,5.473788261413574
2.3189773559570312,3.5739591121673584,5.474583148956299
2.3189773559570312,3.5739591121673584,5.474583148956299
2.3125057220458984,3.570183753967285,5.480443000793457
2.312215566635132,3.569474458694458,5.483677864074707
2.312215566635132,3.569474458694458,5.483677864074707
2.314770460128784,3.5700111389160156,5.482196807861328
2.314770460128784,3.5700111389160156,5.482196807861328
2.317113161087036,3.5706799030303955,5.479018211364746
2.317201852798462,3.5694103240966797,5.479356288909912
2.317201852798462,3.5694103240966797,5.479356288909912
2.3154852390289307,3.5690717697143555,5.482953071594238
2.3154852390289307,3.5690717697143555,5.482953071594238
2.3147270679473877,3.5681324005126953,5.486154079437256
2.3150765895843506,3.5681629180908203,5.486435890197754
2.3150765895843506,3.5681629180908203,5.486435890197754
2.3159291744232178,3.56844425201416,5.486726760864258
2.3159291744232178,3.56844425201416,5.486726760864258
2.316828966140747,3.5687637329101562,5.487131118774414
2.3176982402801514,3.5691306591033936,5.488034248352051
2.3176982402801514,3.5691306591033936,5.488034248352051
2.318084239959717,3.568967819213867,5.4887166023254395
2.318084239959717,3.568967819213867,5.4887166023254395
2.317340135574341,3.5685832500457764,5.4900407791137695
2.315673589706421,3.567953109741211,5.49101448059082
2.315673589706421,3.567953109741211,5.49101448059082
2.315042495727539,3.566920280456543,5.4940056800842285
2.315042495727539,3.566920280456543,5.4940056800842285
2.315473794937134,3.566289186477661,5.496227264404297
2.3158743381500244,3.56615948677063,5.495903968811035
2.3158743381500244,3.56615948677063,5.495903968811035
2.3167312145233154,3.566488265991211,5.496506214141846
2.3167312145233154,3.566488265991211,5.496506214141846
2.317413806915283,3.566288471221924,5.497842788696289
2.3161733150482178,3.5653374195098877,5.498384952545166
2.3161733150482178,3.5653374195098877,5.498384952545166
2.3133671283721924,3.564326047897339,5.499184608459473
2.3133671283721924,3.564326047897339,5.499184608459473
2.311577081680298,3.5643184185028076,5.499000072479248
2.309351921081543,3.5627522468566895,5.501463413238525
2.309351921081543,3.5627522468566895,5.501463413238525
2.3076322078704834,3.5615339279174805,5.504294395446777
2.3076322078704834,3.5615339279174805,5.504294395446777
2.304330825805664,3.560248374938965,5.505467891693115
2.301114320755005,3.5588772296905518,5.507339000701904
2.301114320755005,3.5588772296905518,5.507339000701904
2.298281669616699,3.558647871017456,5.508965492248535
2.298281669616699,3.558647871017456,5.508965492248535
2.2978830337524414,3.5594396591186523,5.510586261749268
2.297563314437866,3.560222864151001,5.511499404907227
2.297563314437866,3.560222864151001,5.511499404907227
2.2960143089294434,3.5603768825531006,5.512197971343994
2.2960143089294434,3.5603768825531006,5.512197971343994
2.2927229404449463,3.558969020843506,5.518505573272705
2.2912099361419678,3.5570616722106934,5.523481369018555
2.2912099361419678,3.5570616722106934,5.523481369018555
2.290858268737793,3.5559921264648438,5.526317596435547
2.290858268737793,3.5559921264648438,5.526317596435547
2.2899951934814453,3.55493426322937,5.528348445892334
2.2887330055236816,3.5540740489959717,5.53204870223999
2.2887330055236816,3.5540740489959717,5.53204870223999
2.286329507827759,3.55197811126709,5.536850452423096
2.286329507827759,3.55197811126709,5.536850452423096
2.284745454788208,3.550737142562866,5.538116931915283
2.2828993797302246,3.549795389175415,5.541566848754883
2.2828993797302246,3.549795389175415,5.541566848754883
2.281010389328003,3.5492401123046875,5.543304443359375
2.281010389328003,3.5492401123046875,5.543304443359375
2.2777509689331055,3.547914981842041,5.545145511627197
2.2732741832733154,3.5462939739227295,5.546074390411377
2.2732741832733154,3.5462939739227295,5.546074390411377
2.2715981006622314,3.546527147293091,5.548709869384766
2.2715981006622314,3.546527147293091,5.548709869384766
2.2706236839294434,3.5452277660369873,5.556351184844971
2.2700130939483643,3.5442843437194824,5.561794757843018
2.2700130939483643,3.5442843437194824,5.561794757843018
2.2687911987304688,3.544116973876953,5.5646586418151855
2.2687911987304688,3.544116973876953,5.5646586418151855
2.2664639949798584,3.5436489582061768,5.565547943115234
2.265690326690674,3.543278217315674,5.566751480102539
2.265690326690674,3.543278217315674,5.566751480102539
2.2677247524261475,3.5444064140319824,5.5684075355529785
2.2677247524261475,3.5444064140319824,5.5684075355529785
2.26816725730896,3.5455803871154785,5.570471286773682
2.267368793487549,3.5447678565979004,5.571308135986328
2.267368793487549,3.5447678565979004,5.571308135986328
2.266906499862671,3.544623613357544,5.5725626945495605
2.266906499862671,3.544623613357544,5.5725626945495605
2.2664356231689453,3.5437326431274414,5.575648307800293
2.2703239917755127,3.543715715408325,5.58100700378418
2.2703239917755127,3.543715715408325,5.58100700378418
2.270430326461792,3.542295455932617,5.583252906799316
2.270430326461792,3.542295455932617,5.583252906799316
2.268578052520752,3.5411102771759033,5.5838823318481445
2.265996217727661,3.5400891304016113,5.584483623504639
2.265996217727661,3.5400891304016113,5.584483623504639
2.2657833099365234,3.5397753715515137,5.586907863616943
2.2657833099365234,3.5397753715515137,5.586907863616943
2.265101909637451,3.539212465286255,5.589645862579346
2.260977268218994,3.5370945930480957,5.593208312988281
2.260977268218994,3.5370945930480957,5.593208312988281
2.260355234146118,3.536951780319214,5.595635414123535
2.260355234146118,3.536951780319214,5.595635414123535
2.2609760761260986,3.537527561187744,5.596117973327637
2.260929584503174,3.5383317470550537,5.594548225402832
2.260929584503174,3.5383317470550537,5.594548225402832
2.2616875171661377,3.5388646125793457,5.593796730041504
2.2616875171661377,3.5388646125793457,5.593796730041504
2.261826753616333,3.5388453006744385,5.59607458114624
2.259429693222046,3.5375254154205322,5.597524166107178
2.259429693222046,3.5375254154205322,5.597524166107178
2.259251356124878,3.5374529361724854,5.5977582931518555
2.259251356124878,3.5374529361724854,5.5977582931518555
2.2614426612854004,3.5377249717712402,5.595974922180176
2.2614691257476807,3.5374293327331543,5.595091342926025
2.2614691257476807,3.5374293327331543,5.595091342926025
2.263307571411133,3.5383448600769043,5.594149589538574
2.263307571411133,3.5383448600769043,5.594149589538574
2.2680177688598633,3.5405609607696533,5.592918395996094
2.262352705001831,3.5358686447143555,5.59902811050415
2.262352705001831,3.5358686447143555,5.59902811050415
2.2616493701934814,3.536465883255005,5.6005167961120605
2.2616493701934814,3.536465883255005,5.6005167961120605
2.260770320892334,3.535867214202881,5.6029887199401855
2.2620625495910645,3.5361135005950928,5.600888729095459
2.2620625495910645,3.5361135005950928,5.600888729095459
2.2639102935791016,3.536776542663574,5.599729061126709
2.2639102935791016,3.536776542663574,5.599729061126709
2.2643136978149414,3.5365610122680664,5.601675987243652
2.262932062149048,3.5361156463623047,5.602902889251709
2.262932062149048,3.5361156463623047,5.602902889251709
2.2627696990966797,3.535296678543091,5.603845596313477
2.2619075775146484,3.534731149673462,5.60555362701416
2.2619075775146484,3.534731149673462,5.60555362701416
2.260554552078247,3.533987283706665,5.6085429191589355
2.260554552078247,3.533987283706665,5.6085429191589355
2.258373260498047,3.533169984817505,5.612730979919434
2.258373260498047,3.533169984817505,5.612730979919434
2.256696939468384,3.5321197509765625,5.617757797241211
2.2559616565704346,3.531522750854492,5.620828628540039
2.2559616565704346,3.531522750854492,5.620828628540039
2.25590443611145,3.5313096046447754,5.622015953063965
2.25590443611145,3.5313096046447754,5.622015953063965
2.2580909729003906,3.531723976135254,5.622179985046387
2.2588608264923096,3.5313494205474854,5.622284412384033
2.2588608264923096,3.5313494205474854,5.622284412384033
2.2580018043518066,3.529904842376709,5.624054431915283
2.2580018043518066,3.529904842376709,5.624054431915283
2.258223533630371,3.529033660888672,5.626303672790527
2.258183479309082,3.5280232429504395,5.628957271575928
2.258183479309082,3.5280232429504395,5.628957271575928
2.256845712661743,3.5266313552856445,5.629079341888428
2.256845712661743,3.5266313552856445,5.629079341888428
2.257314682006836,3.5257561206817627,5.629680156707764
2.2572810649871826,3.5256214141845703,5.630609035491943
2.2572810649871826,3.5256214141845703,5.630609035491943
2.2552201747894287,3.523773193359375,5.63375997543335
2.2552201747894287,3.523773193359375,5.63375997543335
2.253688097000122,3.523439884185791,5.635005474090576
2.2516729831695557,3.5226526260375977,5.6376166343688965
2.2516729831695557,3.5226526260375977,5.6376166343688965
2.2509047985076904,3.521157741546631,5.637747764587402
2.2509047985076904,3.521157741546631,5.637747764587402
2.2489702701568604,3.520082950592041,5.6384596824646
2.2485408782958984,3.5213775634765625,5.637911319732666
2.2485408782958984,3.5213775634765625,5.637911319732666
2.2486038208007812,3.5213725566864014,5.63873815536499
2.2486038208007812,3.5213725566864014,5.63873815536499
2.2484915256500244,3.521813154220581,5.6378397941589355
2.247271776199341,3.52226185798645,5.63820743560791
2.247271776199341,3.52226185798645,5.63820743560791
2.2445433139801025,3.522294759750366,5.63987922668457
2.2445433139801025,3.522294759750366,5.63987922668457
2.245474100112915,3.522634983062744,5.640895366668701
2.24617338180542,3.523541212081909,5.64073371887207
2.24617338180542,3.523541212081909,5.64073371887207
2.245631217956543,3.5239503383636475,5.6405768394470215
2.245631217956543,3.5239503383636475,5.6405768394470215
2.2453598976135254,3.5239338874816895,5.641635417938232
2.246183395385742,3.5224645137786865,5.644229412078857
2.246183395385742,3.5224645137786865,5.644229412078857
2.2455227375030518,3.5215837955474854,5.644840240478516
2.2455227375030518,3.5215837955474854,5.644840240478516
2.2447664737701416,3.5225508213043213,5.644598960876465
2.2447192668914795,3.522148370742798,5.645846843719482
2.2447192668914795,3.522148370742798,5.645846843719482
2.243234634399414,3.5216269493103027,5.6473870277404785
2.243234634399414,3.5216269493103027,5.6473870277404785
2.2425878047943115,3.521332025527954,5.647623538970947
2.2441985607147217,3.521599531173706,5.647319316864014
2.2441985607147217,3.521599531173706,5.647319316864014
2.24432373046875,3.5212860107421875,5.648326873779297
2.24432373046875,3.5212860107421875,5.648326873779297
2.2421207427978516,3.5208985805511475,5.647674083709717
2.2408030033111572,3.519751787185669,5.649397850036621
2.2408030033111572,3.519751787185669,5.649397850036621
2.24099063873291,3.5189480781555176,5.65295934677124
2.24099063873291,3.5189480781555176,5.65295934677124
2.242006301879883,3.5192759037017822,5.654024600982666
2.2427003383636475,3.5202276706695557,5.653703212738037
2.2427003383636475,3.5202276706695557,5.653703212738037
2.2429609298706055,3.5197644233703613,5.6560444831848145
2.2429609298706055,3.5197644233703613,5.6560444831848145
2.242905855178833,3.5177414417266846,5.660153865814209
2.2446377277374268,3.5173556804656982,5.663055896759033
2.2446377277374268,3.5173556804656982,5.663055896759033
2.245361804962158,3.5166099071502686,5.664808750152588
2.245361804962158,3.5166099071502686,5.664808750152588
2.2469961643218994,3.5170810222625732,5.664210796356201
2.245832681655884,3.516831636428833,5.664013862609863
2.245832681655884,3.516831636428833,5.664013862609863
2.244858980178833,3.516589879989624,5.6630859375
2.244858980178833,3.516589879989624,5.6630859375
2.2443273067474365,3.5162644386291504,5.662817001342773
2.2441022396087646,3.516315460205078,5.661147594451904
2.2441022396087646,3.516315460205078,5.661147594451904
2.2432873249053955,3.5155045986175537,5.662736892700195
2.2432873249053955,3.5155045986175537,5.662736892700195
2.242216110229492,3.5146100521087646,5.665494441986084
2.240825653076172,3.514350175857544,5.66696310043335
2.240825653076172,3.514350175857544,5.66696310043335
2.240241050720215,3.5139408111572266,5.669701099395752
2.240241050720215,3.5139408111572266,5.669701099395752
2.2385871410369873,3.5133984088897705,5.672549247741699
2.238332986831665,3.5127813816070557,5.67453670501709
2.238332986831665,3.5127813816070557,5.67453670501709
2.2375307083129883,3.5118770599365234,5.676434516906738
2.2375307083129883,3.5118770599365234,5.676434516906738
2.236473321914673,3.5113203525543213,5.676542282104492
2.2362871170043945,3.5110340118408203,5.677303791046143
2.2362871170043945,3.5110340118408203,5.677303791046143
2.2362565994262695,3.5109760761260986,5.679744720458984
2.2362565994262695,3.5109760761260986,5.679744720458984
2.236459970474243,3.5109660625457764,5.682546138763428
2.2383739948272705,3.511174440383911,5.6827778816223145
2.2383739948272705,3.511174440383911,5.6827778816223145
2.239819288253784,3.5116209983825684,5.683135509490967
2.239819288253784,3.5116209983825684,5.683135509490967
2.23878812789917,3.511289119720459,5.683426380157471
2.2388718128204346,3.5113353729248047,5.68463659286499
2.2388718128204346,3.5113353729248047,5.68463659286499
2.239690065383911,3.5114097595214844,5.685566425323486
2.239690065383911,3.5114097595214844,5.685566425323486
2.240431070327759,3.5120913982391357,5.685728073120117
2.2414867877960205,3.513864278793335,5.682750225067139
2.2414867877960205,3.513864278793335,5.682750225067139
2.242527723312378,3.5153961181640625,5.68055534362793
2.242527723312378,3.5153961181640625,5.68055534362793
2.242877244949341,3.5180442333221436,5.678093910217285
2.2465851306915283,3.537158966064453,5.650075912475586
2.2465851306915283,3.537158966064453,5.650075912475586
