x,y,z
3.5553605556488037,3.4750149250030518,3.913578510284424
3.555835723876953,3.4755072593688965,3.914447546005249
3.5553154945373535,3.475275993347168,3.9142279624938965
3.5559275150299072,3.476177930831909,3.914490222930908
3.5559275150299072,3.476177930831909,3.914490222930908
3.555979013442993,3.475923538208008,3.91347074508667
3.558591604232788,3.4819328784942627,3.916572093963623
3.562150716781616,3.479452610015869,3.9193506240844727
3.560502529144287,3.4778494834899902,3.918286085128784
3.560502529144287,3.4778494834899902,3.918286085128784
3.5609421730041504,3.478004217147827,3.9194626808166504
3.562885046005249,3.47446346282959,3.9202561378479004
3.5627853870391846,3.473588228225708,3.920687198638916
3.564507007598877,3.4739041328430176,3.921555519104004
3.564507007598877,3.4739041328430176,3.921555519104004
3.56718111038208,3.4766509532928467,3.9245848655700684
3.566166400909424,3.4803409576416016,3.9247758388519287
3.5651257038116455,3.4851205348968506,3.9245314598083496
3.565277576446533,3.4887924194335938,3.9234979152679443
3.565277576446533,3.4887924194335938,3.9234979152679443
3.563894510269165,3.4921247959136963,3.922107219696045
3.5645134449005127,3.492436647415161,3.921079397201538
3.5633363723754883,3.4922475814819336,3.9198362827301025
3.5613951683044434,3.4912054538726807,3.9184162616729736
3.560809850692749,3.490971803665161,3.9178459644317627
3.560809850692749,3.490971803665161,3.9178459644317627
3.5596752166748047,3.4902119636535645,3.9167966842651367
3.5592458248138428,3.4920849800109863,3.917468786239624
3.5588858127593994,3.492537498474121,3.916996717453003
3.5588858127593994,3.492537498474121,3.916996717453003
3.5594823360443115,3.4953598976135254,3.917937755584717
3.560048818588257,3.4959888458251953,3.9183738231658936
3.5593295097351074,3.4959259033203125,3.918022632598877
3.559150457382202,3.4964494705200195,3.9182448387145996
3.559150457382202,3.4964494705200195,3.9182448387145996
3.5582001209259033,3.4959657192230225,3.917698621749878
3.5586907863616943,3.4970359802246094,3.9186761379241943
3.5591015815734863,3.4969754219055176,3.918774127960205
3.5596261024475098,3.49786114692688,3.9198379516601562
3.5596261024475098,3.49786114692688,3.9198379516601562
3.559887647628784,3.497751474380493,3.919670581817627
3.560210943222046,3.4987494945526123,3.9204535484313965
3.5616085529327393,3.4985437393188477,3.921440601348877
3.561919927597046,3.4992167949676514,3.9226033687591553
3.5624828338623047,3.4977328777313232,3.9226670265197754
3.5624828338623047,3.4977328777313232,3.9226670265197754
3.5617172718048096,3.4972240924835205,3.922266721725464
3.5615530014038086,3.496584892272949,3.921823740005493
3.5603058338165283,3.495701789855957,3.9205515384674072
3.5603058338165283,3.495701789855957,3.9205515384674072
3.5609545707702637,3.494720220565796,3.920769214630127
3.561339855194092,3.4944562911987305,3.9211409091949463
3.561856985092163,3.494201898574829,3.9220364093780518
3.561791181564331,3.4935824871063232,3.9221296310424805
3.561791181564331,3.4935824871063232,3.9221296310424805
3.5618655681610107,3.4927968978881836,3.9222006797790527
3.5619966983795166,3.492446184158325,3.9222612380981445
3.5620510578155518,3.492083787918091,3.9221699237823486
3.562328815460205,3.4927945137023926,3.9226996898651123
3.562328815460205,3.4927945137023926,3.9226996898651123
3.5624282360076904,3.493051290512085,3.9229183197021484
3.562493085861206,3.493333578109741,3.9230215549468994
3.562650680541992,3.493030548095703,3.923027515411377
3.562521457672119,3.492047071456909,3.9225566387176514
3.562521457672119,3.492047071456909,3.9225566387176514
3.562772274017334,3.49318528175354,3.9226183891296387
3.5628931522369385,3.4947705268859863,3.922672986984253
3.563377857208252,3.496345281600952,3.923203706741333
3.563413381576538,3.496738910675049,3.9235055446624756
3.5633652210235596,3.4969778060913086,3.923600435256958
3.5633652210235596,3.4969778060913086,3.923600435256958
3.562440872192383,3.4965035915374756,3.9230992794036865
3.5624735355377197,3.495466947555542,3.9227190017700195
3.5620901584625244,3.495112895965576,3.922828435897827
3.5620901584625244,3.495112895965576,3.922828435897827
3.5623528957366943,3.4955642223358154,3.9231374263763428
3.5621132850646973,3.4962894916534424,3.9227356910705566
3.5623576641082764,3.4973089694976807,3.922760248184204
3.562037944793701,3.4985270500183105,3.922734022140503
3.562037944793701,3.4985270500183105,3.922734022140503
3.562227964401245,3.4990732669830322,3.923138380050659
3.5622825622558594,3.4986588954925537,3.9234580993652344
3.561795473098755,3.498322010040283,3.92318058013916
3.560990571975708,3.4976043701171875,3.9226112365722656
3.560990571975708,3.4976043701171875,3.9226112365722656
3.5605244636535645,3.4981722831726074,3.9225122928619385
3.5599758625030518,3.4981040954589844,3.922100067138672
3.5597984790802,3.498244285583496,3.9222240447998047
3.559410810470581,3.498394727706909,3.922156810760498
3.5591657161712646,3.498751163482666,3.922096014022827
3.5591657161712646,3.498751163482666,3.922096014022827
3.559378147125244,3.499267101287842,3.922379970550537
3.5591976642608643,3.4995956420898438,3.922556161880493
3.5584144592285156,3.500001907348633,3.922311782836914
3.5584144592285156,3.500001907348633,3.922311782836914
3.557926654815674,3.5007123947143555,3.9223177433013916
3.5577499866485596,3.501286029815674,3.9226982593536377
3.557633399963379,3.500570297241211,3.922668933868408
3.5573372840881348,3.5002708435058594,3.922969341278076
3.5573372840881348,3.5002708435058594,3.922969341278076
3.557102918624878,3.4996345043182373,3.922919511795044
3.557115077972412,3.5008881092071533,3.9233193397521973
3.55798602104187,3.501737356185913,3.923478364944458
3.5586836338043213,3.5036191940307617,3.924546003341675
3.5586836338043213,3.5036191940307617,3.924546003341675
3.5591437816619873,3.503415107727051,3.9237515926361084
3.559574842453003,3.5045759677886963,3.9240922927856445
3.5602409839630127,3.505540370941162,3.924283266067505
3.5604100227355957,3.5058066844940186,3.9242794513702393
3.5604100227355957,3.5058066844940186,3.9242794513702393
3.5606939792633057,3.5055935382843018,3.9243104457855225
3.5608203411102295,3.5058438777923584,3.9239883422851562
3.560119867324829,3.505605459213257,3.9232969284057617
3.559804677963257,3.5053765773773193,3.9231183528900146
3.559804677963257,3.5053765773773193,3.9231183528900146
3.559652805328369,3.505338430404663,3.9232451915740967
3.5591468811035156,3.5052993297576904,3.9228827953338623
3.5595240592956543,3.5064857006073,3.923748254776001
3.558993339538574,3.506432294845581,3.9232370853424072
3.558993339538574,3.506432294845581,3.9232370853424072
3.559256076812744,3.507190227508545,3.9238228797912598
3.559342622756958,3.507229804992676,3.9239110946655273
3.5589776039123535,3.5071985721588135,3.9238550662994385
3.559217929840088,3.5076303482055664,3.924150228500366
3.559217929840088,3.5076303482055664,3.924150228500366
3.559331178665161,3.5078015327453613,3.924182891845703
3.5595057010650635,3.507805347442627,3.924640655517578
3.559450387954712,3.507307767868042,3.924778461456299
3.5594778060913086,3.5072720050811768,3.9250690937042236
3.5594778060913086,3.5072720050811768,3.9250690937042236
3.558595657348633,3.5069611072540283,3.9245517253875732
3.5584352016448975,3.506075859069824,3.9240493774414062
3.558173418045044,3.506425142288208,3.9239675998687744
3.557802438735962,3.5064077377319336,3.923894166946411
3.557802438735962,3.5064077377319336,3.923894166946411
3.557753086090088,3.5077428817749023,3.9243526458740234
3.5573112964630127,3.5077250003814697,3.9239819049835205
3.5556113719940186,3.507967710494995,3.923006057739258
3.5547804832458496,3.507117986679077,3.921830654144287
3.5547804832458496,3.507117986679077,3.921830654144287
3.5533156394958496,3.50663685798645,3.9204416275024414
3.552698850631714,3.5061652660369873,3.919363498687744
3.552574872970581,3.5064806938171387,3.9190707206726074
3.5526885986328125,3.5077736377716064,3.9187753200531006
3.5526885986328125,3.5077736377716064,3.9187753200531006
3.552854061126709,3.5097382068634033,3.919072389602661
3.5529539585113525,3.5108115673065186,3.9193551540374756
3.5526692867279053,3.511382579803467,3.919250249862671
3.552673816680908,3.512660026550293,3.9194815158843994
3.5521275997161865,3.5132174491882324,3.9191465377807617
3.5521275997161865,3.5132174491882324,3.9191465377807617
3.5518958568573,3.5136590003967285,3.919471502304077
3.5513715744018555,3.5127816200256348,3.919250965118408
3.551290988922119,3.512427806854248,3.919562339782715
3.551290988922119,3.512427806854248,3.919562339782715
3.5505897998809814,3.5109646320343018,3.918692111968994
3.5499932765960693,3.51155948638916,3.9188196659088135
3.549757242202759,3.5124716758728027,3.9185190200805664
3.548933506011963,3.5140187740325928,3.918062925338745
3.548933506011963,3.5140187740325928,3.918062925338745
3.5482757091522217,3.5148415565490723,3.9182798862457275
3.5481438636779785,3.51570987701416,3.918630361557007
3.547609806060791,3.5164012908935547,3.9190800189971924
3.5477240085601807,3.5179693698883057,3.920116901397705
3.5477240085601807,3.5179693698883057,3.920116901397705
3.547693967819214,3.5183846950531006,3.9203295707702637
3.547104835510254,3.519808530807495,3.9206717014312744
3.54740309715271,3.520564556121826,3.9211716651916504
3.5466439723968506,3.521049976348877,3.9212541580200195
3.5466439723968506,3.521049976348877,3.9212541580200195
3.546595573425293,3.521557331085205,3.921295642852783
3.5458884239196777,3.5214757919311523,3.9212381839752197
3.545732021331787,3.5214407444000244,3.9212725162506104
3.545027494430542,3.5209548473358154,3.9212186336517334
3.545027494430542,3.5209548473358154,3.9212186336517334
3.5445618629455566,3.5208723545074463,3.9216036796569824
3.543874979019165,3.520545244216919,3.921280860900879
3.5431764125823975,3.5205154418945312,3.9206695556640625
3.5428924560546875,3.5206692218780518,3.9203147888183594
3.5428924560546875,3.5206692218780518,3.9203147888183594
3.5424962043762207,3.520078182220459,3.9199063777923584
3.541881561279297,3.5199503898620605,3.919917583465576
3.541264772415161,3.519472360610962,3.919475555419922
3.54073166847229,3.5193233489990234,3.9194555282592773
3.54073166847229,3.5193233489990234,3.9194555282592773
3.539829730987549,3.518611192703247,3.9195597171783447
3.5383262634277344,3.515096664428711,3.919097661972046
3.53760027885437,3.5146350860595703,3.9189260005950928
3.5354361534118652,3.513383150100708,3.9171690940856934
3.5334599018096924,3.5136539936065674,3.9158565998077393
3.5334599018096924,3.5136539936065674,3.9158565998077393
3.532949447631836,3.5135300159454346,3.9148786067962646
3.5324463844299316,3.5141215324401855,3.9145309925079346
3.5328195095062256,3.5140810012817383,3.9147706031799316
3.5328195095062256,3.5140810012817383,3.9147706031799316
3.532764196395874,3.5151469707489014,3.915140390396118
3.5330793857574463,3.515162944793701,3.9155654907226562
3.532515287399292,3.5154037475585938,3.915367841720581
3.531858205795288,3.515113592147827,3.914902925491333
3.531858205795288,3.515113592147827,3.914902925491333
3.5308420658111572,3.5152370929718018,3.9141647815704346
3.531191349029541,3.515218496322632,3.9143311977386475
3.531130313873291,3.5156784057617188,3.9143645763397217
3.5319676399230957,3.5168869495391846,3.915332317352295
3.5319676399230957,3.5168869495391846,3.915332317352295
3.532383680343628,3.5181379318237305,3.9158785343170166
3.532121419906616,3.5191566944122314,3.915813446044922
3.5319786071777344,3.5197534561157227,3.915771722793579
3.532402992248535,3.5196163654327393,3.916078567504883
3.532402992248535,3.5196163654327393,3.916078567504883
3.532396078109741,3.519418239593506,3.916241407394409
3.5323503017425537,3.5201447010040283,3.9166786670684814
3.5322909355163574,3.520580530166626,3.916438579559326
3.531405448913574,3.5215671062469482,3.915787935256958
3.531611442565918,3.5228090286254883,3.9160304069519043
3.531611442565918,3.5228090286254883,3.9160304069519043
3.5317583084106445,3.5238609313964844,3.9165446758270264
3.5321950912475586,3.524348020553589,3.9173405170440674
3.531372308731079,3.5241782665252686,3.9172544479370117
3.531372308731079,3.5241782665252686,3.9172544479370117
3.530473232269287,3.5239932537078857,3.916947841644287
3.5287277698516846,3.5241782665252686,3.916019916534424
3.528291940689087,3.522742986679077,3.9148406982421875
3.527188777923584,3.5236215591430664,3.914348602294922
3.527188777923584,3.5236215591430664,3.914348602294922
3.5273330211639404,3.523754119873047,3.914376974105835
3.5279645919799805,3.5251407623291016,3.915353298187256
3.5278074741363525,3.524428606033325,3.9148290157318115
3.5277040004730225,3.523984432220459,3.9151272773742676
3.5277040004730225,3.523984432220459,3.9151272773742676
3.5282645225524902,3.5238864421844482,3.915261745452881
3.52846622467041,3.524142026901245,3.9153976440429688
3.5292835235595703,3.5256118774414062,3.915476083755493
3.5292835235595703,3.5256118774414062,3.915476083755493
3.5295968055725098,3.5264265537261963,3.91593074798584
3.527902126312256,3.5248563289642334,3.914954662322998
3.5274910926818848,3.522939920425415,3.9142298698425293
3.5274910926818848,3.522939920425415,3.9142298698425293
3.526048421859741,3.5237252712249756,3.9130122661590576
3.525420665740967,3.5235087871551514,3.9126522541046143
3.523390531539917,3.5250251293182373,3.9118006229400635
3.5243616104125977,3.526926040649414,3.9118196964263916
3.525621175765991,3.5288138389587402,3.912374258041382
3.525621175765991,3.5288138389587402,3.912374258041382
3.5264546871185303,3.530871868133545,3.9131271839141846
3.52842116355896,3.533860921859741,3.9149563312530518
3.529599666595459,3.537160634994507,3.9164745807647705
3.5306754112243652,3.5395519733428955,3.917809247970581
3.5306754112243652,3.5395519733428955,3.917809247970581
3.529733657836914,3.540653944015503,3.917215347290039
3.5280117988586426,3.540846824645996,3.9160945415496826
3.5267486572265625,3.5406789779663086,3.9151782989501953
3.5267486572265625,3.5406789779663086,3.9151782989501953
3.5250532627105713,3.540851354598999,3.9138076305389404
3.5253610610961914,3.539475440979004,3.9137837886810303
3.525428533554077,3.537818670272827,3.914541721343994
3.525306224822998,3.535022020339966,3.91563081741333
3.525306224822998,3.535022020339966,3.91563081741333
3.5251519680023193,3.5319483280181885,3.9164810180664062
3.5244174003601074,3.5309436321258545,3.9169116020202637
3.524531126022339,3.531636953353882,3.9177663326263428
3.52455735206604,3.53417706489563,3.918963670730591
3.5252480506896973,3.5362119674682617,3.9196600914001465
3.5252480506896973,3.5362119674682617,3.9196600914001465
3.525338888168335,3.5365231037139893,3.9193530082702637
3.525066614151001,3.535952091217041,3.918529510498047
3.5249102115631104,3.535539388656616,3.9181151390075684
3.5249102115631104,3.535539388656616,3.9181151390075684
3.524855613708496,3.5340003967285156,3.9176769256591797
3.5250768661499023,3.533764123916626,3.9185147285461426
3.524541139602661,3.5329694747924805,3.9184799194335938
3.522798776626587,3.5335500240325928,3.9178576469421387
3.522798776626587,3.5335500240325928,3.9178576469421387
3.523446559906006,3.5336034297943115,3.9172563552856445
3.523876905441284,3.534820079803467,3.9181573390960693
3.5255544185638428,3.536381959915161,3.9204108715057373
3.5274851322174072,3.5377044677734375,3.922057867050171
3.5274851322174072,3.5377044677734375,3.922057867050171
3.5274136066436768,3.539628505706787,3.9223625659942627
3.527107000350952,3.540926933288574,3.9223077297210693
3.5267457962036133,3.5429527759552,3.922342538833618
3.525322198867798,3.543952703475952,3.9210336208343506
3.525322198867798,3.543952703475952,3.9210336208343506
3.524923324584961,3.544339418411255,3.9208765029907227
3.524221658706665,3.5447134971618652,3.920382499694824
3.5242905616760254,3.544682025909424,3.920207977294922
3.524721384048462,3.545586585998535,3.920966625213623
3.5248563289642334,3.546415328979492,3.9215877056121826
3.5248563289642334,3.546415328979492,3.9215877056121826
3.525308132171631,3.5476796627044678,3.9233365058898926
3.525393486022949,3.5487544536590576,3.924437999725342
3.5259201526641846,3.5496389865875244,3.9250950813293457
3.5259201526641846,3.5496389865875244,3.9250950813293457
3.525238037109375,3.5490691661834717,3.9242539405822754
3.524017572402954,3.5464916229248047,3.9228389263153076
3.5224356651306152,3.5439751148223877,3.9211647510528564
3.5214245319366455,3.5433530807495117,3.9204649925231934
3.5214245319366455,3.5433530807495117,3.9204649925231934
3.5205771923065186,3.54459547996521,3.9201114177703857
3.5216126441955566,3.546186685562134,3.920773983001709
3.5233638286590576,3.54791522026062,3.922259569168091
3.5233514308929443,3.547642230987549,3.92246413230896
3.5233514308929443,3.547642230987549,3.92246413230896
3.5243349075317383,3.5473690032958984,3.923474073410034
3.524277925491333,3.546983242034912,3.924405336380005
3.524243116378784,3.5472662448883057,3.92453932762146
3.524773120880127,3.5465853214263916,3.924156904220581
3.523219347000122,3.5446815490722656,3.9233264923095703
3.523219347000122,3.5446815490722656,3.9233264923095703
3.522454261779785,3.5427064895629883,3.92273211479187
3.5213255882263184,3.5421552658081055,3.9217069149017334
3.521397829055786,3.54355788230896,3.9216089248657227
3.521397829055786,3.54355788230896,3.9216089248657227
3.5218663215637207,3.5457468032836914,3.922175884246826
3.5223541259765625,3.546128034591675,3.922238826751709
3.5222151279449463,3.5467917919158936,3.922207832336426
3.5223734378814697,3.5453813076019287,3.9212300777435303
3.5223734378814697,3.5453813076019287,3.9212300777435303
3.5219638347625732,3.5430908203125,3.9203977584838867
3.521095037460327,3.540867567062378,3.9196488857269287
3.5202248096466064,3.539851427078247,3.918813705444336
3.51965069770813,3.5400900840759277,3.918008804321289
3.51965069770813,3.5400900840759277,3.918008804321289
3.5198042392730713,3.5403692722320557,3.9176838397979736
3.519537925720215,3.539281129837036,3.9171388149261475
3.519021987915039,3.537761688232422,3.9169154167175293
3.518308162689209,3.535853624343872,3.9161157608032227
3.518308162689209,3.535853624343872,3.9161157608032227
3.5176451206207275,3.5346217155456543,3.9153971672058105
3.5158164501190186,3.533182382583618,3.91414737701416
3.515333890914917,3.53181529045105,3.9140055179595947
3.5149543285369873,3.5300533771514893,3.913656234741211
3.5149543285369873,3.5300533771514893,3.913656234741211
3.5140490531921387,3.528585433959961,3.9136455059051514
3.5133512020111084,3.526921272277832,3.913135528564453
3.5124402046203613,3.5269432067871094,3.912843942642212
3.511895179748535,3.528235673904419,3.912562131881714
3.511895179748535,3.528235673904419,3.912562131881714
3.5121476650238037,3.5296993255615234,3.912757158279419
3.5122978687286377,3.5317981243133545,3.913015127182007
3.51251482963562,3.532785654067993,3.9130187034606934
3.5122175216674805,3.532770872116089,3.9128265380859375
3.5122175216674805,3.532770872116089,3.9128265380859375
3.5114424228668213,3.532254934310913,3.9120044708251953
3.5105464458465576,3.531421661376953,3.91098690032959
3.51005482673645,3.5313754081726074,3.9107046127319336
3.5101046562194824,3.531519889831543,3.9107046127319336
3.5101046562194824,3.531519889831543,3.9107046127319336
3.510260581970215,3.533062696456909,3.9108433723449707
3.510127544403076,3.534363269805908,3.9107277393341064
3.509019374847412,3.535761833190918,3.910217523574829
3.5086617469787598,3.53654146194458,3.909632921218872
3.5086617469787598,3.53654146194458,3.909632921218872
3.5083134174346924,3.537163734436035,3.9091310501098633
3.5080981254577637,3.5382466316223145,3.909067153930664
3.5078959465026855,3.53782320022583,3.9083781242370605
3.506986141204834,3.5378198623657227,3.907975912094116
3.506986141204834,3.5378198623657227,3.907975912094116
3.505270481109619,3.5381593704223633,3.9069344997406006
3.504383087158203,3.5391955375671387,3.9065263271331787
3.503601312637329,3.539667844772339,3.9060781002044678
3.5028772354125977,3.5407137870788574,3.9060981273651123
3.502471685409546,3.5405118465423584,3.9060630798339844
3.502471685409546,3.5405118465423584,3.9060630798339844
3.502129554748535,3.5412631034851074,3.9054746627807617
3.501706123352051,3.5416829586029053,3.905364990234375
3.502645969390869,3.5428099632263184,3.905454158782959
3.502645969390869,3.5428099632263184,3.905454158782959
3.5030272006988525,3.5439324378967285,3.906189441680908
3.5033280849456787,3.5441536903381348,3.9060909748077393
3.5023322105407715,3.544936180114746,3.905463457107544
3.501309633255005,3.5456767082214355,3.904271364212036
3.501309633255005,3.5456767082214355,3.904271364212036
3.500591516494751,3.5465948581695557,3.9036736488342285
3.5008704662323,3.5465283393859863,3.9035890102386475
3.5012006759643555,3.5465331077575684,3.90398907661438
3.5007362365722656,3.5463144779205322,3.9041876792907715
3.5007362365722656,3.5463144779205322,3.9041876792907715
3.5004520416259766,3.5458736419677734,3.9041144847869873
3.5001418590545654,3.5456790924072266,3.9038515090942383
3.4999356269836426,3.5453720092773438,3.9036061763763428
3.4993526935577393,3.5447397232055664,3.903097152709961
3.4993526935577393,3.5447397232055664,3.903097152709961
3.4985241889953613,3.543390989303589,3.902284622192383
3.4983344078063965,3.5429630279541016,3.9021987915039062
3.497945785522461,3.542663812637329,3.902696371078491
3.49794864654541,3.5432138442993164,3.903454303741455
3.49794864654541,3.5432138442993164,3.903454303741455
3.4979946613311768,3.54288649559021,3.9038546085357666
3.4969210624694824,3.542675733566284,3.903777599334717
3.4959661960601807,3.540724039077759,3.9029834270477295
3.4923579692840576,3.5389256477355957,3.9013125896453857
3.4923579692840576,3.5389256477355957,3.9013125896453857
3.4917001724243164,3.535968065261841,3.9009311199188232
3.491544246673584,3.5347728729248047,3.9004478454589844
3.49153470993042,3.5358188152313232,3.901005506515503
3.4916982650756836,3.538675546646118,3.9015700817108154
3.4933173656463623,3.5413854122161865,3.902827262878418
3.4933173656463623,3.5413854122161865,3.902827262878418
3.4933056831359863,3.542865037918091,3.903177261352539
3.493875503540039,3.5420947074890137,3.9034855365753174
3.4931282997131348,3.5401604175567627,3.9026622772216797
3.4931282997131348,3.5401604175567627,3.9026622772216797
3.4924278259277344,3.5393550395965576,3.901721954345703
3.4912564754486084,3.53875732421875,3.9008564949035645
3.491095781326294,3.5395336151123047,3.9006805419921875
3.491358995437622,3.54099440574646,3.9010937213897705
3.491358995437622,3.54099440574646,3.9010937213897705
3.492208242416382,3.5417463779449463,3.9016757011413574
3.492424726486206,3.541707992553711,3.9017889499664307
3.492553472518921,3.541830062866211,3.901613473892212
3.4920856952667236,3.5418574810028076,3.9012036323547363
3.4920856952667236,3.5418574810028076,3.9012036323547363
3.49204421043396,3.542187213897705,3.9012365341186523
3.492051362991333,3.5424277782440186,3.90077543258667
3.4918313026428223,3.542821168899536,3.9005699157714844
3.491405487060547,3.542557954788208,3.8999745845794678
3.491405487060547,3.542557954788208,3.8999745845794678
3.4909961223602295,3.542147397994995,3.8996026515960693
3.4896256923675537,3.540799379348755,3.898322820663452
3.488124370574951,3.540522336959839,3.8971521854400635
3.487473726272583,3.5404915809631348,3.8963205814361572
3.487473726272583,3.5404915809631348,3.8963205814361572
3.4864251613616943,3.5416042804718018,3.8956029415130615
3.4854443073272705,3.5426011085510254,3.8951547145843506
3.4841954708099365,3.5441064834594727,3.894636392593384
3.483954668045044,3.5447843074798584,3.8949134349823
3.483954668045044,3.5447843074798584,3.8949134349823
3.483344793319702,3.544855833053589,3.894547462463379
3.4824106693267822,3.5456318855285645,3.8943586349487305
3.481376886367798,3.546145439147949,3.8936946392059326
3.4804365634918213,3.546508312225342,3.8931031227111816
3.4804365634918213,3.546508312225342,3.8931031227111816
3.4787557125091553,3.5466411113739014,3.8919575214385986
3.47817325592041,3.545783519744873,3.891310930252075
3.476975679397583,3.5446248054504395,3.890092134475708
3.4766933917999268,3.5442943572998047,3.8897130489349365
3.4766933917999268,3.5442943572998047,3.8897130489349365
3.476646661758423,3.544469118118286,3.8896782398223877
3.476503610610962,3.544239044189453,3.8896121978759766
3.476454973220825,3.5443146228790283,3.8895833492279053
3.4756267070770264,3.5439047813415527,3.888949155807495
3.4756267070770264,3.5439047813415527,3.888949155807495
3.4749724864959717,3.5427796840667725,3.8882477283477783
3.474120616912842,3.542573928833008,3.8876354694366455
3.4743051528930664,3.5429253578186035,3.8876760005950928
3.4736013412475586,3.543464183807373,3.8873260021209717
3.4736013412475586,3.543464183807373,3.8873260021209717
3.4730308055877686,3.5443642139434814,3.887381076812744
3.471477508544922,3.545525074005127,3.886291742324829
3.4716720581054688,3.545639991760254,3.8860602378845215
3.4714269638061523,3.54679536819458,3.8859713077545166
3.4714269638061523,3.54679536819458,3.8859713077545166
3.471384286880493,3.5468764305114746,3.8856706619262695
3.4707822799682617,3.5477936267852783,3.8855552673339844
3.4709715843200684,3.5481765270233154,3.8861634731292725
3.4708492755889893,3.5485544204711914,3.886265516281128
3.4708492755889893,3.5485544204711914,3.886265516281128
3.4709620475769043,3.5492289066314697,3.8865396976470947
3.469674825668335,3.5493721961975098,3.8858256340026855
3.4691200256347656,3.550361394882202,3.885643482208252
3.4673526287078857,3.5512895584106445,3.884554147720337
3.4673526287078857,3.5512895584106445,3.884554147720337
3.4669196605682373,3.549023389816284,3.883744955062866
3.466567277908325,3.5485544204711914,3.883635997772217
3.4660043716430664,3.548067331314087,3.8831660747528076
3.4655447006225586,3.548356771469116,3.882878065109253
3.4655447006225586,3.548356771469116,3.882878065109253
3.465291976928711,3.5490798950195312,3.8826541900634766
3.464834213256836,3.5496575832366943,3.8824973106384277
3.463916063308716,3.5501081943511963,3.8820245265960693
3.4633381366729736,3.550415515899658,3.8817553520202637
3.4633381366729736,3.550415515899658,3.8817553520202637
3.462566375732422,3.5505762100219727,3.881479501724243
3.461911678314209,3.5500667095184326,3.8809971809387207
3.46111798286438,3.5498976707458496,3.8806872367858887
3.4600167274475098,3.549450635910034,3.8798296451568604
3.4600167274475098,3.549450635910034,3.8798296451568604
3.4586403369903564,3.549280881881714,3.879183053970337
3.458016872406006,3.5480222702026367,3.878416061401367
3.4565858840942383,3.548107147216797,3.8777785301208496
3.4575555324554443,3.5487163066864014,3.877760887145996
3.4575555324554443,3.5487163066864014,3.877760887145996
3.4578194618225098,3.550201892852783,3.8784914016723633
3.4585072994232178,3.5513150691986084,3.878460168838501
3.456897020339966,3.551520347595215,3.8774964809417725
3.4567809104919434,3.5514111518859863,3.876939296722412
3.456233501434326,3.5515406131744385,3.8763322830200195
3.456233501434326,3.5515406131744385,3.8763322830200195
3.456864595413208,3.5526654720306396,3.877021312713623
3.4572126865386963,3.5537564754486084,3.8776333332061768
3.4571433067321777,3.556004524230957,3.877842664718628
3.4571433067321777,3.556004524230957,3.877842664718628
3.456639051437378,3.557971239089966,3.877542018890381
3.456690788269043,3.5582096576690674,3.8769466876983643
3.4557204246520996,3.5585241317749023,3.8763606548309326
3.4548356533050537,3.557361602783203,3.8755545616149902
3.4548356533050537,3.557361602783203,3.8755545616149902
3.4539716243743896,3.5565598011016846,3.874938488006592
3.452860116958618,3.5562915802001953,3.8741729259490967
3.452639579772949,3.5570621490478516,3.874096155166626
3.4524004459381104,3.557772636413574,3.8737826347351074
3.4524004459381104,3.557772636413574,3.8737826347351074
3.4523067474365234,3.5587880611419678,3.873762845993042
3.451892137527466,3.5597729682922363,3.873560667037964
3.4512510299682617,3.5599753856658936,3.8735511302948
3.451023817062378,3.559885263442993,3.874000310897827
3.451023817062378,3.559885263442993,3.874000310897827
3.4509329795837402,3.5595288276672363,3.8742315769195557
3.450610637664795,3.5603582859039307,3.8746886253356934
3.450235605239868,3.560763359069824,3.8743627071380615
3.4486117362976074,3.56122088432312,3.8735625743865967
3.4486117362976074,3.56122088432312,3.8735625743865967
3.447906494140625,3.560612440109253,3.872934579849243
3.4458260536193848,3.5594866275787354,3.8716070652008057
3.445452928543091,3.5581772327423096,3.871034622192383
3.4452288150787354,3.5580103397369385,3.8711843490600586
3.4452288150787354,3.5580103397369385,3.8711843490600586
3.4462947845458984,3.5591564178466797,3.8715145587921143
3.446638822555542,3.5600132942199707,3.8721425533294678
3.4464826583862305,3.561378002166748,3.8719067573547363
3.4454667568206787,3.5627171993255615,3.8710193634033203
3.4454667568206787,3.5627171993255615,3.8710193634033203
3.4448885917663574,3.56349778175354,3.8698415756225586
3.444319248199463,3.5644357204437256,3.869426965713501
3.444873094558716,3.564465045928955,3.869042158126831
3.44474196434021,3.565467119216919,3.869067430496216
3.444619655609131,3.5667786598205566,3.8692595958709717
3.444619655609131,3.5667786598205566,3.8692595958709717
3.4441068172454834,3.567063093185425,3.868901491165161
3.443089723587036,3.5671472549438477,3.868398666381836
3.4422194957733154,3.5669138431549072,3.8673720359802246
3.4422194957733154,3.5669138431549072,3.8673720359802246
3.4412755966186523,3.567363977432251,3.866457223892212
3.4400482177734375,3.5674781799316406,3.865577220916748
3.439098358154297,3.5674707889556885,3.8647518157958984
3.438556671142578,3.5670056343078613,3.8641788959503174
3.4378414154052734,3.5659451484680176,3.8634214401245117
3.4378414154052734,3.5659451484680176,3.8634214401245117
3.4386801719665527,3.5661332607269287,3.8641586303710938
3.4387686252593994,3.5668931007385254,3.8642942905426025
3.438647508621216,3.5683786869049072,3.864483118057251
3.4380836486816406,3.569610357284546,3.863985538482666
3.437811851501465,3.569408655166626,3.8639488220214844
3.437811851501465,3.569408655166626,3.8639488220214844
3.4372963905334473,3.569636583328247,3.863835334777832
3.4373018741607666,3.569931745529175,3.8638222217559814
3.4373018741607666,3.569931745529175,3.8638222217559814
3.4364614486694336,3.5707712173461914,3.8635478019714355
3.4360296726226807,3.570380449295044,3.8632607460021973
3.434326410293579,3.5697736740112305,3.8619518280029297
3.433786153793335,3.5692267417907715,3.861267328262329
3.433786153793335,3.5692267417907715,3.861267328262329
3.432560682296753,3.569535255432129,3.860276937484741
3.432237386703491,3.569780111312866,3.859830379486084
3.431633234024048,3.5703582763671875,3.8597195148468018
3.4305198192596436,3.5705511569976807,3.8592753410339355
3.4305198192596436,3.5705511569976807,3.8592753410339355
3.430104970932007,3.5715861320495605,3.8592941761016846
3.4298160076141357,3.5724775791168213,3.8592112064361572
3.4298017024993896,3.5737714767456055,3.8593926429748535
3.429276943206787,3.5739800930023193,3.8590002059936523
3.429276943206787,3.5739800930023193,3.8590002059936523
3.429048538208008,3.574071168899536,3.8591437339782715
3.428332805633545,3.5736308097839355,3.8587634563446045
3.4287497997283936,3.574327230453491,3.859224319458008
3.4286136627197266,3.5746617317199707,3.8592681884765625
3.4286136627197266,3.5746617317199707,3.8592681884765625
3.428499460220337,3.5755090713500977,3.859252691268921
3.427854061126709,3.5766537189483643,3.8589799404144287
3.4273388385772705,3.5765392780303955,3.8584322929382324
3.4264235496520996,3.576136827468872,3.8580210208892822
3.4264235496520996,3.576136827468872,3.8580210208892822
3.4266197681427,3.575437307357788,3.858142614364624
3.426589012145996,3.5750298500061035,3.8581857681274414
3.4259307384490967,3.5758793354034424,3.858243703842163
3.424570322036743,3.5774474143981934,3.8573720455169678
3.424570322036743,3.5774474143981934,3.8573720455169678
3.425058364868164,3.5791282653808594,3.8576745986938477
3.424956798553467,3.5808870792388916,3.857947826385498
3.4253199100494385,3.5825295448303223,3.8583481311798096
3.4250032901763916,3.5832133293151855,3.8585450649261475
3.4250032901763916,3.5832133293151855,3.8585450649261475
3.424268960952759,3.5838160514831543,3.8588712215423584
3.4242160320281982,3.583538293838501,3.8588616847991943
3.423694372177124,3.584792137145996,3.859046459197998
3.4236860275268555,3.58662486076355,3.859534502029419
3.4236860275268555,3.58662486076355,3.859534502029419
3.423813581466675,3.5884010791778564,3.859947681427002
3.423433780670166,3.588880777359009,3.8595075607299805
3.4228925704956055,3.588682174682617,3.858919858932495
3.4218297004699707,3.5877273082733154,3.85844087600708
3.4218297004699707,3.5877273082733154,3.85844087600708
3.421865940093994,3.586845874786377,3.8585867881774902
3.4224486351013184,3.5865871906280518,3.859407901763916
3.4216811656951904,3.586670398712158,3.85917329788208
3.4215009212493896,3.5882277488708496,3.8594393730163574
3.4215009212493896,3.5882277488708496,3.8594393730163574
3.418452739715576,3.5900769233703613,3.8583221435546875
3.419451951980591,3.5888912677764893,3.859302043914795
3.420516014099121,3.5875487327575684,3.8603782653808594
3.4201204776763916,3.5866057872772217,3.861212968826294
3.4201204776763916,3.5866057872772217,3.861212968826294
3.419968366622925,3.5861153602600098,3.861515998840332
3.4207353591918945,3.587545871734619,3.8623557090759277
3.4191677570343018,3.5904347896575928,3.862227439880371
3.420013427734375,3.591273307800293,3.862424373626709
3.420013427734375,3.591273307800293,3.862424373626709
3.419854164123535,3.592461109161377,3.862813949584961
3.4200799465179443,3.591508626937866,3.8630383014678955
3.4183590412139893,3.5918171405792236,3.863607168197632
3.4206314086914062,3.5930588245391846,3.8649888038635254
3.4206314086914062,3.5930588245391846,3.8649888038635254
3.420518159866333,3.5945258140563965,3.8651745319366455
3.420654058456421,3.596745491027832,3.865583896636963
3.420896053314209,3.599180221557617,3.865657329559326
3.4209439754486084,3.6022777557373047,3.865990161895752
3.4209439754486084,3.6022777557373047,3.865990161895752
3.4212141036987305,3.604450225830078,3.8665475845336914
3.4211783409118652,3.6051127910614014,3.866786479949951
3.4205424785614014,3.6048333644866943,3.8670237064361572
3.419633388519287,3.6037847995758057,3.8663434982299805
3.419633388519287,3.6037847995758057,3.8663434982299805
3.4196114540100098,3.604067087173462,3.8664112091064453
3.4201033115386963,3.6048481464385986,3.8667941093444824
3.41999888420105,3.6053388118743896,3.867049217224121
3.4195361137390137,3.605534315109253,3.866886615753174
3.4195361137390137,3.605534315109253,3.866886615753174
3.4187235832214355,3.6044912338256836,3.8658933639526367
3.417628765106201,3.6032636165618896,3.864786148071289
3.417569637298584,3.601886510848999,3.8645660877227783
3.417006731033325,3.6014010906219482,3.8641538619995117
3.417006731033325,3.6014010906219482,3.8641538619995117
3.417900323867798,3.601675271987915,3.865180015563965
3.4178481101989746,3.602698802947998,3.8654236793518066
3.4181482791900635,3.6038405895233154,3.8658602237701416
3.4172093868255615,3.6054115295410156,3.8655879497528076
3.417970895767212,3.6058173179626465,3.8659474849700928
3.417970895767212,3.6058173179626465,3.8659474849700928
3.417943239212036,3.606611490249634,3.8660800457000732
3.4188013076782227,3.60608172416687,3.8662004470825195
3.4189062118530273,3.6065030097961426,3.866474151611328
3.4189062118530273,3.6065030097961426,3.866474151611328
3.418666124343872,3.6072328090667725,3.8661608695983887
3.4183108806610107,3.608938694000244,3.8663549423217773
3.4182865619659424,3.608760118484497,3.8663270473480225
3.4177184104919434,3.6082775592803955,3.865856647491455
3.4177184104919434,3.6082775592803955,3.865856647491455
3.416856527328491,3.6085033416748047,3.8648757934570312
3.4154722690582275,3.6088335514068604,3.8640477657318115
3.414747714996338,3.608926296234131,3.863535165786743
3.4144232273101807,3.6090359687805176,3.863518714904785
3.4144232273101807,3.6090359687805176,3.863518714904785
3.414416551589966,3.607198715209961,3.8636128902435303
3.4142649173736572,3.606163501739502,3.863487958908081
3.41367244720459,3.6060733795166016,3.8629143238067627
3.4121387004852295,3.6064655780792236,3.8621954917907715
3.4121387004852295,3.6064655780792236,3.8621954917907715
3.411313056945801,3.6077721118927,3.862069845199585
3.4114975929260254,3.607992172241211,3.8623225688934326
3.412109136581421,3.608363389968872,3.863006353378296
3.411773920059204,3.6084225177764893,3.8631532192230225
3.411773920059204,3.6084225177764893,3.8631532192230225
3.4107866287231445,3.6083083152770996,3.86247181892395
3.4097390174865723,3.609729290008545,3.862955331802368
3.4086246490478516,3.612100839614868,3.8637664318084717
3.408801555633545,3.6116130352020264,3.86425518989563
3.408801555633545,3.6116130352020264,3.86425518989563
3.4076626300811768,3.6114249229431152,3.8642303943634033
3.4073028564453125,3.6096608638763428,3.863656759262085
3.405705690383911,3.606196880340576,3.8625075817108154
3.4053876399993896,3.604011297225952,3.862283229827881
3.4053876399993896,3.604011297225952,3.862283229827881
3.4047176837921143,3.6024484634399414,3.8617870807647705
3.405200719833374,3.6023519039154053,3.8623247146606445
3.4057986736297607,3.602928876876831,3.863123655319214
3.4079058170318604,3.6052160263061523,3.865427255630493
3.4079058170318604,3.6052160263061523,3.865427255630493
3.4084994792938232,3.6052348613739014,3.866440773010254
3.409825563430786,3.60428786277771,3.868239164352417
3.4109034538269043,3.603653907775879,3.8691303730010986
3.410982847213745,3.603135824203491,3.8691940307617188
3.411332845687866,3.603976249694824,3.869844913482666
3.411332845687866,3.603976249694824,3.869844913482666
3.411445379257202,3.6059696674346924,3.8699796199798584
3.4120259284973145,3.6071438789367676,3.870335102081299
3.412179708480835,3.6085004806518555,3.8707146644592285
3.4125540256500244,3.6088993549346924,3.8711819648742676
3.4125540256500244,3.6088993549346924,3.8711819648742676
3.4120688438415527,3.608471155166626,3.8712387084960938
3.411367177963257,3.607344627380371,3.8720345497131348
3.409857749938965,3.6063690185546875,3.871680736541748
3.409857749938965,3.6063690185546875,3.871680736541748
3.410207748413086,3.604978561401367,3.872720956802368
3.4099905490875244,3.6053483486175537,3.873342275619507
3.409872531890869,3.605578899383545,3.8739593029022217
3.4100539684295654,3.6064529418945312,3.875464916229248
3.4100539684295654,3.6064529418945312,3.875464916229248
3.4096691608428955,3.6054840087890625,3.875173807144165
3.409073829650879,3.6053671836853027,3.87497878074646
3.4101128578186035,3.605611562728882,3.875518560409546
3.4106950759887695,3.6070806980133057,3.876335859298706
3.4106950759887695,3.6070806980133057,3.876335859298706
3.4108731746673584,3.608078718185425,3.8767342567443848
3.410568952560425,3.609337091445923,3.876798152923584
3.410266876220703,3.6106622219085693,3.876955032348633
3.410414457321167,3.6123175621032715,3.877676486968994
3.410414457321167,3.6123175621032715,3.877676486968994
3.4109394550323486,3.6132657527923584,3.878291130065918
3.411038637161255,3.6134443283081055,3.87827205657959
3.410332679748535,3.6123368740081787,3.877246618270874
3.4104630947113037,3.6123270988464355,3.8771605491638184
3.4111809730529785,3.6124935150146484,3.8774352073669434
3.4111809730529785,3.6124935150146484,3.8774352073669434
3.410843849182129,3.612428903579712,3.877434253692627
3.4103827476501465,3.6132421493530273,3.877492904663086
3.409776449203491,3.614248037338257,3.877552032470703
3.409776449203491,3.614248037338257,3.877552032470703
3.409092664718628,3.6148781776428223,3.8775622844696045
3.407996654510498,3.6142656803131104,3.876922130584717
3.407818555831909,3.61331844329834,3.8770911693573
3.4071433544158936,3.613656520843506,3.8770408630371094
3.4059743881225586,3.6149609088897705,3.8768203258514404
3.4059743881225586,3.6149609088897705,3.8768203258514404
3.405123710632324,3.6169261932373047,3.8766708374023438
3.4045610427856445,3.6179800033569336,3.8762543201446533
3.404754877090454,3.6183865070343018,3.8760573863983154
3.404754877090454,3.6183865070343018,3.8760573863983154
3.4043588638305664,3.6178207397460938,3.8757176399230957
3.404303550720215,3.617794990539551,3.875556468963623
3.4033172130584717,3.617994546890259,3.874920129776001
3.402557611465454,3.618659734725952,3.874558687210083
3.402557611465454,3.618659734725952,3.874558687210083
3.401827335357666,3.619189500808716,3.874133586883545
3.4021055698394775,3.6200661659240723,3.8742830753326416
3.401350736618042,3.620497703552246,3.874007225036621
3.401353120803833,3.6212644577026367,3.874149799346924
3.401353120803833,3.6212644577026367,3.874149799346924
3.4016454219818115,3.6229429244995117,3.8744964599609375
3.4012351036071777,3.62427020072937,3.874366044998169
3.4009010791778564,3.6251604557037354,3.874415397644043
3.4003090858459473,3.625706911087036,3.8739614486694336
3.4003090858459473,3.625706911087036,3.8739614486694336
3.4005515575408936,3.6263628005981445,3.8741793632507324
3.4004366397857666,3.6263740062713623,3.8740100860595703
3.399707794189453,3.626512050628662,3.8737704753875732
3.3986573219299316,3.6271586418151855,3.87300968170166
3.3986573219299316,3.6271586418151855,3.87300968170166
3.397280216217041,3.627675771713257,3.8720436096191406
3.3963842391967773,3.6289961338043213,3.8715431690216064
3.3944242000579834,3.6297662258148193,3.8706002235412598
3.393079996109009,3.6310372352600098,3.870192527770996
3.393079996109009,3.6310372352600098,3.870192527770996
3.3917651176452637,3.6307661533355713,3.8696179389953613
3.3906290531158447,3.6303510665893555,3.8689181804656982
3.389509677886963,3.6304898262023926,3.8686718940734863
3.388559103012085,3.631134033203125,3.86845326423645
3.388559103012085,3.631134033203125,3.86845326423645
3.3889427185058594,3.6311018466949463,3.86879301071167
3.3883323669433594,3.630511999130249,3.8685882091522217
3.3883259296417236,3.630061149597168,3.8689229488372803
3.3880667686462402,3.629591464996338,3.868973731994629
3.3880667686462402,3.629591464996338,3.868973731994629
3.388859272003174,3.6292948722839355,3.869319438934326
3.388263702392578,3.6284353733062744,3.8692121505737305
3.387518882751465,3.6269445419311523,3.8684964179992676
3.3859004974365234,3.625239849090576,3.8670642375946045
3.386615037918091,3.6239333152770996,3.867173671722412
3.386615037918091,3.6239333152770996,3.867173671722412
3.387146472930908,3.623297691345215,3.867835283279419
3.3875341415405273,3.623194456100464,3.868945360183716
3.3872714042663574,3.62258243560791,3.869236469268799
3.3872714042663574,3.62258243560791,3.869236469268799
3.384455442428589,3.6221864223480225,3.8676512241363525
3.3839311599731445,3.621551513671875,3.867218494415283
3.384089708328247,3.621187686920166,3.86759614944458
3.385225534439087,3.6210381984710693,3.868661403656006
3.385225534439087,3.6210381984710693,3.868661403656006
3.385756731033325,3.6217260360717773,3.8697004318237305
3.386326789855957,3.6231398582458496,3.869549036026001
3.384692907333374,3.6268527507781982,3.868936538696289
3.3857948780059814,3.627326011657715,3.8696491718292236
3.3857948780059814,3.627326011657715,3.8696491718292236
3.3851535320281982,3.6273953914642334,3.869342565536499
3.385688066482544,3.626915454864502,3.869684934616089
3.3847391605377197,3.625145196914673,3.868936538696289
3.3845467567443848,3.625556707382202,3.8682804107666016
3.3845467567443848,3.625556707382202,3.8682804107666016
3.383439064025879,3.6259007453918457,3.8673629760742188
3.3831703662872314,3.626852512359619,3.8665404319763184
3.383225440979004,3.6276302337646484,3.866443634033203
3.383955717086792,3.6282718181610107,3.8669817447662354
3.383955717086792,3.6282718181610107,3.8669817447662354
3.3840510845184326,3.6286473274230957,3.8672468662261963
3.3842735290527344,3.6290788650512695,3.8677732944488525
3.38354229927063,3.6293036937713623,3.86739444732666
3.38310170173645,3.6293537616729736,3.8671069145202637
3.38310170173645,3.6293537616729736,3.8671069145202637
3.382477045059204,3.6293246746063232,3.866572380065918
3.3822245597839355,3.629591941833496,3.866339921951294
3.381877899169922,3.630634069442749,3.8664698600769043
3.3813271522521973,3.63122296333313,3.8665387630462646
3.3813271522521973,3.63122296333313,3.8665387630462646
3.3809242248535156,3.630571126937866,3.8662047386169434
3.3808324337005615,3.6281466484069824,3.8663833141326904
3.3812012672424316,3.6237473487854004,3.866826295852661
3.380629777908325,3.6215453147888184,3.8664498329162598
3.380629777908325,3.6215453147888184,3.8664498329162598
3.3800761699676514,3.621016025543213,3.865725040435791
3.378525495529175,3.6239192485809326,3.8646702766418457
3.378919839859009,3.6271984577178955,3.865251064300537
3.3791048526763916,3.6321659088134766,3.8663997650146484
3.3791048526763916,3.6321659088134766,3.8663997650146484
3.3797383308410645,3.6330318450927734,3.867597818374634
3.3799521923065186,3.6331801414489746,3.8683314323425293
3.3793699741363525,3.632402181625366,3.8683528900146484
3.378451108932495,3.633054494857788,3.868199110031128
3.377753973007202,3.633676528930664,3.8682634830474854
3.377753973007202,3.633676528930664,3.8682634830474854
3.37699818611145,3.6359777450561523,3.8684282302856445
3.377366065979004,3.6359455585479736,3.868346929550171
3.3768091201782227,3.6360838413238525,3.868152379989624
3.376701831817627,3.6360530853271484,3.867856025695801
3.376701831817627,3.6360530853271484,3.867856025695801
3.3761210441589355,3.6354641914367676,3.867300271987915
3.3760974407196045,3.63496994972229,3.867342710494995
3.37572979927063,3.6344993114471436,3.8670711517333984
3.37572979927063,3.6344993114471436,3.8670711517333984
3.37526535987854,3.6356101036071777,3.866950750350952
3.374326467514038,3.637352466583252,3.8664498329162598
3.3741912841796875,3.6392271518707275,3.8666274547576904
3.373204469680786,3.641427993774414,3.8669402599334717
3.373204469680786,3.641427993774414,3.8669402599334717
3.3726041316986084,3.6411304473876953,3.8665037155151367
3.372405529022217,3.6419014930725098,3.866509437561035
3.372529983520508,3.6424853801727295,3.866356134414673
3.372537612915039,3.6435821056365967,3.866297721862793
3.372537612915039,3.6435821056365967,3.866297721862793
3.372563123703003,3.6448495388031006,3.8664424419403076
3.3723580837249756,3.645357370376587,3.8661856651306152
3.371904134750366,3.6457393169403076,3.8660173416137695
3.3719918727874756,3.6458709239959717,3.8663442134857178
3.3719918727874756,3.6458709239959717,3.8663442134857178
3.37129807472229,3.6452012062072754,3.866102695465088
3.3708088397979736,3.644376754760742,3.8661906719207764
3.37044358253479,3.644202470779419,3.8662467002868652
3.3705034255981445,3.644320011138916,3.8663713932037354
3.370514154434204,3.6455304622650146,3.8669016361236572
3.370514154434204,3.6455304622650146,3.8669016361236572
3.37058687210083,3.645561933517456,3.8671560287475586
3.3700525760650635,3.6458535194396973,3.8670759201049805
3.3696415424346924,3.6469128131866455,3.8669283390045166
3.3696415424346924,3.6469128131866455,3.8669283390045166
3.3689353466033936,3.647902727127075,3.8665528297424316
3.369457721710205,3.6488540172576904,3.8672633171081543
3.369384765625,3.6488497257232666,3.867185592651367
3.369536876678467,3.648766279220581,3.8673107624053955
3.3692851066589355,3.6486613750457764,3.867396831512451
3.3692851066589355,3.6486613750457764,3.867396831512451
3.3686039447784424,3.648484468460083,3.8675906658172607
3.3684489727020264,3.6485822200775146,3.8677384853363037
3.3674278259277344,3.649122714996338,3.867098569869995
3.3674278259277344,3.649122714996338,3.867098569869995
3.3665077686309814,3.650376319885254,3.8665854930877686
3.365656852722168,3.651315927505493,3.8661935329437256
3.3652563095092773,3.6511409282684326,3.865931510925293
3.3647682666778564,3.6509180068969727,3.8657805919647217
3.3641350269317627,3.6507904529571533,3.8656258583068848
3.3641350269317627,3.6507904529571533,3.8656258583068848
3.3638038635253906,3.650935173034668,3.865485906600952
3.363307476043701,3.6512410640716553,3.8652446269989014
3.362313747406006,3.652841806411743,3.864739179611206
3.362313747406006,3.652841806411743,3.864739179611206
3.3620824813842773,3.65417742729187,3.864964723587036
3.361459732055664,3.6557068824768066,3.864755868911743
3.361294746398926,3.6563291549682617,3.864447593688965
3.359706401824951,3.6578872203826904,3.863647937774658
3.359706401824951,3.6578872203826904,3.863647937774658
3.360187292098999,3.659430503845215,3.864737033843994
3.3600292205810547,3.6610660552978516,3.8647878170013428
3.3597800731658936,3.6631245613098145,3.865168809890747
3.358962297439575,3.6658272743225098,3.865151882171631
3.358962297439575,3.6658272743225098,3.865151882171631
3.3583648204803467,3.6670656204223633,3.8650333881378174
3.35701322555542,3.6685662269592285,3.8643786907196045
3.3556413650512695,3.6690144538879395,3.8630387783050537
3.3541486263275146,3.668996810913086,3.8621623516082764
3.3541486263275146,3.668996810913086,3.8621623516082764
3.3530051708221436,3.6687190532684326,3.861849784851074
3.352499485015869,3.6692399978637695,3.8617656230926514
3.35198974609375,3.6700525283813477,3.861886978149414
3.3514702320098877,3.670635461807251,3.8619282245635986
3.3514702320098877,3.670635461807251,3.8619282245635986
3.350131034851074,3.6703803539276123,3.8613877296447754
3.349727153778076,3.6692168712615967,3.8605527877807617
3.348745584487915,3.667658805847168,3.8595831394195557
3.3477749824523926,3.665731906890869,3.858463764190674
3.3470680713653564,3.664787530899048,3.858016014099121
3.3470680713653564,3.664787530899048,3.858016014099121
3.3476343154907227,3.6646957397460938,3.857658624649048
3.3470892906188965,3.667107105255127,3.8575332164764404
3.348249912261963,3.669586420059204,3.8576366901397705
3.3476386070251465,3.6718084812164307,3.85734486579895
3.3476386070251465,3.6718084812164307,3.85734486579895
3.3480002880096436,3.6728179454803467,3.8573601245880127
3.347062587738037,3.6728570461273193,3.856555461883545
3.346261501312256,3.6731529235839844,3.8561034202575684
3.346261501312256,3.6731529235839844,3.8561034202575684
3.3455886840820312,3.6739981174468994,3.8558521270751953
3.3456315994262695,3.674482583999634,3.856358528137207
3.345130443572998,3.674635171890259,3.8563241958618164
3.3449008464813232,3.6748926639556885,3.856254816055298
3.3440515995025635,3.6747453212738037,3.8557772636413574
3.3440515995025635,3.6747453212738037,3.8557772636413574
3.3432116508483887,3.6734399795532227,3.854722738265991
3.342062473297119,3.672717571258545,3.854142665863037
3.3411383628845215,3.6707546710968018,3.85333251953125
3.3408761024475098,3.669818162918091,3.85364031791687
3.3408761024475098,3.669818162918091,3.85364031791687
3.340101718902588,3.668569564819336,3.853393793106079
3.3394291400909424,3.6672275066375732,3.8529887199401855
3.33805251121521,3.666663646697998,3.8521084785461426
3.3376879692077637,3.667123317718506,3.8517491817474365
3.3376879692077637,3.667123317718506,3.8517491817474365
3.33847713470459,3.668123722076416,3.8524534702301025
3.339181661605835,3.6688382625579834,3.8533236980438232
3.3395369052886963,3.6696059703826904,3.8540432453155518
3.3395369052886963,3.6696059703826904,3.8540432453155518
3.3402457237243652,3.6696176528930664,3.854379415512085
3.338719129562378,3.6677169799804688,3.85304856300354
3.338517427444458,3.6653943061828613,3.852463722229004
3.3379428386688232,3.663952112197876,3.852275848388672
3.3379428386688232,3.663952112197876,3.852275848388672
3.337782621383667,3.663369655609131,3.8523101806640625
3.336883544921875,3.6632297039031982,3.8516435623168945
3.337117910385132,3.662837028503418,3.8518645763397217
3.337049722671509,3.6632564067840576,3.8524351119995117
3.33697247505188,3.6630284786224365,3.852193832397461
3.3367881774902344,3.663132905960083,3.852512836456299
3.3367881774902344,3.663132905960083,3.852512836456299
3.3365578651428223,3.662729263305664,3.8524529933929443
3.335589647293091,3.662660837173462,3.851903200149536
3.3354170322418213,3.6624693870544434,3.8514182567596436
3.3354170322418213,3.6624693870544434,3.8514182567596436
3.335029125213623,3.6627063751220703,3.8513429164886475
3.3356575965881348,3.662700653076172,3.85190749168396
3.335988759994507,3.662736177444458,3.8520290851593018
3.335289239883423,3.663290023803711,3.85154390335083
3.335289239883423,3.663290023803711,3.85154390335083
3.334916830062866,3.6645658016204834,3.851461410522461
3.3342466354370117,3.6650078296661377,3.851184606552124
3.333559274673462,3.665245532989502,3.8511579036712646
3.3331151008605957,3.6650960445404053,3.851081371307373
3.3331151008605957,3.6650960445404053,3.851081371307373
3.332646608352661,3.664743661880493,3.8508729934692383
3.3321080207824707,3.6634984016418457,3.8506484031677246
3.332698106765747,3.661921739578247,3.850801467895508
3.332698106765747,3.661921739578247,3.850801467895508
3.333683490753174,3.6613969802856445,3.851710557937622
3.3335819244384766,3.6610448360443115,3.851637601852417
3.3322713375091553,3.6616783142089844,3.851149320602417
3.3319900035858154,3.662149667739868,3.8505547046661377
3.3319900035858154,3.662149667739868,3.8505547046661377
3.331812620162964,3.6638896465301514,3.850724220275879
3.332862615585327,3.6642260551452637,3.851459503173828
3.333789348602295,3.665128707885742,3.8526997566223145
3.3336198329925537,3.666501522064209,3.853814125061035
3.333324432373047,3.667783737182617,3.8538835048675537
3.333324432373047,3.667783737182617,3.8538835048675537
3.333068370819092,3.6680727005004883,3.854125499725342
3.332414150238037,3.6689465045928955,3.8544037342071533
3.3323287963867188,3.6686158180236816,3.8543810844421387
3.3323287963867188,3.6686158180236816,3.8543810844421387
3.3312065601348877,3.6689250469207764,3.8541178703308105
3.3306033611297607,3.6689605712890625,3.853646993637085
3.330104112625122,3.6707866191864014,3.853780508041382
3.3303046226501465,3.6715493202209473,3.8540027141571045
3.3303046226501465,3.6715493202209473,3.8540027141571045
3.3309314250946045,3.672567129135132,3.8549551963806152
3.3315107822418213,3.672516107559204,3.8552379608154297
3.331247568130493,3.6729674339294434,3.8553004264831543
3.330045461654663,3.6736092567443848,3.8547708988189697
3.3291428089141846,3.6742899417877197,3.854315757751465
3.3291428089141846,3.6742899417877197,3.854315757751465
3.328169584274292,3.67512845993042,3.853743553161621
3.3278956413269043,3.6758875846862793,3.853987455368042
3.3285977840423584,3.6758711338043213,3.854919195175171
3.3287389278411865,3.676234722137451,3.85542631149292
3.3287389278411865,3.676234722137451,3.85542631149292
3.32829213142395,3.677502155303955,3.855459213256836
3.3285675048828125,3.6779747009277344,3.8551290035247803
3.327687978744507,3.678605318069458,3.854792594909668
3.327711582183838,3.6784372329711914,3.854367971420288
3.327711582183838,3.6784372329711914,3.854367971420288
3.327343463897705,3.678029775619507,3.854058027267456
3.3274199962615967,3.6769046783447266,3.8538153171539307
3.327927350997925,3.6760923862457275,3.8545305728912354
3.3284008502960205,3.676732301712036,3.8551456928253174
3.3284008502960205,3.676732301712036,3.8551456928253174
3.3289411067962646,3.67816162109375,3.856175184249878
3.328242540359497,3.6804580688476562,3.8562090396881104
3.326707124710083,3.68263578414917,3.855522871017456
3.326514720916748,3.6834867000579834,3.855149745941162
3.326514720916748,3.6834867000579834,3.855149745941162
3.3254454135894775,3.683687925338745,3.854454517364502
3.325317859649658,3.684087038040161,3.854464054107666
3.325486898422241,3.6844255924224854,3.8547909259796143
3.3251638412475586,3.683551549911499,3.854064464569092
3.3251638412475586,3.683551549911499,3.854064464569092
3.3245339393615723,3.683302879333496,3.8537514209747314
3.323446273803711,3.6830544471740723,3.8530421257019043
3.3232083320617676,3.6828184127807617,3.853322982788086
3.3232083320617676,3.6828184127807617,3.853322982788086
3.323235034942627,3.6821789741516113,3.853778600692749
3.3231444358825684,3.681427240371704,3.853806495666504
3.322213649749756,3.680187463760376,3.853433847427368
3.322172164916992,3.679718255996704,3.853884696960449
3.32173752784729,3.6791257858276367,3.853888750076294
3.32173752784729,3.6791257858276367,3.853888750076294
3.3219618797302246,3.678912878036499,3.85433292388916
3.320964813232422,3.679245710372925,3.8541102409362793
3.320472478866577,3.679507255554199,3.8535892963409424
3.3190877437591553,3.681584358215332,3.853065252304077
3.3190877437591553,3.681584358215332,3.853065252304077
3.318911075592041,3.682969570159912,3.8531298637390137
3.318211793899536,3.6842477321624756,3.8533403873443604
3.3182716369628906,3.6844661235809326,3.8531925678253174
3.3182365894317627,3.684541940689087,3.853031873703003
3.3182365894317627,3.684541940689087,3.853031873703003
3.317316770553589,3.6852500438690186,3.852564573287964
3.3167848587036133,3.6855366230010986,3.852301836013794
3.3172504901885986,3.6861374378204346,3.8528800010681152
3.3172504901885986,3.6861374378204346,3.8528800010681152
3.317253351211548,3.686879873275757,3.852843999862671
3.317363739013672,3.687485933303833,3.852932929992676
3.316596269607544,3.6875898838043213,3.852565288543701
3.316405773162842,3.687678098678589,3.8525266647338867
3.315992832183838,3.687213182449341,3.8522586822509766
3.315992832183838,3.687213182449341,3.8522586822509766
3.3156590461730957,3.687237024307251,3.8525214195251465
3.31532621383667,3.687670946121216,3.852520227432251
3.314793825149536,3.689185619354248,3.852686882019043
3.31479549407959,3.6901674270629883,3.852896213531494
3.31479549407959,3.6901674270629883,3.852896213531494
3.3139562606811523,3.691080093383789,3.8527281284332275
3.312605381011963,3.6915698051452637,3.8521475791931152
3.3112282752990723,3.691863536834717,3.8512253761291504
3.3112282752990723,3.691863536834717,3.8512253761291504
3.3103582859039307,3.6914732456207275,3.8508245944976807
3.310042142868042,3.6916730403900146,3.851289987564087
3.309352159500122,3.6924679279327393,3.8513119220733643
3.3078067302703857,3.6933882236480713,3.8508832454681396
3.3069071769714355,3.6929824352264404,3.8497633934020996
3.3069071769714355,3.6929824352264404,3.8497633934020996
3.3052475452423096,3.692880630493164,3.8486852645874023
3.3056771755218506,3.6923632621765137,3.848634958267212
3.306929111480713,3.691812515258789,3.8497917652130127
3.307074785232544,3.6918962001800537,3.850261688232422
3.307074785232544,3.6918962001800537,3.850261688232422
3.306807279586792,3.6922452449798584,3.8503506183624268
3.306020975112915,3.692730665206909,3.8500242233276367
3.3052210807800293,3.692892551422119,3.8496031761169434
3.305258274078369,3.6928389072418213,3.8500165939331055
3.3052806854248047,3.6926629543304443,3.850351095199585
3.3052806854248047,3.6926629543304443,3.850351095199585
3.3047866821289062,3.6927857398986816,3.8505256175994873
3.3035359382629395,3.6929447650909424,3.8500640392303467
3.302283525466919,3.692897081375122,3.8492398262023926
3.302283525466919,3.692897081375122,3.8492398262023926
3.3016197681427,3.6924381256103516,3.8485054969787598
3.302011013031006,3.6918344497680664,3.8485872745513916
3.3024837970733643,3.6922318935394287,3.848947286605835
3.3023693561553955,3.6926989555358887,3.8485636711120605
3.3023693561553955,3.6926989555358887,3.8485636711120605
3.30193829536438,3.693751811981201,3.8481836318969727
3.3021161556243896,3.6942996978759766,3.848068952560425
3.3023502826690674,3.694739818572998,3.848170518875122
3.301835536956787,3.695103883743286,3.8478002548217773
3.301835536956787,3.695103883743286,3.8478002548217773
3.302177667617798,3.6956188678741455,3.847799062728882
3.3017797470092773,3.6962764263153076,3.847580909729004
3.3014419078826904,3.6963703632354736,3.8477041721343994
3.301298141479492,3.696558713912964,3.8477227687835693
3.301298141479492,3.696558713912964,3.8477227687835693
3.3009276390075684,3.696503162384033,3.8478407859802246
3.3005659580230713,3.696902275085449,3.847693681716919
3.3003273010253906,3.6965973377227783,3.8477375507354736
3.299534559249878,3.695559501647949,3.847304105758667
3.299534559249878,3.695559501647949,3.847304105758667
3.299119234085083,3.6937062740325928,3.84725284576416
3.298578977584839,3.69169545173645,3.8467957973480225
3.2980618476867676,3.690268039703369,3.84665584564209
3.2980618476867676,3.690268039703369,3.84665584564209
3.297508955001831,3.689281940460205,3.8460803031921387
3.2977724075317383,3.6895456314086914,3.8460378646850586
3.2982544898986816,3.690523862838745,3.846529483795166
3.2987024784088135,3.690979242324829,3.8468735218048096
3.299135208129883,3.6912550926208496,3.8471343517303467
3.299135208129883,3.6912550926208496,3.8471343517303467
3.2989089488983154,3.6913859844207764,3.846813440322876
3.2982664108276367,3.691643476486206,3.8465962409973145
3.2976973056793213,3.6915972232818604,3.846158027648926
3.2979094982147217,3.691894769668579,3.8465464115142822
3.2979094982147217,3.691894769668579,3.8465464115142822
3.2983477115631104,3.692379951477051,3.8472352027893066
3.2983968257904053,3.6926984786987305,3.8476033210754395
3.2974889278411865,3.6932709217071533,3.8472695350646973
3.2974889278411865,3.6932709217071533,3.8472695350646973
3.2966907024383545,3.6938021183013916,3.8469860553741455
3.2955808639526367,3.6943471431732178,3.846588611602783
3.2960638999938965,3.6949989795684814,3.8466622829437256
3.2959885597229004,3.6952619552612305,3.846466541290283
3.2959885597229004,3.6952619552612305,3.846466541290283
3.2960832118988037,3.696500778198242,3.8464996814727783
3.295786142349243,3.697608709335327,3.8464434146881104
3.2955381870269775,3.699599504470825,3.8462774753570557
3.2948598861694336,3.7007265090942383,3.8459091186523438
3.2948598861694336,3.7007265090942383,3.8459091186523438
3.294323682785034,3.7018988132476807,3.8456509113311768
3.293668508529663,3.7028911113739014,3.8453919887542725
3.2929205894470215,3.7041127681732178,3.845503807067871
3.2928457260131836,3.704925537109375,3.845597505569458
3.2925617694854736,3.705918788909912,3.8456919193267822
3.2925617694854736,3.705918788909912,3.8456919193267822
3.292217254638672,3.70611572265625,3.845461845397949
3.2915456295013428,3.7066662311553955,3.8452749252319336
3.2917628288269043,3.7071757316589355,3.8455100059509277
3.291996479034424,3.7078535556793213,3.8459582328796387
3.291996479034424,3.7078535556793213,3.8459582328796387
3.292113780975342,3.7081964015960693,3.846153497695923
3.291539192199707,3.708437204360962,3.845785140991211
3.291179895401001,3.708014726638794,3.8452956676483154
3.290938377380371,3.7070746421813965,3.8448445796966553
3.290938377380371,3.7070746421813965,3.8448445796966553
3.2904515266418457,3.7065117359161377,3.844963550567627
3.2902612686157227,3.706031560897827,3.8451054096221924
3.289607048034668,3.706275701522827,3.8452465534210205
3.2883057594299316,3.7068209648132324,3.8447377681732178
3.2883057594299316,3.7068209648132324,3.8447377681732178
3.2879085540771484,3.7072513103485107,3.844977378845215
3.287282705307007,3.7073729038238525,3.844957113265991
3.287303924560547,3.7072839736938477,3.845150947570801
3.2867822647094727,3.7072627544403076,3.8450746536254883
3.2867822647094727,3.7072627544403076,3.8450746536254883
3.2868492603302,3.707275152206421,3.84458589553833
3.286773920059204,3.7081522941589355,3.84488582611084
3.287351369857788,3.709456443786621,3.8449783325195312
3.287351369857788,3.709456443786621,3.8449783325195312
3.2871758937835693,3.7099013328552246,3.845040798187256
3.287604570388794,3.7100460529327393,3.84489369392395
3.2870566844940186,3.7091891765594482,3.844413995742798
3.28735089302063,3.708007574081421,3.8440723419189453
3.287299871444702,3.706843376159668,3.8438618183135986
3.287299871444702,3.706843376159668,3.8438618183135986
3.2872893810272217,3.7073166370391846,3.8441126346588135
3.2876343727111816,3.7087461948394775,3.8445074558258057
3.287646770477295,3.710378885269165,3.844454050064087
3.2870583534240723,3.7115447521209717,3.844151258468628
3.2870583534240723,3.7115447521209717,3.844151258468628
3.286925792694092,3.711700201034546,3.843924045562744
3.2868094444274902,3.711275577545166,3.8440027236938477
3.286532402038574,3.710123062133789,3.844050884246826
3.2863717079162598,3.709388494491577,3.843763828277588
3.2863717079162598,3.709388494491577,3.843763828277588
3.285801887512207,3.7095792293548584,3.8434553146362305
3.2856180667877197,3.7108330726623535,3.843416929244995
3.2855045795440674,3.7121384143829346,3.843404531478882
3.2855045795440674,3.7121384143829346,3.843404531478882
3.2853729724884033,3.7129971981048584,3.84359073638916
3.2847654819488525,3.713139057159424,3.843416213989258
3.284228801727295,3.712257146835327,3.8430047035217285
3.283564805984497,3.710655689239502,3.842500686645508
3.283564805984497,3.710655689239502,3.842500686645508
3.2827253341674805,3.710083484649658,3.8421578407287598
3.2826762199401855,3.710338592529297,3.8424651622772217
3.2832467555999756,3.7112879753112793,3.843398094177246
3.2832467555999756,3.7112879753112793,3.843398094177246
3.2830111980438232,3.7118756771087646,3.8435258865356445
3.2828688621520996,3.711956262588501,3.8432838916778564
3.281888484954834,3.7113075256347656,3.842639446258545
3.281547784805298,3.710573434829712,3.8422329425811768
3.281547784805298,3.710573434829712,3.8422329425811768
3.28129243850708,3.711040735244751,3.842648983001709
3.2811365127563477,3.711414337158203,3.842954397201538
3.2807600498199463,3.711796283721924,3.8435051441192627
3.280059576034546,3.712294340133667,3.8435847759246826
3.280059576034546,3.712294340133667,3.8435847759246826
3.2794029712677,3.711930274963379,3.843139886856079
3.2792625427246094,3.7117059230804443,3.8434441089630127
3.2798473834991455,3.7114124298095703,3.8435609340667725
3.2793290615081787,3.7109901905059814,3.843390703201294
3.2793290615081787,3.7109901905059814,3.843390703201294
3.2792203426361084,3.7104220390319824,3.8427016735076904
3.2787139415740967,3.7100117206573486,3.8425674438476562
3.2795536518096924,3.7095296382904053,3.842883586883545
3.2793638706207275,3.7095465660095215,3.8429644107818604
3.2793638706207275,3.7095465660095215,3.8429644107818604
3.27886700630188,3.7097268104553223,3.841948986053467
3.2774667739868164,3.7105348110198975,3.841055154800415
3.2777280807495117,3.7107484340667725,3.8409860134124756
3.27843976020813,3.711209774017334,3.8416049480438232
3.27843976020813,3.711209774017334,3.8416049480438232
3.278801679611206,3.7120001316070557,3.841787815093994
3.279161214828491,3.7123844623565674,3.842130422592163
3.278075695037842,3.7124242782592773,3.8415374755859375
3.2772247791290283,3.712106943130493,3.8406596183776855
3.2772247791290283,3.712106943130493,3.8406596183776855
3.2771174907684326,3.712027072906494,3.840324640274048
3.277104139328003,3.712421178817749,3.840402364730835
3.277224540710449,3.7129697799682617,3.840517282485962
3.2764856815338135,3.713590145111084,3.840315580368042
3.2764856815338135,3.713590145111084,3.840315580368042
3.2753636837005615,3.713738441467285,3.8395755290985107
3.274294137954712,3.714071750640869,3.839048147201538
3.2739498615264893,3.713592767715454,3.838930130004883
3.2735071182250977,3.7135367393493652,3.8392956256866455
3.2735071182250977,3.7135367393493652,3.8392956256866455
3.2731497287750244,3.7144110202789307,3.8395767211914062
3.2723448276519775,3.7152023315429688,3.8394012451171875
3.271272659301758,3.716590642929077,3.8393874168395996
3.2711727619171143,3.7170462608337402,3.8397488594055176
3.2711727619171143,3.7170462608337402,3.8397488594055176
3.2708022594451904,3.717705488204956,3.839837074279785
3.2711093425750732,3.7177016735076904,3.839665174484253
3.270454168319702,3.7187204360961914,3.839649200439453
3.271239995956421,3.7185885906219482,3.8398139476776123
3.271239995956421,3.7185885906219482,3.8398139476776123
3.2708237171173096,3.718689441680908,3.8397889137268066
3.271413564682007,3.718411445617676,3.839557647705078
3.2707576751708984,3.718566656112671,3.8390896320343018
3.271918535232544,3.7180449962615967,3.839261054992676
3.271918535232544,3.7180449962615967,3.839261054992676
3.271759033203125,3.7181344032287598,3.839066743850708
3.2720839977264404,3.7174999713897705,3.8392131328582764
3.2721598148345947,3.7173984050750732,3.839184522628784
3.2720329761505127,3.717869281768799,3.83906888961792
3.2720329761505127,3.717869281768799,3.83906888961792
3.271238088607788,3.7191414833068848,3.83876371383667
3.2705750465393066,3.7201602458953857,3.8387880325317383
3.27006459236145,3.720863103866577,3.8387985229492188
3.2700817584991455,3.7211437225341797,3.8391454219818115
3.2700817584991455,3.7211437225341797,3.8391454219818115
3.2693374156951904,3.720973014831543,3.8388750553131104
3.2685182094573975,3.7215895652770996,3.8387458324432373
3.2681868076324463,3.7222766876220703,3.838823080062866
3.2677597999572754,3.72234845161438,3.8388583660125732
3.2677597999572754,3.72234845161438,3.8388583660125732
3.2673287391662598,3.7219207286834717,3.83876895904541
3.2665107250213623,3.7214202880859375,3.838468313217163
3.2658042907714844,3.7197988033294678,3.837773084640503
3.264958143234253,3.7192180156707764,3.837191343307495
3.264958143234253,3.7192180156707764,3.837191343307495
3.265775203704834,3.718473196029663,3.8373308181762695
3.2662253379821777,3.71889591217041,3.837883472442627
3.266033411026001,3.719858407974243,3.837981939315796
3.265148878097534,3.7206852436065674,3.837421417236328
3.265148878097534,3.7206852436065674,3.837421417236328
3.265835762023926,3.7207818031311035,3.8376309871673584
3.265636444091797,3.721038818359375,3.8375728130340576
3.265861988067627,3.720439910888672,3.8375537395477295
3.2653849124908447,3.720226287841797,3.8372726440429688
3.2653849124908447,3.720226287841797,3.8372726440429688
3.265366554260254,3.719224452972412,3.8367552757263184
3.265195369720459,3.7196123600006104,3.8368308544158936
3.265995979309082,3.719710111618042,3.8369486331939697
3.2660818099975586,3.720038414001465,3.8372371196746826
3.2660818099975586,3.720038414001465,3.8372371196746826
3.2656376361846924,3.719606399536133,3.8371527194976807
3.2649765014648438,3.7185609340667725,3.8368444442749023
3.2637760639190674,3.717073440551758,3.836040735244751
3.263665199279785,3.7160356044769287,3.8357934951782227
3.263665199279785,3.7160356044769287,3.8357934951782227
3.2639870643615723,3.7162015438079834,3.8363585472106934
3.264378070831299,3.717294216156006,3.8369643688201904
3.2637410163879395,3.719053030014038,3.8370494842529297
3.263247013092041,3.7196872234344482,3.836780309677124
3.263247013092041,3.7196872234344482,3.836780309677124
3.262321949005127,3.720092296600342,3.836348056793213
3.262720823287964,3.7200214862823486,3.8369405269622803
3.263120651245117,3.7197012901306152,3.8372631072998047
3.263549566268921,3.7197554111480713,3.837427854537964
3.263549566268921,3.7197554111480713,3.837427854537964
3.2626051902770996,3.720127820968628,3.8368616104125977
3.2622950077056885,3.7204959392547607,3.836528778076172
3.2618207931518555,3.7207658290863037,3.8361990451812744
3.2623887062072754,3.7207303047180176,3.83630108833313
3.2623887062072754,3.7207303047180176,3.83630108833313
3.262807607650757,3.720414400100708,3.836618423461914
3.2630181312561035,3.720447301864624,3.8366646766662598
3.262483835220337,3.720574378967285,3.8361666202545166
3.262450933456421,3.7201740741729736,3.8358848094940186
3.262450933456421,3.7201740741729736,3.8358848094940186
3.2620980739593506,3.7203829288482666,3.835659980773926
3.262204885482788,3.7202095985412598,3.8362531661987305
3.2624356746673584,3.720292806625366,3.8364951610565186
3.261488437652588,3.721522569656372,3.8357815742492676
3.261488437652588,3.721522569656372,3.8357815742492676
3.2602875232696533,3.723266363143921,3.8352162837982178
3.2599618434906006,3.72367262840271,3.8349862098693848
3.259561061859131,3.723872423171997,3.8349063396453857
3.2599565982818604,3.7239832878112793,3.8352417945861816
3.2599565982818604,3.7239832878112793,3.8352417945861816
3.260197877883911,3.7237792015075684,3.835674285888672
3.259504556655884,3.7243690490722656,3.8357324600219727
3.2586348056793213,3.725385904312134,3.835249185562134
3.258113145828247,3.7271013259887695,3.835314989089966
3.258113145828247,3.7271013259887695,3.835314989089966
3.2585456371307373,3.7277021408081055,3.835930347442627
3.2586543560028076,3.7283883094787598,3.8364362716674805
3.2583913803100586,3.7284302711486816,3.8359036445617676
3.2557618618011475,3.7285637855529785,3.8342068195343018
3.2557618618011475,3.7285637855529785,3.8342068195343018
3.2552802562713623,3.728654384613037,3.833944082260132
3.2546546459198,3.729679822921753,3.833819627761841
3.2545769214630127,3.7302956581115723,3.83376145362854
3.2534778118133545,3.732025623321533,3.8335647583007812
3.2534778118133545,3.732025623321533,3.8335647583007812
3.253314733505249,3.7324109077453613,3.832791328430176
3.251603841781616,3.7335243225097656,3.831853151321411
3.2514939308166504,3.7333598136901855,3.831404209136963
3.25052547454834,3.733832597732544,3.830984354019165
3.25052547454834,3.733832597732544,3.830984354019165
3.250398635864258,3.7335870265960693,3.83078670501709
3.250392198562622,3.733815908432007,3.8307759761810303
3.250256061553955,3.734477996826172,3.8306288719177246
3.2501964569091797,3.7349839210510254,3.8306667804718018
3.2501964569091797,3.7349839210510254,3.8306667804718018
3.2494218349456787,3.734546184539795,3.8303959369659424
3.2490005493164062,3.733954906463623,3.8303115367889404
3.2487261295318604,3.7330164909362793,3.830204963684082
3.24839448928833,3.732146978378296,3.830005645751953
3.24839448928833,3.732146978378296,3.830005645751953
3.2481746673583984,3.73136305809021,3.8297982215881348
3.248185873031616,3.730863094329834,3.830016851425171
3.2481603622436523,3.730576515197754,3.8302524089813232
3.2484288215637207,3.730617046356201,3.8306307792663574
3.2484288215637207,3.730617046356201,3.8306307792663574
3.247396230697632,3.7311911582946777,3.8302712440490723
3.2473766803741455,3.7306840419769287,3.829897165298462
3.2467503547668457,3.730919599533081,3.829681873321533
3.246617555618286,3.7305665016174316,3.8294742107391357
3.246617555618286,3.7305665016174316,3.8294742107391357
3.245988368988037,3.7310895919799805,3.8293418884277344
3.2456929683685303,3.730621814727783,3.8291919231414795
3.2445740699768066,3.7310950756073,3.8286962509155273
3.244234800338745,3.7311947345733643,3.8287181854248047
3.244234800338745,3.7311947345733643,3.8287181854248047
3.2430522441864014,3.7311513423919678,3.8281936645507812
3.2428367137908936,3.7309515476226807,3.8278985023498535
3.241438865661621,3.730865001678467,3.8273119926452637
3.2416329383850098,3.730194091796875,3.8271844387054443
3.2407093048095703,3.730123996734619,3.826709270477295
3.2407093048095703,3.730123996734619,3.826709270477295
3.2414867877960205,3.7299461364746094,3.826511859893799
3.2414743900299072,3.730628728866577,3.8268065452575684
3.241757869720459,3.7314157485961914,3.8269755840301514
3.2415754795074463,3.7326958179473877,3.827075958251953
3.2415754795074463,3.7326958179473877,3.827075958251953
3.2416508197784424,3.7338125705718994,3.8268113136291504
3.241212844848633,3.734769582748413,3.8265504837036133
3.2416446208953857,3.7355008125305176,3.8268678188323975
3.2416446208953857,3.7355008125305176,3.8268678188323975
3.2417359352111816,3.735725164413452,3.827096700668335
3.2419354915618896,3.7359201908111572,3.8275444507598877
3.2415668964385986,3.7362351417541504,3.827547311782837
3.2408382892608643,3.737121820449829,3.827366352081299
3.2408382892608643,3.737121820449829,3.827366352081299
3.2407386302948,3.737055540084839,3.827536106109619
3.2406039237976074,3.735694408416748,3.827594757080078
3.2405102252960205,3.734823703765869,3.827721118927002
3.2396929264068604,3.734269618988037,3.827193260192871
3.2393808364868164,3.733532667160034,3.8266191482543945
3.2393808364868164,3.733532667160034,3.8266191482543945
3.2389633655548096,3.733447313308716,3.826531410217285
3.239529848098755,3.733475685119629,3.827362298965454
3.2400972843170166,3.7340247631073,3.8280537128448486
3.2397801876068115,3.734622001647949,3.82786226272583
3.2397801876068115,3.734622001647949,3.82786226272583
3.23781156539917,3.7358412742614746,3.8268308639526367
3.2381412982940674,3.7352733612060547,3.8266963958740234
3.2378644943237305,3.735814094543457,3.8267502784729004
3.2378644943237305,3.735814094543457,3.8267502784729004
3.238935708999634,3.735262632369995,3.8273303508758545
3.239753484725952,3.735748767852783,3.828169345855713
3.2391293048858643,3.7359910011291504,3.8280863761901855
3.2385075092315674,3.7368314266204834,3.8279387950897217
3.2385075092315674,3.7368314266204834,3.8279387950897217
3.237826347351074,3.7373478412628174,3.827883720397949
3.2373478412628174,3.7374866008758545,3.827646255493164
3.2372498512268066,3.737217426300049,3.8274660110473633
3.237060308456421,3.7369327545166016,3.8271024227142334
3.237060308456421,3.7369327545166016,3.8271024227142334
3.236923933029175,3.736811637878418,3.8267822265625
3.2363083362579346,3.7368762493133545,3.826399087905884
3.23541259765625,3.737691640853882,3.826115131378174
3.23553729057312,3.7388975620269775,3.826216459274292
3.23553729057312,3.7388975620269775,3.826216459274292
3.234520673751831,3.74123477935791,3.8258862495422363
3.2339229583740234,3.7427425384521484,3.825263500213623
3.2318475246429443,3.744982957839966,3.8241336345672607
3.2311954498291016,3.746809959411621,3.8234763145446777
3.2311954498291016,3.746809959411621,3.8234763145446777
3.2299962043762207,3.748185873031616,3.82275652885437
3.229264974594116,3.7483298778533936,3.82283878326416
3.22904109954834,3.74838924407959,3.822857141494751
3.2282886505126953,3.748609781265259,3.822925567626953
3.2282886505126953,3.748609781265259,3.822925567626953
3.2285780906677246,3.748854875564575,3.8234503269195557
3.2279820442199707,3.7486393451690674,3.8234241008758545
3.2273030281066895,3.74839448928833,3.8234095573425293
3.227062225341797,3.747850179672241,3.822904109954834
3.227062225341797,3.747850179672241,3.822904109954834
3.2262685298919678,3.7474277019500732,3.8224289417266846
3.226679563522339,3.7466118335723877,3.822058916091919
3.2265779972076416,3.745978832244873,3.8220696449279785
3.226705551147461,3.7457635402679443,3.822309970855713
3.226705551147461,3.7457635402679443,3.822309970855713
3.22664737701416,3.7457435131073,3.8222789764404297
3.226269006729126,3.746223211288452,3.8220748901367188
3.2260782718658447,3.7472023963928223,3.8221585750579834
3.225677251815796,3.7476887702941895,3.821878671646118
3.225677251815796,3.7476887702941895,3.821878671646118
3.225416898727417,3.7485764026641846,3.8220908641815186
3.225600004196167,3.7490713596343994,3.822446346282959
3.2252745628356934,3.749685525894165,3.822597026824951
3.224724292755127,3.7504520416259766,3.822634220123291
3.224724292755127,3.7504520416259766,3.822634220123291
3.2243101596832275,3.7511649131774902,3.8224143981933594
3.2236483097076416,3.7515735626220703,3.8220813274383545
3.2234249114990234,3.7517220973968506,3.8220198154449463
3.2233448028564453,3.7517330646514893,3.822227954864502
3.2233448028564453,3.7517330646514893,3.822227954864502
3.2226669788360596,3.7512874603271484,3.821916103363037
3.221547842025757,3.7508575916290283,3.821481466293335
3.2212488651275635,3.7501602172851562,3.821312189102173
3.220801591873169,3.7505202293395996,3.821479558944702
3.220801591873169,3.7505202293395996,3.821479558944702
3.2209227085113525,3.7510128021240234,3.82212495803833
3.2194197177886963,3.752657413482666,3.8217973709106445
3.220179557800293,3.7526557445526123,3.8218941688537598
3.2192583084106445,3.7530746459960938,3.8215341567993164
3.219935655593872,3.752694845199585,3.8216419219970703
3.219935655593872,3.752694845199585,3.8216419219970703
3.2201004028320312,3.7520151138305664,3.8217036724090576
3.2203240394592285,3.7519068717956543,3.8216965198516846
3.2200236320495605,3.752495050430298,3.8214218616485596
3.220076084136963,3.7532267570495605,3.821249485015869
3.220076084136963,3.7532267570495605,3.821249485015869
3.2201297283172607,3.754328727722168,3.821458339691162
3.2204456329345703,3.7549147605895996,3.8216171264648438
3.2205703258514404,3.754572629928589,3.8214457035064697
3.2205703258514404,3.754572629928589,3.8214457035064697
3.220150947570801,3.753648519515991,3.820671319961548
3.219519853591919,3.752763271331787,3.82017183303833
3.22001051902771,3.752260684967041,3.820497989654541
3.220322370529175,3.752476215362549,3.82090425491333
3.220322370529175,3.752476215362549,3.82090425491333
3.220426321029663,3.753831386566162,3.8214244842529297
3.2200205326080322,3.755114793777466,3.8213915824890137
3.2189629077911377,3.7559468746185303,3.820718765258789
3.2187418937683105,3.7562901973724365,3.820755958557129
3.2182815074920654,3.7566542625427246,3.8204736709594727
3.2182815074920654,3.7566542625427246,3.8204736709594727
3.218285083770752,3.757148504257202,3.820795774459839
3.2184090614318848,3.758234977722168,3.8211841583251953
3.218644618988037,3.7595794200897217,3.8215525150299072
3.218644618988037,3.7595794200897217,3.8215525150299072
3.2184181213378906,3.7605462074279785,3.821695566177368
3.2194125652313232,3.7606167793273926,3.8216822147369385
3.218547821044922,3.7605602741241455,3.821295738220215
3.218127489089966,3.760807752609253,3.8211474418640137
3.216869354248047,3.760817050933838,3.8205270767211914
3.216869354248047,3.760817050933838,3.8205270767211914
3.2168540954589844,3.760702133178711,3.820543050765991
3.2170443534851074,3.760856866836548,3.8210108280181885
3.216874837875366,3.761289119720459,3.821223258972168
3.216874837875366,3.761289119720459,3.821223258972168
3.216001272201538,3.762557029724121,3.821178913116455
3.214937210083008,3.763890027999878,3.820814609527588
3.214191198348999,3.7648251056671143,3.820793390274048
3.2138512134552,3.7652878761291504,3.8210816383361816
3.2128045558929443,3.7646260261535645,3.820661783218384
3.2128045558929443,3.7646260261535645,3.820661783218384
3.2122890949249268,3.763996124267578,3.820608139038086
3.2115001678466797,3.7635338306427,3.820161819458008
3.211092948913574,3.7635250091552734,3.8200294971466064
3.211092948913574,3.7635250091552734,3.8200294971466064
3.2110977172851562,3.7636971473693848,3.8202173709869385
3.2108242511749268,3.763728380203247,3.8204915523529053
3.2108218669891357,3.763270139694214,3.8201324939727783
3.210369825363159,3.7622220516204834,3.8196301460266113
3.210068464279175,3.761167526245117,3.8192138671875
3.210068464279175,3.761167526245117,3.8192138671875
3.2099416255950928,3.76045823097229,3.8192217350006104
3.2103490829467773,3.7603366374969482,3.8194921016693115
3.209784507751465,3.76100754737854,3.8194186687469482
3.209784507751465,3.76100754737854,3.8194186687469482
3.210068464279175,3.7615745067596436,3.818864107131958
3.208848714828491,3.7629380226135254,3.8183794021606445
3.208951950073242,3.7629830837249756,3.818222761154175
3.208690881729126,3.7634811401367188,3.8182318210601807
3.208690881729126,3.7634811401367188,3.8182318210601807
3.208481550216675,3.763674020767212,3.818164825439453
3.2080254554748535,3.763977527618408,3.817892074584961
3.20759654045105,3.7647712230682373,3.8174259662628174
3.207127094268799,3.765378952026367,3.817110300064087
3.207127094268799,3.765378952026367,3.817110300064087
3.2067384719848633,3.766087293624878,3.8173327445983887
3.2065248489379883,3.766599655151367,3.8172900676727295
3.205843687057495,3.766751527786255,3.8170883655548096
3.2054896354675293,3.7669904232025146,3.816992998123169
3.2054896354675293,3.7669904232025146,3.816992998123169
3.2054877281188965,3.7673630714416504,3.817229986190796
3.2054617404937744,3.7678492069244385,3.817553997039795
3.204728126525879,3.7688567638397217,3.817500114440918
3.2035608291625977,3.770454168319702,3.8171725273132324
3.2035608291625977,3.770454168319702,3.8171725273132324
3.2024593353271484,3.77211594581604,3.816946029663086
3.2026965618133545,3.7727606296539307,3.8172199726104736
3.202561616897583,3.773005962371826,3.817288875579834
3.201672315597534,3.7726995944976807,3.8168931007385254
3.201672315597534,3.7726995944976807,3.8168931007385254
3.200824499130249,3.7732367515563965,3.816645860671997
3.200706958770752,3.7734792232513428,3.816192388534546
3.199958324432373,3.7746565341949463,3.8159894943237305
3.200413942337036,3.7746381759643555,3.816091299057007
3.200413942337036,3.7746381759643555,3.816091299057007
3.199784517288208,3.7746946811676025,3.815822124481201
3.198803186416626,3.7742955684661865,3.815200090408325
3.1970438957214355,3.773981809616089,3.8141775131225586
3.196648597717285,3.774045705795288,3.813915491104126
3.196648597717285,3.774045705795288,3.813915491104126
3.195842981338501,3.774623394012451,3.8136484622955322
3.1952528953552246,3.7753350734710693,3.8139278888702393
3.1930906772613525,3.7765486240386963,3.8134610652923584
3.1916909217834473,3.7776005268096924,3.813493013381958
3.1900055408477783,3.778184175491333,3.812757730484009
3.1900055408477783,3.778184175491333,3.812757730484009
3.189903974533081,3.7780230045318604,3.8128817081451416
3.189166784286499,3.7787818908691406,3.813095808029175
3.1889455318450928,3.78006911277771,3.813713788986206
3.188932418823242,3.7816359996795654,3.8143680095672607
3.188932418823242,3.7816359996795654,3.8143680095672607
3.188671588897705,3.78235125541687,3.8145785331726074
3.1881983280181885,3.7822165489196777,3.8143322467803955
3.187627077102661,3.781898021697998,3.814115285873413
3.187627077102661,3.781898021697998,3.814115285873413
3.1877973079681396,3.7807250022888184,3.8136050701141357
3.18761944770813,3.7801907062530518,3.813490867614746
3.1882214546203613,3.779993772506714,3.813439130783081
3.188122510910034,3.77949857711792,3.813291549682617
3.188122510910034,3.77949857711792,3.813291549682617
3.18845796585083,3.7790603637695312,3.813055992126465
3.1869208812713623,3.778987169265747,3.812105178833008
3.1869559288024902,3.7785744667053223,3.811800479888916
3.186408519744873,3.7791223526000977,3.811581611633301
3.186408519744873,3.7791223526000977,3.811581611633301
3.1867783069610596,3.7790915966033936,3.8120553493499756
3.1866722106933594,3.779675245285034,3.812347412109375
3.186387538909912,3.779388666152954,3.8123888969421387
3.1851096153259277,3.77982759475708,3.81204891204834
3.1851096153259277,3.77982759475708,3.81204891204834
3.185260772705078,3.779301643371582,3.8122642040252686
3.1847481727600098,3.778780698776245,3.8122074604034424
3.18420147895813,3.77830171585083,3.812554121017456
3.1833136081695557,3.778158187866211,3.8124475479125977
3.1833136081695557,3.778158187866211,3.8124475479125977
3.1823363304138184,3.777775764465332,3.8122246265411377
3.18127703666687,3.77832293510437,3.8125698566436768
3.182081699371338,3.77838397026062,3.8130013942718506
3.1826541423797607,3.77833890914917,3.813509225845337
3.1826541423797607,3.77833890914917,3.813509225845337
3.182330846786499,3.7782418727874756,3.8135766983032227
3.1814258098602295,3.7786362171173096,3.812931537628174
3.1810901165008545,3.7795345783233643,3.8125128746032715
3.1809465885162354,3.779942035675049,3.8124101161956787
3.1809465885162354,3.779942035675049,3.8124101161956787
3.1813790798187256,3.7798924446105957,3.812565565109253
3.1816673278808594,3.7792422771453857,3.812305212020874
3.1814708709716797,3.7795186042785645,3.8120245933532715
3.181002616882324,3.7801318168640137,3.811940908432007
3.181002616882324,3.7801318168640137,3.811940908432007
3.1802473068237305,3.781111717224121,3.8115978240966797
3.18037748336792,3.7816684246063232,3.8121094703674316
3.1800131797790527,3.782616138458252,3.8122897148132324
3.179831027984619,3.7834579944610596,3.8122453689575195
3.179831027984619,3.7834579944610596,3.8122453689575195
3.178662061691284,3.7840027809143066,3.8116238117218018
3.178135633468628,3.784536123275757,3.8116695880889893
3.177734136581421,3.78482723236084,3.8116610050201416
3.177806854248047,3.7859954833984375,3.8126325607299805
3.177806854248047,3.7859954833984375,3.8126325607299805
3.1776840686798096,3.786677837371826,3.8127801418304443
3.1773431301116943,3.786978244781494,3.812464714050293
3.175621509552002,3.787454605102539,3.811659336090088
3.1757147312164307,3.787811756134033,3.8117122650146484
3.1757147312164307,3.787811756134033,3.8117122650146484
3.1762452125549316,3.7889552116394043,3.812429666519165
3.1774730682373047,3.7892961502075195,3.813321113586426
3.1779396533966064,3.789564371109009,3.8136563301086426
3.1778337955474854,3.790163278579712,3.813467025756836
3.1778337955474854,3.790163278579712,3.813467025756836
3.177358627319336,3.7909483909606934,3.8129165172576904
3.177513360977173,3.7913014888763428,3.812760829925537
3.1776185035705566,3.791505813598633,3.8130743503570557
3.177642583847046,3.791440725326538,3.8131344318389893
3.177642583847046,3.791440725326538,3.8131344318389893
3.1775786876678467,3.7915520668029785,3.813005208969116
3.1769192218780518,3.7913928031921387,3.8121860027313232
3.1768383979797363,3.791618585586548,3.8123247623443604
3.177114248275757,3.791800022125244,3.812539577484131
3.177114248275757,3.791800022125244,3.812539577484131
3.1770987510681152,3.7918901443481445,3.8125596046447754
3.1768147945404053,3.792398691177368,3.8126296997070312
3.1764397621154785,3.79318904876709,3.811992645263672
3.1754748821258545,3.7942774295806885,3.8116660118103027
3.1754748821258545,3.7942774295806885,3.8116660118103027
3.176100730895996,3.7947750091552734,3.8119540214538574
3.1764392852783203,3.7957992553710938,3.8124494552612305
3.176565647125244,3.796769618988037,3.8131117820739746
3.175492286682129,3.7981834411621094,3.813317060470581
3.1745176315307617,3.7986252307891846,3.812978982925415
3.1745176315307617,3.7986252307891846,3.812978982925415
3.1736419200897217,3.799713134765625,3.8130743503570557
3.1734626293182373,3.7999632358551025,3.813166379928589
3.172947406768799,3.8003268241882324,3.8134191036224365
3.1724863052368164,3.7990996837615967,3.813258409500122
3.171576499938965,3.7978861331939697,3.8128604888916016
3.171098232269287,3.797302007675171,3.8126718997955322
3.1707723140716553,3.797065496444702,3.812575578689575
3.1707723140716553,3.797065496444702,3.812575578689575
3.170525312423706,3.7966246604919434,3.8125340938568115
3.1702637672424316,3.7964367866516113,3.8125596046447754
3.1699907779693604,3.796225070953369,3.8126022815704346
3.1685898303985596,3.79561185836792,3.811940908432007
3.1685898303985596,3.79561185836792,3.811940908432007
3.1664602756500244,3.795757293701172,3.8113372325897217
3.1647698879241943,3.797081470489502,3.8114967346191406
3.1630921363830566,3.7978851795196533,3.811135768890381
3.1625285148620605,3.7990562915802,3.810502290725708
3.1625285148620605,3.7990562915802,3.810502290725708
3.161777973175049,3.7995948791503906,3.8106136322021484
3.1611225605010986,3.8000659942626953,3.810231924057007
3.160763740539551,3.8001585006713867,3.809861183166504
3.160214900970459,3.800870656967163,3.8100337982177734
3.1601040363311768,3.8009696006774902,3.810309410095215
3.1601040363311768,3.8009696006774902,3.810309410095215
3.160419225692749,3.8014512062072754,3.81032657623291
3.1605772972106934,3.800957679748535,3.8103668689727783
3.1603105068206787,3.8013339042663574,3.810236692428589
3.1583237648010254,3.8013439178466797,3.8090391159057617
3.1583237648010254,3.8013439178466797,3.8090391159057617
3.1582319736480713,3.8017756938934326,3.8089725971221924
3.1579110622406006,3.803018093109131,3.809023857116699
3.1587040424346924,3.8041319847106934,3.80930495262146
3.1586625576019287,3.8058176040649414,3.809892416000366
3.1586625576019287,3.8058176040649414,3.809892416000366
3.1581966876983643,3.806605100631714,3.809800148010254
3.156810760498047,3.8068387508392334,3.809199094772339
3.1563777923583984,3.806825637817383,3.809122085571289
3.1565496921539307,3.8076844215393066,3.8094482421875
3.1567537784576416,3.8082756996154785,3.80972957611084
3.1567537784576416,3.8082756996154785,3.80972957611084
3.156013250350952,3.8081371784210205,3.8094513416290283
3.15476655960083,3.8081014156341553,3.8090591430664062
3.1538875102996826,3.807492256164551,3.808339834213257
3.1521224975585938,3.8067574501037598,3.807441473007202
3.1521224975585938,3.8067574501037598,3.807441473007202
3.1527676582336426,3.80635666847229,3.8076322078704834
3.1528420448303223,3.807244300842285,3.807945966720581
3.153045177459717,3.8083925247192383,3.808424234390259
3.1523146629333496,3.809138774871826,3.8082146644592285
3.152015209197998,3.809892416000366,3.8081164360046387
3.1513593196868896,3.8104448318481445,3.807858467102051
3.1513593196868896,3.8104448318481445,3.807858467102051
3.151576280593872,3.8113977909088135,3.808232069015503
3.1504714488983154,3.812835454940796,3.808244466781616
3.149810552597046,3.8128578662872314,3.8074657917022705
3.148782730102539,3.8132529258728027,3.8068323135375977
3.148782730102539,3.8132529258728027,3.8068323135375977
3.1489810943603516,3.8137435913085938,3.8070714473724365
3.1489007472991943,3.8137624263763428,3.807183265686035
3.1483404636383057,3.8140745162963867,3.807370662689209
3.14784574508667,3.814626455307007,3.807216167449951
3.14784574508667,3.814626455307007,3.807216167449951
3.1472675800323486,3.815809726715088,3.807375431060791
3.1466727256774902,3.8164868354797363,3.8074252605438232
3.1454830169677734,3.8170599937438965,3.807215929031372
3.144336462020874,3.8180289268493652,3.807204246520996
3.1430461406707764,3.8189268112182617,3.806898832321167
3.1430461406707764,3.8189268112182617,3.806898832321167
3.1414852142333984,3.819932222366333,3.806915760040283
3.1403090953826904,3.8213651180267334,3.8072314262390137
3.1395983695983887,3.8221817016601562,3.8074495792388916
3.1395983695983887,3.8221817016601562,3.8074495792388916
3.138979196548462,3.8225252628326416,3.807676076889038
3.138552188873291,3.822204113006592,3.807673215866089
3.1366567611694336,3.8220417499542236,3.806953191757202
3.1354990005493164,3.82181453704834,3.806424379348755
3.1354990005493164,3.82181453704834,3.806424379348755
3.1344809532165527,3.822009801864624,3.805985450744629
3.134464979171753,3.8225595951080322,3.8064053058624268
3.1339328289031982,3.8232271671295166,3.806807518005371
3.1334519386291504,3.8240296840667725,3.8067593574523926
3.1334519386291504,3.8240296840667725,3.8067593574523926
3.1322021484375,3.8249781131744385,3.806701898574829
3.131697654724121,3.825533390045166,3.8068909645080566
3.1308488845825195,3.8263285160064697,3.807105541229248
3.1309397220611572,3.8257694244384766,3.8068673610687256
3.13026762008667,3.8252451419830322,3.8064463138580322
3.13026762008667,3.8252451419830322,3.8064463138580322
3.130021333694458,3.82450532913208,3.805652618408203
3.1298701763153076,3.8233256340026855,3.8052937984466553
3.1303346157073975,3.822692394256592,3.8053526878356934
3.130768299102783,3.8224403858184814,3.8055968284606934
3.130768299102783,3.8224403858184814,3.8055968284606934
3.1306369304656982,3.822601556777954,3.8055098056793213
3.1292450428009033,3.822819709777832,3.804765224456787
3.1282832622528076,3.8234972953796387,3.804420232772827
3.1282832622528076,3.8234972953796387,3.804420232772827
3.1279077529907227,3.8244011402130127,3.8046071529388428
3.1285078525543213,3.825218915939331,3.805525064468384
3.129162073135376,3.8262062072753906,3.8065950870513916
3.1281135082244873,3.8275015354156494,3.8066868782043457
3.1281135082244873,3.8275015354156494,3.8066868782043457
3.1274194717407227,3.828927516937256,3.80680251121521
3.126418352127075,3.8311164379119873,3.806878089904785
3.1267387866973877,3.832693576812744,3.808004140853882
3.127168655395508,3.8342080116271973,3.809380054473877
3.127168655395508,3.8342080116271973,3.809380054473877
3.127873182296753,3.836094617843628,3.8104138374328613
3.127046585083008,3.837224006652832,3.8105568885803223
3.1281492710113525,3.837885856628418,3.8114006519317627
3.127434492111206,3.8389220237731934,3.811530113220215
3.127434492111206,3.8389220237731934,3.811530113220215
3.1284782886505127,3.8404486179351807,3.812441110610962
3.1286768913269043,3.8411874771118164,3.8127927780151367
3.129251480102539,3.841651439666748,3.8125851154327393
3.1282482147216797,3.8424808979034424,3.8120455741882324
3.1282482147216797,3.8424808979034424,3.8120455741882324
3.1275839805603027,3.8427391052246094,3.8112874031066895
3.1275393962860107,3.8432810306549072,3.811310052871704
3.1279296875,3.843196153640747,3.811676025390625
3.1281142234802246,3.8434221744537354,3.8121416568756104
3.126814603805542,3.8444101810455322,3.8118367195129395
3.126814603805542,3.8444101810455322,3.8118367195129395
3.126345634460449,3.8451719284057617,3.811821222305298
3.1259765625,3.84490966796875,3.8115081787109375
3.1252212524414062,3.8444905281066895,3.811149835586548
3.1252212524414062,3.8444905281066895,3.811149835586548
3.124558448791504,3.8439157009124756,3.810756206512451
3.1243367195129395,3.8437271118164062,3.810692071914673
3.1244969367980957,3.8438642024993896,3.811001777648926
3.12475323677063,3.8441321849823,3.811511754989624
3.1238415241241455,3.8449199199676514,3.811354398727417
3.1238415241241455,3.8449199199676514,3.811354398727417
3.123298168182373,3.8454174995422363,3.811061382293701
3.1230409145355225,3.8458456993103027,3.8109755516052246
3.1235718727111816,3.845604181289673,3.8111209869384766
3.1234288215637207,3.8451497554779053,3.8109142780303955
3.1234288215637207,3.8451497554779053,3.8109142780303955
3.124119758605957,3.8450050354003906,3.811011791229248
3.1237852573394775,3.845365047454834,3.810835123062134
3.1245415210723877,3.84588885307312,3.810938596725464
3.125027894973755,3.84639048576355,3.811460494995117
3.125027894973755,3.84639048576355,3.811460494995117
3.1246273517608643,3.8469135761260986,3.8112993240356445
3.1234169006347656,3.8480522632598877,3.8108088970184326
3.1232869625091553,3.848161458969116,3.810218334197998
3.1233956813812256,3.848383903503418,3.810335636138916
3.1233956813812256,3.848383903503418,3.810335636138916
3.123598337173462,3.849630117416382,3.811209201812744
3.1229910850524902,3.8502893447875977,3.8111984729766846
3.121288299560547,3.851376533508301,3.8110337257385254
3.11944317817688,3.8527355194091797,3.8105359077453613
3.11944317817688,3.8527355194091797,3.8105359077453613
3.1183180809020996,3.8535728454589844,3.810739040374756
3.117515802383423,3.853726387023926,3.8105661869049072
3.1168081760406494,3.853752613067627,3.8107330799102783
3.115750312805176,3.853651523590088,3.8103644847869873
3.115750312805176,3.853651523590088,3.8103644847869873
3.115065813064575,3.8531322479248047,3.8097970485687256
3.1149685382843018,3.8525378704071045,3.8096694946289062
3.1150155067443848,3.851450204849243,3.8096818923950195
3.1148486137390137,3.8495635986328125,3.8092551231384277
3.1148486137390137,3.8495635986328125,3.8092551231384277
3.115060329437256,3.8481578826904297,3.8092029094696045
3.1152100563049316,3.847198963165283,3.8088955879211426
3.114717721939087,3.846977710723877,3.8089091777801514
3.1152548789978027,3.8462114334106445,3.808859348297119
3.1152548789978027,3.8462114334106445,3.808859348297119
3.115325689315796,3.8458211421966553,3.8090105056762695
3.11580491065979,3.845057249069214,3.8087069988250732
3.1148030757904053,3.844928026199341,3.80836820602417
3.1150383949279785,3.8446125984191895,3.808009624481201
3.1150383949279785,3.8446125984191895,3.808009624481201
3.114471435546875,3.8450803756713867,3.807922840118408
3.1139769554138184,3.845820188522339,3.8082640171051025
3.113312244415283,3.8465003967285156,3.808001756668091
3.1127681732177734,3.847155809402466,3.808065414428711
3.11246395111084,3.8484718799591064,3.80842661857605
3.11246395111084,3.8484718799591064,3.80842661857605
3.1117897033691406,3.850281238555908,3.809330940246582
3.111058235168457,3.8515753746032715,3.8094921112060547
3.110184907913208,3.8524868488311768,3.809511184692383
3.110184907913208,3.8524868488311768,3.809511184692383
3.109363317489624,3.8526041507720947,3.8092169761657715
3.109623670578003,3.8524999618530273,3.8093743324279785
3.109980583190918,3.853253126144409,3.8099594116210938
3.1101558208465576,3.8542611598968506,3.8106184005737305
3.1101558208465576,3.8542611598968506,3.8106184005737305
3.109480142593384,3.8552258014678955,3.810415506362915
3.1086678504943848,3.856445789337158,3.8099472522735596
3.108429193496704,3.8572998046875,3.809844970703125
3.1088082790374756,3.8581383228302,3.8102145195007324
3.1088082790374756,3.8581383228302,3.8102145195007324
3.1090192794799805,3.860191583633423,3.8107471466064453
3.1082589626312256,3.8624649047851562,3.8109002113342285
3.107618570327759,3.865159034729004,3.811115026473999
3.1077864170074463,3.867861747741699,3.8117709159851074
3.1077864170074463,3.867861747741699,3.8117709159851074
3.1072378158569336,3.8698766231536865,3.812377691268921
3.1068100929260254,3.87017822265625,3.8121657371520996
3.105715274810791,3.8697032928466797,3.8117501735687256
3.105715274810791,3.8697032928466797,3.8117501735687256
3.1049835681915283,3.8686511516571045,3.8111321926116943
3.1042559146881104,3.86865234375,3.8112881183624268
3.103999614715576,3.8689608573913574,3.8114447593688965
3.10379958152771,3.8692691326141357,3.8117825984954834
3.10379958152771,3.8692691326141357,3.8117825984954834
3.1031270027160645,3.870316982269287,3.81181001663208
3.1025807857513428,3.870771884918213,3.81135630607605
3.102039337158203,3.8714771270751953,3.8114616870880127
3.101628303527832,3.871586322784424,3.811382293701172
3.101628303527832,3.871586322784424,3.811382293701172
3.101485013961792,3.8715460300445557,3.811466693878174
3.101468801498413,3.8713219165802,3.811429738998413
3.100935220718384,3.871537208557129,3.811105489730835
3.1007518768310547,3.871713161468506,3.8108413219451904
3.1007518768310547,3.871713161468506,3.8108413219451904
3.100989818572998,3.8715696334838867,3.811034917831421
3.101034164428711,3.8721792697906494,3.8115639686584473
3.10058331489563,3.8730926513671875,3.811735153198242
3.099339246749878,3.874689817428589,3.8116233348846436
3.099339246749878,3.874689817428589,3.8116233348846436
3.098684549331665,3.8758890628814697,3.811506986618042
3.098034381866455,3.8766326904296875,3.8116729259490967
3.096998929977417,3.877241373062134,3.8115947246551514
3.0955820083618164,3.8781423568725586,3.811419725418091
3.0955820083618164,3.8781423568725586,3.811419725418091
3.0949528217315674,3.877983331680298,3.810948371887207
3.093891143798828,3.878326654434204,3.8106114864349365
3.092848539352417,3.878566265106201,3.8106131553649902
3.091830015182495,3.878706932067871,3.8102550506591797
3.091830015182495,3.878706932067871,3.8102550506591797
3.091181516647339,3.8785922527313232,3.810115098953247
3.0907788276672363,3.8776981830596924,3.809804677963257
3.0904359817504883,3.8772764205932617,3.809979200363159
3.0899899005889893,3.876197576522827,3.809945821762085
3.089402198791504,3.8759117126464844,3.809830904006958
3.089402198791504,3.8759117126464844,3.809830904006958
3.0885462760925293,3.875606060028076,3.809732437133789
3.0887088775634766,3.875661849975586,3.810286283493042
3.088988780975342,3.8755245208740234,3.8106210231781006
3.088988780975342,3.8755245208740234,3.8106210231781006
3.0886809825897217,3.8752360343933105,3.810699224472046
3.0873801708221436,3.8753480911254883,3.8103106021881104
3.085993766784668,3.8756887912750244,3.8095948696136475
3.085258960723877,3.875922441482544,3.809116840362549
3.085258960723877,3.875922441482544,3.809116840362549
3.0851681232452393,3.8762080669403076,3.809145450592041
3.085127830505371,3.8762717247009277,3.8090670108795166
3.084538459777832,3.876790761947632,3.8087003231048584
3.0834801197052,3.8768985271453857,3.8078837394714355
3.0825436115264893,3.8772852420806885,3.80733585357666
3.0825436115264893,3.8772852420806885,3.80733585357666
3.0825953483581543,3.877549171447754,3.8074874877929688
3.082416296005249,3.878467082977295,3.8076372146606445
3.0822675228118896,3.8791143894195557,3.80794358253479
3.0822675228118896,3.8791143894195557,3.80794358253479
3.081221342086792,3.8796534538269043,3.807549476623535
3.0814573764801025,3.8798420429229736,3.80783748626709
3.0811543464660645,3.880262613296509,3.8078925609588623
3.0817365646362305,3.8810513019561768,3.808373212814331
3.0817365646362305,3.8810513019561768,3.808373212814331
3.080626964569092,3.8822593688964844,3.808082342147827
3.0800461769104004,3.8835322856903076,3.8080148696899414
3.0788018703460693,3.8848297595977783,3.8076093196868896
3.079357862472534,3.8860254287719727,3.8083369731903076
3.0792605876922607,3.8879237174987793,3.8091886043548584
3.0792605876922607,3.8879237174987793,3.8091886043548584
3.078650951385498,3.889028787612915,3.8089146614074707
3.0775392055511475,3.890481948852539,3.808786630630493
3.076944351196289,3.8910083770751953,3.808533191680908
3.0762879848480225,3.891737222671509,3.8085968494415283
3.0762879848480225,3.891737222671509,3.8085968494415283
3.0761337280273438,3.8921844959259033,3.808738946914673
3.075216770172119,3.8925368785858154,3.8085219860076904
3.0745580196380615,3.893460988998413,3.808439016342163
3.0737876892089844,3.894810199737549,3.808516025543213
3.0737876892089844,3.894810199737549,3.808516025543213
3.073007583618164,3.8964529037475586,3.8092703819274902
3.071892738342285,3.8966243267059326,3.8092503547668457
3.0710504055023193,3.8966283798217773,3.8090925216674805
3.069697618484497,3.8971219062805176,3.808833360671997
3.069697618484497,3.8971219062805176,3.808833360671997
3.068481922149658,3.897573232650757,3.808692693710327
3.0676231384277344,3.897728681564331,3.8084850311279297
3.066267251968384,3.8988027572631836,3.8083701133728027
3.0647058486938477,3.899832248687744,3.8086140155792236
3.0647058486938477,3.899832248687744,3.8086140155792236
3.063292980194092,3.900974988937378,3.808504819869995
3.0625593662261963,3.901456117630005,3.8089091777801514
3.0613672733306885,3.901360034942627,3.8084075450897217
3.060950517654419,3.900947332382202,3.8085482120513916
3.060950517654419,3.900947332382202,3.8085482120513916
3.05959415435791,3.900967597961426,3.8081858158111572
3.059115409851074,3.9009366035461426,3.8081328868865967
3.057797431945801,3.901520252227783,3.80783748626709
3.0575478076934814,3.9012680053710938,3.8081066608428955
3.0560812950134277,3.9008073806762695,3.8078980445861816
3.0560812950134277,3.9008073806762695,3.8078980445861816
3.055891513824463,3.9003007411956787,3.8077704906463623
3.0540153980255127,3.9011964797973633,3.8075647354125977
3.0527563095092773,3.9030520915985107,3.807870864868164
3.0517380237579346,3.9043846130371094,3.807987689971924
3.05212140083313,3.904331922531128,3.808183431625366
3.0520050525665283,3.9041748046875,3.808258533477783
3.0520050525665283,3.9041748046875,3.808258533477783
3.0513246059417725,3.904299259185791,3.808342933654785
3.050886869430542,3.9046740531921387,3.8084969520568848
3.0503337383270264,3.9047365188598633,3.808650016784668
3.049671173095703,3.904762029647827,3.8086369037628174
3.0488972663879395,3.905158281326294,3.80897855758667
3.0488972663879395,3.905158281326294,3.80897855758667
3.0476412773132324,3.904937982559204,3.808422327041626
3.0464091300964355,3.9046778678894043,3.8079171180725098
3.045889139175415,3.9051034450531006,3.808260440826416
3.0456182956695557,3.9057323932647705,3.8085989952087402
3.0458261966705322,3.9056363105773926,3.8085215091705322
3.0434019565582275,3.9070680141448975,3.807899236679077
3.0434789657592773,3.907275915145874,3.8077378273010254
3.0434789657592773,3.907275915145874,3.8077378273010254
3.0420098304748535,3.9090583324432373,3.807678699493408
3.0415987968444824,3.9098570346832275,3.807925224304199
3.0413978099823,3.91149640083313,3.8084371089935303
3.041109561920166,3.9129581451416016,3.8086020946502686
3.039633274078369,3.9152824878692627,3.808621644973755
3.0381884574890137,3.9170796871185303,3.8086233139038086
3.0373268127441406,3.918240785598755,3.8086626529693604
3.0378780364990234,3.9187047481536865,3.809934139251709
3.0378780364990234,3.9187047481536865,3.809934139251709
3.0375070571899414,3.919434070587158,3.8101673126220703
3.0370168685913086,3.9199039936065674,3.810206413269043
3.036557674407959,3.920156955718994,3.8100509643554688
3.036872148513794,3.9206671714782715,3.810368061065674
3.037501335144043,3.9219582080841064,3.8113460540771484
3.0379698276519775,3.922316312789917,3.811735153198242
3.037526845932007,3.9226129055023193,3.811443567276001
3.0362024307250977,3.923762321472168,3.811062812805176
3.0356554985046387,3.924250602722168,3.810509443283081
3.0356554985046387,3.924250602722168,3.810509443283081
3.0351080894470215,3.9242451190948486,3.8100686073303223
3.0351436138153076,3.924891710281372,3.810093641281128
3.034778594970703,3.926182746887207,3.8105413913726807
3.033639669418335,3.927159070968628,3.8105063438415527
3.032784938812256,3.9276092052459717,3.810007095336914
3.0321266651153564,3.927943468093872,3.809985637664795
3.0321266651153564,3.927943468093872,3.809985637664795
3.0305099487304688,3.928448438644409,3.8095226287841797
3.0292420387268066,3.9280550479888916,3.809171438217163
3.0278210639953613,3.927919387817383,3.808518886566162
3.0262718200683594,3.9275407791137695,3.8080861568450928
3.0243070125579834,3.9289281368255615,3.807690382003784
3.024000406265259,3.929617166519165,3.807971477508545
3.024000406265259,3.929617166519165,3.807971477508545
3.023594856262207,3.9305930137634277,3.808157205581665
3.024022340774536,3.9311087131500244,3.8086671829223633
3.022900342941284,3.931736469268799,3.8082830905914307
3.0222442150115967,3.9315125942230225,3.8076345920562744
3.021259307861328,3.9313251972198486,3.8066768646240234
3.021512031555176,3.93137526512146,3.8064815998077393
3.021512031555176,3.93137526512146,3.8064815998077393
3.0217175483703613,3.932002067565918,3.8065197467803955
3.021886110305786,3.9324629306793213,3.806253433227539
3.022155523300171,3.9328417778015137,3.806323528289795
3.021994113922119,3.9327831268310547,3.805954694747925
3.0220651626586914,3.9331135749816895,3.8059475421905518
3.0221495628356934,3.932854175567627,3.805647134780884
3.0221495628356934,3.932854175567627,3.805647134780884
3.021604299545288,3.9329564571380615,3.80546236038208
3.0214169025421143,3.9331655502319336,3.8054356575012207
3.020439624786377,3.9334869384765625,3.8054616451263428
3.019704580307007,3.9335203170776367,3.804964780807495
3.0190510749816895,3.933765172958374,3.805070161819458
3.018035411834717,3.933840036392212,3.805022716522217
3.018035411834717,3.933840036392212,3.805022716522217
3.0165977478027344,3.9345901012420654,3.804614305496216
3.0154457092285156,3.9351375102996826,3.804183006286621
3.0152459144592285,3.9362716674804688,3.804457664489746
3.0143303871154785,3.9374256134033203,3.8045461177825928
3.013411045074463,3.9377388954162598,3.8043200969696045
3.0124971866607666,3.93729305267334,3.803832530975342
3.0124971866607666,3.93729305267334,3.803832530975342
3.011294364929199,3.935948371887207,3.8022725582122803
3.010754108428955,3.935900926589966,3.801945209503174
3.0105204582214355,3.935091972351074,3.800581216812134
3.0096278190612793,3.9351754188537598,3.7999377250671387
3.0091586112976074,3.935196876525879,3.7990150451660156
3.0084333419799805,3.9355545043945312,3.798327684402466
3.006964683532715,3.9351048469543457,3.7968406677246094
3.005871057510376,3.9342219829559326,3.795793294906616
3.005871057510376,3.9342219829559326,3.795793294906616
3.0056607723236084,3.933525800704956,3.795315980911255
3.0056819915771484,3.9342634677886963,3.795764207839966
3.005066394805908,3.935312032699585,3.795764923095703
3.004427671432495,3.93672776222229,3.796213150024414
3.004383087158203,3.9376325607299805,3.79630970954895
3.0042383670806885,3.937692165374756,3.796541929244995
3.004389762878418,3.938173532485962,3.7970376014709473
3.004235029220581,3.937714099884033,3.79703688621521
3.004235029220581,3.937714099884033,3.79703688621521
3.0032155513763428,3.9379184246063232,3.7965686321258545
3.0029492378234863,3.937593460083008,3.7962138652801514
3.002117156982422,3.938981533050537,3.7961502075195312
3.0033185482025146,3.938629150390625,3.7963521480560303
3.0026681423187256,3.9399337768554688,3.7965548038482666
3.0030808448791504,3.9401235580444336,3.7968127727508545
3.0030808448791504,3.9401235580444336,3.7968127727508545
3.001210927963257,3.940825939178467,3.7961018085479736
3.000697612762451,3.9411163330078125,3.7956337928771973
3.000000476837158,3.942411184310913,3.7956864833831787
2.9998021125793457,3.9443695545196533,3.796272039413452
2.9989516735076904,3.9467198848724365,3.7965736389160156
2.9977383613586426,3.9479386806488037,3.796337842941284
2.9977383613586426,3.9479386806488037,3.796337842941284
2.995790719985962,3.9489166736602783,3.7956011295318604
2.994671583175659,3.94954514503479,3.79532790184021
2.993295669555664,3.9497671127319336,3.794567584991455
2.9927546977996826,3.949941396713257,3.7945761680603027
2.991544246673584,3.950894594192505,3.794600009918213
2.990161895751953,3.952144145965576,3.794477939605713
2.990161895751953,3.952144145965576,3.794477939605713
2.989837884902954,3.952676296234131,3.794428586959839
2.9879236221313477,3.952826738357544,3.7933568954467773
2.986245632171631,3.952728509902954,3.7921292781829834
2.9851555824279785,3.9521608352661133,3.7910847663879395
2.984757661819458,3.952065944671631,3.7905173301696777
2.985152006149292,3.9522087574005127,3.790908098220825
2.985152006149292,3.9522087574005127,3.790908098220825
2.9846444129943848,3.952104330062866,3.7905397415161133
2.9834108352661133,3.952357053756714,3.7901110649108887
2.9822418689727783,3.9523978233337402,3.7895474433898926
2.9810526371002197,3.9527270793914795,3.789137363433838
2.9808764457702637,3.9530723094940186,3.789214849472046
2.980221748352051,3.953418254852295,3.789151430130005
2.9799251556396484,3.953232526779175,3.789252281188965
2.9791269302368164,3.9540047645568848,3.789119243621826
2.9799742698669434,3.9547879695892334,3.7893810272216797
2.9799742698669434,3.9547879695892334,3.7893810272216797
2.9791457653045654,3.9558587074279785,3.7893526554107666
2.9786787033081055,3.956159830093384,3.78914475440979
2.977560520172119,3.956562042236328,3.7885446548461914
2.9767067432403564,3.956512928009033,3.787156343460083
2.9755032062530518,3.95780873298645,3.7867543697357178
2.9748759269714355,3.9585583209991455,3.786280870437622
2.973684787750244,3.9590747356414795,3.785693645477295
2.9731285572052,3.9590578079223633,3.785283327102661
2.972513437271118,3.9588027000427246,3.7846839427948
2.972513437271118,3.9588027000427246,3.7846839427948
2.9718754291534424,3.9586429595947266,3.7842698097229004
2.9718849658966064,3.958531618118286,3.7839620113372803
2.970980405807495,3.959144353866577,3.783740758895874
2.970289468765259,3.960249662399292,3.783421277999878
2.968890905380249,3.961609125137329,3.783034563064575
2.969125270843506,3.9622035026550293,3.782839298248291
2.969125270843506,3.9622035026550293,3.782839298248291
2.9684579372406006,3.963020086288452,3.782803535461426
2.9674487113952637,3.9628491401672363,3.782294750213623
2.9647772312164307,3.9628124237060547,3.7809996604919434
2.964097738265991,3.9613595008850098,3.779768228530884
2.963294267654419,3.9617083072662354,3.7793116569519043
2.9629547595977783,3.9614808559417725,3.779184103012085
2.9629547595977783,3.9614808559417725,3.779184103012085
2.9612841606140137,3.962263345718384,3.7784788608551025
2.961188554763794,3.9614596366882324,3.778132677078247
2.960092782974243,3.9618968963623047,3.7778472900390625
2.9601595401763916,3.961155891418457,3.7778244018554688
2.960456371307373,3.9610087871551514,3.7778539657592773
2.9613308906555176,3.960428237915039,3.7781383991241455
2.9613702297210693,3.9604601860046387,3.7781283855438232
2.9613702297210693,3.9604601860046387,3.7781283855438232
2.9617018699645996,3.9607741832733154,3.7785191535949707
2.9606833457946777,3.9610445499420166,3.7782647609710693
2.9603164196014404,3.9604697227478027,3.7779157161712646
2.9597630500793457,3.959900379180908,3.7773258686065674
2.959077835083008,3.959444284439087,3.7768781185150146
2.959685802459717,3.9594566822052,3.7771332263946533
2.9604153633117676,3.959458589553833,3.777291774749756
2.960800886154175,3.959550619125366,3.777348518371582
2.960800886154175,3.959550619125366,3.777348518371582
2.959583282470703,3.9611494541168213,3.777367115020752
2.96016263961792,3.96170711517334,3.7773194313049316
2.960076093673706,3.9618301391601562,3.7767879962921143
2.960271120071411,3.9622690677642822,3.777294158935547
2.9599246978759766,3.9628028869628906,3.777198553085327
2.959427833557129,3.964310646057129,3.777374029159546
2.959427833557129,3.964310646057129,3.777374029159546
2.958940267562866,3.9656200408935547,3.777189016342163
2.959219217300415,3.9671638011932373,3.7778780460357666
2.9585511684417725,3.9685728549957275,3.777838945388794
2.9582133293151855,3.9688570499420166,3.7777276039123535
2.956796884536743,3.969076633453369,3.7767298221588135
2.956796884536743,3.969076633453369,3.7767298221588135
2.955518960952759,3.969184398651123,3.776362180709839
2.954237222671509,3.9701356887817383,3.7760159969329834
2.953306198120117,3.970993995666504,3.7760777473449707
2.9523940086364746,3.971457004547119,3.77563738822937
2.9511115550994873,3.9717392921447754,3.7752721309661865
2.9503307342529297,3.9731616973876953,3.7755866050720215
2.9493942260742188,3.9738454818725586,3.775130033493042
2.9487388134002686,3.9741313457489014,3.774946451187134
2.9487388134002686,3.9741313457489014,3.774946451187134
2.9490644931793213,3.9744367599487305,3.7755486965179443
2.94891095161438,3.974669933319092,3.7757298946380615
2.9481945037841797,3.975416421890259,3.7755424976348877
2.947871208190918,3.9756157398223877,3.7753562927246094
2.947195053100586,3.976163864135742,3.7753806114196777
2.9469430446624756,3.976605176925659,3.7753570079803467
2.9457437992095947,3.9770593643188477,3.774729013442993
2.9457437992095947,3.9770593643188477,3.774729013442993
2.945004940032959,3.9772119522094727,3.7743773460388184
2.9442384243011475,3.977844715118408,3.7741169929504395
2.94360089302063,3.9780848026275635,3.774015426635742
2.9430482387542725,3.977485179901123,3.7732834815979004
2.9424729347229004,3.9763641357421875,3.772676944732666
2.9414825439453125,3.9753832817077637,3.7724413871765137
2.9404690265655518,3.974444627761841,3.7721545696258545
2.939615488052368,3.9736907482147217,3.7712690830230713
2.9393527507781982,3.9728152751922607,3.7710418701171875
2.9394421577453613,3.974027395248413,3.77185320854187
2.940220355987549,3.9744527339935303,3.77247953414917
2.9397330284118652,3.9745826721191406,3.7718164920806885
2.9399149417877197,3.97497820854187,3.771944522857666
2.9389872550964355,3.974561929702759,3.7716596126556396
2.9389872550964355,3.974561929702759,3.7716596126556396
2.9393787384033203,3.973745822906494,3.771686553955078
2.939683675765991,3.973775625228882,3.7714266777038574
2.9393882751464844,3.973601818084717,3.7703490257263184
2.939133405685425,3.973484992980957,3.769998073577881
2.938993453979492,3.973975896835327,3.769709825515747
2.9392287731170654,3.974219799041748,3.7693140506744385
2.938917875289917,3.9741480350494385,3.769056797027588
2.938917875289917,3.9741480350494385,3.769056797027588
2.9383914470672607,3.974483013153076,3.769181966781616
2.9375336170196533,3.9740309715270996,3.7680153846740723
2.937659502029419,3.9734628200531006,3.7679874897003174
2.937692642211914,3.973978281021118,3.768317699432373
2.9375805854797363,3.9742074012756348,3.769214391708374
2.9375805854797363,3.9742074012756348,3.769214391708374
2.9369709491729736,3.974398374557495,3.768897294998169
2.9365439414978027,3.9742326736450195,3.768768072128296
2.9335131645202637,3.9751675128936768,3.767717123031616
2.933378219604492,3.975804567337036,3.768303394317627
2.930305242538452,3.977005958557129,3.7669739723205566
2.9291601181030273,3.9762206077575684,3.7659666538238525
2.926762819290161,3.9767723083496094,3.7654521465301514
2.926762819290161,3.9767723083496094,3.7654521465301514
2.9262547492980957,3.976834774017334,3.7650604248046875
2.925584316253662,3.9770076274871826,3.7648398876190186
2.925257682800293,3.976752758026123,3.764697790145874
2.925830602645874,3.9776997566223145,3.765249729156494
2.9264183044433594,3.979079484939575,3.7657723426818848
2.9264183044433594,3.979079484939575,3.7657723426818848
2.9259510040283203,3.9800407886505127,3.7656471729278564
2.9257640838623047,3.9809458255767822,3.765376567840576
2.924621105194092,3.982696533203125,3.765342950820923
2.924595594406128,3.9833476543426514,3.765460252761841
2.9248158931732178,3.9834213256835938,3.7655153274536133
2.9248158931732178,3.9834213256835938,3.7655153274536133
2.924546003341675,3.983316421508789,3.7658421993255615
2.9237842559814453,3.9841413497924805,3.765925168991089
2.9221456050872803,3.9859745502471924,3.766029119491577
2.9219815731048584,3.986285924911499,3.76611328125
2.9216957092285156,3.986370801925659,3.7660398483276367
2.9216344356536865,3.98616623878479,3.7659311294555664
2.9216344356536865,3.98616623878479,3.7659311294555664
2.9202003479003906,3.9851906299591064,3.7651233673095703
2.9199156761169434,3.9846603870391846,3.764533281326294
2.919050931930542,3.9847753047943115,3.764185905456543
2.9186809062957764,3.9860920906066895,3.764683485031128
2.918632984161377,3.987069845199585,3.764777660369873
2.918632984161377,3.987069845199585,3.764777660369873
2.919962167739868,3.9864251613616943,3.764857292175293
2.9189703464508057,3.9865505695343018,3.7648191452026367
2.9182889461517334,3.98624324798584,3.7640457153320312
2.9170572757720947,3.9860610961914062,3.763007402420044
2.9178431034088135,3.9857842922210693,3.7631947994232178
2.9181580543518066,3.9866535663604736,3.7635324001312256
2.917607069015503,3.988271474838257,3.7637414932250977
2.917607069015503,3.988271474838257,3.7637414932250977
2.9165914058685303,3.988967180252075,3.7628674507141113
2.915902853012085,3.9892139434814453,3.7623507976531982
2.9134559631347656,3.9902546405792236,3.761418342590332
2.9124300479888916,3.990719795227051,3.760728597640991
2.9115700721740723,3.991150379180908,3.76011061668396
2.910297155380249,3.992163896560669,3.759967803955078
2.910297155380249,3.992163896560669,3.759967803955078
2.909278154373169,3.9935214519500732,3.7600739002227783
2.907646656036377,3.993828773498535,3.759223461151123
2.90616774559021,3.9933323860168457,3.758620500564575
2.9053497314453125,3.992730140686035,3.7583444118499756
2.904797077178955,3.9927072525024414,3.7585337162017822
2.904470682144165,3.9918882846832275,3.7583675384521484
2.904470682144165,3.9918882846832275,3.7583675384521484
2.9042346477508545,3.9907641410827637,3.757479190826416
2.9027223587036133,3.9915270805358887,3.7574381828308105
2.902054786682129,3.991776704788208,3.757512331008911
2.9012396335601807,3.9928126335144043,3.7578582763671875
2.9012396335601807,3.9928126335144043,3.7578582763671875
2.9015023708343506,3.992457628250122,3.7578470706939697
2.9000535011291504,3.991502523422241,3.7573578357696533
2.9006614685058594,3.9901256561279297,3.756824493408203
2.899421215057373,3.9894604682922363,3.755983352661133
2.9000635147094727,3.988417387008667,3.755290985107422
2.9000136852264404,3.9880294799804688,3.7547950744628906
2.9018328189849854,3.9861292839050293,3.7535176277160645
2.9023866653442383,3.985724925994873,3.753582239151001
2.9023866653442383,3.985724925994873,3.753582239151001
2.9033589363098145,3.984981060028076,3.753464698791504
2.903787136077881,3.984379291534424,3.7534446716308594
2.903026819229126,3.984206438064575,3.753091812133789
2.902458429336548,3.984567165374756,3.752502918243408
2.902273654937744,3.985321044921875,3.7521142959594727
2.902273654937744,3.985321044921875,3.7521142959594727
2.901710033416748,3.985522747039795,3.7519309520721436
2.90083646774292,3.9870729446411133,3.7523128986358643
2.9002883434295654,3.9880928993225098,3.752424478530884
2.900491714477539,3.9883065223693848,3.75243878364563
2.9008843898773193,3.989110231399536,3.753392457962036
2.9008843898773193,3.989110231399536,3.753392457962036
2.9004533290863037,3.989229440689087,3.7529664039611816
2.8995702266693115,3.990215539932251,3.7532904148101807
2.8989434242248535,3.9915051460266113,3.753659963607788
2.8984997272491455,3.9920670986175537,3.7539865970611572
2.898035764694214,3.992518424987793,3.754150152206421
2.8983652591705322,3.991826295852661,3.753837823867798
2.8983652591705322,3.991826295852661,3.753837823867798
2.897583246231079,3.991084337234497,3.7534143924713135
2.8984742164611816,3.990204334259033,3.7527897357940674
2.897693157196045,3.9896302223205566,3.7522027492523193
2.898207426071167,3.9898574352264404,3.751786947250366
2.898529529571533,3.9905173778533936,3.751840829849243
2.898529529571533,3.9905173778533936,3.751840829849243
2.898810386657715,3.9916930198669434,3.752537250518799
2.897883415222168,3.992260694503784,3.752244710922241
2.89675235748291,3.991739273071289,3.7514898777008057
2.8959128856658936,3.9911468029022217,3.751098394393921
2.895470380783081,3.9914283752441406,3.7511539459228516
2.895470380783081,3.9914283752441406,3.7511539459228516
2.895045518875122,3.992248773574829,3.7514114379882812
2.8941667079925537,3.9932053089141846,3.751394271850586
2.893422842025757,3.9943809509277344,3.751706838607788
2.89176344871521,3.9959607124328613,3.7518436908721924
2.890869140625,3.9962968826293945,3.751617431640625
2.8887767791748047,3.994826316833496,3.750087261199951
2.8887767791748047,3.994826316833496,3.750087261199951
2.887742042541504,3.993967294692993,3.7493255138397217
2.886691093444824,3.9933762550354004,3.7489893436431885
2.8863320350646973,3.993612289428711,3.7491726875305176
2.887132167816162,3.9949417114257812,3.7502081394195557
2.887700319290161,3.9969654083251953,3.7507100105285645
2.887700319290161,3.9969654083251953,3.7507100105285645
2.8876640796661377,3.998652935028076,3.7511794567108154
2.8879075050354004,3.9983623027801514,3.7502100467681885
2.8874495029449463,3.9986772537231445,3.749768018722534
2.8865480422973633,3.999382972717285,3.749678373336792
2.886183738708496,4.000650882720947,3.749936580657959
2.886183738708496,4.000650882720947,3.749936580657959
2.885568380355835,4.0011444091796875,3.749232530593872
2.885211229324341,4.0003981590271,3.7482006549835205
2.885256290435791,4.0002665519714355,3.7486648559570312
2.883784294128418,4.000544548034668,3.748307228088379
2.8841168880462646,4.001151084899902,3.7485687732696533
2.8842873573303223,4.001248836517334,3.748544454574585
2.884589195251465,4.001049041748047,3.7490503787994385
2.884589195251465,4.001049041748047,3.7490503787994385
2.884126901626587,4.00115966796875,3.749218225479126
2.88381290435791,4.001205921173096,3.748741388320923
2.884580612182617,4.001757621765137,3.749176263809204
2.885525703430176,4.002035140991211,3.750356435775757
2.8851985931396484,4.002229690551758,3.7500498294830322
2.883470058441162,4.002613067626953,3.748659610748291
2.882692337036133,4.003017902374268,3.7481987476348877
2.882188320159912,4.003878116607666,3.748424768447876
2.8822450637817383,4.004274845123291,3.748354911804199
2.882589340209961,4.004315376281738,3.7481138706207275
2.882614850997925,4.003840923309326,3.747725009918213
2.881432294845581,4.005638599395752,3.7479023933410645
2.881788492202759,4.005356788635254,3.7478227615356445
2.881136894226074,4.005687236785889,3.7474312782287598
2.880585193634033,4.0044379234313965,3.7473583221435547
2.8788657188415527,4.004397869110107,3.746914863586426
2.8783469200134277,4.0039873123168945,3.7471461296081543
2.8789737224578857,4.005021572113037,3.7486743927001953
2.879648208618164,4.004158973693848,3.7490527629852295
2.879863977432251,4.003697872161865,3.7494447231292725
2.879221200942993,4.004561901092529,3.749605417251587
2.877342939376831,4.0053791999816895,3.7487270832061768
2.877342939376831,4.0053791999816895,3.7487270832061768
2.87628436088562,4.005786895751953,3.7484638690948486
2.8754830360412598,4.005016326904297,3.7478251457214355
2.876420497894287,4.003530979156494,3.74756121635437
2.8773393630981445,4.001313209533691,3.7469568252563477
2.877347707748413,4.000946521759033,3.747192859649658
2.8776097297668457,4.001433372497559,3.7476181983947754
2.8769099712371826,4.0023956298828125,3.7477285861968994
2.8769099712371826,4.0023956298828125,3.7477285861968994
2.8769948482513428,4.001218795776367,3.7470102310180664
2.877162456512451,4.000067710876465,3.7468204498291016
2.877190589904785,3.999382734298706,3.7466418743133545
2.8773226737976074,3.9986348152160645,3.746366024017334
2.8763606548309326,3.9975857734680176,3.745242118835449
2.875145435333252,3.9977941513061523,3.7447457313537598
2.875145435333252,3.9977941513061523,3.7447457313537598
2.873913049697876,3.9983763694763184,3.7443621158599854
2.873318672180176,3.999838352203369,3.744807720184326
2.8733675479888916,3.9997334480285645,3.7449536323547363
2.8731253147125244,3.999577522277832,3.744842052459717
2.872187852859497,3.998413324356079,3.7448158264160156
2.869631767272949,3.998337984085083,3.743419885635376
2.870295763015747,3.997758388519287,3.7431771755218506
2.870295763015747,3.997758388519287,3.7431771755218506
2.8691813945770264,3.9989230632781982,3.742891788482666
2.8690683841705322,4.000210762023926,3.743218183517456
2.867962598800659,4.001626968383789,3.7432169914245605
2.8685250282287598,4.002267360687256,3.7430551052093506
2.8672025203704834,4.002570152282715,3.742267370223999
2.8671696186065674,4.003076553344727,3.742436408996582
2.8671696186065674,4.003076553344727,3.742436408996582
2.866913080215454,4.003767013549805,3.742354154586792
2.866558313369751,4.004758358001709,3.742251396179199
2.8668577671051025,4.00623893737793,3.742318868637085
2.867053985595703,4.006689548492432,3.7420125007629395
2.866854429244995,4.006270408630371,3.741410255432129
2.866328716278076,4.005704402923584,3.740414619445801
2.866328716278076,4.005704402923584,3.740414619445801
2.8658957481384277,4.00631856918335,3.7402899265289307
2.8653852939605713,4.007206439971924,3.740353584289551
2.864781618118286,4.007040977478027,3.7399489879608154
2.864919662475586,4.006253242492676,3.7393910884857178
2.8643383979797363,4.005803108215332,3.73896861076355
2.8643383979797363,4.005803108215332,3.73896861076355
2.8634727001190186,4.006109237670898,3.738825798034668
2.8626530170440674,4.005683898925781,3.7382314205169678
2.861990451812744,4.005828380584717,3.7373971939086914
2.8613440990448,4.006229400634766,3.7374117374420166
2.8605432510375977,4.008352756500244,3.7377047538757324
2.8605432510375977,4.008352756500244,3.7377047538757324
2.8603076934814453,4.009673118591309,3.738316774368286
2.8593204021453857,4.010979175567627,3.7380595207214355
2.8593571186065674,4.011308670043945,3.7381136417388916
2.8567519187927246,4.013033390045166,3.7377939224243164
2.855226516723633,4.014286518096924,3.736726999282837
2.852436065673828,4.01613712310791,3.735471248626709
2.8503386974334717,4.01719856262207,3.7350597381591797
2.847172498703003,4.018469333648682,3.734173536300659
2.846203327178955,4.018711566925049,3.73380708694458
2.846203327178955,4.018711566925049,3.73380708694458
2.8457465171813965,4.018596172332764,3.7338368892669678
2.846287488937378,4.017934322357178,3.734389543533325
2.8467471599578857,4.018350601196289,3.7349767684936523
2.8461315631866455,4.019254684448242,3.7349908351898193
2.8450682163238525,4.020020008087158,3.734327793121338
2.8428053855895996,4.020811557769775,3.7336292266845703
2.8428053855895996,4.020811557769775,3.7336292266845703
2.842620611190796,4.020686149597168,3.733367681503296
2.842134714126587,4.020153522491455,3.7329156398773193
2.8424110412597656,4.019577503204346,3.732792854309082
2.8426804542541504,4.019212245941162,3.733206272125244
2.842238664627075,4.0190863609313965,3.7331323623657227
2.842238664627075,4.0190863609313965,3.7331323623657227
2.8408334255218506,4.018438339233398,3.732076644897461
2.8402678966522217,4.016463279724121,3.731544017791748
2.83953595161438,4.016128063201904,3.7315776348114014
2.8395590782165527,4.015344619750977,3.731489896774292
2.8387632369995117,4.015476703643799,3.731304407119751
2.8394711017608643,4.014052391052246,3.731278419494629
2.8386106491088867,4.015411853790283,3.7317991256713867
2.839211940765381,4.015511989593506,3.7320544719696045
2.839024782180786,4.01584529876709,3.7321815490722656
2.840987205505371,4.014486312866211,3.732128620147705
2.8415207862854004,4.013440132141113,3.7320687770843506
2.8415207862854004,4.013440132141113,3.7320687770843506
2.8412909507751465,4.013168811798096,3.7316365242004395
2.841085433959961,4.013510227203369,3.7313079833984375
2.8408126831054688,4.014127731323242,3.7312378883361816
2.840494394302368,4.014880657196045,3.7315800189971924
2.840494394302368,4.014880657196045,3.7315800189971924
2.8401925563812256,4.014475345611572,3.7313036918640137
2.8406176567077637,4.0131731033325195,3.730382204055786
2.840919017791748,4.01356840133667,3.730919361114502
2.840343713760376,4.015115261077881,3.731360673904419
2.838459014892578,4.016631603240967,3.730526924133301
2.8377668857574463,4.016584396362305,3.7301082611083984
2.8377668857574463,4.016584396362305,3.7301082611083984
2.8370697498321533,4.018019199371338,3.730365514755249
2.835212469100952,4.018913745880127,3.7302913665771484
2.8336987495422363,4.019488334655762,3.7296271324157715
2.8323655128479004,4.0192060470581055,3.7294247150421143
2.8312785625457764,4.019845962524414,3.729569673538208
2.8309552669525146,4.020171165466309,3.7293496131896973
2.8309552669525146,4.020171165466309,3.7293496131896973
2.8298261165618896,4.020422458648682,3.7290985584259033
2.8301711082458496,4.0192179679870605,3.728358507156372
2.829604148864746,4.019141674041748,3.7285263538360596
2.8295750617980957,4.019098281860352,3.728140115737915
2.8290247917175293,4.019632339477539,3.7279469966888428
2.8291451930999756,4.019615173339844,3.7275514602661133
2.828082323074341,4.0212483406066895,3.727471113204956
2.827596664428711,4.022609233856201,3.7273170948028564
2.827596664428711,4.022609233856201,3.7273170948028564
2.8267323970794678,4.023913383483887,3.7269670963287354
2.826751470565796,4.024506092071533,3.7268993854522705
2.827662944793701,4.025839805603027,3.727574586868286
2.828134059906006,4.026333808898926,3.7277398109436035
2.8282432556152344,4.026573181152344,3.727804660797119
2.8279964923858643,4.026359558105469,3.7275211811065674
2.8276262283325195,4.0271100997924805,3.7276229858398438
2.8276262283325195,4.0271100997924805,3.7276229858398438
2.826775312423706,4.027821063995361,3.72733473777771
2.82669997215271,4.028446197509766,3.7273335456848145
2.827753782272339,4.029131889343262,3.728026866912842
2.8276381492614746,4.029785633087158,3.7281277179718018
2.8262240886688232,4.030620098114014,3.7276663780212402
2.823187828063965,4.0308122634887695,3.7261741161346436
2.82261061668396,4.0311279296875,3.7257182598114014
2.8209927082061768,4.03144645690918,3.7253129482269287
2.819725751876831,4.032569885253906,3.725153684616089
2.819725751876831,4.032569885253906,3.725153684616089
2.819728374481201,4.033158779144287,3.7250404357910156
2.819283962249756,4.033814907073975,3.7248458862304688
2.8194656372070312,4.0344343185424805,3.7251596450805664
2.8186488151550293,4.034739971160889,3.7249696254730225
2.8186488151550293,4.034739971160889,3.7249696254730225
2.8181185722351074,4.033803462982178,3.7243995666503906
2.817441463470459,4.032262802124023,3.7233986854553223
2.816725969314575,4.031038761138916,3.723090648651123
2.8160204887390137,4.030860900878906,3.72298526763916
2.8158040046691895,4.030378341674805,3.722799062728882
2.8158040046691895,4.030378341674805,3.722799062728882
2.8163981437683105,4.030181407928467,3.723066568374634
2.8156204223632812,4.0299296379089355,3.7228245735168457
2.814589738845825,4.029432773590088,3.7223405838012695
2.8136048316955566,4.028626441955566,3.7215559482574463
2.813621997833252,4.027794361114502,3.72111177444458
2.8139913082122803,4.0278825759887695,3.721494197845459
2.81474232673645,4.027134418487549,3.7218661308288574
2.8147919178009033,4.026952743530273,3.721914052963257
2.8150036334991455,4.026415824890137,3.721261739730835
2.814560651779175,4.026315212249756,3.721069097518921
2.815509796142578,4.0251593589782715,3.7215189933776855
2.8154404163360596,4.024721145629883,3.7212142944335938
2.8165228366851807,4.024427890777588,3.7219817638397217
2.8165228366851807,4.024427890777588,3.7219817638397217
2.8161568641662598,4.025162696838379,3.7218873500823975
2.8160266876220703,4.0259785652160645,3.7219865322113037
2.815150737762451,4.026605129241943,3.7213134765625
2.815755844116211,4.026012897491455,3.721544027328491
2.816012144088745,4.026913642883301,3.7221121788024902
2.8150792121887207,4.027896881103516,3.7223024368286133
2.8157291412353516,4.0285258293151855,3.7224786281585693
2.8160221576690674,4.029123306274414,3.7227017879486084
2.8153223991394043,4.030725479125977,3.7231733798980713
2.814232349395752,4.031754493713379,3.7226126194000244
2.8132410049438477,4.032831192016602,3.7223317623138428
2.8125829696655273,4.033148288726807,3.7221803665161133
2.810957193374634,4.0342817306518555,3.7218947410583496
2.810957193374634,4.0342817306518555,3.7218947410583496
2.8057453632354736,4.037265300750732,3.719848394393921
2.7974226474761963,4.041370391845703,3.7162418365478516
2.7924625873565674,4.044466972351074,3.7144253253936768
2.789210796356201,4.0461835861206055,3.7130038738250732
2.7894325256347656,4.046973705291748,3.7134017944335938
2.790623664855957,4.04652214050293,3.7136740684509277
2.790712594985962,4.046112537384033,3.7136411666870117
2.790761709213257,4.045950412750244,3.7137978076934814
2.7896907329559326,4.0469207763671875,3.7137908935546875
2.7896907329559326,4.0469207763671875,3.7137908935546875
2.790555953979492,4.047351837158203,3.7144269943237305
2.7903506755828857,4.048486232757568,3.714914560317993
2.7907450199127197,4.049879550933838,3.7157983779907227
2.7902610301971436,4.050806045532227,3.715487003326416
2.7918341159820557,4.04870080947876,3.7158427238464355
2.7909533977508545,4.048055648803711,3.7155473232269287
2.7900006771087646,4.047683238983154,3.7148611545562744
2.7900006771087646,4.047683238983154,3.7148611545562744
2.7891485691070557,4.048239231109619,3.714503765106201
2.7900032997131348,4.048366546630859,3.7145214080810547
2.7905895709991455,4.049975395202637,3.7154650688171387
2.7899599075317383,4.050845623016357,3.7158191204071045
2.788527011871338,4.050531387329102,3.7144224643707275
2.788172483444214,4.050826072692871,3.7146191596984863
2.788172483444214,4.050826072692871,3.7146191596984863
2.786473035812378,4.052126884460449,3.7144792079925537
2.7859904766082764,4.053280830383301,3.714787006378174
2.785233497619629,4.053470611572266,3.7140743732452393
2.784968614578247,4.054023265838623,3.714125394821167
2.7836363315582275,4.054983139038086,3.713954448699951
2.7825210094451904,4.055701732635498,3.713700771331787
2.781951665878296,4.054708480834961,3.7128400802612305
2.781951665878296,4.054708480834961,3.7128400802612305
2.7818105220794678,4.053540229797363,3.712550163269043
2.7815709114074707,4.053249835968018,3.7126426696777344
2.7806549072265625,4.052071571350098,3.7115163803100586
2.780560255050659,4.050693988800049,3.7108876705169678
2.7810347080230713,4.05026912689209,3.7110891342163086
2.7817795276641846,4.0501251220703125,3.712150812149048
2.7817795276641846,4.0501251220703125,3.712150812149048
2.7817983627319336,4.049907207489014,3.7123310565948486
2.7817583084106445,4.049574375152588,3.712158441543579
2.779740571975708,4.049502372741699,3.711313009262085
2.778970718383789,4.049175262451172,3.711244821548462
2.7783396244049072,4.04880428314209,3.7107298374176025
2.7788848876953125,4.047434329986572,3.710725784301758
2.7789125442504883,4.046904563903809,3.710977792739868
2.7788407802581787,4.047849655151367,3.7114171981811523
2.778078317642212,4.048648357391357,3.711106538772583
2.7788124084472656,4.047662258148193,3.7107090950012207
2.7788124084472656,4.047662258148193,3.7107090950012207
2.778799295425415,4.047560691833496,3.7107813358306885
2.778611421585083,4.047760486602783,3.711047887802124
2.7786920070648193,4.047340393066406,3.710691452026367
2.7789387702941895,4.047298431396484,3.710678815841675
2.7789723873138428,4.0480475425720215,3.7109053134918213
2.7792677879333496,4.049685478210449,3.7113916873931885
2.779095411300659,4.050332069396973,3.710883617401123
2.779017686843872,4.050617218017578,3.7105205059051514
2.7780604362487793,4.052008152008057,3.7107815742492676
2.777390718460083,4.053351879119873,3.7107505798339844
2.7767245769500732,4.053999423980713,3.7099356651306152
2.7766451835632324,4.0538530349731445,3.709409236907959
2.776122808456421,4.054576873779297,3.709502935409546
2.775296688079834,4.055531024932861,3.7093167304992676
2.7751779556274414,4.055846214294434,3.7095417976379395
2.7748048305511475,4.056501865386963,3.7094311714172363
2.773916482925415,4.057125091552734,3.709520101547241
2.772019147872925,4.058706283569336,3.709214448928833
2.770451307296753,4.059312343597412,3.7085018157958984
2.7683138847351074,4.060980796813965,3.7077746391296387
2.7683138847351074,4.060980796813965,3.7077746391296387
2.7672119140625,4.062408447265625,3.7084264755249023
2.76590633392334,4.063663959503174,3.7083942890167236
2.7656826972961426,4.063488483428955,3.708223581314087
2.7662978172302246,4.063902378082275,3.70890736579895
2.7653262615203857,4.064945220947266,3.709221839904785
2.764634132385254,4.065938472747803,3.709365129470825
2.7634711265563965,4.065889835357666,3.7086172103881836
2.7635958194732666,4.065765857696533,3.7088520526885986
2.7640647888183594,4.0663909912109375,3.7097039222717285
2.764493703842163,4.066364765167236,3.7102086544036865
2.764493703842163,4.066364765167236,3.7102086544036865
2.7651100158691406,4.064324855804443,3.7097952365875244
2.766310214996338,4.063098430633545,3.709937572479248
2.7658133506774902,4.061703681945801,3.709467887878418
2.7662949562072754,4.061625003814697,3.709728240966797
2.766359567642212,4.062106609344482,3.709749937057495
2.7671003341674805,4.063412666320801,3.7102506160736084
2.7671701908111572,4.0647501945495605,3.710913896560669
2.7671453952789307,4.065275192260742,3.710538864135742
2.766444206237793,4.065736770629883,3.710005044937134
2.766444206237793,4.065736770629883,3.710005044937134
2.766012668609619,4.065451622009277,3.709085702896118
2.7661001682281494,4.066299915313721,3.7094364166259766
2.765515089035034,4.066967964172363,3.7093496322631836
2.7657296657562256,4.067131042480469,3.7091243267059326
2.764972448348999,4.068020343780518,3.7090651988983154
2.763887643814087,4.068901062011719,3.7089738845825195
2.7619385719299316,4.0691962242126465,3.708296060562134
2.759749412536621,4.068784713745117,3.706622362136841
2.7585206031799316,4.068536758422852,3.706120014190674
2.756237030029297,4.069129943847656,3.705625295639038
2.7552459239959717,4.069486141204834,3.7052841186523438
2.7558841705322266,4.069342136383057,3.7054829597473145
2.7572505474090576,4.068282127380371,3.7059009075164795
2.7571287155151367,4.067735195159912,3.7060558795928955
2.7562475204467773,4.068735599517822,3.705967426300049
2.7562475204467773,4.068735599517822,3.705967426300049
2.7545623779296875,4.068933010101318,3.704882860183716
2.7537789344787598,4.069667816162109,3.7048399448394775
2.7535693645477295,4.0701003074646,3.704890012741089
2.752762794494629,4.070502758026123,3.7047066688537598
2.7529516220092773,4.070106029510498,3.704124689102173
2.753340721130371,4.069684028625488,3.704803705215454
2.7522897720336914,4.070410251617432,3.704688310623169
2.7522897720336914,4.070410251617432,3.704688310623169
2.752272605895996,4.0707268714904785,3.704392910003662
2.7503063678741455,4.069935321807861,3.70302152633667
2.750960111618042,4.06894063949585,3.7028419971466064
2.7506015300750732,4.068862438201904,3.7027854919433594
2.751026153564453,4.068411827087402,3.7026593685150146
2.750319719314575,4.068643093109131,3.702044725418091
2.750190019607544,4.070050239562988,3.702704906463623
2.750190019607544,4.070050239562988,3.702704906463623
2.749351978302002,4.071935176849365,3.7029337882995605
2.7501981258392334,4.071957111358643,3.7029061317443848
2.751147747039795,4.072033405303955,3.7031235694885254
2.7508909702301025,4.072437286376953,3.7033767700195312
2.750361204147339,4.073020935058594,3.7035257816314697
2.750361204147339,4.073020935058594,3.7035257816314697
2.7499663829803467,4.0732245445251465,3.703326940536499
2.7505264282226562,4.073879241943359,3.7038958072662354
2.75104022026062,4.075068950653076,3.7047979831695557
2.75058913230896,4.075802803039551,3.7045986652374268
2.749967336654663,4.0749921798706055,3.7032933235168457
2.749774694442749,4.074368000030518,3.7032084465026855
2.749567985534668,4.074352264404297,3.7036426067352295
2.749567985534668,4.074352264404297,3.7036426067352295
2.748812198638916,4.0749969482421875,3.7035229206085205
2.7477128505706787,4.076193809509277,3.7031514644622803
2.746217727661133,4.077398777008057,3.7037718296051025
2.744328498840332,4.079050540924072,3.7036936283111572
2.7450740337371826,4.079713821411133,3.7042148113250732
2.743285655975342,4.080406188964844,3.70343017578125
2.7429311275482178,4.080785274505615,3.703329563140869
2.7429311275482178,4.080785274505615,3.703329563140869
2.740903854370117,4.083360195159912,3.7034170627593994
2.7398507595062256,4.0847344398498535,3.7034800052642822
2.7387518882751465,4.085319519042969,3.702759027481079
2.7383601665496826,4.085350513458252,3.7026469707489014
2.736692428588867,4.085871696472168,3.7025015354156494
2.735846519470215,4.0860514640808105,3.7018368244171143
2.735816478729248,4.0863542556762695,3.7015678882598877
2.7373993396759033,4.086209774017334,3.7019879817962646
2.7379953861236572,4.0854620933532715,3.702174186706543
2.7387592792510986,4.085134506225586,3.7021586894989014
2.739140748977661,4.085642337799072,3.702204942703247
2.7389159202575684,4.087131977081299,3.7024595737457275
2.7389159202575684,4.087131977081299,3.7024595737457275
2.7382209300994873,4.08875846862793,3.7028133869171143
2.737027883529663,4.089409828186035,3.70226788520813
2.735558032989502,4.0892653465271,3.701366901397705
2.734999179840088,4.08811616897583,3.700474500656128
2.7354652881622314,4.088327884674072,3.7012174129486084
2.735700845718384,4.088854789733887,3.701354503631592
2.7357733249664307,4.088460922241211,3.7007429599761963
2.7350316047668457,4.088362693786621,3.7004542350769043
2.733712911605835,4.087288856506348,3.7004168033599854
2.733712911605835,4.087288856506348,3.7004168033599854
2.7329115867614746,4.087187767028809,3.70001220703125
2.733905553817749,4.08551549911499,3.6996731758117676
2.7336208820343018,4.0854291915893555,3.6996536254882812
2.7321884632110596,4.085723400115967,3.6997530460357666
2.7304532527923584,4.0867204666137695,3.6988167762756348
2.7311604022979736,4.086261749267578,3.69913649559021
2.730916738510132,4.086888790130615,3.6991097927093506
2.730916738510132,4.086888790130615,3.6991097927093506
2.7309751510620117,4.086376190185547,3.6988718509674072
2.730405330657959,4.086720943450928,3.6986327171325684
2.7305641174316406,4.0862345695495605,3.6981756687164307
2.7307307720184326,4.086440563201904,3.6984643936157227
2.730849027633667,4.087071418762207,3.6993391513824463
2.730849027633667,4.087071418762207,3.6993391513824463
2.729121208190918,4.086744785308838,3.698185682296753
2.728022336959839,4.085334300994873,3.697262763977051
2.727407455444336,4.083942890167236,3.6961658000946045
2.7257275581359863,4.084402084350586,3.6963229179382324
2.725304365158081,4.0853095054626465,3.6965885162353516
2.725024461746216,4.086058139801025,3.6964712142944336
2.725024461746216,4.086058139801025,3.6964712142944336
2.7242989540100098,4.086766719818115,3.696286201477051
2.723494291305542,4.087885856628418,3.6963465213775635
2.722714424133301,4.088739395141602,3.696432113647461
2.721752643585205,4.088135719299316,3.6952927112579346
2.7217600345611572,4.088566780090332,3.6956136226654053
2.7217600345611572,4.088566780090332,3.6956136226654053
2.720902919769287,4.091041564941406,3.6964259147644043
2.721019983291626,4.092778205871582,3.696958065032959
2.7212677001953125,4.0951972007751465,3.6980018615722656
2.7212777137756348,4.095352649688721,3.698315143585205
2.7198166847229004,4.094359397888184,3.697458028793335
2.7197954654693604,4.093211650848389,3.6969964504241943
2.7197954654693604,4.093211650848389,3.6969964504241943
2.719249963760376,4.091218948364258,3.6954710483551025
2.7208824157714844,4.092108249664307,3.6967830657958984
2.720518112182617,4.093988418579102,3.6974709033966064
2.7203311920166016,4.096676349639893,3.698758602142334
2.7199339866638184,4.098029613494873,3.6988327503204346
2.7196474075317383,4.0978240966796875,3.6987318992614746
2.7196474075317383,4.0978240966796875,3.6987318992614746
2.7193260192871094,4.097111701965332,3.6985106468200684
2.7189581394195557,4.095808029174805,3.6976304054260254
2.718228340148926,4.095825672149658,3.6977081298828125
2.71744966506958,4.097042560577393,3.697845220565796
2.7177202701568604,4.09823751449585,3.698431968688965
2.718167543411255,4.0978922843933105,3.6982338428497314
2.718167543411255,4.0978922843933105,3.6982338428497314
2.7181575298309326,4.097483158111572,3.697866678237915
2.7175769805908203,4.097355365753174,3.6977076530456543
2.7171473503112793,4.097287178039551,3.6981353759765625
2.7172789573669434,4.097735404968262,3.6983025074005127
2.717262029647827,4.09794282913208,3.698179006576538
2.717262029647827,4.09794282913208,3.698179006576538
2.7167460918426514,4.098940372467041,3.698493003845215
2.715925455093384,4.09977912902832,3.6984922885894775
2.715214252471924,4.100503921508789,3.6983346939086914
2.7151308059692383,4.100208759307861,3.697845697402954
2.715080738067627,4.101018905639648,3.6986374855041504
2.715080738067627,4.101018905639648,3.6986374855041504
2.714622974395752,4.101067543029785,3.699129104614258
2.71268630027771,4.101560592651367,3.6980161666870117
2.713592767715454,4.101125717163086,3.698232412338257
2.713735342025757,4.101274490356445,3.698502540588379
2.7135238647460938,4.101017475128174,3.698566436767578
2.7127091884613037,4.100221157073975,3.697711944580078
2.7125346660614014,4.09812068939209,3.6963868141174316
2.712522029876709,4.09796667098999,3.696655511856079
2.712522029876709,4.09796667098999,3.696655511856079
2.712959051132202,4.097659111022949,3.696746826171875
2.7123985290527344,4.097204208374023,3.6960928440093994
2.711714506149292,4.0962677001953125,3.6952388286590576
2.710174083709717,4.096020221710205,3.6946473121643066
2.710174083709717,4.096020221710205,3.6946473121643066
2.708989143371582,4.0964531898498535,3.694545269012451
2.708065986633301,4.096121311187744,3.69427490234375
2.7079427242279053,4.094907283782959,3.694031000137329
2.7080891132354736,4.094723701477051,3.694132089614868
2.707514762878418,4.095789909362793,3.694528818130493
2.707514762878418,4.095789909362793,3.694528818130493
2.708075523376465,4.096412658691406,3.6947968006134033
2.7084803581237793,4.097021102905273,3.6954526901245117
2.7089455127716064,4.096264839172363,3.695470094680786
2.706200122833252,4.094023704528809,3.6938717365264893
2.7057411670684814,4.093533039093018,3.693321943283081
2.7043874263763428,4.092902660369873,3.6924495697021484
2.7045998573303223,4.092641830444336,3.692274332046509
2.7045998573303223,4.092641830444336,3.692274332046509
2.7034568786621094,4.093039512634277,3.691993474960327
2.7034687995910645,4.093472003936768,3.691678524017334
2.703462600708008,4.094357013702393,3.691704034805298
2.7036023139953613,4.095052242279053,3.691654682159424
2.7041609287261963,4.095789909362793,3.692279815673828
2.7035176753997803,4.095254898071289,3.69216251373291
2.7035176753997803,4.095254898071289,3.69216251373291
2.7030527591705322,4.094595909118652,3.69146728515625
2.703549861907959,4.09475564956665,3.6921019554138184
2.7035017013549805,4.096095561981201,3.692992687225342
2.7037041187286377,4.09665584564209,3.6931514739990234
2.7031991481781006,4.0967230796813965,3.6929712295532227
2.7018842697143555,4.096686840057373,3.692669630050659
2.7018842697143555,4.096686840057373,3.692669630050659
2.700784206390381,4.097135543823242,3.6924712657928467
2.7003333568573,4.097034931182861,3.691894292831421
2.7007973194122314,4.097039699554443,3.6918468475341797
2.7006876468658447,4.0983757972717285,3.6924169063568115
2.7009994983673096,4.0993523597717285,3.6925930976867676
2.7013189792633057,4.100136756896973,3.692779302597046
2.7016499042510986,4.099268913269043,3.69199275970459
2.702160120010376,4.098826885223389,3.6922240257263184
2.701491594314575,4.099320411682129,3.692131996154785
2.701491594314575,4.099320411682129,3.692131996154785
2.700878620147705,4.099939823150635,3.6918604373931885
2.7010064125061035,4.099998474121094,3.6915106773376465
2.701700210571289,4.101343631744385,3.6926462650299072
2.700888156890869,4.1016035079956055,3.692340850830078
2.700021505355835,4.101428985595703,3.6917295455932617
2.700021505355835,4.101428985595703,3.6917295455932617
2.7002692222595215,4.101487159729004,3.691880702972412
2.700709819793701,4.101119041442871,3.6919875144958496
2.6999292373657227,4.102290153503418,3.6926238536834717
2.6981916427612305,4.103027820587158,3.691955327987671
2.6973049640655518,4.103521347045898,3.691859483718872
2.6965339183807373,4.104485988616943,3.692049741744995
2.6965339183807373,4.104485988616943,3.692049741744995
2.6957967281341553,4.105618476867676,3.692784547805786
2.6953413486480713,4.105939865112305,3.6924679279327393
2.6943180561065674,4.105532169342041,3.6918036937713623
2.6933529376983643,4.105541229248047,3.691258430480957
2.6918699741363525,4.105288982391357,3.690471649169922
2.692283868789673,4.104849338531494,3.690403461456299
2.692283868789673,4.104849338531494,3.690403461456299
2.6927876472473145,4.104156017303467,3.6903297901153564
2.6939737796783447,4.104419231414795,3.690830945968628
2.6932015419006348,4.1046648025512695,3.6905555725097656
2.692824125289917,4.104435920715332,3.690300703048706
2.692318916320801,4.1021528244018555,3.688863754272461
2.6927785873413086,4.100993633270264,3.689110279083252
2.6927785873413086,4.100993633270264,3.689110279083252
2.692713499069214,4.099974632263184,3.6888937950134277
2.692103862762451,4.1006903648376465,3.6890909671783447
2.69162917137146,4.101033687591553,3.6885812282562256
2.692307472229004,4.102452754974365,3.689943790435791
2.692068099975586,4.10319185256958,3.6904425621032715
2.692068099975586,4.10319185256958,3.6904425621032715
2.6926534175872803,4.102406024932861,3.6897919178009033
2.6923797130584717,4.1014838218688965,3.6894376277923584
2.692575216293335,4.100738525390625,3.6893789768218994
2.6921379566192627,4.100734710693359,3.689540386199951
2.6922574043273926,4.100205898284912,3.6888678073883057
2.692396879196167,4.0993571281433105,3.688493490219116
2.693126678466797,4.09808874130249,3.6881566047668457
2.6934850215911865,4.097605228424072,3.68835186958313
2.6938838958740234,4.095564842224121,3.687500238418579
2.6938838958740234,4.095564842224121,3.687500238418579
2.6939697265625,4.094862461090088,3.6874425411224365
2.693711519241333,4.094958305358887,3.6873555183410645
2.693223476409912,4.096102237701416,3.687772512435913
2.692969799041748,4.097144603729248,3.6880903244018555
2.693066358566284,4.097832679748535,3.6887378692626953
2.6934752464294434,4.097953796386719,3.6891021728515625
2.6934752464294434,4.097953796386719,3.6891021728515625
2.6929235458374023,4.097836017608643,3.688713550567627
2.691176652908325,4.098397254943848,3.687908172607422
2.6903269290924072,4.098942279815674,3.687499523162842
2.6905229091644287,4.10067081451416,3.6884124279022217
2.69075608253479,4.101291656494141,3.6885986328125
2.69075608253479,4.101291656494141,3.6885986328125
2.689746141433716,4.100475311279297,3.6873838901519775
2.689805507659912,4.099443435668945,3.6869499683380127
2.6900711059570312,4.100100517272949,3.687549591064453
2.6899681091308594,4.101643085479736,3.688812732696533
2.6902220249176025,4.103756427764893,3.690007209777832
2.6902220249176025,4.103756427764893,3.690007209777832
2.6892008781433105,4.104616641998291,3.690138101577759
2.68758225440979,4.104789733886719,3.689446210861206
2.6841254234313965,4.104584693908691,3.6883511543273926
2.680750846862793,4.10443115234375,3.6867334842681885
2.6788153648376465,4.104170322418213,3.685594081878662
2.67812442779541,4.104607582092285,3.6852221488952637
2.67812442779541,4.104607582092285,3.6852221488952637
2.6786928176879883,4.106103420257568,3.68577241897583
2.679550886154175,4.106858253479004,3.685879945755005
2.6793906688690186,4.106555461883545,3.6854588985443115
2.6789636611938477,4.106105804443359,3.6850199699401855
2.6789636611938477,4.106105804443359,3.6850199699401855
2.6775853633880615,4.106103420257568,3.684419870376587
2.6770331859588623,4.1066389083862305,3.6838107109069824
2.6779279708862305,4.107944965362549,3.684232473373413
2.678278923034668,4.1093525886535645,3.684854507446289
2.67741060256958,4.1104512214660645,3.68467116355896
2.6761341094970703,4.110707759857178,3.684439182281494
2.6761341094970703,4.110707759857178,3.684439182281494
2.6748509407043457,4.10975980758667,3.682981491088867
2.6745352745056152,4.109184741973877,3.6833784580230713
2.674536943435669,4.110116481781006,3.6841795444488525
2.6741247177124023,4.111069679260254,3.6846983432769775
2.673330307006836,4.1117844581604,3.684234857559204
2.6733055114746094,4.112982749938965,3.685439109802246
2.6733055114746094,4.112982749938965,3.685439109802246
2.6724910736083984,4.114145278930664,3.685708522796631
2.673140048980713,4.1136674880981445,3.6856155395507812
2.6728689670562744,4.113801002502441,3.685387134552002
2.673985719680786,4.112703800201416,3.6846983432769775
2.6733973026275635,4.112094879150391,3.6840224266052246
2.67360520362854,4.112390041351318,3.6843314170837402
2.6730313301086426,4.112767219543457,3.6840744018554688
2.6717190742492676,4.113563537597656,3.6841161251068115
2.6717190742492676,4.113563537597656,3.6841161251068115
2.670502185821533,4.114516258239746,3.6840176582336426
2.669635057449341,4.114992141723633,3.6837093830108643
2.668940544128418,4.115801811218262,3.683741807937622
2.667414665222168,4.116423606872559,3.6836624145507812
2.6659395694732666,4.116306781768799,3.6833746433258057
2.6659395694732666,4.116306781768799,3.6833746433258057
2.664212703704834,4.114586353302002,3.682011365890503
2.6639199256896973,4.113808631896973,3.681615114212036
2.6640846729278564,4.113433837890625,3.6816656589508057
2.6644492149353027,4.113205909729004,3.681873083114624
2.663882255554199,4.11335563659668,3.681696891784668
2.6634466648101807,4.112054347991943,3.681044101715088
2.6626293659210205,4.11093282699585,3.6803317070007324
2.6626293659210205,4.11093282699585,3.6803317070007324
2.663522481918335,4.109458923339844,3.679795980453491
2.6644296646118164,4.108780384063721,3.6798465251922607
2.6651041507720947,4.108421802520752,3.6800990104675293
2.6644341945648193,4.109368324279785,3.68001127243042
2.6642777919769287,4.109619140625,3.6801586151123047
2.6634559631347656,4.110300064086914,3.6796810626983643
2.6634559631347656,4.110300064086914,3.6796810626983643
2.6637144088745117,4.109574317932129,3.679901123046875
2.663646697998047,4.108185768127441,3.679084300994873
2.66330623626709,4.107466697692871,3.678440809249878
2.6624786853790283,4.108114242553711,3.6785969734191895
2.6629369258880615,4.108565330505371,3.67877197265625
2.6633448600769043,4.109433174133301,3.679293155670166
2.6636946201324463,4.109201431274414,3.6791419982910156
2.6636946201324463,4.109201431274414,3.6791419982910156
2.662656307220459,4.108121395111084,3.6783559322357178
2.661693811416626,4.105831146240234,3.67708158493042
2.6619796752929688,4.104844093322754,3.6771905422210693
2.662809371948242,4.105340003967285,3.6777753829956055
2.6632416248321533,4.107420921325684,3.678685426712036
2.6632416248321533,4.107420921325684,3.678685426712036
2.662557601928711,4.110540866851807,3.679464101791382
2.662653684616089,4.111789703369141,3.679690361022949
2.662743330001831,4.1129655838012695,3.6803245544433594
2.6621899604797363,4.113038539886475,3.679971218109131
2.661302089691162,4.1140007972717285,3.6799848079681396
2.6608192920684814,4.1151909828186035,3.6799466609954834
2.6608192920684814,4.1151909828186035,3.6799466609954834
2.659238338470459,4.116489410400391,3.6794967651367188
2.6589114665985107,4.117194175720215,3.679302215576172
2.6584370136260986,4.116781234741211,3.678680658340454
2.6582415103912354,4.116679668426514,3.678373336791992
2.658604383468628,4.115276336669922,3.6779420375823975
2.658604383468628,4.115276336669922,3.6779420375823975
2.658050537109375,4.115198135375977,3.6777255535125732
2.658031940460205,4.11480188369751,3.677692413330078
2.6579370498657227,4.115385055541992,3.677981376647949
2.6575534343719482,4.115782737731934,3.6778953075408936
2.655416965484619,4.116154193878174,3.676971435546875
2.653937816619873,4.116946697235107,3.676948308944702
2.6534640789031982,4.117896556854248,3.6772475242614746
2.6534640789031982,4.117896556854248,3.6772475242614746
2.6531829833984375,4.118922710418701,3.677443504333496
2.6531004905700684,4.119657039642334,3.6777753829956055
2.6528470516204834,4.119963645935059,3.677821159362793
2.6513960361480713,4.119739532470703,3.6773810386657715
2.6508307456970215,4.119365215301514,3.6768898963928223
2.6510279178619385,4.119036674499512,3.676699638366699
2.650874137878418,4.1192498207092285,3.67695951461792
2.6501588821411133,4.119428634643555,3.6768574714660645
2.6501588821411133,4.119428634643555,3.6768574714660645
2.6501567363739014,4.119418144226074,3.6769351959228516
2.6500442028045654,4.119350433349609,3.676612377166748
2.650529384613037,4.119161128997803,3.6771621704101562
2.649862766265869,4.118783473968506,3.6771247386932373
2.649482250213623,4.118978500366211,3.6769802570343018
2.649482250213623,4.118978500366211,3.6769802570343018
2.648212432861328,4.119304180145264,3.67630934715271
2.649179220199585,4.120205402374268,3.6771066188812256
2.6486263275146484,4.121165752410889,3.6774559020996094
2.648751974105835,4.121489524841309,3.6775875091552734
2.6480603218078613,4.121117115020752,3.6769304275512695
2.6481285095214844,4.1222333908081055,3.6775999069213867
2.6481285095214844,4.1222333908081055,3.6775999069213867
2.647658586502075,4.1238579750061035,3.6781811714172363
2.6472508907318115,4.125025272369385,3.6781704425811768
2.645745038986206,4.125768661499023,3.6775929927825928
2.6441307067871094,4.1262898445129395,3.6770122051239014
2.64225697517395,4.127203941345215,3.676882266998291
2.64225697517395,4.127203941345215,3.676882266998291
2.6417205333709717,4.127368927001953,3.676474094390869
2.6416618824005127,4.126770496368408,3.675837755203247
2.6425538063049316,4.126230239868164,3.6757595539093018
2.6428966522216797,4.1266679763793945,3.6762821674346924
2.642523765563965,4.1266679763793945,3.6755177974700928
2.642523765563965,4.1266679763793945,3.6755177974700928
2.6419284343719482,4.125994682312012,3.6749401092529297
2.641988754272461,4.125485897064209,3.675377607345581
2.6415140628814697,4.125308513641357,3.675365686416626
2.6413586139678955,4.1250433921813965,3.6753573417663574
2.6418285369873047,4.124880790710449,3.6753692626953125
2.6418285369873047,4.124880790710449,3.6753692626953125
2.6423401832580566,4.125226974487305,3.675852060317993
2.642686605453491,4.125481605529785,3.6760129928588867
2.641064405441284,4.124200344085693,3.674781560897827
2.6404099464416504,4.122395992279053,3.6738855838775635
2.6405978202819824,4.121222019195557,3.673969268798828
2.6412205696105957,4.120658874511719,3.6739423274993896
2.641889810562134,4.120389461517334,3.674060583114624
2.641889810562134,4.120389461517334,3.674060583114624
2.641486883163452,4.1208014488220215,3.6737561225891113
2.6399669647216797,4.121882915496826,3.6733973026275635
2.638981580734253,4.122456073760986,3.6734821796417236
2.638531446456909,4.122694492340088,3.6731133460998535
2.639589548110962,4.122352600097656,3.673790454864502
2.639965772628784,4.122910499572754,3.674546718597412
2.6387016773223877,4.12332820892334,3.6740355491638184
2.6382734775543213,4.123310089111328,3.673435926437378
2.638697862625122,4.123563766479492,3.6737799644470215
2.638773202896118,4.124359130859375,3.6741321086883545
2.638773202896118,4.124359130859375,3.6741321086883545
2.639037609100342,4.124050140380859,3.6740806102752686
2.6391375064849854,4.122808933258057,3.6735522747039795
2.639991283416748,4.122486114501953,3.673689126968384
2.6400697231292725,4.123164653778076,3.674299478530884
2.6390068531036377,4.123956203460693,3.674208879470825
2.638254165649414,4.125437259674072,3.6746883392333984
2.638254165649414,4.125437259674072,3.6746883392333984
2.637578010559082,4.127706050872803,3.675325632095337
2.638111114501953,4.128852367401123,3.6758651733398438
2.6389715671539307,4.129189968109131,3.6763265132904053
2.6394200325012207,4.1297430992126465,3.676347494125366
2.6396472454071045,4.130678653717041,3.6768343448638916
2.639033794403076,4.132297515869141,3.67706036567688
2.639033794403076,4.132297515869141,3.67706036567688
2.638200521469116,4.1330246925354,3.6769838333129883
2.638052225112915,4.132382869720459,3.676588773727417
2.6376242637634277,4.130843162536621,3.675856113433838
2.6362743377685547,4.130439758300781,3.67518949508667
2.6340746879577637,4.130138874053955,3.6738719940185547
2.6340746879577637,4.130138874053955,3.6738719940185547
2.6348164081573486,4.129753112792969,3.674262523651123
2.635468006134033,4.131149768829346,3.675142288208008
2.6350839138031006,4.132826328277588,3.675931692123413
2.634700059890747,4.13391637802124,3.6760993003845215
2.634700059890747,4.13391637802124,3.6760993003845215
2.634445905685425,4.134296417236328,3.675891876220703
2.6321606636047363,4.134999752044678,3.675316572189331
2.6299545764923096,4.136602401733398,3.674996852874756
2.6267144680023193,4.137013912200928,3.673434257507324
2.6248879432678223,4.137114524841309,3.6728150844573975
2.6248879432678223,4.137114524841309,3.6728150844573975
2.623532772064209,4.137990474700928,3.672851324081421
2.6229405403137207,4.138399124145508,3.6729395389556885
2.6229324340820312,4.139128684997559,3.6736903190612793
2.6239511966705322,4.138177394866943,3.6737308502197266
2.6237292289733887,4.1383233070373535,3.6741256713867188
2.622107982635498,4.138675212860107,3.673884868621826
2.6219778060913086,4.138381004333496,3.673637628555298
2.6219778060913086,4.138381004333496,3.673637628555298
2.6205551624298096,4.138564586639404,3.672863483428955
2.6204984188079834,4.138876914978027,3.6733381748199463
2.620116949081421,4.1396484375,3.6734609603881836
2.62076997756958,4.139861583709717,3.6734352111816406
2.6201460361480713,4.140135288238525,3.6732640266418457
2.6201460361480713,4.140135288238525,3.6732640266418457
2.6207172870635986,4.140007972717285,3.673079013824463
2.619875192642212,4.140613079071045,3.6728453636169434
2.6210734844207764,4.139527320861816,3.672403335571289
2.622516632080078,4.1393232345581055,3.6730616092681885
2.6235241889953613,4.139170169830322,3.673403263092041
2.6235241889953613,4.139170169830322,3.673403263092041
2.6232550144195557,4.138119220733643,3.6725924015045166
2.622868537902832,4.137234687805176,3.671992540359497
2.622567653656006,4.137338638305664,3.6718904972076416
2.6230475902557373,4.13706636428833,3.671961545944214
2.623676300048828,4.136263847351074,3.671802520751953
2.6234841346740723,4.135948657989502,3.671459197998047
2.6234841346740723,4.135948657989502,3.671459197998047
2.622663736343384,4.135818958282471,3.670875072479248
2.621394634246826,4.136181354522705,3.6704657077789307
2.621136426925659,4.13659143447876,3.670410633087158
2.6216518878936768,4.136519432067871,3.670259952545166
2.6218955516815186,4.136166572570801,3.6700963973999023
2.6218955516815186,4.136166572570801,3.6700963973999023
2.6216959953308105,4.136331081390381,3.670153856277466
2.6212990283966064,4.136326313018799,3.670072078704834
2.6210546493530273,4.136249542236328,3.6696722507476807
2.621507406234741,4.13529634475708,3.669670581817627
2.622469663619995,4.135166168212891,3.670285940170288
2.6222634315490723,4.134345531463623,3.6700732707977295
2.6217682361602783,4.133895397186279,3.669332504272461
2.622349977493286,4.133686542510986,3.6697447299957275
2.622349977493286,4.133686542510986,3.6697447299957275
2.62107515335083,4.134667873382568,3.669813871383667
2.62150239944458,4.133942604064941,3.6698906421661377
2.6209797859191895,4.133821964263916,3.669358015060425
2.6220691204071045,4.133673667907715,3.6699576377868652
2.622298240661621,4.134466171264648,3.6707677841186523
2.6212542057037354,4.135183334350586,3.6706910133361816
2.6197643280029297,4.135896682739258,3.670060157775879
2.6197643280029297,4.135896682739258,3.670060157775879
2.6189775466918945,4.136344909667969,3.6701834201812744
2.619290828704834,4.136934280395508,3.670814037322998
2.6200358867645264,4.136864185333252,3.671452760696411
2.6205697059631348,4.136237144470215,3.6714513301849365
2.6199843883514404,4.13593053817749,3.671311616897583
2.6199843883514404,4.13593053817749,3.671311616897583
2.6193673610687256,4.13680362701416,3.6718268394470215
2.619109630584717,4.136998176574707,3.671755075454712
2.6194541454315186,4.136237621307373,3.671447992324829
2.6194820404052734,4.136877536773682,3.6722230911254883
2.6187679767608643,4.137508392333984,3.6719799041748047
2.6187679767608643,4.137508392333984,3.6719799041748047
2.6182641983032227,4.138213157653809,3.6720316410064697
2.6188008785247803,4.13937520980835,3.6721205711364746
2.6189565658569336,4.140175819396973,3.6724088191986084
2.6180388927459717,4.140398025512695,3.672081232070923
2.6169419288635254,4.140491962432861,3.671631336212158
2.6167259216308594,4.1409010887146,3.6716277599334717
2.6167259216308594,4.1409010887146,3.6716277599334717
2.6171464920043945,4.140526294708252,3.6716275215148926
2.6173665523529053,4.140933513641357,3.6717615127563477
2.61672306060791,4.140892505645752,3.671492576599121
2.615858316421509,4.141178131103516,3.6707160472869873
2.6160614490509033,4.141562461853027,3.670999526977539
2.617171287536621,4.141362190246582,3.671096086502075
2.6174802780151367,4.14118766784668,3.671205520629883
2.6174802780151367,4.14118766784668,3.671205520629883
2.6160213947296143,4.141425132751465,3.6706337928771973
2.614652156829834,4.1419453620910645,3.6704585552215576
2.6140358448028564,4.141961574554443,3.6702463626861572
2.6142585277557373,4.142030715942383,3.670178174972534
2.614826202392578,4.14265251159668,3.670659065246582
2.614826202392578,4.14265251159668,3.670659065246582
2.614974021911621,4.143426418304443,3.671177387237549
2.6141998767852783,4.143615245819092,3.6707746982574463
2.6133952140808105,4.143091678619385,3.6702470779418945
2.6131584644317627,4.142567157745361,3.670199394226074
2.6133570671081543,4.142601013183594,3.6704416275024414
2.6133570671081543,4.142601013183594,3.6704416275024414
2.6131558418273926,4.142300128936768,3.6702663898468018
2.6132256984710693,4.141602993011475,3.6698644161224365
2.613862991333008,4.140948295593262,3.670069456100464
2.6140711307525635,4.140987396240234,3.6703484058380127
2.6140711307525635,4.140987396240234,3.6703484058380127
2.6134774684906006,4.141505241394043,3.670376777648926
2.6125309467315674,4.142005443572998,3.669651985168457
2.611217498779297,4.1419219970703125,3.6691231727600098
2.6112515926361084,4.142686367034912,3.669416666030884
2.61080002784729,4.143209934234619,3.669590950012207
2.6109118461608887,4.14218282699585,3.6689462661743164
2.6094555854797363,4.141336917877197,3.6681058406829834
2.6094555854797363,4.141336917877197,3.6681058406829834
2.6085972785949707,4.142718315124512,3.668487787246704
2.6061947345733643,4.144207000732422,3.6679131984710693
2.6048312187194824,4.1454081535339355,3.667868137359619
2.6037826538085938,4.146045207977295,3.667971134185791
2.6029245853424072,4.1445722579956055,3.667834758758545
2.6029245853424072,4.1445722579956055,3.667834758758545
2.603416919708252,4.143042087554932,3.667569637298584
2.603910207748413,4.142396450042725,3.667309284210205
2.6045844554901123,4.1426005363464355,3.667595148086548
2.603961706161499,4.143767833709717,3.6679162979125977
2.602832317352295,4.144528388977051,3.6678035259246826
2.6020946502685547,4.145116806030273,3.6675662994384766
2.602080821990967,4.144827365875244,3.667224645614624
2.603062152862549,4.145850658416748,3.6684725284576416
2.603062152862549,4.145850658416748,3.6684725284576416
2.603011131286621,4.146155834197998,3.6684048175811768
2.602409839630127,4.146678447723389,3.668290376663208
2.6024467945098877,4.147915363311768,3.668823719024658
2.6014316082000732,4.149084091186523,3.6691389083862305
2.6014742851257324,4.14926290512085,3.669210910797119
2.6011269092559814,4.1487321853637695,3.6686692237854004
2.6012284755706787,4.148427963256836,3.6689889430999756
2.6012284755706787,4.148427963256836,3.6689889430999756
2.601243734359741,4.149039268493652,3.6693201065063477
2.6022512912750244,4.149954319000244,3.670125961303711
2.6026999950408936,4.150574207305908,3.6705338954925537
2.6028494834899902,4.150826454162598,3.6703073978424072
2.602476119995117,4.151449680328369,3.6705305576324463
2.6012187004089355,4.151015281677246,3.669584035873413
2.601236581802368,4.151017665863037,3.669344186782837
2.6016926765441895,4.150788307189941,3.669227361679077
2.6016926765441895,4.150788307189941,3.669227361679077
2.6021244525909424,4.151602268218994,3.670220375061035
2.600978136062622,4.152624607086182,3.6700916290283203
2.599630832672119,4.152324676513672,3.669224977493286
2.599613904953003,4.151272296905518,3.6688785552978516
2.5994982719421387,4.150921821594238,3.668872833251953
2.599424362182617,4.150514602661133,3.668767213821411
2.5985605716705322,4.150278568267822,3.6683661937713623
2.5942492485046387,4.149619102478027,3.6665751934051514
2.5942492485046387,4.149619102478027,3.6665751934051514
2.5922648906707764,4.149444580078125,3.6660354137420654
2.590590715408325,4.149590492248535,3.665250778198242
2.5889394283294678,4.148375034332275,3.6636874675750732
2.589078187942505,4.149931907653809,3.6644833087921143
2.58925461769104,4.150686264038086,3.66471004486084
2.589282274246216,4.152453422546387,3.6656172275543213
2.5892534255981445,4.152538299560547,3.6655497550964355
2.5887300968170166,4.151957988739014,3.6653149127960205
2.5887300968170166,4.151957988739014,3.6653149127960205
2.5883240699768066,4.151552200317383,3.6653528213500977
2.588428258895874,4.151464939117432,3.665295362472534
2.589110851287842,4.15195369720459,3.6653945446014404
2.5884833335876465,4.151313781738281,3.6645474433898926
2.587949752807617,4.1514105796813965,3.664820909500122
2.587949752807617,4.1514105796813965,3.664820909500122
2.5874338150024414,4.151061534881592,3.66445255279541
2.5873911380767822,4.149880886077881,3.663670301437378
2.5888023376464844,4.1493306159973145,3.6640031337738037
2.5894556045532227,4.149378299713135,3.6641359329223633
2.588341236114502,4.149960517883301,3.6639907360076904
2.5866479873657227,4.149450302124023,3.66257381439209
2.5859081745147705,4.148555278778076,3.6616601943969727
2.5859081745147705,4.148555278778076,3.6616601943969727
2.586483955383301,4.1473069190979,3.6612868309020996
2.5871026515960693,4.1468186378479,3.6614935398101807
2.5879454612731934,4.147307872772217,3.6618881225585938
2.5882060527801514,4.148633003234863,3.6622962951660156
2.5874876976013184,4.149647235870361,3.662083148956299
2.5872385501861572,4.149837017059326,3.6621320247650146
2.5872385501861572,4.149837017059326,3.6621320247650146
2.5875964164733887,4.149112701416016,3.662060260772705
2.5874600410461426,4.147995471954346,3.6619491577148438
2.5870730876922607,4.146493434906006,3.661341905593872
2.5870673656463623,4.145963668823242,3.661184549331665
2.5868000984191895,4.14602518081665,3.6610968112945557
2.587172746658325,4.146608352661133,3.662022113800049
2.587172746658325,4.146608352661133,3.662022113800049
2.5867772102355957,4.146780490875244,3.661877393722534
2.586056709289551,4.145917892456055,3.6615540981292725
2.5859217643737793,4.146150588989258,3.6615190505981445
2.5853383541107178,4.147351264953613,3.6617648601531982
2.5853543281555176,4.148902416229248,3.6621625423431396
2.5848090648651123,4.149179935455322,3.6615958213806152
2.5835988521575928,4.150015354156494,3.6614296436309814
2.583428382873535,4.151163101196289,3.6623103618621826
2.583428382873535,4.151163101196289,3.6623103618621826
2.582782745361328,4.152629375457764,3.662482261657715
2.5816874504089355,4.153356552124023,3.662315845489502
2.5799317359924316,4.155102729797363,3.6627190113067627
2.578982353210449,4.156747817993164,3.6634011268615723
2.578685998916626,4.1576104164123535,3.6633036136627197
2.5783426761627197,4.156822681427002,3.662886381149292
2.5783426761627197,4.156822681427002,3.662886381149292
2.577965497970581,4.157209873199463,3.6631104946136475
2.5766727924346924,4.158788204193115,3.663414716720581
2.5760786533355713,4.160591125488281,3.663724899291992
2.5760812759399414,4.1625823974609375,3.664123296737671
2.5757038593292236,4.16459321975708,3.664436101913452
2.57515549659729,4.166077613830566,3.664801836013794
2.5739169120788574,4.165194511413574,3.663376808166504
2.5739169120788574,4.165194511413574,3.663376808166504
2.573807954788208,4.163743495941162,3.66253399848938
2.573495864868164,4.16355037689209,3.662315607070923
2.573003053665161,4.163575649261475,3.6621687412261963
2.5720574855804443,4.163578033447266,3.6622042655944824
2.571457862854004,4.163623809814453,3.661771297454834
2.5709097385406494,4.163127422332764,3.6617014408111572
2.5707011222839355,4.163669109344482,3.662018060684204
2.5700225830078125,4.163946628570557,3.6617891788482666
2.569131374359131,4.164055824279785,3.6613621711730957
2.569131374359131,4.164055824279785,3.6613621711730957
2.5676941871643066,4.1650309562683105,3.661715507507324
2.5666966438293457,4.166361331939697,3.662193536758423
2.565856456756592,4.1661176681518555,3.661996603012085
2.565840721130371,4.165549278259277,3.661975860595703
2.566011667251587,4.165205001831055,3.6625285148620605
2.565413475036621,4.165749549865723,3.662867307662964
2.564802408218384,4.165999889373779,3.6626193523406982
2.564802408218384,4.165999889373779,3.6626193523406982
2.564621925354004,4.165760517120361,3.6623268127441406
2.564183473587036,4.165974140167236,3.6627516746520996
2.5641398429870605,4.165689468383789,3.6626436710357666
2.563490629196167,4.165433883666992,3.6619629859924316
2.5637810230255127,4.165223121643066,3.66162371635437
2.563079595565796,4.165191173553467,3.6614627838134766
2.5623507499694824,4.165889739990234,3.66153883934021
2.5623507499694824,4.165889739990234,3.66153883934021
2.5611627101898193,4.1664910316467285,3.6609137058258057
2.5603556632995605,4.168321132659912,3.6611788272857666
2.559568405151367,4.170507431030273,3.661757469177246
2.558976173400879,4.172417163848877,3.661667585372925
2.5578906536102295,4.173564910888672,3.661315679550171
2.5570573806762695,4.173242092132568,3.6603193283081055
2.556791305541992,4.173273086547852,3.6602256298065186
2.5565245151519775,4.173928260803223,3.6599624156951904
2.556673288345337,4.174886226654053,3.660109519958496
2.556673288345337,4.174886226654053,3.660109519958496
2.556090831756592,4.175148010253906,3.659447431564331
2.555272102355957,4.174752235412598,3.6589012145996094
2.5549402236938477,4.174509525299072,3.6585869789123535
2.5543181896209717,4.174193382263184,3.658179521560669
2.553819179534912,4.173676013946533,3.657606601715088
2.5528571605682373,4.1731367111206055,3.657140016555786
2.551680088043213,4.174409866333008,3.657693386077881
2.551680088043213,4.174409866333008,3.657693386077881
2.550858736038208,4.174987316131592,3.6577017307281494
2.5505027770996094,4.17560338973999,3.6579904556274414
2.550230026245117,4.175158500671387,3.657951831817627
2.5492496490478516,4.175068378448486,3.658027172088623
2.5489377975463867,4.175076961517334,3.6578996181488037
2.5489377975463867,4.175076961517334,3.6578996181488037
2.5479156970977783,4.1746745109558105,3.657137393951416
2.548326253890991,4.173937797546387,3.657017230987549
2.5477170944213867,4.174193859100342,3.656994581222534
2.548306703567505,4.17346715927124,3.657294273376465
2.5467989444732666,4.173308849334717,3.656363010406494
2.5485548973083496,4.172028064727783,3.656036138534546
2.5484588146209717,4.172966003417969,3.6561994552612305
2.5484588146209717,4.172966003417969,3.6561994552612305
2.548292636871338,4.174101829528809,3.6564743518829346
2.547966957092285,4.17588996887207,3.65663743019104
2.549659252166748,4.177300930023193,3.6578285694122314
2.5501997470855713,4.178422451019287,3.6580591201782227
2.5499513149261475,4.179336071014404,3.6583735942840576
2.5499513149261475,4.179336071014404,3.6583735942840576
2.5482370853424072,4.179363250732422,3.6571316719055176
2.547279119491577,4.178471088409424,3.656113386154175
2.545654296875,4.1790971755981445,3.6557745933532715
2.5434153079986572,4.179490089416504,3.6555545330047607
2.5417909622192383,4.180012226104736,3.6553869247436523
2.540471315383911,4.178768634796143,3.6546170711517334
2.540471315383911,4.178768634796143,3.6546170711517334
2.5401575565338135,4.178194999694824,3.654625177383423
2.5400683879852295,4.177970886230469,3.654860734939575
2.540066957473755,4.177638530731201,3.65488862991333
2.5396296977996826,4.17769193649292,3.6549453735351562
2.5381264686584473,4.1780900955200195,3.6550073623657227
2.5381264686584473,4.1780900955200195,3.6550073623657227
2.5361266136169434,4.17984676361084,3.655512571334839
2.5352234840393066,4.1805315017700195,3.6555113792419434
2.5346806049346924,4.180588245391846,3.6553890705108643
2.5354323387145996,4.180746555328369,3.6560559272766113
2.5350887775421143,4.18146276473999,3.656463861465454
2.535367488861084,4.182263374328613,3.6565072536468506
2.534369707107544,4.183298587799072,3.6566126346588135
2.534877300262451,4.1834282875061035,3.656654119491577
2.534877300262451,4.1834282875061035,3.656654119491577
2.534597635269165,4.182503700256348,3.656388521194458
2.5351791381835938,4.181163787841797,3.6559817790985107
2.534546136856079,4.180335998535156,3.655214786529541
2.5357275009155273,4.180155277252197,3.6555545330047607
2.5362019538879395,4.180769920349121,3.6561756134033203
2.5359716415405273,4.18141508102417,3.6563503742218018
2.5350143909454346,4.1829752922058105,3.6565866470336914
2.5349972248077393,4.1839704513549805,3.656590223312378
2.5349972248077393,4.1839704513549805,3.656590223312378
2.534494400024414,4.184588432312012,3.6566388607025146
2.5347747802734375,4.185622215270996,3.6567437648773193
2.5335094928741455,4.1863226890563965,3.6561713218688965
2.5319223403930664,4.187661170959473,3.65590763092041
2.530364513397217,4.189197540283203,3.6556570529937744
2.5285990238189697,4.190405368804932,3.655203342437744
2.5276904106140137,4.1905903816223145,3.6546199321746826
2.5278689861297607,4.189582824707031,3.6539831161499023
2.5278689861297607,4.189582824707031,3.6539831161499023
2.5283799171447754,4.1899309158325195,3.654428243637085
2.528982162475586,4.190459728240967,3.6544265747070312
2.528959035873413,4.191545009613037,3.6547508239746094
2.5280323028564453,4.192738056182861,3.6545610427856445
2.5280323028564453,4.192738056182861,3.6545610427856445
2.526768207550049,4.19318151473999,3.654240369796753
2.526289701461792,4.193734645843506,3.654259443283081
2.52577805519104,4.192737102508545,3.6541383266448975
2.526648759841919,4.192521095275879,3.6546363830566406
2.5255870819091797,4.1927690505981445,3.6548614501953125
2.5237338542938232,4.193464279174805,3.6545190811157227
2.522359609603882,4.192762851715088,3.6535897254943848
2.522359609603882,4.192762851715088,3.6535897254943848
2.5220510959625244,4.192013263702393,3.6533687114715576
2.5223214626312256,4.191047191619873,3.6535634994506836
2.5218701362609863,4.1899943351745605,3.6530025005340576
2.522019147872925,4.189321517944336,3.6525678634643555
2.5217721462249756,4.188434600830078,3.651951789855957
2.5217721462249756,4.188434600830078,3.651951789855957
2.5226259231567383,4.188302516937256,3.6521244049072266
2.52189040184021,4.188112735748291,3.6515707969665527
2.52119517326355,4.186246395111084,3.6499276161193848
2.521048069000244,4.186177730560303,3.6500396728515625
2.5213465690612793,4.187019348144531,3.650552749633789
2.5213465690612793,4.187019348144531,3.650552749633789
2.5214438438415527,4.187882900238037,3.6505331993103027
2.5213866233825684,4.18782377243042,3.6498823165893555
2.5209686756134033,4.187983512878418,3.6498682498931885
2.5202903747558594,4.188544273376465,3.6498148441314697
2.520059823989868,4.188592910766602,3.649958372116089
2.520059823989868,4.188592910766602,3.649958372116089
2.5186493396759033,4.188706874847412,3.64932918548584
2.5178492069244385,4.188789367675781,3.6499974727630615
2.5164101123809814,4.189470291137695,3.6502912044525146
2.515756607055664,4.189752101898193,3.650721549987793
2.5146543979644775,4.189777374267578,3.650075912475586
2.514312505722046,4.190377235412598,3.6504640579223633
2.514312505722046,4.190377235412598,3.6504640579223633
2.5129940509796143,4.191428184509277,3.6506001949310303
2.5114214420318604,4.192179203033447,3.650291681289673
2.5107686519622803,4.192116737365723,3.6500563621520996
2.5111262798309326,4.192503452301025,3.6502132415771484
2.5116915702819824,4.193387985229492,3.6510393619537354
2.5117557048797607,4.194371700286865,3.6509945392608643
2.5117557048797607,4.194371700286865,3.6509945392608643
2.5118484497070312,4.195313930511475,3.6511433124542236
2.5111148357391357,4.195976734161377,3.6509056091308594
2.5108630657196045,4.19683313369751,3.651204824447632
2.5099546909332275,4.196538925170898,3.650588274002075
2.5100042819976807,4.19495153427124,3.64955735206604
2.5101780891418457,4.195033073425293,3.6497962474823
2.5101780891418457,4.195033073425293,3.6497962474823
2.509976625442505,4.195324897766113,3.650146245956421
2.509812116622925,4.196013450622559,3.6506147384643555
2.508854866027832,4.195412635803223,3.6499006748199463
2.507802963256836,4.195548057556152,3.6497726440429688
2.506476640701294,4.196588516235352,3.649911642074585
2.506476640701294,4.196588516235352,3.649911642074585
2.5061545372009277,4.197983741760254,3.6503703594207764
2.506547212600708,4.198212623596191,3.650390625
2.5060815811157227,4.19777774810791,3.6502459049224854
2.5060291290283203,4.199071407318115,3.6513240337371826
2.5049262046813965,4.199909687042236,3.6510965824127197
2.5049262046813965,4.199909687042236,3.6510965824127197
2.5054354667663574,4.199453830718994,3.6507716178894043
2.505924701690674,4.199394702911377,3.6511118412017822
2.5056166648864746,4.199111461639404,3.650815486907959
2.504034996032715,4.198904991149902,3.650050163269043
2.504574775695801,4.199615478515625,3.6498849391937256
2.5049076080322266,4.200383186340332,3.6501410007476807
2.5051560401916504,4.201145648956299,3.650278091430664
2.503915548324585,4.201562881469727,3.6495821475982666
2.503915548324585,4.201562881469727,3.6495821475982666
2.5033133029937744,4.20192813873291,3.6493611335754395
2.502119302749634,4.203507423400879,3.649399518966675
2.500243663787842,4.2054572105407715,3.6497116088867188
2.4983346462249756,4.206696033477783,3.6493124961853027
2.4969959259033203,4.2067341804504395,3.648419141769409
2.495703935623169,4.2069315910339355,3.648434638977051
2.495703935623169,4.2069315910339355,3.648434638977051
2.4956321716308594,4.207565784454346,3.6489620208740234
2.4950428009033203,4.207326889038086,3.648531913757324
2.49605655670166,4.2069926261901855,3.649069309234619
2.496582508087158,4.205082416534424,3.648470401763916
2.496582508087158,4.205082416534424,3.648470401763916
2.4962854385375977,4.204652309417725,3.648827314376831
2.4955456256866455,4.2037153244018555,3.647977590560913
2.4947125911712646,4.202915191650391,3.647351026535034
2.4945733547210693,4.201977252960205,3.646646499633789
2.493867874145508,4.202114105224609,3.646587371826172
2.493867874145508,4.202114105224609,3.646587371826172
2.4938621520996094,4.202078342437744,3.6464591026306152
2.493562698364258,4.201252460479736,3.645611524581909
2.494795322418213,4.201106548309326,3.646150827407837
2.4947407245635986,4.20163106918335,3.6463232040405273
2.493807077407837,4.2011613845825195,3.6458330154418945
2.493044853210449,4.201146602630615,3.645291566848755
2.4938151836395264,4.2006330490112305,3.645655632019043
2.4938151836395264,4.2006330490112305,3.645655632019043
2.4944984912872314,4.200738906860352,3.6461780071258545
2.4941837787628174,4.200638294219971,3.646394968032837
2.4929680824279785,4.19905948638916,3.645249128341675
2.4928689002990723,4.198159217834473,3.6451773643493652
2.493497371673584,4.198371410369873,3.64575457572937
2.4925215244293213,4.198290824890137,3.645678758621216
2.492440700531006,4.198118209838867,3.645214319229126
2.49119234085083,4.197783946990967,3.644554853439331
2.49119234085083,4.197783946990967,3.644554853439331
2.4906728267669678,4.197987079620361,3.6447505950927734
2.4909896850585938,4.198586463928223,3.6451003551483154
2.4911863803863525,4.199192047119141,3.645040988922119
2.491567611694336,4.201015472412109,3.6459059715270996
2.490553379058838,4.202844619750977,3.6460883617401123
2.490553379058838,4.202844619750977,3.6460883617401123
2.4899163246154785,4.204420566558838,3.6463282108306885
2.4898483753204346,4.204823017120361,3.6461098194122314
2.4897050857543945,4.205320835113525,3.646223545074463
2.489753246307373,4.20628547668457,3.6466636657714844
2.4885857105255127,4.206116676330566,3.6461164951324463
2.4885857105255127,4.206116676330566,3.6461164951324463
2.4881246089935303,4.205499172210693,3.6459805965423584
2.488192558288574,4.205204963684082,3.645679235458374
2.488224744796753,4.206786155700684,3.6464266777038574
2.487654447555542,4.206503391265869,3.6459507942199707
2.4873416423797607,4.205810546875,3.6452748775482178
2.4868528842926025,4.205700874328613,3.6449995040893555
2.4860522747039795,4.205508708953857,3.645004987716675
2.4859752655029297,4.20609188079834,3.645197868347168
2.4859752655029297,4.20609188079834,3.645197868347168
2.4856889247894287,4.206567287445068,3.644963502883911
2.4850058555603027,4.207346439361572,3.6447672843933105
2.4845261573791504,4.208272933959961,3.6448922157287598
2.484487771987915,4.209284782409668,3.645463466644287
2.4844820499420166,4.209280014038086,3.6454834938049316
2.484529972076416,4.209164142608643,3.6451189517974854
2.484529972076416,4.209164142608643,3.6451189517974854
2.483980655670166,4.208978652954102,3.6446781158447266
2.483678102493286,4.209214210510254,3.6445364952087402
2.4843859672546387,4.209719181060791,3.644869565963745
2.4851174354553223,4.210413455963135,3.645387649536133
2.4846184253692627,4.210709095001221,3.645265817642212
2.4846184253692627,4.210709095001221,3.645265817642212
2.48321270942688,4.210805416107178,3.64500093460083
2.4819071292877197,4.211551189422607,3.6448378562927246
2.480680465698242,4.212796211242676,3.6452860832214355
2.4792580604553223,4.214041233062744,3.6453542709350586
2.4780397415161133,4.21454381942749,3.645367383956909
2.4780397415161133,4.21454381942749,3.645367383956909
2.4766645431518555,4.215293884277344,3.645153045654297
2.4760494232177734,4.215094089508057,3.644885778427124
2.4757025241851807,4.215805530548096,3.6450321674346924
2.4756481647491455,4.215902328491211,3.6453697681427
2.475234270095825,4.215347766876221,3.6450774669647217
2.4750142097473145,4.21442985534668,3.6443846225738525
2.474785804748535,4.21340799331665,3.6437315940856934
2.474785804748535,4.21340799331665,3.6437315940856934
2.475186586380005,4.213644504547119,3.644001007080078
2.4757344722747803,4.213913440704346,3.6443064212799072
2.4758121967315674,4.213991165161133,3.64445161819458
2.474561929702759,4.213807582855225,3.643907070159912
2.4738738536834717,4.2140092849731445,3.643712043762207
2.4734907150268555,4.214691162109375,3.6438515186309814
2.4736387729644775,4.214776992797852,3.643998622894287
2.4736387729644775,4.214776992797852,3.643998622894287
2.4744784832000732,4.21490478515625,3.6443307399749756
2.47460675239563,4.2147345542907715,3.6442220211029053
2.4746551513671875,4.214291095733643,3.643887758255005
2.4740943908691406,4.2141432762146,3.64361834526062
2.474421977996826,4.213820934295654,3.643648147583008
2.474421977996826,4.213820934295654,3.643648147583008
2.4748737812042236,4.213460445404053,3.6435282230377197
2.475175142288208,4.212778568267822,3.6433839797973633
2.474536418914795,4.2120890617370605,3.6430091857910156
2.474686622619629,4.212148666381836,3.6436100006103516
2.4747700691223145,4.212065696716309,3.6433722972869873
2.4755473136901855,4.212034225463867,3.6434900760650635
2.4755473136901855,4.212034225463867,3.6434900760650635
2.476019859313965,4.212321758270264,3.6438803672790527
2.475801706314087,4.211897850036621,3.6439149379730225
2.474644184112549,4.211991786956787,3.64304256439209
2.47450852394104,4.211440563201904,3.6426711082458496
2.475186586380005,4.211447715759277,3.643066167831421
2.474773645401001,4.211907386779785,3.6433396339416504
2.4733638763427734,4.212202548980713,3.6425881385803223
2.47268009185791,4.212031841278076,3.642587423324585
2.472757577896118,4.212892532348633,3.643092393875122
2.473236560821533,4.214089870452881,3.6440677642822266
2.473646879196167,4.215201377868652,3.6447012424468994
2.4732697010040283,4.21464204788208,3.6444034576416016
2.4733686447143555,4.21523380279541,3.645007371902466
2.4734950065612793,4.215867519378662,3.6455376148223877
2.472994804382324,4.21589994430542,3.645352363586426
2.47285532951355,4.216169357299805,3.645366668701172
2.4724647998809814,4.216821670532227,3.6454825401306152
2.4721896648406982,4.218624591827393,3.6462321281433105
2.4724934101104736,4.219400405883789,3.646691083908081
2.4726779460906982,4.218636989593506,3.646660327911377
2.4722065925598145,4.218006610870361,3.6462855339050293
2.4716110229492188,4.218096733093262,3.646300792694092
2.47097110748291,4.21827507019043,3.6462600231170654
2.4708104133605957,4.218123912811279,3.6461081504821777
2.471151828765869,4.21870231628418,3.646519660949707
2.4705777168273926,4.218523979187012,3.6465351581573486
2.4697794914245605,4.217925548553467,3.645664930343628
2.4692349433898926,4.216636657714844,3.6448779106140137
2.469855546951294,4.216744899749756,3.645158529281616
2.4691405296325684,4.217537879943848,3.6453583240509033
2.469005584716797,4.218608856201172,3.645296573638916
2.4690260887145996,4.219537734985352,3.645251512527466
2.4704596996307373,4.220261573791504,3.6455678939819336
2.4705941677093506,4.221011161804199,3.645810842514038
2.470405340194702,4.2210693359375,3.6452255249023438
2.46988844871521,4.2202863693237305,3.6443965435028076
2.4690442085266113,4.220280170440674,3.644428014755249
2.4680752754211426,4.222164630889893,3.6451287269592285
2.466383934020996,4.225164413452148,3.6457386016845703
2.4631948471069336,4.227777004241943,3.6458051204681396
2.459298610687256,4.229251384735107,3.64530873298645
2.456976890563965,4.229877471923828,3.6450726985931396
2.455754518508911,4.229804992675781,3.6446573734283447
2.4544341564178467,4.229300498962402,3.643588066101074
2.4556007385253906,4.2282514572143555,3.6439268589019775
2.4556007385253906,4.2282514572143555,3.6439268589019775
2.4552786350250244,4.228111743927002,3.643458127975464
2.4561069011688232,4.227571964263916,3.643542528152466
2.456336736679077,4.226460933685303,3.6424756050109863
2.4562366008758545,4.226408958435059,3.6429853439331055
2.455017328262329,4.2260422706604,3.642266035079956
2.4534621238708496,4.2258148193359375,3.64138126373291
2.4535491466522217,4.2252349853515625,3.641270875930786
2.4535491466522217,4.2252349853515625,3.641270875930786
2.453519105911255,4.225203514099121,3.6413896083831787
2.4525506496429443,4.225353717803955,3.6411447525024414
2.451516628265381,4.224902153015137,3.64066481590271
2.451643705368042,4.2239861488342285,3.6399590969085693
2.451266288757324,4.223998069763184,3.640092372894287
2.4506561756134033,4.224257946014404,3.640110731124878
2.4506561756134033,4.224257946014404,3.640110731124878
2.449165105819702,4.224015712738037,3.639244794845581
2.4495604038238525,4.223918914794922,3.639232635498047
2.4499826431274414,4.224102973937988,3.639572858810425
2.4503018856048584,4.223942279815674,3.6398355960845947
2.4507505893707275,4.223347187042236,3.6397407054901123
2.4507505893707275,4.223347187042236,3.6397407054901123
2.450615167617798,4.223519802093506,3.639669179916382
2.450202465057373,4.2242326736450195,3.6397299766540527
2.450045347213745,4.2253217697143555,3.6399197578430176
2.449514865875244,4.225552082061768,3.63944673538208
2.4494245052337646,4.2255353927612305,3.639313220977783
2.4496467113494873,4.2253875732421875,3.6392040252685547
2.450106620788574,4.225193500518799,3.6390528678894043
2.450106620788574,4.225193500518799,3.6390528678894043
2.451374053955078,4.225826263427734,3.639331579208374
2.452183485031128,4.225357532501221,3.6389882564544678
2.451685905456543,4.225619316101074,3.6390867233276367
2.4497873783111572,4.227110385894775,3.638639450073242
2.4484732151031494,4.227206707000732,3.6387581825256348
2.4484732151031494,4.227206707000732,3.6387581825256348
2.4478256702423096,4.227378845214844,3.638195753097534
2.4484941959381104,4.227821350097656,3.6394197940826416
2.4488487243652344,4.22843599319458,3.639925241470337
2.4477996826171875,4.228166103363037,3.6395277976989746
2.4469242095947266,4.229081153869629,3.639981508255005
2.4467382431030273,4.229538917541504,3.6403682231903076
2.4467382431030273,4.229538917541504,3.6403682231903076
2.4461281299591064,4.231327533721924,3.641447067260742
2.445993185043335,4.232365608215332,3.6415936946868896
2.4459228515625,4.232927322387695,3.6415650844573975
2.446161985397339,4.233448028564453,3.642029047012329
2.4450979232788086,4.234329700469971,3.6423308849334717
2.4434309005737305,4.235214710235596,3.641875743865967
2.4434309005737305,4.235214710235596,3.641875743865967
2.44217586517334,4.2358880043029785,3.6416337490081787
2.441190481185913,4.23707914352417,3.642061471939087
2.44027042388916,4.23779821395874,3.6422834396362305
2.4389379024505615,4.238337993621826,3.6422276496887207
2.4391403198242188,4.237656116485596,3.641155958175659
2.439950466156006,4.237677097320557,3.6414904594421387
2.4398398399353027,4.2374138832092285,3.6411776542663574
2.4398398399353027,4.2374138832092285,3.6411776542663574
2.438908338546753,4.2359466552734375,3.640132188796997
2.4385945796966553,4.23440408706665,3.639019727706909
2.4392387866973877,4.234363079071045,3.639528512954712
2.44075870513916,4.235982894897461,3.6406073570251465
2.44075870513916,4.235982894897461,3.6406073570251465
2.4415805339813232,4.237297058105469,3.641817092895508
2.4417598247528076,4.236479759216309,3.640597105026245
2.4417386054992676,4.236743450164795,3.6406991481781006
2.441326379776001,4.238248825073242,3.64090633392334
2.441326379776001,4.238248825073242,3.64090633392334
2.440206289291382,4.238900184631348,3.640707492828369
2.4403347969055176,4.238987922668457,3.641177177429199
2.440037250518799,4.239009857177734,3.641206979751587
2.4397776126861572,4.2391862869262695,3.641712188720703
2.4396889209747314,4.238783359527588,3.641371250152588
2.4396889209747314,4.238783359527588,3.641371250152588
2.4380061626434326,4.236915111541748,3.639782190322876
2.436899185180664,4.236625671386719,3.6395301818847656
2.436203718185425,4.237844467163086,3.639918565750122
2.435293197631836,4.237786293029785,3.6396963596343994
2.435093879699707,4.235980987548828,3.6389074325561523
2.435004472732544,4.235002040863037,3.6388652324676514
2.435004472732544,4.235002040863037,3.6388652324676514
2.4343838691711426,4.235075950622559,3.639051675796509
2.433295488357544,4.23566198348999,3.6387763023376465
2.433276414871216,4.236200332641602,3.638756275177002
2.4338278770446777,4.237301826477051,3.639519691467285
2.434380292892456,4.238623142242432,3.6406266689300537
2.434380292892456,4.238623142242432,3.6406266689300537
2.434060573577881,4.239094257354736,3.6404013633728027
2.4323110580444336,4.238771438598633,3.639600992202759
2.4311184883117676,4.237026691436768,3.6382858753204346
2.43032169342041,4.237338542938232,3.638477087020874
2.4298288822174072,4.237567901611328,3.6379971504211426
2.4301321506500244,4.237954616546631,3.637924909591675
2.430900812149048,4.238422870635986,3.6383743286132812
2.4310736656188965,4.239197731018066,3.6390440464019775
2.4300646781921387,4.239696979522705,3.638812780380249
2.4300646781921387,4.239696979522705,3.638812780380249
2.4298176765441895,4.240880966186523,3.6387948989868164
2.430243492126465,4.240869522094727,3.6391489505767822
2.4318125247955322,4.241821765899658,3.640597343444824
2.4319987297058105,4.242087364196777,3.6411101818084717
2.4315364360809326,4.241092205047607,3.6403462886810303
2.431196451187134,4.2406792640686035,3.640122890472412
2.4301600456237793,4.240090847015381,3.6394965648651123
2.4301600456237793,4.240090847015381,3.6394965648651123
2.4304745197296143,4.240030288696289,3.639679193496704
2.430680990219116,4.240228176116943,3.6395256519317627
2.4307467937469482,4.240459442138672,3.639058828353882
2.4312939643859863,4.241023063659668,3.6393344402313232
2.4310142993927,4.239937782287598,3.638396978378296
2.4310142993927,4.239937782287598,3.638396978378296
2.4308125972747803,4.2379937171936035,3.6370391845703125
2.431267499923706,4.237508773803711,3.636957883834839
2.431504487991333,4.2380595207214355,3.637037992477417
2.4322593212127686,4.239553451538086,3.6377480030059814
2.4328818321228027,4.2397637367248535,3.6378772258758545
2.4328866004943848,4.239686012268066,3.637601375579834
2.4328866004943848,4.239686012268066,3.637601375579834
2.432888984680176,4.239392280578613,3.6375975608825684
2.4324121475219727,4.239425182342529,3.6372249126434326
2.4318082332611084,4.238401889801025,3.6362106800079346
2.4316070079803467,4.237139701843262,3.6355080604553223
2.4316070079803467,4.237139701843262,3.6355080604553223
2.431563138961792,4.237706661224365,3.6361281871795654
2.4321177005767822,4.237943649291992,3.6364047527313232
2.432875871658325,4.237910270690918,3.636129379272461
2.4332354068756104,4.238225936889648,3.636049509048462
2.4329936504364014,4.238468170166016,3.6358642578125
2.432123899459839,4.2391037940979,3.6358418464660645
2.432123899459839,4.2391037940979,3.6358418464660645
2.4325051307678223,4.239496231079102,3.6359384059906006
2.432671308517456,4.239285469055176,3.635878086090088
2.432795524597168,4.240396499633789,3.6367568969726562
2.432095527648926,4.2416276931762695,3.6369218826293945
2.4308395385742188,4.24257230758667,3.6368484497070312
2.429840564727783,4.242802143096924,3.636336088180542
2.429840564727783,4.242802143096924,3.636336088180542
2.4289040565490723,4.2418951988220215,3.6355316638946533
2.428363084793091,4.2417192459106445,3.6355607509613037
2.4282798767089844,4.242583751678467,3.6358413696289062
2.427988052368164,4.243492603302002,3.636441469192505
2.427560567855835,4.2450337409973145,3.6369152069091797
2.426772117614746,4.245116233825684,3.637376308441162
2.4258761405944824,4.245772361755371,3.637406587600708
2.4255471229553223,4.245734214782715,3.6374857425689697
2.4251513481140137,4.246660232543945,3.6379027366638184
2.4251513481140137,4.246660232543945,3.6379027366638184
2.4249184131622314,4.246100902557373,3.638021469116211
2.4244303703308105,4.246184349060059,3.6379332542419434
2.4247400760650635,4.245514869689941,3.6375391483306885
2.424250602722168,4.245869159698486,3.63787841796875
2.4244937896728516,4.245057106018066,3.6378934383392334
2.423712968826294,4.243824481964111,3.637275218963623
2.423597812652588,4.242577075958252,3.6365714073181152
2.423680543899536,4.242359638214111,3.6366794109344482
2.423680543899536,4.242359638214111,3.6366794109344482
2.424647331237793,4.242785453796387,3.636852979660034
2.4244511127471924,4.242515563964844,3.636478900909424
2.423854351043701,4.242823600769043,3.636234998703003
2.422703981399536,4.244140148162842,3.6362783908843994
2.4218862056732178,4.245216369628906,3.6362736225128174
2.4216883182525635,4.245826721191406,3.63667631149292
2.421783208847046,4.245142459869385,3.6365933418273926
2.421783208847046,4.245142459869385,3.6365933418273926
2.4224910736083984,4.244601726531982,3.636800765991211
2.4229507446289062,4.2453131675720215,3.6372742652893066
2.420421838760376,4.2457966804504395,3.637143135070801
2.4140279293060303,4.242125034332275,3.6338284015655518
2.4110054969787598,4.240943908691406,3.6328728199005127
2.4110054969787598,4.240943908691406,3.6328728199005127
2.4057037830352783,4.240029335021973,3.6308741569519043
2.4034972190856934,4.2396697998046875,3.629964590072632
2.4026241302490234,4.240216255187988,3.630112886428833
2.4038937091827393,4.2403764724731445,3.6305019855499268
2.405611276626587,4.240403652191162,3.6313071250915527
2.4054245948791504,4.23948335647583,3.630661964416504
2.403995990753174,4.23873233795166,3.63004469871521
2.402833938598633,4.2380900382995605,3.629476308822632
2.4018523693084717,4.237833499908447,3.6290130615234375
2.4018523693084717,4.237833499908447,3.6290130615234375
2.402880907058716,4.237769603729248,3.6291565895080566
2.4036149978637695,4.238430500030518,3.629206657409668
2.40478515625,4.239377975463867,3.6292788982391357
2.404707193374634,4.239053726196289,3.62893009185791
2.403136730194092,4.237424373626709,3.627657890319824
2.4017114639282227,4.236084938049316,3.6265900135040283
2.4017114639282227,4.236084938049316,3.6265900135040283
2.401987075805664,4.236826419830322,3.6270406246185303
2.4032485485076904,4.239145278930664,3.628283739089966
2.4030649662017822,4.240334987640381,3.628448724746704
2.403475522994995,4.242056369781494,3.6296708583831787
2.404784917831421,4.243189334869385,3.6304893493652344
2.4048454761505127,4.243340492248535,3.630419969558716
2.4048454761505127,4.243340492248535,3.630419969558716
2.405015468597412,4.2434611320495605,3.6304330825805664
2.4046096801757812,4.242765426635742,3.6298506259918213
2.4049339294433594,4.242466926574707,3.629765272140503
2.404526472091675,4.242549419403076,3.6299798488616943
2.4040746688842773,4.2432861328125,3.6300387382507324
2.4034602642059326,4.2433881759643555,3.6298255920410156
2.4034602642059326,4.2433881759643555,3.6298255920410156
2.403367757797241,4.244009494781494,3.6297357082366943
2.4034953117370605,4.244426250457764,3.630570650100708
2.4036600589752197,4.243493556976318,3.630045175552368
2.4031755924224854,4.241551876068115,3.6292479038238525
2.403512477874756,4.240832328796387,3.6293673515319824
2.403512477874756,4.240832328796387,3.6293673515319824
2.4032814502716064,4.24176025390625,3.6297988891601562
2.4026384353637695,4.244252681732178,3.630667209625244
2.4020464420318604,4.246038913726807,3.630913496017456
2.40146541595459,4.2478413581848145,3.6313693523406982
2.40146541595459,4.2478413581848145,3.6313693523406982
2.4018654823303223,4.248388767242432,3.6316630840301514
2.402190685272217,4.247588157653809,3.631255626678467
2.402794122695923,4.246215343475342,3.6305580139160156
2.40299654006958,4.2457756996154785,3.630302667617798
2.4037423133850098,4.246618747711182,3.630557060241699
2.4037423133850098,4.246618747711182,3.630557060241699
2.404202938079834,4.247844696044922,3.630841016769409
2.4040451049804688,4.248868465423584,3.630930185317993
2.4037575721740723,4.248986721038818,3.630592107772827
2.403881311416626,4.249022483825684,3.6310176849365234
2.403815269470215,4.248170375823975,3.6305997371673584
2.4037630558013916,4.246885299682617,3.630220651626587
2.402937650680542,4.246285915374756,3.629246950149536
2.40240216255188,4.24872350692749,3.6303107738494873
2.40240216255188,4.24872350692749,3.6303107738494873
2.4021191596984863,4.250949859619141,3.6311893463134766
2.40224552154541,4.252692699432373,3.632174253463745
2.4022202491760254,4.253177642822266,3.6328823566436768
2.4018328189849854,4.252510070800781,3.632199764251709
2.400986671447754,4.252548694610596,3.632138729095459
2.4007129669189453,4.252597332000732,3.6320481300354004
2.400438070297241,4.252891540527344,3.6318066120147705
2.400438070297241,4.252891540527344,3.6318066120147705
2.3991923332214355,4.2521233558654785,3.6309454441070557
2.397382974624634,4.249992847442627,3.6295125484466553
2.3967204093933105,4.249046802520752,3.6290628910064697
2.396833658218384,4.248806953430176,3.629060745239258
2.3968217372894287,4.248802661895752,3.6290581226348877
2.3965492248535156,4.249271869659424,3.629061222076416
2.395318031311035,4.248810291290283,3.6282598972320557
2.39454984664917,4.248892784118652,3.6283957958221436
2.3939006328582764,4.2482404708862305,3.6281325817108154
2.3939006328582764,4.2482404708862305,3.6281325817108154
2.3944361209869385,4.246293544769287,3.6273722648620605
2.3941330909729004,4.24556827545166,3.626800298690796
2.3935546875,4.245942115783691,3.6266260147094727
2.3926448822021484,4.246769905090332,3.626882314682007
2.3930749893188477,4.248326778411865,3.6276907920837402
2.3945462703704834,4.248383522033691,3.6279995441436768
2.3945462703704834,4.248383522033691,3.6279995441436768
2.3945958614349365,4.246645927429199,3.627248764038086
2.394538402557373,4.244547367095947,3.626366138458252
2.39359712600708,4.243443012237549,3.625856399536133
2.3936245441436768,4.24383020401001,3.6262078285217285
2.3929390907287598,4.245691776275635,3.6267173290252686
2.3929026126861572,4.247814178466797,3.6275932788848877
2.3920881748199463,4.249760627746582,3.628030300140381
2.3920862674713135,4.250845909118652,3.6286354064941406
2.3920862674713135,4.250845909118652,3.6286354064941406
2.3921661376953125,4.251086235046387,3.6287598609924316
2.391601085662842,4.251447677612305,3.628904104232788
2.3912250995635986,4.252377510070801,3.6291301250457764
2.3906211853027344,4.253110408782959,3.628981590270996
2.390399932861328,4.253794193267822,3.6292285919189453
2.389927864074707,4.253824234008789,3.6292378902435303
2.3892769813537598,4.253023147583008,3.6288187503814697
2.388260841369629,4.252154350280762,3.6281728744506836
2.387946367263794,4.252035617828369,3.6280558109283447
2.387946367263794,4.252035617828369,3.6280558109283447
2.3880648612976074,4.251996040344238,3.6279456615448
2.3882200717926025,4.25243616104126,3.6280879974365234
2.3875033855438232,4.2531890869140625,3.6280038356781006
2.3866806030273438,4.253905296325684,3.6280317306518555
2.385617971420288,4.254940032958984,3.6281497478485107
2.3854477405548096,4.256155014038086,3.6284751892089844
2.3854477405548096,4.256155014038086,3.6284751892089844
2.3854963779449463,4.256920337677002,3.6286935806274414
2.385554075241089,4.257501602172852,3.628798007965088
2.3853869438171387,4.257726192474365,3.6287825107574463
2.3848469257354736,4.258310317993164,3.6285576820373535
2.384657859802246,4.259089946746826,3.6286513805389404
2.384984254837036,4.259670734405518,3.6286709308624268
2.384960412979126,4.259990692138672,3.628509759902954
2.3857054710388184,4.2599778175354,3.628420114517212
2.3856019973754883,4.259701251983643,3.628138303756714
2.3856019973754883,4.259701251983643,3.628138303756714
2.385176181793213,4.258791446685791,3.6278269290924072
2.3843116760253906,4.2579426765441895,3.6271610260009766
2.3838658332824707,4.2579755783081055,3.6270744800567627
2.3829004764556885,4.258609294891357,3.6267127990722656
2.3831865787506104,4.258627891540527,3.6268365383148193
2.3831865787506104,4.258627891540527,3.6268365383148193
2.3831634521484375,4.258464813232422,3.626906633377075
2.3831069469451904,4.257833480834961,3.6269290447235107
2.383220911026001,4.257524490356445,3.6269402503967285
2.3831474781036377,4.257650375366211,3.6271753311157227
2.3834009170532227,4.257162094116211,3.6272635459899902
2.383251905441284,4.256555557250977,3.627254009246826
2.382276773452759,4.2557549476623535,3.626720905303955
2.382276773452759,4.2557549476623535,3.626720905303955
2.3810222148895264,4.254807949066162,3.625896453857422
2.3806488513946533,4.254871368408203,3.6259806156158447
2.378708600997925,4.255611419677734,3.625426769256592
2.3771910667419434,4.255883693695068,3.6252644062042236
2.37477707862854,4.257056713104248,3.624729871749878
2.3740108013153076,4.2574310302734375,3.624671697616577
2.3740108013153076,4.2574310302734375,3.624671697616577
2.373924493789673,4.258090019226074,3.6248159408569336
2.3743767738342285,4.258070945739746,3.624927043914795
2.3751001358032227,4.257463455200195,3.624973773956299
2.3748838901519775,4.257811069488525,3.6250128746032715
2.3742566108703613,4.257873058319092,3.624725103378296
2.3742566108703613,4.257873058319092,3.624725103378296
2.3737399578094482,4.258425235748291,3.6250009536743164
2.3732101917266846,4.2583465576171875,3.6247971057891846
2.37310528755188,4.258012294769287,3.624917984008789
2.3728296756744385,4.256545543670654,3.624303102493286
2.372992753982544,4.2551422119140625,3.6237411499023438
2.372858762741089,4.253448963165283,3.623023748397827
2.37221360206604,4.253013610839844,3.622929334640503
2.37221360206604,4.253013610839844,3.622929334640503
2.3703718185424805,4.251799583435059,3.6217825412750244
2.370082378387451,4.251877307891846,3.6217668056488037
2.370431661605835,4.252633094787598,3.6221797466278076
2.371490240097046,4.2532758712768555,3.6227424144744873
2.372232675552368,4.253722190856934,3.623258590698242
2.371460437774658,4.253342628479004,3.6227076053619385
2.371460437774658,4.253342628479004,3.6227076053619385
2.370157480239868,4.252431869506836,3.622328519821167
2.3692808151245117,4.252281665802002,3.6219851970672607
2.3702073097229004,4.2529730796813965,3.622474431991577
2.3709001541137695,4.253852844238281,3.62308406829834
2.3714544773101807,4.255138874053955,3.623729944229126
2.3705530166625977,4.2558979988098145,3.623720645904541
2.3707149028778076,4.255926609039307,3.6241512298583984
2.3700273036956787,4.255739688873291,3.6241748332977295
2.3700273036956787,4.255739688873291,3.6241748332977295
2.3698885440826416,4.256404876708984,3.6244215965270996
2.3693339824676514,4.257625102996826,3.624805450439453
2.3692386150360107,4.2593231201171875,3.6252520084381104
2.3699543476104736,4.2605462074279785,3.626133918762207
2.3695077896118164,4.260402679443359,3.6258859634399414
2.368730068206787,4.259152889251709,3.6253154277801514
2.367677688598633,4.2576069831848145,3.6239101886749268
2.3673205375671387,4.25738525390625,3.6236510276794434
2.3673205375671387,4.25738525390625,3.6236510276794434
2.367699384689331,4.258361339569092,3.6235392093658447
2.368028163909912,4.259671688079834,3.6239280700683594
2.3678908348083496,4.259940147399902,3.623538017272949
2.3670527935028076,4.259280204772949,3.622918128967285
2.3663318157196045,4.258896350860596,3.622788190841675
2.3656625747680664,4.258254528045654,3.622243642807007
2.3656625747680664,4.258254528045654,3.622243642807007
2.365546703338623,4.258356094360352,3.622223138809204
2.3658840656280518,4.259333610534668,3.622514247894287
2.365253448486328,4.261207580566406,3.6230289936065674
2.364713430404663,4.262659072875977,3.623621940612793
2.363823890686035,4.262692928314209,3.623220682144165
2.362532377243042,4.261857032775879,3.622645139694214
2.361065149307251,4.261249542236328,3.6220474243164062
2.361065149307251,4.261249542236328,3.6220474243164062
2.3597307205200195,4.262362957000732,3.622462034225464
2.3590052127838135,4.263394832611084,3.622648239135742
2.3582956790924072,4.264456272125244,3.6229898929595947
2.3574342727661133,4.264398097991943,3.6229288578033447
2.3558382987976074,4.263908863067627,3.62226939201355
2.356659173965454,4.262726306915283,3.621864080429077
2.3559930324554443,4.2617669105529785,3.621258020401001
2.355302333831787,4.260488986968994,3.620274305343628
2.354670524597168,4.26137113571167,3.6205296516418457
2.354670524597168,4.26137113571167,3.6205296516418457
2.3542518615722656,4.26239013671875,3.6210498809814453
2.3545615673065186,4.262563228607178,3.6210758686065674
2.354935646057129,4.2622504234313965,3.621202230453491
2.354469060897827,4.260998249053955,3.620537519454956
2.3539605140686035,4.260284900665283,3.620116949081421
2.354192018508911,4.259876251220703,3.6198983192443848
2.354573965072632,4.2597880363464355,3.6198654174804688
2.354573965072632,4.2597880363464355,3.6198654174804688
2.354624032974243,4.259358882904053,3.6193721294403076
2.3542449474334717,4.258516311645508,3.618828296661377
2.353524684906006,4.257320880889893,3.618010997772217
2.353616952896118,4.25700569152832,3.6182398796081543
2.3539130687713623,4.256375312805176,3.617948055267334
2.3539130687713623,4.256375312805176,3.617948055267334
2.3536558151245117,4.25586462020874,3.6177866458892822
2.3524234294891357,4.256144046783447,3.617478847503662
2.3516950607299805,4.256502151489258,3.617483615875244
2.3512516021728516,4.257847785949707,3.6178741455078125
2.351358413696289,4.258989334106445,3.6185286045074463
2.351482391357422,4.259375095367432,3.6186022758483887
2.3513100147247314,4.2600274085998535,3.6188533306121826
2.3513100147247314,4.2600274085998535,3.6188533306121826
2.350569725036621,4.260834217071533,3.618885040283203
2.350083589553833,4.261925220489502,3.6192564964294434
2.3492238521575928,4.2623291015625,3.6189088821411133
2.3485922813415527,4.262550354003906,3.6190576553344727
2.3475568294525146,4.263235092163086,3.619056463241577
2.3465981483459473,4.264676570892334,3.619189977645874
2.3457491397857666,4.265654563903809,3.6190216541290283
2.3457491397857666,4.265654563903809,3.6190216541290283
2.3448047637939453,4.266620635986328,3.618880271911621
2.343691349029541,4.2682929039001465,3.61930513381958
2.3433353900909424,4.26908016204834,3.6191816329956055
2.343000650405884,4.269325256347656,3.618882894515991
2.343719959259033,4.27009916305542,3.619352102279663
2.34413480758667,4.270377159118652,3.619457483291626
2.3437116146087646,4.27147912979126,3.620046377182007
2.3425729274749756,4.27217960357666,3.620046854019165
2.3425729274749756,4.27217960357666,3.620046854019165
2.3418431282043457,4.272481441497803,3.619812250137329
2.341104745864868,4.272613048553467,3.6202688217163086
2.3407232761383057,4.271961688995361,3.620204210281372
2.340085744857788,4.271039962768555,3.6198341846466064
2.3393747806549072,4.270521640777588,3.6193573474884033
2.339677333831787,4.269913196563721,3.6194722652435303
2.3395183086395264,4.270041465759277,3.619567394256592
2.339240789413452,4.269216537475586,3.618833065032959
2.339240789413452,4.269216537475586,3.618833065032959
2.3388006687164307,4.270909786224365,3.619520425796509
2.339202404022217,4.271378993988037,3.619614839553833
2.338799476623535,4.273258209228516,3.6202118396759033
2.3387644290924072,4.273584365844727,3.6204023361206055
2.3373420238494873,4.273593425750732,3.619741439819336
2.3374085426330566,4.273617267608643,3.6199045181274414
2.3373944759368896,4.274353981018066,3.6202635765075684
2.3381741046905518,4.274665832519531,3.620640754699707
2.338239908218384,4.274547576904297,3.6207022666931152
2.338239908218384,4.274547576904297,3.6207022666931152
2.3367302417755127,4.273024082183838,3.619858503341675
2.336256504058838,4.272591590881348,3.6198482513427734
2.3371145725250244,4.272021770477295,3.619655132293701
2.337913990020752,4.2704620361328125,3.6187026500701904
2.3384642601013184,4.270671844482422,3.6188642978668213
2.338078737258911,4.271278381347656,3.618816375732422
2.3368029594421387,4.2719926834106445,3.6185595989227295
2.336709499359131,4.272213935852051,3.6184136867523193
2.336277484893799,4.272626876831055,3.618222236633301
2.335495948791504,4.273401737213135,3.6183104515075684
2.3341825008392334,4.274571895599365,3.6179776191711426
2.3341825008392334,4.274571895599365,3.6179776191711426
2.3332552909851074,4.275169849395752,3.617924451828003
2.332343578338623,4.275880813598633,3.617682456970215
2.3309216499328613,4.27569580078125,3.617490768432617
2.330284595489502,4.275381565093994,3.617192506790161
2.3295485973358154,4.274293899536133,3.616569757461548
2.3295485973358154,4.274293899536133,3.616569757461548
2.330273389816284,4.274261474609375,3.6167523860931396
2.3308305740356445,4.274836540222168,3.617060899734497
2.33058762550354,4.275051593780518,3.6170170307159424
2.328983783721924,4.275143146514893,3.6166369915008545
2.32763409614563,4.275947093963623,3.616469621658325
2.327014207839966,4.276999473571777,3.616852045059204
2.3265628814697266,4.27787446975708,3.6167049407958984
2.3264687061309814,4.277529716491699,3.616375207901001
2.3264687061309814,4.277529716491699,3.616375207901001
2.326347589492798,4.277613639831543,3.616285800933838
2.3268649578094482,4.277932643890381,3.6169838905334473
2.3274667263031006,4.278808116912842,3.6176514625549316
2.327526569366455,4.279606342315674,3.6180436611175537
2.3266189098358154,4.279382228851318,3.6178786754608154
2.3254637718200684,4.279233932495117,3.6179587841033936
2.324470043182373,4.278411865234375,3.617314100265503
2.3248963356018066,4.27765417098999,3.6170732975006104
2.3248963356018066,4.27765417098999,3.6170732975006104
2.3258955478668213,4.277893543243408,3.6173675060272217
2.326117515563965,4.280710697174072,3.6189568042755127
2.325226306915283,4.28281831741333,3.619630813598633
2.3241217136383057,4.284580230712891,3.6201775074005127
2.323504686355591,4.284740924835205,3.620316743850708
2.323504686355591,4.284740924835205,3.620316743850708
2.3232345581054688,4.284393787384033,3.6202404499053955
2.3226401805877686,4.284010887145996,3.6200904846191406
2.3220067024230957,4.284457683563232,3.6201562881469727
2.3217668533325195,4.28541374206543,3.6202545166015625
2.3212921619415283,4.286628723144531,3.6207847595214844
2.3208203315734863,4.287526607513428,3.6206703186035156
2.3195676803588867,4.287888050079346,3.620321750640869
2.318460464477539,4.287153720855713,3.6195037364959717
2.318460464477539,4.287153720855713,3.6195037364959717
2.3179445266723633,4.288859844207764,3.6202480792999268
2.3174970149993896,4.28957462310791,3.6195108890533447
2.316242218017578,4.29094934463501,3.6195383071899414
2.31557559967041,4.292073726654053,3.61952805519104
2.314847707748413,4.292689800262451,3.619544267654419
2.31406307220459,4.293015956878662,3.6196799278259277
2.31406307220459,4.293015956878662,3.6196799278259277
2.313614845275879,4.293148517608643,3.6195523738861084
2.313638210296631,4.292504787445068,3.6192119121551514
2.313891649246216,4.293440818786621,3.6200196743011475
2.3140995502471924,4.294365882873535,3.6201224327087402
2.3140978813171387,4.295032501220703,3.620514392852783
2.314568042755127,4.2956013679504395,3.6209402084350586
2.314568042755127,4.2956013679504395,3.6209402084350586
2.314279079437256,4.295598030090332,3.621119260787964
2.3134653568267822,4.296281337738037,3.620994806289673
2.3128161430358887,4.296134948730469,3.6204171180725098
2.312873363494873,4.296442985534668,3.6206631660461426
2.3129756450653076,4.296792030334473,3.6211981773376465
2.312126636505127,4.296834945678711,3.6207504272460938
2.312126636505127,4.296834945678711,3.6207504272460938
2.311450481414795,4.29530668258667,3.6202023029327393
2.311678886413574,4.296010971069336,3.620847225189209
2.3117635250091553,4.296372890472412,3.6214566230773926
2.3119258880615234,4.296689510345459,3.621661424636841
2.3122875690460205,4.296217441558838,3.621675491333008
2.3119497299194336,4.296372413635254,3.6218197345733643
2.311495780944824,4.296331405639648,3.6219370365142822
2.3109781742095947,4.2961320877075195,3.6215391159057617
2.3105125427246094,4.295151710510254,3.6209182739257812
2.3099005222320557,4.295110702514648,3.6208198070526123
2.309696912765503,4.295562744140625,3.6208620071411133
2.309696912765503,4.295562744140625,3.6208620071411133
2.3082592487335205,4.295242786407471,3.6198108196258545
2.304288625717163,4.295764923095703,3.619577169418335
2.3047304153442383,4.296468734741211,3.619642972946167
2.30253005027771,4.296936988830566,3.6187973022460938
2.3004891872406006,4.2970147132873535,3.6180419921875
2.299234628677368,4.297124862670898,3.6175270080566406
2.2983734607696533,4.296649932861328,3.616678476333618
2.2983734607696533,4.296649932861328,3.616678476333618
2.2982945442199707,4.2961626052856445,3.6162757873535156
2.2985730171203613,4.296242713928223,3.6164181232452393
2.2990849018096924,4.296741485595703,3.616664171218872
2.298859119415283,4.297725200653076,3.617067337036133
2.297515869140625,4.298631191253662,3.6169381141662598
2.295970916748047,4.2975335121154785,3.6162161827087402
2.2949976921081543,4.29671049118042,3.6157751083374023
2.2949976921081543,4.29671049118042,3.6157751083374023
2.2952640056610107,4.296294689178467,3.6163413524627686
2.2957231998443604,4.296748638153076,3.6167216300964355
2.295042037963867,4.296547889709473,3.6163599491119385
2.293581485748291,4.297111511230469,3.616413116455078
2.2928106784820557,4.297869682312012,3.616990327835083
2.2914161682128906,4.29833459854126,3.616868257522583
2.2917802333831787,4.298045635223389,3.616852045059204
2.2924578189849854,4.297713756561279,3.616744041442871
2.2924578189849854,4.297713756561279,3.616744041442871
2.292625665664673,4.298462867736816,3.616992712020874
2.2923848628997803,4.299442768096924,3.6172902584075928
2.2919793128967285,4.300405025482178,3.6178228855133057
2.2911276817321777,4.300069808959961,3.6172056198120117
2.290383815765381,4.299063205718994,3.6166610717773438
2.2906789779663086,4.299391269683838,3.616943359375
2.290254592895508,4.299412250518799,3.6165366172790527
2.290254592895508,4.299412250518799,3.6165366172790527
2.291545867919922,4.299882888793945,3.616734266281128
2.292118549346924,4.300708770751953,3.617248773574829
2.2918102741241455,4.301379680633545,3.617172956466675
2.2906041145324707,4.301980972290039,3.616823196411133
2.290799140930176,4.302058219909668,3.6167476177215576
2.290799140930176,4.302058219909668,3.6167476177215576
2.2924444675445557,4.302674770355225,3.6175334453582764
2.2927420139312744,4.303194046020508,3.6179232597351074
2.2914586067199707,4.304158687591553,3.617818832397461
2.289060354232788,4.304633617401123,3.617323637008667
2.2873497009277344,4.305621147155762,3.6172075271606445
2.285721778869629,4.306422710418701,3.61706805229187
2.283324718475342,4.30682373046875,3.616342067718506
2.283324718475342,4.30682373046875,3.616342067718506
2.281715154647827,4.306839466094971,3.616206169128418
2.280006170272827,4.307897090911865,3.616204023361206
2.2790963649749756,4.3086934089660645,3.61649227142334
2.278956413269043,4.309499740600586,3.6167032718658447
2.279026985168457,4.309566497802734,3.616577625274658
2.2788403034210205,4.309943199157715,3.6169114112854004
2.2788403034210205,4.309943199157715,3.6169114112854004
2.2778470516204834,4.309967517852783,3.616719961166382
2.276726722717285,4.3093791007995605,3.616053819656372
2.2765250205993652,4.308741092681885,3.615588903427124
2.277108669281006,4.30960750579834,3.6163463592529297
2.2771453857421875,4.31062126159668,3.616612672805786
2.2773547172546387,4.310263633728027,3.6160693168640137
2.2773547172546387,4.310263633728027,3.6160693168640137
2.277327060699463,4.308933258056641,3.6157076358795166
2.277595043182373,4.308383464813232,3.6156005859375
2.27707839012146,4.307821273803711,3.6150028705596924
2.2773709297180176,4.307175636291504,3.6144003868103027
2.278449296951294,4.307586669921875,3.614901304244995
2.279279947280884,4.307529449462891,3.6151819229125977
2.279279947280884,4.307529449462891,3.6151819229125977
2.279362678527832,4.307715892791748,3.6152210235595703
2.2787322998046875,4.307344436645508,3.614830732345581
2.278038501739502,4.307580947875977,3.614621639251709
2.27773118019104,4.30811071395874,3.6150360107421875
2.2778561115264893,4.308720588684082,3.6150805950164795
2.2766737937927246,4.308272361755371,3.6143956184387207
2.2752432823181152,4.308860778808594,3.614301919937134
2.273505449295044,4.309422492980957,3.6140811443328857
2.2724609375,4.310268402099609,3.6140711307525635
2.272033929824829,4.310437202453613,3.6138646602630615
2.272033929824829,4.310437202453613,3.6138646602630615
2.2720234394073486,4.310059547424316,3.613466739654541
2.2717578411102295,4.309555530548096,3.613363742828369
2.271118640899658,4.308782577514648,3.6127681732177734
2.27061128616333,4.309329032897949,3.613112688064575
2.2705492973327637,4.309503078460693,3.61301851272583
2.270162582397461,4.310544013977051,3.6137959957122803
2.2693824768066406,4.311362266540527,3.6138501167297363
2.2682676315307617,4.31195068359375,3.613633632659912
2.2682676315307617,4.31195068359375,3.613633632659912
2.268249988555908,4.312885284423828,3.6143853664398193
2.26847505569458,4.313559055328369,3.614999771118164
2.268601655960083,4.3139848709106445,3.615565061569214
2.2676005363464355,4.314361572265625,3.6154274940490723
2.2681660652160645,4.314773082733154,3.616032361984253
2.267995834350586,4.314479351043701,3.6160471439361572
2.267995834350586,4.314479351043701,3.6160471439361572
2.268836498260498,4.313472270965576,3.615722179412842
2.268381357192993,4.313096046447754,3.6154909133911133
2.268651247024536,4.312502861022949,3.614722490310669
2.2678029537200928,4.313204288482666,3.6148908138275146
2.2687597274780273,4.313480377197266,3.6151483058929443
2.2691256999969482,4.313243389129639,3.6153509616851807
2.2691256999969482,4.313243389129639,3.6153509616851807
2.2697455883026123,4.312928676605225,3.6151986122131348
2.2698814868927,4.3140034675598145,3.6157050132751465
2.269237756729126,4.315193176269531,3.6159708499908447
2.2681832313537598,4.316485404968262,3.6162400245666504
2.267469644546509,4.316512107849121,3.6159815788269043
2.267469644546509,4.316512107849121,3.6159815788269043
2.266920566558838,4.317356109619141,3.6166138648986816
2.266387939453125,4.318014144897461,3.616920232772827
2.26662540435791,4.318462371826172,3.6168603897094727
2.2683770656585693,4.3192925453186035,3.617865562438965
2.2702412605285645,4.319268226623535,3.6178946495056152
2.2705838680267334,4.317788600921631,3.617218494415283
2.2705838680267334,4.317788600921631,3.617218494415283
2.2693612575531006,4.316732406616211,3.616391181945801
2.2672581672668457,4.316677570343018,3.6155853271484375
2.267343282699585,4.317376136779785,3.6161012649536133
2.2674336433410645,4.318971157073975,3.616772174835205
2.267364978790283,4.319915771484375,3.616860866546631
2.2671077251434326,4.320224285125732,3.6166248321533203
2.2671077251434326,4.320224285125732,3.6166248321533203
2.2666194438934326,4.320786476135254,3.616954803466797
2.2661449909210205,4.321396350860596,3.616920232772827
2.2654004096984863,4.321584701538086,3.6169979572296143
2.265388011932373,4.322162628173828,3.616952896118164
2.2651941776275635,4.322736740112305,3.6173365116119385
2.2651941776275635,4.322736740112305,3.6173365116119385
2.2659966945648193,4.3237457275390625,3.6180858612060547
2.2665281295776367,4.323453903198242,3.6175851821899414
2.266378402709961,4.322159767150879,3.616878032684326
2.265946865081787,4.320585250854492,3.615994691848755
2.2649271488189697,4.320069789886475,3.6155717372894287
2.264193534851074,4.319984436035156,3.614954710006714
2.2642242908477783,4.319790363311768,3.6147918701171875
2.2642242908477783,4.319790363311768,3.6147918701171875
2.263949394226074,4.319860935211182,3.614684581756592
2.2625062465667725,4.320336818695068,3.6144235134124756
2.2595977783203125,4.319507598876953,3.6129508018493652
2.2581701278686523,4.320051670074463,3.6129353046417236
2.2564148902893066,4.320616722106934,3.6129562854766846
2.2557151317596436,4.321261882781982,3.613053560256958
2.25514554977417,4.321944713592529,3.613137722015381
2.25514554977417,4.321944713592529,3.613137722015381
2.2550764083862305,4.322075843811035,3.6131298542022705
2.256354808807373,4.322206974029541,3.6137306690216064
2.2564339637756348,4.322296142578125,3.613835096359253
2.2557690143585205,4.321560382843018,3.613339424133301
2.254979133605957,4.320888519287109,3.613098621368408
2.254979133605957,4.320888519287109,3.613098621368408
2.2550430297851562,4.321406841278076,3.6134376525878906
2.2555992603302,4.32175350189209,3.6136891841888428
2.255959987640381,4.322669982910156,3.61421275138855
2.254779100418091,4.322917461395264,3.6141321659088135
2.2526695728302,4.3239426612854,3.613903760910034
2.251868724822998,4.324134826660156,3.6141116619110107
2.250916004180908,4.324845790863037,3.614000082015991
2.250916004180908,4.324845790863037,3.614000082015991
2.2515037059783936,4.324888229370117,3.614267587661743
2.2518231868743896,4.325362205505371,3.614529609680176
2.251918077468872,4.325511455535889,3.6147241592407227
2.251370668411255,4.324871063232422,3.6141340732574463
2.2512686252593994,4.324050426483154,3.61397385597229
2.250951051712036,4.323497772216797,3.613877296447754
2.2504029273986816,4.322924613952637,3.613494634628296
2.2502362728118896,4.323190689086914,3.6135106086730957
2.2513420581817627,4.323660850524902,3.6136648654937744
2.2513420581817627,4.323660850524902,3.6136648654937744
2.2524876594543457,4.324077129364014,3.6141252517700195
2.2527225017547607,4.324113368988037,3.6141676902770996
2.252202272415161,4.32404899597168,3.6138689517974854
2.251296043395996,4.324072360992432,3.6134822368621826
2.2511656284332275,4.325456142425537,3.6140143871307373
2.2511656284332275,4.325456142425537,3.6140143871307373
2.251028299331665,4.326412200927734,3.6141364574432373
2.249995231628418,4.327944755554199,3.614539861679077
2.2479488849639893,4.329428195953369,3.6142218112945557
2.2441658973693848,4.330960750579834,3.614173173904419
2.2422940731048584,4.33322286605835,3.614142417907715
2.2408978939056396,4.334360599517822,3.614450216293335
2.2408978939056396,4.334360599517822,3.614450216293335
2.2411227226257324,4.33499002456665,3.61476731300354
2.2412502765655518,4.335592746734619,3.6149837970733643
2.24212646484375,4.334964275360107,3.614917039871216
2.2414557933807373,4.334003448486328,3.614478588104248
2.24088454246521,4.333371639251709,3.6142258644104004
2.239542245864868,4.335062503814697,3.6150741577148438
2.239542245864868,4.335062503814697,3.6150741577148438
2.238971710205078,4.3370747566223145,3.615751266479492
2.238647222518921,4.338283061981201,3.616121292114258
2.2383692264556885,4.339020729064941,3.6165246963500977
2.237649917602539,4.338792324066162,3.61664080619812
2.2369236946105957,4.338808059692383,3.616612434387207
2.2359702587127686,4.339111328125,3.6164233684539795
2.2359702587127686,4.339111328125,3.6164233684539795
2.235642910003662,4.339671611785889,3.6165218353271484
2.235928535461426,4.340269088745117,3.6168973445892334
2.235778570175171,4.340021133422852,3.6165413856506348
2.2347753047943115,4.338186264038086,3.6153135299682617
2.2346067428588867,4.33633279800415,3.614302396774292
2.2346067428588867,4.33633279800415,3.614302396774292
2.234496593475342,4.335991859436035,3.6141579151153564
2.2345709800720215,4.336203575134277,3.6139159202575684
2.234273672103882,4.33660364151001,3.6139259338378906
2.2342822551727295,4.337132453918457,3.614032506942749
2.232771158218384,4.338247299194336,3.614142894744873
2.232771158218384,4.338247299194336,3.614142894744873
2.2321720123291016,4.337957859039307,3.613654136657715
2.2308151721954346,4.33805513381958,3.613154411315918
2.2297184467315674,4.338000297546387,3.612947463989258
2.2280614376068115,4.33913516998291,3.6129088401794434
2.2276015281677246,4.339386463165283,3.6129744052886963
2.2266628742218018,4.339203834533691,3.612346649169922
2.2266628742218018,4.339203834533691,3.612346649169922
2.227412700653076,4.338986873626709,3.6125261783599854
2.2273659706115723,4.3386664390563965,3.6124870777130127
2.2260653972625732,4.337583065032959,3.611690044403076
2.224257707595825,4.335992336273193,3.61028790473938
2.223492383956909,4.3363494873046875,3.610379219055176
2.223492383956909,4.3363494873046875,3.610379219055176
2.2232701778411865,4.338619709014893,3.6112849712371826
2.2226972579956055,4.339909076690674,3.6115481853485107
2.222468137741089,4.341586589813232,3.612515687942505
2.2228991985321045,4.3409647941589355,3.612180471420288
2.2221081256866455,4.340642929077148,3.6119987964630127
2.2209198474884033,4.340640544891357,3.611565589904785
2.220174789428711,4.34050989151001,3.6114444732666016
2.2192134857177734,4.341115951538086,3.611588478088379
2.2184598445892334,4.342382431030273,3.6120927333831787
2.218031406402588,4.344089031219482,3.6127030849456787
2.218458414077759,4.344731330871582,3.613375425338745
2.218458414077759,4.344731330871582,3.613375425338745
2.2173666954040527,4.3429107666015625,3.61230206489563
2.217174530029297,4.342234134674072,3.6124675273895264
2.216313362121582,4.3415093421936035,3.6120705604553223
2.216458797454834,4.3419575691223145,3.6123359203338623
2.216845989227295,4.34301233291626,3.6130025386810303
2.216845989227295,4.34301233291626,3.6130025386810303
2.2170281410217285,4.344572067260742,3.613497018814087
2.215296983718872,4.3463521003723145,3.613954782485962
2.214667558670044,4.346837997436523,3.61372709274292
2.213334798812866,4.348276615142822,3.6141068935394287
2.211806058883667,4.349762439727783,3.614142894744873
2.209620714187622,4.351720809936523,3.614345073699951
2.2072832584381104,4.353118896484375,3.614204168319702
2.2072832584381104,4.353118896484375,3.614204168319702
2.2049949169158936,4.354261875152588,3.6138391494750977
2.204026460647583,4.355830192565918,3.6142899990081787
2.203763008117676,4.356581211090088,3.6143877506256104
2.2036831378936768,4.356433391571045,3.613978624343872
2.2042250633239746,4.356147766113281,3.613781690597534
2.2043542861938477,4.357306480407715,3.6141927242279053
2.2044358253479004,4.358696460723877,3.6145615577697754
2.2037179470062256,4.358997344970703,3.6140871047973633
2.2037179470062256,4.358997344970703,3.6140871047973633
2.2030105590820312,4.359220027923584,3.6140129566192627
2.201592445373535,4.359980583190918,3.6141090393066406
2.200836420059204,4.3601603507995605,3.6139578819274902
2.1996078491210938,4.359818458557129,3.6129817962646484
2.1994946002960205,4.3600544929504395,3.613150119781494
2.1994946002960205,4.3600544929504395,3.613150119781494
2.198845863342285,4.360868453979492,3.6133670806884766
2.1983823776245117,4.360939979553223,3.6129841804504395
2.197331428527832,4.361145973205566,3.6124584674835205
2.198258876800537,4.361330509185791,3.613071918487549
2.1976053714752197,4.363138675689697,3.6135849952697754
2.1976053714752197,4.363138675689697,3.6135849952697754
2.197155237197876,4.363315582275391,3.613692283630371
2.194312572479248,4.363777160644531,3.6129415035247803
2.192598581314087,4.364452362060547,3.613098382949829
2.1907098293304443,4.365880489349365,3.613213539123535
2.191244602203369,4.366397857666016,3.6135740280151367
2.1910078525543213,4.366461753845215,3.6133742332458496
2.1910078525543213,4.366461753845215,3.6133742332458496
2.1912612915039062,4.366937160491943,3.6139419078826904
2.1910688877105713,4.367857933044434,3.614506483078003
2.189828872680664,4.367660045623779,3.614119291305542
2.1889431476593018,4.367330074310303,3.614039659500122
2.1884286403656006,4.367274284362793,3.614238977432251
2.1884286403656006,4.367274284362793,3.614238977432251
2.187654972076416,4.367773532867432,3.614429235458374
2.186286449432373,4.368464469909668,3.6144051551818848
2.184650421142578,4.3690505027771,3.6141843795776367
2.1823904514312744,4.370368003845215,3.6145966053009033
2.180253505706787,4.371551036834717,3.614661455154419
2.177730083465576,4.371407508850098,3.6139774322509766
2.1762826442718506,4.370733261108398,3.6132442951202393
2.1762826442718506,4.370733261108398,3.6132442951202393
2.176232099533081,4.370068073272705,3.6131584644317627
2.177060842514038,4.370455265045166,3.6133999824523926
2.1774489879608154,4.370510101318359,3.6134467124938965
2.1774442195892334,4.370737552642822,3.6129140853881836
2.175881862640381,4.372354030609131,3.6134097576141357
2.174499988555908,4.373738765716553,3.613516092300415
2.174499988555908,4.373738765716553,3.613516092300415
2.1732120513916016,4.374637126922607,3.6131820678710938
2.1726953983306885,4.374839782714844,3.61311674118042
2.1713383197784424,4.375828266143799,3.6132638454437256
2.1702353954315186,4.376760959625244,3.6134016513824463
2.1683759689331055,4.377936363220215,3.6132326126098633
2.166876792907715,4.378325939178467,3.612830877304077
2.166876792907715,4.378325939178467,3.612830877304077
2.1646034717559814,4.379501819610596,3.612943649291992
2.1631765365600586,4.380513668060303,3.61305832862854
2.161391258239746,4.380451202392578,3.6125316619873047
2.16108775138855,4.379944324493408,3.6122422218322754
2.1615941524505615,4.380202770233154,3.6124954223632812
2.1615941524505615,4.380202770233154,3.6124954223632812
2.16188383102417,4.380924701690674,3.612955093383789
2.1615447998046875,4.381404876708984,3.613189220428467
2.1596181392669678,4.381654262542725,3.6129300594329834
2.1581456661224365,4.382802963256836,3.6133370399475098
2.1575238704681396,4.38421106338501,3.6139235496520996
2.1575238704681396,4.38421106338501,3.6139235496520996
2.156935453414917,4.384472370147705,3.6138112545013428
2.1565513610839844,4.3844733238220215,3.6139721870422363
2.156620979309082,4.384767055511475,3.6140384674072266
2.1559994220733643,4.384821891784668,3.614009380340576
2.156613349914551,4.385040760040283,3.6137895584106445
2.1556804180145264,4.385017395019531,3.613436698913574
2.1556804180145264,4.385017395019531,3.613436698913574
2.1559157371520996,4.385340690612793,3.613229751586914
2.1545822620391846,4.38620138168335,3.613337516784668
2.154515027999878,4.386471748352051,3.6131832599639893
2.154663324356079,4.386775970458984,3.6130850315093994
2.1558961868286133,4.38751220703125,3.613394021987915
2.155924081802368,4.389327049255371,3.6142892837524414
2.155924081802368,4.389327049255371,3.6142892837524414
2.1545684337615967,4.39039945602417,3.614075183868408
2.1537957191467285,4.391171455383301,3.6140236854553223
2.1535756587982178,4.3915629386901855,3.614004135131836
2.1533350944519043,4.392369270324707,3.614490509033203
2.1522650718688965,4.392430305480957,3.6141417026519775
2.1507785320281982,4.392106056213379,3.6134305000305176
2.1499462127685547,4.392655849456787,3.6136293411254883
2.1499462127685547,4.392655849456787,3.6136293411254883
2.148684501647949,4.3939361572265625,3.614147186279297
2.147305727005005,4.394042491912842,3.613647699356079
2.1464035511016846,4.393589496612549,3.6131508350372314
2.145841598510742,4.392287731170654,3.6124184131622314
2.145615816116333,4.391943454742432,3.612527847290039
2.145615816116333,4.391943454742432,3.612527847290039
2.1462759971618652,4.3917927742004395,3.612475633621216
2.147092342376709,4.392242908477783,3.6125800609588623
2.147156238555908,4.39334774017334,3.613112688064575
2.145066022872925,4.394806861877441,3.613678455352783
2.1422998905181885,4.396035671234131,3.6133646965026855
2.1410973072052,4.395369529724121,3.6129491329193115
2.1410973072052,4.395369529724121,3.6129491329193115
2.1402547359466553,4.395836353302002,3.6132099628448486
2.1395657062530518,4.395859241485596,3.613284111022949
2.1394076347351074,4.395587921142578,3.6130475997924805
2.139622688293457,4.39524507522583,3.6127569675445557
2.139543294906616,4.395318031311035,3.612943649291992
2.1393957138061523,4.395425319671631,3.6130011081695557
2.138058662414551,4.3943705558776855,3.6120047569274902
2.137275218963623,4.39316463470459,3.6115505695343018
2.1366994380950928,4.392624855041504,3.61137318611145
2.1366994380950928,4.392624855041504,3.61137318611145
2.137237071990967,4.393008232116699,3.611508369445801
2.1382126808166504,4.3935136795043945,3.611807346343994
2.138697624206543,4.393940448760986,3.6118407249450684
2.137601613998413,4.394833087921143,3.6120190620422363
2.136024236679077,4.396019458770752,3.612135410308838
2.1348838806152344,4.396135330200195,3.611565351486206
2.135509729385376,4.396474838256836,3.6118216514587402
2.135509729385376,4.396474838256836,3.6118216514587402
2.1361262798309326,4.396470546722412,3.6119539737701416
2.13655948638916,4.396580696105957,3.6122498512268066
2.1368064880371094,4.395984649658203,3.6119112968444824
2.136328935623169,4.395263671875,3.611236095428467
2.1361911296844482,4.396071910858154,3.6118133068084717
2.135293960571289,4.3970465660095215,3.6118392944335938
2.133105993270874,4.397356986999512,3.6115317344665527
2.133105993270874,4.397356986999512,3.6115317344665527
2.1307826042175293,4.39811372756958,3.611017942428589
2.13032603263855,4.397271633148193,3.610452651977539
2.1308627128601074,4.397128105163574,3.610393524169922
2.1309187412261963,4.396825790405273,3.6103785037994385
2.1301655769348145,4.396865367889404,3.609950542449951
2.130300998687744,4.397777080535889,3.6105470657348633
2.130300998687744,4.397777080535889,3.6105470657348633
2.1300761699676514,4.399125576019287,3.611010789871216
2.130098819732666,4.39918851852417,3.6110689640045166
2.130417823791504,4.397899150848389,3.610213279724121
2.1309001445770264,4.3977155685424805,3.6107356548309326
2.131273031234741,4.397938251495361,3.6111574172973633
2.131273031234741,4.397938251495361,3.6111574172973633
2.130342721939087,4.398006439208984,3.611102342605591
2.129772901535034,4.3985795974731445,3.6113882064819336
2.129132032394409,4.399035453796387,3.6115357875823975
2.1286561489105225,4.39982795715332,3.6121015548706055
2.12919545173645,4.400254249572754,3.6123547554016113
2.1296300888061523,4.400114059448242,3.6123335361480713
2.1297855377197266,4.40033483505249,3.612675189971924
2.1297855377197266,4.40033483505249,3.612675189971924
2.1284735202789307,4.4009809494018555,3.6131725311279297
2.12712025642395,4.4019269943237305,3.613377332687378
2.12634015083313,4.402322292327881,3.613401412963867
2.1262378692626953,4.402726173400879,3.614093065261841
2.126112461090088,4.403006076812744,3.6146481037139893
2.125002861022949,4.402810573577881,3.6144168376922607
2.124563455581665,4.403239727020264,3.6145379543304443
2.1241281032562256,4.402978897094727,3.6143417358398438
2.1241281032562256,4.402978897094727,3.6143417358398438
2.1254637241363525,4.403493404388428,3.614449977874756
2.1257197856903076,4.40371036529541,3.614428758621216
2.1254985332489014,4.4042439460754395,3.614244222640991
2.1251606941223145,4.4045891761779785,3.614205837249756
2.1250810623168945,4.405160903930664,3.614560604095459
2.1246085166931152,4.4050397872924805,3.6141810417175293
2.1242783069610596,4.405345916748047,3.6138107776641846
2.123990535736084,4.405632495880127,3.61381196975708
2.1237146854400635,4.407169342041016,3.614567995071411
2.12298846244812,4.407904148101807,3.6146433353424072
2.121234655380249,4.40863037109375,3.6144258975982666
2.121234655380249,4.40863037109375,3.6144258975982666
2.1183574199676514,4.409610271453857,3.614166736602783
2.1154937744140625,4.412109851837158,3.6148908138275146
2.1130359172821045,4.413527488708496,3.6148931980133057
2.11053466796875,4.413601398468018,3.6142637729644775
2.108959436416626,4.413269519805908,3.6141891479492188
2.108959436416626,4.413269519805908,3.6141891479492188
2.108790636062622,4.411300182342529,3.613483428955078
2.1091244220733643,4.410051345825195,3.613274097442627
2.1090993881225586,4.408955097198486,3.61311674118042
2.1089625358581543,4.409890174865723,3.6132116317749023
2.108381748199463,4.412722587585449,3.6143314838409424
2.108022451400757,4.4142231941223145,3.614840269088745
2.108022451400757,4.4142231941223145,3.614840269088745
2.1065804958343506,4.4147629737854,3.6148681640625
2.1068429946899414,4.4143781661987305,3.6145710945129395
2.1057627201080322,4.414185047149658,3.6142632961273193
2.1056981086730957,4.415103435516357,3.614339828491211
2.105189323425293,4.416601181030273,3.6147775650024414
2.105189323425293,4.416601181030273,3.6147775650024414
2.105276346206665,4.417006969451904,3.6147360801696777
2.1042113304138184,4.417320728302002,3.6146256923675537
2.103506565093994,4.4168829917907715,3.6144425868988037
2.1022958755493164,4.416289329528809,3.613938331604004
2.102158546447754,4.415527820587158,3.613372564315796
2.1025075912475586,4.414409637451172,3.6129817962646484
2.102553606033325,4.413933277130127,3.6125824451446533
2.102553606033325,4.413933277130127,3.6125824451446533
2.102492332458496,4.414234161376953,3.612841844558716
2.1017560958862305,4.413968563079834,3.6124658584594727
2.1011171340942383,4.413878440856934,3.612074851989746
2.10032057762146,4.413513660430908,3.6115427017211914
2.099817991256714,4.413028240203857,3.6111040115356445
2.099817991256714,4.413028240203857,3.6111040115356445
2.0996146202087402,4.413370132446289,3.611236810684204
2.0991039276123047,4.413362979888916,3.6106414794921875
2.099144697189331,4.413010597229004,3.610321283340454
2.098629951477051,4.413202285766602,3.6100590229034424
2.0980541706085205,4.413686275482178,3.6101248264312744
2.097403049468994,4.413069248199463,3.609492540359497
2.0977118015289307,4.411599159240723,3.6086795330047607
2.098578453063965,4.410146236419678,3.6080634593963623
2.098578453063965,4.410146236419678,3.6080634593963623
2.099463939666748,4.40892219543457,3.6076385974884033
2.099456787109375,4.409879684448242,3.6080050468444824
2.098891019821167,4.412001609802246,3.608395576477051
2.097789764404297,4.4131574630737305,3.609069585800171
2.0973048210144043,4.414306640625,3.6096017360687256
2.096890687942505,4.413971900939941,3.6094796657562256
2.0966503620147705,4.412825107574463,3.6087844371795654
2.0966885089874268,4.4122514724731445,3.6087090969085693
2.0968191623687744,4.4137444496154785,3.6097800731658936
2.0968191623687744,4.4137444496154785,3.6097800731658936
2.0953755378723145,4.415508270263672,3.610644817352295
2.0945351123809814,4.416653156280518,3.611006021499634
2.093860387802124,4.416233062744141,3.61072039604187
2.0933399200439453,4.416703224182129,3.6117231845855713
2.0928869247436523,4.416929721832275,3.6119165420532227
2.0928869247436523,4.416929721832275,3.6119165420532227
2.091768741607666,4.416715145111084,3.6116933822631836
2.091383218765259,4.416763782501221,3.611729860305786
2.091367721557617,4.418263912200928,3.6126341819763184
2.091416835784912,4.419500827789307,3.6132326126098633
2.091127634048462,4.420664310455322,3.614001750946045
2.0908870697021484,4.421209335327148,3.614133358001709
2.0908870697021484,4.421209335327148,3.614133358001709
2.0902388095855713,4.42088508605957,3.613535165786743
2.089509963989258,4.421759128570557,3.613929271697998
2.0875353813171387,4.42284631729126,3.6135640144348145
2.0852816104888916,4.423585891723633,3.613485813140869
2.0837817192077637,4.423015117645264,3.612318515777588
2.0836853981018066,4.422929763793945,3.612433671951294
2.0836853981018066,4.422929763793945,3.612433671951294
2.083984136581421,4.422768592834473,3.6121301651000977
2.0842690467834473,4.422760486602783,3.6123926639556885
2.083448886871338,4.423746585845947,3.612370252609253
2.081854820251465,4.425196170806885,3.6127545833587646
2.0812408924102783,4.426708221435547,3.6135141849517822
2.0808048248291016,4.427526950836182,3.6139183044433594
2.080724000930786,4.427255153656006,3.613943576812744
2.0804922580718994,4.426639080047607,3.613572835922241
2.0804922580718994,4.426639080047607,3.613572835922241
2.079878091812134,4.427919864654541,3.614543914794922
2.0786526203155518,4.429002285003662,3.615084171295166
2.0767548084259033,4.428360462188721,3.614464282989502
2.0761797428131104,4.428295135498047,3.614530086517334
2.0756888389587402,4.429236888885498,3.615298271179199
2.0749168395996094,4.429440021514893,3.6148576736450195
2.0749168395996094,4.429440021514893,3.6148576736450195
2.072650194168091,4.4287919998168945,3.6139371395111084
2.0703933238983154,4.427151203155518,3.6123270988464355
2.068936824798584,4.428422451019287,3.6131484508514404
2.0682361125946045,4.4295854568481445,3.613020658493042
2.0682361125946045,4.4295854568481445,3.613020658493042
2.0665476322174072,4.4310526847839355,3.6129889488220215
2.066119909286499,4.431360244750977,3.6124329566955566
2.064934253692627,4.431804656982422,3.6124751567840576
2.064512014389038,4.431974411010742,3.611954927444458
2.063922643661499,4.4325079917907715,3.611842393875122
2.064281940460205,4.433136463165283,3.61177134513855
2.0642807483673096,4.433353424072266,3.611604690551758
2.0644595623016357,4.433836936950684,3.611811399459839
2.0634889602661133,4.432867527008057,3.6108429431915283
2.0634889602661133,4.432867527008057,3.6108429431915283
2.0631656646728516,4.432502269744873,3.610273838043213
2.0634348392486572,4.4328203201293945,3.6104588508605957
2.0634284019470215,4.433670520782471,3.6108479499816895
2.0629048347473145,4.433711528778076,3.6103360652923584
2.0626349449157715,4.433895587921143,3.6104912757873535
2.062790870666504,4.4340620040893555,3.610579013824463
2.0627193450927734,4.433712005615234,3.6102921962738037
2.0627193450927734,4.433712005615234,3.6102921962738037
2.06223726272583,4.432618618011475,3.6095120906829834
2.061868190765381,4.4325151443481445,3.609642505645752
2.061781406402588,4.433422088623047,3.6102726459503174
2.0614748001098633,4.434271812438965,3.6105339527130127
2.061145067214966,4.434915542602539,3.610745906829834
2.061145067214966,4.434915542602539,3.610745906829834
2.0607008934020996,4.434935569763184,3.610689401626587
2.0597691535949707,4.434829235076904,3.6108057498931885
2.0592639446258545,4.435219764709473,3.6108381748199463
2.059497356414795,4.4354448318481445,3.6111981868743896
2.059614419937134,4.436244487762451,3.6117706298828125
2.0587289333343506,4.4378533363342285,3.61279296875
2.0569186210632324,4.438981056213379,3.6128358840942383
2.0569186210632324,4.438981056213379,3.6128358840942383
2.055718183517456,4.439240455627441,3.6123297214508057
2.0548956394195557,4.440021514892578,3.612396240234375
2.0541958808898926,4.4399614334106445,3.612440824508667
2.0533645153045654,4.440757751464844,3.612489938735962
2.0527937412261963,4.441004276275635,3.6123344898223877
2.0519049167633057,4.442137718200684,3.6125333309173584
2.0519049167633057,4.442137718200684,3.6125333309173584
2.0524230003356934,4.443545341491699,3.6133575439453125
2.051255941390991,4.444259166717529,3.6132514476776123
2.0500009059906006,4.444305419921875,3.6130683422088623
2.048832416534424,4.445300579071045,3.61323618888855
2.048832416534424,4.445300579071045,3.61323618888855
2.0480213165283203,4.447021007537842,3.614058256149292
2.0472123622894287,4.448177337646484,3.614196300506592
2.045387029647827,4.448708534240723,3.614086627960205
2.043938159942627,4.449031352996826,3.614051103591919
2.042862892150879,4.450397968292236,3.6149637699127197
2.0417709350585938,4.451116561889648,3.614943504333496
2.0413081645965576,4.451171398162842,3.6146910190582275
2.0413081645965576,4.451171398162842,3.6146910190582275
2.040760040283203,4.451173305511475,3.6146950721740723
2.040463924407959,4.451929092407227,3.6152596473693848
2.0399343967437744,4.45226526260376,3.614877700805664
2.03904390335083,4.451915740966797,3.6142361164093018
2.038609743118286,4.451311111450195,3.613858222961426
2.038609743118286,4.451311111450195,3.613858222961426
2.0376734733581543,4.45117712020874,3.6138391494750977
2.0367836952209473,4.451356887817383,3.613417625427246
2.0360937118530273,4.452644348144531,3.613567590713501
2.036741018295288,4.453573703765869,3.614206552505493
2.035865068435669,4.4539361000061035,3.614036798477173
2.035207748413086,4.453556060791016,3.6137771606445312
2.034780979156494,4.453544616699219,3.613434314727783
2.034780979156494,4.453544616699219,3.613434314727783
2.034616708755493,4.453385829925537,3.6135966777801514
2.0343027114868164,4.454024791717529,3.613943576812744
2.0337040424346924,4.454312801361084,3.613862991333008
2.0322165489196777,4.454437732696533,3.6135799884796143
2.0312063694000244,4.4542765617370605,3.613258123397827
2.0312063694000244,4.4542765617370605,3.613258123397827
2.0298869609832764,4.455195426940918,3.6137237548828125
2.0289387702941895,4.455492973327637,3.613828659057617
2.023042917251587,4.452754497528076,3.6116080284118652
2.0244905948638916,4.452450752258301,3.6117849349975586
2.0236868858337402,4.451462745666504,3.6116485595703125
2.0252535343170166,4.451547145843506,3.611914873123169
2.0252535343170166,4.451547145843506,3.611914873123169
2.0273752212524414,4.449931621551514,3.6112101078033447
2.029428482055664,4.448513031005859,3.610945224761963
2.029143810272217,4.447246074676514,3.6102559566497803
2.0285253524780273,4.447083950042725,3.610048294067383
2.0285253524780273,4.447083950042725,3.610048294067383
2.0277161598205566,4.4472270011901855,3.6100211143493652
2.0275843143463135,4.447717666625977,3.610124349594116
2.028400421142578,4.448158264160156,3.6106765270233154
2.0288140773773193,4.4492268562316895,3.611241579055786
2.0283396244049072,4.449657440185547,3.6114747524261475
2.027616500854492,4.450451850891113,3.6115753650665283
2.027616500854492,4.450451850891113,3.6115753650665283
2.027092695236206,4.450437545776367,3.6116063594818115
2.0264368057250977,4.450382232666016,3.6114604473114014
2.025753974914551,4.449401378631592,3.611025810241699
2.0254874229431152,4.448432922363281,3.610335350036621
2.0254874229431152,4.448432922363281,3.610335350036621
2.026624917984009,4.448612213134766,3.6110475063323975
2.027432441711426,4.450136661529541,3.611940860748291
2.0267229080200195,4.450085639953613,3.6116816997528076
2.0248122215270996,4.4501237869262695,3.6114659309387207
2.023939609527588,4.449781894683838,3.6114230155944824
2.024186611175537,4.44998025894165,3.6114413738250732
2.024186611175537,4.44998025894165,3.6114413738250732
2.025390863418579,4.450529098510742,3.611781358718872
2.026160717010498,4.450948715209961,3.611785411834717
2.02597713470459,4.451654434204102,3.6120126247406006
2.0251758098602295,4.45292854309082,3.6127538681030273
2.024787425994873,4.452669143676758,3.612306833267212
2.024787425994873,4.452669143676758,3.612306833267212
2.0246469974517822,4.450780868530273,3.6112678050994873
2.0252585411071777,4.4494524002075195,3.610936164855957
2.0254299640655518,4.4490275382995605,3.611090898513794
2.0251870155334473,4.449233531951904,3.611149549484253
2.025148868560791,4.449283599853516,3.6112005710601807
2.0252883434295654,4.449313163757324,3.6110215187072754
2.0244054794311523,4.4502763748168945,3.6115949153900146
2.0244054794311523,4.4502763748168945,3.6115949153900146
2.0227112770080566,4.452023506164551,3.61183762550354
2.0211079120635986,4.4519195556640625,3.611626386642456
2.0203697681427,4.452877521514893,3.6118857860565186
2.020718574523926,4.453800201416016,3.6127967834472656
2.020718574523926,4.453800201416016,3.6127967834472656
2.0208020210266113,4.45460844039917,3.6131043434143066
2.020749092102051,4.4552788734436035,3.613327980041504
2.0199592113494873,4.455963134765625,3.613191604614258
2.018855571746826,4.456423282623291,3.613053560256958
2.017106771469116,4.457119464874268,3.6127877235412598
2.014399766921997,4.456711769104004,3.6118297576904297
2.014399766921997,4.456711769104004,3.6118297576904297
2.0127410888671875,4.456024646759033,3.610905170440674
2.0124614238739014,4.456755638122559,3.6111769676208496
2.0131642818450928,4.457584857940674,3.6115286350250244
2.01407527923584,4.458022117614746,3.6117753982543945
2.014626979827881,4.457986354827881,3.6117215156555176
2.0144667625427246,4.457613945007324,3.611358880996704
2.0144667625427246,4.457613945007324,3.611358880996704
2.0137832164764404,4.457930564880371,3.611767053604126
2.0124740600585938,4.458317756652832,3.611617088317871
2.011812925338745,4.458200931549072,3.6118268966674805
2.011439561843872,4.45802116394043,3.6118407249450684
2.0114996433258057,4.457821369171143,3.612060546875
2.0114996433258057,4.457821369171143,3.612060546875
2.0109798908233643,4.457021236419678,3.6114253997802734
2.011258840560913,4.456002235412598,3.610902786254883
2.0111145973205566,4.4562296867370605,3.6112284660339355
2.011200428009033,4.4569830894470215,3.6114938259124756
2.00970721244812,4.4574408531188965,3.6116673946380615
2.010122537612915,4.457797050476074,3.611797332763672
2.010732650756836,4.457911491394043,3.6117682456970215
2.010732650756836,4.457911491394043,3.6117682456970215
2.01206636428833,4.457404136657715,3.611363649368286
2.0121607780456543,4.4576096534729,3.61140775680542
2.0107264518737793,4.4569854736328125,3.610807418823242
2.0093154907226562,4.457002639770508,3.6105833053588867
2.008939743041992,4.457367897033691,3.61068058013916
2.008939743041992,4.457367897033691,3.61068058013916
2.0092363357543945,4.458076477050781,3.6109864711761475
2.009394645690918,4.458468914031982,3.610969305038452
2.0094966888427734,4.458652019500732,3.611086368560791
2.0092484951019287,4.458181381225586,3.6112618446350098
2.009087562561035,4.458261013031006,3.611589193344116
2.009087562561035,4.458261013031006,3.611589193344116
2.009056806564331,4.458284854888916,3.611639976501465
2.0088958740234375,4.457982063293457,3.611414670944214
2.008415460586548,4.457634925842285,3.6114189624786377
2.0087292194366455,4.458212852478027,3.6122055053710938
2.0085577964782715,4.458293437957764,3.612391710281372
2.008512258529663,4.458181858062744,3.6126868724823
2.0078206062316895,4.458101272583008,3.612581491470337
2.0078206062316895,4.458101272583008,3.612581491470337
2.007096767425537,4.4581475257873535,3.613067150115967
2.006514310836792,4.4588236808776855,3.613436698913574
2.006258726119995,4.459506511688232,3.6137733459472656
2.006049633026123,4.459929466247559,3.613938808441162
2.0048787593841553,4.460037708282471,3.6137943267822266
2.0048787593841553,4.460037708282471,3.6137943267822266
2.0032918453216553,4.460554599761963,3.6138885021209717
2.002342939376831,4.461056232452393,3.613999843597412
2.000802993774414,4.4615983963012695,3.6139976978302
2.000415325164795,4.461727142333984,3.6137359142303467
2.000415325164795,4.461727142333984,3.6137359142303467
1.9994535446166992,4.461378574371338,3.6134021282196045
1.9994603395462036,4.461434841156006,3.613408088684082
1.9999666213989258,4.460930347442627,3.6130001544952393
2.0014030933380127,4.461417198181152,3.613462209701538
2.001739740371704,4.46221399307251,3.6137466430664062
2.000389337539673,4.463390350341797,3.613919496536255
2.000389337539673,4.463390350341797,3.613919496536255
1.9977211952209473,4.4643073081970215,3.613701581954956
1.9961282014846802,4.46492338180542,3.6137616634368896
1.9960098266601562,4.465579986572266,3.6138410568237305
1.9969640970230103,4.465697288513184,3.613921642303467
1.997930884361267,4.4661970138549805,3.6140658855438232
1.997930884361267,4.4661970138549805,3.6140658855438232
1.9976283311843872,4.466373920440674,3.6137804985046387
1.9970850944519043,4.466678619384766,3.613724946975708
1.99583101272583,4.467350959777832,3.6136727333068848
1.9956471920013428,4.467301368713379,3.613361358642578
1.9956471920013428,4.467301368713379,3.613361358642578
1.995585322380066,4.46727991104126,3.6128790378570557
1.9965641498565674,4.467073917388916,3.6130728721618652
1.997084617614746,4.467263698577881,3.6133434772491455
1.9967299699783325,4.466213703155518,3.612757921218872
1.995824933052063,4.466126441955566,3.6123814582824707
1.995824933052063,4.466126441955566,3.6123814582824707
1.9958215951919556,4.466638088226318,3.613222599029541
1.995956301689148,4.467987537384033,3.613908529281616
1.9965183734893799,4.467939376831055,3.6142799854278564
1.9962663650512695,4.466864109039307,3.613696813583374
1.9960451126098633,4.46575927734375,3.613461494445801
1.995224952697754,4.465331554412842,3.613396406173706
1.9954173564910889,4.4658355712890625,3.6137332916259766
1.9954173564910889,4.4658355712890625,3.6137332916259766
1.9959995746612549,4.466466426849365,3.6140291690826416
1.9968352317810059,4.465465068817139,3.613237142562866
1.9967379570007324,4.464348793029785,3.612835168838501
1.9958375692367554,4.4634222984313965,3.6121649742126465
1.9952843189239502,4.46270751953125,3.6113719940185547
1.9945268630981445,4.46270751953125,3.6111745834350586
1.9930038452148438,4.463954925537109,3.611644744873047
1.9911830425262451,4.465325355529785,3.611678123474121
1.9911830425262451,4.465325355529785,3.611678123474121
1.9897353649139404,4.466460704803467,3.611907482147217
1.9889096021652222,4.466592788696289,3.6114563941955566
1.9886417388916016,4.466825485229492,3.6118311882019043
1.989084243774414,4.46633243560791,3.61165452003479
1.988830327987671,4.467095375061035,3.61236310005188
1.9881058931350708,4.467535972595215,3.61236834526062
1.9875694513320923,4.469247817993164,3.6135687828063965
1.9875694513320923,4.469247817993164,3.6135687828063965
1.9875359535217285,4.47064208984375,3.6144673824310303
1.9869269132614136,4.470407962799072,3.6141908168792725
1.9864341020584106,4.469647407531738,3.6139419078826904
1.986426591873169,4.470118045806885,3.6145052909851074
1.9867299795150757,4.4710564613342285,3.6152477264404297
1.9865410327911377,4.471520900726318,3.6151700019836426
1.9865410327911377,4.471520900726318,3.6151700019836426
1.9851268529891968,4.47172212600708,3.615084648132324
1.9833322763442993,4.47120475769043,3.614410400390625
1.9824284315109253,4.471412658691406,3.614468574523926
1.9820345640182495,4.471776485443115,3.614407539367676
1.9827364683151245,4.472530841827393,3.6148788928985596
1.9831792116165161,4.473618030548096,3.6154589653015137
1.9826010465621948,4.474623203277588,3.61602783203125
1.9815011024475098,4.474652290344238,3.615719795227051
1.9807944297790527,4.473395824432373,3.6149768829345703
1.9812090396881104,4.473330497741699,3.6154119968414307
1.9812090396881104,4.473330497741699,3.6154119968414307
1.9811521768569946,4.473674774169922,3.6156933307647705
1.9806859493255615,4.474031925201416,3.6156091690063477
1.9807854890823364,4.473841667175293,3.615269184112549
1.9805669784545898,4.473896503448486,3.6154425144195557
1.9801106452941895,4.474675178527832,3.6155710220336914
1.9783945083618164,4.47499942779541,3.6152234077453613
1.9777487516403198,4.475985050201416,3.6151156425476074
1.9759021997451782,4.477750301361084,3.6158013343811035
1.9747964143753052,4.478137969970703,3.6153221130371094
1.9747964143753052,4.478137969970703,3.6153221130371094
1.9731422662734985,4.478795051574707,3.615126132965088
1.9719489812850952,4.478089809417725,3.6141531467437744
1.9718317985534668,4.478606700897217,3.614603281021118
1.9719208478927612,4.479114055633545,3.6147828102111816
1.9717988967895508,4.478390693664551,3.614039182662964
1.9717988967895508,4.478390693664551,3.614039182662964
1.972149133682251,4.477907180786133,3.6139092445373535
1.9722782373428345,4.47822380065918,3.6141867637634277
1.9722521305084229,4.478636264801025,3.614698648452759
1.972056269645691,4.478743076324463,3.614673614501953
1.9717601537704468,4.479074001312256,3.6149044036865234
1.9710718393325806,4.479763507843018,3.615190267562866
1.9710718393325806,4.479763507843018,3.615190267562866
1.9704082012176514,4.480020999908447,3.6151344776153564
1.9696160554885864,4.479325771331787,3.614628791809082
1.9695597887039185,4.47855806350708,3.61462140083313
1.9700876474380493,4.4789605140686035,3.615217685699463
1.9701263904571533,4.47965145111084,3.615394353866577
1.970359206199646,4.479186534881592,3.615081310272217
1.970359206199646,4.479186534881592,3.615081310272217
1.970606803894043,4.478638648986816,3.6150283813476562
1.970027208328247,4.477602005004883,3.6148557662963867
1.9692270755767822,4.476682662963867,3.6146140098571777
1.968651533126831,4.475676536560059,3.6139307022094727
1.969005823135376,4.474930286407471,3.613837480545044
1.969878911972046,4.474811553955078,3.6137397289276123
1.9693034887313843,4.475104808807373,3.6138854026794434
1.9693034887313843,4.475104808807373,3.6138854026794434
1.9690310955047607,4.4761505126953125,3.6140966415405273
1.9692554473876953,4.4766035079956055,3.6141819953918457
1.9699405431747437,4.476922035217285,3.6142449378967285
1.970533013343811,4.47750186920166,3.6145095825195312
1.9700983762741089,4.477031707763672,3.6139426231384277
1.969448208808899,4.4769744873046875,3.6135759353637695
1.9697649478912354,4.476768970489502,3.6134157180786133
1.9697649478912354,4.476768970489502,3.6134157180786133
1.9703806638717651,4.476794242858887,3.6133477687835693
1.9708633422851562,4.475734710693359,3.6129376888275146
1.9708507061004639,4.474919319152832,3.6127171516418457
1.9712965488433838,4.474986553192139,3.613170862197876
1.9716660976409912,4.474796772003174,3.613115072250366
1.971126914024353,4.474069595336914,3.6125991344451904
1.9694112539291382,4.473633289337158,3.6123416423797607
1.9694112539291382,4.473633289337158,3.6123416423797607
1.968475103378296,4.473779201507568,3.612316131591797
1.9683932065963745,4.474098205566406,3.612645387649536
1.9696654081344604,4.475026607513428,3.6134026050567627
1.9700407981872559,4.475815773010254,3.613769769668579
1.9688795804977417,4.4771552085876465,3.6141269207000732
1.9676998853683472,4.4783101081848145,3.6146316528320312
1.9673709869384766,4.479240417480469,3.614825487136841
1.9673709869384766,4.479240417480469,3.614825487136841
1.9670003652572632,4.479811191558838,3.615208625793457
1.9663152694702148,4.479918479919434,3.6152524948120117
1.9658150672912598,4.479970455169678,3.61523699760437
1.9656078815460205,4.480386257171631,3.615394353866577
1.9655659198760986,4.480723857879639,3.615496873855591
1.9651645421981812,4.481342792510986,3.615873098373413
1.9643588066101074,4.4823784828186035,3.6165032386779785
1.9635831117630005,4.4835662841796875,3.616910219192505
1.963221549987793,4.483590602874756,3.6166794300079346
1.964007019996643,4.484206199645996,3.617297410964966
1.964007019996643,4.484206199645996,3.617297410964966
1.9642683267593384,4.484338283538818,3.6175968647003174
1.9636200666427612,4.484292030334473,3.617339611053467
1.9629149436950684,4.48414945602417,3.61712384223938
1.9622931480407715,4.484667778015137,3.6171422004699707
1.9621353149414062,4.485837459564209,3.617584705352783
1.9621963500976562,4.486427307128906,3.6177074909210205
1.9621963500976562,4.486427307128906,3.6177074909210205
1.9619947671890259,4.486378192901611,3.617459297180176
1.9614580869674683,4.4862380027771,3.617215156555176
1.9611493349075317,4.486729145050049,3.6172749996185303
1.9601458311080933,4.486609935760498,3.61678147315979
1.9593647718429565,4.486130714416504,3.61604905128479
1.959067940711975,4.486255645751953,3.6163392066955566
1.959067940711975,4.486255645751953,3.6163392066955566
1.959166169166565,4.487943649291992,3.617201328277588
1.9584734439849854,4.488361358642578,3.617210865020752
1.9579938650131226,4.4883928298950195,3.616882801055908
1.9578254222869873,4.488404273986816,3.6170365810394287
1.9578254222869873,4.488404273986816,3.6170365810394287
1.957366704940796,4.489282131195068,3.6175661087036133
1.9551409482955933,4.487894535064697,3.616987466812134
1.9537688493728638,4.487898826599121,3.616462469100952
1.9528889656066895,4.487301349639893,3.6163947582244873
1.9511562585830688,4.487475872039795,3.6163830757141113
1.9485573768615723,4.4877238273620605,3.6160809993743896
1.9464422464370728,4.488057613372803,3.6156132221221924
1.9447418451309204,4.488276481628418,3.615750312805176
1.9447418451309204,4.488276481628418,3.615750312805176
1.9434369802474976,4.48823881149292,3.615461826324463
1.943589210510254,4.488404273986816,3.6154632568359375
1.9444938898086548,4.487940788269043,3.615323066711426
1.9450753927230835,4.48714542388916,3.6151363849639893
1.9450753927230835,4.48714542388916,3.6151363849639893
1.945300579071045,4.486519813537598,3.615140438079834
1.9439678192138672,4.486396789550781,3.615177869796753
1.9427475929260254,4.486091613769531,3.6150448322296143
1.9421521425247192,4.485300540924072,3.614651679992676
1.9427615404129028,4.484923839569092,3.6149072647094727
1.942962646484375,4.484664440155029,3.6149742603302
1.942962646484375,4.484664440155029,3.6149742603302
1.9422850608825684,4.483461380004883,3.614546060562134
1.9415208101272583,4.482895851135254,3.6145710945129395
1.9427509307861328,4.482830047607422,3.6145176887512207
1.9436442852020264,4.483022212982178,3.6146979331970215
1.944228172302246,4.482799053192139,3.6141347885131836
1.942809820175171,4.48228120803833,3.613466262817383
1.942809820175171,4.48228120803833,3.613466262817383
1.9419342279434204,4.482994079589844,3.6134886741638184
1.940988540649414,4.483988285064697,3.6136226654052734
1.941057562828064,4.484650611877441,3.6135125160217285
1.9412461519241333,4.485831260681152,3.6136744022369385
1.9412461519241333,4.485831260681152,3.6136744022369385
1.941498875617981,4.487495422363281,3.6145966053009033
1.9405772686004639,4.488917350769043,3.614926815032959
1.9398189783096313,4.489572048187256,3.615262508392334
1.939530372619629,4.490060329437256,3.6153013706207275
1.9390209913253784,4.4907355308532715,3.6161410808563232
1.9381515979766846,4.491072654724121,3.616299867630005
1.9381515979766846,4.491072654724121,3.616299867630005
1.9362516403198242,4.491157054901123,3.6162352561950684
1.9352385997772217,4.491803169250488,3.6162636280059814
1.9341381788253784,4.493473529815674,3.617002248764038
1.9328787326812744,4.4948272705078125,3.617424964904785
1.9314556121826172,4.4954752922058105,3.6174635887145996
1.9314556121826172,4.4954752922058105,3.6174635887145996
1.930384635925293,4.495375633239746,3.6171813011169434
1.929733157157898,4.49555778503418,3.6173739433288574
1.9293464422225952,4.496723175048828,3.617990255355835
1.928851842880249,4.497732639312744,3.6183583736419678
1.9284685850143433,4.498256206512451,3.6183674335479736
1.9284685850143433,4.498256206512451,3.6183674335479736
1.9279506206512451,4.499248504638672,3.6190249919891357
1.9281566143035889,4.499523162841797,3.6192500591278076
1.9273948669433594,4.499302864074707,3.6189470291137695
1.9273079633712769,4.498533248901367,3.618429660797119
1.9265023469924927,4.498202323913574,3.6182749271392822
1.926438570022583,4.498836040496826,3.61867356300354
1.9265962839126587,4.499640464782715,3.6190240383148193
1.9269686937332153,4.499252796173096,3.6186444759368896
1.9275143146514893,4.499180793762207,3.618889331817627
1.926558017730713,4.499502182006836,3.6190104484558105
1.9248324632644653,4.499645709991455,3.618821620941162
1.9240632057189941,4.499056339263916,3.6186342239379883
1.9240632057189941,4.499056339263916,3.6186342239379883
1.9234769344329834,4.499892711639404,3.618875741958618
1.9233983755111694,4.5005388259887695,3.618950366973877
1.922638177871704,4.501163482666016,3.6188316345214844
1.9212185144424438,4.501264572143555,3.6183865070343018
1.920122504234314,4.501779556274414,3.6183295249938965
1.920122504234314,4.501779556274414,3.6183295249938965
1.91873300075531,4.502961158752441,3.618591547012329
1.9169907569885254,4.504027843475342,3.618515729904175
1.9155410528182983,4.5044355392456055,3.6181282997131348
1.913863182067871,4.504800796508789,3.6180899143218994
1.9134583473205566,4.5057053565979,3.618375778198242
1.9135185480117798,4.506499767303467,3.6185719966888428
1.9145722389221191,4.506992340087891,3.6187198162078857
1.9145722389221191,4.506992340087891,3.6187198162078857
1.914380431175232,4.50738525390625,3.6191117763519287
1.914039969444275,4.507911682128906,3.6193430423736572
1.9126678705215454,4.507809638977051,3.6192731857299805
1.9122369289398193,4.507602691650391,3.619128465652466
1.9122369289398193,4.507602691650391,3.619128465652466
1.9128086566925049,4.507500171661377,3.6194143295288086
1.9130464792251587,4.507524490356445,3.6195647716522217
1.912846326828003,4.507309436798096,3.6192634105682373
1.912285566329956,4.507226467132568,3.6191816329956055
1.9120525121688843,4.506828308105469,3.618825912475586
1.9120525121688843,4.506828308105469,3.618825912475586
1.9119004011154175,4.5061259269714355,3.618579626083374
1.9116883277893066,4.50443696975708,3.6174824237823486
1.9110461473464966,4.503514289855957,3.617109537124634
1.9117486476898193,4.502302646636963,3.6166772842407227
1.9121463298797607,4.502344131469727,3.6166956424713135
1.9131425619125366,4.501956462860107,3.6164257526397705
1.9129893779754639,4.501267433166504,3.6159393787384033
1.9129893779754639,4.501267433166504,3.6159393787384033
1.912427306175232,4.500998497009277,3.615706205368042
1.9118517637252808,4.500909328460693,3.6155195236206055
1.9132521152496338,4.501567363739014,3.6156694889068604
1.9168561697006226,4.502809047698975,3.616276741027832
1.9182428121566772,4.503888130187988,3.616908550262451
1.9182428121566772,4.503888130187988,3.616908550262451
1.9179842472076416,4.504552364349365,3.6171841621398926
1.915115237236023,4.505090713500977,3.616966485977173
1.9139515161514282,4.505216598510742,3.6173787117004395
1.913120985031128,4.505997180938721,3.6177268028259277
1.9120616912841797,4.507412433624268,3.6186206340789795
1.9120616912841797,4.507412433624268,3.6186206340789795
1.9101351499557495,4.508448600769043,3.6187262535095215
1.9081133604049683,4.509284496307373,3.6192595958709717
1.9069199562072754,4.509925842285156,3.6194326877593994
1.9060419797897339,4.511250019073486,3.6202332973480225
1.9060419797897339,4.511250019073486,3.6202332973480225
1.9050384759902954,4.51123571395874,3.619868040084839
1.9039766788482666,4.511980056762695,3.6202914714813232
1.9029651880264282,4.512993335723877,3.620751142501831
1.901855230331421,4.514357566833496,3.620915174484253
1.9006667137145996,4.515352725982666,3.621155023574829
1.898898959159851,4.5154805183410645,3.620920181274414
1.898898959159851,4.5154805183410645,3.620920181274414
1.8975319862365723,4.516353130340576,3.621351957321167
1.8958923816680908,4.517374515533447,3.6216702461242676
1.8949668407440186,4.518956184387207,3.6222376823425293
1.894564151763916,4.519537448883057,3.622227668762207
1.8943631649017334,4.5202178955078125,3.622678518295288
1.8943631649017334,4.5202178955078125,3.622678518295288
1.8937087059020996,4.520293235778809,3.622556447982788
1.8921699523925781,4.519334316253662,3.6219513416290283
1.891714334487915,4.5192461013793945,3.6218440532684326
1.8918875455856323,4.520211219787598,3.6220171451568604
1.892101764678955,4.521328449249268,3.622371196746826
1.892101764678955,4.521328449249268,3.622371196746826
1.8914539813995361,4.521463871002197,3.6218292713165283
1.8896427154541016,4.520951271057129,3.620851993560791
1.8886016607284546,4.519719123840332,3.6196341514587402
1.9064637422561646,4.528110504150391,3.618860960006714
1.9289387464523315,4.541975975036621,3.6273763179779053
1.9289387464523315,4.541975975036621,3.6273763179779053
