x,y,z
3.5265982151031494,3.5112521648406982,3.7922890186309814
3.524139165878296,3.5080902576446533,3.7917802333831787
3.522319793701172,3.5045175552368164,3.7910172939300537
3.516361951828003,3.5006954669952393,3.792363405227661
3.516361951828003,3.5006954669952393,3.792363405227661
3.5197534561157227,3.50112247467041,3.7941858768463135
3.5211446285247803,3.5013835430145264,3.791775703430176
3.5249757766723633,3.503671169281006,3.7904365062713623
3.527768135070801,3.5046634674072266,3.78800368309021
3.5270698070526123,3.50394344329834,3.785257577896118
3.5270698070526123,3.50394344329834,3.785257577896118
3.5352303981781006,3.5052878856658936,3.7828257083892822
3.536109685897827,3.5051629543304443,3.7824313640594482
3.538027286529541,3.505258798599243,3.781099796295166
3.5357141494750977,3.504551410675049,3.7820844650268555
3.5326826572418213,3.5022335052490234,3.7823078632354736
3.532759428024292,3.5016262531280518,3.7816386222839355
3.5308620929718018,3.4999074935913086,3.7815046310424805
3.5308620929718018,3.4999074935913086,3.7815046310424805
3.533128261566162,3.5000147819519043,3.7804062366485596
3.5345101356506348,3.500037431716919,3.7796056270599365
3.534947395324707,3.500988483428955,3.7811732292175293
3.536146640777588,3.501330852508545,3.7794389724731445
3.5352070331573486,3.5017354488372803,3.7806949615478516
3.536099910736084,3.5023703575134277,3.7804596424102783
3.536099910736084,3.5023703575134277,3.7804596424102783
3.536500930786133,3.502810001373291,3.782294988632202
3.538133144378662,3.5026724338531494,3.7810218334198
3.538574695587158,3.502596378326416,3.7802159786224365
3.541654109954834,3.5044262409210205,3.782895565032959
3.5440287590026855,3.5063931941986084,3.7834298610687256
3.544346332550049,3.5086021423339844,3.7856154441833496
3.544346332550049,3.5086021423339844,3.7856154441833496
3.5452144145965576,3.5099613666534424,3.7867672443389893
3.543306350708008,3.5096826553344727,3.787144899368286
3.544678211212158,3.5107052326202393,3.7875075340270996
3.5445375442504883,3.51046085357666,3.7862911224365234
3.54569673538208,3.510197639465332,3.7855236530303955
3.5459609031677246,3.5093038082122803,3.784790277481079
3.5472347736358643,3.5098068714141846,3.7871904373168945
3.543747663497925,3.5078394412994385,3.7902421951293945
3.5407731533050537,3.504878044128418,3.7911264896392822
3.5399832725524902,3.502981424331665,3.79034161567688
3.541105270385742,3.50406551361084,3.79260516166687
3.5450775623321533,3.5061802864074707,3.7941179275512695
3.5450775623321533,3.5061802864074707,3.7941179275512695
3.5502066612243652,3.510228395462036,3.795154094696045
3.554992437362671,3.5137600898742676,3.796954393386841
3.555877923965454,3.515489339828491,3.7957684993743896
3.555173873901367,3.5163822174072266,3.7984530925750732
3.5515694618225098,3.515399217605591,3.7981293201446533
3.5507590770721436,3.516672134399414,3.801361083984375
3.550821542739868,3.517561912536621,3.8040308952331543
3.550821542739868,3.517561912536621,3.8040308952331543
3.553541421890259,3.5193119049072266,3.8073079586029053
3.55422306060791,3.519446849822998,3.8058698177337646
3.5555450916290283,3.520662546157837,3.807237386703491
3.555605888366699,3.521477222442627,3.8082833290100098
3.5557594299316406,3.5211613178253174,3.8089146614074707
3.5557594299316406,3.5211613178253174,3.8089146614074707
3.555419683456421,3.5208559036254883,3.810114860534668
3.556955575942993,3.5215225219726562,3.81050705909729
3.5573859214782715,3.521851062774658,3.8111281394958496
3.5583019256591797,3.5219995975494385,3.8117146492004395
3.558652877807617,3.521752119064331,3.8124117851257324
3.558652877807617,3.521752119064331,3.8124117851257324
3.5569701194763184,3.5207202434539795,3.8125810623168945
3.555537700653076,3.519573450088501,3.812371253967285
3.554415225982666,3.519435405731201,3.8131964206695557
3.5546860694885254,3.520145893096924,3.8148531913757324
3.554311752319336,3.521228313446045,3.8163228034973145
3.5534071922302246,3.521327495574951,3.817089080810547
3.553832769393921,3.521918773651123,3.8199410438537598
3.5538220405578613,3.5219123363494873,3.8216118812561035
3.5535480976104736,3.5228869915008545,3.823333978652954
3.551600933074951,3.523336887359619,3.8267266750335693
3.5507595539093018,3.522808790206909,3.827258586883545
3.5507595539093018,3.522808790206909,3.827258586883545
3.549750804901123,3.52294921875,3.830496072769165
3.5480690002441406,3.522195816040039,3.8302161693573
3.549187660217285,3.522991180419922,3.8312273025512695
3.548501968383789,3.5237607955932617,3.8309741020202637
3.5502161979675293,3.5246222019195557,3.8314552307128906
3.5502161979675293,3.5246222019195557,3.8314552307128906
3.5496437549591064,3.525182008743286,3.8316173553466797
3.5504159927368164,3.525980234146118,3.8324196338653564
3.552553176879883,3.5270516872406006,3.83260178565979
3.553455114364624,3.5280628204345703,3.8329522609710693
3.554243326187134,3.5281407833099365,3.8315579891204834
3.5547616481781006,3.52875018119812,3.8323841094970703
3.5547616481781006,3.52875018119812,3.8323841094970703
3.5530316829681396,3.529442071914673,3.8350653648376465
3.550931215286255,3.5298287868499756,3.8366329669952393
3.549936532974243,3.5306544303894043,3.8381972312927246
3.5498194694519043,3.5320966243743896,3.8400633335113525
3.550825834274292,3.533693552017212,3.8414390087127686
3.5532920360565186,3.534759998321533,3.8411598205566406
3.5558319091796875,3.535388708114624,3.8403961658477783
3.5558319091796875,3.535388708114624,3.8403961658477783
3.5571532249450684,3.5353946685791016,3.8408079147338867
3.557006359100342,3.535797595977783,3.8430235385894775
3.5546109676361084,3.535548686981201,3.8434693813323975
3.5534160137176514,3.5360496044158936,3.845351219177246
3.551162004470825,3.535578489303589,3.845933198928833
3.551162004470825,3.535578489303589,3.845933198928833
3.551058530807495,3.535494565963745,3.847748041152954
3.551825761795044,3.5349221229553223,3.8490798473358154
3.5519962310791016,3.534804582595825,3.8500685691833496
3.552300214767456,3.5349619388580322,3.849161148071289
3.551588296890259,3.5348870754241943,3.8513662815093994
3.548555374145508,3.5333874225616455,3.85160493850708
3.548555374145508,3.5333874225616455,3.85160493850708
3.5435218811035156,3.531738042831421,3.854712963104248
3.540417432785034,3.5310163497924805,3.8570539951324463
3.5405261516571045,3.532337188720703,3.8592889308929443
3.5416557788848877,3.5340065956115723,3.8592960834503174
3.5432982444763184,3.535681962966919,3.859754800796509
3.543215751647949,3.536855697631836,3.860530376434326
3.543215751647949,3.536855697631836,3.860530376434326
3.543618679046631,3.5381808280944824,3.86193585395813
3.5432629585266113,3.5391855239868164,3.8631696701049805
3.5423269271850586,3.539515733718872,3.8634703159332275
3.542180299758911,3.5399324893951416,3.863377809524536
3.5419604778289795,3.5408051013946533,3.8638691902160645
3.542609691619873,3.5421109199523926,3.8652503490448
3.5450541973114014,3.5434436798095703,3.864696741104126
3.545555591583252,3.5443804264068604,3.865931272506714
3.545555591583252,3.5443804264068604,3.865931272506714
3.54495906829834,3.544389009475708,3.8663573265075684
3.544387102127075,3.544710636138916,3.868231773376465
3.5440940856933594,3.5445268154144287,3.8683810234069824
3.5451862812042236,3.5452828407287598,3.870008945465088
3.5448784828186035,3.5452842712402344,3.8709921836853027
3.5461623668670654,3.5464088916778564,3.873197555541992
3.546112060546875,3.5468227863311768,3.8732612133026123
3.546689748764038,3.547329902648926,3.8745999336242676
3.546689748764038,3.547329902648926,3.8745999336242676
3.546705961227417,3.5467302799224854,3.873591423034668
3.5461277961730957,3.5466761589050293,3.87473464012146
3.5434577465057373,3.547269105911255,3.878405809402466
3.5416975021362305,3.5479772090911865,3.8810298442840576
3.5406978130340576,3.548870801925659,3.880709171295166
3.5406978130340576,3.548870801925659,3.880709171295166
3.5412702560424805,3.5510666370391846,3.8832359313964844
3.5423483848571777,3.55418062210083,3.8861045837402344
3.5429718494415283,3.555649757385254,3.8875181674957275
3.5431370735168457,3.556351900100708,3.888503074645996
3.5418899059295654,3.556442975997925,3.8898212909698486
3.540119171142578,3.556002378463745,3.890963315963745
3.538754940032959,3.5561609268188477,3.892735719680786
3.538754940032959,3.5561609268188477,3.892735719680786
3.5381290912628174,3.5571353435516357,3.895545721054077
3.5387821197509766,3.558011770248413,3.896502733230591
3.5389211177825928,3.5590767860412598,3.8978190422058105
3.5386111736297607,3.5592026710510254,3.8985135555267334
3.53857159614563,3.5595102310180664,3.9002609252929688
3.539001226425171,3.560622215270996,3.9029338359832764
3.539001226425171,3.560622215270996,3.9029338359832764
3.5391430854797363,3.5625858306884766,3.9100852012634277
3.5390818119049072,3.562701940536499,3.9122722148895264
3.538079023361206,3.563270330429077,3.913729190826416
3.5388033390045166,3.5642201900482178,3.915165424346924
3.540040969848633,3.5654022693634033,3.9168412685394287
3.5423638820648193,3.565526247024536,3.915914535522461
3.54294753074646,3.566084146499634,3.9176464080810547
3.54294753074646,3.566084146499634,3.9176464080810547
3.541978597640991,3.5661449432373047,3.9197750091552734
3.541196346282959,3.567270517349243,3.9231319427490234
3.5396294593811035,3.567246198654175,3.9238226413726807
3.5374910831451416,3.56646728515625,3.9256112575531006
3.537001609802246,3.565545082092285,3.926560163497925
3.537473440170288,3.565478563308716,3.926335334777832
3.5366084575653076,3.5657284259796143,3.9272208213806152
3.5366084575653076,3.5657284259796143,3.9272208213806152
3.538379430770874,3.5669243335723877,3.9282238483428955
3.537654161453247,3.5679476261138916,3.9301352500915527
3.536653995513916,3.5683279037475586,3.9307847023010254
3.5345256328582764,3.5682144165039062,3.932394027709961
3.5328526496887207,3.5679619312286377,3.9340896606445312
3.533081293106079,3.568178653717041,3.9348573684692383
3.533081293106079,3.568178653717041,3.9348573684692383
3.534108877182007,3.5682308673858643,3.934211015701294
3.5342791080474854,3.5683178901672363,3.9354443550109863
3.5329861640930176,3.568254232406616,3.936514377593994
3.532878875732422,3.5697288513183594,3.9394123554229736
3.5324971675872803,3.5694971084594727,3.9398562908172607
3.533409833908081,3.570073366165161,3.9414889812469482
3.5334572792053223,3.569370985031128,3.9407284259796143
3.5334572792053223,3.569370985031128,3.9407284259796143
3.5337514877319336,3.568990468978882,3.9421463012695312
3.535106658935547,3.5696706771850586,3.942870616912842
3.5357401371002197,3.5709426403045654,3.9471065998077393
3.535482883453369,3.5713188648223877,3.9468324184417725
3.535367727279663,3.571634531021118,3.9487128257751465
3.536496639251709,3.5718843936920166,3.948838710784912
3.536496639251709,3.5718843936920166,3.948838710784912
3.538910388946533,3.572451114654541,3.949746608734131
3.541318655014038,3.5729997158050537,3.949824810028076
3.545797109603882,3.5744996070861816,3.950563669204712
3.5484724044799805,3.5751888751983643,3.9509899616241455
3.5505895614624023,3.5766453742980957,3.953270673751831
3.5547404289245605,3.57930064201355,3.9552178382873535
3.5655226707458496,3.5833001136779785,3.957566976547241
3.571282148361206,3.585548162460327,3.9577646255493164
3.5724070072174072,3.5860984325408936,3.9566116333007812
3.575108289718628,3.5871634483337402,3.9571828842163086
3.577927827835083,3.58903431892395,3.9572129249572754
3.577927827835083,3.58903431892395,3.9572129249572754
3.5790586471557617,3.5894267559051514,3.95585560798645
3.579692840576172,3.5898211002349854,3.9539361000061035
3.5796468257904053,3.58892560005188,3.9530887603759766
3.5806725025177,3.5892834663391113,3.9540810585021973
3.581677198410034,3.5894689559936523,3.9546492099761963
3.583038091659546,3.589736223220825,3.956303834915161
3.583038091659546,3.589736223220825,3.956303834915161
3.5862953662872314,3.5898611545562744,3.956768274307251
3.587162971496582,3.5892066955566406,3.9565954208374023
3.5867583751678467,3.587294340133667,3.958543539047241
3.5900068283081055,3.587750196456909,3.9655075073242188
3.5887515544891357,3.5872628688812256,3.9654762744903564
3.5912833213806152,3.5870985984802246,3.9664337635040283
3.5927205085754395,3.5868496894836426,3.966700315475464
3.593453884124756,3.585374593734741,3.9659743309020996
3.593453884124756,3.585374593734741,3.9659743309020996
3.594815492630005,3.584280252456665,3.9666709899902344
3.594975233078003,3.5841667652130127,3.9698214530944824
3.596450090408325,3.584333658218384,3.96972393989563
3.5970356464385986,3.5841078758239746,3.9685873985290527
3.597893476486206,3.5837342739105225,3.970104455947876
3.598177909851074,3.582836389541626,3.9721505641937256
3.59729266166687,3.5816617012023926,3.9730119705200195
3.599761486053467,3.5819244384765625,3.9724369049072266
3.60129451751709,3.5816824436187744,3.9701454639434814
3.60129451751709,3.5816824436187744,3.9701454639434814
3.602130889892578,3.581132411956787,3.970698595046997
3.6012377738952637,3.5799977779388428,3.971479654312134
3.5984084606170654,3.5791702270507812,3.975144386291504
3.5969247817993164,3.577562093734741,3.974377155303955
3.595179319381714,3.576432943344116,3.9763550758361816
3.5955142974853516,3.5751328468322754,3.9751691818237305
3.5955142974853516,3.5751328468322754,3.9751691818237305
3.598585844039917,3.574737787246704,3.9735796451568604
3.6001133918762207,3.5748026371002197,3.973961591720581
3.603959798812866,3.575294017791748,3.974802255630493
3.6027495861053467,3.5745768547058105,3.976273775100708
3.6012816429138184,3.573800802230835,3.978666067123413
3.598072052001953,3.571983575820923,3.978471279144287
3.598072052001953,3.571983575820923,3.978471279144287
3.5964558124542236,3.570781707763672,3.9793319702148438
3.595991373062134,3.5704147815704346,3.980419397354126
3.597538471221924,3.5711941719055176,3.9812862873077393
3.598961591720581,3.571953535079956,3.981787919998169
3.5998353958129883,3.5715410709381104,3.9814350605010986
3.5998353958129883,3.5715410709381104,3.9814350605010986
3.6042606830596924,3.5722885131835938,3.979980945587158
3.604747772216797,3.5730843544006348,3.9803478717803955
3.6077780723571777,3.575667381286621,3.981761932373047
3.609093427658081,3.5772016048431396,3.9832963943481445
3.610952615737915,3.577505111694336,3.9831509590148926
3.6128222942352295,3.5777201652526855,3.982698440551758
3.6128222942352295,3.5777201652526855,3.982698440551758
3.6146483421325684,3.5778777599334717,3.9824156761169434
3.6159818172454834,3.5781641006469727,3.9828219413757324
3.617009162902832,3.579535484313965,3.9855926036834717
3.614727258682251,3.579537868499756,3.9872968196868896
3.614396572113037,3.5802061557769775,3.9896938800811768
3.6126668453216553,3.5791397094726562,3.989609718322754
3.6126668453216553,3.5791397094726562,3.989609718322754
3.6124367713928223,3.578519105911255,3.9899418354034424
3.6129934787750244,3.577665090560913,3.9892823696136475
3.615844488143921,3.578352689743042,3.990565299987793
3.6181890964508057,3.578223466873169,3.9896719455718994
3.6183764934539795,3.57806658744812,3.990539073944092
3.616159677505493,3.576040267944336,3.9902076721191406
3.616159677505493,3.576040267944336,3.9902076721191406
3.615114212036133,3.575134038925171,3.9923760890960693
3.6139347553253174,3.5744926929473877,3.995028018951416
3.613713264465332,3.5741398334503174,3.996279239654541
3.612433671951294,3.573918342590332,3.9979488849639893
3.612471103668213,3.574395179748535,3.999539852142334
3.612471103668213,3.574395179748535,3.999539852142334
3.612936496734619,3.5753538608551025,4.001535892486572
3.6126835346221924,3.576014280319214,4.00293493270874
3.6131067276000977,3.5766351222991943,4.003314018249512
3.613844394683838,3.5780351161956787,4.006128787994385
3.6145365238189697,3.5793702602386475,4.008126258850098
3.6157338619232178,3.58052921295166,4.0087456703186035
3.618744134902954,3.5817923545837402,4.009215831756592
3.620548963546753,3.583170175552368,4.009944438934326
3.6213414669036865,3.5840299129486084,4.010831832885742
3.6216766834259033,3.585203170776367,4.0132036209106445
3.6216766834259033,3.585203170776367,4.0132036209106445
3.6220035552978516,3.5868661403656006,4.016892910003662
3.6228299140930176,3.5878047943115234,4.018515110015869
3.6243364810943604,3.5888524055480957,4.019643783569336
3.6244559288024902,3.5887222290039062,4.019804000854492
3.6232833862304688,3.5882256031036377,4.02274227142334
3.6253273487091064,3.589456796646118,4.025164604187012
3.6250569820404053,3.5895912647247314,4.026269912719727
3.6250569820404053,3.5895912647247314,4.026269912719727
3.6248204708099365,3.5908260345458984,4.029130935668945
3.6250252723693848,3.5915727615356445,4.031619548797607
3.6242594718933105,3.5943779945373535,4.034695148468018
3.626185894012451,3.596160411834717,4.036548614501953
3.6279053688049316,3.596590042114258,4.036785125732422
3.6287503242492676,3.596938133239746,4.0377912521362305
3.6287503242492676,3.596938133239746,4.0377912521362305
3.628155469894409,3.59761643409729,4.041782855987549
3.625925064086914,3.597402811050415,4.044471263885498
3.6239824295043945,3.5972468852996826,4.046841144561768
3.623145818710327,3.5975375175476074,4.049118995666504
3.6232571601867676,3.597630500793457,4.050918102264404
3.6243488788604736,3.5980374813079834,4.051423072814941
3.627561092376709,3.599109649658203,4.052189826965332
3.6297800540924072,3.5992190837860107,4.052248477935791
3.6297800540924072,3.5992190837860107,4.052248477935791
3.6325619220733643,3.599043607711792,4.05323600769043
3.6322953701019287,3.598600387573242,4.054708957672119
3.629626750946045,3.598726749420166,4.059130668640137
3.6273813247680664,3.599205732345581,4.063350200653076
3.6279337406158447,3.601134777069092,4.068396091461182
3.6263105869293213,3.600338935852051,4.067107200622559
3.6263105869293213,3.600338935852051,4.067107200622559
3.6273293495178223,3.60052752494812,4.068276405334473
3.628567934036255,3.6007838249206543,4.068761825561523
3.6300017833709717,3.601541757583618,4.071788311004639
3.629518747329712,3.6026148796081543,4.072510242462158
3.630103826522827,3.604287624359131,4.076015949249268
3.6298234462738037,3.6047165393829346,4.075418949127197
3.6298234462738037,3.6047165393829346,4.075418949127197
3.629871368408203,3.604740858078003,4.075529098510742
3.630335569381714,3.6047210693359375,4.073712348937988
3.6300694942474365,3.605327844619751,4.075286388397217
3.6290900707244873,3.6057815551757812,4.075838565826416
3.6279942989349365,3.6063201427459717,4.077969074249268
3.6279942989349365,3.6063201427459717,4.077969074249268
3.626495838165283,3.6068875789642334,4.079073905944824
3.6280715465545654,3.6078219413757324,4.080317497253418
3.630103826522827,3.608410120010376,4.0807061195373535
3.6310813426971436,3.608609437942505,4.081256866455078
3.6288297176361084,3.607560396194458,4.082072734832764
3.6285135746002197,3.605647325515747,4.080467700958252
3.6297879219055176,3.6034698486328125,4.077869415283203
3.6292953491210938,3.6026484966278076,4.07872200012207
3.6292953491210938,3.6026484966278076,4.07872200012207
3.6320643424987793,3.604724884033203,4.081130027770996
3.634368896484375,3.606384754180908,4.0814924240112305
3.640030860900879,3.609010696411133,4.083279609680176
3.64090895652771,3.6093590259552,4.081900119781494
3.641864538192749,3.610262155532837,4.083395957946777
3.641864538192749,3.610262155532837,4.083395957946777
3.641822099685669,3.6103341579437256,4.083559036254883
3.640181064605713,3.6113228797912598,4.087770462036133
3.638690233230591,3.6119017601013184,4.08997106552124
3.6398470401763916,3.613687515258789,4.092937469482422
3.6419215202331543,3.613705635070801,4.092626094818115
3.6425600051879883,3.6140496730804443,4.094259738922119
3.6425600051879883,3.6140496730804443,4.094259738922119
3.640493869781494,3.614426612854004,4.099369049072266
3.638679265975952,3.6152215003967285,4.10345458984375
3.6371350288391113,3.6157007217407227,4.105217933654785
3.636862277984619,3.616393804550171,4.106744289398193
3.636934280395508,3.616543769836426,4.106750011444092
3.6382107734680176,3.6169087886810303,4.107216835021973
3.639723300933838,3.618095874786377,4.108791351318359
3.6409237384796143,3.6191165447235107,4.109757900238037
3.6394472122192383,3.6190876960754395,4.111424446105957
3.638326644897461,3.6195082664489746,4.114378452301025
3.638326644897461,3.6195082664489746,4.114378452301025
3.636831283569336,3.6209826469421387,4.119350433349609
3.6364355087280273,3.6214821338653564,4.120619297027588
3.6382720470428467,3.622539758682251,4.12150239944458
3.6392364501953125,3.624190092086792,4.1236371994018555
3.6396141052246094,3.6256442070007324,4.126579761505127
3.6393353939056396,3.627002716064453,4.128233432769775
3.637587785720825,3.627401351928711,4.1299872398376465
3.637913942337036,3.628124713897705,4.130802154541016
3.637913942337036,3.628124713897705,4.130802154541016
3.6375694274902344,3.6279666423797607,4.131507873535156
3.6379668712615967,3.6287262439727783,4.131698131561279
3.6386618614196777,3.6294333934783936,4.133319854736328
3.6376702785491943,3.6293816566467285,4.133115291595459
3.636788845062256,3.628988265991211,4.134803771972656
3.6344809532165527,3.628182888031006,4.135477542877197
3.633314847946167,3.628023624420166,4.136931896209717
3.633314847946167,3.628023624420166,4.136931896209717
3.633876323699951,3.628671884536743,4.13807487487793
3.6343584060668945,3.6299593448638916,4.139707088470459
3.6354281902313232,3.630235433578491,4.138862133026123
3.633716583251953,3.6298534870147705,4.139585494995117
3.6320388317108154,3.629401922225952,4.140305519104004
3.6307640075683594,3.629549741744995,4.141539573669434
3.631202220916748,3.630765438079834,4.142481327056885
3.632204055786133,3.6314926147460938,4.142864227294922
3.632204055786133,3.6314926147460938,4.142864227294922
3.6326956748962402,3.6321921348571777,4.143239974975586
3.6341288089752197,3.633316993713379,4.143488883972168
3.634801149368286,3.6343941688537598,4.1444196701049805
3.634831428527832,3.6353490352630615,4.145031452178955
3.6342008113861084,3.6364104747772217,4.147251129150391
3.632319927215576,3.636303424835205,4.148856163024902
3.631223678588867,3.6372106075286865,4.151547908782959
3.630201578140259,3.637453317642212,4.152271270751953
3.630201578140259,3.637453317642212,4.152271270751953
3.63167667388916,3.63869309425354,4.153548240661621
3.63167405128479,3.6381278038024902,4.153237819671631
3.6305222511291504,3.638659954071045,4.156152248382568
3.6293959617614746,3.6382205486297607,4.1563544273376465
3.6292810440063477,3.6396820545196533,4.159342288970947
3.6292803287506104,3.6405019760131836,4.159658908843994
3.631057024002075,3.6413733959198,4.160654067993164
3.631057024002075,3.6413733959198,4.160654067993164
3.6317739486694336,3.6413938999176025,4.159872531890869
3.6330320835113525,3.6423332691192627,4.161081314086914
3.6330180168151855,3.6428122520446777,4.161264419555664
3.63307523727417,3.6436922550201416,4.163290500640869
3.6321208477020264,3.6446475982666016,4.165623664855957
3.6315503120422363,3.645442485809326,4.1674041748046875
3.6319897174835205,3.6459667682647705,4.167529106140137
3.6331019401550293,3.646178722381592,4.168088912963867
3.6331019401550293,3.646178722381592,4.168088912963867
3.6337008476257324,3.6457786560058594,4.168288707733154
3.6345887184143066,3.6458940505981445,4.169081687927246
3.633993148803711,3.6457533836364746,4.171085357666016
3.6337928771972656,3.646336793899536,4.172818183898926
3.6340205669403076,3.6478264331817627,4.175559997558594
3.6341638565063477,3.648707628250122,4.176000118255615
3.6354990005493164,3.64900279045105,4.1754655838012695
3.6354990005493164,3.64900279045105,4.1754655838012695
3.635272264480591,3.6494102478027344,4.175621509552002
3.635908842086792,3.650014638900757,4.176840782165527
3.6351211071014404,3.649923086166382,4.176809787750244
3.6355602741241455,3.6508166790008545,4.178873538970947
3.63535213470459,3.6509549617767334,4.1776652336120605
3.63535213470459,3.6509549617767334,4.1776652336120605
3.6341135501861572,3.651685953140259,4.180636405944824
3.63340425491333,3.6521494388580322,4.17988920211792
3.6336777210235596,3.652869939804077,4.180935859680176
3.634351968765259,3.6524713039398193,4.179259777069092
3.634503126144409,3.6528239250183105,4.179876804351807
3.6332907676696777,3.652674436569214,4.179888725280762
3.632032871246338,3.652953863143921,4.181615829467773
3.6312143802642822,3.6526968479156494,4.181020736694336
3.6317999362945557,3.6532609462738037,4.181598663330078
3.6317999362945557,3.6532609462738037,4.181598663330078
3.632741928100586,3.6534030437469482,4.181107997894287
3.6325998306274414,3.653864622116089,4.181596755981445
3.633798599243164,3.6547231674194336,4.182020664215088
3.6341476440429688,3.655609130859375,4.18256950378418
3.6339974403381348,3.6556596755981445,4.182522773742676
3.632983446121216,3.6555495262145996,4.183787822723389
3.6314806938171387,3.654756546020508,4.18513298034668
3.630397319793701,3.6546471118927,4.185709476470947
3.6303703784942627,3.654644012451172,4.185744762420654
3.6303703784942627,3.654644012451172,4.185744762420654
3.6310555934906006,3.6542186737060547,4.185230255126953
3.6319284439086914,3.6536242961883545,4.183825492858887
3.630478858947754,3.6550843715667725,4.186462879180908
3.6284945011138916,3.6552622318267822,4.188807010650635
3.6259071826934814,3.6555123329162598,4.191093921661377
3.624868392944336,3.6566758155822754,4.194119930267334
3.624488115310669,3.6575746536254883,4.194403171539307
3.62518310546875,3.6586475372314453,4.195647716522217
3.6256420612335205,3.6596271991729736,4.197598457336426
3.626601457595825,3.6595311164855957,4.197268486022949
3.6266114711761475,3.6595709323883057,4.198918342590332
3.6266114711761475,3.6595709323883057,4.198918342590332
3.6237010955810547,3.658640146255493,4.200770854949951
3.620572805404663,3.658379316329956,4.203658103942871
3.617436170578003,3.658461332321167,4.2068257331848145
3.616905927658081,3.6590685844421387,4.2080841064453125
3.618000030517578,3.6600310802459717,4.208797931671143
3.6202924251556396,3.660773277282715,4.20779275894165
3.6202924251556396,3.660773277282715,4.20779275894165
3.6212449073791504,3.6608874797821045,4.207123279571533
3.6199381351470947,3.660686492919922,4.207916736602783
3.6194398403167725,3.660703182220459,4.208917617797852
3.619621992111206,3.6616697311401367,4.210028648376465
3.621042251586914,3.662571907043457,4.21015739440918
3.623575448989868,3.6633973121643066,4.209409236907959
3.62443208694458,3.6634163856506348,4.208117961883545
3.62443208694458,3.6634163856506348,4.208117961883545
3.6257755756378174,3.664001703262329,4.208430767059326
3.624689817428589,3.664168357849121,4.20875883102417
3.624074697494507,3.664893388748169,4.210646152496338
3.6234517097473145,3.6652116775512695,4.210862636566162
3.6234781742095947,3.666226387023926,4.212730884552002
3.6238460540771484,3.6668648719787598,4.212411403656006
3.6257596015930176,3.667968273162842,4.2124786376953125
3.6257596015930176,3.667968273162842,4.2124786376953125
3.626952648162842,3.6684422492980957,4.212366104125977
3.628115653991699,3.6695728302001953,4.213320732116699
3.6262738704681396,3.6700007915496826,4.2152791023254395
3.625127077102661,3.6708288192749023,4.2175164222717285
3.624882698059082,3.670839309692383,4.217185974121094
3.6255857944488525,3.671433210372925,4.217653274536133
3.6255857944488525,3.671433210372925,4.217653274536133
3.6270594596862793,3.671539068222046,4.217032432556152
3.6281399726867676,3.6718204021453857,4.216734886169434
3.6291747093200684,3.6722233295440674,4.216254711151123
3.6296470165252686,3.672821044921875,4.216856956481934
3.628601551055908,3.6731324195861816,4.217659950256348
3.62799072265625,3.673143148422241,4.218634605407715
3.62799072265625,3.673143148422241,4.218634605407715
3.626631259918213,3.6729776859283447,4.2194294929504395
3.6279189586639404,3.6732420921325684,4.219470024108887
3.6298694610595703,3.6734390258789062,4.218507289886475
3.6311166286468506,3.67414927482605,4.218625068664551
3.632131814956665,3.6749911308288574,4.2195000648498535
3.6301443576812744,3.674772024154663,4.219902992248535
3.629366397857666,3.675302267074585,4.222187519073486
3.627875328063965,3.676173210144043,4.223777770996094
3.627875328063965,3.676173210144043,4.223777770996094
3.628777503967285,3.67752742767334,4.22559928894043
3.6297309398651123,3.6777703762054443,4.225164890289307
3.6314926147460938,3.678159236907959,4.225214004516602
3.6331984996795654,3.6792280673980713,4.225319862365723
3.633526086807251,3.679051637649536,4.225725173950195
3.6327478885650635,3.6792125701904297,4.22642707824707
3.629943370819092,3.678314447402954,4.228158473968506
3.6284549236297607,3.679363250732422,4.2310380935668945
3.6271491050720215,3.67946457862854,4.2329583168029785
3.6275010108947754,3.6800737380981445,4.233489513397217
3.628901243209839,3.68007493019104,4.232990741729736
3.628901243209839,3.68007493019104,4.232990741729736
3.629426956176758,3.679966688156128,4.232580661773682
3.6307179927825928,3.680199384689331,4.232799053192139
3.6316497325897217,3.6816611289978027,4.234736919403076
3.632067918777466,3.6826260089874268,4.235747337341309
3.632113456726074,3.6826014518737793,4.235535621643066
3.632094383239746,3.6822869777679443,4.2358503341674805
3.6323423385620117,3.6822524070739746,4.236283302307129
3.6323423385620117,3.6822524070739746,4.236283302307129
3.63327693939209,3.682370901107788,4.236196517944336
3.6344985961914062,3.682661294937134,4.236280918121338
3.633894205093384,3.6820778846740723,4.236167907714844
3.6328799724578857,3.6817378997802734,4.236966133117676
3.63281512260437,3.6812286376953125,4.236812591552734
3.632314682006836,3.6807663440704346,4.237174034118652
3.632314682006836,3.6807663440704346,4.237174034118652
3.632877826690674,3.6802241802215576,4.2367634773254395
3.632345676422119,3.6803665161132812,4.238503456115723
3.630983829498291,3.680102825164795,4.238392353057861
3.6295077800750732,3.6801598072052,4.2408905029296875
3.627593755722046,3.679961919784546,4.241337299346924
3.6274242401123047,3.6803126335144043,4.242244243621826
3.62834095954895,3.680239200592041,4.240395545959473
3.62834095954895,3.680239200592041,4.240395545959473
3.631540536880493,3.6803393363952637,4.238239288330078
3.63299560546875,3.681227684020996,4.238049507141113
3.6338722705841064,3.6824066638946533,4.2391743659973145
3.6331355571746826,3.682594060897827,4.239205837249756
3.632391929626465,3.6824324131011963,4.239670753479004
3.6307730674743652,3.6818885803222656,4.239269256591797
3.6307730674743652,3.6818885803222656,4.239269256591797
3.631427526473999,3.6819114685058594,4.239142894744873
3.6329145431518555,3.682598352432251,4.238006114959717
3.63401460647583,3.6833338737487793,4.238095760345459
3.634536027908325,3.6841256618499756,4.239386558532715
3.63482666015625,3.6847238540649414,4.239537239074707
3.63482666015625,3.6847238540649414,4.239537239074707
3.6345102787017822,3.6851532459259033,4.239598274230957
3.635312080383301,3.685234308242798,4.239607334136963
3.6362242698669434,3.685184955596924,4.238430976867676
3.6367805004119873,3.6852545738220215,4.237548351287842
3.6375744342803955,3.6855244636535645,4.237671852111816
3.638517141342163,3.6859989166259766,4.237780570983887
3.638517141342163,3.6859989166259766,4.237780570983887
3.6384663581848145,3.6865365505218506,4.238470554351807
3.637943744659424,3.6865475177764893,4.239270210266113
3.6374757289886475,3.6862967014312744,4.239938735961914
3.6373183727264404,3.6860597133636475,4.241154193878174
3.637660264968872,3.686206579208374,4.24228572845459
3.636751890182495,3.686066150665283,4.242164611816406
3.6367571353912354,3.686202049255371,4.242886543273926
3.636458158493042,3.686506509780884,4.243923664093018
3.638096570968628,3.6874868869781494,4.244624137878418
3.640857696533203,3.688706159591675,4.244504928588867
3.6425318717956543,3.689483165740967,4.244489669799805
3.6425318717956543,3.689483165740967,4.244489669799805
3.642948627471924,3.690674066543579,4.245797157287598
3.643071413040161,3.6915040016174316,4.246800899505615
3.6419878005981445,3.692080020904541,4.247722148895264
3.641407012939453,3.692873001098633,4.24939489364624
3.640460968017578,3.692715644836426,4.24981164932251
3.639366865158081,3.6929080486297607,4.251128196716309
3.639366865158081,3.6929080486297607,4.251128196716309
3.638880491256714,3.692931890487671,4.251892566680908
3.639765977859497,3.693408489227295,4.252784252166748
3.6404597759246826,3.693962335586548,4.253635406494141
3.639986276626587,3.6937623023986816,4.253833293914795
3.638699769973755,3.693026542663574,4.255080223083496
3.638699769973755,3.693026542663574,4.255080223083496
3.637075424194336,3.6929116249084473,4.256301403045654
3.636152744293213,3.6932342052459717,4.257678031921387
3.635347366333008,3.692871570587158,4.256899356842041
3.635387659072876,3.691828966140747,4.256162643432617
3.6353800296783447,3.6918606758117676,4.255519390106201
3.6353209018707275,3.6911423206329346,4.255259037017822
3.6353209018707275,3.6911423206329346,4.255259037017822
3.6355581283569336,3.691307783126831,4.254269599914551
3.6340456008911133,3.6916182041168213,4.2560577392578125
3.632827043533325,3.691591262817383,4.257476806640625
3.631096601486206,3.691803216934204,4.259929180145264
3.6303184032440186,3.691497564315796,4.259318828582764
3.630758285522461,3.6913821697235107,4.2586565017700195
3.630758285522461,3.6913821697235107,4.2586565017700195
3.6301443576812744,3.6904985904693604,4.257643222808838
3.6300747394561768,3.6902778148651123,4.258510112762451
3.6289830207824707,3.691348075866699,4.261209487915039
3.6286206245422363,3.692201852798462,4.262847900390625
3.627448081970215,3.691800594329834,4.263406276702881
3.6264381408691406,3.6913933753967285,4.264094352722168
3.6264381408691406,3.6913933753967285,4.264094352722168
3.626685380935669,3.691314220428467,4.264150619506836
3.6276090145111084,3.691502571105957,4.263366222381592
3.6294381618499756,3.6919615268707275,4.262233734130859
3.6295089721679688,3.692051410675049,4.262095928192139
3.6288998126983643,3.6920828819274902,4.262905120849609
3.628236770629883,3.6921651363372803,4.2633867263793945
3.6283011436462402,3.6928226947784424,4.264288902282715
3.6298136711120605,3.6933608055114746,4.264231204986572
3.6298136711120605,3.6933608055114746,4.264231204986572
3.6308350563049316,3.69355845451355,4.263797283172607
3.6306447982788086,3.693575620651245,4.2648749351501465
3.6308140754699707,3.6938159465789795,4.265635013580322
3.63067626953125,3.6935925483703613,4.265279293060303
3.6319963932037354,3.693979024887085,4.265304088592529
3.6319963932037354,3.693979024887085,4.265304088592529
3.6346921920776367,3.6947126388549805,4.264062881469727
3.638209819793701,3.6965551376342773,4.265022277832031
3.64005446434021,3.6980667114257812,4.265417098999023
3.6404647827148438,3.6995115280151367,4.267645359039307
3.63855242729187,3.6997697353363037,4.2692952156066895
3.637277841567993,3.700026750564575,4.27078104019165
3.637277841567993,3.700026750564575,4.27078104019165
3.636986017227173,3.6994285583496094,4.270545482635498
3.6379354000091553,3.6994192600250244,4.2701263427734375
3.6395318508148193,3.6995973587036133,4.269434928894043
3.6405186653137207,3.7001571655273438,4.27004337310791
3.639700174331665,3.7007622718811035,4.271769046783447
3.639700174331665,3.7007622718811035,4.271769046783447
3.63822865486145,3.7011308670043945,4.274116516113281
3.638294219970703,3.7017509937286377,4.277833461761475
3.63702654838562,3.701171398162842,4.278115749359131
3.6361355781555176,3.700587749481201,4.277756690979004
3.6364989280700684,3.7010533809661865,4.277697563171387
3.637619972229004,3.7025012969970703,4.279178619384766
3.6382999420166016,3.7039425373077393,4.280219078063965
3.6379852294921875,3.704195737838745,4.280900955200195
3.6379852294921875,3.704195737838745,4.280900955200195
3.637085199356079,3.704324245452881,4.281871318817139
3.637298822402954,3.704576253890991,4.282508850097656
3.6372928619384766,3.704946994781494,4.283113956451416
3.6383869647979736,3.705585479736328,4.283806800842285
3.637773275375366,3.7059326171875,4.283576488494873
3.637773275375366,3.7059326171875,4.283576488494873
3.637054920196533,3.705782413482666,4.284129619598389
3.6361610889434814,3.705667018890381,4.2846503257751465
3.634813070297241,3.705766439437866,4.286370754241943
3.6347036361694336,3.7054688930511475,4.285898685455322
3.634406328201294,3.7051820755004883,4.286349296569824
3.6346678733825684,3.7047536373138428,4.286418914794922
3.6346678733825684,3.7047536373138428,4.286418914794922
3.6360042095184326,3.7051467895507812,4.287200927734375
3.636356830596924,3.7045717239379883,4.287569522857666
3.6348721981048584,3.703930616378784,4.289859771728516
3.6330695152282715,3.7034037113189697,4.291515350341797
3.6315345764160156,3.7030766010284424,4.2926483154296875
3.6315345764160156,3.7030766010284424,4.2926483154296875
3.6303648948669434,3.702655553817749,4.293230056762695
3.631253480911255,3.7028627395629883,4.293051242828369
3.632370710372925,3.7027599811553955,4.291800022125244
3.6322405338287354,3.702611207962036,4.291689395904541
3.6305155754089355,3.7026429176330566,4.294146537780762
3.628385305404663,3.7031564712524414,4.296020030975342
3.628385305404663,3.7031564712524414,4.296020030975342
3.628141164779663,3.7046310901641846,4.298331260681152
3.627368211746216,3.704216241836548,4.296990394592285
3.6289422512054443,3.704784631729126,4.297515869140625
3.6300201416015625,3.706502914428711,4.298527717590332
3.631171226501465,3.707902193069458,4.299901008605957
3.6314916610717773,3.708620548248291,4.300235748291016
3.6314916610717773,3.708620548248291,4.300235748291016
3.6322579383850098,3.7089831829071045,4.300584316253662
3.6323325634002686,3.7086682319641113,4.300605773925781
3.632624387741089,3.7089178562164307,4.301480293273926
3.633375406265259,3.7094199657440186,4.300775051116943
3.6339123249053955,3.710188388824463,4.302163600921631
3.6347732543945312,3.710357666015625,4.30171012878418
3.6347732543945312,3.710357666015625,4.30171012878418
3.63642954826355,3.7107386589050293,4.30148983001709
3.6357572078704834,3.710526704788208,4.302356719970703
3.6352615356445312,3.710646867752075,4.3037519454956055
3.634906053543091,3.7111494541168213,4.3046722412109375
3.634847402572632,3.711228370666504,4.3047261238098145
3.634904384613037,3.7102136611938477,4.30335807800293
3.6353096961975098,3.709782361984253,4.302937030792236
3.6351420879364014,3.710101842880249,4.303907871246338
3.63529109954834,3.710257053375244,4.30399751663208
3.63529109954834,3.710257053375244,4.30399751663208
3.6347906589508057,3.710636615753174,4.305192947387695
3.634068489074707,3.710543632507324,4.306056976318359
3.6330628395080566,3.709291458129883,4.3052978515625
3.6320881843566895,3.7083170413970947,4.304708003997803
3.6329336166381836,3.7081849575042725,4.304032802581787
3.6329336166381836,3.7081849575042725,4.304032802581787
3.6326920986175537,3.70809006690979,4.303433895111084
3.6346964836120605,3.7100865840911865,4.305782794952393
3.6344566345214844,3.709540367126465,4.303962230682373
3.6337950229644775,3.7101593017578125,4.305971622467041
3.6325740814208984,3.709256887435913,4.3050079345703125
3.632420063018799,3.709308624267578,4.306312084197998
3.632594108581543,3.7089459896087646,4.305642604827881
3.632594108581543,3.7089459896087646,4.305642604827881
3.6331114768981934,3.709414005279541,4.306487560272217
3.6323745250701904,3.708935499191284,4.3072028160095215
3.6320767402648926,3.708951473236084,4.309504985809326
3.6318700313568115,3.7098796367645264,4.314004421234131
3.6327764987945557,3.710618734359741,4.315444469451904
3.6331870555877686,3.7107741832733154,4.315426349639893
3.6351404190063477,3.7112512588500977,4.314761161804199
3.636922836303711,3.712083339691162,4.313940525054932
3.636922836303711,3.712083339691162,4.313940525054932
3.6354727745056152,3.7122836112976074,4.314918041229248
3.6338648796081543,3.712468147277832,4.316159725189209
3.632739782333374,3.7125911712646484,4.317259311676025
3.6321933269500732,3.712925672531128,4.318034648895264
3.6315574645996094,3.713059902191162,4.318763256072998
3.6307616233825684,3.7136216163635254,4.321119785308838
3.6307616233825684,3.7136216163635254,4.321119785308838
3.6316137313842773,3.714794635772705,4.323366641998291
3.632749080657959,3.7161097526550293,4.32534646987915
3.6332666873931885,3.716838836669922,4.326235294342041
3.6335718631744385,3.717869758605957,4.329212665557861
3.633517265319824,3.7180683612823486,4.329296588897705
3.6337273120880127,3.7184865474700928,4.33030891418457
3.633726119995117,3.7181146144866943,4.330364227294922
3.632646083831787,3.7174274921417236,4.331730365753174
3.632646083831787,3.7174274921417236,4.331730365753174
3.6315841674804688,3.717285394668579,4.333193302154541
3.6313178539276123,3.7177236080169678,4.334650993347168
3.6310153007507324,3.7174155712127686,4.334941387176514
3.6315693855285645,3.7168784141540527,4.334845066070557
3.633124589920044,3.7169156074523926,4.333896636962891
3.6328070163726807,3.7168688774108887,4.334678649902344
3.6316497325897217,3.7166476249694824,4.336327075958252
3.630032539367676,3.7168524265289307,4.339115619659424
3.630032539367676,3.7168524265289307,4.339115619659424
3.6298789978027344,3.717524290084839,4.340001106262207
3.6301324367523193,3.718421697616577,4.340466022491455
3.6301276683807373,3.718841075897217,4.3400187492370605
3.631258487701416,3.71962833404541,4.340444087982178
3.631859064102173,3.7207682132720947,4.341782093048096
3.632134437561035,3.7216992378234863,4.342090606689453
3.6310415267944336,3.721999168395996,4.343408107757568
3.6310415267944336,3.721999168395996,4.343408107757568
3.630211591720581,3.722111940383911,4.344456672668457
3.6306686401367188,3.723001003265381,4.345165729522705
3.6311285495758057,3.7236478328704834,4.345954418182373
3.6320576667785645,3.7244503498077393,4.346818447113037
3.633568286895752,3.7248713970184326,4.345499515533447
3.6344194412231445,3.725308418273926,4.3451409339904785
3.63382887840271,3.7252583503723145,4.346105098724365
3.63382887840271,3.7252583503723145,4.346105098724365
3.6319735050201416,3.725938558578491,4.349754810333252
3.629648208618164,3.7253737449645996,4.350610256195068
3.630232095718384,3.726422071456909,4.352597236633301
3.6317641735076904,3.726999282836914,4.351503849029541
3.633343458175659,3.727492332458496,4.351018905639648
3.6342644691467285,3.7279162406921387,4.350755214691162
3.635087251663208,3.7287328243255615,4.35167932510376
3.635087251663208,3.7287328243255615,4.35167932510376
3.6337735652923584,3.7286453247070312,4.352062702178955
3.632251501083374,3.7279469966888428,4.35378885269165
3.6321182250976562,3.727485179901123,4.353388786315918
3.6327431201934814,3.728104829788208,4.353809356689453
3.635667324066162,3.7291479110717773,4.353689670562744
3.637901544570923,3.7301173210144043,4.353799343109131
3.6387147903442383,3.730151891708374,4.353550910949707
3.6388180255889893,3.729875087738037,4.354462146759033
3.6388180255889893,3.729875087738037,4.354462146759033
3.637558937072754,3.7294435501098633,4.356111526489258
3.6372623443603516,3.7296388149261475,4.357678413391113
3.6376230716705322,3.7308051586151123,4.359924793243408
3.6379823684692383,3.731529474258423,4.36005973815918
3.640045642852783,3.7322020530700684,4.359723091125488
3.641005516052246,3.733008861541748,4.359658241271973
3.641005516052246,3.733008861541748,4.359658241271973
3.64176869392395,3.733395576477051,4.360190391540527
3.6409268379211426,3.7334675788879395,4.36053991317749
3.639443874359131,3.7339577674865723,4.363662242889404
3.63920521736145,3.7350142002105713,4.364993095397949
3.639437675476074,3.736117124557495,4.3670654296875
3.6401774883270264,3.736239433288574,4.366400718688965
3.641270160675049,3.7364065647125244,4.366629600524902
3.641270160675049,3.7364065647125244,4.366629600524902
3.6405189037323,3.737621545791626,4.36668062210083
3.638420343399048,3.737725019454956,4.368430137634277
3.636333703994751,3.7386341094970703,4.3708906173706055
3.635861396789551,3.739201784133911,4.3715901374816895
3.6357874870300293,3.7394790649414062,4.371386528015137
3.637770652770996,3.740553379058838,4.371725559234619
3.639366865158081,3.7413313388824463,4.3737592697143555
3.6400792598724365,3.741835355758667,4.37520170211792
3.6400792598724365,3.741835355758667,4.37520170211792
3.6405653953552246,3.741997480392456,4.375426292419434
3.6411867141723633,3.7429280281066895,4.377227783203125
3.640655755996704,3.743525266647339,4.379790306091309
3.640331745147705,3.743603229522705,4.38087797164917
3.639995574951172,3.7431368827819824,4.381343364715576
3.6397452354431152,3.743011951446533,4.380776882171631
3.6397452354431152,3.743011951446533,4.380776882171631
3.6402854919433594,3.7426955699920654,4.380385875701904
3.639791488647461,3.7428841590881348,4.379617214202881
3.6393375396728516,3.743232488632202,4.380782604217529
3.6388707160949707,3.744338035583496,4.382132053375244
3.6382944583892822,3.7447752952575684,4.383490085601807
3.6382944583892822,3.7447752952575684,4.383490085601807
3.6389384269714355,3.7452609539031982,4.382794380187988
3.6403138637542725,3.745502233505249,4.382450580596924
3.64064884185791,3.7460145950317383,4.3821868896484375
3.642075300216675,3.7468039989471436,4.3826823234558105
3.641765594482422,3.747802495956421,4.383060932159424
3.641765594482422,3.747802495956421,4.383060932159424
3.642143964767456,3.7480671405792236,4.383744716644287
3.6406660079956055,3.748424768447876,4.38455057144165
3.640766143798828,3.7496092319488525,4.386072635650635
3.6398565769195557,3.7495174407958984,4.384523391723633
3.640129804611206,3.7496156692504883,4.384866714477539
3.6406733989715576,3.7501027584075928,4.386875152587891
3.640852689743042,3.7511157989501953,4.388254165649414
3.640852689743042,3.7511157989501953,4.388254165649414
3.641800880432129,3.7518932819366455,4.388960361480713
3.641892433166504,3.7521634101867676,4.38935661315918
3.64288592338562,3.7521488666534424,4.388871669769287
3.642836809158325,3.752685308456421,4.389632225036621
3.6446614265441895,3.753929376602173,4.390262126922607
3.6455132961273193,3.7545528411865234,4.390018939971924
3.645547866821289,3.7551286220550537,4.390834808349609
3.645547866821289,3.7551286220550537,4.390834808349609
3.6454687118530273,3.7551262378692627,4.389748573303223
3.645951271057129,3.755626916885376,4.39028263092041
3.6464719772338867,3.755476713180542,4.388843059539795
3.6473641395568848,3.7558164596557617,4.388277053833008
3.6476151943206787,3.7555902004241943,4.388191223144531
3.6476151943206787,3.7555902004241943,4.388191223144531
3.6480727195739746,3.7558231353759766,4.388965129852295
3.648268461227417,3.756018877029419,4.389341831207275
3.6500701904296875,3.757615089416504,4.39011812210083
3.6509768962860107,3.757751941680908,4.389892578125
3.6516518592834473,3.7586872577667236,4.390837669372559
3.651721715927124,3.7588536739349365,4.3919267654418945
3.651721715927124,3.7588536739349365,4.3919267654418945
3.652024507522583,3.7589614391326904,4.392637252807617
3.6511011123657227,3.758660316467285,4.393186092376709
3.650350332260132,3.7579429149627686,4.393847465515137
3.649635076522827,3.757795572280884,4.394712924957275
3.649204969406128,3.7574622631073,4.395473480224609
3.6493163108825684,3.757265329360962,4.395047664642334
3.6493163108825684,3.757265329360962,4.395047664642334
3.649179220199585,3.7572126388549805,4.39470911026001
3.647800922393799,3.7573604583740234,4.394266128540039
3.647461414337158,3.757561683654785,4.395544052124023
3.6463334560394287,3.757786989212036,4.395689964294434
3.6463022232055664,3.757563352584839,4.395453929901123
3.645496129989624,3.7571442127227783,4.394973278045654
3.645496129989624,3.7571442127227783,4.394973278045654
3.645524501800537,3.757037878036499,4.394774913787842
3.645557403564453,3.7574782371520996,4.395214557647705
3.6450729370117188,3.757051944732666,4.394777774810791
3.6425015926361084,3.756080150604248,4.395797252655029
3.6399059295654297,3.7552311420440674,4.396636486053467
3.6378753185272217,3.7547645568847656,4.397915363311768
3.6378753185272217,3.7547645568847656,4.397915363311768
3.637327194213867,3.7540221214294434,4.397197723388672
3.6380157470703125,3.754140615463257,4.397686004638672
3.637451410293579,3.75355863571167,4.397939682006836
3.6369283199310303,3.7536163330078125,4.398988723754883
3.638104200363159,3.7541089057922363,4.399547100067139
3.6395459175109863,3.7552542686462402,4.400650978088379
3.6404025554656982,3.7555902004241943,4.40067720413208
3.6404025554656982,3.7555902004241943,4.40067720413208
3.6395506858825684,3.7557499408721924,4.402255535125732
3.6385371685028076,3.755683422088623,4.403355598449707
3.638334274291992,3.755981206893921,4.404459476470947
3.637080669403076,3.7564265727996826,4.404745101928711
3.6372017860412598,3.756601572036743,4.405558109283447
3.6372017860412598,3.756601572036743,4.405558109283447
3.6368179321289062,3.7569756507873535,4.406312465667725
3.6380341053009033,3.7576558589935303,4.406315326690674
3.640209197998047,3.758749008178711,4.4060959815979
3.6409242153167725,3.7595887184143066,4.406187057495117
3.640289068222046,3.7597923278808594,4.406558036804199
3.6401546001434326,3.760132312774658,4.4068779945373535
3.6401546001434326,3.760132312774658,4.4068779945373535
3.639759063720703,3.760805606842041,4.407841205596924
3.6408910751342773,3.7620317935943604,4.408334732055664
3.6431939601898193,3.763395309448242,4.40791654586792
3.6456472873687744,3.76434588432312,4.407491683959961
3.646838903427124,3.7650110721588135,4.407782077789307
3.6472270488739014,3.7659759521484375,4.407918930053711
3.6472270488739014,3.7659759521484375,4.407918930053711
3.647923469543457,3.7670371532440186,4.408705711364746
3.6492908000946045,3.7677531242370605,4.4082489013671875
3.649256706237793,3.7682502269744873,4.408966541290283
3.6514320373535156,3.768853187561035,4.408697128295898
3.6528122425079346,3.768784284591675,4.407660007476807
3.6539011001586914,3.7687771320343018,4.407766342163086
3.6539011001586914,3.7687771320343018,4.407766342163086
3.654153823852539,3.7687437534332275,4.407904624938965
3.6525020599365234,3.768568277359009,4.409655570983887
3.6528854370117188,3.769597291946411,4.411588668823242
3.653083562850952,3.7700061798095703,4.411048412322998
3.654078245162964,3.7705376148223877,4.4113569259643555
3.654449224472046,3.77089786529541,4.410610198974609
3.6544477939605713,3.771277666091919,4.410984992980957
3.655350923538208,3.772205114364624,4.4113450050354
3.6555099487304688,3.7732152938842773,4.412511348724365
3.655945301055908,3.77414870262146,4.413519859313965
3.654404640197754,3.7740478515625,4.414815425872803
3.6547839641571045,3.77441668510437,4.415219306945801
3.6547839641571045,3.77441668510437,4.415219306945801
3.656358242034912,3.7750003337860107,4.415125370025635
3.660043239593506,3.775630235671997,4.414082050323486
3.661721706390381,3.7762649059295654,4.4140944480896
3.66316294670105,3.7765986919403076,4.414548397064209
3.66316294670105,3.7765986919403076,4.414548397064209
3.6634297370910645,3.7765891551971436,4.415643692016602
3.6623075008392334,3.776543617248535,4.4176130294799805
3.662144184112549,3.776123046875,4.417990207672119
3.6615777015686035,3.775087356567383,4.418446063995361
3.6607823371887207,3.7748405933380127,4.418792247772217
3.660874605178833,3.7740817070007324,4.418950080871582
3.6607091426849365,3.775073528289795,4.418878078460693
3.6607091426849365,3.775073528289795,4.418878078460693
3.6612043380737305,3.774967908859253,4.4196648597717285
3.6585023403167725,3.7750937938690186,4.4178080558776855
3.657245635986328,3.7745206356048584,4.418905258178711
3.655844211578369,3.7742786407470703,4.4191460609436035
3.655332565307617,3.774301767349243,4.4203925132751465
3.6552622318267822,3.775083303451538,4.421942710876465
3.655158519744873,3.775689125061035,4.423040390014648
3.655158519744873,3.775689125061035,4.423040390014648
3.6555142402648926,3.7771120071411133,4.4246110916137695
3.656862735748291,3.778226137161255,4.424924373626709
3.6569437980651855,3.778928756713867,4.424763202667236
3.6582815647125244,3.7794270515441895,4.424290180206299
3.658097743988037,3.7796237468719482,4.423538684844971
3.6569406986236572,3.7795653343200684,4.424160480499268
3.6566193103790283,3.779667615890503,4.425288677215576
3.65450119972229,3.7793684005737305,4.4262237548828125
3.6532561779022217,3.779226779937744,4.4274725914001465
3.6524386405944824,3.7799460887908936,4.4291582107543945
3.6524386405944824,3.7799460887908936,4.4291582107543945
3.653219699859619,3.780792474746704,4.430055141448975
3.6580660343170166,3.7830467224121094,4.429520606994629
3.6580660343170166,3.7830467224121094,4.429520606994629
3.659618854522705,3.7842392921447754,4.428829193115234
3.660916805267334,3.785316228866577,4.429541110992432
3.6612472534179688,3.7867000102996826,4.43026876449585
3.6631340980529785,3.7881417274475098,4.430402755737305
3.6658899784088135,3.789905071258545,4.431004524230957
3.6658899784088135,3.789905071258545,4.431004524230957
3.6679577827453613,3.7902376651763916,4.429723739624023
3.6701719760894775,3.7910988330841064,4.429686069488525
3.6712265014648438,3.7912113666534424,4.429477214813232
3.6711761951446533,3.7913639545440674,4.4305219650268555
3.6705288887023926,3.7911887168884277,4.431404113769531
3.6699836254119873,3.7915127277374268,4.43269681930542
3.669020414352417,3.7914538383483887,4.4338788986206055
3.667994260787964,3.7920570373535156,4.435669422149658
3.667994260787964,3.7920570373535156,4.435669422149658
3.6674227714538574,3.7921395301818848,4.436129093170166
3.668692111968994,3.792498826980591,4.435763835906982
3.6691675186157227,3.7933359146118164,4.436027526855469
3.668497085571289,3.79417085647583,4.4371538162231445
3.66768741607666,3.794307231903076,4.438149929046631
3.66768741607666,3.794307231903076,4.438149929046631
3.6673552989959717,3.7951042652130127,4.440059661865234
3.666714668273926,3.795988082885742,4.4417266845703125
3.6668784618377686,3.796576976776123,4.442014694213867
3.6681437492370605,3.797257900238037,4.442848205566406
3.6687939167022705,3.7973926067352295,4.442995071411133
3.668645143508911,3.7982029914855957,4.443634510040283
3.668645143508911,3.7982029914855957,4.443634510040283
3.667612314224243,3.798227310180664,4.443938255310059
3.6680049896240234,3.798921585083008,4.4450483322143555
3.668349027633667,3.7992658615112305,4.445817470550537
3.668937921524048,3.799713611602783,4.445954322814941
3.6688828468322754,3.7996718883514404,4.445807933807373
3.6699090003967285,3.799830913543701,4.445815086364746
3.670990467071533,3.7999045848846436,4.445422649383545
3.6717097759246826,3.8006808757781982,4.445906162261963
3.671011447906494,3.800609827041626,4.4469895362854
3.671011447906494,3.800609827041626,4.4469895362854
3.6716456413269043,3.8009510040283203,4.448207855224609
3.6717491149902344,3.8014044761657715,4.448731422424316
3.6722095012664795,3.8018574714660645,4.448368549346924
3.6728224754333496,3.802217721939087,4.448315620422363
3.6728224754333496,3.802217721939087,4.448315620422363
3.672849178314209,3.8029658794403076,4.449167728424072
3.6733686923980713,3.8039662837982178,4.449959754943848
3.6730000972747803,3.805115222930908,4.451290607452393
3.673203229904175,3.806518077850342,4.452525615692139
3.6733126640319824,3.808034896850586,4.454714298248291
3.673546552658081,3.8094911575317383,4.456269264221191
3.673546552658081,3.8094911575317383,4.456269264221191
3.6742639541625977,3.8109357357025146,4.457429885864258
3.6757192611694336,3.811819076538086,4.457140922546387
3.6767578125,3.8120265007019043,4.456089019775391
3.6768152713775635,3.81209397315979,4.456311225891113
3.6747477054595947,3.8114748001098633,4.45715856552124
3.6735661029815674,3.8112478256225586,4.4598307609558105
3.672790288925171,3.811558961868286,4.461923122406006
3.672431468963623,3.8118491172790527,4.46339750289917
3.672431468963623,3.8118491172790527,4.46339750289917
3.6717896461486816,3.811856746673584,4.464287757873535
3.6714444160461426,3.811659097671509,4.464503765106201
3.6715354919433594,3.8119735717773438,4.465549945831299
3.6721620559692383,3.812185287475586,4.465121269226074
3.6710286140441895,3.8119592666625977,4.465951919555664
3.669772148132324,3.8118042945861816,4.465926647186279
3.6696343421936035,3.812455177307129,4.467470169067383
3.6696343421936035,3.812455177307129,4.467470169067383
3.6692306995391846,3.8129122257232666,4.467839241027832
3.6705520153045654,3.8133814334869385,4.467744827270508
3.671855926513672,3.81335186958313,4.465850353240967
3.673274040222168,3.813748598098755,4.464972972869873
3.6738312244415283,3.8143537044525146,4.46597146987915
3.6736769676208496,3.8152146339416504,4.467823028564453
3.675020217895508,3.8171026706695557,4.470745086669922
3.674994945526123,3.818035364151001,4.471518516540527
3.674994945526123,3.818035364151001,4.471518516540527
3.676814556121826,3.8192341327667236,4.471759796142578
3.6778976917266846,3.8206393718719482,4.47224235534668
3.679934024810791,3.822226047515869,4.473434925079346
3.68198561668396,3.8244073390960693,4.47325325012207
3.6828088760375977,3.825917959213257,4.474157810211182
3.6826319694519043,3.8260459899902344,4.474088668823242
3.6831579208374023,3.826465129852295,4.474187850952148
3.6831579208374023,3.826465129852295,4.474187850952148
3.685016632080078,3.8271584510803223,4.4738922119140625
3.686363697052002,3.8276991844177246,4.47357177734375
3.68869686126709,3.828603744506836,4.472618103027344
3.690336227416992,3.8293769359588623,4.472594261169434
3.6896615028381348,3.830158233642578,4.4742350578308105
3.6896615028381348,3.830158233642578,4.4742350578308105
3.689316987991333,3.830796241760254,4.476365566253662
3.688218593597412,3.8308916091918945,4.477234840393066
3.6878724098205566,3.8311445713043213,4.477181911468506
3.6879897117614746,3.831615686416626,4.477062702178955
3.6881351470947266,3.8322184085845947,4.478023052215576
3.68890643119812,3.833232879638672,4.478873252868652
3.68890643119812,3.833232879638672,4.478873252868652
3.690096139907837,3.8342485427856445,4.479471206665039
3.690109968185425,3.8346402645111084,4.480010509490967
3.6883997917175293,3.834494113922119,4.4814043045043945
3.6869051456451416,3.834090232849121,4.482041835784912
3.687110185623169,3.834163188934326,4.482778549194336
3.687110185623169,3.834163188934326,4.482778549194336
3.6889076232910156,3.834886312484741,4.482794284820557
3.690631151199341,3.8360512256622314,4.483769416809082
3.690579891204834,3.836575508117676,4.48500919342041
3.6903398036956787,3.836798906326294,4.487246513366699
3.689990997314453,3.8380520343780518,4.490635395050049
3.6891369819641113,3.838956832885742,4.491851329803467
3.688537120819092,3.8393073081970215,4.493176460266113
3.688537120819092,3.8393073081970215,4.493176460266113
3.6893069744110107,3.8395111560821533,4.493675708770752
3.6900618076324463,3.8397409915924072,4.4938812255859375
3.6891791820526123,3.840155839920044,4.49277925491333
3.6891870498657227,3.8401095867156982,4.493168830871582
3.68864107131958,3.8399064540863037,4.492682456970215
3.68864107131958,3.8399064540863037,4.492682456970215
3.687466859817505,3.839816093444824,4.494662761688232
3.6840951442718506,3.838744878768921,4.495208263397217
3.6816229820251465,3.8379294872283936,4.495548725128174
3.6813786029815674,3.837693214416504,4.4947052001953125
3.682328701019287,3.8379669189453125,4.495144367218018
3.682328701019287,3.8379669189453125,4.495144367218018
3.6806414127349854,3.838167667388916,4.496788501739502
3.6815013885498047,3.8386270999908447,4.497006893157959
3.6826913356781006,3.839646577835083,4.497626304626465
3.684770345687866,3.840874433517456,4.4989013671875
3.6851823329925537,3.841968297958374,4.500502586364746
3.6851823329925537,3.841968297958374,4.500502586364746
3.6846117973327637,3.8429388999938965,4.502460956573486
3.6845297813415527,3.8442280292510986,4.5046305656433105
3.6829075813293457,3.8453967571258545,4.507124900817871
3.6827456951141357,3.8466989994049072,4.5085039138793945
3.6819074153900146,3.8475544452667236,4.509270668029785
3.681866407394409,3.848815441131592,4.511228084564209
3.6821799278259277,3.8494269847869873,4.511637210845947
3.6821799278259277,3.8494269847869873,4.511637210845947
3.682182788848877,3.8505802154541016,4.512751579284668
3.683607816696167,3.850935220718384,4.513035774230957
3.684364080429077,3.851618766784668,4.514049053192139
3.6846632957458496,3.852283000946045,4.515456676483154
3.683307647705078,3.852907180786133,4.517794609069824
3.685011625289917,3.853515625,4.517988681793213
3.687046527862549,3.854017972946167,4.517922878265381
3.688707113265991,3.8552820682525635,4.51813268661499
3.688707113265991,3.8552820682525635,4.51813268661499
3.689063310623169,3.8555331230163574,4.518509387969971
3.689995527267456,3.85650372505188,4.519468307495117
3.690732955932617,3.8571584224700928,4.520683288574219
3.689307451248169,3.8576855659484863,4.521513938903809
3.687450647354126,3.85720157623291,4.5223259925842285
3.6883058547973633,3.8575363159179688,4.522848129272461
3.688314437866211,3.8578379154205322,4.523515701293945
3.690023899078369,3.858316421508789,4.523501396179199
3.689103364944458,3.8581550121307373,4.523936748504639
3.6885054111480713,3.858407735824585,4.526156902313232
3.6876728534698486,3.858985662460327,4.528087615966797
3.6876728534698486,3.858985662460327,4.528087615966797
3.686849594116211,3.859090805053711,4.529263973236084
3.6869869232177734,3.859189510345459,4.529730796813965
3.6881237030029297,3.8596274852752686,4.5300211906433105
3.690309762954712,3.86086106300354,4.530165672302246
3.6911048889160156,3.8618252277374268,4.530964374542236
3.6913249492645264,3.8621723651885986,4.531367778778076
3.690983533859253,3.8626480102539062,4.533137321472168
3.6907451152801514,3.863020896911621,4.533169269561768
3.6907451152801514,3.863020896911621,4.533169269561768
3.6918039321899414,3.863879919052124,4.534579753875732
3.693629741668701,3.865185022354126,4.533366680145264
3.6965839862823486,3.867257595062256,4.534918785095215
3.6968822479248047,3.868600368499756,4.5352983474731445
3.6968822479248047,3.868600368499756,4.5352983474731445
3.6964499950408936,3.870279550552368,4.539625644683838
3.69745135307312,3.8718972206115723,4.541513919830322
3.6982603073120117,3.873645544052124,4.5441741943359375
3.6997745037078857,3.8750393390655518,4.54391622543335
3.7010953426361084,3.8760581016540527,4.544323444366455
3.7020959854125977,3.8770759105682373,4.544596195220947
3.7020959854125977,3.8770759105682373,4.544596195220947
3.703719139099121,3.8779125213623047,4.5445427894592285
3.703575611114502,3.8785393238067627,4.54547119140625
3.7016313076019287,3.878413200378418,4.5467119216918945
3.7000045776367188,3.8785037994384766,4.547943115234375
3.7002809047698975,3.879211664199829,4.549459457397461
3.7016804218292236,3.8805320262908936,4.551087379455566
3.7016804218292236,3.8805320262908936,4.551087379455566
3.7020561695098877,3.881192922592163,4.551248073577881
3.7032341957092285,3.8816945552825928,4.551656723022461
3.702995538711548,3.8825297355651855,4.553287029266357
3.702385902404785,3.8832550048828125,4.555387020111084
3.7021193504333496,3.8841207027435303,4.55678129196167
3.7020440101623535,3.8845112323760986,4.557828426361084
3.701436758041382,3.8844895362854004,4.557344913482666
3.70096755027771,3.8841841220855713,4.557361125946045
3.70096755027771,3.8841841220855713,4.557361125946045
3.7015867233276367,3.884600877761841,4.557201862335205
3.7019777297973633,3.8855459690093994,4.55925989151001
3.7020204067230225,3.8855643272399902,4.559392929077148
3.700817823410034,3.885831594467163,4.561338901519775
3.6986019611358643,3.885599374771118,4.56129264831543
3.7003979682922363,3.886486530303955,4.562956809997559
3.7003979682922363,3.886486530303955,4.562956809997559
3.70221209526062,3.8873674869537354,4.561797618865967
3.7040131092071533,3.888742208480835,4.562178611755371
3.7057485580444336,3.8889126777648926,4.560372829437256
3.7069437503814697,3.8893206119537354,4.56085729598999
3.7066216468811035,3.8892414569854736,4.562503337860107
3.706787586212158,3.8897695541381836,4.563314914703369
3.706787586212158,3.8897695541381836,4.563314914703369
3.7054600715637207,3.8895413875579834,4.563924789428711
3.7053511142730713,3.8899333477020264,4.565224647521973
3.7049009799957275,3.890700340270996,4.56745719909668
3.7042932510375977,3.8917930126190186,4.569624423980713
3.702754497528076,3.892496109008789,4.571547508239746
3.703367233276367,3.8932015895843506,4.572519302368164
3.704629898071289,3.8941586017608643,4.573548793792725
3.704982280731201,3.8947510719299316,4.574308395385742
3.704982280731201,3.8947510719299316,4.574308395385742
3.705204486846924,3.894926071166992,4.575003623962402
3.7058424949645996,3.895270824432373,4.575352668762207
3.7059221267700195,3.8951470851898193,4.576454162597656
3.704784631729126,3.8958241939544678,4.578233242034912
3.704200506210327,3.896071672439575,4.57994270324707
3.705294370651245,3.8970603942871094,4.579729080200195
3.706861972808838,3.8978993892669678,4.580397129058838
3.707486629486084,3.8984177112579346,4.579827308654785
3.707486629486084,3.8984177112579346,4.579827308654785
3.7071492671966553,3.897998094558716,4.580235004425049
3.707848072052002,3.8988184928894043,4.580852031707764
3.708446741104126,3.899690628051758,4.58323335647583
3.7076523303985596,3.90010666847229,4.58376407623291
3.70706844329834,3.900205373764038,4.584741592407227
3.70814847946167,3.900820016860962,4.58528470993042
3.710045337677002,3.9015252590179443,4.585190773010254
3.7106640338897705,3.9021265506744385,4.585014343261719
3.7106640338897705,3.9021265506744385,4.585014343261719
3.7114245891571045,3.902494192123413,4.585193157196045
3.711416721343994,3.903212308883667,4.586939334869385
3.7106215953826904,3.9037370681762695,4.58877420425415
3.7095820903778076,3.904381036758423,4.590005397796631
3.709498405456543,3.904756784439087,4.589466094970703
3.709378242492676,3.9044907093048096,4.588355541229248
3.710768222808838,3.9048869609832764,4.587701797485352
3.7116622924804688,3.9061779975891113,4.588122844696045
3.7118663787841797,3.906665325164795,4.5881757736206055
3.7118663787841797,3.906665325164795,4.5881757736206055
3.712808847427368,3.9075429439544678,4.589624881744385
3.712496757507324,3.9077701568603516,4.589616775512695
3.710355758666992,3.90801739692688,4.591300964355469
3.710822105407715,3.9080770015716553,4.5913166999816895
3.7113893032073975,3.908277988433838,4.5914740562438965
3.7130041122436523,3.908815622329712,4.591107368469238
3.712280511856079,3.908623456954956,4.591070652008057
3.712280511856079,3.908623456954956,4.591070652008057
3.712529182434082,3.9086883068084717,4.591259956359863
3.7122178077697754,3.9089601039886475,4.592503070831299
3.7131190299987793,3.9094531536102295,4.592715740203857
3.713175058364868,3.9100217819213867,4.593378067016602
3.7117836475372314,3.9098269939422607,4.594120979309082
3.711805582046509,3.9102783203125,4.595657825469971
3.7116260528564453,3.9113519191741943,4.597321510314941
3.711486577987671,3.912065267562866,4.5976643562316895
3.710655689239502,3.9120256900787354,4.598004341125488
3.7105095386505127,3.912034273147583,4.598543643951416
3.7097203731536865,3.912581443786621,4.599724292755127
3.7092010974884033,3.9131884574890137,4.600244045257568
3.7088892459869385,3.9132800102233887,4.599709510803223
3.7094242572784424,3.9136037826538086,4.6004486083984375
3.7094242572784424,3.9136037826538086,4.6004486083984375
3.7090089321136475,3.9135682582855225,4.600972652435303
3.7086918354034424,3.913600444793701,4.601075172424316
3.7085680961608887,3.9133718013763428,4.601000785827637
3.708739995956421,3.9131836891174316,4.6011505126953125
3.7093605995178223,3.91322660446167,4.601113319396973
3.7085633277893066,3.913239002227783,4.602252006530762
3.707911729812622,3.913296699523926,4.603684425354004
3.706632137298584,3.913159132003784,4.604623794555664
3.7063992023468018,3.9138071537017822,4.606433868408203
3.7063992023468018,3.9138071537017822,4.606433868408203
3.7066266536712646,3.9147653579711914,4.607543468475342
3.7090799808502197,3.9161593914031982,4.6081132888793945
3.7105021476745605,3.9171741008758545,4.608180999755859
3.71256422996521,3.918687582015991,4.608914375305176
3.7129220962524414,3.9203879833221436,4.610142230987549
3.7121734619140625,3.9213855266571045,4.612667560577393
3.7128183841705322,3.922215700149536,4.61411714553833
3.713012933731079,3.9235806465148926,4.616194248199463
3.7137434482574463,3.9248344898223877,4.617605209350586
3.7139649391174316,3.9259321689605713,4.618868350982666
3.715894937515259,3.9272568225860596,4.620547294616699
3.717128038406372,3.928609848022461,4.6218719482421875
3.717128038406372,3.928609848022461,4.6218719482421875
3.7170722484588623,3.929547071456909,4.6230902671813965
3.715759754180908,3.92968487739563,4.624228000640869
3.7151005268096924,3.929835796356201,4.62547492980957
3.7156479358673096,3.9304893016815186,4.626791954040527
3.717820405960083,3.9319076538085938,4.628628730773926
3.7195208072662354,3.9333605766296387,4.628897666931152
3.718950033187866,3.933520555496216,4.630239009857178
3.7187724113464355,3.934675931930542,4.63180685043335
3.7170658111572266,3.9357221126556396,4.63554573059082
3.717467784881592,3.9364733695983887,4.638212203979492
3.7187228202819824,3.9385979175567627,4.641810417175293
3.7195372581481934,3.9396040439605713,4.641867637634277
3.7215380668640137,3.940335988998413,4.642275333404541
3.7228167057037354,3.9415180683135986,4.642791271209717
3.7238717079162598,3.9424407482147217,4.644578456878662
3.7234561443328857,3.9426980018615723,4.645720958709717
3.7227301597595215,3.9430668354034424,4.648021697998047
3.7231554985046387,3.9439518451690674,4.649383544921875
3.724555015563965,3.944953203201294,4.650092124938965
3.724555015563965,3.944953203201294,4.650092124938965
3.72619891166687,3.9464316368103027,4.6508331298828125
3.727933883666992,3.94775128364563,4.6513590812683105
3.7284722328186035,3.9490878582000732,4.652951240539551
3.7276947498321533,3.949948787689209,4.654889106750488
3.7265310287475586,3.950578451156616,4.6568450927734375
3.7260358333587646,3.9511942863464355,4.658412456512451
3.7262823581695557,3.951629161834717,4.658787250518799
3.7265045642852783,3.952294111251831,4.659141540527344
3.7272958755493164,3.953120708465576,4.65957498550415
3.726871967315674,3.953895092010498,4.660951614379883
3.727247953414917,3.954533815383911,4.661862850189209
3.7255680561065674,3.954411268234253,4.663233280181885
3.7247231006622314,3.9544665813446045,4.664584159851074
3.7240023612976074,3.9545581340789795,4.665207862854004
3.7250406742095947,3.955394744873047,4.665891647338867
3.7259955406188965,3.9560911655426025,4.665935516357422
3.7262022495269775,3.956665515899658,4.667023181915283
3.7262022495269775,3.956665515899658,4.667023181915283
3.7250471115112305,3.956578493118286,4.667740345001221
3.7259669303894043,3.9578192234039307,4.669844150543213
3.7254791259765625,3.958409547805786,4.670071125030518
3.72526216506958,3.9589555263519287,4.671347141265869
3.724655866622925,3.9586541652679443,4.670769691467285
3.7259645462036133,3.9590609073638916,4.670802116394043
3.7274985313415527,3.9600110054016113,4.671028137207031
3.7284743785858154,3.96069598197937,4.671774864196777
3.7279341220855713,3.960552453994751,4.672939300537109
3.728825569152832,3.960921287536621,4.674073696136475
3.728825569152832,3.960921287536621,4.674073696136475
3.729743719100952,3.961606025695801,4.675486087799072
3.7307794094085693,3.962106227874756,4.675742149353027
3.73142147064209,3.9621129035949707,4.675778865814209
3.732865810394287,3.962174892425537,4.675220966339111
3.7323660850524902,3.962445020675659,4.676836013793945
3.7309064865112305,3.963000535964966,4.678949356079102
3.730952739715576,3.9637081623077393,4.680718898773193
3.7334320545196533,3.964986562728882,4.68094539642334
3.7359111309051514,3.966376543045044,4.681372165679932
3.7371163368225098,3.967827558517456,4.6819844245910645
3.738431930541992,3.969637632369995,4.685133934020996
3.739772081375122,3.970719575881958,4.686106204986572
3.7399072647094727,3.9719204902648926,4.688810348510742
3.7394747734069824,3.972003221511841,4.688893795013428
3.738539457321167,3.9715168476104736,4.6889777183532715
3.7388672828674316,3.9713401794433594,4.688636779785156
3.7398104667663574,3.971076250076294,4.687691688537598
3.739924192428589,3.971975326538086,4.688281059265137
3.7406396865844727,3.9719784259796143,4.688538551330566
3.740654706954956,3.972702980041504,4.689204216003418
3.740220308303833,3.972984552383423,4.690942764282227
3.740220308303833,3.972984552383423,4.690942764282227
3.738921880722046,3.9736204147338867,4.692349910736084
3.740241765975952,3.974435329437256,4.693097114562988
3.742215156555176,3.9750633239746094,4.6920905113220215
3.7437520027160645,3.975567102432251,4.691801071166992
3.743924140930176,3.9757750034332275,4.691681385040283
3.744546413421631,3.976283550262451,4.6920270919799805
3.744619607925415,3.9768810272216797,4.692691802978516
3.7436442375183105,3.9769954681396484,4.693724632263184
3.7429511547088623,3.9771647453308105,4.694677352905273
3.741401195526123,3.976966619491577,4.695364952087402
3.7404725551605225,3.9764163494110107,4.695767402648926
3.7405664920806885,3.976454496383667,4.695546627044678
3.7424776554107666,3.97713565826416,4.694759845733643
3.7428061962127686,3.977802276611328,4.6942548751831055
3.743586540222168,3.9785327911376953,4.694826126098633
3.7440969944000244,3.9792585372924805,4.6952128410339355
3.744483470916748,3.9800567626953125,4.696001052856445
3.7439920902252197,3.9802401065826416,4.696018695831299
3.7435598373413086,3.9805305004119873,4.696959495544434
3.743598222732544,3.9809093475341797,4.697347164154053
3.744832754135132,3.981966018676758,4.69801664352417
3.744832754135132,3.981966018676758,4.69801664352417
3.7468321323394775,3.9828145503997803,4.6978631019592285
3.7466070652008057,3.9833266735076904,4.698748588562012
3.744025707244873,3.982806444168091,4.699794292449951
3.7429754734039307,3.9826338291168213,4.700760841369629
3.7430901527404785,3.982510566711426,4.701253414154053
3.7435264587402344,3.9823379516601562,4.700799942016602
3.7476909160614014,3.983473777770996,4.699253082275391
3.7520391941070557,3.9850025177001953,4.697689056396484
3.7547128200531006,3.9861602783203125,4.697246074676514
3.7548530101776123,3.9867656230926514,4.698338031768799
3.752213954925537,3.9868502616882324,4.700707912445068
3.750270366668701,3.986985921859741,4.701554298400879
3.748655080795288,3.986489772796631,4.701530456542969
3.7477993965148926,3.9862074851989746,4.701889991760254
3.7487528324127197,3.9865150451660156,4.7014007568359375
3.749480724334717,3.987334966659546,4.702098846435547
3.7506089210510254,3.9881715774536133,4.702688694000244
3.7506089210510254,3.9881715774536133,4.702688694000244
3.7488186359405518,3.987868547439575,4.703639030456543
3.745424747467041,3.9870948791503906,4.70517110824585
3.7443912029266357,3.9861485958099365,4.706439018249512
3.7436540126800537,3.9862310886383057,4.707873344421387
3.744368553161621,3.986145257949829,4.706855773925781
3.7470242977142334,3.9868757724761963,4.705711841583252
3.7478387355804443,3.9877352714538574,4.703854560852051
3.747950792312622,3.9876797199249268,4.704765319824219
3.745663642883301,3.987933397293091,4.707277297973633
3.745663642883301,3.987933397293091,4.707277297973633
3.7432971000671387,3.98811674118042,4.709368705749512
3.742100954055786,3.9870405197143555,4.708451271057129
3.7423436641693115,3.9869601726531982,4.708121299743652
3.7416629791259766,3.9879400730133057,4.709604740142822
3.740955114364624,3.9882261753082275,4.7105536460876465
3.741190195083618,3.9890596866607666,4.712371826171875
3.7417643070220947,3.9895517826080322,4.713655948638916
3.742116928100586,3.9900705814361572,4.7153401374816895
3.7426328659057617,3.991114616394043,4.71645975112915
3.7430107593536377,3.9921278953552246,4.717850208282471
3.74351167678833,3.9927711486816406,4.719627857208252
3.74351167678833,3.9927711486816406,4.719627857208252
3.743502616882324,3.9931869506835938,4.720917224884033
3.7428438663482666,3.9931087493896484,4.7216010093688965
3.7434041500091553,3.9929332733154297,4.721310615539551
3.7441184520721436,3.9929330348968506,4.72247314453125
3.7435619831085205,3.9932777881622314,4.724541664123535
3.7426645755767822,3.992905616760254,4.726259708404541
3.7407665252685547,3.992145299911499,4.728013038635254
3.73960542678833,3.9905240535736084,4.727168560028076
3.7391445636749268,3.9902420043945312,4.727834701538086
3.7391445636749268,3.9902420043945312,4.727834701538086
3.7413852214813232,3.9915871620178223,4.7282233238220215
3.7446987628936768,3.993264675140381,4.72863245010376
3.7461843490600586,3.9936819076538086,4.727122783660889
3.74646258354187,3.994173288345337,4.727575302124023
3.7442429065704346,3.9942305088043213,4.7272772789001465
3.7433652877807617,3.9940783977508545,4.728001117706299
3.744352340698242,3.9944889545440674,4.728351593017578
3.745750665664673,3.99513840675354,4.728826999664307
3.7477667331695557,3.9961986541748047,4.729071617126465
3.7481606006622314,3.996678113937378,4.7295379638671875
3.749297618865967,3.997145891189575,4.730729103088379
3.7498464584350586,3.9977402687072754,4.731576442718506
3.7498464584350586,3.9977402687072754,4.731576442718506
3.750636577606201,3.9985690116882324,4.732719421386719
3.7506587505340576,3.998655319213867,4.731940746307373
3.751833915710449,3.999152660369873,4.732898235321045
3.7530553340911865,4.000105857849121,4.732851505279541
3.7539660930633545,4.0013837814331055,4.733564376831055
3.7529730796813965,4.00181245803833,4.734107494354248
3.752997398376465,4.002230167388916,4.73563289642334
3.754375457763672,4.003701686859131,4.737509250640869
3.7545528411865234,4.004645347595215,4.739356517791748
3.755631446838379,4.005733489990234,4.7397589683532715
3.755631446838379,4.005733489990234,4.7397589683532715
3.7570695877075195,4.006221294403076,4.739401817321777
3.757861614227295,4.007421970367432,4.740955829620361
3.7569386959075928,4.007911682128906,4.74235725402832
3.757039785385132,4.008542060852051,4.743147850036621
3.7596073150634766,4.00967264175415,4.743290424346924
3.760592222213745,4.010992050170898,4.743896961212158
3.761202096939087,4.01168966293335,4.744301795959473
3.7594668865203857,4.011492729187012,4.744629383087158
3.760077476501465,4.011987686157227,4.745641708374023
3.761197805404663,4.013389587402344,4.747732639312744
3.761707067489624,4.01417350769043,4.748798847198486
3.7605559825897217,4.0147013664245605,4.750908851623535
3.7609469890594482,4.015277862548828,4.752627849578857
3.761998176574707,4.016144752502441,4.754065990447998
3.7630369663238525,4.017108917236328,4.755356311798096
3.76241397857666,4.017576694488525,4.75679349899292
3.761094093322754,4.017136573791504,4.757536888122559
3.760833978652954,4.017628192901611,4.759685039520264
3.760833978652954,4.017628192901611,4.759685039520264
3.7597854137420654,4.017923355102539,4.760682106018066
3.760218381881714,4.018815517425537,4.762404918670654
3.762237787246704,4.019300937652588,4.7610297203063965
3.764326572418213,4.0202107429504395,4.761776447296143
3.764915704727173,4.020810127258301,4.761682510375977
3.7652249336242676,4.021689414978027,4.763090133666992
3.7643065452575684,4.021868705749512,4.763249397277832
3.7643065452575684,4.021868705749512,4.763249397277832
3.76499080657959,4.02243185043335,4.764455318450928
3.7648017406463623,4.0233154296875,4.765674591064453
3.7644340991973877,4.023808002471924,4.766870021820068
3.7656993865966797,4.0246782302856445,4.768186569213867
3.76749849319458,4.025381088256836,4.768431186676025
3.7680447101593018,4.025238037109375,4.768742084503174
3.7664499282836914,4.024761199951172,4.769611835479736
3.7663021087646484,4.0250654220581055,4.771316051483154
3.7663021087646484,4.0250654220581055,4.771316051483154
3.766120433807373,4.0257697105407715,4.773759841918945
3.7674973011016846,4.026334762573242,4.773886203765869
3.769542694091797,4.0264668464660645,4.773138523101807
3.7699294090270996,4.026182174682617,4.771737098693848
3.7710373401641846,4.026343822479248,4.7718071937561035
3.7717061042785645,4.027581691741943,4.773836135864258
3.771507501602173,4.028199195861816,4.774481773376465
3.771703004837036,4.028802394866943,4.77635383605957
3.77209210395813,4.029391765594482,4.776707649230957
3.7743184566497803,4.030821323394775,4.777215480804443
3.7746665477752686,4.031440734863281,4.776811599731445
3.775287389755249,4.032556533813477,4.778900623321533
3.7742955684661865,4.032497406005859,4.780005931854248
3.7737655639648438,4.033392429351807,4.78254508972168
3.7733261585235596,4.033476829528809,4.782486438751221
3.7732596397399902,4.03371524810791,4.782542705535889
3.773390293121338,4.033814907073975,4.782321453094482
3.773050546646118,4.033383846282959,4.781874656677246
3.773050546646118,4.033383846282959,4.781874656677246
3.7724242210388184,4.033404350280762,4.782862186431885
3.7720463275909424,4.033632278442383,4.78425931930542
3.7719154357910156,4.033853530883789,4.7851128578186035
3.770657777786255,4.03425931930542,4.786629676818848
3.7689507007598877,4.033938407897949,4.786540508270264
3.768603801727295,4.033552169799805,4.78810453414917
3.768538475036621,4.0336713790893555,4.789435863494873
3.768538475036621,4.0336713790893555,4.789435863494873
3.769394874572754,4.033787250518799,4.789106369018555
3.7688424587249756,4.033230304718018,4.788916110992432
3.7678604125976562,4.032674789428711,4.789433479309082
3.767059326171875,4.032723426818848,4.791475296020508
3.7661473751068115,4.0328569412231445,4.793181419372559
3.764880657196045,4.032100200653076,4.793891429901123
3.764620780944824,4.031862258911133,4.794708251953125
3.765232801437378,4.03214168548584,4.79534387588501
3.7665207386016846,4.032325744628906,4.7945942878723145
3.766317367553711,4.03224515914917,4.795464038848877
3.7654213905334473,4.031433582305908,4.794576168060303
3.7654213905334473,4.031433582305908,4.794576168060303
3.7643110752105713,4.030986785888672,4.796200752258301
3.762464761734009,4.030548572540283,4.795887470245361
3.7623767852783203,4.030305862426758,4.796590805053711
3.7634830474853516,4.031198978424072,4.795077800750732
3.763840436935425,4.031794548034668,4.796472072601318
3.7629611492156982,4.031856060028076,4.796260833740234
3.7630887031555176,4.03196907043457,4.7964935302734375
3.763345718383789,4.03210973739624,4.795839309692383
3.7643778324127197,4.032441139221191,4.7953081130981445
3.7641820907592773,4.032878398895264,4.794823169708252
3.7644214630126953,4.032879829406738,4.794826507568359
3.7641470432281494,4.033692359924316,4.797056674957275
3.764173746109009,4.034348487854004,4.79879093170166
3.7628333568573,4.0344462394714355,4.799910068511963
3.7623910903930664,4.034997463226318,4.802603721618652
3.7630155086517334,4.036473274230957,4.8057332038879395
3.763939619064331,4.038110733032227,4.807980060577393
3.763939619064331,4.038110733032227,4.807980060577393
3.765254259109497,4.039015769958496,4.807783603668213
3.7643706798553467,4.038726329803467,4.807544231414795
3.763899564743042,4.037717342376709,4.806214332580566
3.7635481357574463,4.037885665893555,4.806624412536621
3.764906167984009,4.039229869842529,4.808740139007568
3.765446186065674,4.039958477020264,4.810135841369629
3.766201972961426,4.040782451629639,4.812189102172852
3.766201972961426,4.040782451629639,4.812189102172852
3.7670388221740723,4.041816711425781,4.813910007476807
3.767437696456909,4.042463779449463,4.8158955574035645
3.766400098800659,4.042858123779297,4.8172078132629395
3.76574444770813,4.043084144592285,4.819174766540527
3.7654929161071777,4.043611526489258,4.820326805114746
3.7652125358581543,4.043954849243164,4.82172966003418
3.7657177448272705,4.044462203979492,4.822310447692871
3.7665138244628906,4.044577121734619,4.822213172912598
3.767595052719116,4.046250343322754,4.823000907897949
3.7681756019592285,4.046787738800049,4.8235697746276855
3.7681756019592285,4.046787738800049,4.8235697746276855
3.7686502933502197,4.047702312469482,4.824276447296143
3.7691099643707275,4.048423767089844,4.825485706329346
3.7699906826019287,4.049362659454346,4.826075553894043
3.7717387676239014,4.050312519073486,4.826292991638184
3.7715601921081543,4.050507545471191,4.826704502105713
3.7706856727600098,4.050601959228516,4.827688694000244
3.7710907459259033,4.051137447357178,4.828319549560547
3.7721354961395264,4.052298545837402,4.829107761383057
3.7727394104003906,4.053436279296875,4.830316066741943
3.771564483642578,4.053555011749268,4.831707000732422
3.7711164951324463,4.053507328033447,4.833033084869385
3.7724556922912598,4.054137706756592,4.833750247955322
3.7724556922912598,4.054137706756592,4.833750247955322
3.773507833480835,4.055083751678467,4.834842681884766
3.7733304500579834,4.055360794067383,4.835837364196777
3.7725002765655518,4.055518627166748,4.837879657745361
3.7731821537017822,4.055567741394043,4.838275909423828
3.774860382080078,4.056918621063232,4.839877605438232
3.774860382080078,4.056918621063232,4.839877605438232
3.775698661804199,4.056957244873047,4.83892822265625
3.776876449584961,4.057633399963379,4.83976411819458
3.778794288635254,4.058156490325928,4.840249061584473
3.780123233795166,4.059028625488281,4.841304779052734
3.7777514457702637,4.058748722076416,4.842320919036865
3.7771527767181396,4.058563709259033,4.843734264373779
3.7757954597473145,4.058316707611084,4.8450608253479
3.7757954597473145,4.058316707611084,4.8450608253479
3.7754716873168945,4.058474063873291,4.845849990844727
3.775442600250244,4.058844089508057,4.845514297485352
3.7748360633850098,4.058828353881836,4.845650672912598
3.774073839187622,4.05879020690918,4.84688663482666
3.772433042526245,4.058778762817383,4.848643779754639
3.7703137397766113,4.058828830718994,4.850366592407227
3.7703137397766113,4.058828830718994,4.850366592407227
3.770129442214966,4.05912971496582,4.850927352905273
3.7710907459259033,4.060052871704102,4.85170316696167
3.7722156047821045,4.061001300811768,4.851600646972656
3.7722268104553223,4.061699390411377,4.852354526519775
3.773057699203491,4.0623698234558105,4.85291862487793
3.7730154991149902,4.06295108795166,4.854485988616943
3.7718491554260254,4.063399791717529,4.856721878051758
3.770318031311035,4.064340591430664,4.860021114349365
3.770318031311035,4.064340591430664,4.860021114349365
3.7700581550598145,4.063989639282227,4.861288070678711
3.771481513977051,4.065181255340576,4.862756252288818
3.7719202041625977,4.06601095199585,4.863467693328857
3.771132469177246,4.065952777862549,4.864044189453125
3.772148609161377,4.065818786621094,4.864821910858154
3.7728404998779297,4.066839694976807,4.866641044616699
3.773200035095215,4.067379951477051,4.867123126983643
3.7743544578552246,4.068129539489746,4.867604732513428
3.7743544578552246,4.068129539489746,4.867604732513428
3.7761693000793457,4.067777633666992,4.865540981292725
3.778890609741211,4.068963527679443,4.865655899047852
3.7801549434661865,4.070434093475342,4.86639404296875
3.7804908752441406,4.071333885192871,4.867568016052246
3.77994441986084,4.0714640617370605,4.868450164794922
3.7800920009613037,4.072072982788086,4.869894981384277
3.780477523803711,4.072719573974609,4.87074089050293
3.7822771072387695,4.073978900909424,4.871715545654297
3.7835988998413086,4.07525110244751,4.8724894523620605
3.7835988998413086,4.07525110244751,4.8724894523620605
3.7851169109344482,4.076122283935547,4.873079776763916
3.784883737564087,4.076362133026123,4.874342918395996
3.783371925354004,4.075823783874512,4.87516975402832
3.782529830932617,4.075740337371826,4.876344680786133
3.783477306365967,4.076021671295166,4.8766937255859375
3.785139560699463,4.076656341552734,4.877518177032471
3.785806655883789,4.07683801651001,4.877906799316406
3.7860641479492188,4.076881408691406,4.878780841827393
3.7860641479492188,4.076881408691406,4.878780841827393
3.786280632019043,4.076767444610596,4.878857135772705
3.7863800525665283,4.076983451843262,4.879666328430176
3.785322666168213,4.076972484588623,4.879690170288086
3.7837345600128174,4.076627254486084,4.881131172180176
3.7847251892089844,4.077462196350098,4.881803035736084
3.786104440689087,4.077694416046143,4.8812947273254395
3.7876455783843994,4.07833194732666,4.879796028137207
3.788369655609131,4.078564167022705,4.879751682281494
3.7869393825531006,4.079679489135742,4.882009029388428
3.7869157791137695,4.08047342300415,4.884356498718262
3.7874550819396973,4.080849647521973,4.884411334991455
3.7881686687469482,4.080967426300049,4.883902549743652
3.7881686687469482,4.080967426300049,4.883902549743652
3.789668321609497,4.080943584442139,4.881654262542725
3.790377616882324,4.081223011016846,4.881298065185547
3.7899484634399414,4.081778526306152,4.8824920654296875
3.7882652282714844,4.0816850662231445,4.883388519287109
3.7857375144958496,4.081031322479248,4.884184837341309
3.785404920578003,4.080979824066162,4.8844475746154785
3.7866439819335938,4.08170223236084,4.884373188018799
3.7866439819335938,4.08170223236084,4.884373188018799
3.7877373695373535,4.082006931304932,4.884531021118164
3.7882983684539795,4.082263946533203,4.884843349456787
3.788611888885498,4.082125186920166,4.885491847991943
3.7882535457611084,4.082869052886963,4.887988567352295
3.787778854370117,4.0836076736450195,4.889774799346924
3.7882416248321533,4.085124492645264,4.892728805541992
3.7901346683502197,4.0859246253967285,4.8930816650390625
3.7901346683502197,4.0859246253967285,4.8930816650390625
3.7918875217437744,4.08746862411499,4.894623279571533
3.7919199466705322,4.087704658508301,4.894073009490967
3.7930452823638916,4.087416648864746,4.892889499664307
3.7922956943511963,4.087729454040527,4.893530368804932
3.7914960384368896,4.087545394897461,4.894443988800049
3.7896523475646973,4.08726692199707,4.895918846130371
3.7896523475646973,4.08726692199707,4.895918846130371
3.7881650924682617,4.087020397186279,4.897428512573242
3.788158893585205,4.08745813369751,4.897996425628662
3.788865089416504,4.087863445281982,4.898154258728027
3.790116310119629,4.08829402923584,4.898519515991211
3.790297269821167,4.088806629180908,4.899106502532959
3.7897849082946777,4.089590072631836,4.9008588790893555
3.7886619567871094,4.090036869049072,4.9024882316589355
3.7886619567871094,4.090036869049072,4.9024882316589355
3.788177967071533,4.0902204513549805,4.903782844543457
3.7894413471221924,4.092237949371338,4.906186103820801
3.7914669513702393,4.094374179840088,4.90745735168457
3.792863368988037,4.0957207679748535,4.908787727355957
3.7937517166137695,4.096670150756836,4.910345077514648
3.794219732284546,4.097764492034912,4.913219451904297
3.7940661907196045,4.098718643188477,4.915502548217773
3.793644666671753,4.099018096923828,4.9160284996032715
3.7939741611480713,4.099134922027588,4.916703224182129
3.7939741611480713,4.099134922027588,4.916703224182129
3.795649766921997,4.099943161010742,4.917094707489014
3.7972450256347656,4.101032257080078,4.917815208435059
3.798823118209839,4.101287364959717,4.9179158210754395
3.7999961376190186,4.101401329040527,4.9178667068481445
3.8009161949157715,4.100841999053955,4.9166460037231445
3.8009161949157715,4.100841999053955,4.9166460037231445
3.8004579544067383,4.101053714752197,4.918238639831543
3.7986772060394287,4.100336074829102,4.918680191040039
3.7986650466918945,4.100160598754883,4.920222282409668
3.8002264499664307,4.100767612457275,4.9201860427856445
3.8017780780792236,4.101658344268799,4.920895099639893
3.8032994270324707,4.102181911468506,4.9203057289123535
3.8030505180358887,4.10197639465332,4.919755458831787
3.8014910221099854,4.101761341094971,4.9209160804748535
3.8014910221099854,4.101761341094971,4.9209160804748535
3.800339460372925,4.101773262023926,4.921602249145508
3.799513578414917,4.102061748504639,4.922739028930664
3.799168109893799,4.102049827575684,4.922968864440918
3.799370288848877,4.102282524108887,4.9233784675598145
3.7989041805267334,4.102727890014648,4.923858642578125
3.7987165451049805,4.103408336639404,4.924617290496826
3.7987165451049805,4.103408336639404,4.924617290496826
3.7988014221191406,4.1031341552734375,4.924161434173584
3.799453020095825,4.103248119354248,4.923263072967529
3.798555612564087,4.103460788726807,4.922045707702637
3.797661066055298,4.103475570678711,4.923373699188232
3.7979464530944824,4.104144096374512,4.925642490386963
3.797476053237915,4.105343341827393,4.927819728851318
3.7988948822021484,4.105698585510254,4.9275407791137695
3.7988948822021484,4.105698585510254,4.9275407791137695
3.800081968307495,4.1062164306640625,4.926913261413574
3.8015122413635254,4.106441497802734,4.927249908447266
3.8023860454559326,4.107327461242676,4.928486347198486
3.8020389080047607,4.108189105987549,4.930384159088135
3.8019800186157227,4.108867168426514,4.932869911193848
3.801915168762207,4.109020233154297,4.934319972991943
3.801915168762207,4.109020233154297,4.934319972991943
3.802032232284546,4.10982608795166,4.936065196990967
3.803495168685913,4.110879421234131,4.936302185058594
3.804936647415161,4.11198091506958,4.936871528625488
3.8064520359039307,4.112687110900879,4.936647891998291
3.8074021339416504,4.113190174102783,4.936355113983154
3.8059725761413574,4.113106727600098,4.936445236206055
3.8053038120269775,4.112711429595947,4.936929702758789
3.8053038120269775,4.112711429595947,4.936929702758789
3.805821657180786,4.11276912689209,4.9371819496154785
3.8068065643310547,4.1134748458862305,4.937774658203125
3.8074939250946045,4.113896369934082,4.938400745391846
3.8079400062561035,4.114095211029053,4.938621997833252
3.8079781532287598,4.114015102386475,4.939091205596924
3.8079781532287598,4.114015102386475,4.939091205596924
3.8065388202667236,4.1141557693481445,4.94034481048584
3.8052163124084473,4.113893032073975,4.941065311431885
3.804961681365967,4.113818168640137,4.941311359405518
3.8064205646514893,4.114317893981934,4.942136764526367
3.8063015937805176,4.114292621612549,4.9422149658203125
3.8063015937805176,4.114292621612549,4.9422149658203125
3.8047311305999756,4.113644599914551,4.942874908447266
3.8032538890838623,4.112284183502197,4.941523551940918
3.8025295734405518,4.111477375030518,4.941299915313721
3.801657199859619,4.110929012298584,4.939266681671143
3.7998273372650146,4.110060691833496,4.939043998718262
3.7984180450439453,4.1099419593811035,4.939121246337891
3.7984180450439453,4.1099419593811035,4.939121246337891
3.7993433475494385,4.1105146408081055,4.940455436706543
3.7997841835021973,4.1108598709106445,4.939924240112305
3.8002803325653076,4.111117362976074,4.939688682556152
3.8002772331237793,4.110649108886719,4.93828821182251
3.800652027130127,4.110238552093506,4.938164234161377
3.7994277477264404,4.110040187835693,4.939713001251221
3.7994277477264404,4.110040187835693,4.939713001251221
3.7975716590881348,4.10974645614624,4.941334247589111
3.7966971397399902,4.1092658042907715,4.941662788391113
3.7968006134033203,4.109403610229492,4.942155361175537
3.7980453968048096,4.110243320465088,4.942625999450684
3.7978591918945312,4.110316753387451,4.9432573318481445
3.797530174255371,4.110316276550293,4.944246768951416
3.797530174255371,4.110316276550293,4.944246768951416
3.7977793216705322,4.111190319061279,4.945108890533447
3.7965266704559326,4.111618995666504,4.945638179779053
3.795163631439209,4.111328125,4.947054862976074
3.794532060623169,4.111065864562988,4.947791576385498
3.796741485595703,4.112085342407227,4.948704242706299
3.7991316318511963,4.112953186035156,4.948553562164307
3.799377918243408,4.113211154937744,4.9486212730407715
3.799377918243408,4.113211154937744,4.9486212730407715
3.7998924255371094,4.113025665283203,4.948786735534668
3.799870729446411,4.113397598266602,4.950922012329102
3.8001761436462402,4.113860607147217,4.952128887176514
3.8004508018493652,4.113813400268555,4.9525065422058105
3.799764394760132,4.113569736480713,4.953493595123291
3.79954195022583,4.113790512084961,4.953989028930664
3.800618886947632,4.114313125610352,4.954455375671387
3.800618886947632,4.114313125610352,4.954455375671387
3.8019678592681885,4.115248680114746,4.953069686889648
3.805104970932007,4.116366863250732,4.952054500579834
3.805823802947998,4.1173319816589355,4.952719688415527
3.8038716316223145,4.11785364151001,4.954625606536865
3.8022220134735107,4.117983818054199,4.955386161804199
3.8018321990966797,4.1180949211120605,4.956208229064941
3.8035855293273926,4.118645668029785,4.956052303314209
3.8051021099090576,4.120086669921875,4.956538677215576
3.8067493438720703,4.1215362548828125,4.957350730895996
3.8067493438720703,4.1215362548828125,4.957350730895996
3.8079299926757812,4.1230244636535645,4.958479404449463
3.809230327606201,4.124666690826416,4.960761070251465
3.808995008468628,4.1249260902404785,4.963132381439209
3.8084332942962646,4.124944686889648,4.964657783508301
3.8091158866882324,4.125451564788818,4.965394020080566
3.8112118244171143,4.1257548332214355,4.964332580566406
3.8112118244171143,4.1257548332214355,4.964332580566406
3.8132779598236084,4.126301288604736,4.963686466217041
3.8156425952911377,4.126500606536865,4.963240623474121
3.8159894943237305,4.1275529861450195,4.964378833770752
3.8179829120635986,4.128522872924805,4.9658966064453125
3.81825590133667,4.129024505615234,4.9663777351379395
3.81825590133667,4.129024505615234,4.9663777351379395
3.819552183151245,4.12984561920166,4.967244625091553
3.819169759750366,4.129851818084717,4.96654748916626
3.820126533508301,4.130126476287842,4.966740131378174
3.8217475414276123,4.130825042724609,4.9667792320251465
3.821998357772827,4.1310906410217285,4.96743106842041
3.822068214416504,4.130641460418701,4.967215538024902
3.822068214416504,4.130641460418701,4.967215538024902
3.821315288543701,4.130529403686523,4.96842098236084
3.821915864944458,4.131128787994385,4.968929767608643
3.822382688522339,4.131535053253174,4.969552993774414
3.8223719596862793,4.13166618347168,4.970105171203613
3.8230841159820557,4.131689548492432,4.970572471618652
3.82273268699646,4.131821632385254,4.97231388092041
3.8222601413726807,4.132229804992676,4.974087238311768
3.8222601413726807,4.132229804992676,4.974087238311768
3.8223206996917725,4.132802486419678,4.975355625152588
3.8229079246520996,4.133411884307861,4.975559711456299
3.8254237174987793,4.134525299072266,4.975998401641846
3.8263230323791504,4.135277271270752,4.976840019226074
3.827272653579712,4.13610315322876,4.978344440460205
3.8264191150665283,4.136740207672119,4.978487014770508
3.8268024921417236,4.137482643127441,4.979360580444336
3.8268024921417236,4.137482643127441,4.979360580444336
3.826141357421875,4.137703895568848,4.980427265167236
3.8239693641662598,4.1378960609436035,4.981353759765625
3.824594736099243,4.13839864730835,4.981907367706299
3.826538324356079,4.13882303237915,4.980720520019531
3.8270018100738525,4.139653205871582,4.980865478515625
3.825195550918579,4.139721870422363,4.981529712677002
3.825195550918579,4.139721870422363,4.981529712677002
3.8248980045318604,4.140260696411133,4.983588218688965
3.825345516204834,4.141091346740723,4.984926223754883
3.826096296310425,4.141717910766602,4.986090183258057
3.826151132583618,4.1419596672058105,4.986743927001953
3.82662296295166,4.141765594482422,4.986409664154053
3.827507972717285,4.141833782196045,4.986820697784424
3.827507972717285,4.141833782196045,4.986820697784424
3.827479600906372,4.142149448394775,4.98773193359375
3.8267507553100586,4.142079830169678,4.989048480987549
3.82661509513855,4.141979217529297,4.9907307624816895
3.8275623321533203,4.142148494720459,4.991761684417725
3.8286235332489014,4.142702102661133,4.992075443267822
3.828993558883667,4.1423020362854,4.991102695465088
3.8274478912353516,4.14185905456543,4.991323947906494
3.8274478912353516,4.14185905456543,4.991323947906494
3.8260035514831543,4.141300678253174,4.991668701171875
3.826479434967041,4.141763210296631,4.99268102645874
3.825812339782715,4.141907215118408,4.99224853515625
3.8271124362945557,4.14240026473999,4.9920973777771
3.8267433643341064,4.142825126647949,4.992205619812012
3.8244853019714355,4.142772674560547,4.9934563636779785
3.823251247406006,4.142939567565918,4.993860721588135
3.823251247406006,4.142939567565918,4.993860721588135
3.822864532470703,4.142968654632568,4.993847846984863
3.8238587379455566,4.14346170425415,4.993777275085449
3.82366943359375,4.143680572509766,4.994068145751953
3.8249945640563965,4.144804954528809,4.995615005493164
3.824711561203003,4.145674228668213,4.9975433349609375
3.8238253593444824,4.14509916305542,4.998302459716797
3.822815418243408,4.145030498504639,4.999135494232178
3.8231875896453857,4.145460605621338,5.000065326690674
3.8260602951049805,4.146804332733154,5.000847816467285
3.8260602951049805,4.146804332733154,5.000847816467285
3.831088066101074,4.149052143096924,5.002572536468506
3.833202600479126,4.150803565979004,5.005002498626709
3.833063840866089,4.151647090911865,5.0081706047058105
3.83168888092041,4.151785373687744,5.012299537658691
3.8316586017608643,4.152365684509277,5.014336585998535
3.831993579864502,4.152719020843506,5.0160603523254395
3.835003137588501,4.153493881225586,5.015231609344482
3.838498115539551,4.154635906219482,5.014998912811279
3.838498115539551,4.154635906219482,5.014998912811279
3.844393253326416,4.156436443328857,5.014772415161133
3.845797061920166,4.157312393188477,5.014749050140381
3.8464982509613037,4.1576738357543945,5.0158586502075195
3.844912528991699,4.158121585845947,5.017342567443848
3.845731735229492,4.158543586730957,5.018202781677246
3.846324920654297,4.159421920776367,5.018319606781006
3.846324920654297,4.159421920776367,5.018319606781006
3.847306489944458,4.160252094268799,5.019024848937988
3.8486292362213135,4.161713600158691,5.018299579620361
3.850383758544922,4.162095069885254,5.017783164978027
3.8512585163116455,4.163605213165283,5.017230987548828
3.8501791954040527,4.16384744644165,5.018068313598633
3.8500022888183594,4.163873672485352,5.018421649932861
3.8500022888183594,4.163873672485352,5.018421649932861
3.849238395690918,4.163839817047119,5.019264221191406
3.848940372467041,4.164237976074219,5.0198869705200195
3.849045991897583,4.164519786834717,5.019769668579102
3.8497631549835205,4.1645660400390625,5.018957138061523
3.850583076477051,4.164884567260742,5.018763065338135
3.850219488143921,4.165457248687744,5.019794464111328
3.8501789569854736,4.165938854217529,5.0207414627075195
3.8513457775115967,4.166311740875244,5.020856857299805
3.8513457775115967,4.166311740875244,5.020856857299805
3.852494955062866,4.166406631469727,5.020941734313965
3.852649211883545,4.166660785675049,5.022237300872803
3.852304697036743,4.1672282218933105,5.023057460784912
3.853184700012207,4.168161392211914,5.024582862854004
3.8538033962249756,4.168675422668457,5.02477502822876
3.8537189960479736,4.168928146362305,5.025453090667725
3.852595329284668,4.168985843658447,5.025757312774658
3.8529958724975586,4.169076919555664,5.026062965393066
3.853818893432617,4.169888973236084,5.027134418487549
3.853818893432617,4.169888973236084,5.027134418487549
3.85453724861145,4.170882225036621,5.027735710144043
3.8539695739746094,4.1713457107543945,5.028242111206055
3.8538506031036377,4.171163082122803,5.02840518951416
3.853783369064331,4.170751571655273,5.028792381286621
3.8526246547698975,4.170529842376709,5.028580188751221
3.8514575958251953,4.170412540435791,5.028879642486572
3.851991891860962,4.170809268951416,5.029489040374756
3.854099750518799,4.172027587890625,5.030594348907471
3.855473041534424,4.173337459564209,5.03223180770874
3.8543570041656494,4.173253059387207,5.0331830978393555
3.8543543815612793,4.173267364501953,5.035212993621826
3.8553521633148193,4.173856735229492,5.036998271942139
3.8553521633148193,4.173856735229492,5.036998271942139
3.856496572494507,4.174639701843262,5.038714408874512
3.85741925239563,4.175145149230957,5.0392303466796875
3.8589301109313965,4.1757893562316895,5.039909362792969
3.8605234622955322,4.1764912605285645,5.040659427642822
3.8609893321990967,4.177064895629883,5.041297912597656
3.8606293201446533,4.17721700668335,5.041997909545898
3.861158847808838,4.177525520324707,5.041729927062988
3.8612172603607178,4.177722930908203,5.042235374450684
3.8612172603607178,4.177722930908203,5.042235374450684
3.860093355178833,4.177907466888428,5.043078422546387
3.8593103885650635,4.177690029144287,5.043299674987793
3.8592891693115234,4.177989482879639,5.043825149536133
3.8604843616485596,4.17849588394165,5.043693542480469
3.8593320846557617,4.179361820220947,5.044979572296143
3.859154462814331,4.179387092590332,5.045507907867432
3.859154462814331,4.179387092590332,5.045507907867432
3.8603081703186035,4.180065631866455,5.046572685241699
3.8615128993988037,4.181060314178467,5.0469865798950195
3.861454725265503,4.18129301071167,5.047190189361572
3.8611297607421875,4.1811017990112305,5.047872066497803
3.8625707626342773,4.18157434463501,5.049346923828125
3.864316940307617,4.183006286621094,5.051321029663086
3.86680006980896,4.1838459968566895,5.051854133605957
3.8681156635284424,4.1845855712890625,5.053396224975586
3.8681156635284424,4.1845855712890625,5.053396224975586
3.869551420211792,4.185532093048096,5.0541486740112305
3.870499849319458,4.186877727508545,5.055848598480225
3.8709659576416016,4.18807315826416,5.057637691497803
3.8701000213623047,4.188486576080322,5.058548450469971
3.869900703430176,4.188295841217041,5.058440208435059
3.8695600032806396,4.188058853149414,5.058112621307373
3.8685646057128906,4.187503814697266,5.0571980476379395
3.8694264888763428,4.187475681304932,5.056455135345459
3.870945930480957,4.188024997711182,5.05661678314209
3.870945930480957,4.188024997711182,5.05661678314209
3.871032476425171,4.188259124755859,5.05692195892334
3.870421886444092,4.188878536224365,5.05905294418335
3.869368553161621,4.188650608062744,5.059559345245361
3.871399402618408,4.189130783081055,5.060126781463623
3.871947765350342,4.189355850219727,5.059174537658691
3.872281551361084,4.189779758453369,5.0588698387146
3.8717215061187744,4.189810276031494,5.058745384216309
3.8717215061187744,4.189810276031494,5.058745384216309
3.873112916946411,4.190771579742432,5.060031414031982
3.8734192848205566,4.191076755523682,5.0601806640625
3.872544527053833,4.191488742828369,5.061938762664795
3.8716623783111572,4.191226482391357,5.062506675720215
3.8727283477783203,4.192111968994141,5.0644989013671875
3.872629404067993,4.192599296569824,5.066188335418701
3.8710994720458984,4.192795753479004,5.066735744476318
3.8705198764801025,4.192245006561279,5.066361427307129
3.8705198764801025,4.192245006561279,5.066361427307129
3.869793653488159,4.191915988922119,5.066559791564941
3.868544101715088,4.192157745361328,5.067824363708496
3.8671560287475586,4.192834854125977,5.069583415985107
3.8683054447174072,4.193846225738525,5.070544242858887
3.8701398372650146,4.194499969482422,5.071054935455322
3.870192050933838,4.195270538330078,5.072320461273193
3.8688998222351074,4.1953020095825195,5.0729660987854
3.8688998222351074,4.1953020095825195,5.0729660987854
3.8681366443634033,4.195152282714844,5.073659896850586
3.8667194843292236,4.195754528045654,5.07710599899292
3.865421772003174,4.195528030395508,5.077874660491943
3.8665683269500732,4.196263790130615,5.079377174377441
3.8665683269500732,4.196263790130615,5.079377174377441
3.867490530014038,4.196565628051758,5.079468250274658
3.869138479232788,4.197510242462158,5.079970359802246
3.8705105781555176,4.198144912719727,5.079535484313965
3.871420383453369,4.198574542999268,5.079143047332764
3.8707821369171143,4.19864559173584,5.079009532928467
3.871342897415161,4.199857234954834,5.081136226654053
3.8728504180908203,4.201183319091797,5.082111358642578
3.8753390312194824,4.202884674072266,5.083878040313721
3.8753390312194824,4.202884674072266,5.083878040313721
3.875687837600708,4.203069686889648,5.0852532386779785
3.876885414123535,4.204174041748047,5.087554931640625
3.876498222351074,4.204136371612549,5.088620662689209
3.875901460647583,4.204025745391846,5.08957576751709
3.8759357929229736,4.203649997711182,5.09004020690918
3.876008987426758,4.203783988952637,5.090412139892578
3.876008987426758,4.203783988952637,5.090412139892578
3.8761868476867676,4.204095840454102,5.0923027992248535
3.8766932487487793,4.204360485076904,5.093749046325684
3.878110408782959,4.204868316650391,5.094696521759033
3.879197359085083,4.205051422119141,5.0941596031188965
3.878894090652466,4.2049431800842285,5.093921184539795
3.8793282508850098,4.204646110534668,5.094221591949463
3.8806848526000977,4.205414295196533,5.095991134643555
3.8814280033111572,4.205837726593018,5.095950603485107
3.882840394973755,4.206364154815674,5.095521450042725
3.8821263313293457,4.2063069343566895,5.093522071838379
3.8821263313293457,4.2063069343566895,5.093522071838379
3.8835721015930176,4.205905914306641,5.092554569244385
3.883327007293701,4.2066240310668945,5.093392372131348
3.8829736709594727,4.207408905029297,5.095139980316162
3.8835625648498535,4.20794677734375,5.096347808837891
3.8845877647399902,4.208909511566162,5.098270416259766
3.8857808113098145,4.209559440612793,5.097504615783691
3.8857808113098145,4.209559440612793,5.097504615783691
3.8865749835968018,4.210649490356445,5.098654747009277
3.888188600540161,4.21174955368042,5.099993705749512
3.8893682956695557,4.212834358215332,5.101431369781494
3.888011932373047,4.213510513305664,5.102101802825928
3.8869776725769043,4.2134480476379395,5.102505683898926
3.886315107345581,4.213465690612793,5.103540420532227
3.8863725662231445,4.213679313659668,5.10379695892334
3.88594651222229,4.213546276092529,5.103307723999023
3.8843157291412354,4.21271276473999,5.102673053741455
3.883777141571045,4.212247848510742,5.102375507354736
3.883777141571045,4.212247848510742,5.102375507354736
3.8836138248443604,4.212388515472412,5.102865695953369
3.8812613487243652,4.212277412414551,5.104982376098633
3.8770573139190674,4.210977554321289,5.106578826904297
3.876115560531616,4.21047830581665,5.106367588043213
3.876492977142334,4.210663795471191,5.105673313140869
3.877498149871826,4.211502552032471,5.105632305145264
3.877498149871826,4.211502552032471,5.105632305145264
3.8776371479034424,4.211436748504639,5.104430198669434
3.8780765533447266,4.2120561599731445,5.104928493499756
3.876521348953247,4.211400508880615,5.105453014373779
3.8746988773345947,4.211557388305664,5.107602596282959
3.872959852218628,4.211256504058838,5.1072611808776855
3.8750345706939697,4.212246894836426,5.1073899269104
3.8750345706939697,4.212246894836426,5.1073899269104
3.8773605823516846,4.212568283081055,5.105332851409912
3.878918409347534,4.21359920501709,5.104875087738037
3.877520799636841,4.213435649871826,5.105347156524658
3.8772597312927246,4.213779926300049,5.105964660644531
3.877800464630127,4.2137064933776855,5.1062421798706055
3.8776018619537354,4.214529514312744,5.109158039093018
3.8776018619537354,4.214529514312744,5.109158039093018
3.8762571811676025,4.215034484863281,5.110782146453857
3.875654458999634,4.215826511383057,5.114424705505371
3.87713623046875,4.216975212097168,5.1183671951293945
3.8784401416778564,4.217990875244141,5.120151996612549
3.877586603164673,4.218176364898682,5.120922565460205
3.8771042823791504,4.218111515045166,5.121819019317627
3.879133701324463,4.218745231628418,5.122341156005859
3.88139271736145,4.220048904418945,5.123074054718018
3.88139271736145,4.220048904418945,5.123074054718018
3.8828694820404053,4.220831394195557,5.12389612197876
3.883366346359253,4.221138000488281,5.123735427856445
3.883117914199829,4.221096515655518,5.124179363250732
3.8834457397460938,4.22143030166626,5.124292850494385
3.8835370540618896,4.222184181213379,5.125524520874023
3.884834051132202,4.22256326675415,5.125920295715332
3.885403633117676,4.222878456115723,5.126645565032959
3.885403633117676,4.222878456115723,5.126645565032959
3.8856637477874756,4.223146438598633,5.128089427947998
3.885759115219116,4.223620891571045,5.129398345947266
3.886110782623291,4.223398208618164,5.128374099731445
3.8870341777801514,4.223825454711914,5.12907600402832
3.887150526046753,4.2238616943359375,5.129347801208496
3.885873794555664,4.224076747894287,5.130844593048096
3.8857672214508057,4.224050521850586,5.131565093994141
3.8857672214508057,4.224050521850586,5.131565093994141
3.887671709060669,4.225081443786621,5.1323089599609375
3.889061689376831,4.225808143615723,5.130687713623047
3.889333724975586,4.226152420043945,5.130735874176025
3.890721082687378,4.226945877075195,5.131679534912109
3.8923816680908203,4.227818965911865,5.132707595825195
3.8923444747924805,4.22844934463501,5.1342902183532715
3.891906976699829,4.228838920593262,5.13643217086792
3.891906976699829,4.228838920593262,5.13643217086792
3.891857624053955,4.229152679443359,5.1372270584106445
3.8937125205993652,4.229864120483398,5.13716459274292
3.8953423500061035,4.230876922607422,5.136499404907227
3.8958046436309814,4.231369972229004,5.136353015899658
3.8956735134124756,4.231310844421387,5.137505054473877
3.895477294921875,4.231163024902344,5.1387410163879395
3.894869804382324,4.231564044952393,5.140012264251709
3.89385724067688,4.231627941131592,5.140340328216553
3.8936822414398193,4.231074810028076,5.139937400817871
3.8936822414398193,4.231074810028076,5.139937400817871
3.893670082092285,4.231078147888184,5.139723777770996
3.8932383060455322,4.23100471496582,5.140122890472412
3.8912720680236816,4.230913162231445,5.140493869781494
3.890247344970703,4.230372428894043,5.140252113342285
3.8903021812438965,4.230137825012207,5.140705108642578
3.891014337539673,4.230402946472168,5.1412153244018555
3.8908419609069824,4.23060941696167,5.141628265380859
3.891449451446533,4.230648994445801,5.141252517700195
3.891449451446533,4.230648994445801,5.141252517700195
3.8908824920654297,4.230213165283203,5.140501499176025
3.8888330459594727,4.229629993438721,5.140652656555176
3.8867502212524414,4.2290120124816895,5.141200065612793
3.886129856109619,4.228879451751709,5.141676425933838
3.8866662979125977,4.229068756103516,5.1414594650268555
3.886657476425171,4.229337215423584,5.141118049621582
3.886592149734497,4.229256629943848,5.139627933502197
3.8875532150268555,4.229339599609375,5.1389641761779785
3.8888518810272217,4.230135917663574,5.140003681182861
3.8888914585113525,4.230513572692871,5.140670299530029
3.8888914585113525,4.230513572692871,5.140670299530029
3.8889832496643066,4.230666160583496,5.14117431640625
3.88955020904541,4.230847358703613,5.141843795776367
3.890704393386841,4.2313923835754395,5.14304256439209
3.8913118839263916,4.231950283050537,5.143708229064941
3.8914411067962646,4.2323899269104,5.144464015960693
3.8916356563568115,4.232370853424072,5.144956111907959
3.8918871879577637,4.23218297958374,5.145305633544922
3.892296552658081,4.232653617858887,5.146721363067627
3.8925154209136963,4.233022212982178,5.1477861404418945
3.8928754329681396,4.233095645904541,5.148714065551758
3.89424991607666,4.233006477355957,5.148641586303711
3.8940391540527344,4.2333478927612305,5.149107456207275
3.8942806720733643,4.233691215515137,5.150002956390381
3.894984483718872,4.234175205230713,5.149940490722656
3.8969526290893555,4.235008716583252,5.150522232055664
3.8969526290893555,4.235008716583252,5.150522232055664
3.898073673248291,4.2361321449279785,5.151097774505615
3.8989460468292236,4.236980438232422,5.152645111083984
3.90018630027771,4.237534046173096,5.15432596206665
3.9027938842773438,4.2385077476501465,5.155440807342529
3.9050350189208984,4.239327907562256,5.156270980834961
3.9049346446990967,4.239651679992676,5.157260417938232
3.9058632850646973,4.240128517150879,5.158817768096924
3.9058632850646973,4.240128517150879,5.158817768096924
3.9057834148406982,4.240712642669678,5.161783218383789
3.905724048614502,4.241474151611328,5.163522720336914
3.904359817504883,4.241579055786133,5.16404914855957
3.9049060344696045,4.241183280944824,5.163045406341553
3.9062280654907227,4.2419114112854,5.163280487060547
3.9070029258728027,4.243059158325195,5.1649932861328125
3.9068760871887207,4.24353551864624,5.165256977081299
3.9070801734924316,4.2441935539245605,5.166932582855225
3.9071216583251953,4.24483585357666,5.167819976806641
3.9071216583251953,4.24483585357666,5.167819976806641
3.907426357269287,4.2457122802734375,5.1697893142700195
3.908538341522217,4.246041774749756,5.1689887046813965
3.910362482070923,4.246853828430176,5.168645858764648
3.912444591522217,4.247550010681152,5.167988300323486
3.9123377799987793,4.248656272888184,5.170482635498047
3.9123377799987793,4.248656272888184,5.170482635498047
3.911343574523926,4.248551845550537,5.17059326171875
3.912095069885254,4.248961925506592,5.171564102172852
3.911928415298462,4.248910903930664,5.1709794998168945
3.9112401008605957,4.249008655548096,5.170552730560303
3.911825656890869,4.248969078063965,5.169039726257324
3.9132235050201416,4.249551296234131,5.168720245361328
3.9142088890075684,4.250087261199951,5.168573379516602
3.9142088890075684,4.250087261199951,5.168573379516602
3.9126410484313965,4.249828815460205,5.169496536254883
3.9114699363708496,4.249446868896484,5.170302391052246
3.9112043380737305,4.249478340148926,5.171746730804443
3.9115030765533447,4.249914169311523,5.1729912757873535
3.9114017486572266,4.2501959800720215,5.172934532165527
3.911487102508545,4.250338077545166,5.172667026519775
3.9115114212036133,4.250427722930908,5.173487186431885
3.9118711948394775,4.251241683959961,5.175145149230957
3.9118711948394775,4.251241683959961,5.175145149230957
3.911194086074829,4.251503944396973,5.175925254821777
3.9115891456604004,4.251726150512695,5.177393436431885
3.9112565517425537,4.251669883728027,5.17727518081665
3.9109435081481934,4.251565456390381,5.177527904510498
3.9095044136047363,4.251125335693359,5.177825927734375
3.9095044136047363,4.251125335693359,5.177825927734375
3.9094796180725098,4.250828266143799,5.1778035163879395
3.909644842147827,4.250665664672852,5.176937103271484
3.9092373847961426,4.250854015350342,5.178080081939697
3.906538963317871,4.250739574432373,5.1783976554870605
3.906888723373413,4.250644207000732,5.179558753967285
3.909095525741577,4.251199722290039,5.179705619812012
3.91108775138855,4.252053737640381,5.179818630218506
3.91108775138855,4.252053737640381,5.179818630218506
3.91090989112854,4.252108097076416,5.180200576782227
3.91066837310791,4.252503395080566,5.181800365447998
3.9111697673797607,4.253403186798096,5.184044361114502
3.9122731685638428,4.25413179397583,5.184886932373047
3.912700653076172,4.254085540771484,5.184264659881592
3.914201021194458,4.254345417022705,5.184114933013916
3.9164695739746094,4.254964828491211,5.1847734451293945
3.918114185333252,4.255697250366211,5.185375690460205
3.9163002967834473,4.255350112915039,5.186642646789551
3.9163002967834473,4.255350112915039,5.186642646789551
3.915722370147705,4.254881858825684,5.188141822814941
3.9166181087493896,4.255378723144531,5.189942836761475
3.919443368911743,4.25600004196167,5.192196846008301
3.92169451713562,4.256394863128662,5.192574977874756
3.9229891300201416,4.2565155029296875,5.19175386428833
3.923276662826538,4.256378650665283,5.1927361488342285
3.9218814373016357,4.256587505340576,5.193996906280518
3.919853687286377,4.2565202713012695,5.196356773376465
3.919853687286377,4.2565202713012695,5.196356773376465
3.9197285175323486,4.257538795471191,5.196273326873779
3.921959400177002,4.258055686950684,5.196044445037842
3.92299747467041,4.258738040924072,5.1945481300354
3.9229843616485596,4.258932590484619,5.193521499633789
3.923631429672241,4.259485244750977,5.193272113800049
3.9249930381774902,4.260079860687256,5.193953990936279
3.9249930381774902,4.260079860687256,5.193953990936279
3.924406051635742,4.26025390625,5.194169044494629
3.923797845840454,4.260253429412842,5.194541931152344
3.924497365951538,4.260272979736328,5.193804740905762
3.927297353744507,4.260937213897705,5.193037986755371
3.928718090057373,4.261346340179443,5.192898273468018
3.928718090057373,4.261346340179443,5.192898273468018
3.9287915229797363,4.261455535888672,5.1926398277282715
3.9282655715942383,4.261286735534668,5.1924872398376465
3.92708420753479,4.26122522354126,5.193713665008545
3.9254815578460693,4.261719703674316,5.195387363433838
3.9249868392944336,4.26184606552124,5.195493698120117
3.9260153770446777,4.261729717254639,5.194794654846191
3.926610231399536,4.261939525604248,5.19458532333374
3.926610231399536,4.261939525604248,5.19458532333374
3.9262537956237793,4.261972904205322,5.194945812225342
3.9258968830108643,4.262274265289307,5.195718288421631
3.9254162311553955,4.2626566886901855,5.197086811065674
3.9258620738983154,4.2625579833984375,5.198143482208252
3.9260663986206055,4.262905120849609,5.199580669403076
3.9269611835479736,4.263189315795898,5.199871063232422
3.9269611835479736,4.263189315795898,5.199871063232422
3.927324056625366,4.263558387756348,5.2008585929870605
3.92867112159729,4.263498783111572,5.200002670288086
3.9294891357421875,4.263812065124512,5.200654983520508
3.9287967681884766,4.26392936706543,5.201327323913574
3.928473472595215,4.263596534729004,5.202180862426758
3.9288506507873535,4.26352071762085,5.201735973358154
3.9288506507873535,4.26352071762085,5.201735973358154
3.9291892051696777,4.263720989227295,5.202682018280029
3.9284253120422363,4.263852596282959,5.201597690582275
3.928154706954956,4.263587951660156,5.2016143798828125
3.928823709487915,4.263675689697266,5.201684951782227
3.9286532402038574,4.263593673706055,5.201586723327637
3.9286532402038574,4.263593673706055,5.201586723327637
3.9284110069274902,4.263338565826416,5.201241970062256
3.9276394844055176,4.262867450714111,5.201830863952637
3.927100896835327,4.26274299621582,5.202731609344482
3.9262731075286865,4.262755870819092,5.204472541809082
3.9246556758880615,4.262497425079346,5.204943656921387
3.924420118331909,4.262256145477295,5.203915596008301
3.924607276916504,4.2621026039123535,5.202994346618652
3.924607276916504,4.2621026039123535,5.202994346618652
3.924156904220581,4.2622480392456055,5.204003810882568
3.923036813735962,4.263044834136963,5.2062225341796875
3.9230246543884277,4.263730525970459,5.207311630249023
3.925987720489502,4.26505708694458,5.207355976104736
3.927623987197876,4.265941619873047,5.2070159912109375
3.928945302963257,4.267246723175049,5.207785129547119
3.928945302963257,4.267246723175049,5.207785129547119
3.929969310760498,4.267831325531006,5.208891868591309
3.9313831329345703,4.269592761993408,5.212209701538086
3.9307408332824707,4.269870281219482,5.214498519897461
3.930419683456421,4.2704854011535645,5.2158122062683105
3.931856393814087,4.270509719848633,5.2166595458984375
3.9339494705200195,4.271106243133545,5.216715335845947
3.935384511947632,4.271435260772705,5.216821193695068
3.935384511947632,4.271435260772705,5.216821193695068
3.9364206790924072,4.271679878234863,5.215976715087891
3.9361228942871094,4.271585464477539,5.215734481811523
3.935922861099243,4.271425724029541,5.21669864654541
3.9361917972564697,4.27216100692749,5.219417572021484
3.935530424118042,4.2723565101623535,5.221044540405273
3.9359092712402344,4.271724700927734,5.221275806427002
3.9373371601104736,4.2716898918151855,5.220953464508057
3.9373972415924072,4.2717461585998535,5.221475124359131
3.9387240409851074,4.271975994110107,5.221249103546143
3.9387240409851074,4.271975994110107,5.221249103546143
3.938129425048828,4.272006511688232,5.22172212600708
3.9385550022125244,4.271884441375732,5.221497535705566
3.93841290473938,4.272462844848633,5.2230939865112305
3.9379472732543945,4.273187160491943,5.222704887390137
3.9380247592926025,4.27357292175293,5.222798824310303
3.9403371810913086,4.274101734161377,5.221627235412598
3.9403371810913086,4.274101734161377,5.221627235412598
3.940584421157837,4.274706840515137,5.22114896774292
3.9392101764678955,4.274219989776611,5.219960689544678
3.938342571258545,4.273628234863281,5.220623016357422
3.9388489723205566,4.2738776206970215,5.221865177154541
3.939436197280884,4.275014400482178,5.2238311767578125
3.9384093284606934,4.27449369430542,5.222005844116211
3.9384093284606934,4.27449369430542,5.222005844116211
3.938582181930542,4.274198532104492,5.221113204956055
3.9388837814331055,4.274500846862793,5.2217302322387695
3.9391982555389404,4.274763107299805,5.222381591796875
3.9382472038269043,4.274462699890137,5.22239351272583
3.937480926513672,4.2741265296936035,5.222754001617432
3.9386074542999268,4.274372100830078,5.223129749298096
3.9386074542999268,4.274372100830078,5.223129749298096
3.9395055770874023,4.274560451507568,5.222834587097168
3.940319299697876,4.274547576904297,5.222344875335693
3.94020676612854,4.274332046508789,5.222446441650391
3.9410877227783203,4.274406909942627,5.2230987548828125
3.939934253692627,4.274385929107666,5.224409580230713
3.939934253692627,4.274385929107666,5.224409580230713
3.9397103786468506,4.274118423461914,5.224755764007568
3.9394640922546387,4.27402400970459,5.225042819976807
3.939988374710083,4.274202823638916,5.224748134613037
3.9392757415771484,4.274033069610596,5.223379611968994
3.9384031295776367,4.2738213539123535,5.222933292388916
3.9386515617370605,4.274058818817139,5.223551273345947
3.9388139247894287,4.27449893951416,5.225025177001953
3.9388139247894287,4.27449893951416,5.225025177001953
3.938695192337036,4.274850845336914,5.225407600402832
3.9380433559417725,4.275033950805664,5.226226329803467
3.9368929862976074,4.274477005004883,5.226229190826416
3.936936140060425,4.274557113647461,5.227246284484863
3.9366719722747803,4.274819374084473,5.228250980377197
3.9376184940338135,4.275561809539795,5.228517532348633
3.9376184940338135,4.275561809539795,5.228517532348633
3.936566114425659,4.275233268737793,5.228281497955322
3.9350426197052,4.274673938751221,5.228795051574707
3.9341022968292236,4.275043964385986,5.231173992156982
3.9342551231384277,4.2761549949646,5.2331862449646
3.934199333190918,4.276500225067139,5.233510971069336
3.936495065689087,4.277280330657959,5.231161117553711
3.936495065689087,4.277280330657959,5.231161117553711
3.9362637996673584,4.277810096740723,5.230721950531006
3.9358034133911133,4.278144359588623,5.2306084632873535
3.9349615573883057,4.2783942222595215,5.232182025909424
3.9339287281036377,4.278362274169922,5.233712673187256
3.9339656829833984,4.278449535369873,5.234319686889648
3.9339656829833984,4.278449535369873,5.234319686889648
3.933568239212036,4.278092861175537,5.233734130859375
3.933598518371582,4.2776618003845215,5.231611728668213
3.9348413944244385,4.277478218078613,5.230488300323486
3.9356749057769775,4.277729034423828,5.230027675628662
3.936358690261841,4.277709007263184,5.232040882110596
3.934857130050659,4.277081489562988,5.233356952667236
3.934572696685791,4.277133464813232,5.235213279724121
3.9363303184509277,4.278073787689209,5.2360758781433105
3.93868088722229,4.278902053833008,5.236867427825928
3.9407148361206055,4.279070854187012,5.236164093017578
3.9401936531066895,4.2792863845825195,5.237287998199463
3.9401936531066895,4.2792863845825195,5.237287998199463
3.9408926963806152,4.279542446136475,5.238374710083008
3.9395830631256104,4.279419422149658,5.238957405090332
3.9393649101257324,4.279189109802246,5.240024089813232
3.93943452835083,4.279524326324463,5.238748073577881
3.9405736923217773,4.2801899909973145,5.239073753356934
3.9416887760162354,4.280653476715088,5.2393317222595215
3.9416887760162354,4.280653476715088,5.2393317222595215
3.942399024963379,4.2810492515563965,5.239132881164551
3.942662000656128,4.28107213973999,5.2391157150268555
3.9418392181396484,4.281113624572754,5.239677906036377
3.941718101501465,4.281741142272949,5.241456031799316
3.9416699409484863,4.282382488250732,5.242927551269531
3.9414174556732178,4.2826409339904785,5.243470668792725
3.9432289600372314,4.283323764801025,5.2433390617370605
3.9458131790161133,4.284420490264893,5.243811130523682
3.94657564163208,4.28530216217041,5.2438883781433105
3.9463019371032715,4.286250114440918,5.246095657348633
3.9463019371032715,4.286250114440918,5.246095657348633
3.945681095123291,4.28675651550293,5.248437404632568
3.9456677436828613,4.287181377410889,5.249611854553223
3.945589780807495,4.2872843742370605,5.250077724456787
3.945746660232544,4.28718900680542,5.249359130859375
3.9453563690185547,4.287081241607666,5.247616767883301
3.9454166889190674,4.286556720733643,5.245560169219971
3.9443416595458984,4.286367416381836,5.2452263832092285
3.942744255065918,4.286069393157959,5.246637344360352
3.942744255065918,4.286069393157959,5.246637344360352
3.9414167404174805,4.285813808441162,5.246891498565674
3.941272735595703,4.285856246948242,5.247945308685303
3.9419772624969482,4.285260200500488,5.246757984161377
3.941894054412842,4.284947395324707,5.245865345001221
3.9416959285736084,4.284806251525879,5.246057510375977
3.941833257675171,4.284633636474609,5.246535301208496
3.942331314086914,4.284703731536865,5.246793270111084
3.942211151123047,4.284712791442871,5.2469706535339355
3.942211151123047,4.284712791442871,5.2469706535339355
3.9413843154907227,4.284600257873535,5.246252536773682
3.9412217140197754,4.284082412719727,5.246264457702637
3.943084716796875,4.284200668334961,5.245358467102051
3.944352865219116,4.284726619720459,5.244664192199707
3.945002317428589,4.284710884094238,5.2446770668029785
3.943096160888672,4.2843732833862305,5.2452898025512695
3.942739963531494,4.284686088562012,5.246513843536377
3.943239688873291,4.2852630615234375,5.247462749481201
3.94329571723938,4.285438060760498,5.247573375701904
3.94329571723938,4.285438060760498,5.247573375701904
3.9432713985443115,4.285542964935303,5.246981620788574
3.9450695514678955,4.285799980163574,5.246809005737305
3.945709705352783,4.286416053771973,5.246998310089111
3.9474847316741943,4.287023544311523,5.24735689163208
3.9468326568603516,4.2866716384887695,5.247693061828613
3.948676586151123,4.287055492401123,5.248497486114502
3.949129343032837,4.287688255310059,5.249477863311768
3.949129343032837,4.287688255310059,5.249477863311768
3.9485368728637695,4.288062572479248,5.250758171081543
3.9486913681030273,4.287724018096924,5.2506842613220215
3.948178291320801,4.28728723526001,5.25075626373291
3.94828200340271,4.287242412567139,5.2518310546875
3.947901487350464,4.2873640060424805,5.253315448760986
3.947441339492798,4.287018775939941,5.254307746887207
3.9481759071350098,4.286927223205566,5.255220413208008
3.9494400024414062,4.286954402923584,5.255620002746582
3.9494400024414062,4.286954402923584,5.255620002746582
3.9501328468322754,4.287089824676514,5.255681037902832
3.9498331546783447,4.287029266357422,5.255917072296143
3.9503567218780518,4.287166595458984,5.25673770904541
3.951202392578125,4.287807941436768,5.257174968719482
3.95058012008667,4.28822660446167,5.258364677429199
3.9507858753204346,4.2883076667785645,5.2582244873046875
3.9509456157684326,4.288808822631836,5.257956027984619
3.951972484588623,4.2895379066467285,5.258305072784424
3.95192813873291,4.290332317352295,5.258781433105469
3.951322317123413,4.290574073791504,5.259499549865723
3.9516096115112305,4.291050910949707,5.25924825668335
3.9516096115112305,4.291050910949707,5.25924825668335
3.9530558586120605,4.292020797729492,5.259309768676758
3.9556522369384766,4.293060302734375,5.258784770965576
3.9559326171875,4.293178558349609,5.258581161499023
3.9551656246185303,4.293111801147461,5.258127212524414
3.955435276031494,4.2932257652282715,5.257733345031738
3.9549801349639893,4.293414115905762,5.257885932922363
3.9549801349639893,4.293414115905762,5.257885932922363
3.953392744064331,4.293169975280762,5.257842540740967
3.954558849334717,4.292970657348633,5.25788688659668
3.957468032836914,4.293872356414795,5.257747650146484
3.9578537940979004,4.293920993804932,5.257285118103027
3.9576287269592285,4.293728828430176,5.256485462188721
3.956582546234131,4.293015480041504,5.256026744842529
3.955683946609497,4.292609691619873,5.255993366241455
3.9549145698547363,4.292787075042725,5.256956577301025
3.9576058387756348,4.293722152709961,5.257666110992432
3.9618210792541504,4.294607639312744,5.258031368255615
3.965557098388672,4.2957892417907715,5.258457660675049
3.9671051502227783,4.296531677246094,5.258695125579834
3.9656035900115967,4.296016216278076,5.2595534324646
3.9640371799468994,4.295132637023926,5.260394096374512
3.9611449241638184,4.293535232543945,5.2609944343566895
3.9611449241638184,4.293535232543945,5.2609944343566895
3.957233428955078,4.291399955749512,5.260025501251221
3.9561386108398438,4.291327476501465,5.260472297668457
3.956768751144409,4.290679931640625,5.259799003601074
3.9574503898620605,4.291473388671875,5.260904788970947
3.957444429397583,4.291660308837891,5.262416362762451
3.9558606147766113,4.291880130767822,5.26326847076416
3.954949140548706,4.291338920593262,5.264240741729736
3.953195095062256,4.292023181915283,5.265564441680908
3.953413486480713,4.292222499847412,5.266590118408203
3.953413486480713,4.292222499847412,5.266590118408203
3.9538755416870117,4.2932000160217285,5.267213344573975
3.9552054405212402,4.293945789337158,5.267923831939697
3.9558231830596924,4.2947492599487305,5.267791748046875
3.956096887588501,4.295638561248779,5.268844127655029
3.953575372695923,4.295993804931641,5.269360542297363
3.9526686668395996,4.296244144439697,5.27061128616333
3.9538047313690186,4.297009468078613,5.271843910217285
3.9538047313690186,4.297009468078613,5.271843910217285
3.9540653228759766,4.298051834106445,5.27337121963501
3.9531679153442383,4.2984538078308105,5.274466037750244
3.9539101123809814,4.2987284660339355,5.274945259094238
3.9551539421081543,4.299294948577881,5.27497673034668
3.9553747177124023,4.299411773681641,5.275805473327637
3.952526807785034,4.298722267150879,5.27660608291626
3.952526807785034,4.298722267150879,5.27660608291626
3.9521491527557373,4.298090934753418,5.277228832244873
3.9538912773132324,4.298678874969482,5.278841018676758
3.95710825920105,4.300094127655029,5.278774738311768
3.9589102268218994,4.300777435302734,5.278203010559082
3.959017515182495,4.300555229187012,5.2783637046813965
3.958517074584961,4.299930572509766,5.278125762939453
3.956582546234131,4.298203945159912,5.277679443359375
3.956582546234131,4.298203945159912,5.277679443359375
3.9559030532836914,4.297080039978027,5.276427745819092
3.9557886123657227,4.297703742980957,5.277612686157227
3.9585068225860596,4.298954486846924,5.279521465301514
3.961324691772461,4.299635887145996,5.27926778793335
3.9642703533172607,4.300506114959717,5.279458522796631
3.964526653289795,4.299891471862793,5.278812408447266
3.9631237983703613,4.298763751983643,5.278908729553223
3.9631237983703613,4.298763751983643,5.278908729553223
3.960639238357544,4.297618389129639,5.280529975891113
3.9589602947235107,4.297286033630371,5.282095909118652
3.960716724395752,4.298766136169434,5.282973766326904
3.963696241378784,4.299804210662842,5.283901691436768
3.966829538345337,4.300384044647217,5.283892631530762
3.9691274166107178,4.301007270812988,5.281879425048828
3.9691274166107178,4.301007270812988,5.281879425048828
3.968575954437256,4.300562858581543,5.28004264831543
3.966524362564087,4.300395965576172,5.279860496520996
3.9654104709625244,4.30088996887207,5.2815775871276855
3.9655215740203857,4.301628112792969,5.283491134643555
3.9655215740203857,4.301628112792969,5.283491134643555
3.9679110050201416,4.302986145019531,5.284526348114014
3.9692506790161133,4.3039422035217285,5.285055637359619
3.9718685150146484,4.304853439331055,5.284541130065918
3.9723281860351562,4.30549430847168,5.284843921661377
3.9708428382873535,4.305648326873779,5.28701114654541
3.969046115875244,4.30565071105957,5.289244174957275
3.9696767330169678,4.306507587432861,5.291543006896973
3.9696767330169678,4.306507587432861,5.291543006896973
3.970738649368286,4.307210922241211,5.292301654815674
3.9719440937042236,4.308171272277832,5.293538570404053
3.97237229347229,4.308980941772461,5.294034957885742
3.9714138507843018,4.309348106384277,5.295449733734131
3.9700098037719727,4.30893087387085,5.295961856842041
3.9700098037719727,4.30893087387085,5.295961856842041
3.96921443939209,4.309009075164795,5.29585599899292
3.968170166015625,4.30872106552124,5.295338153839111
3.9674336910247803,4.308547019958496,5.295498847961426
3.9665687084198,4.308178901672363,5.295661926269531
3.965999126434326,4.308288097381592,5.295699596405029
3.964702606201172,4.307522773742676,5.295147895812988
3.9643821716308594,4.307154178619385,5.294390678405762
3.9642937183380127,4.3072381019592285,5.293994903564453
3.9624319076538086,4.3064374923706055,5.29496955871582
3.9625892639160156,4.306323528289795,5.2955145835876465
3.963545560836792,4.306415557861328,5.295533657073975
3.963545560836792,4.306415557861328,5.295533657073975
3.9635772705078125,4.306097984313965,5.295301914215088
3.963505744934082,4.30543327331543,5.294939041137695
3.9639275074005127,4.305195331573486,5.295094013214111
3.96484375,4.305593490600586,5.2964606285095215
3.96470046043396,4.305675506591797,5.296932220458984
3.965034246444702,4.305384635925293,5.297461986541748
3.965688943862915,4.3064494132995605,5.298740863800049
3.9655168056488037,4.306613922119141,5.299434185028076
3.96494197845459,4.30687141418457,5.299204349517822
3.9649200439453125,4.306480884552002,5.299161911010742
3.9652304649353027,4.307159900665283,5.299859046936035
3.965853452682495,4.307456016540527,5.3006591796875
3.9651787281036377,4.307889461517334,5.302927017211914
3.966745615005493,4.308679580688477,5.3044257164001465
3.9685025215148926,4.309585094451904,5.304330348968506
3.9706320762634277,4.3103227615356445,5.304596900939941
3.9713830947875977,4.31104040145874,5.305607318878174
3.972330093383789,4.311948776245117,5.307370662689209
3.9725840091705322,4.312485218048096,5.308432102203369
3.972625494003296,4.312793731689453,5.309442520141602
3.9724669456481934,4.313006401062012,5.309765338897705
3.9731197357177734,4.313445091247559,5.310418605804443
3.9740312099456787,4.3140740394592285,5.311623573303223
3.9740312099456787,4.3140740394592285,5.311623573303223
3.9751696586608887,4.314486026763916,5.311963081359863
3.9749033451080322,4.314385414123535,5.311947822570801
3.9747252464294434,4.314406394958496,5.3119001388549805
3.9746344089508057,4.314619541168213,5.312473773956299
3.9748497009277344,4.31503963470459,5.313967704772949
3.9748497009277344,4.31503963470459,5.313967704772949
3.9759325981140137,4.316032886505127,5.316012382507324
3.97676682472229,4.31611442565918,5.316089630126953
3.9772064685821533,4.316172122955322,5.316274166107178
3.9767141342163086,4.316473484039307,5.315282344818115
3.9764702320098877,4.316601753234863,5.3157548904418945
3.976569175720215,4.316689491271973,5.315532207489014
3.976316452026367,4.317040920257568,5.317263126373291
3.975438117980957,4.316776275634766,5.317212104797363
3.975438117980957,4.316776275634766,5.317212104797363
3.9753305912017822,4.316835403442383,5.317917346954346
3.9751436710357666,4.317117691040039,5.319519996643066
3.976181983947754,4.3176960945129395,5.320884704589844
3.9749629497528076,4.317137718200684,5.321495056152344
3.974449634552002,4.317099094390869,5.322375774383545
3.9744951725006104,4.31689977645874,5.322492599487305
3.9744951725006104,4.31689977645874,5.322492599487305
3.9747354984283447,4.316998481750488,5.323607921600342
3.9756791591644287,4.317686557769775,5.324441909790039
3.977200984954834,4.318309783935547,5.325016498565674
3.9773411750793457,4.31827449798584,5.325503349304199
3.977191209793091,4.317901134490967,5.325725555419922
3.9778318405151367,4.318094253540039,5.325263977050781
3.9778318405151367,4.318094253540039,5.325263977050781
3.9786367416381836,4.318286418914795,5.325380802154541
3.9801957607269287,4.318998336791992,5.3259663581848145
3.9818038940429688,4.319611072540283,5.326817512512207
3.9830777645111084,4.320204734802246,5.327638149261475
3.983106851577759,4.320425510406494,5.32687520980835
3.983774185180664,4.320600986480713,5.326791286468506
3.983774185180664,4.320600986480713,5.326791286468506
3.983713150024414,4.321120738983154,5.326144218444824
3.9839096069335938,4.32172155380249,5.326346397399902
3.9835569858551025,4.322224140167236,5.326815128326416
3.983607769012451,4.322745323181152,5.327549934387207
3.984170913696289,4.32322359085083,5.327761650085449
3.984276056289673,4.323729515075684,5.3280816078186035
3.9832868576049805,4.323633670806885,5.327739238739014
3.9819488525390625,4.323281288146973,5.327546119689941
3.981384754180908,4.323101997375488,5.327996730804443
3.981384754180908,4.323101997375488,5.327996730804443
3.9804224967956543,4.3230743408203125,5.3284125328063965
3.9796016216278076,4.322683334350586,5.328442573547363
3.9794979095458984,4.322795867919922,5.329399585723877
3.979144811630249,4.322582244873047,5.330034255981445
3.9793577194213867,4.322830677032471,5.330489158630371
3.9801812171936035,4.322809219360352,5.330201148986816
3.981640577316284,4.323044776916504,5.329686164855957
3.982205867767334,4.323229789733887,5.330611705780029
3.981029510498047,4.323066711425781,5.332512855529785
3.979931116104126,4.322932720184326,5.333523273468018
3.980581521987915,4.323441982269287,5.334612846374512
3.980581521987915,4.323441982269287,5.334612846374512
3.981255054473877,4.324015140533447,5.335810661315918
3.981036424636841,4.324394226074219,5.33729887008667
3.9806180000305176,4.3245697021484375,5.338711738586426
3.978853940963745,4.324822425842285,5.339991092681885
3.9783267974853516,4.324972152709961,5.340653896331787
3.9782094955444336,4.3253889083862305,5.341098785400391
3.9782094955444336,4.3253889083862305,5.341098785400391
3.9793596267700195,4.325996398925781,5.341551780700684
3.980191230773926,4.326506614685059,5.342121124267578
3.9812004566192627,4.327215194702148,5.343205451965332
3.9814493656158447,4.3272881507873535,5.343485355377197
3.980602502822876,4.327169418334961,5.3447699546813965
3.979489803314209,4.327079772949219,5.345726490020752
3.979489803314209,4.327079772949219,5.345726490020752
3.979109048843384,4.327122688293457,5.347427845001221
3.9788546562194824,4.327821254730225,5.347910404205322
3.9803435802459717,4.328540325164795,5.348022937774658
3.9818034172058105,4.329334735870361,5.348062992095947
3.98217511177063,4.329774379730225,5.348954677581787
3.983241081237793,4.330477237701416,5.349064350128174
3.9836807250976562,4.3308491706848145,5.349277019500732
3.9827346801757812,4.330595970153809,5.349411487579346
3.982271194458008,4.330380439758301,5.349430084228516
3.982271194458008,4.330380439758301,5.349430084228516
3.982771873474121,4.330603122711182,5.350949764251709
3.9836323261260986,4.330803871154785,5.351466178894043
3.9842751026153564,4.330794811248779,5.351012706756592
3.985213041305542,4.33040714263916,5.349798202514648
3.985788583755493,4.330370903015137,5.34968900680542
3.986241340637207,4.330181121826172,5.350684642791748
3.9863104820251465,4.330096244812012,5.352458477020264
3.986849546432495,4.330347061157227,5.353633880615234
3.9888081550598145,4.331009864807129,5.355320930480957
3.9888081550598145,4.331009864807129,5.355320930480957
3.9887895584106445,4.331751346588135,5.3559160232543945
3.990046262741089,4.332413673400879,5.357261657714844
3.990401268005371,4.333588123321533,5.3576884269714355
3.9910926818847656,4.334106922149658,5.358495235443115
3.9904932975769043,4.334843158721924,5.358754634857178
3.9899284839630127,4.33478307723999,5.359216690063477
3.9883272647857666,4.335335731506348,5.359569072723389
3.988119125366211,4.335238456726074,5.359511375427246
3.9884183406829834,4.335817337036133,5.359615802764893
3.990034818649292,4.336400985717773,5.358680248260498
3.9898219108581543,4.33676815032959,5.3596086502075195
3.9898219108581543,4.33676815032959,5.3596086502075195
3.989496946334839,4.336798191070557,5.36171293258667
3.9883878231048584,4.336783409118652,5.363046646118164
3.988103151321411,4.336943626403809,5.363548278808594
3.988281726837158,4.336965560913086,5.362755298614502
3.988765001296997,4.337059020996094,5.3614325523376465
3.9887869358062744,4.336959362030029,5.360674858093262
3.9891889095306396,4.33698034286499,5.359431743621826
3.9891889095306396,4.33698034286499,5.359431743621826
3.988865613937378,4.337299346923828,5.359442710876465
3.988313913345337,4.337461471557617,5.359696388244629
3.987126350402832,4.337589740753174,5.360649585723877
3.9870567321777344,4.337672710418701,5.360774517059326
3.9883594512939453,4.338382244110107,5.362296104431152
3.9897923469543457,4.338594913482666,5.36401891708374
3.9897923469543457,4.338594913482666,5.36401891708374
3.9907751083374023,4.3395304679870605,5.366754531860352
3.990102767944336,4.338944911956787,5.368402004241943
3.988086462020874,4.338029384613037,5.370102405548096
3.9866394996643066,4.337913990020752,5.369019031524658
3.9883041381835938,4.337993621826172,5.36773681640625
3.9900805950164795,4.338599681854248,5.367928981781006
3.9918882846832275,4.339216232299805,5.368353843688965
3.990651845932007,4.338582992553711,5.368361473083496
3.9891343116760254,4.338133811950684,5.3681440353393555
3.9875078201293945,4.337353229522705,5.367189884185791
3.9860646724700928,4.336330413818359,5.366872787475586
3.9859626293182373,4.336271286010742,5.367786407470703
3.9850823879241943,4.336471080780029,5.370032787322998
3.9849605560302734,4.336567401885986,5.371562957763672
3.9858126640319824,4.3369879722595215,5.3723344802856445
3.9858126640319824,4.3369879722595215,5.3723344802856445
3.9861185550689697,4.337306976318359,5.372319221496582
3.986082077026367,4.337501049041748,5.372731685638428
3.9862747192382812,4.338031768798828,5.374019145965576
3.9862890243530273,4.338555812835693,5.375122547149658
3.9860007762908936,4.338525772094727,5.3757147789001465
3.986396312713623,4.339369773864746,5.375191688537598
3.988536834716797,4.3405632972717285,5.374775409698486
3.988536834716797,4.3405632972717285,5.374775409698486
3.9902846813201904,4.3417181968688965,5.373543739318848
3.9911718368530273,4.342958450317383,5.373938083648682
3.9911372661590576,4.34305477142334,5.37287712097168
3.9891655445098877,4.343106746673584,5.373447418212891
3.9888710975646973,4.342876434326172,5.373260498046875
3.988579273223877,4.342992782592773,5.373093128204346
3.988579273223877,4.342992782592773,5.373093128204346
3.9883785247802734,4.34271764755249,5.37293004989624
3.990100383758545,4.344041347503662,5.371907711029053
3.991541862487793,4.3441596031188965,5.373081207275391
3.9929206371307373,4.3444743156433105,5.373983860015869
3.9927685260772705,4.344604015350342,5.374889373779297
3.993330240249634,4.3452935218811035,5.374329566955566
3.993330240249634,4.3452935218811035,5.374329566955566
3.9944119453430176,4.345605373382568,5.3743462562561035
3.995516300201416,4.345889091491699,5.374039173126221
3.996807336807251,4.346741199493408,5.3744049072265625
3.9975881576538086,4.3473711013793945,5.37511682510376
3.996734142303467,4.3474531173706055,5.376158237457275
3.9960274696350098,4.347374439239502,5.376098155975342
3.9960274696350098,4.347374439239502,5.376098155975342
3.995452880859375,4.347479343414307,5.376745223999023
3.995952606201172,4.347813129425049,5.377706050872803
3.9959959983825684,4.348075866699219,5.378281116485596
3.997729539871216,4.348273277282715,5.377943992614746
3.998094081878662,4.348232269287109,5.377857208251953
3.997901678085327,4.34799861907959,5.3780903816223145
3.996997117996216,4.347648620605469,5.379519939422607
3.996997117996216,4.347648620605469,5.379519939422607
3.996691942214966,4.34798002243042,5.381148338317871
3.9974632263183594,4.348362922668457,5.382156848907471
3.9982917308807373,4.3485236167907715,5.38185977935791
3.9987378120422363,4.348191261291504,5.380711078643799
3.9992713928222656,4.347872734069824,5.380427360534668
3.9992713928222656,4.347872734069824,5.380427360534668
3.9988746643066406,4.347751617431641,5.380190372467041
3.998936414718628,4.348023414611816,5.380317687988281
3.999103546142578,4.3481035232543945,5.380699157714844
3.9985225200653076,4.34813117980957,5.381340503692627
3.9982893466949463,4.348306655883789,5.38213586807251
3.9982314109802246,4.3483195304870605,5.3818864822387695
3.9982314109802246,4.3483195304870605,5.3818864822387695
3.998730421066284,4.348301887512207,5.380965709686279
3.9989404678344727,4.348250389099121,5.379975318908691
3.9977800846099854,4.348006725311279,5.379839897155762
3.9966013431549072,4.347704887390137,5.380831718444824
3.9966776371002197,4.347747802734375,5.381753444671631
3.998159408569336,4.34824275970459,5.3822340965271
3.9992661476135254,4.348400115966797,5.3809919357299805
3.998893976211548,4.347968101501465,5.380132675170898
3.998893976211548,4.347968101501465,5.380132675170898
3.998647451400757,4.347814083099365,5.379971504211426
3.998739004135132,4.3482513427734375,5.381478786468506
3.9990901947021484,4.348532199859619,5.382143020629883
3.9990854263305664,4.3488311767578125,5.383514404296875
4.001143455505371,4.349856853485107,5.385527610778809
4.002950191497803,4.351287841796875,5.388444423675537
4.002930641174316,4.35181188583374,5.390356063842773
4.002986907958984,4.351929664611816,5.391529560089111
4.002986907958984,4.351929664611816,5.391529560089111
4.00397253036499,4.35210657119751,5.391514301300049
4.003700256347656,4.351362705230713,5.390280246734619
4.002684116363525,4.351465702056885,5.390538692474365
4.0032267570495605,4.351577281951904,5.391232490539551
4.004528045654297,4.3523430824279785,5.392695426940918
4.00612211227417,4.352940559387207,5.3931732177734375
4.006002902984619,4.3529791831970215,5.392533302307129
4.005326271057129,4.352585315704346,5.391831874847412
4.005326271057129,4.352585315704346,5.391831874847412
4.00462007522583,4.35272741317749,5.391960144042969
4.002979755401611,4.352337837219238,5.3935651779174805
4.002895832061768,4.35237979888916,5.39440393447876
4.003216743469238,4.352684497833252,5.394420146942139
4.003574848175049,4.35298490524292,5.3943562507629395
4.003766059875488,4.353044033050537,5.394842624664307
4.003139019012451,4.352989196777344,5.3949174880981445
4.001837253570557,4.352445602416992,5.395369529724121
3.9996137619018555,4.351173400878906,5.395794868469238
3.997652053833008,4.350581645965576,5.396806240081787
3.997840166091919,4.3510026931762695,5.398172378540039
3.9996321201324463,4.352151870727539,5.399077415466309
4.003661155700684,4.3536696434021,5.399549961090088
4.003661155700684,4.3536696434021,5.399549961090088
4.005366325378418,4.3543925285339355,5.398895263671875
4.006544589996338,4.354957103729248,5.399572849273682
4.005509853363037,4.355341911315918,5.399835586547852
4.003336429595947,4.354740142822266,5.400566101074219
4.0039896965026855,4.35483980178833,5.399461269378662
4.005542278289795,4.355193614959717,5.39959716796875
4.007757663726807,4.355973243713379,5.399502277374268
4.008946895599365,4.356489658355713,5.400119781494141
4.008946895599365,4.356489658355713,5.400119781494141
4.009171009063721,4.356740474700928,5.399876594543457
4.008569717407227,4.356175899505615,5.399506568908691
4.0067949295043945,4.355908393859863,5.3998188972473145
4.005698204040527,4.355727195739746,5.399584770202637
4.005714416503906,4.356399059295654,5.400010108947754
4.007038593292236,4.3568267822265625,5.401104927062988
4.007038593292236,4.3568267822265625,5.401104927062988
4.008429050445557,4.357464790344238,5.402363300323486
4.008974075317383,4.3581862449646,5.403775215148926
4.010117530822754,4.358800888061523,5.405274868011475
4.010431289672852,4.359288692474365,5.4075469970703125
4.010219573974609,4.359795570373535,5.409653186798096
4.010018348693848,4.360051155090332,5.410943984985352
4.009105682373047,4.359470367431641,5.410438537597656
4.009105682373047,4.359470367431641,5.410438537597656
4.008790493011475,4.359250068664551,5.410659313201904
4.007186412811279,4.358572483062744,5.411212921142578
4.006243705749512,4.358527660369873,5.411104202270508
4.005395412445068,4.357450485229492,5.409755706787109
4.005293369293213,4.357269763946533,5.4093546867370605
4.006656646728516,4.357275009155273,5.408681392669678
4.006656646728516,4.357275009155273,5.408681392669678
4.006275653839111,4.357608795166016,5.40880012512207
4.006093978881836,4.357569217681885,5.409902095794678
4.005138874053955,4.3574395179748535,5.410178184509277
4.005154132843018,4.357383728027344,5.411278247833252
4.004701614379883,4.35706090927124,5.4106879234313965
4.004343032836914,4.356765270233154,5.409899711608887
4.004343032836914,4.356765270233154,5.409899711608887
4.004910469055176,4.356632232666016,5.408534049987793
4.005730152130127,4.356687068939209,5.407774925231934
4.006442546844482,4.357003688812256,5.408244609832764
4.005743503570557,4.357090473175049,5.409229278564453
4.004779815673828,4.356961250305176,5.410859107971191
4.004364967346191,4.357171535491943,5.41226053237915
4.004282474517822,4.357285976409912,5.413920879364014
4.004282474517822,4.357285976409912,5.413920879364014
4.00333833694458,4.357343673706055,5.415006637573242
4.002752780914307,4.357285499572754,5.4153900146484375
4.004307746887207,4.358198165893555,5.416011810302734
4.006054878234863,4.358895778656006,5.416485786437988
4.007534503936768,4.359600067138672,5.417490005493164
4.007574081420898,4.3598551750183105,5.418774604797363
4.009476184844971,4.360953330993652,5.420290946960449
4.009476184844971,4.360953330993652,5.420290946960449
4.010676383972168,4.361265182495117,5.420186996459961
4.012738227844238,4.362482070922852,5.420926094055176
4.013807773590088,4.362792491912842,5.420400142669678
4.01420783996582,4.364019393920898,5.422024726867676
4.014265060424805,4.364293575286865,5.423090934753418
4.01461124420166,4.36527156829834,5.424254894256592
4.014298439025879,4.365821361541748,5.425976753234863
4.014989376068115,4.36671781539917,5.426793575286865
4.014989376068115,4.36671781539917,5.426793575286865
4.01575231552124,4.367184638977051,5.427306175231934
4.0166730880737305,4.367774486541748,5.428343772888184
4.016066074371338,4.367856502532959,5.429336071014404
4.01450777053833,4.367492198944092,5.430383205413818
4.014465808868408,4.367197036743164,5.431031703948975
4.016663551330566,4.367537498474121,5.431686878204346
4.016663551330566,4.367537498474121,5.431686878204346
4.0180840492248535,4.367833614349365,5.431572914123535
4.01887321472168,4.367866516113281,5.431389331817627
4.019337177276611,4.367778301239014,5.4314727783203125
4.019471645355225,4.36777925491333,5.432647705078125
4.019339561462402,4.368199348449707,5.432863235473633
4.017932891845703,4.368159770965576,5.4329657554626465
4.017932891845703,4.368159770965576,5.4329657554626465
4.017813205718994,4.367903709411621,5.432923793792725
4.018491744995117,4.368248462677002,5.433637619018555
4.020266056060791,4.369241714477539,5.433201313018799
4.021756649017334,4.369992256164551,5.4330620765686035
4.022724628448486,4.3710832595825195,5.432836055755615
4.022644996643066,4.371669769287109,5.433761119842529
4.022447109222412,4.372260570526123,5.434728145599365
4.022599697113037,4.372790813446045,5.4373908042907715
4.024689197540283,4.373895168304443,5.4388580322265625
4.024689197540283,4.373895168304443,5.4388580322265625
4.026468753814697,4.374795913696289,5.439533233642578
4.027523517608643,4.374915599822998,5.439470291137695
4.0280375480651855,4.374776840209961,5.439252853393555
4.027836322784424,4.375011920928955,5.440945148468018
4.028505802154541,4.375065326690674,5.441629409790039
4.027946472167969,4.374449729919434,5.4424567222595215
4.027188301086426,4.373905181884766,5.442878723144531
4.027188301086426,4.373905181884766,5.442878723144531
4.0264811515808105,4.37387752532959,5.443310737609863
4.026308059692383,4.373841285705566,5.443176746368408
4.026401519775391,4.3737030029296875,5.441878795623779
4.025963306427002,4.373486042022705,5.441026210784912
4.025269508361816,4.3734588623046875,5.440983772277832
4.025025844573975,4.373701572418213,5.441718578338623
4.0248918533325195,4.373831748962402,5.4425787925720215
4.0250725746154785,4.373881816864014,5.442661762237549
4.025129795074463,4.373841285705566,5.442314147949219
4.025129795074463,4.373841285705566,5.442314147949219
4.0258049964904785,4.374322891235352,5.441951274871826
4.026216506958008,4.374258041381836,5.441784381866455
4.025875091552734,4.374133110046387,5.442203998565674
4.02538537979126,4.374148845672607,5.442850112915039
4.025046348571777,4.374345302581787,5.443373680114746
4.024932861328125,4.374435901641846,5.444025993347168
4.024991989135742,4.37428092956543,5.44450569152832
4.024991989135742,4.37428092956543,5.44450569152832
4.025328159332275,4.374173641204834,5.44426155090332
4.025662899017334,4.374174118041992,5.444179058074951
4.024948596954346,4.373615264892578,5.444425106048584
4.024038314819336,4.373361110687256,5.446143627166748
4.024655818939209,4.373921871185303,5.447862148284912
4.024655818939209,4.373921871185303,5.447862148284912
4.026672840118408,4.37475061416626,5.449295520782471
4.028788089752197,4.375710964202881,5.450756549835205
4.030867576599121,4.376753330230713,5.452559947967529
4.032405853271484,4.3775434494018555,5.454225540161133
4.033563613891602,4.378235340118408,5.454683780670166
4.033605575561523,4.378602504730225,5.454916000366211
4.0343098640441895,4.37874174118042,5.455176830291748
4.0343098640441895,4.37874174118042,5.455176830291748
4.034642219543457,4.379020690917969,5.455437183380127
4.03331184387207,4.378727912902832,5.456971645355225
4.033111572265625,4.378782749176025,5.456869602203369
4.034420013427734,4.379067897796631,5.456158638000488
4.035558700561523,4.379657745361328,5.455629348754883
4.035053730010986,4.3796844482421875,5.456822872161865
4.0342817306518555,4.38021993637085,5.457774639129639
4.034620761871338,4.380677700042725,5.458877086639404
4.036004066467285,4.38132905960083,5.458547115325928
4.036004066467285,4.38132905960083,5.458547115325928
4.03715705871582,4.381609916687012,5.457315921783447
4.038275241851807,4.382304668426514,5.458069324493408
4.039259910583496,4.382352352142334,5.457452297210693
4.039755344390869,4.38297700881958,5.458159923553467
4.040183067321777,4.383402347564697,5.459641456604004
4.04058313369751,4.383664608001709,5.460714817047119
4.04028844833374,4.383800029754639,5.461714267730713
4.04028844833374,4.383800029754639,5.461714267730713
4.040473937988281,4.383832931518555,5.461605548858643
4.039933204650879,4.38347053527832,5.4617133140563965
4.041019916534424,4.3839287757873535,5.4615631103515625
4.041240215301514,4.384030818939209,5.461910247802734
4.04262113571167,4.384735107421875,5.462497234344482
4.0444841384887695,4.385711669921875,5.462895393371582
4.0444841384887695,4.385711669921875,5.462895393371582
4.047201633453369,4.386495113372803,5.463160991668701
4.048514366149902,4.387209892272949,5.464348316192627
4.049063682556152,4.3879828453063965,5.466320037841797
4.049933433532715,4.388723850250244,5.467757225036621
4.051481246948242,4.389631748199463,5.468806743621826
4.052177906036377,4.390389442443848,5.469402313232422
4.050937652587891,4.390364646911621,5.470012187957764
4.050753593444824,4.390738010406494,5.471153259277344
4.050445079803467,4.390830993652344,5.471479415893555
4.05033540725708,4.39082145690918,5.471260070800781
4.050966739654541,4.390933513641357,5.470416069030762
4.050966739654541,4.390933513641357,5.470416069030762
4.051753997802734,4.391335487365723,5.470837116241455
4.051435470581055,4.391509532928467,5.471116065979004
4.051518440246582,4.390997409820557,5.472145080566406
4.051523208618164,4.391091823577881,5.472478866577148
4.052055358886719,4.390638828277588,5.472748279571533
4.051982879638672,4.390304088592529,5.472687244415283
4.0517730712890625,4.39004373550415,5.472723484039307
4.0517730712890625,4.39004373550415,5.472723484039307
4.052590847015381,4.389848709106445,5.472468852996826
4.053284645080566,4.3899922370910645,5.472554683685303
4.053884506225586,4.389895915985107,5.4728922843933105
4.052639961242676,4.389651298522949,5.473316669464111
4.051929950714111,4.389638900756836,5.474526405334473
4.052126884460449,4.390156269073486,5.474758148193359
4.052393913269043,4.390198230743408,5.47434139251709
4.05238151550293,4.3904008865356445,5.4735331535339355
4.05238151550293,4.3904008865356445,5.4735331535339355
4.0526838302612305,4.390450954437256,5.473335266113281
4.05216121673584,4.390569686889648,5.47430944442749
4.051682949066162,4.390836238861084,5.476711273193359
4.051860809326172,4.391617774963379,5.478801727294922
4.052881717681885,4.392394065856934,5.479875564575195
4.055201530456543,4.393665313720703,5.481385707855225
4.055588245391846,4.394106864929199,5.482400417327881
4.055938720703125,4.3943681716918945,5.48312520980835
4.055424213409424,4.394538879394531,5.483695030212402
4.055846214294434,4.394565105438232,5.483119964599609
4.055846214294434,4.394565105438232,5.483119964599609
4.056365966796875,4.394845962524414,5.482969760894775
4.05682373046875,4.3951029777526855,5.483259677886963
4.056800365447998,4.395279884338379,5.4839653968811035
4.056971549987793,4.395121097564697,5.483911037445068
4.0562357902526855,4.395432949066162,5.483963966369629
4.055414199829102,4.395240306854248,5.483253002166748
4.055880546569824,4.395500659942627,5.48441219329834
4.057542324066162,4.3962554931640625,5.486516952514648
4.058444976806641,4.396854400634766,5.488201141357422
4.059074401855469,4.3970723152160645,5.488699436187744
4.059074401855469,4.3970723152160645,5.488699436187744
4.058766841888428,4.396812915802002,5.487778663635254
4.059008598327637,4.396505832672119,5.486917495727539
4.0595784187316895,4.396849632263184,5.4872822761535645
4.06149959564209,4.397998332977295,5.489079475402832
4.06638765335083,4.399562835693359,5.486669063568115
4.0689215660095215,4.400417804718018,5.485503673553467
4.070503234863281,4.400908470153809,5.485544204711914
4.0708208084106445,4.401063919067383,5.485767364501953
4.070666313171387,4.400673866271973,5.484122276306152
4.0701775550842285,4.400267124176025,5.483635425567627
4.0701775550842285,4.400267124176025,5.483635425567627
4.070065975189209,4.400321006774902,5.484225273132324
4.069691181182861,4.400096893310547,5.485990047454834
4.070761203765869,4.400824546813965,5.48842191696167
4.072507381439209,4.4013166427612305,5.487461090087891
4.073312282562256,4.401433944702148,5.486920356750488
4.073252201080322,4.401286602020264,5.486032485961914
4.073252201080322,4.401286602020264,5.486032485961914
4.0716352462768555,4.400836944580078,5.485945224761963
4.071597099304199,4.401055812835693,5.486928462982178
4.072291374206543,4.401248931884766,5.487432479858398
4.072481632232666,4.401540756225586,5.487467288970947
4.073246955871582,4.401819229125977,5.488046169281006
4.074203014373779,4.40244197845459,5.488545894622803
4.073513507843018,4.402512550354004,5.490720272064209
4.072908401489258,4.402319431304932,5.493078708648682
4.072908401489258,4.402319431304932,5.493078708648682
4.072329998016357,4.40261697769165,5.494776725769043
4.070869445800781,4.4022979736328125,5.495828151702881
4.071077823638916,4.402101039886475,5.496294975280762
4.071106433868408,4.402353286743164,5.496495723724365
4.072051525115967,4.402749538421631,5.496427059173584
4.072644233703613,4.403188705444336,5.496078014373779
4.072934150695801,4.403378009796143,5.495754241943359
4.072680473327637,4.40371561050415,5.496419429779053
4.072680473327637,4.40371561050415,5.496419429779053
4.072450160980225,4.404425621032715,5.497533798217773
4.072376251220703,4.404790878295898,5.498763561248779
4.072023391723633,4.40497350692749,5.500231742858887
4.0723981857299805,4.405391216278076,5.500900745391846
4.073163986206055,4.405838489532471,5.502195835113525
4.07337760925293,4.405884742736816,5.5034308433532715
4.07370138168335,4.405785083770752,5.502993106842041
4.073134899139404,4.405361652374268,5.502313613891602
4.073134899139404,4.405361652374268,5.502313613891602
4.070814609527588,4.405246734619141,5.50254487991333
4.069824695587158,4.404505252838135,5.503183364868164
4.070734977722168,4.404755592346191,5.5036797523498535
4.072610855102539,4.4053521156311035,5.5043625831604
4.072693347930908,4.405292510986328,5.5041022300720215
4.0722761154174805,4.404999732971191,5.50349760055542
4.0722761154174805,4.404999732971191,5.50349760055542
4.071813106536865,4.404905796051025,5.50402307510376
4.070486545562744,4.404810905456543,5.504870891571045
4.068824291229248,4.404627799987793,5.505327224731445
4.069003582000732,4.404858589172363,5.505733013153076
4.069538116455078,4.405727386474609,5.507666110992432
4.0705790519714355,4.406063556671143,5.508702754974365
4.070495128631592,4.4062819480896,5.508602142333984
4.070495128631592,4.4062819480896,5.508602142333984
4.072716236114502,4.406802177429199,5.507363796234131
4.075213432312012,4.4075212478637695,5.506810188293457
4.0772013664245605,4.408238887786865,5.507208824157715
4.07802677154541,4.408939838409424,5.508858680725098
4.078742027282715,4.40928316116333,5.510791778564453
4.080934524536133,4.409854888916016,5.510637283325195
4.081539154052734,4.409827709197998,5.5115742683410645
4.081539154052734,4.409827709197998,5.5115742683410645
4.081228256225586,4.409726619720459,5.512071132659912
4.081482887268066,4.409713268280029,5.512905120849609
4.083004474639893,4.41007661819458,5.51414155960083
4.083515644073486,4.41022253036499,5.515659332275391
4.0835161209106445,4.410566806793213,5.518047332763672
4.0835161209106445,4.410566806793213,5.518047332763672
4.083552360534668,4.4113078117370605,5.519382953643799
4.08478307723999,4.411488056182861,5.5208048820495605
4.084877014160156,4.412040710449219,5.520074367523193
4.0843682289123535,4.412209510803223,5.520780086517334
4.08476448059082,4.41292667388916,5.521374225616455
4.08476448059082,4.41292667388916,5.521374225616455
4.085683822631836,4.413193702697754,5.52241325378418
4.086490631103516,4.413834571838379,5.522928714752197
4.087330341339111,4.414405345916748,5.5239129066467285
4.0883402824401855,4.414910793304443,5.5242486000061035
4.088951587677002,4.4152350425720215,5.524319171905518
4.088738918304443,4.415855884552002,5.524209976196289
4.087821960449219,4.415903091430664,5.524489402770996
4.088325500488281,4.415999412536621,5.52436637878418
4.088016033172607,4.416060447692871,5.52495002746582
4.086904048919678,4.416110038757324,5.525877475738525
4.087143898010254,4.416228771209717,5.5258355140686035
4.088747978210449,4.416794776916504,5.526510715484619
4.090031623840332,4.417377471923828,5.527523040771484
4.090065002441406,4.418161869049072,5.529642581939697
4.089120864868164,4.417956352233887,5.531182289123535
4.090024948120117,4.418022632598877,5.532136917114258
4.090024948120117,4.418022632598877,5.532136917114258
4.091705799102783,4.418676853179932,5.531955242156982
4.092828750610352,4.419075965881348,5.531440258026123
4.093297481536865,4.419316291809082,5.53198766708374
4.093960285186768,4.419181823730469,5.531307697296143
4.093739986419678,4.419794082641602,5.530961513519287
4.09121036529541,4.419260501861572,5.5313897132873535
4.09121036529541,4.419260501861572,5.5313897132873535
4.089767932891846,4.41873025894165,5.5307087898254395
4.088743686676025,4.417768478393555,5.530092239379883
4.087808609008789,4.41744327545166,5.530333042144775
4.08643102645874,4.417039394378662,5.530829429626465
4.0864362716674805,4.416657447814941,5.530491352081299
4.087640285491943,4.416563034057617,5.5299787521362305
4.087891578674316,4.4163360595703125,5.529626369476318
4.0878753662109375,4.415543079376221,5.53031587600708
4.087055206298828,4.415049076080322,5.531780242919922
4.088879108428955,4.415131568908691,5.532158851623535
4.088879108428955,4.415131568908691,5.532158851623535
4.090576171875,4.415171146392822,5.531559944152832
4.091208457946777,4.415764331817627,5.529883861541748
4.090595722198486,4.4157562255859375,5.529691696166992
4.090656757354736,4.416007995605469,5.5300774574279785
4.0898003578186035,4.416133880615234,5.53125524520874
4.089162349700928,4.416576385498047,5.53240966796875
4.089162349700928,4.416576385498047,5.53240966796875
4.0884857177734375,4.416369915008545,5.533400535583496
4.088623046875,4.416684150695801,5.533231735229492
4.088664531707764,4.416506767272949,5.531936168670654
4.088737487792969,4.417257308959961,5.531989097595215
4.089315891265869,4.4171037673950195,5.532129764556885
4.089315891265869,4.4171037673950195,5.532129764556885
4.089724540710449,4.417917728424072,5.534958362579346
4.090447902679443,4.418646812438965,5.537196159362793
4.09196138381958,4.419313907623291,5.53691291809082
4.093749046325684,4.4195075035095215,5.536629676818848
4.096045017242432,4.420338153839111,5.536602973937988
4.097016334533691,4.4209184646606445,5.536870002746582
4.097016334533691,4.4209184646606445,5.536870002746582
4.098251819610596,4.421570777893066,5.537810802459717
4.099664688110352,4.422149181365967,5.538488388061523
4.100801467895508,4.423007488250732,5.540343761444092
4.0998382568359375,4.423705101013184,5.542232990264893
4.098827838897705,4.423794746398926,5.543522357940674
4.099799156188965,4.424281120300293,5.5434184074401855
4.099799156188965,4.424281120300293,5.5434184074401855
4.101390361785889,4.424985885620117,5.5428056716918945
4.102024555206299,4.425355911254883,5.541904926300049
4.099720001220703,4.424674987792969,5.542292594909668
4.097871780395508,4.4242448806762695,5.544139862060547
4.098081111907959,4.42468786239624,5.545034408569336
4.098339557647705,4.4248480796813965,5.545742511749268
4.098320960998535,4.424344539642334,5.544894218444824
4.098320960998535,4.424344539642334,5.544894218444824
4.099172592163086,4.424459934234619,5.544276714324951
4.100770473480225,4.425166130065918,5.544942855834961
4.102420806884766,4.425317764282227,5.544351577758789
4.1030707359313965,4.425230979919434,5.543976783752441
4.101941108703613,4.425084590911865,5.543712615966797
4.101941108703613,4.425084590911865,5.543712615966797
4.101141452789307,4.424359321594238,5.544493675231934
4.101114273071289,4.424497127532959,5.5438432693481445
4.103292465209961,4.424740791320801,5.541694641113281
4.104591369628906,4.425235271453857,5.541337490081787
4.106823921203613,4.425721168518066,5.542438983917236
4.107356071472168,4.4264445304870605,5.543808937072754
4.10608434677124,4.426188945770264,5.545353412628174
4.10608434677124,4.426188945770264,5.545353412628174
4.105499267578125,4.425365447998047,5.545632362365723
4.105404853820801,4.425084590911865,5.5449419021606445
4.103757858276367,4.424797534942627,5.544503688812256
4.100583076477051,4.424308776855469,5.544223785400391
4.100583076477051,4.424308776855469,5.544223785400391
4.099343299865723,4.423922538757324,5.544735908508301
4.099555492401123,4.423782825469971,5.54463529586792
4.0991530418396,4.42369270324707,5.544980525970459
4.098745822906494,4.423613548278809,5.544973850250244
4.098745822906494,4.423613548278809,5.544973850250244
4.099876880645752,4.423738479614258,5.545494556427002
4.102079391479492,4.424332618713379,5.546021461486816
4.102766513824463,4.425176620483398,5.546907424926758
4.10280179977417,4.4255290031433105,5.548196315765381
4.102726459503174,4.4256591796875,5.549496173858643
4.10372257232666,4.427087306976318,5.552178859710693
4.10372257232666,4.427087306976318,5.552178859710693
4.1051025390625,4.428140163421631,5.553610324859619
4.106655120849609,4.4286065101623535,5.554143905639648
4.108177185058594,4.4284844398498535,5.5526957511901855
4.1088643074035645,4.429368019104004,5.55299186706543
4.106817245483398,4.428922653198242,5.553993225097656
4.106783866882324,4.428817272186279,5.554745197296143
4.106783866882324,4.428817272186279,5.554745197296143
4.104264736175537,4.428171634674072,5.555716037750244
4.105521202087402,4.428582668304443,5.5561299324035645
4.1059794425964355,4.429010391235352,5.5572829246521
4.107031345367432,4.429258823394775,5.557933330535889
4.108244895935059,4.429520130157471,5.558205604553223
4.109562873840332,4.429965496063232,5.557662010192871
4.108222961425781,4.429809093475342,5.55781364440918
4.1065287590026855,4.429802894592285,5.558736324310303
4.1065287590026855,4.429802894592285,5.558736324310303
4.106903553009033,4.429934501647949,5.560325622558594
4.109313488006592,4.4306793212890625,5.561006546020508
4.110304832458496,4.431508541107178,5.560596942901611
4.111143112182617,4.431618690490723,5.559732437133789
4.112355709075928,4.432189464569092,5.559238910675049
4.113800525665283,4.432888984680176,5.560328006744385
4.113800525665283,4.432888984680176,5.560328006744385
4.112626075744629,4.43316650390625,5.561537265777588
4.110286712646484,4.432350158691406,5.56221866607666
4.109416961669922,4.432023525238037,5.56260347366333
4.109525203704834,4.431857109069824,5.56213903427124
4.111135482788086,4.432733058929443,5.56217622756958
4.1123480796813965,4.433050632476807,5.56208610534668
4.1120123863220215,4.432892322540283,5.563631534576416
4.111521244049072,4.433007717132568,5.566054821014404
4.11148738861084,4.433084487915039,5.566960334777832
4.11148738861084,4.433084487915039,5.566960334777832
4.111722469329834,4.433224678039551,5.567673206329346
4.112448215484619,4.433042526245117,5.567846775054932
4.11277961730957,4.432979106903076,5.568078517913818
4.111907482147217,4.433408260345459,5.568715572357178
4.111301422119141,4.433602809906006,5.56928014755249
4.111314296722412,4.434124946594238,5.569517612457275
4.11140775680542,4.434299945831299,5.5706353187561035
4.11140775680542,4.434299945831299,5.5706353187561035
4.112207889556885,4.434789180755615,5.570809841156006
4.113565921783447,4.435446739196777,5.5706467628479
4.11722469329834,4.436522483825684,5.570755481719971
4.118991374969482,4.437690258026123,5.571775436401367
4.120693206787109,4.438731670379639,5.57407808303833
4.119854927062988,4.439446926116943,5.57705020904541
4.119058609008789,4.439929008483887,5.579680442810059
4.119616985321045,4.440369129180908,5.580700874328613
4.120005130767822,4.440515995025635,5.579305648803711
4.119521141052246,4.440253257751465,5.577887058258057
4.119216442108154,4.4394989013671875,5.575777053833008
4.119216442108154,4.4394989013671875,5.575777053833008
4.120187759399414,4.440306186676025,5.577163219451904
4.119444847106934,4.440662860870361,5.578159332275391
4.117948055267334,4.439887046813965,5.5789570808410645
4.118912220001221,4.4396443367004395,5.579017639160156
4.1203389167785645,4.439659595489502,5.578246116638184
4.121402740478516,4.4398040771484375,5.577983856201172
4.122228145599365,4.439972877502441,5.576748847961426
4.122228145599365,4.439972877502441,5.576748847961426
4.122338771820068,4.440008640289307,5.576665878295898
4.1216816902160645,4.439855098724365,5.5772600173950195
4.120432376861572,4.439929485321045,5.579006671905518
4.121022701263428,4.4397382736206055,5.578550815582275
4.123268127441406,4.43985652923584,5.577568054199219
4.124658584594727,4.439894676208496,5.577820777893066
4.1240129470825195,4.44000244140625,5.57846212387085
4.122409343719482,4.4394025802612305,5.578775882720947
4.122409343719482,4.4394025802612305,5.578775882720947
4.121280670166016,4.439265727996826,5.578892707824707
4.121102809906006,4.439332008361816,5.578596115112305
4.120673179626465,4.439301490783691,5.578584671020508
4.121166229248047,4.439255237579346,5.578572750091553
4.12142276763916,4.439635753631592,5.579285144805908
4.121885776519775,4.4401445388793945,5.57977294921875
4.121207237243652,4.440343856811523,5.580008506774902
4.121166706085205,4.440178871154785,5.580379009246826
4.1226019859313965,4.440633773803711,5.581676959991455
4.124650955200195,4.441714286804199,5.582770824432373
4.124650955200195,4.441714286804199,5.582770824432373
4.1259918212890625,4.44179105758667,5.582808971405029
4.1292924880981445,4.4426774978637695,5.584394454956055
4.132275581359863,4.44431209564209,5.587169170379639
4.134658336639404,4.44584846496582,5.59031867980957
4.135965347290039,4.446897029876709,5.592093467712402
4.137185096740723,4.447062969207764,5.592042446136475
4.137185096740723,4.447062969207764,5.592042446136475
4.135900974273682,4.447347164154053,5.593245506286621
4.135904788970947,4.447094440460205,5.5935378074646
4.135339260101318,4.447519779205322,5.595006942749023
4.1361823081970215,4.447520732879639,5.595175266265869
4.136239051818848,4.447813987731934,5.59511137008667
4.136167049407959,4.447713851928711,5.595345497131348
4.132954120635986,4.447388172149658,5.5974626541137695
4.13302755355835,4.447018623352051,5.598466873168945
4.1344685554504395,4.447376728057861,5.599859714508057
4.1344685554504395,4.447376728057861,5.599859714508057
4.135974884033203,4.448072910308838,5.600545406341553
4.136582851409912,4.448147773742676,5.600101470947266
4.137418270111084,4.448633193969727,5.600486755371094
4.137418270111084,4.448633193969727,5.600486755371094
4.1376051902771,4.4492669105529785,5.600434303283691
4.137700080871582,4.449374675750732,5.601011276245117
4.138951778411865,4.44962215423584,5.601401329040527
4.140838623046875,4.450148582458496,5.601518154144287
4.14278507232666,4.450808525085449,5.600915908813477
4.143721103668213,4.451215744018555,5.599910736083984
4.143781661987305,4.451542377471924,5.600644111633301
4.143781661987305,4.451542377471924,5.600644111633301
4.142642974853516,4.451224327087402,5.602596759796143
4.141868591308594,4.451326370239258,5.604717254638672
4.141035079956055,4.451496601104736,5.605661392211914
4.1432366371154785,4.451624393463135,5.605624198913574
4.144655227661133,4.4517998695373535,5.606385231018066
4.145115375518799,4.45265531539917,5.608262538909912
4.145142555236816,4.453315734863281,5.6101531982421875
4.145991325378418,4.454247951507568,5.611318111419678
4.145991325378418,4.454247951507568,5.611318111419678
4.145306587219238,4.454642295837402,5.613189697265625
4.144230842590332,4.45473051071167,5.614697456359863
4.1435394287109375,4.454859256744385,5.615151882171631
4.144534587860107,4.4549665451049805,5.614995956420898
4.146805286407471,4.455355167388916,5.613931655883789
4.148555278778076,4.456136226654053,5.613532066345215
4.148311138153076,4.456437110900879,5.613958358764648
4.148049354553223,4.4562859535217285,5.6155171394348145
4.149047374725342,4.456679821014404,5.61650276184082
4.149047374725342,4.456679821014404,5.61650276184082
4.149384021759033,4.457366466522217,5.616530895233154
4.149922847747803,4.457098484039307,5.616100788116455
4.149922847747803,4.457098484039307,5.616100788116455
4.150138854980469,4.457300662994385,5.615838050842285
4.1502604484558105,4.457436561584473,5.616199493408203
4.148745059967041,4.457354545593262,5.615725994110107
4.149827480316162,4.457245349884033,5.615172386169434
4.15141487121582,4.457602024078369,5.615124702453613
4.1510748863220215,4.457735538482666,5.616194248199463
4.150961399078369,4.457134246826172,5.616275310516357
4.151812553405762,4.457207202911377,5.616662979125977
4.151812553405762,4.457207202911377,5.616662979125977
4.152383327484131,4.457500457763672,5.616679668426514
4.151609420776367,4.4574761390686035,5.618149757385254
4.151619911193848,4.457765102386475,5.6190714836120605
4.15372371673584,4.458404541015625,5.619833469390869
4.155608654022217,4.458979606628418,5.619964122772217
4.155847072601318,4.459375381469727,5.620908737182617
4.155847072601318,4.459375381469727,5.620908737182617
4.155505657196045,4.459954738616943,5.622244834899902
4.156399250030518,4.460415840148926,5.623650550842285
4.1580891609191895,4.461091995239258,5.624948501586914
4.15924072265625,4.461935997009277,5.626106262207031
4.159086227416992,4.462444305419922,5.627869606018066
4.159167766571045,4.462807655334473,5.629391670227051
4.159167766571045,4.462807655334473,5.629391670227051
4.159112453460693,4.462762355804443,5.6307830810546875
4.159489631652832,4.462917327880859,5.6309494972229
4.159442901611328,4.462984561920166,5.630285263061523
4.159955024719238,4.462989330291748,5.62994384765625
4.160953044891357,4.463057994842529,5.6312150955200195
4.160037994384766,4.463245391845703,5.633057117462158
4.160037994384766,4.463245391845703,5.633057117462158
4.158899307250977,4.463208198547363,5.6343159675598145
4.159567356109619,4.4629411697387695,5.633801460266113
4.161011695861816,4.462894916534424,5.633321762084961
4.160736083984375,4.463215351104736,5.633560657501221
4.161097526550293,4.463545322418213,5.634796619415283
4.161097526550293,4.463545322418213,5.634796619415283
4.161931037902832,4.464286804199219,5.635141372680664
4.163626194000244,4.464908123016357,5.6365065574646
4.1638503074646,4.465511322021484,5.6370110511779785
4.163247108459473,4.465538024902344,5.6379852294921875
4.16385555267334,4.465843200683594,5.638477802276611
4.164844036102295,4.466114044189453,5.638727188110352
4.165222644805908,4.466558456420898,5.638263702392578
4.164688587188721,4.46653938293457,5.638075828552246
4.165894985198975,4.466874599456787,5.638242244720459
4.165894985198975,4.466874599456787,5.638242244720459
4.166279315948486,4.46737003326416,5.63953161239624
4.166275501251221,4.467841148376465,5.640074729919434
4.166669845581055,4.4682745933532715,5.63988733291626
4.167895317077637,4.46887731552124,5.640499114990234
4.168704986572266,4.469494342803955,5.640783786773682
4.168150424957275,4.469803333282471,5.640853404998779
4.168150424957275,4.469803333282471,5.640853404998779
4.168210029602051,4.469604969024658,5.63999080657959
4.169427394866943,4.469907283782959,5.639347076416016
4.1688456535339355,4.470090389251709,5.6395344734191895
4.168375492095947,4.470347881317139,5.64057731628418
4.167288780212402,4.470186710357666,5.641437530517578
4.16899299621582,4.470665454864502,5.641653537750244
4.16899299621582,4.470665454864502,5.641653537750244
4.169229507446289,4.47064208984375,5.641089916229248
4.169167518615723,4.4709062576293945,5.640970706939697
4.16881799697876,4.470395565032959,5.641716003417969
4.169066429138184,4.470539569854736,5.642785549163818
4.169551372528076,4.470634937286377,5.642920970916748
4.169551372528076,4.470634937286377,5.642920970916748
4.169150352478027,4.470736503601074,5.64259147644043
4.168792724609375,4.47028923034668,5.643494129180908
4.169604301452637,4.470711708068848,5.646606922149658
4.1701226234436035,4.470950603485107,5.648643970489502
4.171999454498291,4.471263885498047,5.649785041809082
4.1721649169921875,4.471112251281738,5.649003982543945
4.172306537628174,4.4711480140686035,5.648470878601074
4.172306537628174,4.4711480140686035,5.648470878601074
4.1727519035339355,4.47147274017334,5.6492109298706055
4.172229766845703,4.471287727355957,5.649801254272461
4.171322345733643,4.470759868621826,5.649670600891113
4.170507431030273,4.470643520355225,5.649360656738281
4.171212673187256,4.470634937286377,5.64824104309082
4.170915603637695,4.4703898429870605,5.6475090980529785
4.170915603637695,4.4703898429870605,5.6475090980529785
4.170293807983398,4.470076084136963,5.648012638092041
4.170039653778076,4.469904899597168,5.648685455322266
4.171360015869141,4.470304012298584,5.649211406707764
4.1710381507873535,4.469758987426758,5.647622108459473
4.171451568603516,4.469150066375732,5.6455769538879395
4.170688152313232,4.468957424163818,5.6450605392456055
4.17092227935791,4.469226837158203,5.646050930023193
4.17092227935791,4.469226837158203,5.646050930023193
4.17084264755249,4.469259262084961,5.646238327026367
4.171566963195801,4.4698166847229,5.64858341217041
4.1713690757751465,4.469798564910889,5.649731636047363
4.171668529510498,4.4701008796691895,5.650907039642334
4.170904159545898,4.470016002655029,5.6499176025390625
4.170522689819336,4.469772815704346,5.648934841156006
4.170522689819336,4.469772815704346,5.648934841156006
4.169610500335693,4.469455242156982,5.647873401641846
4.168674945831299,4.469242095947266,5.648534297943115
4.169870376586914,4.469659805297852,5.650302410125732
4.171385765075684,4.4703497886657715,5.651425838470459
4.173072814941406,4.470556735992432,5.651973724365234
4.173072814941406,4.470556735992432,5.651973724365234
4.174423694610596,4.470812797546387,5.652008533477783
4.174281597137451,4.471065044403076,5.653071403503418
4.174144744873047,4.471161365509033,5.654326915740967
4.174659252166748,4.4713287353515625,5.654484748840332
4.175517559051514,4.471593856811523,5.654177665710449
4.175517559051514,4.471593856811523,5.654177665710449
4.1768341064453125,4.471975803375244,5.654842853546143
4.1764020919799805,4.472561836242676,5.655200958251953
4.175533294677734,4.472605228424072,5.655886173248291
4.177077293395996,4.473242282867432,5.656029224395752
4.178005695343018,4.47391414642334,5.656902313232422
4.176682472229004,4.474400520324707,5.659265995025635
4.176192283630371,4.474595069885254,5.660942077636719
4.176192283630371,4.474595069885254,5.660942077636719
4.177507400512695,4.475381374359131,5.6629133224487305
4.179283618927002,4.476258754730225,5.664148330688477
4.179813385009766,4.476713180541992,5.665124893188477
4.179677963256836,4.476459980010986,5.665171146392822
4.181376934051514,4.477053165435791,5.665729999542236
4.183208465576172,4.478019714355469,5.667101860046387
4.183208465576172,4.478019714355469,5.667101860046387
4.184931755065918,4.478381633758545,5.66890287399292
4.185543060302734,4.47877836227417,5.672013282775879
4.183732032775879,4.478620529174805,5.67609977722168
4.183760166168213,4.47885274887085,5.676839351654053
4.183052062988281,4.478950023651123,5.674404144287109
4.1836419105529785,4.479019641876221,5.671741962432861
4.183780670166016,4.479413986206055,5.670746326446533
4.1844682693481445,4.479856967926025,5.67149019241333
4.1844682693481445,4.479856967926025,5.67149019241333
4.18442964553833,4.480597019195557,5.673037528991699
4.184605121612549,4.480553150177002,5.67452335357666
4.185923099517822,4.480676174163818,5.674108982086182
4.186797618865967,4.481003761291504,5.673238277435303
4.187857627868652,4.481126308441162,5.6731696128845215
4.188783645629883,4.481478214263916,5.672858715057373
4.188783645629883,4.481478214263916,5.672858715057373
4.189693927764893,4.481603622436523,5.673421382904053
4.1893839836120605,4.481611251831055,5.673851490020752
4.188009262084961,4.4808759689331055,5.673948764801025
4.187899112701416,4.480196475982666,5.673514366149902
4.189640522003174,4.479730129241943,5.672575950622559
4.189640522003174,4.479730129241943,5.672575950622559
4.189965724945068,4.480133533477783,5.672379493713379
4.189009189605713,4.479711532592773,5.6734538078308105
4.186861991882324,4.479759216308594,5.674844741821289
4.188551902770996,4.480041980743408,5.675933837890625
4.189119338989258,4.481128692626953,5.6752800941467285
4.189105987548828,4.481417655944824,5.675208568572998
4.190096378326416,4.482180595397949,5.6759796142578125
4.190096378326416,4.482180595397949,5.6759796142578125
4.194234848022461,4.483262538909912,5.678039073944092
4.195419788360596,4.484619617462158,5.679693698883057
4.196908950805664,4.485198974609375,5.681041717529297
4.1952290534973145,4.485151767730713,5.681090831756592
4.194002628326416,4.484848976135254,5.681509971618652
4.194002628326416,4.484848976135254,5.681509971618652
4.191899299621582,4.48481559753418,5.682788372039795
4.19102668762207,4.485030651092529,5.683059215545654
4.192144393920898,4.485421657562256,5.682034015655518
4.192965984344482,4.48549222946167,5.68191385269165
4.192840576171875,4.486111164093018,5.683911323547363
4.192678928375244,4.4862518310546875,5.685618877410889
4.193491458892822,4.486681938171387,5.687039852142334
4.194379806518555,4.486600399017334,5.686985969543457
4.194379806518555,4.486600399017334,5.686985969543457
4.195621490478516,4.486946105957031,5.686213493347168
4.196532726287842,4.487089157104492,5.684556484222412
4.198093414306641,4.487215042114258,5.684732913970947
4.198655128479004,4.487279415130615,5.684822082519531
4.198744297027588,4.487504482269287,5.68643856048584
4.19713020324707,4.487001419067383,5.687285900115967
4.195882320404053,4.486452579498291,5.687079906463623
4.196630477905273,4.487606525421143,5.6802449226379395
4.196630477905273,4.487606525421143,5.6802449226379395
4.195191383361816,4.490293025970459,5.672410011291504
