x,y,z
3.1799190044403076,3.587319850921631,3.9976608753204346
3.1792593002319336,3.5857317447662354,3.9991836547851562
3.1792593002319336,3.5857317447662354,3.9991836547851562
3.1792593002319336,3.5857317447662354,3.9991836547851562
3.1771934032440186,3.5866141319274902,3.9997293949127197
3.1771934032440186,3.5866141319274902,3.9997293949127197
3.181306838989258,3.586329936981201,4.00045919418335
3.181306838989258,3.586329936981201,4.00045919418335
3.177473306655884,3.5868101119995117,4.001180648803711
3.1750004291534424,3.586031198501587,4.001073360443115
3.1750004291534424,3.586031198501587,4.001073360443115
3.172321081161499,3.587172269821167,4.000201225280762
3.172321081161499,3.587172269821167,4.000201225280762
3.170670747756958,3.5883355140686035,3.9991390705108643
3.170670747756958,3.5883355140686035,3.9991390705108643
3.1701736450195312,3.5906925201416016,3.996720790863037
3.1701736450195312,3.5906925201416016,3.996720790863037
3.17232608795166,3.5953526496887207,3.9939382076263428
3.17232608795166,3.5953526496887207,3.9939382076263428
3.174971580505371,3.597099781036377,3.9929425716400146
3.174971580505371,3.597099781036377,3.9929425716400146
3.1790659427642822,3.596517562866211,3.993793487548828
3.1790659427642822,3.596517562866211,3.993793487548828
3.1790659427642822,3.596517562866211,3.993793487548828
3.1793270111083984,3.5965933799743652,3.9940590858459473
3.18194317817688,3.5977189540863037,3.992887496948242
3.1826558113098145,3.597959518432617,3.992114305496216
3.183750867843628,3.596510648727417,3.9920854568481445
3.183750867843628,3.596510648727417,3.9920854568481445
3.1861374378204346,3.595186710357666,3.99255633354187
3.1861374378204346,3.595186710357666,3.99255633354187
3.1872518062591553,3.595294713973999,3.9925272464752197
3.1872518062591553,3.595294713973999,3.9925272464752197
3.19069242477417,3.596362352371216,3.9911441802978516
3.1926474571228027,3.59686017036438,3.9903335571289062
3.1926474571228027,3.59686017036438,3.9903335571289062
3.1969711780548096,3.5959527492523193,3.9909632205963135
3.1969711780548096,3.5959527492523193,3.9909632205963135
3.1998448371887207,3.5975875854492188,3.9893205165863037
3.199455499649048,3.599085807800293,3.9877560138702393
3.199455499649048,3.599085807800293,3.9877560138702393
3.1999893188476562,3.5996549129486084,3.987842082977295
3.1999893188476562,3.5996549129486084,3.987842082977295
3.2010655403137207,3.599398612976074,3.9866700172424316
3.2010655403137207,3.599398612976074,3.9866700172424316
3.205418348312378,3.599252939224243,3.9851086139678955
3.205418348312378,3.599252939224243,3.9851086139678955
3.2117817401885986,3.597721815109253,3.9854860305786133
3.2117817401885986,3.597721815109253,3.9854860305786133
3.21105694770813,3.5984067916870117,3.984316110610962
3.21105694770813,3.5984067916870117,3.984316110610962
3.21105694770813,3.5984067916870117,3.984316110610962
3.2105331420898438,3.6009068489074707,3.980879545211792
3.219642400741577,3.6057374477386475,3.976543664932251
3.2195210456848145,3.606520414352417,3.9759373664855957
3.2195210456848145,3.606520414352417,3.9759373664855957
3.220000743865967,3.606170415878296,3.975785255432129
3.220000743865967,3.606170415878296,3.975785255432129
3.2197163105010986,3.6063761711120605,3.9756813049316406
3.2197163105010986,3.6063761711120605,3.9756813049316406
3.2209465503692627,3.6069605350494385,3.9745705127716064
3.220639705657959,3.607447624206543,3.9742088317871094
3.220639705657959,3.607447624206543,3.9742088317871094
3.2230546474456787,3.6075639724731445,3.972449779510498
3.2230546474456787,3.6075639724731445,3.972449779510498
3.225672721862793,3.6089484691619873,3.9714601039886475
3.2274742126464844,3.609138011932373,3.970844268798828
3.2274742126464844,3.609138011932373,3.970844268798828
3.2318928241729736,3.6081345081329346,3.9705071449279785
3.234860897064209,3.608396053314209,3.969956159591675
3.234860897064209,3.608396053314209,3.969956159591675
3.238084316253662,3.6080925464630127,3.9706108570098877
3.238084316253662,3.6080925464630127,3.9706108570098877
3.2421581745147705,3.6088204383850098,3.9693410396575928
3.2421581745147705,3.6088204383850098,3.9693410396575928
3.244291305541992,3.6081957817077637,3.969402313232422
3.244291305541992,3.6081957817077637,3.969402313232422
3.246109962463379,3.608220338821411,3.9693422317504883
3.246396780014038,3.6082026958465576,3.9694831371307373
3.247624635696411,3.6065313816070557,3.970364570617676
3.248602867126465,3.6053285598754883,3.9707353115081787
3.250636100769043,3.6042120456695557,3.9711105823516846
3.250636100769043,3.6042120456695557,3.9711105823516846
3.2525157928466797,3.6039583683013916,3.9712610244750977
3.254074811935425,3.6038999557495117,3.971121311187744
3.2567834854125977,3.604072332382202,3.9712839126586914
3.2567834854125977,3.604072332382202,3.9712839126586914
3.257413148880005,3.6041221618652344,3.9706625938415527
3.257413148880005,3.6041221618652344,3.9706625938415527
3.2612674236297607,3.604015350341797,3.9696104526519775
3.2638514041900635,3.604724168777466,3.9683985710144043
3.2666940689086914,3.604259967803955,3.967886209487915
3.26806378364563,3.6032674312591553,3.9678030014038086
3.26806378364563,3.6032674312591553,3.9678030014038086
3.2693519592285156,3.601067066192627,3.9683003425598145
3.2693519592285156,3.601067066192627,3.9683003425598145
3.2693519592285156,3.601067066192627,3.9683003425598145
3.273451089859009,3.6020009517669678,3.968278408050537
3.273451089859009,3.6020009517669678,3.968278408050537
3.275075912475586,3.6034750938415527,3.96779465675354
3.275075912475586,3.6034750938415527,3.96779465675354
3.274998664855957,3.602569818496704,3.9683308601379395
3.274998664855957,3.602569818496704,3.9683308601379395
3.2765820026397705,3.602174758911133,3.967857599258423
3.2782516479492188,3.6030287742614746,3.9668803215026855
3.280325412750244,3.603398561477661,3.9659485816955566
3.280797004699707,3.603670597076416,3.965632677078247
3.280797004699707,3.603670597076416,3.965632677078247
3.282944440841675,3.602771282196045,3.965562105178833
3.282944440841675,3.602771282196045,3.965562105178833
3.2844045162200928,3.6028242111206055,3.9655351638793945
3.2844045162200928,3.6028242111206055,3.9655351638793945
3.2875924110412598,3.601289749145508,3.9655752182006836
3.2875924110412598,3.601289749145508,3.9655752182006836
3.2875924110412598,3.601289749145508,3.9655752182006836
3.2902519702911377,3.601968765258789,3.9652419090270996
3.292651891708374,3.60221529006958,3.9643380641937256
3.295372486114502,3.6015918254852295,3.964055061340332
3.2970807552337646,3.601623058319092,3.9634668827056885
3.2970807552337646,3.601623058319092,3.9634668827056885
3.2997145652770996,3.6018755435943604,3.962808609008789
3.2997145652770996,3.6018755435943604,3.962808609008789
3.3002631664276123,3.6017394065856934,3.963514804840088
3.3002631664276123,3.6017394065856934,3.963514804840088
3.301668882369995,3.6028573513031006,3.9629929065704346
3.301668882369995,3.6028573513031006,3.9629929065704346
3.3035411834716797,3.603134870529175,3.963430881500244
3.3035411834716797,3.603134870529175,3.963430881500244
3.3035411834716797,3.603134870529175,3.963430881500244
3.3070080280303955,3.6038591861724854,3.9627530574798584
3.3070080280303955,3.6038591861724854,3.9627530574798584
3.3106000423431396,3.6050100326538086,3.9618077278137207
3.3106000423431396,3.6050100326538086,3.9618077278137207
3.3126771450042725,3.6041533946990967,3.9619011878967285
3.3136050701141357,3.6047286987304688,3.961540937423706
3.3149847984313965,3.605297327041626,3.9600989818573
3.3149847984313965,3.605297327041626,3.9600989818573
3.315814971923828,3.6056265830993652,3.959190845489502
3.317479372024536,3.6060338020324707,3.9584553241729736
3.317675828933716,3.605931282043457,3.957826614379883
3.3188023567199707,3.6058483123779297,3.957637071609497
3.3204751014709473,3.6054956912994385,3.9576096534729004
3.3204751014709473,3.6054956912994385,3.9576096534729004
3.3204751014709473,3.6054956912994385,3.9576096534729004
3.324448585510254,3.602827310562134,3.9582884311676025
3.3262736797332764,3.601998805999756,3.958627939224243
3.3273134231567383,3.6024177074432373,3.9582743644714355
3.3273134231567383,3.6024177074432373,3.9582743644714355
3.3291969299316406,3.6036362648010254,3.9575629234313965
3.3291969299316406,3.6036362648010254,3.9575629234313965
3.331308603286743,3.603029489517212,3.957411050796509
3.331308603286743,3.603029489517212,3.957411050796509
3.332700729370117,3.603695869445801,3.95627760887146
3.332700729370117,3.603695869445801,3.95627760887146
3.333231210708618,3.604168653488159,3.955382823944092
3.333231210708618,3.604168653488159,3.955382823944092
3.333231210708618,3.604168653488159,3.955382823944092
3.3360114097595215,3.602367877960205,3.954571008682251
3.3360114097595215,3.602367877960205,3.954571008682251
3.3371493816375732,3.6005096435546875,3.955012559890747
3.3371493816375732,3.6005096435546875,3.955012559890747
3.3397154808044434,3.6011252403259277,3.953993320465088
3.3397154808044434,3.6011252403259277,3.953993320465088
3.341323137283325,3.6018741130828857,3.952939987182617
3.341251850128174,3.6015915870666504,3.952378988265991
3.3409836292266846,3.6006851196289062,3.9524073600769043
3.3409836292266846,3.6006851196289062,3.9524073600769043
3.3423452377319336,3.6004881858825684,3.951355218887329
3.3443946838378906,3.601257562637329,3.9498653411865234
3.3457915782928467,3.6012794971466064,3.9496490955352783
3.3470022678375244,3.6005501747131348,3.949826717376709
3.3479998111724854,3.5997154712677,3.9500255584716797
3.3479998111724854,3.5997154712677,3.9500255584716797
3.3479998111724854,3.5997154712677,3.9500255584716797
3.350470781326294,3.5991055965423584,3.949552059173584
3.3522276878356934,3.598785161972046,3.9490973949432373
3.353375196456909,3.599073886871338,3.948695182800293
3.3543028831481934,3.5995333194732666,3.948180913925171
3.3543028831481934,3.5995333194732666,3.948180913925171
3.353483200073242,3.5994017124176025,3.948258638381958
3.353483200073242,3.5994017124176025,3.948258638381958
3.354735851287842,3.5986149311065674,3.9477415084838867
3.355888843536377,3.5983502864837646,3.9475767612457275
3.356213092803955,3.5977823734283447,3.948068618774414
3.356213092803955,3.5977823734283447,3.948068618774414
3.3561954498291016,3.5980076789855957,3.9479565620422363
3.3561954498291016,3.5980076789855957,3.9479565620422363
3.3560967445373535,3.599837303161621,3.9465482234954834
3.3560967445373535,3.599837303161621,3.9465482234954834
3.3566999435424805,3.5988781452178955,3.9463436603546143
3.3566999435424805,3.5988781452178955,3.9463436603546143
3.3584647178649902,3.5979392528533936,3.9460816383361816
3.3603546619415283,3.5980217456817627,3.945439577102661
3.360994815826416,3.5978591442108154,3.9455530643463135
3.360994815826416,3.5978591442108154,3.9455530643463135
3.362436532974243,3.597473382949829,3.945361614227295
3.362436532974243,3.597473382949829,3.945361614227295
3.3630030155181885,3.5979397296905518,3.9449639320373535
3.3630030155181885,3.5979397296905518,3.9449639320373535
3.3627471923828125,3.598440647125244,3.944335460662842
3.363386631011963,3.59905743598938,3.9435219764709473
3.363950252532959,3.599047899246216,3.943683385848999
3.36540150642395,3.598402976989746,3.943739652633667
3.36540150642395,3.598402976989746,3.943739652633667
3.3674373626708984,3.5976760387420654,3.943268060684204
3.3680591583251953,3.59753680229187,3.9429666996002197
3.369276285171509,3.5974645614624023,3.9429209232330322
3.369276285171509,3.5974645614624023,3.9429209232330322
3.3710672855377197,3.5958364009857178,3.9439895153045654
3.3710672855377197,3.5958364009857178,3.9439895153045654
3.3732171058654785,3.5941433906555176,3.9446299076080322
3.373647928237915,3.5944578647613525,3.9449784755706787
3.374361753463745,3.595158576965332,3.9450485706329346
3.374361753463745,3.595158576965332,3.9450485706329346
3.3737282752990723,3.5961849689483643,3.944838523864746
3.373157262802124,3.597015857696533,3.9448134899139404
3.3726706504821777,3.5977444648742676,3.9444820880889893
3.374147653579712,3.597313404083252,3.9446685314178467
3.374147653579712,3.597313404083252,3.9446685314178467
3.375869035720825,3.5964064598083496,3.9452176094055176
3.378286600112915,3.595445156097412,3.945406675338745
3.380969285964966,3.593991756439209,3.945657968521118
3.3826918601989746,3.5926902294158936,3.9460835456848145
3.3826918601989746,3.5926902294158936,3.9460835456848145
3.385460615158081,3.5915329456329346,3.946234703063965
3.3869359493255615,3.592338800430298,3.9456350803375244
3.387420177459717,3.593596935272217,3.945093870162964
3.387693405151367,3.59380841255188,3.944720506668091
3.387693405151367,3.59380841255188,3.944720506668091
3.387833595275879,3.5940022468566895,3.9441123008728027
3.387833595275879,3.5940022468566895,3.9441123008728027
3.389836072921753,3.594243049621582,3.9433913230895996
3.389836072921753,3.594243049621582,3.9433913230895996
3.390977382659912,3.5935609340667725,3.9430508613586426
3.391263008117676,3.5924794673919678,3.9430413246154785
3.3910434246063232,3.591310501098633,3.9436757564544678
3.391256809234619,3.5917422771453857,3.9440531730651855
3.391256809234619,3.5917422771453857,3.9440531730651855
3.391256809234619,3.5917422771453857,3.9440531730651855
3.3912386894226074,3.5925915241241455,3.944037914276123
3.3923397064208984,3.592836856842041,3.944239377975464
3.39266037940979,3.5935795307159424,3.944251298904419
3.3944618701934814,3.59248685836792,3.9443209171295166
3.3944618701934814,3.59248685836792,3.9443209171295166
3.3999533653259277,3.589468479156494,3.945199728012085
3.3999533653259277,3.589468479156494,3.945199728012085
3.4033679962158203,3.5874218940734863,3.9458796977996826
3.4062983989715576,3.585035800933838,3.946732997894287
3.4075093269348145,3.584683418273926,3.946864366531372
3.4075093269348145,3.584683418273926,3.946864366531372
3.4066553115844727,3.588099241256714,3.945721387863159
3.4066553115844727,3.588099241256714,3.945721387863159
3.405421495437622,3.589547634124756,3.945327043533325
3.404642105102539,3.5897202491760254,3.9445157051086426
3.404642105102539,3.5897202491760254,3.9445157051086426
3.4057881832122803,3.589043617248535,3.9443116188049316
3.4081027507781982,3.589164972305298,3.943685293197632
3.4081027507781982,3.589164972305298,3.943685293197632
3.4112393856048584,3.5864174365997314,3.943878650665283
3.4112393856048584,3.5864174365997314,3.943878650665283
3.4119021892547607,3.584684133529663,3.945497512817383
3.4105114936828613,3.584798812866211,3.945993423461914
3.4098281860351562,3.5841991901397705,3.946298122406006
3.4087226390838623,3.584423303604126,3.9464614391326904
3.408828020095825,3.5849790573120117,3.945718765258789
3.408828020095825,3.5849790573120117,3.945718765258789
3.408828020095825,3.5849790573120117,3.945718765258789
3.4106507301330566,3.583981990814209,3.9455618858337402
3.4106507301330566,3.583981990814209,3.9455618858337402
3.4133219718933105,3.5830559730529785,3.945115089416504
3.4133219718933105,3.5830559730529785,3.945115089416504
3.4146857261657715,3.583131790161133,3.9438297748565674
3.4146857261657715,3.583131790161133,3.9438297748565674
3.4148757457733154,3.583115577697754,3.9439823627471924
3.4148757457733154,3.583115577697754,3.9439823627471924
3.4134109020233154,3.5853352546691895,3.944164752960205
3.4125795364379883,3.5867702960968018,3.943645477294922
3.411515474319458,3.5880825519561768,3.9430222511291504
3.411515474319458,3.5880825519561768,3.9430222511291504
3.411909580230713,3.587618589401245,3.9433765411376953
3.4124085903167725,3.5874266624450684,3.9433629512786865
3.4124085903167725,3.5874266624450684,3.9433629512786865
3.4155170917510986,3.585662841796875,3.9440460205078125
3.416046380996704,3.5849080085754395,3.944307565689087
3.4175117015838623,3.5838356018066406,3.944596529006958
3.4198081493377686,3.583988904953003,3.9438726902008057
3.4198081493377686,3.583988904953003,3.9438726902008057
3.4210243225097656,3.5836966037750244,3.9445126056671143
3.422349452972412,3.5844874382019043,3.9438374042510986
3.424161434173584,3.5852653980255127,3.942572832107544
3.424790382385254,3.585205078125,3.9426028728485107
3.424790382385254,3.585205078125,3.9426028728485107
3.425388813018799,3.583038806915283,3.943979024887085
3.425388813018799,3.583038806915283,3.943979024887085
3.4270925521850586,3.5805108547210693,3.9436752796173096
3.4270925521850586,3.5805108547210693,3.9436752796173096
3.4301624298095703,3.577056407928467,3.9446702003479004
3.4301624298095703,3.577056407928467,3.9446702003479004
3.432852029800415,3.577894449234009,3.942514181137085
3.4333581924438477,3.5775883197784424,3.9420340061187744
3.4333581924438477,3.5775883197784424,3.9420340061187744
3.434084892272949,3.5765233039855957,3.940962553024292
3.434084892272949,3.5765233039855957,3.940962553024292
3.436537742614746,3.575327157974243,3.9411747455596924
3.436537742614746,3.575327157974243,3.9411747455596924
3.4350943565368652,3.5776174068450928,3.940091609954834
3.4338715076446533,3.577190637588501,3.9398040771484375
3.4338715076446533,3.577190637588501,3.9398040771484375
3.4330618381500244,3.577404499053955,3.939842462539673
3.432896852493286,3.577143907546997,3.9411630630493164
3.432896852493286,3.577143907546997,3.9411630630493164
3.4352164268493652,3.576357364654541,3.9411604404449463
3.4352164268493652,3.576357364654541,3.9411604404449463
3.4376425743103027,3.5756213665008545,3.9410758018493652
3.4377167224884033,3.574284315109253,3.9414751529693604
3.4377167224884033,3.574284315109253,3.9414751529693604
3.438220977783203,3.5727877616882324,3.941985607147217
3.438220977783203,3.5727877616882324,3.941985607147217
3.4404854774475098,3.5745365619659424,3.9402058124542236
3.441945791244507,3.574364423751831,3.94036602973938
3.4420688152313232,3.5741381645202637,3.9410834312438965
3.4420688152313232,3.5741381645202637,3.9410834312438965
3.4419634342193604,3.5737366676330566,3.9416377544403076
3.4419634342193604,3.5737366676330566,3.9416377544403076
3.44419264793396,3.5737781524658203,3.9415197372436523
3.444716691970825,3.5739729404449463,3.9416744709014893
3.4462506771087646,3.5742440223693848,3.9415221214294434
3.4462506771087646,3.5742440223693848,3.9415221214294434
3.446608543395996,3.5756142139434814,3.94084095954895
3.446246862411499,3.5755884647369385,3.9411697387695312
3.446246862411499,3.5755884647369385,3.9411697387695312
3.446089744567871,3.5775179862976074,3.9400556087493896
3.446089744567871,3.5775179862976074,3.9400556087493896
3.4466359615325928,3.578913927078247,3.93947696685791
3.4466359615325928,3.578913927078247,3.93947696685791
3.4487855434417725,3.5757482051849365,3.9398367404937744
3.4502298831939697,3.5750508308410645,3.940282106399536
3.453453540802002,3.5742626190185547,3.9406142234802246
3.453453540802002,3.5742626190185547,3.9406142234802246
3.455671787261963,3.5737485885620117,3.941190481185913
3.455671787261963,3.5737485885620117,3.941190481185913
3.455671787261963,3.5737485885620117,3.941190481185913
3.4524364471435547,3.5752320289611816,3.942016124725342
3.452080726623535,3.5763180255889893,3.940200090408325
3.452080726623535,3.5763180255889893,3.940200090408325
3.4540774822235107,3.575819492340088,3.939901828765869
3.4563546180725098,3.57487154006958,3.9399712085723877
3.459749937057495,3.5723795890808105,3.94067645072937
3.459749937057495,3.5723795890808105,3.94067645072937
3.4599449634552,3.572089195251465,3.9400434494018555
3.4599449634552,3.572089195251465,3.9400434494018555
3.4593379497528076,3.572899341583252,3.9395408630371094
3.4599227905273438,3.572904348373413,3.939401388168335
3.461087942123413,3.572474956512451,3.9393067359924316
3.4612104892730713,3.571192741394043,3.9394474029541016
3.4612104892730713,3.571192741394043,3.9394474029541016
3.4615397453308105,3.5703072547912598,3.939882278442383
3.463355302810669,3.570580244064331,3.9389543533325195
3.463355302810669,3.570580244064331,3.9389543533325195
3.4633777141571045,3.5706825256347656,3.9392552375793457
3.4633777141571045,3.5706825256347656,3.9392552375793457
3.463899850845337,3.5700037479400635,3.939188003540039
3.463899850845337,3.5700037479400635,3.939188003540039
3.468247890472412,3.569042921066284,3.9381799697875977
3.47117280960083,3.569697856903076,3.9376611709594727
3.47117280960083,3.569697856903076,3.9376611709594727
3.47117280960083,3.569697856903076,3.9376611709594727
3.4734296798706055,3.567882537841797,3.937760829925537
3.4745450019836426,3.5671262741088867,3.938068151473999
3.475726842880249,3.5676796436309814,3.9379935264587402
3.4762935638427734,3.5680699348449707,3.93786883354187
3.476527214050293,3.5666022300720215,3.9387974739074707
3.476527214050293,3.5666022300720215,3.9387974739074707
3.476527214050293,3.5666022300720215,3.9387974739074707
3.4786109924316406,3.5650806427001953,3.939913511276245
3.4808239936828613,3.5656588077545166,3.939577579498291
3.482450246810913,3.5656235218048096,3.9398767948150635
3.482450246810913,3.5656235218048096,3.9398767948150635
3.4831953048706055,3.5639426708221436,3.9407918453216553
3.4831953048706055,3.5639426708221436,3.9407918453216553
3.4864580631256104,3.5636494159698486,3.9400510787963867
3.4864580631256104,3.5636494159698486,3.9400510787963867
3.490034818649292,3.5624802112579346,3.939335346221924
3.490034818649292,3.5624802112579346,3.939335346221924
3.492067575454712,3.561962604522705,3.93886661529541
3.492067575454712,3.561962604522705,3.93886661529541
3.4929962158203125,3.563509941101074,3.936704635620117
3.4929962158203125,3.563509941101074,3.936704635620117
3.4916279315948486,3.5647096633911133,3.9358253479003906
3.491647720336914,3.5650599002838135,3.9354898929595947
3.491647720336914,3.5650599002838135,3.9354898929595947
3.4938032627105713,3.5642762184143066,3.934828758239746
3.4944417476654053,3.5632004737854004,3.934903144836426
3.4944417476654053,3.5632004737854004,3.934903144836426
3.4949026107788086,3.5626540184020996,3.9346580505371094
3.4949026107788086,3.5626540184020996,3.9346580505371094
3.496124505996704,3.5621979236602783,3.9345076084136963
3.4971213340759277,3.561563491821289,3.93515944480896
3.498594045639038,3.561166286468506,3.9352128505706787
3.4997212886810303,3.5617668628692627,3.9346206188201904
3.4997212886810303,3.5617668628692627,3.9346206188201904
3.4997212886810303,3.5617668628692627,3.9346206188201904
3.500934600830078,3.5606205463409424,3.9352450370788574
3.500934600830078,3.5606205463409424,3.9352450370788574
3.5040667057037354,3.5589208602905273,3.936063528060913
3.5040667057037354,3.5589208602905273,3.936063528060913
3.5075833797454834,3.5592732429504395,3.935584306716919
3.5075833797454834,3.5592732429504395,3.935584306716919
3.5091493129730225,3.5584633350372314,3.9357826709747314
3.5091493129730225,3.5584633350372314,3.9357826709747314
3.5110957622528076,3.559485673904419,3.934509754180908
3.511298418045044,3.56018328666687,3.9340713024139404
3.511298418045044,3.56018328666687,3.9340713024139404
3.5128140449523926,3.5612587928771973,3.9330949783325195
3.5128140449523926,3.5612587928771973,3.9330949783325195
3.5155813694000244,3.5616023540496826,3.9317994117736816
3.517395496368408,3.5616495609283447,3.9316182136535645
3.517395496368408,3.5616495609283447,3.9316182136535645
3.5202813148498535,3.5618081092834473,3.931318998336792
3.5210373401641846,3.561819076538086,3.931394100189209
3.5210373401641846,3.561819076538086,3.931394100189209
3.5210373401641846,3.561819076538086,3.931394100189209
3.5230579376220703,3.5600903034210205,3.9314181804656982
3.5230579376220703,3.5600903034210205,3.9314181804656982
3.5242276191711426,3.5597589015960693,3.9308650493621826
3.5242276191711426,3.5597589015960693,3.9308650493621826
3.525512933731079,3.5577826499938965,3.9320101737976074
3.525512933731079,3.5577826499938965,3.9320101737976074
3.5245022773742676,3.558577537536621,3.931389331817627
3.5245022773742676,3.558577537536621,3.931389331817627
3.5242743492126465,3.5614776611328125,3.9305830001831055
3.5242743492126465,3.5614776611328125,3.9305830001831055
3.527406692504883,3.559133768081665,3.931509256362915
3.5285050868988037,3.5579657554626465,3.9317989349365234
3.529350757598877,3.554647922515869,3.9328665733337402
3.529350757598877,3.554647922515869,3.9328665733337402
3.5295276641845703,3.554676055908203,3.9326226711273193
3.5295276641845703,3.554676055908203,3.9326226711273193
3.5302281379699707,3.55611515045166,3.9320149421691895
3.5307955741882324,3.5565404891967773,3.9317965507507324
3.5315377712249756,3.5569536685943604,3.9315600395202637
3.5315377712249756,3.5569536685943604,3.9315600395202637
3.532799243927002,3.5568597316741943,3.9313607215881348
3.532799243927002,3.5568597316741943,3.9313607215881348
3.534115791320801,3.5566961765289307,3.9314634799957275
3.535578489303589,3.557047128677368,3.930434226989746
3.5373947620391846,3.5573582649230957,3.929551124572754
3.5396299362182617,3.5572242736816406,3.928849220275879
3.5396299362182617,3.5572242736816406,3.928849220275879
3.5396299362182617,3.5572242736816406,3.928849220275879
3.544426679611206,3.5552420616149902,3.9280734062194824
3.544426679611206,3.5552420616149902,3.9280734062194824
3.547755718231201,3.554002523422241,3.9285106658935547
3.547755718231201,3.554002523422241,3.9285106658935547
3.5485031604766846,3.554093837738037,3.928335428237915
3.5485031604766846,3.554093837738037,3.928335428237915
3.54910945892334,3.554567337036133,3.927959442138672
3.5510878562927246,3.555269956588745,3.9266903400421143
3.5510878562927246,3.555269956588745,3.9266903400421143
3.552018880844116,3.554987907409668,3.9262468814849854
3.552018880844116,3.554987907409668,3.9262468814849854
3.5561842918395996,3.554238796234131,3.9253780841827393
3.5561842918395996,3.554238796234131,3.9253780841827393
3.5605294704437256,3.553750514984131,3.9240036010742188
3.5605294704437256,3.553750514984131,3.9240036010742188
3.562363386154175,3.5540530681610107,3.923326253890991
3.562363386154175,3.5540530681610107,3.923326253890991
3.564535140991211,3.555330991744995,3.9219157695770264
3.5653061866760254,3.556169271469116,3.9214704036712646
3.565519094467163,3.556988000869751,3.9212238788604736
3.565519094467163,3.556988000869751,3.9212238788604736
3.565519094467163,3.556988000869751,3.9212238788604736
3.565373182296753,3.556230068206787,3.9217464923858643
3.565373182296753,3.556230068206787,3.9217464923858643
3.5713131427764893,3.5549142360687256,3.9209916591644287
3.5713131427764893,3.5549142360687256,3.9209916591644287
3.5755510330200195,3.553053617477417,3.9221129417419434
3.5755510330200195,3.553053617477417,3.9221129417419434
3.57539439201355,3.5512261390686035,3.9229700565338135
3.57539439201355,3.5512261390686035,3.9229700565338135
3.5737950801849365,3.5526833534240723,3.9224355220794678
3.5735695362091064,3.552875280380249,3.9223592281341553
3.5735695362091064,3.552875280380249,3.9223592281341553
3.5735151767730713,3.5519216060638428,3.9227535724639893
3.5735151767730713,3.5519216060638428,3.9227535724639893
3.573435068130493,3.552619457244873,3.9225401878356934
3.5722172260284424,3.552582025527954,3.9226014614105225
3.5722172260284424,3.552582025527954,3.9226014614105225
3.5731201171875,3.550920009613037,3.9231584072113037
3.5731201171875,3.550920009613037,3.9231584072113037
3.5777084827423096,3.5508196353912354,3.922412157058716
3.5777084827423096,3.5508196353912354,3.922412157058716
3.5812153816223145,3.549241542816162,3.922412633895874
3.5812153816223145,3.549241542816162,3.922412633895874
3.5836408138275146,3.5476582050323486,3.9221441745758057
3.5836408138275146,3.5476582050323486,3.9221441745758057
3.5841219425201416,3.5485498905181885,3.9216740131378174
3.5841219425201416,3.5485498905181885,3.9216740131378174
3.5846078395843506,3.5488455295562744,3.9214887619018555
3.5846078395843506,3.5488455295562744,3.9214887619018555
3.588104009628296,3.5475409030914307,3.920698404312134
3.590632677078247,3.546625852584839,3.920480728149414
3.5933189392089844,3.5461227893829346,3.9199612140655518
3.5933189392089844,3.5461227893829346,3.9199612140655518
3.596505880355835,3.545591354370117,3.9195733070373535
3.596505880355835,3.545591354370117,3.9195733070373535
3.59720778465271,3.545785903930664,3.9197752475738525
3.59720778465271,3.545785903930664,3.9197752475738525
3.5970399379730225,3.546562433242798,3.9195642471313477
3.5973761081695557,3.5472068786621094,3.9195640087127686
3.596999406814575,3.5477519035339355,3.919206380844116
3.596999406814575,3.5477519035339355,3.919206380844116
3.596761703491211,3.5475611686706543,3.918836832046509
3.5976412296295166,3.5461020469665527,3.918260097503662
3.5976412296295166,3.5461020469665527,3.918260097503662
3.6016337871551514,3.545060873031616,3.917484760284424
3.6030890941619873,3.5449984073638916,3.9169275760650635
3.6030890941619873,3.5449984073638916,3.9169275760650635
3.6040313243865967,3.54553484916687,3.915961980819702
3.6040313243865967,3.54553484916687,3.915961980819702
3.6051883697509766,3.547222137451172,3.91430401802063
3.6052134037017822,3.5474355220794678,3.9140172004699707
3.6052658557891846,3.5474493503570557,3.9141528606414795
3.6052658557891846,3.5474493503570557,3.9141528606414795
3.6055285930633545,3.546752691268921,3.914656639099121
3.6067824363708496,3.546999931335449,3.9139206409454346
3.6084256172180176,3.5472631454467773,3.9130237102508545
3.6084256172180176,3.5472631454467773,3.9130237102508545
3.610203981399536,3.5473828315734863,3.913001298904419
3.610203981399536,3.5473828315734863,3.913001298904419
3.610978126525879,3.5452115535736084,3.9141578674316406
3.610978126525879,3.5452115535736084,3.9141578674316406
3.6151835918426514,3.543083906173706,3.914555788040161
3.6151835918426514,3.543083906173706,3.914555788040161
3.616471290588379,3.543224334716797,3.914166212081909
3.616976022720337,3.5425894260406494,3.9147138595581055
3.6181533336639404,3.5418922901153564,3.914623737335205
3.6181533336639404,3.5418922901153564,3.914623737335205
3.6195545196533203,3.542924165725708,3.9141032695770264
3.6195545196533203,3.542924165725708,3.9141032695770264
3.620499610900879,3.5431556701660156,3.9138972759246826
3.620499610900879,3.5431556701660156,3.9138972759246826
3.6209163665771484,3.5430383682250977,3.9141550064086914
3.623422622680664,3.5428433418273926,3.9141008853912354
3.623422622680664,3.5428433418273926,3.9141008853912354
3.6275413036346436,3.5419342517852783,3.9140431880950928
3.6275413036346436,3.5419342517852783,3.9140431880950928
3.6322638988494873,3.540754556655884,3.9137258529663086
3.6337826251983643,3.540250301361084,3.9136295318603516
3.6348319053649902,3.53953218460083,3.9135398864746094
3.63435697555542,3.539768934249878,3.9133217334747314
3.63435697555542,3.539768934249878,3.9133217334747314
3.6338586807250977,3.5408544540405273,3.91245698928833
3.6315014362335205,3.5420429706573486,3.9115917682647705
3.6315014362335205,3.5420429706573486,3.9115917682647705
3.6313388347625732,3.542041778564453,3.910794734954834
3.6314799785614014,3.5417320728302,3.9109389781951904
3.6314799785614014,3.5417320728302,3.9109389781951904
3.6320436000823975,3.539968729019165,3.9124724864959717
3.633343458175659,3.539079189300537,3.913764715194702
3.6332149505615234,3.539113759994507,3.9139175415039062
3.6332149505615234,3.539113759994507,3.9139175415039062
3.63387393951416,3.539564847946167,3.912961006164551
3.63387393951416,3.539564847946167,3.912961006164551
3.6352362632751465,3.5389060974121094,3.9134151935577393
3.6352362632751465,3.5389060974121094,3.9134151935577393
3.6365628242492676,3.5390431880950928,3.9135615825653076
3.6382641792297363,3.5378613471984863,3.913649082183838
3.640044927597046,3.5372798442840576,3.9132604598999023
3.6430368423461914,3.5370843410491943,3.912449598312378
3.6430368423461914,3.5370843410491943,3.912449598312378
3.6430368423461914,3.5370843410491943,3.912449598312378
3.6460633277893066,3.535613775253296,3.912877321243286
3.646416425704956,3.5344743728637695,3.914107084274292
3.646416425704956,3.5344743728637695,3.914107084274292
3.64589786529541,3.536099910736084,3.9127657413482666
3.645465850830078,3.536951780319214,3.9124221801757812
3.6458094120025635,3.5370218753814697,3.9120545387268066
3.6458094120025635,3.5370218753814697,3.9120545387268066
3.646531343460083,3.53658390045166,3.9121007919311523
3.646531343460083,3.53658390045166,3.9121007919311523
3.6483144760131836,3.5360045433044434,3.9116764068603516
3.6483144760131836,3.5360045433044434,3.9116764068603516
3.6489148139953613,3.535198926925659,3.9118287563323975
3.6489148139953613,3.535198926925659,3.9118287563323975
3.649834394454956,3.532909393310547,3.9132578372955322
3.651050090789795,3.532179594039917,3.9139935970306396
3.6545345783233643,3.5310585498809814,3.9139211177825928
3.6552796363830566,3.5306270122528076,3.9143686294555664
3.6552796363830566,3.5306270122528076,3.9143686294555664
3.6560447216033936,3.532047986984253,3.9147531986236572
3.6560447216033936,3.532047986984253,3.9147531986236572
3.6544077396392822,3.5358028411865234,3.9137187004089355
3.6544077396392822,3.5358028411865234,3.9137187004089355
3.6556246280670166,3.5356574058532715,3.9137141704559326
3.6556246280670166,3.5356574058532715,3.9137141704559326
3.659578323364258,3.5327394008636475,3.914184331893921
3.659578323364258,3.5327394008636475,3.914184331893921
3.6614556312561035,3.5314886569976807,3.9146575927734375
3.66261625289917,3.5313401222229004,3.914428234100342
3.663351535797119,3.5318703651428223,3.914064884185791
3.663818359375,3.5320088863372803,3.9140100479125977
3.663818359375,3.5320088863372803,3.9140100479125977
3.663818359375,3.5320088863372803,3.9140100479125977
3.6651947498321533,3.531475305557251,3.9137444496154785
3.6651947498321533,3.531475305557251,3.9137444496154785
3.6694512367248535,3.530040979385376,3.9131062030792236
3.6694512367248535,3.530040979385376,3.9131062030792236
3.6702880859375,3.5283432006835938,3.912844181060791
3.6702880859375,3.5283432006835938,3.912844181060791
3.6698617935180664,3.5272655487060547,3.913160800933838
3.6692116260528564,3.5274293422698975,3.9129035472869873
3.6692116260528564,3.5274293422698975,3.9129035472869873
3.669865369796753,3.527536153793335,3.9126853942871094
3.668616533279419,3.529345989227295,3.9126691818237305
3.668616533279419,3.529345989227295,3.9126691818237305
3.667541265487671,3.52978515625,3.9123151302337646
3.667541265487671,3.52978515625,3.9123151302337646
3.667541265487671,3.52978515625,3.9123151302337646
3.6706814765930176,3.5286152362823486,3.9115710258483887
3.6706814765930176,3.5286152362823486,3.9115710258483887
3.672168493270874,3.528439521789551,3.910515785217285
3.671753168106079,3.529020071029663,3.9099528789520264
3.6714892387390137,3.5295841693878174,3.9092469215393066
3.673208236694336,3.5296103954315186,3.908353090286255
3.673208236694336,3.5296103954315186,3.908353090286255
3.6743128299713135,3.5298233032226562,3.9065966606140137
3.6743128299713135,3.5298233032226562,3.9065966606140137
3.6748263835906982,3.5297977924346924,3.9061357975006104
3.6734776496887207,3.530656099319458,3.905632972717285
3.673377752304077,3.530388593673706,3.90503191947937
3.673377752304077,3.530388593673706,3.90503191947937
3.6744327545166016,3.528926134109497,3.9049055576324463
3.6765077114105225,3.5292043685913086,3.9052248001098633
3.67801833152771,3.529883623123169,3.9045581817626953
3.67801833152771,3.529883623123169,3.9045581817626953
3.677053213119507,3.5293707847595215,3.9054906368255615
3.677053213119507,3.5293707847595215,3.9054906368255615
3.676344871520996,3.530242919921875,3.905730724334717
3.677103281021118,3.5305206775665283,3.9056663513183594
3.6788136959075928,3.529559850692749,3.9060208797454834
3.68019437789917,3.52848744392395,3.9063849449157715
3.68019437789917,3.52848744392395,3.9063849449157715
3.68019437789917,3.52848744392395,3.9063849449157715
3.682326316833496,3.5297374725341797,3.9051599502563477
3.683729648590088,3.530712604522705,3.9051380157470703
3.686042547225952,3.5308165550231934,3.9045674800872803
3.688960313796997,3.5294206142425537,3.9045348167419434
3.688960313796997,3.5294206142425537,3.9045348167419434
3.6918914318084717,3.5277109146118164,3.904125690460205
3.694594383239746,3.526857376098633,3.903881788253784
3.6950056552886963,3.5271732807159424,3.9031693935394287
3.6950180530548096,3.527493953704834,3.902798652648926
3.6950180530548096,3.527493953704834,3.902798652648926
3.693129539489746,3.527031421661377,3.9028146266937256
3.693129539489746,3.527031421661377,3.9028146266937256
3.6958694458007812,3.5254549980163574,3.9023547172546387
3.6958694458007812,3.5254549980163574,3.9023547172546387
3.695849657058716,3.5260908603668213,3.901489019393921
3.695849657058716,3.5260908603668213,3.901489019393921
3.697082757949829,3.5233728885650635,3.902737617492676
3.6974599361419678,3.5235962867736816,3.9027726650238037
3.6974599361419678,3.5235962867736816,3.9027726650238037
3.7024362087249756,3.522142171859741,3.9029533863067627
3.7024362087249756,3.522142171859741,3.9029533863067627
3.7065906524658203,3.5197079181671143,3.902195453643799
3.7085342407226562,3.519066572189331,3.9018197059631348
3.7099878787994385,3.51887845993042,3.901336431503296
3.7099878787994385,3.51887845993042,3.901336431503296
3.7099945545196533,3.51918625831604,3.900940418243408
3.7099945545196533,3.51918625831604,3.900940418243408
3.710306406021118,3.5188000202178955,3.901017665863037
3.710675001144409,3.5189456939697266,3.900343656539917
3.710675001144409,3.5189456939697266,3.900343656539917
3.7126216888427734,3.5186843872070312,3.8998169898986816
3.713236093521118,3.518144130706787,3.8998491764068604
3.713608503341675,3.5179383754730225,3.8994240760803223
3.714637279510498,3.5175082683563232,3.899043083190918
3.714637279510498,3.5175082683563232,3.899043083190918
3.7148711681365967,3.518949031829834,3.898087739944458
3.715311050415039,3.520704507827759,3.8968594074249268
3.7154695987701416,3.5212082862854004,3.896759271621704
3.7154695987701416,3.5212082862854004,3.896759271621704
3.7168588638305664,3.52020001411438,3.897223472595215
3.7168588638305664,3.52020001411438,3.897223472595215
3.7202036380767822,3.5182671546936035,3.8967623710632324
3.7202036380767822,3.5182671546936035,3.8967623710632324
3.7221624851226807,3.5171780586242676,3.8969061374664307
3.7221624851226807,3.5171780586242676,3.8969061374664307
3.722508192062378,3.5181984901428223,3.8966574668884277
3.722508192062378,3.5181984901428223,3.8966574668884277
3.7231357097625732,3.5180110931396484,3.8969576358795166
3.7252321243286133,3.5172276496887207,3.8967936038970947
3.727123498916626,3.516366720199585,3.8965258598327637
3.727123498916626,3.516366720199585,3.8965258598327637
3.7296054363250732,3.5150046348571777,3.896287202835083
3.7296054363250732,3.5150046348571777,3.896287202835083
3.732290506362915,3.5153212547302246,3.8948147296905518
3.732290506362915,3.5153212547302246,3.8948147296905518
3.732658624649048,3.514677047729492,3.8950271606445312
3.732658624649048,3.514677047729492,3.8950271606445312
3.732658624649048,3.514677047729492,3.8950271606445312
3.734877109527588,3.512730360031128,3.8954169750213623
3.7355098724365234,3.512868642807007,3.8950412273406982
3.7355098724365234,3.512868642807007,3.8950412273406982
3.737220048904419,3.5121617317199707,3.8950021266937256
3.737231731414795,3.5120153427124023,3.8952250480651855
3.7361998558044434,3.5132381916046143,3.895493268966675
3.7357561588287354,3.5132133960723877,3.896021604537964
3.736837148666382,3.5119495391845703,3.8972809314727783
3.736837148666382,3.5119495391845703,3.8972809314727783
3.738795042037964,3.511671304702759,3.8975675106048584
3.738795042037964,3.511671304702759,3.8975675106048584
3.7411601543426514,3.5123627185821533,3.8971776962280273
3.7409210205078125,3.5121843814849854,3.8976852893829346
3.7409210205078125,3.5121843814849854,3.8976852893829346
3.7385594844818115,3.5137593746185303,3.8973922729492188
3.7385594844818115,3.5137593746185303,3.8973922729492188
3.73896861076355,3.514636754989624,3.896888017654419
3.73896861076355,3.514636754989624,3.896888017654419
3.7416024208068848,3.513136386871338,3.8955843448638916
3.7416024208068848,3.513136386871338,3.8955843448638916
3.743464469909668,3.5110411643981934,3.8941409587860107
3.743464469909668,3.5110411643981934,3.8941409587860107
3.7446250915527344,3.5097968578338623,3.8933563232421875
3.7446250915527344,3.5097968578338623,3.8933563232421875
3.7446250915527344,3.5097968578338623,3.8933563232421875
3.746368169784546,3.509657859802246,3.8931808471679688
3.746368169784546,3.509657859802246,3.8931808471679688
3.7478041648864746,3.5085465908050537,3.893458604812622
3.7478041648864746,3.5085465908050537,3.893458604812622
3.7468695640563965,3.5090444087982178,3.8940186500549316
3.7468695640563965,3.5090444087982178,3.8940186500549316
3.745854616165161,3.508408784866333,3.894845485687256
3.748094081878662,3.5073914527893066,3.894871473312378
3.748094081878662,3.5073914527893066,3.894871473312378
3.752974271774292,3.50720477104187,3.8938534259796143
3.752974271774292,3.50720477104187,3.8938534259796143
3.7540550231933594,3.5052685737609863,3.8947339057922363
3.7540550231933594,3.5052685737609863,3.8947339057922363
3.755683422088623,3.5045952796936035,3.8941612243652344
3.755683422088623,3.5045952796936035,3.8941612243652344
3.75791072845459,3.504150390625,3.893742799758911
3.7577476501464844,3.504041910171509,3.8937008380889893
3.7577476501464844,3.504041910171509,3.8937008380889893
3.75795578956604,3.5045523643493652,3.893434762954712
3.75795578956604,3.5045523643493652,3.893434762954712
3.758634090423584,3.5040252208709717,3.8932576179504395
3.758790969848633,3.503567934036255,3.893484115600586
3.761178731918335,3.502598524093628,3.893901824951172
3.761178731918335,3.502598524093628,3.893901824951172
3.7617599964141846,3.502326011657715,3.893852472305298
3.7617599964141846,3.502326011657715,3.893852472305298
3.764606237411499,3.5007376670837402,3.893700361251831
3.76438570022583,3.5009872913360596,3.8939027786254883
3.76438570022583,3.5009872913360596,3.8939027786254883
3.7641940116882324,3.501140594482422,3.893866539001465
3.765516519546509,3.499877691268921,3.8943283557891846
3.765516519546509,3.499877691268921,3.8943283557891846
3.76705002784729,3.500549077987671,3.8932478427886963
3.768509864807129,3.501263380050659,3.892319679260254
3.7696962356567383,3.500868320465088,3.8922512531280518
3.7696962356567383,3.500868320465088,3.8922512531280518
3.7715790271759033,3.499695301055908,3.8921685218811035
3.7715790271759033,3.499695301055908,3.8921685218811035
3.7728962898254395,3.4987704753875732,3.8921735286712646
3.7728962898254395,3.4987704753875732,3.8921735286712646
3.7739226818084717,3.49904203414917,3.8914601802825928
3.7739226818084717,3.49904203414917,3.8914601802825928
3.775287628173828,3.500269889831543,3.890822410583496
3.775287628173828,3.500269889831543,3.890822410583496
3.7754757404327393,3.5005111694335938,3.8911325931549072
3.7754757404327393,3.5005111694335938,3.8911325931549072
3.775425434112549,3.5000102519989014,3.890704870223999
3.775425434112549,3.5000102519989014,3.890704870223999
3.7753732204437256,3.5021398067474365,3.8896522521972656
3.7754969596862793,3.502877712249756,3.889024019241333
3.7754969596862793,3.502877712249756,3.889024019241333
3.774670362472534,3.503591537475586,3.8901758193969727
3.774608850479126,3.504157781600952,3.890133857727051
3.774608850479126,3.504157781600952,3.890133857727051
3.7754993438720703,3.503082752227783,3.8898966312408447
3.7754993438720703,3.503082752227783,3.8898966312408447
3.7807860374450684,3.5020177364349365,3.8877663612365723
3.7807860374450684,3.5020177364349365,3.8877663612365723
3.7829670906066895,3.501826524734497,3.887389898300171
3.7829670906066895,3.501826524734497,3.887389898300171
3.782958745956421,3.50162672996521,3.887352466583252
3.782958745956421,3.50162672996521,3.887352466583252
3.7828123569488525,3.5017032623291016,3.8874311447143555
3.7828123569488525,3.5017032623291016,3.8874311447143555
3.7828123569488525,3.5017032623291016,3.8874311447143555
3.7838168144226074,3.502567768096924,3.887159824371338
3.7838168144226074,3.502567768096924,3.887159824371338
3.784982204437256,3.500661849975586,3.887580156326294
3.784982204437256,3.500661849975586,3.887580156326294
3.789660692214966,3.4973394870758057,3.8879873752593994
3.789660692214966,3.4973394870758057,3.8879873752593994
3.793710947036743,3.496795654296875,3.887214183807373
3.793710947036743,3.496795654296875,3.887214183807373
3.7944514751434326,3.493870973587036,3.8884966373443604
3.7944514751434326,3.493870973587036,3.8884966373443604
3.796584129333496,3.4931516647338867,3.8883368968963623
3.798919439315796,3.4924123287200928,3.8880462646484375
3.798919439315796,3.4924123287200928,3.8880462646484375
3.803701639175415,3.4902548789978027,3.8883140087127686
3.803701639175415,3.4902548789978027,3.8883140087127686
3.8054239749908447,3.489180088043213,3.88861346244812
3.805633783340454,3.489473819732666,3.8885226249694824
3.8052785396575928,3.4907543659210205,3.888345718383789
3.8052785396575928,3.4907543659210205,3.888345718383789
3.8052475452423096,3.490764617919922,3.888428211212158
3.8052475452423096,3.490764617919922,3.888428211212158
3.806206226348877,3.4903924465179443,3.8877785205841064
3.806206226348877,3.4903924465179443,3.8877785205841064
3.8080296516418457,3.4900221824645996,3.8864941596984863
3.80953049659729,3.4896469116210938,3.886218547821045
3.810267925262451,3.489415407180786,3.8859670162200928
3.8111329078674316,3.4882781505584717,3.885550022125244
3.8115627765655518,3.4869961738586426,3.885565996170044
3.8115627765655518,3.4869961738586426,3.885565996170044
3.81197190284729,3.487325429916382,3.8846116065979004
3.81197190284729,3.487325429916382,3.8846116065979004
3.815107583999634,3.4868321418762207,3.883258104324341
3.815107583999634,3.4868321418762207,3.883258104324341
3.818281888961792,3.4841110706329346,3.8838369846343994
3.818281888961792,3.4841110706329346,3.8838369846343994
3.8198423385620117,3.482820987701416,3.8837742805480957
3.8204424381256104,3.4825425148010254,3.8837711811065674
3.8204424381256104,3.4825425148010254,3.8837711811065674
3.823235034942627,3.482131004333496,3.8829386234283447
3.823235034942627,3.482131004333496,3.8829386234283447
3.825652837753296,3.4809720516204834,3.882925033569336
3.825652837753296,3.4809720516204834,3.882925033569336
3.827695608139038,3.4800069332122803,3.8832099437713623
3.830073356628418,3.4794528484344482,3.8833487033843994
3.831002712249756,3.4793686866760254,3.8830528259277344
3.831406354904175,3.480095386505127,3.8824214935302734
3.831406354904175,3.480095386505127,3.8824214935302734
3.8318030834198,3.4808807373046875,3.881467819213867
3.833486795425415,3.480865240097046,3.880438804626465
3.8340015411376953,3.4799768924713135,3.880103349685669
3.8340015411376953,3.4799768924713135,3.880103349685669
3.837930202484131,3.4767673015594482,3.8795433044433594
3.837930202484131,3.4767673015594482,3.8795433044433594
3.838360548019409,3.477114200592041,3.8787498474121094
3.83882999420166,3.4769086837768555,3.878840446472168
3.83882999420166,3.4769086837768555,3.878840446472168
3.839146137237549,3.4782910346984863,3.8785455226898193
3.839146137237549,3.4782910346984863,3.8785455226898193
3.8408195972442627,3.478269100189209,3.8782389163970947
3.8408195972442627,3.478269100189209,3.8782389163970947
3.8448915481567383,3.476285934448242,3.8776814937591553
3.8448915481567383,3.476285934448242,3.8776814937591553
3.8514232635498047,3.4750990867614746,3.8762052059173584
3.8514232635498047,3.4750990867614746,3.8762052059173584
3.8514232635498047,3.4750990867614746,3.8762052059173584
3.8541815280914307,3.4742319583892822,3.876544952392578
3.8541815280914307,3.4742319583892822,3.876544952392578
3.8555803298950195,3.475334405899048,3.875967502593994
3.8555803298950195,3.475334405899048,3.875967502593994
3.858051300048828,3.475930690765381,3.875079870223999
3.858051300048828,3.475930690765381,3.875079870223999
3.859255790710449,3.476404905319214,3.8747479915618896
3.858795404434204,3.4758572578430176,3.8752989768981934
3.858795404434204,3.4758572578430176,3.8752989768981934
3.860002040863037,3.4749934673309326,3.875223159790039
3.860852003097534,3.476714611053467,3.873689889907837
3.860852003097534,3.476714611053467,3.873689889907837
3.8617324829101562,3.476609706878662,3.873800039291382
3.863435983657837,3.476590156555176,3.873708963394165
3.865941047668457,3.4762604236602783,3.8733134269714355
3.8689966201782227,3.475383996963501,3.872873306274414
3.8689966201782227,3.475383996963501,3.872873306274414
3.873425245285034,3.4741504192352295,3.872307062149048
3.87554931640625,3.473541259765625,3.871674060821533
3.8782949447631836,3.4733240604400635,3.8709704875946045
3.8782949447631836,3.4733240604400635,3.8709704875946045
3.8815345764160156,3.4706015586853027,3.871049404144287
3.8815345764160156,3.4706015586853027,3.871049404144287
3.882559061050415,3.4707090854644775,3.870086431503296
3.882559061050415,3.4707090854644775,3.870086431503296
3.8810698986053467,3.4715757369995117,3.8697869777679443
3.8810698986053467,3.4715757369995117,3.8697869777679443
3.8804259300231934,3.4719817638397217,3.869641065597534
3.8804259300231934,3.4719817638397217,3.869641065597534
3.882546901702881,3.4741806983947754,3.8670992851257324
3.8836512565612793,3.4729650020599365,3.8675615787506104
3.884758710861206,3.470921516418457,3.868229389190674
3.884758710861206,3.470921516418457,3.868229389190674
3.887637138366699,3.469736337661743,3.8676512241363525
3.887637138366699,3.469736337661743,3.8676512241363525
3.8909285068511963,3.469130516052246,3.8672449588775635
3.8909285068511963,3.469130516052246,3.8672449588775635
3.8911657333374023,3.467714309692383,3.868145227432251
3.8911657333374023,3.467714309692383,3.868145227432251
3.8911657333374023,3.467714309692383,3.868145227432251
3.896138906478882,3.463846445083618,3.868879556655884
3.896138906478882,3.463846445083618,3.868879556655884
3.9021522998809814,3.4611411094665527,3.8690474033355713
3.9021522998809814,3.4611411094665527,3.8690474033355713
3.904407501220703,3.4603400230407715,3.869654655456543
3.904407501220703,3.4603400230407715,3.869654655456543
3.9081366062164307,3.458156108856201,3.8688666820526123
3.9081366062164307,3.458156108856201,3.8688666820526123
3.913621425628662,3.4570133686065674,3.867426633834839
3.9162492752075195,3.4559991359710693,3.8672170639038086
3.9177894592285156,3.4548728466033936,3.867053985595703
3.91815185546875,3.4550929069519043,3.866591453552246
3.9174716472625732,3.4564478397369385,3.86590838432312
3.9174716472625732,3.4564478397369385,3.86590838432312
3.9174716472625732,3.4564478397369385,3.86590838432312
3.9158895015716553,3.456237316131592,3.8660900592803955
3.9158895015716553,3.456237316131592,3.8660900592803955
3.9166200160980225,3.457226276397705,3.865090847015381
3.9180569648742676,3.456186056137085,3.865325450897217
3.91949462890625,3.4553568363189697,3.8652706146240234
3.9203908443450928,3.4561526775360107,3.864645481109619
3.9203908443450928,3.4561526775360107,3.864645481109619
3.91947078704834,3.4565627574920654,3.8647308349609375
3.91947078704834,3.4565627574920654,3.8647308349609375
3.9188644886016846,3.456124782562256,3.8648111820220947
3.9198663234710693,3.4565720558166504,3.864187240600586
3.922893762588501,3.4560861587524414,3.8637897968292236
3.9250307083129883,3.4553463459014893,3.863384246826172
3.9250307083129883,3.4553463459014893,3.863384246826172
3.9270713329315186,3.454061269760132,3.863178253173828
3.928739547729492,3.4524903297424316,3.862870454788208
3.929025888442993,3.4518392086029053,3.863136053085327
3.929025888442993,3.4518392086029053,3.863136053085327
3.9293997287750244,3.4531970024108887,3.8625054359436035
3.9293997287750244,3.4531970024108887,3.8625054359436035
3.9310672283172607,3.4535765647888184,3.8624022006988525
3.9310672283172607,3.4535765647888184,3.8624022006988525
3.934459686279297,3.4507086277008057,3.8622329235076904
3.934459686279297,3.4507086277008057,3.8622329235076904
3.9379851818084717,3.4487531185150146,3.861725330352783
3.9379851818084717,3.4487531185150146,3.861725330352783
3.9379851818084717,3.4487531185150146,3.861725330352783
3.9411346912384033,3.447781801223755,3.8608663082122803
3.943122386932373,3.446826696395874,3.860799551010132
3.943122386932373,3.446826696395874,3.860799551010132
3.9454128742218018,3.4450244903564453,3.8608343601226807
3.946375846862793,3.444420576095581,3.8611629009246826
3.947097063064575,3.444627285003662,3.8610775470733643
3.947097063064575,3.444627285003662,3.8610775470733643
3.94804310798645,3.445333242416382,3.8602705001831055
3.950284242630005,3.445075273513794,3.859703540802002
3.951942205429077,3.443955421447754,3.859860897064209
3.953413724899292,3.442613124847412,3.8605899810791016
3.953413724899292,3.442613124847412,3.8605899810791016
3.9550564289093018,3.442305088043213,3.8594799041748047
3.9550564289093018,3.442305088043213,3.8594799041748047
3.9550564289093018,3.442305088043213,3.8594799041748047
3.956489086151123,3.442474126815796,3.858659267425537
3.957411289215088,3.442810535430908,3.8580262660980225
3.958437204360962,3.443007469177246,3.8573837280273438
3.9590978622436523,3.441833019256592,3.857166290283203
3.9590978622436523,3.441833019256592,3.857166290283203
3.960242986679077,3.441054105758667,3.8568739891052246
3.960242986679077,3.441054105758667,3.8568739891052246
3.9630472660064697,3.440570116043091,3.8554790019989014
3.9630472660064697,3.440570116043091,3.8554790019989014
3.967593193054199,3.439009428024292,3.853888988494873
3.967593193054199,3.439009428024292,3.853888988494873
3.969759225845337,3.438401699066162,3.8529489040374756
3.969759225845337,3.438401699066162,3.8529489040374756
3.970215320587158,3.4374613761901855,3.8525099754333496
3.9717462062835693,3.437243938446045,3.851778984069824
3.9717462062835693,3.437243938446045,3.851778984069824
3.9755043983459473,3.437504291534424,3.8498854637145996
3.9764068126678467,3.437371253967285,3.849419593811035
3.9764068126678467,3.437371253967285,3.849419593811035
3.9771182537078857,3.4374806880950928,3.849299430847168
3.9771182537078857,3.4374806880950928,3.849299430847168
3.977755546569824,3.4383773803710938,3.848191022872925
3.977742910385132,3.4394402503967285,3.847506046295166
3.977742910385132,3.4394402503967285,3.847506046295166
3.98005747795105,3.440830707550049,3.8462679386138916
3.98005747795105,3.440830707550049,3.8462679386138916
3.9831671714782715,3.4389803409576416,3.846050262451172
3.9837331771850586,3.4376301765441895,3.8465681076049805
3.9837331771850586,3.4376301765441895,3.8465681076049805
3.9853289127349854,3.4352469444274902,3.8463454246520996
3.9855360984802246,3.4352993965148926,3.8461740016937256
3.9855360984802246,3.4352993965148926,3.8461740016937256
3.9858055114746094,3.4353702068328857,3.8459253311157227
3.9858055114746094,3.4353702068328857,3.8459253311157227
3.9889323711395264,3.433366298675537,3.8465423583984375
3.9889323711395264,3.433366298675537,3.8465423583984375
3.9909722805023193,3.432286500930786,3.846341609954834
3.9918112754821777,3.4311673641204834,3.846775531768799
3.9925920963287354,3.430506944656372,3.846513509750366
3.9925920963287354,3.430506944656372,3.846513509750366
3.9951283931732178,3.4303250312805176,3.845258951187134
3.9951283931732178,3.4303250312805176,3.845258951187134
3.9969699382781982,3.430065870285034,3.844848394393921
3.9969699382781982,3.430065870285034,3.844848394393921
3.9996883869171143,3.4291164875030518,3.8441786766052246
3.9996883869171143,3.4291164875030518,3.8441786766052246
4.00052547454834,3.4274473190307617,3.8441123962402344
4.001163482666016,3.427222490310669,3.844111680984497
4.001408100128174,3.427748441696167,3.843916654586792
4.001920223236084,3.4280548095703125,3.8434624671936035
4.001877784729004,3.4278199672698975,3.843635320663452
4.001877784729004,3.4278199672698975,3.843635320663452
4.001877784729004,3.4278199672698975,3.843635320663452
4.003664493560791,3.425992488861084,3.8437201976776123
4.004745960235596,3.426539897918701,3.843292236328125
4.0058441162109375,3.426345109939575,3.8426151275634766
4.006625652313232,3.4259378910064697,3.8427882194519043
4.006625652313232,3.4259378910064697,3.8427882194519043
4.0077056884765625,3.4254229068756104,3.843113660812378
4.0077056884765625,3.4254229068756104,3.843113660812378
4.007238864898682,3.4244906902313232,3.844310998916626
4.0082268714904785,3.4229118824005127,3.8442163467407227
4.008741855621338,3.4228315353393555,3.8438382148742676
4.009405612945557,3.4242732524871826,3.842552423477173
4.009405612945557,3.4242732524871826,3.842552423477173
4.009674072265625,3.425112247467041,3.842261791229248
4.012261867523193,3.425279140472412,3.8429200649261475
4.015422344207764,3.426072359085083,3.841726064682007
4.015422344207764,3.426072359085083,3.841726064682007
4.017930507659912,3.426602840423584,3.8404922485351562
4.018540859222412,3.4264838695526123,3.8400142192840576
4.018540859222412,3.4264838695526123,3.8400142192840576
4.020960330963135,3.427076816558838,3.8394532203674316
4.020960330963135,3.427076816558838,3.8394532203674316
4.022723197937012,3.4290099143981934,3.8383231163024902
4.024677753448486,3.423685312271118,3.840632438659668
4.024677753448486,3.423685312271118,3.840632438659668
4.028939723968506,3.4207353591918945,3.8397326469421387
4.031440258026123,3.419975757598877,3.838986396789551
4.031440258026123,3.419975757598877,3.838986396789551
4.034985542297363,3.4176788330078125,3.8388381004333496
4.034985542297363,3.4176788330078125,3.8388381004333496
4.038029193878174,3.4153144359588623,3.839409828186035
4.039998531341553,3.4126694202423096,3.8403563499450684
4.039998531341553,3.4126694202423096,3.8403563499450684
4.040919303894043,3.4117817878723145,3.8404741287231445
4.042244911193848,3.410571813583374,3.840798854827881
4.0452728271484375,3.4094178676605225,3.8407981395721436
4.0470380783081055,3.4080216884613037,3.8413619995117188
4.0470380783081055,3.4080216884613037,3.8413619995117188
4.048152446746826,3.4062845706939697,3.8416991233825684
4.048205375671387,3.405548334121704,3.8420190811157227
4.048649787902832,3.4059972763061523,3.8417153358459473
4.049689292907715,3.4071035385131836,3.8410165309906006
4.049689292907715,3.4071035385131836,3.8410165309906006
4.050671100616455,3.4054579734802246,3.8419601917266846
4.050671100616455,3.4054579734802246,3.8419601917266846
4.050694942474365,3.404574155807495,3.8422019481658936
4.050694942474365,3.404574155807495,3.8422019481658936
4.049901962280273,3.4056789875030518,3.8421149253845215
4.049901962280273,3.4056789875030518,3.8421149253845215
4.0500617027282715,3.405688524246216,3.8416335582733154
4.0500617027282715,3.405688524246216,3.8416335582733154
4.054646968841553,3.4026660919189453,3.841618537902832
4.054646968841553,3.4026660919189453,3.841618537902832
4.0598320960998535,3.400177478790283,3.8397324085235596
4.0598320960998535,3.400177478790283,3.8397324085235596
4.062412738800049,3.398552417755127,3.8385162353515625
4.062089920043945,3.398322343826294,3.838805675506592
4.061185836791992,3.3991777896881104,3.837977409362793
4.061185836791992,3.3991777896881104,3.837977409362793
4.059831619262695,3.40419864654541,3.8361868858337402
4.059831619262695,3.40419864654541,3.8361868858337402
4.05943489074707,3.403728485107422,3.836683988571167
4.05943489074707,3.403728485107422,3.836683988571167
4.0596771240234375,3.40289306640625,3.835575580596924
4.0596771240234375,3.40289306640625,3.835575580596924
4.061664581298828,3.4031407833099365,3.8338465690612793
4.061664581298828,3.4031407833099365,3.8338465690612793
4.063655853271484,3.4025630950927734,3.83329176902771
4.063655853271484,3.4025630950927734,3.83329176902771
4.0644850730896,3.4037201404571533,3.8326947689056396
4.0644850730896,3.4037201404571533,3.8326947689056396
4.067110061645508,3.4035069942474365,3.83254337310791
4.068180561065674,3.403235912322998,3.832536458969116
4.070792198181152,3.4022834300994873,3.8322665691375732
4.070792198181152,3.4022834300994873,3.8322665691375732
4.071502208709717,3.401359796524048,3.832526683807373
4.071502208709717,3.401359796524048,3.832526683807373
4.073673725128174,3.3993921279907227,3.832723379135132
4.073673725128174,3.3993921279907227,3.832723379135132
4.075311660766602,3.3983049392700195,3.8324265480041504
4.0761518478393555,3.39880633354187,3.8317761421203613
4.0761518478393555,3.39880633354187,3.8317761421203613
4.077452659606934,3.3986947536468506,3.8317315578460693
4.079602241516113,3.3973464965820312,3.830556869506836
4.079602241516113,3.3973464965820312,3.830556869506836
4.0802130699157715,3.397799491882324,3.82993221282959
4.080813884735107,3.3981478214263916,3.8297107219696045
4.0814008712768555,3.398042917251587,3.829385995864868
4.082819938659668,3.397406816482544,3.8287203311920166
4.082819938659668,3.397406816482544,3.8287203311920166
4.085790157318115,3.3970887660980225,3.827725410461426
4.087199687957764,3.3967912197113037,3.8274590969085693
4.089535236358643,3.395935297012329,3.826936960220337
4.089535236358643,3.395935297012329,3.826936960220337
4.093756198883057,3.394313097000122,3.8262391090393066
4.093756198883057,3.394313097000122,3.8262391090393066
4.095522880554199,3.3940176963806152,3.825549364089966
4.096516132354736,3.39251708984375,3.824894905090332
4.096516132354736,3.39251708984375,3.824894905090332
4.098646640777588,3.3924458026885986,3.823962688446045
4.099023818969727,3.3930389881134033,3.8236606121063232
4.098829746246338,3.393853187561035,3.823531150817871
4.098909378051758,3.394031047821045,3.8232555389404297
4.098909378051758,3.394031047821045,3.8232555389404297
4.100317001342773,3.3927650451660156,3.8234212398529053
4.100317001342773,3.3927650451660156,3.8234212398529053
4.102414131164551,3.391746759414673,3.823076009750366
4.104722023010254,3.3911020755767822,3.8227224349975586
4.104722023010254,3.3911020755767822,3.8227224349975586
4.107145309448242,3.38912296295166,3.8218801021575928
4.108047008514404,3.387855291366577,3.8216066360473633
4.1094489097595215,3.3881962299346924,3.820661783218384
4.1094489097595215,3.3881962299346924,3.820661783218384
4.110733985900879,3.3911690711975098,3.8192665576934814
4.110733985900879,3.3911690711975098,3.8192665576934814
4.11165714263916,3.3899497985839844,3.818960666656494
4.11165714263916,3.3899497985839844,3.818960666656494
4.112856388092041,3.3890700340270996,3.8189401626586914
4.112856388092041,3.3890700340270996,3.8189401626586914
4.114590644836426,3.388448476791382,3.8177902698516846
4.114319324493408,3.387033462524414,3.8185083866119385
4.114476680755615,3.386392593383789,3.818415403366089
4.114476680755615,3.386392593383789,3.818415403366089
4.114328861236572,3.3868443965911865,3.8183083534240723
4.114851474761963,3.387883424758911,3.8174333572387695
4.114851474761963,3.387883424758911,3.8174333572387695
4.114154815673828,3.3872766494750977,3.8177480697631836
4.114373683929443,3.386753559112549,3.8173792362213135
4.114373683929443,3.386753559112549,3.8173792362213135
4.114963054656982,3.387721300125122,3.815540313720703
4.114963054656982,3.387721300125122,3.815540313720703
4.1164374351501465,3.388176679611206,3.8149943351745605
4.1164374351501465,3.388176679611206,3.8149943351745605
4.117419719696045,3.3898932933807373,3.8135411739349365
4.1176838874816895,3.390813112258911,3.8127191066741943
4.118656635284424,3.3905632495880127,3.81248140335083
4.120430946350098,3.3895821571350098,3.81160044670105
4.120430946350098,3.3895821571350098,3.81160044670105
4.122628211975098,3.3890633583068848,3.8109545707702637
4.122628211975098,3.3890633583068848,3.8109545707702637
4.125697612762451,3.3894102573394775,3.807704210281372
4.125697612762451,3.3894102573394775,3.807704210281372
4.127702713012695,3.3890907764434814,3.80629825592041
4.127702713012695,3.3890907764434814,3.80629825592041
4.129266262054443,3.388627767562866,3.8061630725860596
4.130064964294434,3.3873140811920166,3.806211471557617
4.130064964294434,3.3873140811920166,3.806211471557617
4.133205890655518,3.3852603435516357,3.8051769733428955
4.134880065917969,3.385927677154541,3.8037469387054443
4.134880065917969,3.385927677154541,3.8037469387054443
4.135493755340576,3.3865766525268555,3.802990198135376
4.136053562164307,3.387256383895874,3.8025412559509277
4.136905193328857,3.387585401535034,3.801999807357788
4.139153480529785,3.3875677585601807,3.801189422607422
4.139153480529785,3.3875677585601807,3.801189422607422
4.141021728515625,3.3871469497680664,3.8001537322998047
4.144133567810059,3.3864903450012207,3.7990407943725586
4.145876884460449,3.3856303691864014,3.7990479469299316
4.147754669189453,3.3852548599243164,3.7983615398406982
4.147754669189453,3.3852548599243164,3.7983615398406982
4.14876651763916,3.3863401412963867,3.797696352005005
4.14876651763916,3.3863401412963867,3.797696352005005
4.14876651763916,3.3863401412963867,3.797696352005005
4.150318622589111,3.3861641883850098,3.7965455055236816
4.150318622589111,3.3861641883850098,3.7965455055236816
4.152153015136719,3.385838747024536,3.79628849029541
4.15415620803833,3.3851518630981445,3.7955167293548584
4.15415620803833,3.3851518630981445,3.7955167293548584
4.155641078948975,3.3845431804656982,3.7950587272644043
4.158168315887451,3.3843576908111572,3.7939324378967285
4.160820484161377,3.3846490383148193,3.7926383018493652
4.160820484161377,3.3846490383148193,3.7926383018493652
4.162755966186523,3.3835253715515137,3.7926857471466064
4.162755966186523,3.3835253715515137,3.7926857471466064
4.164404392242432,3.3818414211273193,3.7930448055267334
4.164404392242432,3.3818414211273193,3.7930448055267334
4.167713165283203,3.3814053535461426,3.791116237640381
4.168720245361328,3.3817195892333984,3.7906436920166016
4.169400691986084,3.381455898284912,3.7909727096557617
4.169400691986084,3.381455898284912,3.7909727096557617
4.169336795806885,3.3813507556915283,3.7910587787628174
4.169336795806885,3.3813507556915283,3.7910587787628174
4.17116117477417,3.3807830810546875,3.790674924850464
4.17116117477417,3.3807830810546875,3.790674924850464
4.175286293029785,3.379068613052368,3.7905585765838623
4.1759748458862305,3.3786556720733643,3.7907400131225586
4.17668342590332,3.37918758392334,3.7902393341064453
4.176206111907959,3.3795814514160156,3.790088415145874
4.176206111907959,3.3795814514160156,3.790088415145874
4.174118995666504,3.3806984424591064,3.7897071838378906
4.174118995666504,3.3806984424591064,3.7897071838378906
4.173341274261475,3.3819358348846436,3.7897439002990723
4.173341274261475,3.3819358348846436,3.7897439002990723
4.176794528961182,3.380222797393799,3.7890703678131104
4.176794528961182,3.380222797393799,3.7890703678131104
4.1803812980651855,3.376934051513672,3.789322853088379
4.1803812980651855,3.376934051513672,3.789322853088379
4.1803812980651855,3.376934051513672,3.789322853088379
4.1814494132995605,3.375107526779175,3.789616346359253
4.1814494132995605,3.375107526779175,3.789616346359253
4.181816101074219,3.3738391399383545,3.7898671627044678
4.181816101074219,3.3738391399383545,3.7898671627044678
4.181711673736572,3.3754870891571045,3.788428544998169
4.180165767669678,3.3754122257232666,3.7897400856018066
4.180165767669678,3.3754122257232666,3.7897400856018066
4.178764343261719,3.3757357597351074,3.7903385162353516
4.17646598815918,3.377182722091675,3.7899672985076904
4.177109718322754,3.3780155181884766,3.789433717727661
4.17711067199707,3.378139019012451,3.7887885570526123
4.17711067199707,3.378139019012451,3.7887885570526123
4.178218364715576,3.376739025115967,3.7876076698303223
4.179638862609863,3.375598192214966,3.787067174911499
4.179638862609863,3.375598192214966,3.787067174911499
4.181713104248047,3.3737595081329346,3.7871103286743164
4.181713104248047,3.3737595081329346,3.7871103286743164
4.184715270996094,3.371713161468506,3.786808967590332
4.183909893035889,3.372756242752075,3.787785053253174
4.183909893035889,3.372756242752075,3.787785053253174
4.183489799499512,3.372962713241577,3.787980318069458
4.1836748123168945,3.372457981109619,3.788972854614258
4.184916019439697,3.3715951442718506,3.7894160747528076
4.184916019439697,3.3715951442718506,3.7894160747528076
4.189709186553955,3.367894172668457,3.78995943069458
4.191657066345215,3.3663744926452637,3.790292501449585
4.191657066345215,3.3663744926452637,3.790292501449585
4.193050384521484,3.3659613132476807,3.79007887840271
4.194610118865967,3.365910768508911,3.7897844314575195
4.195580005645752,3.3659439086914062,3.7897684574127197
4.195580005645752,3.3659439086914062,3.7897684574127197
4.197635650634766,3.3660151958465576,3.7897205352783203
4.197635650634766,3.3660151958465576,3.7897205352783203
4.199678897857666,3.3671178817749023,3.788668155670166
4.199678897857666,3.3671178817749023,3.788668155670166
4.200679302215576,3.3664355278015137,3.788224220275879
4.200679302215576,3.3664355278015137,3.788224220275879
4.200964450836182,3.3656108379364014,3.787689208984375
4.200964450836182,3.3656108379364014,3.787689208984375
4.201940059661865,3.36519193649292,3.787233829498291
4.201940059661865,3.36519193649292,3.787233829498291
4.204075813293457,3.3636367321014404,3.7855474948883057
4.20634651184082,3.3600614070892334,3.785503387451172
4.20634651184082,3.3600614070892334,3.785503387451172
4.209320068359375,3.3563859462738037,3.785494327545166
4.210297584533691,3.3568694591522217,3.7857398986816406
4.210297584533691,3.3568694591522217,3.7857398986816406
4.210400104522705,3.3562204837799072,3.785703659057617
4.210400104522705,3.3562204837799072,3.785703659057617
4.212033271789551,3.3565690517425537,3.7851881980895996
4.212033271789551,3.3565690517425537,3.7851881980895996
4.21403694152832,3.356271505355835,3.7853782176971436
4.21403694152832,3.356271505355835,3.7853782176971436
4.21638822555542,3.3534817695617676,3.7859888076782227
4.218197345733643,3.352776288986206,3.785539388656616
4.221103191375732,3.3544180393218994,3.7829134464263916
4.221103191375732,3.3544180393218994,3.7829134464263916
4.220987319946289,3.3550026416778564,3.783046007156372
4.221014976501465,3.354884386062622,3.7830758094787598
4.2210798263549805,3.3551204204559326,3.7829039096832275
4.2210798263549805,3.3551204204559326,3.7829039096832275
4.220052719116211,3.3556768894195557,3.7834255695343018
4.226482391357422,3.3528575897216797,3.7811410427093506
4.226482391357422,3.3528575897216797,3.7811410427093506
4.226482391357422,3.3528575897216797,3.7811410427093506
4.238011360168457,3.35520076751709,3.7773637771606445
4.2395758628845215,3.3561244010925293,3.777087688446045
4.2395758628845215,3.3561244010925293,3.777087688446045
4.2396345138549805,3.354139804840088,3.779054880142212
4.23845100402832,3.3560550212860107,3.7786717414855957
4.237884044647217,3.3591227531433105,3.777327537536621
4.239593982696533,3.3600947856903076,3.776090621948242
4.239593982696533,3.3600947856903076,3.776090621948242
4.239933013916016,3.359811544418335,3.7769064903259277
4.2408599853515625,3.3594024181365967,3.7772676944732666
4.2408599853515625,3.3594024181365967,3.7772676944732666
4.2408647537231445,3.360243082046509,3.777146816253662
4.240512847900391,3.360948324203491,3.7768898010253906
4.240512847900391,3.360948324203491,3.7768898010253906
4.242640018463135,3.361468553543091,3.7761683464050293
4.242640018463135,3.361468553543091,3.7761683464050293
4.245863437652588,3.362093448638916,3.7749428749084473
4.245863437652588,3.362093448638916,3.7749428749084473
4.248411178588867,3.3628463745117188,3.7736399173736572
4.249510765075684,3.362428665161133,3.77309250831604
4.249510765075684,3.362428665161133,3.77309250831604
4.2519330978393555,3.362661600112915,3.7720863819122314
4.253189563751221,3.362943649291992,3.7713570594787598
4.253189563751221,3.362943649291992,3.7713570594787598
4.257050037384033,3.360201120376587,3.770667314529419
4.257050037384033,3.360201120376587,3.770667314529419
4.259373188018799,3.35888409614563,3.7707359790802
4.262029647827148,3.35903000831604,3.769787549972534
4.262029647827148,3.35903000831604,3.769787549972534
4.264056205749512,3.3592288494110107,3.7691471576690674
4.266415119171143,3.357398509979248,3.76902174949646
4.266415119171143,3.357398509979248,3.76902174949646
4.2722063064575195,3.354912757873535,3.7671926021575928
4.2722063064575195,3.354912757873535,3.7671926021575928
4.278993129730225,3.353201389312744,3.764904737472534
4.278993129730225,3.353201389312744,3.764904737472534
4.2827911376953125,3.3504726886749268,3.764059543609619
4.28464937210083,3.348921060562134,3.7633297443389893
4.287389755249023,3.3472793102264404,3.76247239112854
4.287389755249023,3.3472793102264404,3.76247239112854
4.289760112762451,3.347869873046875,3.7616069316864014
4.289760112762451,3.347869873046875,3.7616069316864014
4.289760112762451,3.347869873046875,3.7616069316864014
4.289137363433838,3.3476338386535645,3.7614336013793945
4.289137363433838,3.3476338386535645,3.7614336013793945
4.2876482009887695,3.349932909011841,3.760684013366699
4.2876482009887695,3.349932909011841,3.760684013366699
4.286176681518555,3.349231243133545,3.7617435455322266
4.286176681518555,3.349231243133545,3.7617435455322266
4.287102699279785,3.3492302894592285,3.760401725769043
4.287102699279785,3.3492302894592285,3.760401725769043
4.2898850440979,3.349059581756592,3.7586262226104736
4.289953231811523,3.3490138053894043,3.758749008178711
4.290027618408203,3.349409580230713,3.758566379547119
4.290658950805664,3.3488292694091797,3.7583913803100586
4.290658950805664,3.3488292694091797,3.7583913803100586
4.292474269866943,3.348294734954834,3.7572598457336426
4.292474269866943,3.348294734954834,3.7572598457336426
4.294121742248535,3.3476200103759766,3.757070302963257
4.294121742248535,3.3476200103759766,3.757070302963257
4.295794486999512,3.346792221069336,3.7563247680664062
4.296386241912842,3.3464603424072266,3.7554755210876465
4.296386241912842,3.3464603424072266,3.7554755210876465
4.298759937286377,3.3462162017822266,3.754150629043579
4.300004482269287,3.3471457958221436,3.753352403640747
4.300004482269287,3.3471457958221436,3.753352403640747
4.300751686096191,3.3467893600463867,3.753685474395752
4.300751686096191,3.3467893600463867,3.753685474395752
4.301387786865234,3.3476266860961914,3.7534477710723877
4.302035808563232,3.3472883701324463,3.752896547317505
4.3040771484375,3.3439159393310547,3.753105640411377
4.3040771484375,3.3439159393310547,3.753105640411377
4.3072733879089355,3.341135025024414,3.7514259815216064
4.309784412384033,3.3399667739868164,3.750617265701294
4.311130046844482,3.3402416706085205,3.749532461166382
4.311882972717285,3.3400516510009766,3.749507188796997
4.311882972717285,3.3400516510009766,3.749507188796997
4.311882972717285,3.3400516510009766,3.749507188796997
4.31286096572876,3.34084415435791,3.748661994934082
4.31286096572876,3.34084415435791,3.748661994934082
4.312733173370361,3.3403480052948,3.7473111152648926
4.312733173370361,3.3403480052948,3.7473111152648926
4.314373970031738,3.3391594886779785,3.7466022968292236
4.314373970031738,3.3391594886779785,3.7466022968292236
4.314860820770264,3.3388781547546387,3.7467520236968994
4.314860820770264,3.3388781547546387,3.7467520236968994
4.316893577575684,3.336087226867676,3.7456772327423096
4.316893577575684,3.336087226867676,3.7456772327423096
4.321227073669434,3.3349874019622803,3.74424409866333
4.322256565093994,3.3349087238311768,3.7437305450439453
4.322256565093994,3.3349087238311768,3.7437305450439453
4.3227620124816895,3.333460807800293,3.744098424911499
4.3227620124816895,3.333460807800293,3.744098424911499
4.3226141929626465,3.333652973175049,3.7439463138580322
4.322902202606201,3.334426164627075,3.7430570125579834
4.322902202606201,3.334426164627075,3.7430570125579834
4.325287342071533,3.3336751461029053,3.742440700531006
4.325287342071533,3.3336751461029053,3.742440700531006
4.326936721801758,3.33337140083313,3.7418673038482666
4.3278422355651855,3.3340704441070557,3.7414391040802
4.3278422355651855,3.334969997406006,3.7416555881500244
4.3278422355651855,3.334969997406006,3.7416555881500244
4.3278422355651855,3.334969997406006,3.7416555881500244
4.328010082244873,3.3340582847595215,3.7421398162841797
4.328010082244873,3.3340582847595215,3.7421398162841797
4.330270290374756,3.334566831588745,3.7400553226470947
4.332743167877197,3.334634780883789,3.7386958599090576
4.334728717803955,3.334282875061035,3.737809181213379
4.334728717803955,3.334282875061035,3.737809181213379
4.3364763259887695,3.332437038421631,3.7370846271514893
4.3364763259887695,3.332437038421631,3.7370846271514893
4.338019847869873,3.332880973815918,3.7360055446624756
4.338019847869873,3.332880973815918,3.7360055446624756
4.338635444641113,3.3340039253234863,3.733942747116089
4.338635444641113,3.3340039253234863,3.733942747116089
4.340823650360107,3.3345160484313965,3.732297897338867
4.340823650360107,3.3345160484313965,3.732297897338867
4.3407206535339355,3.335747718811035,3.7317147254943848
4.3407206535339355,3.335747718811035,3.7317147254943848
4.340618133544922,3.3341567516326904,3.732558488845825
4.343000888824463,3.333447217941284,3.731703519821167
4.345620632171631,3.333129644393921,3.7300453186035156
4.345620632171631,3.333129644393921,3.7300453186035156
4.347344398498535,3.3327600955963135,3.729243040084839
4.347344398498535,3.3327600955963135,3.729243040084839
4.34718656539917,3.3334524631500244,3.7290842533111572
4.346805572509766,3.334505558013916,3.729203224182129
4.3463969230651855,3.335392475128174,3.7290475368499756
4.3463969230651855,3.335392475128174,3.7290475368499756
4.346872329711914,3.3357701301574707,3.7291719913482666
4.346872329711914,3.3357701301574707,3.7291719913482666
4.347989082336426,3.336345911026001,3.7283685207366943
4.347989082336426,3.336345911026001,3.7283685207366943
4.348258972167969,3.3349363803863525,3.7283174991607666
4.349776268005371,3.3326706886291504,3.7279839515686035
4.349776268005371,3.3326706886291504,3.7279839515686035
4.352263927459717,3.329962730407715,3.7272796630859375
4.353507041931152,3.3287765979766846,3.7270500659942627
4.353507041931152,3.3287765979766846,3.7270500659942627
4.353392124176025,3.329103708267212,3.7273874282836914
4.353392124176025,3.329103708267212,3.7273874282836914
4.351480484008789,3.3293638229370117,3.727179765701294
4.351480484008789,3.3293638229370117,3.727179765701294
4.356784343719482,3.325698137283325,3.72590708732605
4.360421180725098,3.325566291809082,3.724264621734619
4.361682415008545,3.325310468673706,3.7244043350219727
4.361682415008545,3.325310468673706,3.7244043350219727
4.361682415008545,3.325310468673706,3.7244043350219727
4.361283779144287,3.3262171745300293,3.7251181602478027
4.361283779144287,3.3262171745300293,3.7251181602478027
4.36118221282959,3.3258495330810547,3.725450277328491
4.36118221282959,3.3258495330810547,3.725450277328491
4.363988876342773,3.3258416652679443,3.724715232849121
4.363988876342773,3.3258416652679443,3.724715232849121
4.36487340927124,3.32528018951416,3.724907636642456
4.36487340927124,3.32528018951416,3.724907636642456
4.364044666290283,3.323655605316162,3.7257933616638184
4.364044666290283,3.323655605316162,3.7257933616638184
4.365243911743164,3.324932336807251,3.7252917289733887
4.365352153778076,3.3253262042999268,3.7250468730926514
4.366568565368652,3.3242108821868896,3.7255961894989014
4.366568565368652,3.3242108821868896,3.7255961894989014
4.3675665855407715,3.3258423805236816,3.7247064113616943
4.3669233322143555,3.3264575004577637,3.7244608402252197
4.3669233322143555,3.3264575004577637,3.7244608402252197
4.366528511047363,3.325005054473877,3.725682497024536
4.366528511047363,3.325005054473877,3.725682497024536
4.368525981903076,3.325422525405884,3.7234818935394287
4.368525981903076,3.325422525405884,3.7234818935394287
4.371979236602783,3.3261001110076904,3.7196528911590576
4.371979236602783,3.3261001110076904,3.7196528911590576
4.374056339263916,3.324540376663208,3.7190890312194824
4.374699592590332,3.3233542442321777,3.7191524505615234
4.375273704528809,3.322599411010742,3.7190206050872803
4.375273704528809,3.322599411010742,3.7190206050872803
4.376680374145508,3.3223021030426025,3.71810245513916
4.376680374145508,3.3223021030426025,3.71810245513916
4.3768205642700195,3.321967601776123,3.7177038192749023
4.3768205642700195,3.321967601776123,3.7177038192749023
4.377842426300049,3.319382667541504,3.717759847640991
4.379617691040039,3.319629669189453,3.7168939113616943
4.379617691040039,3.319629669189453,3.7168939113616943
4.382937431335449,3.31742262840271,3.7155439853668213
4.382937431335449,3.31742262840271,3.7155439853668213
4.385645866394043,3.314666271209717,3.7146620750427246
4.385645866394043,3.314666271209717,3.7146620750427246
4.3881049156188965,3.3140132427215576,3.7133967876434326
4.390000820159912,3.3126184940338135,3.713308811187744
4.390000820159912,3.3126184940338135,3.713308811187744
4.390453338623047,3.3120944499969482,3.7132444381713867
4.391403675079346,3.311859369277954,3.713054895401001
4.391403675079346,3.311859369277954,3.713054895401001
4.390949726104736,3.312828779220581,3.71264386177063
4.390949726104736,3.312828779220581,3.71264386177063
4.393429279327393,3.311354637145996,3.7117931842803955
4.393429279327393,3.311354637145996,3.7117931842803955
4.398252964019775,3.309734582901001,3.7099850177764893
4.400150775909424,3.3094286918640137,3.7091033458709717
4.400150775909424,3.3094286918640137,3.7091033458709717
4.402477741241455,3.3093478679656982,3.7075202465057373
4.402830600738525,3.308734178543091,3.70784330368042
4.402830600738525,3.308734178543091,3.70784330368042
4.405100345611572,3.309112310409546,3.706724166870117
4.405100345611572,3.309112310409546,3.706724166870117
4.407001495361328,3.3075804710388184,3.706076145172119
4.407652854919434,3.307603120803833,3.7057292461395264
4.407473087310791,3.3077948093414307,3.705704927444458
4.407473087310791,3.3077948093414307,3.705704927444458
4.408482551574707,3.3064000606536865,3.7059028148651123
4.408482551574707,3.3064000606536865,3.7059028148651123
4.4095635414123535,3.3055758476257324,3.706082344055176
4.4095635414123535,3.3055758476257324,3.706082344055176
4.410295486450195,3.306962728500366,3.7044217586517334
4.410295486450195,3.306962728500366,3.7044217586517334
4.41290807723999,3.3058149814605713,3.7030818462371826
4.417781352996826,3.304534673690796,3.7005136013031006
4.417781352996826,3.304534673690796,3.7005136013031006
4.419129371643066,3.3045880794525146,3.6997387409210205
4.421014308929443,3.3063955307006836,3.6976687908172607
4.421014308929443,3.3063955307006836,3.6976687908172607
4.42135763168335,3.306817054748535,3.697235107421875
4.422305107116699,3.3077268600463867,3.6960699558258057
4.423527717590332,3.30947208404541,3.694833517074585
4.423527717590332,3.30947208404541,3.694833517074585
4.422428607940674,3.311955213546753,3.6944313049316406
4.422428607940674,3.311955213546753,3.6944313049316406
4.423666477203369,3.312143325805664,3.6936631202697754
4.423666477203369,3.312143325805664,3.6936631202697754
4.425215244293213,3.311671495437622,3.692656993865967
4.425215244293213,3.311671495437622,3.692656993865967
4.426815509796143,3.3103363513946533,3.690692901611328
4.426815509796143,3.3103363513946533,3.690692901611328
4.427306175231934,3.309845447540283,3.6898040771484375
4.427227973937988,3.3096022605895996,3.6903343200683594
4.427227973937988,3.3096022605895996,3.6903343200683594
4.426809787750244,3.3087961673736572,3.6908113956451416
4.426809787750244,3.3087961673736572,3.6908113956451416
4.426809787750244,3.3087961673736572,3.6908113956451416
4.429258346557617,3.30723237991333,3.6902825832366943
4.429258346557617,3.30723237991333,3.6902825832366943
4.431045055389404,3.3061490058898926,3.689246654510498
4.431045055389404,3.3061490058898926,3.689246654510498
4.431112766265869,3.3051905632019043,3.688857078552246
4.431332111358643,3.305562734603882,3.6882901191711426
4.430602073669434,3.3071093559265137,3.6876108646392822
4.429723262786865,3.3067164421081543,3.6881916522979736
4.429723262786865,3.3067164421081543,3.6881916522979736
4.4300031661987305,3.3051252365112305,3.688593864440918
4.431457996368408,3.3055601119995117,3.6877362728118896
4.433112621307373,3.3052499294281006,3.686870574951172
4.433112621307373,3.3052499294281006,3.686870574951172
4.436340808868408,3.303176164627075,3.686375856399536
4.436340808868408,3.303176164627075,3.686375856399536
4.440038681030273,3.3030102252960205,3.6859312057495117
4.440038681030273,3.3030102252960205,3.6859312057495117
4.441710472106934,3.303248405456543,3.685281276702881
4.44265604019165,3.3020806312561035,3.685936689376831
4.443639278411865,3.301311492919922,3.686105489730835
4.444129943847656,3.302487850189209,3.6854207515716553
4.444129943847656,3.302487850189209,3.6854207515716553
4.445102691650391,3.303398847579956,3.6842710971832275
4.445013523101807,3.3047444820404053,3.6840291023254395
4.445013523101807,3.3047444820404053,3.6840291023254395
4.445311546325684,3.305288553237915,3.6839067935943604
4.447257995605469,3.3049521446228027,3.6837146282196045
4.447257995605469,3.3049521446228027,3.6837146282196045
4.451950550079346,3.3059020042419434,3.6821632385253906
4.451950550079346,3.3059020042419434,3.6821632385253906
4.454476833343506,3.3047022819519043,3.6825108528137207
4.455182075500488,3.304241418838501,3.6827774047851562
4.457340240478516,3.3043770790100098,3.6813156604766846
4.457340240478516,3.3043770790100098,3.6813156604766846
4.458414077758789,3.304565191268921,3.6807398796081543
4.458414077758789,3.304565191268921,3.6807398796081543
4.461036682128906,3.304011106491089,3.679899215698242
4.461036682128906,3.304011106491089,3.679899215698242
4.461863040924072,3.3041021823883057,3.6796071529388428
4.461863040924072,3.3041021823883057,3.6796071529388428
4.464048862457275,3.3033769130706787,3.6797850131988525
4.4657111167907715,3.303351879119873,3.6791787147521973
4.4657111167907715,3.303351879119873,3.6791787147521973
4.469202041625977,3.3026211261749268,3.6787471771240234
4.469202041625977,3.3026211261749268,3.6787471771240234
4.470559120178223,3.3019680976867676,3.679210662841797
4.470559120178223,3.3019680976867676,3.679210662841797
4.472781658172607,3.300844669342041,3.6787641048431396
4.472781658172607,3.300844669342041,3.6787641048431396
4.476234436035156,3.30202579498291,3.6772985458374023
4.476234436035156,3.30202579498291,3.6772985458374023
4.478291034698486,3.30196475982666,3.6776680946350098
4.478291034698486,3.30196475982666,3.6776680946350098
4.4813690185546875,3.3028645515441895,3.677873134613037
4.482471942901611,3.3032562732696533,3.6783061027526855
4.482471942901611,3.3032562732696533,3.6783061027526855
4.483041763305664,3.3032076358795166,3.6798129081726074
4.483041763305664,3.3032076358795166,3.6798129081726074
4.48386287689209,3.3029773235321045,3.6794040203094482
4.48386287689209,3.3029773235321045,3.6794040203094482
4.485260963439941,3.3023555278778076,3.679738998413086
4.486274719238281,3.3013622760772705,3.679816484451294
4.488607883453369,3.300229549407959,3.6794188022613525
4.488607883453369,3.300229549407959,3.6794188022613525
4.489708423614502,3.301058769226074,3.67826247215271
4.489708423614502,3.301058769226074,3.67826247215271
4.491520404815674,3.301593065261841,3.6761865615844727
4.491520404815674,3.301593065261841,3.6761865615844727
4.4950432777404785,3.300654649734497,3.674471139907837
4.497378826141357,3.30035400390625,3.6734278202056885
4.499484062194824,3.3008275032043457,3.6724603176116943
4.502248764038086,3.300408124923706,3.671574592590332
4.50526237487793,3.2991325855255127,3.6708879470825195
4.50526237487793,3.2991325855255127,3.6708879470825195
4.50526237487793,3.2991325855255127,3.6708879470825195
4.507132530212402,3.299379348754883,3.670436382293701
4.507565498352051,3.3008742332458496,3.6709227561950684
4.507565498352051,3.3008742332458496,3.6709227561950684
4.508321285247803,3.3038578033447266,3.671300172805786
4.5085344314575195,3.3048782348632812,3.6719157695770264
4.50890588760376,3.3048715591430664,3.672877550125122
4.50890588760376,3.3048715591430664,3.672877550125122
4.509190559387207,3.3044261932373047,3.673367500305176
4.509190559387207,3.3044261932373047,3.673367500305176
4.511534214019775,3.3044979572296143,3.6723740100860596
4.511534214019775,3.3044979572296143,3.6723740100860596
4.514232158660889,3.3032474517822266,3.672584295272827
4.514232158660889,3.3032474517822266,3.672584295272827
4.515326499938965,3.3025755882263184,3.6727170944213867
4.515462875366211,3.301621913909912,3.6733052730560303
4.515462875366211,3.301621913909912,3.6733052730560303
4.5174150466918945,3.3005499839782715,3.6730668544769287
4.517772197723389,3.3019795417785645,3.6721272468566895
4.517772197723389,3.3019795417785645,3.6721272468566895
4.51815128326416,3.3019630908966064,3.67191743850708
4.517956733703613,3.3028085231781006,3.672017812728882
4.517573356628418,3.3031513690948486,3.6724109649658203
4.517573356628418,3.3031513690948486,3.6724109649658203
4.520665168762207,3.3017072677612305,3.6706125736236572
4.521931171417236,3.301377058029175,3.670248031616211
4.521931171417236,3.301377058029175,3.670248031616211
4.524622440338135,3.301048994064331,3.669520139694214
4.524622440338135,3.301048994064331,3.669520139694214
4.526664733886719,3.301844358444214,3.6696670055389404
4.526664733886719,3.301844358444214,3.6696670055389404
4.528561592102051,3.302471876144409,3.66973614692688
4.528561592102051,3.302471876144409,3.66973614692688
4.531179428100586,3.3015668392181396,3.669302225112915
4.531179428100586,3.3015668392181396,3.669302225112915
4.531179428100586,3.3015668392181396,3.669302225112915
4.534488677978516,3.2987060546875,3.6697256565093994
4.536724090576172,3.2975776195526123,3.6692845821380615
4.537704944610596,3.298837423324585,3.668147325515747
4.538461208343506,3.29914927482605,3.668032646179199
4.539357662200928,3.2991442680358887,3.6678638458251953
4.539357662200928,3.2991442680358887,3.6678638458251953
4.53939151763916,3.2989654541015625,3.667571783065796
4.539895057678223,3.2992351055145264,3.667490243911743
4.540928840637207,3.2986793518066406,3.6674511432647705
4.540928840637207,3.2986793518066406,3.6674511432647705
4.541928291320801,3.2977516651153564,3.6668965816497803
4.541928291320801,3.2977516651153564,3.6668965816497803
4.542487621307373,3.298067092895508,3.6655073165893555
4.542487621307373,3.298067092895508,3.6655073165893555
4.543460369110107,3.297748327255249,3.6648497581481934
4.543460369110107,3.297748327255249,3.6648497581481934
4.546143054962158,3.2961645126342773,3.6640472412109375
4.546143054962158,3.2961645126342773,3.6640472412109375
4.551553249359131,3.293867588043213,3.661968231201172
4.555257797241211,3.291741132736206,3.6601150035858154
4.555257797241211,3.291741132736206,3.6601150035858154
4.556131362915039,3.2910823822021484,3.660085439682007
4.556131362915039,3.2910823822021484,3.660085439682007
4.557034492492676,3.2924349308013916,3.6590352058410645
4.557482719421387,3.2933566570281982,3.658412218093872
4.557482719421387,3.2933566570281982,3.658412218093872
4.559044361114502,3.2931981086730957,3.657177209854126
4.559044361114502,3.2931981086730957,3.657177209854126
4.5597310066223145,3.293595314025879,3.656367540359497
4.56077766418457,3.2933571338653564,3.6557955741882324
4.56077766418457,3.2933571338653564,3.6557955741882324
4.561938285827637,3.2929258346557617,3.6552116870880127
4.561938285827637,3.2929258346557617,3.6552116870880127
4.562283039093018,3.2943880558013916,3.6541194915771484
4.562283039093018,3.2943880558013916,3.6541194915771484
4.562633037567139,3.2940683364868164,3.6538381576538086
4.562633037567139,3.2940683364868164,3.6538381576538086
4.564370155334473,3.293816328048706,3.6524293422698975
4.564370155334473,3.293816328048706,3.6524293422698975
4.565681457519531,3.293656587600708,3.651512622833252
4.565590858459473,3.2933804988861084,3.6507341861724854
4.566556930541992,3.292201519012451,3.6511685848236084
4.566556930541992,3.292201519012451,3.6511685848236084
4.567116737365723,3.2925660610198975,3.6521823406219482
4.567116737365723,3.2925660610198975,3.6521823406219482
4.565419673919678,3.2931127548217773,3.653096914291382
4.565419673919678,3.2931127548217773,3.653096914291382
4.564709186553955,3.293438673019409,3.6534924507141113
4.564709186553955,3.293438673019409,3.6534924507141113
4.564709186553955,3.293438673019409,3.6534924507141113
4.567493915557861,3.292121171951294,3.6533689498901367
4.567493915557861,3.292121171951294,3.6533689498901367
4.57178258895874,3.289674997329712,3.6522622108459473
4.57178258895874,3.289674997329712,3.6522622108459473
4.5748090744018555,3.288510799407959,3.651031970977783
4.576279640197754,3.2891433238983154,3.6508877277374268
4.576279640197754,3.2891433238983154,3.6508877277374268
4.576761722564697,3.289767265319824,3.650736093521118
4.577788352966309,3.290830612182617,3.64998722076416
4.5795111656188965,3.2905871868133545,3.649022340774536
4.5795111656188965,3.2905871868133545,3.649022340774536
4.581238746643066,3.289806604385376,3.648282051086426
4.581238746643066,3.289806604385376,3.648282051086426
4.583426475524902,3.2899069786071777,3.6474058628082275
4.583426475524902,3.2899069786071777,3.6474058628082275
4.584262847900391,3.2913174629211426,3.646627187728882
4.584262847900391,3.2913174629211426,3.646627187728882
4.586681842803955,3.2902414798736572,3.646388530731201
4.586681842803955,3.2902414798736572,3.646388530731201
4.586681842803955,3.2902414798736572,3.646388530731201
4.5893964767456055,3.2891526222229004,3.6462819576263428
4.5893964767456055,3.2891526222229004,3.6462819576263428
4.5908098220825195,3.287674903869629,3.64631986618042
4.591568470001221,3.2876410484313965,3.6459438800811768
4.593164443969727,3.2880232334136963,3.6449947357177734
4.594453811645508,3.287768840789795,3.6447389125823975
4.594453811645508,3.287768840789795,3.6447389125823975
4.59501314163208,3.2887461185455322,3.6443989276885986
4.59501314163208,3.2887461185455322,3.6443989276885986
4.595731258392334,3.2929506301879883,3.6415750980377197
4.595731258392334,3.2929506301879883,3.6415750980377197
4.597349643707275,3.294276714324951,3.6388556957244873
4.597349643707275,3.294276714324951,3.6388556957244873
4.598404884338379,3.293100595474243,3.638247489929199
4.598404884338379,3.293100595474243,3.638247489929199
4.600146770477295,3.292975425720215,3.6372365951538086
4.601177215576172,3.2947428226470947,3.6352641582489014
4.6018900871276855,3.2955527305603027,3.634596347808838
4.6018900871276855,3.2955527305603027,3.634596347808838
4.6018900871276855,3.2955527305603027,3.634596347808838
4.603021144866943,3.294738292694092,3.634575366973877
4.603021144866943,3.294738292694092,3.634575366973877
4.605571269989014,3.2927234172821045,3.6341006755828857
4.605571269989014,3.2927234172821045,3.6341006755828857
4.607759475708008,3.292165517807007,3.632089138031006
4.609437465667725,3.2916934490203857,3.631237745285034
4.612009525299072,3.2897655963897705,3.6305694580078125
4.614077091217041,3.289163589477539,3.629155397415161
4.614077091217041,3.289163589477539,3.629155397415161
4.6163811683654785,3.2883460521698,3.627946615219116
4.616970062255859,3.288147211074829,3.6276798248291016
4.617755889892578,3.2872314453125,3.6273651123046875
4.617755889892578,3.2872314453125,3.6273651123046875
4.619081497192383,3.2854678630828857,3.6269359588623047
4.619081497192383,3.2854678630828857,3.6269359588623047
4.620084762573242,3.286576986312866,3.6263160705566406
4.620084762573242,3.286576986312866,3.6263160705566406
4.62014627456665,3.286764144897461,3.6260979175567627
4.62014627456665,3.286764144897461,3.6260979175567627
4.62099552154541,3.2873165607452393,3.625197649002075
4.621778964996338,3.2870302200317383,3.6250627040863037
4.622513294219971,3.2859244346618652,3.625216245651245
4.622513294219971,3.2859244346618652,3.625216245651245
4.6243062019348145,3.2839457988739014,3.624987840652466
4.6243062019348145,3.2839457988739014,3.624987840652466
4.625556468963623,3.2833313941955566,3.6244096755981445
4.6267170906066895,3.2826952934265137,3.624077320098877
4.6267170906066895,3.2826952934265137,3.624077320098877
4.6283135414123535,3.2809760570526123,3.6233184337615967
4.62923002243042,3.2799365520477295,3.6225180625915527
4.62923002243042,3.2799365520477295,3.6225180625915527
4.629642963409424,3.2812066078186035,3.6211752891540527
4.629448413848877,3.2818431854248047,3.620804786682129
4.629448413848877,3.2818431854248047,3.620804786682129
4.629158020019531,3.281035900115967,3.6213037967681885
4.629142761230469,3.2800567150115967,3.6218719482421875
4.629576683044434,3.280055284500122,3.6220571994781494
4.629576683044434,3.280055284500122,3.6220571994781494
4.631799221038818,3.279613971710205,3.6210849285125732
4.631799221038818,3.279613971710205,3.6210849285125732
4.631946563720703,3.278639793395996,3.621680498123169
4.631946563720703,3.278639793395996,3.621680498123169
4.635014057159424,3.277616500854492,3.620560646057129
4.635014057159424,3.277616500854492,3.620560646057129
4.635014057159424,3.277616500854492,3.620560646057129
4.638793468475342,3.2775561809539795,3.6172468662261963
4.638793468475342,3.2775561809539795,3.6172468662261963
4.640587329864502,3.2771475315093994,3.6155712604522705
4.640587329864502,3.2771475315093994,3.6155712604522705
4.641213417053223,3.277362585067749,3.6146159172058105
4.6426239013671875,3.277355432510376,3.612928628921509
4.6426239013671875,3.277355432510376,3.612928628921509
4.643453598022461,3.27746319770813,3.6119322776794434
4.644142150878906,3.2774498462677,3.611294746398926
4.6439208984375,3.2761998176574707,3.612029552459717
4.6439208984375,3.2761998176574707,3.612029552459717
4.645012855529785,3.2752130031585693,3.6115596294403076
4.645012855529785,3.2752130031585693,3.6115596294403076
4.64745569229126,3.275885581970215,3.609768867492676
4.64745569229126,3.275885581970215,3.609768867492676
4.650404453277588,3.273049831390381,3.610053300857544
4.650404453277588,3.273049831390381,3.610053300857544
4.6529059410095215,3.270662546157837,3.6104586124420166
4.6529059410095215,3.270662546157837,3.6104586124420166
4.6529059410095215,3.270662546157837,3.6104586124420166
4.654573440551758,3.2683327198028564,3.6110498905181885
4.654573440551758,3.2683327198028564,3.6110498905181885
4.65446138381958,3.2694826126098633,3.611593246459961
4.65446138381958,3.2694826126098633,3.611593246459961
4.655285835266113,3.270883321762085,3.6102135181427
4.6545209884643555,3.2714216709136963,3.6103522777557373
4.653558731079102,3.2720210552215576,3.610992193222046
4.6534857749938965,3.271995782852173,3.6112215518951416
4.6534857749938965,3.271995782852173,3.6112215518951416
4.656159400939941,3.271533966064453,3.6089651584625244
4.656159400939941,3.271533966064453,3.6089651584625244
4.656159400939941,3.271533966064453,3.6089651584625244
4.6587910652160645,3.2700254917144775,3.607877254486084
4.66044807434082,3.2700445652008057,3.6075615882873535
4.6642913818359375,3.269585609436035,3.6054697036743164
4.666666030883789,3.2684834003448486,3.604548454284668
4.666666030883789,3.2684834003448486,3.604548454284668
4.666049480438232,3.2689077854156494,3.6055757999420166
4.666049480438232,3.2689077854156494,3.6055757999420166
4.66526985168457,3.2705018520355225,3.6052560806274414
4.6675214767456055,3.2706472873687744,3.6037158966064453
4.670029163360596,3.2702996730804443,3.601961374282837
4.670742034912109,3.2703089714050293,3.6011133193969727
4.670742034912109,3.2703089714050293,3.6011133193969727
4.671233654022217,3.270073175430298,3.601073980331421
4.671233654022217,3.270073175430298,3.601073980331421
4.671319961547852,3.2716383934020996,3.6007680892944336
4.671319961547852,3.2716383934020996,3.6007680892944336
4.672353267669678,3.2738850116729736,3.5994174480438232
4.67241096496582,3.273258686065674,3.5995404720306396
4.67241096496582,3.273258686065674,3.5995404720306396
4.675501346588135,3.271794319152832,3.5992767810821533
4.675501346588135,3.271794319152832,3.5992767810821533
4.688107967376709,3.269432783126831,3.595393419265747
4.688401699066162,3.268986463546753,3.595553159713745
4.688401699066162,3.268986463546753,3.595553159713745
4.680363178253174,3.268467664718628,3.6015655994415283
4.6783833503723145,3.270878553390503,3.601724147796631
4.678949356079102,3.2710516452789307,3.6007080078125
4.678949356079102,3.2710516452789307,3.6007080078125
4.680030822753906,3.2700297832489014,3.600675344467163
4.680030822753906,3.2700297832489014,3.600675344467163
4.682301998138428,3.264029026031494,3.600797653198242
4.683800220489502,3.26304292678833,3.5996906757354736
4.683800220489502,3.26304292678833,3.5996906757354736
4.693480491638184,3.259942054748535,3.5953643321990967
4.697116374969482,3.2581212520599365,3.5941672325134277
4.699419021606445,3.2562596797943115,3.593827247619629
4.700163841247559,3.2556092739105225,3.594360589981079
4.700163841247559,3.2556092739105225,3.594360589981079
4.698884963989258,3.2559239864349365,3.59548282623291
4.698884963989258,3.2559239864349365,3.59548282623291
4.699345588684082,3.2544844150543213,3.5959246158599854
4.699345588684082,3.2544844150543213,3.5959246158599854
4.699866771697998,3.254178762435913,3.596444845199585
4.701870441436768,3.255880355834961,3.5966334342956543
4.701870441436768,3.255880355834961,3.5966334342956543
4.703871726989746,3.2557878494262695,3.5975139141082764
4.703871726989746,3.2557878494262695,3.5975139141082764
4.7039642333984375,3.2570700645446777,3.597959041595459
4.7039642333984375,3.2570700645446777,3.597959041595459
4.7039642333984375,3.2570700645446777,3.597959041595459
4.703568935394287,3.2571053504943848,3.59735107421875
4.703568935394287,3.2571053504943848,3.59735107421875
4.705209255218506,3.259587526321411,3.594759225845337
4.705209255218506,3.259587526321411,3.594759225845337
4.706228733062744,3.2574141025543213,3.594557046890259
4.706766605377197,3.256322145462036,3.593898296356201
4.706766605377197,3.256322145462036,3.593898296356201
4.710391044616699,3.2563226222991943,3.5918169021606445
4.710391044616699,3.2563226222991943,3.5918169021606445
4.713252544403076,3.2549445629119873,3.591707706451416
4.713252544403076,3.2549445629119873,3.591707706451416
4.712866306304932,3.2566640377044678,3.59076189994812
4.712651252746582,3.2570955753326416,3.59055495262146
4.712651252746582,3.2570955753326416,3.59055495262146
4.713925838470459,3.255894184112549,3.590169906616211
4.713925838470459,3.255894184112549,3.590169906616211
4.715261459350586,3.257117509841919,3.5888895988464355
4.715261459350586,3.257117509841919,3.5888895988464355
4.716767311096191,3.25864315032959,3.5876681804656982
4.716753005981445,3.2597146034240723,3.587092161178589
4.717184543609619,3.2598061561584473,3.586724281311035
4.717184543609619,3.2598061561584473,3.586724281311035
4.7190680503845215,3.2588512897491455,3.585966110229492
4.7201409339904785,3.2589287757873535,3.585268497467041
4.72079610824585,3.258835792541504,3.584765911102295
4.7210588455200195,3.2587528228759766,3.584371566772461
4.7210588455200195,3.2587528228759766,3.584371566772461
4.72137975692749,3.2581522464752197,3.584465742111206
4.722929954528809,3.257962942123413,3.5835225582122803
4.72481107711792,3.2587924003601074,3.582212448120117
4.72481107711792,3.2587924003601074,3.582212448120117
4.7255144119262695,3.2584404945373535,3.581425189971924
4.7255144119262695,3.2584404945373535,3.581425189971924
4.7251434326171875,3.2579212188720703,3.5808472633361816
4.7251434326171875,3.2579212188720703,3.5808472633361816
4.726578235626221,3.258216619491577,3.580019950866699
4.726578235626221,3.258216619491577,3.580019950866699
4.726578235626221,3.258216619491577,3.580019950866699
4.7265472412109375,3.2576904296875,3.5794668197631836
4.7265472412109375,3.2576904296875,3.5794668197631836
4.725215435028076,3.2573201656341553,3.5811095237731934
4.7243876457214355,3.25856351852417,3.581575393676758
4.724642276763916,3.2585103511810303,3.581662893295288
4.724642276763916,3.2585103511810303,3.581662893295288
4.72648286819458,3.2559800148010254,3.5811774730682373
4.72648286819458,3.2559800148010254,3.5811774730682373
4.727283000946045,3.2554545402526855,3.581341028213501
4.727283000946045,3.2554545402526855,3.581341028213501
4.728581428527832,3.2552897930145264,3.580923080444336
4.729181289672852,3.254397392272949,3.5811526775360107
4.729397296905518,3.2544610500335693,3.5813167095184326
4.729397296905518,3.2544610500335693,3.5813167095184326
4.72834587097168,3.2558391094207764,3.5809221267700195
4.72834587097168,3.2558391094207764,3.5809221267700195
4.728888511657715,3.2566983699798584,3.5800962448120117
4.728888511657715,3.2566983699798584,3.5800962448120117
4.729970455169678,3.2555649280548096,3.5794880390167236
4.729970455169678,3.2555649280548096,3.5794880390167236
4.7323832511901855,3.25300931930542,3.57948899269104
4.7323832511901855,3.25300931930542,3.57948899269104
4.732396125793457,3.25406551361084,3.579129695892334
4.732396125793457,3.25406551361084,3.579129695892334
4.732696533203125,3.2535336017608643,3.5795657634735107
4.732696533203125,3.2535336017608643,3.5795657634735107
4.73539924621582,3.252220630645752,3.578148126602173
4.73539924621582,3.252220630645752,3.578148126602173
4.7382307052612305,3.2486846446990967,3.5776333808898926
4.7382307052612305,3.2486846446990967,3.5776333808898926
4.737128257751465,3.2491614818573,3.5775911808013916
4.736214637756348,3.250243663787842,3.5773239135742188
4.736214637756348,3.250243663787842,3.5773239135742188
4.736504554748535,3.250729560852051,3.5770580768585205
4.737515926361084,3.2500193119049072,3.576500177383423
4.739291191101074,3.248579740524292,3.5760304927825928
4.739291191101074,3.248579740524292,3.5760304927825928
4.740976333618164,3.2481143474578857,3.575378894805908
4.743566513061523,3.2480413913726807,3.574371099472046
4.743566513061523,3.2480413913726807,3.574371099472046
4.745987892150879,3.248617172241211,3.5738637447357178
4.7463274002075195,3.248504161834717,3.5739331245422363
4.7463274002075195,3.248504161834717,3.5739331245422363
4.7474470138549805,3.24843430519104,3.573458194732666
4.7474470138549805,3.24843430519104,3.573458194732666
4.747387409210205,3.252410888671875,3.5725724697113037
4.74805212020874,3.2525854110717773,3.571864366531372
4.74805212020874,3.2525854110717773,3.571864366531372
4.748373031616211,3.2511065006256104,3.571971893310547
4.747495651245117,3.2508938312530518,3.5725371837615967
4.747495651245117,3.2508938312530518,3.5725371837615967
4.748115539550781,3.2498488426208496,3.5728495121002197
4.750513553619385,3.249551296234131,3.571403980255127
4.750513553619385,3.249551296234131,3.571403980255127
4.751237869262695,3.250955581665039,3.5704846382141113
4.751237869262695,3.250955581665039,3.5704846382141113
4.751996994018555,3.2498934268951416,3.5713603496551514
4.751996994018555,3.2498934268951416,3.5713603496551514
4.751493453979492,3.249063014984131,3.5722267627716064
4.7515869140625,3.251741409301758,3.571537733078003
4.7515869140625,3.251741409301758,3.571537733078003
4.751902103424072,3.2528064250946045,3.571138381958008
4.751902103424072,3.2528064250946045,3.571138381958008
4.753359794616699,3.253596544265747,3.5706560611724854
4.753359794616699,3.253596544265747,3.5706560611724854
4.755533218383789,3.2531044483184814,3.5701136589050293
4.7561354637146,3.2530651092529297,3.5701301097869873
4.7565789222717285,3.2542686462402344,3.5692620277404785
4.756270885467529,3.2552480697631836,3.5685079097747803
4.756270885467529,3.2552480697631836,3.5685079097747803
4.756501197814941,3.2555036544799805,3.5677061080932617
4.756501197814941,3.2555036544799805,3.5677061080932617
4.756696701049805,3.256333112716675,3.5671801567077637
4.756696701049805,3.256333112716675,3.5671801567077637
4.758162021636963,3.254302740097046,3.5667154788970947
4.760203838348389,3.252300262451172,3.566610336303711
4.762014389038086,3.2506463527679443,3.5664100646972656
4.763981342315674,3.2504467964172363,3.5648601055145264
4.763981342315674,3.2504467964172363,3.5648601055145264
4.765502452850342,3.2482359409332275,3.5653152465820312
4.765502452850342,3.2482359409332275,3.5653152465820312
4.765502452850342,3.2482359409332275,3.5653152465820312
4.765547752380371,3.2487430572509766,3.566018581390381
4.765547752380371,3.2487430572509766,3.566018581390381
4.765798568725586,3.2488231658935547,3.56536865234375
4.765798568725586,3.2488231658935547,3.56536865234375
4.766363143920898,3.2485406398773193,3.5651180744171143
4.768601417541504,3.248074769973755,3.5645320415496826
4.770092487335205,3.2469193935394287,3.56461501121521
4.770092487335205,3.2469193935394287,3.56461501121521
4.773378849029541,3.2449135780334473,3.563758611679077
4.773681163787842,3.245145082473755,3.5634334087371826
4.773681163787842,3.245145082473755,3.5634334087371826
4.774478435516357,3.2456185817718506,3.5626208782196045
4.774478435516357,3.2456185817718506,3.5626208782196045
4.774081707000732,3.246436357498169,3.562892198562622
4.772799015045166,3.2477405071258545,3.563689947128296
4.772006034851074,3.247675895690918,3.5647482872009277
4.772006034851074,3.247675895690918,3.5647482872009277
4.772006034851074,3.247675895690918,3.5647482872009277
4.774044036865234,3.246821880340576,3.5639610290527344
4.775877952575684,3.246398448944092,3.563739061355591
4.775877952575684,3.246398448944092,3.563739061355591
4.778640270233154,3.2446327209472656,3.56453800201416
4.77932071685791,3.244926691055298,3.5643441677093506
4.780178070068359,3.2452950477600098,3.5631933212280273
4.780178070068359,3.2452950477600098,3.5631933212280273
4.780707836151123,3.2451229095458984,3.5620734691619873
4.780707836151123,3.2451229095458984,3.5620734691619873
4.780928611755371,3.2450058460235596,3.560992956161499
4.780928611755371,3.2450058460235596,3.560992956161499
4.779782295227051,3.2452023029327393,3.5603721141815186
4.781262397766113,3.2427878379821777,3.5596487522125244
4.781262397766113,3.2427878379821777,3.5596487522125244
4.781436920166016,3.243710517883301,3.558645009994507
4.781436920166016,3.243710517883301,3.558645009994507
4.783296585083008,3.2438457012176514,3.5573339462280273
4.783296585083008,3.2438457012176514,3.5573339462280273
4.784308433532715,3.2435386180877686,3.5575830936431885
4.784449577331543,3.243417501449585,3.55873703956604
4.785350799560547,3.2418317794799805,3.5592739582061768
4.786478519439697,3.2398276329040527,3.5600688457489014
4.786611080169678,3.240649938583374,3.5595080852508545
4.786611080169678,3.240649938583374,3.5595080852508545
4.787676811218262,3.2425432205200195,3.557889223098755
4.788118839263916,3.242007255554199,3.557892084121704
4.7880167961120605,3.2414257526397705,3.5582571029663086
4.788355350494385,3.241071939468384,3.5583341121673584
4.788355350494385,3.241071939468384,3.5583341121673584
4.788355350494385,3.241071939468384,3.5583341121673584
4.788656234741211,3.2428829669952393,3.5582849979400635
4.788656234741211,3.2428829669952393,3.5582849979400635
4.789283752441406,3.243380308151245,3.5582115650177
4.789283752441406,3.243380308151245,3.5582115650177
4.789004325866699,3.244147300720215,3.5578439235687256
4.789030075073242,3.2450344562530518,3.557474374771118
4.788612365722656,3.245626926422119,3.5575413703918457
4.78899621963501,3.245598793029785,3.556698799133301
4.78899621963501,3.245598793029785,3.556698799133301
4.790180683135986,3.2445905208587646,3.555978298187256
4.790180683135986,3.2445905208587646,3.555978298187256
4.79044771194458,3.245919942855835,3.5555739402770996
4.79044771194458,3.245919942855835,3.5555739402770996
4.791522979736328,3.246426820755005,3.555781602859497
4.792328357696533,3.246253252029419,3.5557198524475098
4.792328357696533,3.246253252029419,3.5557198524475098
4.794242858886719,3.246473789215088,3.554617166519165
4.794242858886719,3.246473789215088,3.554617166519165
4.797640800476074,3.2447047233581543,3.5537123680114746
4.80019474029541,3.2446539402008057,3.5523977279663086
4.80019474029541,3.2446539402008057,3.5523977279663086
4.802326202392578,3.242144823074341,3.553443193435669
4.802326202392578,3.242144823074341,3.553443193435669
4.804500579833984,3.241636276245117,3.5513336658477783
4.804500579833984,3.241636276245117,3.5513336658477783
4.807524681091309,3.2397594451904297,3.549964666366577
4.807524681091309,3.2397594451904297,3.549964666366577
4.811972618103027,3.238980531692505,3.5471346378326416
4.811972618103027,3.238980531692505,3.5471346378326416
4.813440799713135,3.240571975708008,3.545956611633301
4.813440799713135,3.240571975708008,3.545956611633301
4.813440799713135,3.240571975708008,3.545956611633301
4.813969612121582,3.241837739944458,3.5446794033050537
4.8143110275268555,3.240952968597412,3.5443880558013916
4.8143110275268555,3.240952968597412,3.5443880558013916
4.81777286529541,3.2399158477783203,3.5418310165405273
4.819582462310791,3.240493059158325,3.5401856899261475
4.819582462310791,3.240493059158325,3.5401856899261475
4.821467399597168,3.2402119636535645,3.538835048675537
4.821467399597168,3.2402119636535645,3.538835048675537
4.821181774139404,3.2398386001586914,3.5389108657836914
4.821743488311768,3.2403624057769775,3.53863525390625
4.824172019958496,3.2396745681762695,3.5382168292999268
4.824172019958496,3.2396745681762695,3.5382168292999268
4.826080799102783,3.2398297786712646,3.537919521331787
4.826080799102783,3.2398297786712646,3.537919521331787
4.828227996826172,3.23681902885437,3.5387825965881348
4.828227996826172,3.23681902885437,3.5387825965881348
4.829631328582764,3.2344255447387695,3.5389487743377686
4.829631328582764,3.2344255447387695,3.5389487743377686
4.829946994781494,3.2346527576446533,3.5395233631134033
4.83085298538208,3.2344682216644287,3.539746046066284
4.83085298538208,3.2344682216644287,3.539746046066284
4.830827236175537,3.2345588207244873,3.5397112369537354
4.830827236175537,3.2345588207244873,3.5397112369537354
4.83097505569458,3.2344517707824707,3.5393025875091553
4.83097505569458,3.2344517707824707,3.5393025875091553
4.832430839538574,3.2354111671447754,3.537510871887207
4.833276271820068,3.235435724258423,3.537123918533325
4.833276271820068,3.235435724258423,3.537123918533325
4.834629535675049,3.234799385070801,3.536724090576172
4.834629535675049,3.234799385070801,3.536724090576172
4.8362650871276855,3.2338547706604004,3.5360865592956543
4.836759090423584,3.234938859939575,3.534743309020996
4.836759090423584,3.234938859939575,3.534743309020996
4.8382887840271,3.234748125076294,3.533620595932007
4.839364528656006,3.2340996265411377,3.5329952239990234
4.84112024307251,3.233034610748291,3.531646490097046
4.84112024307251,3.233034610748291,3.531646490097046
4.84112024307251,3.233034610748291,3.531646490097046
4.843790054321289,3.2323296070098877,3.5304629802703857
4.843790054321289,3.2323296070098877,3.5304629802703857
4.844563007354736,3.2315773963928223,3.5313401222229004
4.844515800476074,3.230863571166992,3.5312840938568115
4.844515800476074,3.230863571166992,3.5312840938568115
4.845257759094238,3.230665683746338,3.530888557434082
4.84671688079834,3.2307517528533936,3.5306143760681152
4.84937858581543,3.2297942638397217,3.5297296047210693
4.84937858581543,3.2297942638397217,3.5297296047210693
4.84937858581543,3.2297942638397217,3.5297296047210693
4.852720737457275,3.22662353515625,3.5281331539154053
4.852720737457275,3.22662353515625,3.5281331539154053
4.853207588195801,3.225806951522827,3.5290496349334717
4.853911876678467,3.2268624305725098,3.529463052749634
4.853911876678467,3.2268624305725098,3.529463052749634
4.852543354034424,3.2289340496063232,3.5304019451141357
4.851816177368164,3.229621171951294,3.530014991760254
4.850681304931641,3.2301831245422363,3.529869794845581
4.851873397827148,3.2296555042266846,3.52995228767395
4.851873397827148,3.2296555042266846,3.52995228767395
4.851873397827148,3.2296555042266846,3.52995228767395
4.85284423828125,3.2316861152648926,3.5291223526000977
4.85284423828125,3.2316861152648926,3.5291223526000977
4.851833343505859,3.231475830078125,3.5289649963378906
4.850996971130371,3.230956554412842,3.52933406829834
4.850980758666992,3.22969913482666,3.5305511951446533
4.850980758666992,3.22969913482666,3.5305511951446533
4.851485252380371,3.2293572425842285,3.5308291912078857
4.855075359344482,3.2269175052642822,3.5289008617401123
4.855075359344482,3.2269175052642822,3.5289008617401123
4.860313892364502,3.2251930236816406,3.524477243423462
4.8626484870910645,3.225511312484741,3.5227668285369873
4.8626484870910645,3.225511312484741,3.5227668285369873
4.861626148223877,3.228661060333252,3.524573564529419
4.861626148223877,3.228661060333252,3.524573564529419
4.8607282638549805,3.2284433841705322,3.526122570037842
4.8607282638549805,3.2284433841705322,3.526122570037842
4.86061954498291,3.2263450622558594,3.536066770553589
4.86061954498291,3.2263450622558594,3.536066770553589
4.86061954498291,3.2263450622558594,3.536066770553589
