x,y,z
3.5247902870178223,3.5324079990386963,3.8692338466644287
3.5247902870178223,3.5324079990386963,3.8692338466644287
3.5250003337860107,3.5313971042633057,3.863478183746338
3.5194525718688965,3.5297579765319824,3.874187469482422
3.5194525718688965,3.5297579765319824,3.874187469482422
3.5195913314819336,3.52907395362854,3.872661828994751
3.5195913314819336,3.52907395362854,3.872661828994751
3.517930030822754,3.5295512676239014,3.8810174465179443
3.5218961238861084,3.53118896484375,3.878237009048462
3.5218961238861084,3.53118896484375,3.878237009048462
3.523477792739868,3.5326240062713623,3.8811984062194824
3.523477792739868,3.5326240062713623,3.8811984062194824
3.5239059925079346,3.5328662395477295,3.8813321590423584
3.5214431285858154,3.5329055786132812,3.8867104053497314
3.5214431285858154,3.5329055786132812,3.8867104053497314
3.5187289714813232,3.5324368476867676,3.8916280269622803
3.5187289714813232,3.5324368476867676,3.8916280269622803
3.5181212425231934,3.533116579055786,3.8970797061920166
3.520864725112915,3.534905195236206,3.896906852722168
3.520864725112915,3.534905195236206,3.896906852722168
3.5210931301116943,3.536038398742676,3.899461507797241
3.5210931301116943,3.536038398742676,3.899461507797241
3.522364377975464,3.5367257595062256,3.897282361984253
3.523423433303833,3.5356178283691406,3.8977038860321045
3.523423433303833,3.5356178283691406,3.8977038860321045
3.523881673812866,3.5365793704986572,3.902470588684082
3.523881673812866,3.5365793704986572,3.902470588684082
3.5256550312042236,3.5380420684814453,3.9041590690612793
3.5250091552734375,3.5383214950561523,3.9073598384857178
3.5250091552734375,3.5383214950561523,3.9073598384857178
3.525502920150757,3.538501739501953,3.906611442565918
3.525502920150757,3.538501739501953,3.906611442565918
3.525007486343384,3.538588523864746,3.907768726348877
3.524862051010132,3.538893461227417,3.908290386199951
3.524862051010132,3.538893461227417,3.908290386199951
3.5256423950195312,3.53904390335083,3.910585403442383
3.5256423950195312,3.53904390335083,3.910585403442383
3.5294837951660156,3.5403332710266113,3.909259557723999
3.531865119934082,3.5414786338806152,3.9076998233795166
3.531865119934082,3.5414786338806152,3.9076998233795166
3.5337421894073486,3.5415401458740234,3.904808759689331
3.5337421894073486,3.5415401458740234,3.904808759689331
3.537151575088501,3.5424118041992188,3.904613971710205
3.5393097400665283,3.5439529418945312,3.906301975250244
3.5393097400665283,3.5439529418945312,3.906301975250244
3.5371367931365967,3.542802333831787,3.907489776611328
3.5371367931365967,3.542802333831787,3.907489776611328
3.5364625453948975,3.5419013500213623,3.9078149795532227
3.538421392440796,3.542774200439453,3.9062647819519043
3.538421392440796,3.542774200439453,3.9062647819519043
3.5416789054870605,3.544574737548828,3.9053919315338135
3.5416789054870605,3.544574737548828,3.9053919315338135
3.54270339012146,3.5447871685028076,3.9052600860595703
3.5454607009887695,3.5461316108703613,3.907921552658081
3.5454607009887695,3.5461316108703613,3.907921552658081
3.5434577465057373,3.546109676361084,3.911867380142212
3.5434577465057373,3.546109676361084,3.911867380142212
3.5405561923980713,3.545020341873169,3.9144015312194824
3.5383498668670654,3.5443222522735596,3.9173781871795654
3.5383498668670654,3.5443222522735596,3.9173781871795654
3.537982702255249,3.5443661212921143,3.920851469039917
3.537982702255249,3.5443661212921143,3.920851469039917
3.5382261276245117,3.544761896133423,3.9234883785247803
3.5380797386169434,3.5448782444000244,3.922118902206421
3.5380797386169434,3.5448782444000244,3.922118902206421
3.5389580726623535,3.544893503189087,3.918635606765747
3.5389580726623535,3.544893503189087,3.918635606765747
3.539494514465332,3.5447142124176025,3.9161930084228516
3.5394222736358643,3.5446879863739014,3.9160711765289307
3.5394222736358643,3.5446879863739014,3.9160711765289307
3.539619207382202,3.5453574657440186,3.9184863567352295
3.539619207382202,3.5453574657440186,3.9184863567352295
3.540048122406006,3.5457541942596436,3.9200551509857178
3.539451837539673,3.5461087226867676,3.9211649894714355
3.539451837539673,3.5461087226867676,3.9211649894714355
3.536668300628662,3.545212984085083,3.9230785369873047
3.536668300628662,3.545212984085083,3.9230785369873047
3.535386800765991,3.5446395874023438,3.9245362281799316
3.535221815109253,3.544222354888916,3.9251925945281982
3.535221815109253,3.544222354888916,3.9251925945281982
3.5352892875671387,3.544623851776123,3.9254627227783203
3.5352892875671387,3.544623851776123,3.9254627227783203
3.5332438945770264,3.5445923805236816,3.927924871444702
3.5340399742126465,3.5446975231170654,3.9322853088378906
3.5340399742126465,3.5446975231170654,3.9322853088378906
3.5339643955230713,3.544586420059204,3.934262275695801
3.5339643955230713,3.544586420059204,3.934262275695801
3.5337910652160645,3.5445263385772705,3.9354236125946045
3.5339841842651367,3.5446441173553467,3.937509775161743
3.5339841842651367,3.5446441173553467,3.937509775161743
3.534005880355835,3.5450403690338135,3.9417636394500732
3.534005880355835,3.5450403690338135,3.9417636394500732
3.532944917678833,3.5445849895477295,3.94633412361145
3.53134822845459,3.544548988342285,3.949099540710449
3.53134822845459,3.544548988342285,3.949099540710449
3.5307462215423584,3.5440189838409424,3.9507951736450195
3.5307462215423584,3.5440189838409424,3.9507951736450195
3.531186819076538,3.543426036834717,3.9504547119140625
3.531663179397583,3.543330669403076,3.9490456581115723
3.531663179397583,3.543330669403076,3.9490456581115723
3.533229112625122,3.544346570968628,3.9510765075683594
3.533229112625122,3.544346570968628,3.9510765075683594
3.5349881649017334,3.545743703842163,3.9545276165008545
3.5344274044036865,3.545311212539673,3.957451343536377
3.5344274044036865,3.545311212539673,3.957451343536377
3.535240888595581,3.5454986095428467,3.9582769870758057
3.535240888595581,3.5454986095428467,3.9582769870758057
3.536463975906372,3.546583414077759,3.9578568935394287
3.5367186069488525,3.5464935302734375,3.9584579467773438
3.5367186069488525,3.5464935302734375,3.9584579467773438
3.5364315509796143,3.546128988265991,3.958926200866699
3.5364315509796143,3.546128988265991,3.958926200866699
3.5364601612091064,3.5466716289520264,3.959868907928467
3.5384750366210938,3.5472841262817383,3.9583096504211426
3.5384750366210938,3.5472841262817383,3.9583096504211426
3.5388882160186768,3.5471885204315186,3.958087205886841
3.5388882160186768,3.5471885204315186,3.958087205886841
3.539307117462158,3.546821117401123,3.956402063369751
3.540231466293335,3.5467395782470703,3.9550211429595947
3.540231466293335,3.5467395782470703,3.9550211429595947
3.5423531532287598,3.5478947162628174,3.9557738304138184
3.5423531532287598,3.5478947162628174,3.9557738304138184
3.541869640350342,3.547844409942627,3.9582812786102295
3.5399739742279053,3.547593355178833,3.960376024246216
3.5399739742279053,3.547593355178833,3.960376024246216
3.5377235412597656,3.5466809272766113,3.963789701461792
3.5377235412597656,3.5466809272766113,3.963789701461792
3.5379538536071777,3.546330213546753,3.9648444652557373
3.539295196533203,3.546769142150879,3.9634947776794434
3.539295196533203,3.546769142150879,3.9634947776794434
3.540372848510742,3.5463316440582275,3.9616668224334717
3.540372848510742,3.5463316440582275,3.9616668224334717
3.541802167892456,3.546445846557617,3.961693525314331
3.540938138961792,3.546044111251831,3.9659476280212402
3.540938138961792,3.546044111251831,3.9659476280212402
3.539996385574341,3.5457680225372314,3.9699277877807617
3.539996385574341,3.5457680225372314,3.9699277877807617
3.5405070781707764,3.545638084411621,3.972538948059082
3.540142774581909,3.5453033447265625,3.9735748767852783
3.540142774581909,3.5453033447265625,3.9735748767852783
3.540686845779419,3.5457425117492676,3.974893808364868
3.540686845779419,3.5457425117492676,3.974893808364868
3.5417885780334473,3.546778440475464,3.9770193099975586
3.540865421295166,3.547095775604248,3.9784867763519287
3.540865421295166,3.547095775604248,3.9784867763519287
3.5393784046173096,3.5463905334472656,3.9792394638061523
3.5393784046173096,3.5463905334472656,3.9792394638061523
3.538219928741455,3.546131134033203,3.9795827865600586
3.5377426147460938,3.5469603538513184,3.9817588329315186
3.5377426147460938,3.5469603538513184,3.9817588329315186
3.5374398231506348,3.5471231937408447,3.981461763381958
3.5374398231506348,3.5471231937408447,3.981461763381958
3.537262201309204,3.547687292098999,3.982508659362793
3.5371592044830322,3.547412633895874,3.982592821121216
3.5371592044830322,3.547412633895874,3.982592821121216
3.5376670360565186,3.5470778942108154,3.9832446575164795
3.5376670360565186,3.5470778942108154,3.9832446575164795
3.5389742851257324,3.5473618507385254,3.981987714767456
3.5396111011505127,3.5476174354553223,3.98228120803833
3.5396111011505127,3.5476174354553223,3.98228120803833
3.540043354034424,3.5473155975341797,3.981552839279175
3.540043354034424,3.5473155975341797,3.981552839279175
3.541323184967041,3.5479001998901367,3.982949733734131
3.541857957839966,3.548957109451294,3.9836480617523193
3.541857957839966,3.548957109451294,3.9836480617523193
3.5427157878875732,3.550248622894287,3.9850924015045166
3.5427157878875732,3.550248622894287,3.9850924015045166
3.5434672832489014,3.550996780395508,3.9850263595581055
3.5447001457214355,3.551919937133789,3.9837839603424072
3.5447001457214355,3.551919937133789,3.9837839603424072
3.5453171730041504,3.552720546722412,3.9837679862976074
3.5453171730041504,3.552720546722412,3.9837679862976074
3.5451762676239014,3.5524420738220215,3.9839606285095215
3.544241428375244,3.5520272254943848,3.9842638969421387
3.544241428375244,3.5520272254943848,3.9842638969421387
3.5438804626464844,3.552304983139038,3.985755205154419
3.5438804626464844,3.552304983139038,3.985755205154419
3.5439858436584473,3.5532772541046143,3.988193988800049
3.5445218086242676,3.553826093673706,3.9896655082702637
3.5445218086242676,3.553826093673706,3.9896655082702637
3.543159008026123,3.552957057952881,3.9909889698028564
3.543159008026123,3.552957057952881,3.9909889698028564
3.5421504974365234,3.552717685699463,3.992738962173462
3.542008876800537,3.553792715072632,3.9953556060791016
3.542008876800537,3.553792715072632,3.9953556060791016
3.5411906242370605,3.553830862045288,3.9975619316101074
3.5411906242370605,3.553830862045288,3.9975619316101074
3.539102077484131,3.5530221462249756,4.0023016929626465
3.538771867752075,3.553077459335327,4.004531383514404
3.538771867752075,3.553077459335327,4.004531383514404
3.5391626358032227,3.5529422760009766,4.004601001739502
3.5391626358032227,3.5529422760009766,4.004601001739502
3.5415451526641846,3.553433895111084,4.0043816566467285
3.5411972999572754,3.553255081176758,4.005158424377441
3.5411972999572754,3.553255081176758,4.005158424377441
3.5406224727630615,3.5528526306152344,4.005763053894043
3.5406224727630615,3.5528526306152344,4.005763053894043
3.542112350463867,3.5534536838531494,4.007078170776367
3.542417049407959,3.5539817810058594,4.009159564971924
3.542417049407959,3.5539817810058594,4.009159564971924
3.5414552688598633,3.553546905517578,4.011136054992676
3.5414552688598633,3.553546905517578,4.011136054992676
3.540062427520752,3.5529003143310547,4.012701988220215
3.5390818119049072,3.5514700412750244,4.01265811920166
3.5390818119049072,3.5514700412750244,4.01265811920166
3.539696216583252,3.5522806644439697,4.013426303863525
3.539696216583252,3.5522806644439697,4.013426303863525
3.540391683578491,3.5530552864074707,4.012025833129883
3.541452407836914,3.5534980297088623,4.009196758270264
3.541452407836914,3.5534980297088623,4.009196758270264
3.540710687637329,3.553076982498169,4.010303497314453
3.540710687637329,3.553076982498169,4.010303497314453
3.540097951889038,3.552802324295044,4.012358665466309
3.5394015312194824,3.5535268783569336,4.01613187789917
3.5394015312194824,3.5535268783569336,4.01613187789917
3.5389223098754883,3.553668975830078,4.017686367034912
3.5389223098754883,3.553668975830078,4.017686367034912
3.539824962615967,3.554216146469116,4.018554210662842
3.5406713485717773,3.554999589920044,4.019165515899658
3.5406713485717773,3.554999589920044,4.019165515899658
3.539832353591919,3.5547773838043213,4.021405220031738
3.539832353591919,3.5547773838043213,4.021405220031738
3.53961443901062,3.554245710372925,4.022288799285889
3.540653944015503,3.5547988414764404,4.0250043869018555
3.540653944015503,3.5547988414764404,4.0250043869018555
3.5402259826660156,3.5551376342773438,4.026167392730713
3.5402259826660156,3.5551376342773438,4.026167392730713
3.540128231048584,3.5549888610839844,4.026894569396973
3.540762424468994,3.5553202629089355,4.025907039642334
3.540762424468994,3.5553202629089355,4.025907039642334
3.540548086166382,3.5554187297821045,4.026237964630127
3.540548086166382,3.5554187297821045,4.026237964630127
3.5378026962280273,3.5542192459106445,4.0279130935668945
3.5366809368133545,3.553931474685669,4.030994415283203
3.5366809368133545,3.553931474685669,4.030994415283203
3.534966230392456,3.55318546295166,4.035489559173584
3.534966230392456,3.55318546295166,4.035489559173584
3.5342392921447754,3.553011894226074,4.036981582641602
3.5335724353790283,3.5522470474243164,4.034942626953125
3.5335724353790283,3.5522470474243164,4.034942626953125
3.533450126647949,3.552165985107422,4.034912109375
3.533450126647949,3.552165985107422,4.034912109375
3.5343987941741943,3.5529143810272217,4.036687850952148
3.5340332984924316,3.553213357925415,4.037247657775879
3.5340332984924316,3.553213357925415,4.037247657775879
3.533567428588867,3.552584171295166,4.03666877746582
3.533567428588867,3.552584171295166,4.03666877746582
3.5345842838287354,3.5524466037750244,4.037132740020752
3.5358095169067383,3.5529470443725586,4.0396294593811035
3.5358095169067383,3.5529470443725586,4.0396294593811035
3.536297559738159,3.5528976917266846,4.042992115020752
3.536297559738159,3.5528976917266846,4.042992115020752
3.5358471870422363,3.552034854888916,4.045487403869629
3.5356013774871826,3.551654815673828,4.0489020347595215
3.5356013774871826,3.551654815673828,4.0489020347595215
3.534632682800293,3.5505154132843018,4.052120208740234
3.534632682800293,3.5505154132843018,4.052120208740234
3.534724473953247,3.55114483833313,4.05361795425415
3.5365867614746094,3.552485942840576,4.05269193649292
3.5365867614746094,3.552485942840576,4.05269193649292
3.537210464477539,3.5524892807006836,4.049182891845703
3.537210464477539,3.5524892807006836,4.049182891845703
3.535658597946167,3.5522735118865967,4.050234794616699
3.5349197387695312,3.552098035812378,4.0517401695251465
3.5349197387695312,3.552098035812378,4.0517401695251465
3.532724618911743,3.5509822368621826,4.054336071014404
3.532724618911743,3.5509822368621826,4.054336071014404
3.5320098400115967,3.550269603729248,4.055383682250977
3.531545877456665,3.550135612487793,4.057480335235596
3.531545877456665,3.550135612487793,4.057480335235596
3.531080961227417,3.5498156547546387,4.0582780838012695
3.531080961227417,3.5498156547546387,4.0582780838012695
3.529832601547241,3.549327850341797,4.059593677520752
3.5289573669433594,3.548900842666626,4.060328006744385
3.5289573669433594,3.548900842666626,4.060328006744385
3.5281362533569336,3.54848313331604,4.059873104095459
3.5281362533569336,3.54848313331604,4.059873104095459
3.527998685836792,3.548551082611084,4.058746337890625
3.5278618335723877,3.5485687255859375,4.059032917022705
3.5278618335723877,3.5485687255859375,4.059032917022705
3.527298927307129,3.5486345291137695,4.062062740325928
3.527298927307129,3.5486345291137695,4.062062740325928
3.5261430740356445,3.5489649772644043,4.066581726074219
3.524348258972168,3.5482583045959473,4.070277214050293
3.524348258972168,3.5482583045959473,4.070277214050293
3.523383855819702,3.548088550567627,4.072704315185547
3.523383855819702,3.548088550567627,4.072704315185547
3.5243074893951416,3.548597574234009,4.074143409729004
3.52520751953125,3.549567461013794,4.076257228851318
3.52520751953125,3.549567461013794,4.076257228851318
3.525120735168457,3.5500974655151367,4.077606201171875
3.525120735168457,3.5500974655151367,4.077606201171875
3.524064540863037,3.549907684326172,4.078824520111084
3.522535800933838,3.5492680072784424,4.083270072937012
3.522535800933838,3.5492680072784424,4.083270072937012
3.5212137699127197,3.5495827198028564,4.085982322692871
3.5212137699127197,3.5495827198028564,4.085982322692871
3.522031545639038,3.5505475997924805,4.087203502655029
3.5225565433502197,3.550835609436035,4.087639331817627
3.5225565433502197,3.550835609436035,4.087639331817627
3.522259473800659,3.550255298614502,4.087935447692871
3.522259473800659,3.550255298614502,4.087935447692871
3.521590232849121,3.5503575801849365,4.093191623687744
3.522677183151245,3.550959825515747,4.096290111541748
3.522677183151245,3.550959825515747,4.096290111541748
3.5219855308532715,3.5510857105255127,4.099918365478516
3.5219855308532715,3.5510857105255127,4.099918365478516
3.520530939102173,3.550808906555176,4.104429244995117
3.51950740814209,3.550447940826416,4.108306884765625
3.51950740814209,3.550447940826416,4.108306884765625
3.518573045730591,3.5502772331237793,4.1123480796813965
3.518573045730591,3.5502772331237793,4.1123480796813965
3.5186967849731445,3.550926685333252,4.115646839141846
3.519258975982666,3.5517807006835938,4.1149773597717285
3.519258975982666,3.5517807006835938,4.1149773597717285
3.5202386379241943,3.5522096157073975,4.115361213684082
3.5202386379241943,3.5522096157073975,4.115361213684082
3.520420789718628,3.5521795749664307,4.1157145500183105
3.5202574729919434,3.5527756214141846,4.117900848388672
3.5202574729919434,3.5527756214141846,4.117900848388672
3.5204124450683594,3.5531766414642334,4.117996692657471
3.5204124450683594,3.5531766414642334,4.117996692657471
3.5193309783935547,3.5526254177093506,4.118086338043213
3.519364833831787,3.552183151245117,4.118034839630127
3.519364833831787,3.552183151245117,4.118034839630127
3.520411968231201,3.553036689758301,4.1190056800842285
3.520411968231201,3.553036689758301,4.1190056800842285
3.5214545726776123,3.553354501724243,4.119574069976807
3.5212862491607666,3.5529613494873047,4.119274139404297
3.5212862491607666,3.5529613494873047,4.119274139404297
3.5218019485473633,3.5530152320861816,4.118788242340088
3.5218019485473633,3.5530152320861816,4.118788242340088
3.520986557006836,3.55295729637146,4.119925498962402
3.52121639251709,3.5527679920196533,4.1211371421813965
3.52121639251709,3.5527679920196533,4.1211371421813965
3.5216541290283203,3.552807569503784,4.123164176940918
3.5216541290283203,3.552807569503784,4.123164176940918
3.5220983028411865,3.553130626678467,4.124232292175293
3.522325038909912,3.5529603958129883,4.1258544921875
3.522325038909912,3.5529603958129883,4.1258544921875
3.521920680999756,3.552647113800049,4.129417419433594
3.521920680999756,3.552647113800049,4.129417419433594
3.5207648277282715,3.55147385597229,4.131380081176758
3.5204954147338867,3.5509722232818604,4.129344940185547
3.5204954147338867,3.5509722232818604,4.129344940185547
3.521571159362793,3.551426649093628,4.127740859985352
3.521571159362793,3.551426649093628,4.127740859985352
3.523024797439575,3.552006244659424,4.125833988189697
3.5231542587280273,3.5523858070373535,4.126048564910889
3.5231542587280273,3.5523858070373535,4.126048564910889
3.522641897201538,3.551987886428833,4.126195907592773
3.522641897201538,3.551987886428833,4.126195907592773
3.521775245666504,3.5514352321624756,4.127052307128906
3.523261070251465,3.551940679550171,4.12610387802124
3.523261070251465,3.551940679550171,4.12610387802124
3.523160457611084,3.5525319576263428,4.1248779296875
3.523160457611084,3.5525319576263428,4.1248779296875
3.522974729537964,3.5530381202697754,4.12442684173584
3.5235416889190674,3.5536768436431885,4.12442684173584
3.5235416889190674,3.5536768436431885,4.12442684173584
3.5239362716674805,3.553899049758911,4.123735427856445
3.5239362716674805,3.553899049758911,4.123735427856445
3.5249857902526855,3.554403066635132,4.123406410217285
3.5243937969207764,3.554006814956665,4.126561641693115
3.5243937969207764,3.554006814956665,4.126561641693115
3.524172306060791,3.55434513092041,4.131258487701416
3.524172306060791,3.55434513092041,4.131258487701416
3.520920515060425,3.5530476570129395,4.136318206787109
3.5193262100219727,3.552276372909546,4.140420913696289
3.5193262100219727,3.552276372909546,4.140420913696289
3.5188918113708496,3.5520904064178467,4.142654895782471
3.5188918113708496,3.5520904064178467,4.142654895782471
3.5190024375915527,3.5518577098846436,4.142870903015137
3.5193047523498535,3.5519826412200928,4.142181396484375
3.5193047523498535,3.5519826412200928,4.142181396484375
3.5207231044769287,3.552647590637207,4.140701770782471
3.5207231044769287,3.552647590637207,4.140701770782471
3.520325183868408,3.552121162414551,4.1417460441589355
3.5188567638397217,3.5515661239624023,4.143501281738281
3.5188567638397217,3.5515661239624023,4.143501281738281
3.517949342727661,3.5514700412750244,4.146462440490723
3.517949342727661,3.5514700412750244,4.146462440490723
3.5163631439208984,3.5504374504089355,4.148666858673096
3.516679525375366,3.550692319869995,4.150360107421875
3.516679525375366,3.550692319869995,4.150360107421875
3.517885684967041,3.5518879890441895,4.15029239654541
3.517885684967041,3.5518879890441895,4.15029239654541
3.518512010574341,3.552196741104126,4.148003101348877
3.517589569091797,3.5515263080596924,4.147876739501953
3.517589569091797,3.5515263080596924,4.147876739501953
3.516242742538452,3.55130934715271,4.151081562042236
3.516242742538452,3.55130934715271,4.151081562042236
3.515202522277832,3.551894187927246,4.154191970825195
3.514700174331665,3.5517940521240234,4.155786514282227
3.514700174331665,3.5517940521240234,4.155786514282227
3.5145843029022217,3.5517311096191406,4.15716028213501
3.5145843029022217,3.5517311096191406,4.15716028213501
3.5139849185943604,3.552311420440674,4.1599578857421875
3.513357162475586,3.5526509284973145,4.164544582366943
3.513357162475586,3.5526509284973145,4.164544582366943
3.5133004188537598,3.552962303161621,4.165223598480225
3.5133004188537598,3.552962303161621,4.165223598480225
3.512855052947998,3.552992582321167,4.164731502532959
3.513880729675293,3.5541765689849854,4.166793346405029
3.513880729675293,3.5541765689849854,4.166793346405029
3.5136547088623047,3.5536305904388428,4.17240047454834
3.5136547088623047,3.5536305904388428,4.17240047454834
3.513254165649414,3.5528178215026855,4.175711154937744
3.512648105621338,3.5526180267333984,4.178994655609131
3.512648105621338,3.5526180267333984,4.178994655609131
3.5134637355804443,3.5530238151550293,4.180517196655273
3.5134637355804443,3.5530238151550293,4.180517196655273
3.515592098236084,3.5535738468170166,4.181150913238525
3.516740083694458,3.5534515380859375,4.182628154754639
3.516740083694458,3.5534515380859375,4.182628154754639
3.51548433303833,3.552645683288574,4.183897018432617
3.51548433303833,3.552645683288574,4.183897018432617
3.514475107192993,3.5526349544525146,4.186061859130859
3.513669013977051,3.552215337753296,4.188842296600342
3.513669013977051,3.552215337753296,4.188842296600342
3.512354612350464,3.551811456680298,4.192337989807129
3.512354612350464,3.551811456680298,4.192337989807129
3.51149320602417,3.551992416381836,4.194314002990723
3.5108249187469482,3.551976203918457,4.195691108703613
3.5108249187469482,3.551976203918457,4.195691108703613
3.5110867023468018,3.552067279815674,4.196147441864014
3.5110867023468018,3.552067279815674,4.196147441864014
3.5104472637176514,3.5518951416015625,4.1975626945495605
3.509509801864624,3.551811456680298,4.200363636016846
3.509509801864624,3.551811456680298,4.200363636016846
3.5075879096984863,3.551058530807495,4.203792095184326
3.5075879096984863,3.551058530807495,4.203792095184326
3.507520914077759,3.5516371726989746,4.20782470703125
3.5073037147521973,3.552386522293091,4.209207057952881
3.5073037147521973,3.552386522293091,4.209207057952881
3.506962776184082,3.552337169647217,4.211097717285156
3.506962776184082,3.552337169647217,4.211097717285156
3.506728410720825,3.5520617961883545,4.2140350341796875
3.506486415863037,3.5522100925445557,4.215701103210449
3.506486415863037,3.5522100925445557,4.215701103210449
3.5070548057556152,3.552778720855713,4.216761589050293
3.5070548057556152,3.552778720855713,4.216761589050293
3.5073792934417725,3.5531439781188965,4.218566417694092
3.5059523582458496,3.5523338317871094,4.221637725830078
3.5059523582458496,3.5523338317871094,4.221637725830078
3.504232883453369,3.5524871349334717,4.22532320022583
3.504232883453369,3.5524871349334717,4.22532320022583
3.504410982131958,3.5528361797332764,4.227481842041016
3.5057647228240967,3.5538671016693115,4.228066444396973
3.5057647228240967,3.5538671016693115,4.228066444396973
3.5080740451812744,3.5557353496551514,4.22824239730835
3.5080740451812744,3.5557353496551514,4.22824239730835
3.508338689804077,3.556535482406616,4.230269908905029
3.5091097354888916,3.556945323944092,4.232978343963623
3.5091097354888916,3.556945323944092,4.232978343963623
3.5094666481018066,3.5570144653320312,4.235535144805908
3.5094666481018066,3.5570144653320312,4.235535144805908
3.50917911529541,3.557277202606201,4.237491607666016
3.5092105865478516,3.5571248531341553,4.238074779510498
3.5092105865478516,3.5571248531341553,4.238074779510498
3.5093019008636475,3.5573229789733887,4.2401018142700195
3.5093019008636475,3.5573229789733887,4.2401018142700195
3.50856351852417,3.5570523738861084,4.244408130645752
3.50726580619812,3.5564677715301514,4.24849271774292
3.50726580619812,3.5564677715301514,4.24849271774292
3.5064895153045654,3.5564675331115723,4.251307964324951
3.5064895153045654,3.5564675331115723,4.251307964324951
3.506011486053467,3.55633544921875,4.2525553703308105
3.505319356918335,3.5558457374572754,4.252703666687012
3.505319356918335,3.5558457374572754,4.252703666687012
3.5050599575042725,3.555846929550171,4.25380802154541
3.5050599575042725,3.555846929550171,4.25380802154541
3.5049374103546143,3.556121826171875,4.257104396820068
3.5050878524780273,3.556556224822998,4.260556697845459
3.5050878524780273,3.556556224822998,4.260556697845459
3.502380132675171,3.554959535598755,4.263419151306152
3.502380132675171,3.554959535598755,4.263419151306152
3.5004491806030273,3.554427146911621,4.266839027404785
3.499620199203491,3.5541374683380127,4.26898193359375
3.499620199203491,3.5541374683380127,4.26898193359375
3.4999303817749023,3.5543689727783203,4.269627094268799
3.4999303817749023,3.5543689727783203,4.269627094268799
3.500845432281494,3.555363655090332,4.271872520446777
3.5002264976501465,3.554888963699341,4.273056507110596
3.5002264976501465,3.554888963699341,4.273056507110596
3.4993538856506348,3.5542430877685547,4.27475643157959
3.4993538856506348,3.5542430877685547,4.27475643157959
3.4978504180908203,3.553703784942627,4.276952266693115
3.4981939792633057,3.5544145107269287,4.279761791229248
3.4981939792633057,3.5544145107269287,4.279761791229248
3.4994113445281982,3.555666923522949,4.280851364135742
3.4994113445281982,3.555666923522949,4.280851364135742
3.4994215965270996,3.5559818744659424,4.280531883239746
3.4990267753601074,3.555600881576538,4.280093669891357
3.4990267753601074,3.555600881576538,4.280093669891357
3.49963116645813,3.55557918548584,4.280358791351318
3.49963116645813,3.55557918548584,4.280358791351318
3.501075029373169,3.556645393371582,4.279510498046875
3.502747058868408,3.5579311847686768,4.280224323272705
3.502747058868408,3.5579311847686768,4.280224323272705
3.5034632682800293,3.5586419105529785,4.282673358917236
3.5034632682800293,3.5586419105529785,4.282673358917236
3.504056930541992,3.559384822845459,4.284006595611572
3.5044376850128174,3.559476137161255,4.285165786743164
3.5044376850128174,3.559476137161255,4.285165786743164
3.504443883895874,3.5583348274230957,4.286836624145508
3.504443883895874,3.5583348274230957,4.286836624145508
3.5044634342193604,3.557813882827759,4.287191390991211
3.5043346881866455,3.5572688579559326,4.288809776306152
3.5043346881866455,3.5572688579559326,4.288809776306152
3.503858804702759,3.556727886199951,4.290548801422119
3.503858804702759,3.556727886199951,4.290548801422119
3.5036566257476807,3.5564587116241455,4.290742874145508
3.502519130706787,3.5555543899536133,4.290773868560791
3.502519130706787,3.5555543899536133,4.290773868560791
3.50209379196167,3.555034875869751,4.290580749511719
3.50209379196167,3.555034875869751,4.290580749511719
3.5013859272003174,3.555410146713257,4.2918219566345215
3.50073504447937,3.5555875301361084,4.2938008308410645
3.50073504447937,3.5555875301361084,4.2938008308410645
3.4994313716888428,3.5551652908325195,4.295494079589844
3.4994313716888428,3.5551652908325195,4.295494079589844
3.498371124267578,3.555192708969116,4.297386169433594
3.4976489543914795,3.554816484451294,4.297142505645752
3.4976489543914795,3.554816484451294,4.297142505645752
3.49847149848938,3.5562047958374023,4.297441482543945
3.49847149848938,3.5562047958374023,4.297441482543945
3.499298334121704,3.5573019981384277,4.298008441925049
3.4978504180908203,3.5568642616271973,4.299480438232422
3.4978504180908203,3.5568642616271973,4.299480438232422
3.496609926223755,3.556694269180298,4.301192283630371
3.496609926223755,3.556694269180298,4.301192283630371
3.4972987174987793,3.5576908588409424,4.302448749542236
3.4976885318756104,3.5578856468200684,4.303218841552734
3.4976885318756104,3.5578856468200684,4.303218841552734
3.497878074645996,3.558171510696411,4.302449703216553
3.497878074645996,3.558171510696411,4.302449703216553
3.497466564178467,3.5582215785980225,4.304014682769775
3.49721097946167,3.558361530303955,4.3062357902526855
3.49721097946167,3.558361530303955,4.3062357902526855
3.4970083236694336,3.5587148666381836,4.308960437774658
3.4970083236694336,3.5587148666381836,4.308960437774658
3.4962244033813477,3.5589325428009033,4.312119007110596
3.4954240322113037,3.5587799549102783,4.313958168029785
3.4954240322113037,3.5587799549102783,4.313958168029785
3.4942853450775146,3.558253049850464,4.317011833190918
3.4942853450775146,3.558253049850464,4.317011833190918
3.4934585094451904,3.5578033924102783,4.321066856384277
3.4931933879852295,3.558012008666992,4.323955059051514
3.4931933879852295,3.558012008666992,4.323955059051514
3.492931365966797,3.5585122108459473,4.326704978942871
3.492931365966797,3.5585122108459473,4.326704978942871
3.4922335147857666,3.558431625366211,4.3313775062561035
3.491870641708374,3.558321475982666,4.336081504821777
3.491870641708374,3.558321475982666,4.336081504821777
3.4928109645843506,3.558891534805298,4.339907646179199
3.4928109645843506,3.558891534805298,4.339907646179199
3.4941084384918213,3.5596249103546143,4.340757846832275
3.4967405796051025,3.560580015182495,4.337851524353027
3.4967405796051025,3.560580015182495,4.337851524353027
3.4982717037200928,3.560882091522217,4.335506439208984
3.4982717037200928,3.560882091522217,4.335506439208984
3.498918294906616,3.56083345413208,4.336554527282715
3.4996297359466553,3.560147523880005,4.337716102600098
3.4996297359466553,3.560147523880005,4.337716102600098
3.5007450580596924,3.5595147609710693,4.338598251342773
3.5007450580596924,3.5595147609710693,4.338598251342773
3.5001747608184814,3.559298038482666,4.339852809906006
3.499048948287964,3.5586202144622803,4.3404927253723145
3.499048948287964,3.5586202144622803,4.3404927253723145
3.4980862140655518,3.5581228733062744,4.341915130615234
3.4980862140655518,3.5581228733062744,4.341915130615234
3.497305393218994,3.558131456375122,4.3442182540893555
3.4957468509674072,3.5573887825012207,4.347316265106201
3.4957468509674072,3.5573887825012207,4.347316265106201
3.4945948123931885,3.5566117763519287,4.347787380218506
3.4945948123931885,3.5566117763519287,4.347787380218506
3.4938554763793945,3.5570454597473145,4.352413177490234
3.493295669555664,3.5568106174468994,4.358219146728516
3.493295669555664,3.5568106174468994,4.358219146728516
3.4919240474700928,3.5559725761413574,4.3634257316589355
3.4919240474700928,3.5559725761413574,4.3634257316589355
3.491753101348877,3.555711030960083,4.36528205871582
3.491753101348877,3.555711030960083,4.36528205871582
3.491894006729126,3.556541681289673,4.366218090057373
3.4925856590270996,3.5577661991119385,4.367737770080566
3.4925856590270996,3.5577661991119385,4.367737770080566
3.493602752685547,3.5592589378356934,4.37031364440918
3.493602752685547,3.5592589378356934,4.37031364440918
3.493565559387207,3.559785842895508,4.371611595153809
3.493565559387207,3.559785842895508,4.371611595153809
3.4928410053253174,3.559722423553467,4.374153137207031
3.492706298828125,3.559321880340576,4.375854969024658
3.492706298828125,3.559321880340576,4.375854969024658
3.492523670196533,3.558871030807495,4.377514362335205
3.493612766265869,3.558926582336426,4.3786444664001465
3.493612766265869,3.558926582336426,4.3786444664001465
3.4948318004608154,3.55891489982605,4.378398418426514
3.4948318004608154,3.55891489982605,4.378398418426514
3.4953880310058594,3.558638334274292,4.378938674926758
3.4948623180389404,3.5580053329467773,4.37929630279541
3.4948623180389404,3.5580053329467773,4.37929630279541
3.4949448108673096,3.55785870552063,4.380802631378174
3.4949448108673096,3.55785870552063,4.380802631378174
3.495290517807007,3.5581769943237305,4.382979393005371
3.4954488277435303,3.558361768722534,4.383131980895996
3.4954488277435303,3.558361768722534,4.383131980895996
3.494351863861084,3.557783603668213,4.382633209228516
3.494351863861084,3.557783603668213,4.382633209228516
3.4923672676086426,3.557021141052246,4.3841657638549805
3.4920833110809326,3.557445526123047,4.386149883270264
3.4920833110809326,3.557445526123047,4.386149883270264
3.492432117462158,3.558134078979492,4.3879804611206055
3.492432117462158,3.558134078979492,4.3879804611206055
3.4920477867126465,3.557565212249756,4.3885602951049805
3.4922757148742676,3.556896209716797,4.391269207000732
3.4922757148742676,3.556896209716797,4.391269207000732
3.492921829223633,3.5571200847625732,4.394184112548828
3.492921829223633,3.5571200847625732,4.394184112548828
3.4928677082061768,3.5569686889648438,4.397712707519531
3.4927942752838135,3.5571742057800293,4.399620056152344
3.4927942752838135,3.5571742057800293,4.399620056152344
3.492875099182129,3.557558298110962,4.400273323059082
3.492875099182129,3.557558298110962,4.400273323059082
3.492521047592163,3.5572762489318848,4.401163101196289
3.492521047592163,3.5572762489318848,4.401163101196289
3.4906721115112305,3.5568981170654297,4.402703762054443
3.490061044692993,3.5573017597198486,4.406451225280762
3.490061044692993,3.5573017597198486,4.406451225280762
3.4898617267608643,3.5573794841766357,4.408283710479736
3.4898617267608643,3.5573794841766357,4.408283710479736
3.491406202316284,3.558271646499634,4.409186840057373
3.491976022720337,3.558502197265625,4.411672115325928
3.491976022720337,3.558502197265625,4.411672115325928
3.4917726516723633,3.55826997756958,4.414582252502441
3.4922666549682617,3.558161735534668,4.41519021987915
3.4922666549682617,3.558161735534668,4.41519021987915
3.49082088470459,3.5574326515197754,4.4159722328186035
3.49082088470459,3.5574326515197754,4.4159722328186035
3.4895596504211426,3.5568816661834717,4.41616678237915
3.4895596504211426,3.5568816661834717,4.41616678237915
3.4891483783721924,3.5566062927246094,4.416889190673828
3.489706039428711,3.5565896034240723,4.41732120513916
3.489706039428711,3.5565896034240723,4.41732120513916
3.490370988845825,3.5563817024230957,4.418547630310059
3.490370988845825,3.5563817024230957,4.418547630310059
3.489966630935669,3.556020498275757,4.420045375823975
3.4898056983947754,3.5553996562957764,4.421783447265625
3.4898056983947754,3.5553996562957764,4.421783447265625
3.48848557472229,3.554720640182495,4.424417495727539
3.4878804683685303,3.5549709796905518,4.427890777587891
3.4878804683685303,3.5549709796905518,4.427890777587891
3.488356828689575,3.555960178375244,4.429306507110596
3.488356828689575,3.555960178375244,4.429306507110596
3.487128734588623,3.555779218673706,4.428020477294922
3.486555337905884,3.555938720703125,4.427551746368408
3.486555337905884,3.555938720703125,4.427551746368408
3.486396312713623,3.556293487548828,4.427310943603516
3.486396312713623,3.556293487548828,4.427310943603516
3.4859657287597656,3.556516647338867,4.428694725036621
3.4851977825164795,3.5560522079467773,4.429502487182617
3.4851977825164795,3.5560522079467773,4.429502487182617
3.4844589233398438,3.5555427074432373,4.4310832023620605
3.4844589233398438,3.5555427074432373,4.4310832023620605
3.484060049057007,3.5551815032958984,4.434279441833496
3.484060049057007,3.5551815032958984,4.434279441833496
3.4839274883270264,3.5550529956817627,4.44120979309082
3.4817707538604736,3.5536398887634277,4.446211338043213
3.4817707538604736,3.5536398887634277,4.446211338043213
3.480228900909424,3.552729606628418,4.448748588562012
3.4797394275665283,3.5525150299072266,4.449888229370117
3.4797394275665283,3.5525150299072266,4.449888229370117
3.4795267581939697,3.5525715351104736,4.4514617919921875
3.4795267581939697,3.5525715351104736,4.4514617919921875
3.4796252250671387,3.552985906600952,4.4523844718933105
3.4796252250671387,3.552985906600952,4.4523844718933105
3.4801993370056152,3.5539028644561768,4.45100736618042
3.4795970916748047,3.553474187850952,4.449486255645752
3.4795970916748047,3.553474187850952,4.449486255645752
3.4784364700317383,3.5525805950164795,4.451662063598633
3.4783284664154053,3.5523078441619873,4.4537739753723145
3.4783284664154053,3.5523078441619873,4.4537739753723145
3.4782094955444336,3.552184820175171,4.457520484924316
3.4782094955444336,3.552184820175171,4.457520484924316
3.477262258529663,3.5514936447143555,4.461590766906738
3.477262258529663,3.5514936447143555,4.461590766906738
3.476397752761841,3.5500800609588623,4.465521335601807
3.4770567417144775,3.5493695735931396,4.468730926513672
3.4770567417144775,3.5493695735931396,4.468730926513672
3.478393077850342,3.5493528842926025,4.4689812660217285
3.4790875911712646,3.549649715423584,4.469568729400635
3.4790875911712646,3.549649715423584,4.469568729400635
3.4791672229766846,3.5494203567504883,4.469535827636719
3.4791672229766846,3.5494203567504883,4.469535827636719
3.4790406227111816,3.549220323562622,4.470755577087402
3.479565143585205,3.5493228435516357,4.472580432891846
3.479565143585205,3.5493228435516357,4.472580432891846
3.4787957668304443,3.54907488822937,4.474373817443848
3.4787957668304443,3.54907488822937,4.474373817443848
3.4790475368499756,3.550168752670288,4.4772491455078125
3.4792184829711914,3.550973653793335,4.4795002937316895
3.4792184829711914,3.550973653793335,4.4795002937316895
3.47855544090271,3.551002264022827,4.48206090927124
3.47855544090271,3.551002264022827,4.48206090927124
3.4781649112701416,3.5512733459472656,4.483219623565674
3.4781649112701416,3.5512733459472656,4.483219623565674
3.4780683517456055,3.55180287361145,4.484312534332275
3.477855682373047,3.5515904426574707,4.486127853393555
3.477855682373047,3.5515904426574707,4.486127853393555
3.476194381713867,3.5506680011749268,4.491305351257324
3.4755258560180664,3.550720691680908,4.497859001159668
3.4755258560180664,3.550720691680908,4.497859001159668
3.4748928546905518,3.5505709648132324,4.499871253967285
3.4748928546905518,3.5505709648132324,4.499871253967285
3.4739229679107666,3.5502936840057373,4.501143932342529
3.4739229679107666,3.5502936840057373,4.501143932342529
3.4744186401367188,3.551257848739624,4.500755786895752
3.474954843521118,3.5517892837524414,4.500826358795166
3.474954843521118,3.5517892837524414,4.500826358795166
3.475173234939575,3.5521814823150635,4.5012922286987305
3.475173234939575,3.5521814823150635,4.5012922286987305
3.4741549491882324,3.5523040294647217,4.503651142120361
3.4734015464782715,3.552400827407837,4.5052170753479
3.4734015464782715,3.552400827407837,4.5052170753479
3.473097085952759,3.552105665206909,4.505181789398193
3.473097085952759,3.552105665206909,4.505181789398193
3.472740888595581,3.5517818927764893,4.5064778327941895
3.47286057472229,3.551539182662964,4.507901668548584
3.47286057472229,3.551539182662964,4.507901668548584
3.4733331203460693,3.5510377883911133,4.509669780731201
3.4733331203460693,3.5510377883911133,4.509669780731201
3.473121166229248,3.5507049560546875,4.510209083557129
3.473365545272827,3.550673484802246,4.508612155914307
3.473365545272827,3.550673484802246,4.508612155914307
3.473630905151367,3.550563097000122,4.507822036743164
3.474167823791504,3.549774169921875,4.508578777313232
3.474167823791504,3.549774169921875,4.508578777313232
3.4738099575042725,3.5493736267089844,4.510108470916748
3.4738099575042725,3.5493736267089844,4.510108470916748
3.473755121231079,3.548884868621826,4.510593414306641
3.473755121231079,3.548884868621826,4.510593414306641
3.474487781524658,3.548383951187134,4.511430740356445
3.475985050201416,3.5484261512756348,4.5128302574157715
3.475985050201416,3.5484261512756348,4.5128302574157715
3.4772884845733643,3.548043966293335,4.5147247314453125
3.4772884845733643,3.548043966293335,4.5147247314453125
3.476912498474121,3.546438455581665,4.5167622566223145
3.4751250743865967,3.545072078704834,4.518811225891113
3.4751250743865967,3.545072078704834,4.518811225891113
3.474583148956299,3.5439183712005615,4.520021915435791
3.4730896949768066,3.543281078338623,4.519894123077393
3.4730896949768066,3.543281078338623,4.519894123077393
3.4711592197418213,3.5423734188079834,4.52013635635376
3.4711592197418213,3.5423734188079834,4.52013635635376
3.4697141647338867,3.5418143272399902,4.521762847900391
3.4689226150512695,3.541764259338379,4.523504734039307
3.4689226150512695,3.541764259338379,4.523504734039307
3.468414545059204,3.54168438911438,4.523079872131348
3.468414545059204,3.54168438911438,4.523079872131348
3.467587471008301,3.5415303707122803,4.523664474487305
3.467587471008301,3.5415303707122803,4.523664474487305
3.467071771621704,3.5411648750305176,4.526406288146973
3.4673640727996826,3.541346549987793,4.52805757522583
3.4673640727996826,3.541346549987793,4.52805757522583
3.467682361602783,3.541837453842163,4.529010772705078
3.46675705909729,3.541566848754883,4.530080318450928
3.46675705909729,3.541566848754883,4.530080318450928
3.465470790863037,3.540705442428589,4.536126136779785
3.465470790863037,3.540705442428589,4.536126136779785
3.464571475982666,3.5407419204711914,4.538931369781494
3.464571475982666,3.5407419204711914,4.538931369781494
3.464749336242676,3.5413599014282227,4.539695739746094
3.4649386405944824,3.5420637130737305,4.538781642913818
3.4649386405944824,3.5420637130737305,4.538781642913818
3.4642446041107178,3.5419368743896484,4.540326118469238
3.4642446041107178,3.5419368743896484,4.540326118469238
3.4629313945770264,3.541185140609741,4.54642915725708
3.4629151821136475,3.5406041145324707,4.553879737854004
3.4629151821136475,3.5406041145324707,4.553879737854004
3.4619243144989014,3.53924822807312,4.562105655670166
3.4602608680725098,3.5381362438201904,4.566824436187744
3.4602608680725098,3.5381362438201904,4.566824436187744
3.45943284034729,3.53804612159729,4.567141056060791
3.45943284034729,3.53804612159729,4.567141056060791
3.459841251373291,3.539038896560669,4.566309928894043
3.4615421295166016,3.540872097015381,4.5671186447143555
3.4615421295166016,3.540872097015381,4.5671186447143555
3.461538076400757,3.5405819416046143,4.56765079498291
3.461538076400757,3.5405819416046143,4.56765079498291
3.4604930877685547,3.540546178817749,4.5682525634765625
3.4604930877685547,3.540546178817749,4.5682525634765625
3.4595627784729004,3.5406486988067627,4.567838668823242
3.4598991870880127,3.5412912368774414,4.569611549377441
3.4598991870880127,3.5412912368774414,4.569611549377441
3.460787773132324,3.5414481163024902,4.571554183959961
3.462177276611328,3.5414655208587646,4.5723958015441895
3.462177276611328,3.5414655208587646,4.5723958015441895
3.463095188140869,3.5412774085998535,4.57340669631958
3.463095188140869,3.5412774085998535,4.57340669631958
3.462642192840576,3.54089617729187,4.577323913574219
3.462642192840576,3.54089617729187,4.577323913574219
3.462580442428589,3.5405869483947754,4.585634231567383
3.4616432189941406,3.540008068084717,4.590785026550293
3.4616432189941406,3.540008068084717,4.590785026550293
3.4609527587890625,3.539950132369995,4.588802337646484
3.460264205932617,3.540322780609131,4.588451862335205
3.460264205932617,3.540322780609131,4.588451862335205
3.461327314376831,3.5416061878204346,4.589662551879883
3.461327314376831,3.5416061878204346,4.589662551879883
3.461444139480591,3.541902780532837,4.592963695526123
3.459953784942627,3.541065216064453,4.596275806427002
3.459953784942627,3.541065216064453,4.596275806427002
3.4592196941375732,3.5408737659454346,4.597886562347412
3.4592196941375732,3.5408737659454346,4.597886562347412
3.4599008560180664,3.5419299602508545,4.600778102874756
3.4599008560180664,3.5419299602508545,4.600778102874756
3.4592885971069336,3.5418429374694824,4.603433132171631
3.459052085876465,3.541792154312134,4.605895042419434
3.459052085876465,3.541792154312134,4.605895042419434
3.4586710929870605,3.541222333908081,4.6074323654174805
3.458024740219116,3.5406031608581543,4.609779357910156
3.458024740219116,3.5406031608581543,4.609779357910156
3.459247589111328,3.5411651134490967,4.613908290863037
3.459247589111328,3.5411651134490967,4.613908290863037
3.4603147506713867,3.541433095932007,4.6164751052856445
3.4604198932647705,3.5401954650878906,4.616756439208984
3.4604198932647705,3.5401954650878906,4.616756439208984
3.461597204208374,3.539875030517578,4.616843223571777
3.461597204208374,3.539875030517578,4.616843223571777
3.4622230529785156,3.53974986076355,4.617640972137451
3.4628851413726807,3.5402674674987793,4.6177544593811035
3.4628851413726807,3.5402674674987793,4.6177544593811035
3.4631290435791016,3.5403244495391846,4.617853164672852
3.4631290435791016,3.5403244495391846,4.617853164672852
3.4630959033966064,3.540048599243164,4.618813991546631
3.461911678314209,3.5393195152282715,4.620959758758545
3.461911678314209,3.5393195152282715,4.620959758758545
3.460838556289673,3.5386130809783936,4.621499538421631
3.460838556289673,3.5386130809783936,4.621499538421631
3.460392951965332,3.5386123657226562,4.621683597564697
3.460392951965332,3.5386123657226562,4.621683597564697
3.4598984718322754,3.538555145263672,4.620869159698486
3.4579858779907227,3.537492275238037,4.6203932762146
3.4579858779907227,3.537492275238037,4.6203932762146
3.456329107284546,3.536389112472534,4.624948024749756
3.454866886138916,3.5352611541748047,4.6292901039123535
3.454866886138916,3.5352611541748047,4.6292901039123535
3.4541196823120117,3.5340120792388916,4.631244659423828
3.4541196823120117,3.5340120792388916,4.631244659423828
3.4541444778442383,3.53344464302063,4.631584167480469
3.4541444778442383,3.53344464302063,4.631584167480469
3.453423023223877,3.5328426361083984,4.631771564483643
3.453373908996582,3.532318115234375,4.633430004119873
3.453373908996582,3.532318115234375,4.633430004119873
3.4547789096832275,3.5321874618530273,4.6349778175354
3.4568309783935547,3.5330421924591064,4.6401238441467285
3.4568309783935547,3.5330421924591064,4.6401238441467285
3.4548375606536865,3.5320305824279785,4.643936634063721
3.4548375606536865,3.5320305824279785,4.643936634063721
3.452085494995117,3.531104803085327,4.647358417510986
3.452085494995117,3.531104803085327,4.647358417510986
3.4503097534179688,3.5301358699798584,4.64963436126709
3.4491944313049316,3.529230833053589,4.652905464172363
3.4491944313049316,3.529230833053589,4.652905464172363
3.449035406112671,3.5289740562438965,4.65487813949585
3.4484336376190186,3.528557062149048,4.656991958618164
3.4484336376190186,3.528557062149048,4.656991958618164
3.448336124420166,3.528629779815674,4.6580891609191895
3.448336124420166,3.528629779815674,4.6580891609191895
3.4491000175476074,3.5294108390808105,4.659019947052002
3.4493825435638428,3.5297958850860596,4.660776138305664
3.4493825435638428,3.5297958850860596,4.660776138305664
3.4483654499053955,3.529283046722412,4.6635966300964355
3.4483654499053955,3.529283046722412,4.6635966300964355
3.4471077919006348,3.528242588043213,4.665751934051514
3.4471077919006348,3.528242588043213,4.665751934051514
3.448186159133911,3.529066324234009,4.669182300567627
3.4488470554351807,3.5289440155029297,4.672811508178711
3.4488470554351807,3.5289440155029297,4.672811508178711
3.4478511810302734,3.5282773971557617,4.6781768798828125
3.4478511810302734,3.5282773971557617,4.6781768798828125
3.4470090866088867,3.5276639461517334,4.684488296508789
3.447068452835083,3.5274860858917236,4.6903605461120605
3.447068452835083,3.5274860858917236,4.6903605461120605
3.447643995285034,3.5274574756622314,4.697188377380371
3.4458987712860107,3.525883197784424,4.700442790985107
3.4458987712860107,3.525883197784424,4.700442790985107
3.4447762966156006,3.524557590484619,4.706742763519287
3.4447762966156006,3.524557590484619,4.706742763519287
3.4443776607513428,3.5239386558532715,4.709404945373535
3.4443776607513428,3.5239386558532715,4.709404945373535
3.4442713260650635,3.524096965789795,4.713046550750732
3.443647623062134,3.523277997970581,4.717579364776611
3.443647623062134,3.523277997970581,4.717579364776611
3.443354845046997,3.5223262310028076,4.724748611450195
3.4429287910461426,3.521195411682129,4.730499267578125
3.4429287910461426,3.521195411682129,4.730499267578125
3.4436423778533936,3.520810127258301,4.7356486320495605
3.4436423778533936,3.520810127258301,4.7356486320495605
3.4437854290008545,3.5205440521240234,4.738924026489258
3.4437737464904785,3.519947052001953,4.7429351806640625
3.4437737464904785,3.519947052001953,4.7429351806640625
3.4432315826416016,3.519583225250244,4.745643615722656
3.4432315826416016,3.519583225250244,4.745643615722656
3.4428820610046387,3.519669771194458,4.74864387512207
3.443206548690796,3.520280361175537,4.750019550323486
3.443206548690796,3.520280361175537,4.750019550323486
3.4435696601867676,3.5212910175323486,4.749040126800537
3.4435696601867676,3.5212910175323486,4.749040126800537
3.443800210952759,3.5214462280273438,4.749088287353516
3.4431068897247314,3.5210177898406982,4.7525105476379395
3.4431068897247314,3.5210177898406982,4.7525105476379395
3.4421334266662598,3.5202934741973877,4.758001804351807
3.4421334266662598,3.5202934741973877,4.758001804351807
3.440835952758789,3.519247531890869,4.762176990509033
3.439924478530884,3.518336534500122,4.763338088989258
3.439924478530884,3.518336534500122,4.763338088989258
3.4404568672180176,3.518362522125244,4.763272285461426
3.4404568672180176,3.518362522125244,4.763272285461426
3.441668748855591,3.518805742263794,4.763271331787109
3.443131446838379,3.5195186138153076,4.763622283935547
3.443131446838379,3.5195186138153076,4.763622283935547
3.4436440467834473,3.5195813179016113,4.765450954437256
3.4436440467834473,3.5195813179016113,4.765450954437256
3.443932294845581,3.5193426609039307,4.767601013183594
3.4440150260925293,3.518848419189453,4.770718097686768
3.4440150260925293,3.518848419189453,4.770718097686768
3.4439356327056885,3.5184214115142822,4.771541118621826
3.4439356327056885,3.5184214115142822,4.771541118621826
3.4445912837982178,3.5186092853546143,4.774632453918457
3.4445912837982178,3.5186092853546143,4.774632453918457
3.4445817470550537,3.5188651084899902,4.775285720825195
3.4429802894592285,3.5181071758270264,4.774365425109863
3.4429802894592285,3.5181071758270264,4.774365425109863
3.441523313522339,3.5174612998962402,4.775178909301758
3.4414143562316895,3.5181667804718018,4.776268005371094
3.4414143562316895,3.5181667804718018,4.776268005371094
3.4414408206939697,3.5181210041046143,4.778177738189697
3.4414408206939697,3.5181210041046143,4.778177738189697
3.4410910606384277,3.517214298248291,4.780588150024414
3.44073224067688,3.516357660293579,4.784858226776123
3.44073224067688,3.516357660293579,4.784858226776123
3.4406991004943848,3.5159687995910645,4.787115573883057
3.4406991004943848,3.5159687995910645,4.787115573883057
3.440462350845337,3.515622138977051,4.7889862060546875
3.4410836696624756,3.516148567199707,4.790838718414307
3.4410836696624756,3.516148567199707,4.790838718414307
3.44065260887146,3.5161292552948,4.79169225692749
3.44065260887146,3.5161292552948,4.79169225692749
3.440066337585449,3.5158450603485107,4.791561603546143
3.440176248550415,3.516319751739502,4.792937755584717
3.440176248550415,3.516319751739502,4.792937755584717
3.4402875900268555,3.516369581222534,4.795938968658447
3.4402875900268555,3.516369581222534,4.795938968658447
3.440511465072632,3.5161375999450684,4.7987060546875
3.4400150775909424,3.5158982276916504,4.798708438873291
3.4400150775909424,3.5158982276916504,4.798708438873291
3.439349412918091,3.5154178142547607,4.798610210418701
3.439349412918091,3.5154178142547607,4.798610210418701
3.4384591579437256,3.514600992202759,4.8001275062561035
3.4383761882781982,3.5146172046661377,4.803573131561279
3.4383761882781982,3.5146172046661377,4.803573131561279
3.437802791595459,3.5140748023986816,4.805624961853027
3.437802791595459,3.5140748023986816,4.805624961853027
3.436814546585083,3.5129001140594482,4.807098388671875
3.4364266395568848,3.5126187801361084,4.806662082672119
3.4364266395568848,3.5126187801361084,4.806662082672119
3.4363420009613037,3.512174606323242,4.807451248168945
3.4363420009613037,3.512174606323242,4.807451248168945
3.4362547397613525,3.5116682052612305,4.807836055755615
3.4361884593963623,3.510979413986206,4.8088154792785645
3.4361884593963623,3.510979413986206,4.8088154792785645
3.436131238937378,3.510409355163574,4.810276985168457
3.436131238937378,3.510409355163574,4.810276985168457
3.435584545135498,3.509488582611084,4.815083026885986
3.4346964359283447,3.508072853088379,4.820559501647949
3.4346964359283447,3.508072853088379,4.820559501647949
3.433082103729248,3.507009267807007,4.823719024658203
3.433082103729248,3.507009267807007,4.823719024658203
3.431896448135376,3.5067195892333984,4.825232982635498
3.432589292526245,3.5064830780029297,4.827882289886475
3.432589292526245,3.5064830780029297,4.827882289886475
3.4328505992889404,3.5062925815582275,4.829701900482178
3.4328505992889404,3.5062925815582275,4.829701900482178
3.4311444759368896,3.504318952560425,4.8339080810546875
3.429720401763916,3.502419948577881,4.841977596282959
3.429720401763916,3.502419948577881,4.841977596282959
3.4281251430511475,3.500617027282715,4.848169803619385
3.4281251430511475,3.500617027282715,4.848169803619385
3.425807476043701,3.498422861099243,4.853683948516846
3.4253032207489014,3.498080015182495,4.855584621429443
3.4253032207489014,3.498080015182495,4.855584621429443
3.425626516342163,3.498673677444458,4.854085445404053
3.425626516342163,3.498673677444458,4.854085445404053
3.426734685897827,3.499971866607666,4.851971626281738
3.428586721420288,3.5008578300476074,4.851479530334473
3.428586721420288,3.5008578300476074,4.851479530334473
3.4287803173065186,3.5006775856018066,4.851663112640381
3.4287803173065186,3.5006775856018066,4.851663112640381
3.4284565448760986,3.499997138977051,4.854279518127441
3.428821086883545,3.499760627746582,4.855288982391357
3.428821086883545,3.499760627746582,4.855288982391357
3.429417848587036,3.4996418952941895,4.856032371520996
3.429417848587036,3.4996418952941895,4.856032371520996
3.430352210998535,3.4996190071105957,4.85578727722168
3.43060302734375,3.499552011489868,4.855194091796875
3.43060302734375,3.499552011489868,4.855194091796875
3.4301092624664307,3.499032735824585,4.857725143432617
3.4301092624664307,3.499032735824585,4.857725143432617
3.4297025203704834,3.4976344108581543,4.865224361419678
3.429297685623169,3.496588706970215,4.871551513671875
3.429297685623169,3.496588706970215,4.871551513671875
3.4280447959899902,3.495105028152466,4.875196933746338
3.4280447959899902,3.495105028152466,4.875196933746338
3.4270944595336914,3.494086503982544,4.876279830932617
3.4271016120910645,3.493936538696289,4.880707740783691
3.4271016120910645,3.493936538696289,4.880707740783691
3.4267258644104004,3.4935085773468018,4.886395454406738
3.4267258644104004,3.4935085773468018,4.886395454406738
3.426189422607422,3.492807388305664,4.890153408050537
3.4256975650787354,3.492769479751587,4.893187522888184
3.4256975650787354,3.492769479751587,4.893187522888184
3.4248969554901123,3.492266893386841,4.896251201629639
3.4248969554901123,3.492266893386841,4.896251201629639
3.423840284347534,3.491457462310791,4.900823593139648
3.423794984817505,3.4918017387390137,4.905397891998291
3.423794984817505,3.4918017387390137,4.905397891998291
3.424170732498169,3.4920661449432373,4.908815383911133
3.424170732498169,3.4920661449432373,4.908815383911133
3.424118757247925,3.4911646842956543,4.912883281707764
3.4245975017547607,3.490525484085083,4.9177069664001465
3.4245975017547607,3.490525484085083,4.9177069664001465
3.424924373626709,3.489881753921509,4.921931743621826
3.424924373626709,3.489881753921509,4.921931743621826
3.425832748413086,3.4902021884918213,4.923058986663818
3.4260759353637695,3.4904074668884277,4.921564102172852
3.4260759353637695,3.4904074668884277,4.921564102172852
3.42590594291687,3.4907891750335693,4.9204020500183105
3.42590594291687,3.4907891750335693,4.9204020500183105
3.426389217376709,3.490896224975586,4.921273708343506
3.426513671875,3.49090576171875,4.922393321990967
3.426513671875,3.49090576171875,4.922393321990967
3.4256608486175537,3.490109443664551,4.923213481903076
3.4256608486175537,3.490109443664551,4.923213481903076
3.4254488945007324,3.4896023273468018,4.924757480621338
3.4254488945007324,3.4896023273468018,4.924757480621338
3.42423415184021,3.489403247833252,4.924901008605957
3.4234402179718018,3.4891886711120605,4.925595283508301
3.4234402179718018,3.4891886711120605,4.925595283508301
3.423743724822998,3.489783763885498,4.927692890167236
3.4226434230804443,3.4894394874572754,4.9273505210876465
3.4226434230804443,3.4894394874572754,4.9273505210876465
3.4211015701293945,3.4885571002960205,4.926811695098877
3.4211015701293945,3.4885571002960205,4.926811695098877
3.4206948280334473,3.487928867340088,4.929811000823975
3.420316696166992,3.487736225128174,4.932684421539307
3.420316696166992,3.487736225128174,4.932684421539307
3.419649362564087,3.487391948699951,4.935222148895264
3.419649362564087,3.487391948699951,4.935222148895264
3.420539379119873,3.4872524738311768,4.937248706817627
3.421135425567627,3.4871628284454346,4.938904285430908
3.421135425567627,3.4871628284454346,4.938904285430908
3.421679735183716,3.487107276916504,4.940254211425781
3.421679735183716,3.487107276916504,4.940254211425781
3.422534465789795,3.48722505569458,4.942322731018066
3.422534465789795,3.48722505569458,4.942322731018066
3.423206090927124,3.4876272678375244,4.943587779998779
3.4233241081237793,3.4880335330963135,4.94367790222168
3.4233241081237793,3.4880335330963135,4.94367790222168
3.4226467609405518,3.48807954788208,4.944820880889893
3.4226012229919434,3.4879150390625,4.946669101715088
3.4226012229919434,3.4879150390625,4.946669101715088
3.4236080646514893,3.48846435546875,4.948623180389404
3.4236080646514893,3.48846435546875,4.948623180389404
3.4235987663269043,3.4884815216064453,4.94749641418457
3.4235987663269043,3.4884815216064453,4.94749641418457
3.423220634460449,3.487974166870117,4.9462995529174805
3.4235646724700928,3.4863979816436768,4.949760437011719
3.4235646724700928,3.4863979816436768,4.949760437011719
3.4235384464263916,3.4850013256073,4.95346736907959
3.422257661819458,3.4831831455230713,4.95923376083374
3.422257661819458,3.4831831455230713,4.95923376083374
3.420994758605957,3.4814260005950928,4.964775562286377
3.420994758605957,3.4814260005950928,4.964775562286377
3.419827461242676,3.4799959659576416,4.9678955078125
3.4193854331970215,3.4792909622192383,4.967680931091309
3.4193854331970215,3.4792909622192383,4.967680931091309
3.418788433074951,3.4792542457580566,4.967123508453369
3.418788433074951,3.4792542457580566,4.967123508453369
3.4181244373321533,3.478616714477539,4.969226360321045
3.416433572769165,3.477020740509033,4.972831726074219
3.416433572769165,3.477020740509033,4.972831726074219
3.4150471687316895,3.475890636444092,4.975565433502197
3.4150471687316895,3.475890636444092,4.975565433502197
3.414764881134033,3.4752540588378906,4.980660915374756
3.415321111679077,3.474681854248047,4.9852447509765625
3.415321111679077,3.474681854248047,4.9852447509765625
3.414027452468872,3.473663330078125,4.986910343170166
3.414027452468872,3.473663330078125,4.986910343170166
3.4137651920318604,3.4739627838134766,4.987871170043945
3.4143567085266113,3.4743006229400635,4.9909443855285645
3.4143567085266113,3.4743006229400635,4.9909443855285645
3.414825677871704,3.4741079807281494,4.996078014373779
3.414825677871704,3.4741079807281494,4.996078014373779
3.4142227172851562,3.472961664199829,5.001488208770752
3.4130709171295166,3.4721016883850098,5.004339218139648
3.4130709171295166,3.4721016883850098,5.004339218139648
3.4120826721191406,3.4711625576019287,5.005051612854004
3.4120826721191406,3.4711625576019287,5.005051612854004
3.411628007888794,3.4708759784698486,5.0059123039245605
3.41186261177063,3.471072196960449,5.008067607879639
3.41186261177063,3.471072196960449,5.008067607879639
3.4108364582061768,3.46997332572937,5.00919771194458
3.4108364582061768,3.46997332572937,5.00919771194458
3.409834861755371,3.4689395427703857,5.010042667388916
3.4113247394561768,3.470089912414551,5.010462760925293
3.4113247394561768,3.470089912414551,5.010462760925293
3.412726879119873,3.470482110977173,5.0110673904418945
3.412726879119873,3.470482110977173,5.0110673904418945
3.4138236045837402,3.4708316326141357,5.010943412780762
3.4146547317504883,3.47091007232666,5.011610507965088
3.4146547317504883,3.47091007232666,5.011610507965088
3.41606068611145,3.471341848373413,5.0134453773498535
3.41606068611145,3.471341848373413,5.0134453773498535
3.4167349338531494,3.471100330352783,5.015273094177246
3.41762375831604,3.470637559890747,5.018621444702148
3.41762375831604,3.470637559890747,5.018621444702148
3.4187254905700684,3.471052885055542,5.021389007568359
3.4187254905700684,3.471052885055542,5.021389007568359
3.419172525405884,3.4705655574798584,5.024080276489258
3.419654369354248,3.470679759979248,5.025904178619385
3.419654369354248,3.470679759979248,5.025904178619385
3.4204418659210205,3.471207618713379,5.027552604675293
3.4204418659210205,3.471207618713379,5.027552604675293
3.420822858810425,3.471404790878296,5.029910087585449
3.4205267429351807,3.4704015254974365,5.033626556396484
3.4205267429351807,3.4704015254974365,5.033626556396484
3.4199280738830566,3.4697787761688232,5.039347171783447
3.4199280738830566,3.4697787761688232,5.039347171783447
3.4201200008392334,3.4690101146698,5.046061038970947
3.42069411277771,3.468794822692871,5.05063009262085
3.42069411277771,3.468794822692871,5.05063009262085
3.419954776763916,3.4674434661865234,5.055357456207275
3.419954776763916,3.4674434661865234,5.055357456207275
3.4194440841674805,3.4663777351379395,5.06087064743042
3.419490337371826,3.466459274291992,5.063576698303223
3.419490337371826,3.466459274291992,5.063576698303223
3.4200985431671143,3.4676334857940674,5.060877323150635
3.4200985431671143,3.4676334857940674,5.060877323150635
3.42095947265625,3.4699020385742188,5.056807994842529
3.42181134223938,3.4708356857299805,5.0555419921875
3.42181134223938,3.4708356857299805,5.0555419921875
3.423109531402588,3.4710257053375244,5.058294773101807
3.423109531402588,3.4710257053375244,5.058294773101807
3.424001932144165,3.47027850151062,5.061645030975342
3.424001932144165,3.47027850151062,5.061645030975342
3.424156904220581,3.469386100769043,5.069240093231201
3.4234189987182617,3.467539072036743,5.075028419494629
3.4234189987182617,3.467539072036743,5.075028419494629
3.4221458435058594,3.465329170227051,5.081794261932373
3.4211132526397705,3.464259147644043,5.087096214294434
3.4211132526397705,3.464259147644043,5.087096214294434
3.420927047729492,3.4644341468811035,5.089337348937988
3.420927047729492,3.4644341468811035,5.089337348937988
3.420672655105591,3.465310573577881,5.090522289276123
3.420640468597412,3.4654743671417236,5.09011173248291
3.420640468597412,3.4654743671417236,5.09011173248291
3.4208881855010986,3.4647276401519775,5.093074798583984
3.4208881855010986,3.4647276401519775,5.093074798583984
3.4215312004089355,3.464613199234009,5.097815990447998
3.4219441413879395,3.4633021354675293,5.102884292602539
3.4219441413879395,3.4633021354675293,5.102884292602539
3.4223155975341797,3.4625561237335205,5.106046199798584
3.4223155975341797,3.4625561237335205,5.106046199798584
3.4232397079467773,3.462769031524658,5.107084274291992
3.4234437942504883,3.462686777114868,5.109189510345459
3.4234437942504883,3.462686777114868,5.109189510345459
3.423968553543091,3.462994337081909,5.110495090484619
3.423968553543091,3.462994337081909,5.110495090484619
3.4236061573028564,3.4635143280029297,5.112478256225586
3.423015594482422,3.4633336067199707,5.115139484405518
3.423015594482422,3.4633336067199707,5.115139484405518
3.421950578689575,3.46232008934021,5.120909690856934
3.421950578689575,3.46232008934021,5.120909690856934
3.421293258666992,3.4620132446289062,5.124410629272461
3.4202141761779785,3.4610302448272705,5.126448631286621
3.4202141761779785,3.4610302448272705,5.126448631286621
3.4189276695251465,3.4600627422332764,5.1274800300598145
3.4189276695251465,3.4600627422332764,5.1274800300598145
3.419283151626587,3.459137201309204,5.131401538848877
3.419283151626587,3.459137201309204,5.131401538848877
3.42041015625,3.4589099884033203,5.13474702835083
3.4204039573669434,3.458101749420166,5.136735916137695
3.4204039573669434,3.458101749420166,5.136735916137695
3.4198715686798096,3.457223892211914,5.1378583908081055
3.4202778339385986,3.456629753112793,5.141641616821289
3.4202778339385986,3.456629753112793,5.141641616821289
3.4198267459869385,3.456437826156616,5.144036293029785
3.4198267459869385,3.456437826156616,5.144036293029785
3.419780731201172,3.456282377243042,5.146228313446045
3.420227527618408,3.4565651416778564,5.147937297821045
3.420227527618408,3.4565651416778564,5.147937297821045
3.4198319911956787,3.4561126232147217,5.149551868438721
3.4198319911956787,3.4561126232147217,5.149551868438721
3.418114423751831,3.454930543899536,5.152349948883057
3.4165525436401367,3.4543514251708984,5.152978420257568
3.4165525436401367,3.4543514251708984,5.152978420257568
3.412975549697876,3.4529623985290527,5.154846668243408
3.412975549697876,3.4529623985290527,5.154846668243408
3.4108598232269287,3.451777458190918,5.158046245574951
3.411194086074829,3.451446771621704,5.161477088928223
3.411194086074829,3.451446771621704,5.161477088928223
3.4120805263519287,3.452157974243164,5.16171407699585
3.4120805263519287,3.452157974243164,5.16171407699585
3.411972999572754,3.452594041824341,5.161700248718262
3.4112977981567383,3.453092575073242,5.161074638366699
3.4112977981567383,3.453092575073242,5.161074638366699
3.4103586673736572,3.4529170989990234,5.1622796058654785
3.4103586673736572,3.4529170989990234,5.1622796058654785
3.4104549884796143,3.4524731636047363,5.16459321975708
3.411133050918579,3.452862024307251,5.166769027709961
3.411133050918579,3.452862024307251,5.166769027709961
3.412283182144165,3.4538180828094482,5.166621208190918
3.412283182144165,3.4538180828094482,5.166621208190918
3.412656784057617,3.4541237354278564,5.166546821594238
3.4123523235321045,3.453191041946411,5.1688008308410645
3.4123523235321045,3.453191041946411,5.1688008308410645
3.4127023220062256,3.452376365661621,5.173830986022949
3.4127023220062256,3.452376365661621,5.173830986022949
3.412832260131836,3.4512135982513428,5.178761959075928
3.4126386642456055,3.4500021934509277,5.182432174682617
3.4126386642456055,3.4500021934509277,5.182432174682617
3.4126760959625244,3.449422597885132,5.1857380867004395
3.4126760959625244,3.449422597885132,5.1857380867004395
3.412287712097168,3.448373317718506,5.18904972076416
3.412581443786621,3.447969913482666,5.190968036651611
3.412581443786621,3.447969913482666,5.190968036651611
3.4119019508361816,3.4478933811187744,5.192768573760986
3.4119019508361816,3.4478933811187744,5.192768573760986
3.4114556312561035,3.447786331176758,5.193831920623779
3.4114556312561035,3.447786331176758,5.193831920623779
3.4114606380462646,3.447805643081665,5.194185733795166
3.4106383323669434,3.446747303009033,5.197770595550537
3.4106383323669434,3.446747303009033,5.197770595550537
3.41068172454834,3.4459824562072754,5.20188570022583
3.4115889072418213,3.4467358589172363,5.205760478973389
3.4115889072418213,3.4467358589172363,5.205760478973389
3.411500930786133,3.446242332458496,5.20738410949707
3.411500930786133,3.446242332458496,5.20738410949707
3.410841464996338,3.4462060928344727,5.2058892250061035
3.411229133605957,3.4466230869293213,5.204729080200195
3.411229133605957,3.4466230869293213,5.204729080200195
3.412651300430298,3.4476356506347656,5.203320026397705
3.412651300430298,3.4476356506347656,5.203320026397705
3.4139840602874756,3.4478485584259033,5.2036519050598145
3.4128291606903076,3.447063684463501,5.204479694366455
3.4128291606903076,3.447063684463501,5.204479694366455
3.411378860473633,3.446876287460327,5.204567909240723
3.411378860473633,3.446876287460327,5.204567909240723
3.410888671875,3.446955442428589,5.2047119140625
3.4133193492889404,3.449169635772705,5.2069478034973145
3.4133193492889404,3.449169635772705,5.2069478034973145
3.4140677452087402,3.4501729011535645,5.208569049835205
3.4140677452087402,3.4501729011535645,5.208569049835205
3.413282632827759,3.4504098892211914,5.210257530212402
3.413282632827759,3.4504098892211914,5.210257530212402
3.411426305770874,3.449427843093872,5.211948871612549
3.4125468730926514,3.449803113937378,5.215168476104736
3.4125468730926514,3.449803113937378,5.215168476104736
3.4118030071258545,3.4493281841278076,5.217565536499023
3.411742687225342,3.450125217437744,5.219587326049805
3.411742687225342,3.450125217437744,5.219587326049805
3.4117510318756104,3.450275421142578,5.222715854644775
3.4117510318756104,3.450275421142578,5.222715854644775
3.4112508296966553,3.4492311477661133,5.227926731109619
3.4117350578308105,3.4501426219940186,5.230771064758301
3.4117350578308105,3.4501426219940186,5.230771064758301
3.413029432296753,3.45061993598938,5.2356181144714355
3.413029432296753,3.45061993598938,5.2356181144714355
3.4125986099243164,3.448493242263794,5.241113662719727
3.411149024963379,3.4468605518341064,5.244653224945068
3.411149024963379,3.4468605518341064,5.244653224945068
3.410320520401001,3.4460012912750244,5.246712684631348
3.410320520401001,3.4460012912750244,5.246712684631348
3.4099838733673096,3.4456098079681396,5.247535228729248
3.410628318786621,3.445683240890503,5.2499003410339355
3.410628318786621,3.445683240890503,5.2499003410339355
3.410395860671997,3.444974184036255,5.251734256744385
3.410395860671997,3.444974184036255,5.251734256744385
3.4092531204223633,3.444078207015991,5.252334117889404
3.408994197845459,3.4445884227752686,5.252974510192871
3.408994197845459,3.4445884227752686,5.252974510192871
3.410121202468872,3.4457132816314697,5.255177021026611
3.410121202468872,3.4457132816314697,5.255177021026611
3.4089765548706055,3.4451663494110107,5.258312702178955
3.4089765548706055,3.4451663494110107,5.258312702178955
3.4086506366729736,3.44447922706604,5.261465549468994
3.409621477127075,3.445028305053711,5.2651753425598145
3.409621477127075,3.445028305053711,5.2651753425598145
3.4088029861450195,3.444955825805664,5.268021583557129
3.407855987548828,3.4435458183288574,5.2723469734191895
3.407855987548828,3.4435458183288574,5.2723469734191895
3.4075088500976562,3.4434926509857178,5.274705410003662
3.4075088500976562,3.4434926509857178,5.274705410003662
3.4075589179992676,3.4440481662750244,5.276308536529541
3.4071900844573975,3.4441654682159424,5.276793003082275
3.4071900844573975,3.4441654682159424,5.276793003082275
3.407719135284424,3.4449234008789062,5.277041435241699
3.407719135284424,3.4449234008789062,5.277041435241699
3.407832384109497,3.4448049068450928,5.2780561447143555
3.4078264236450195,3.4450342655181885,5.278793811798096
3.4078264236450195,3.4450342655181885,5.278793811798096
3.4088504314422607,3.4457848072052,5.281406402587891
3.4088504314422607,3.4457848072052,5.281406402587891
3.409095525741577,3.4458866119384766,5.285128116607666
3.4091291427612305,3.4452595710754395,5.288702011108398
3.4091291427612305,3.4452595710754395,5.288702011108398
3.408810615539551,3.444514751434326,5.293066501617432
3.408810615539551,3.444514751434326,5.293066501617432
3.408759593963623,3.444317102432251,5.296863555908203
3.4080779552459717,3.4435007572174072,5.298308849334717
3.4080779552459717,3.4435007572174072,5.298308849334717
3.407400369644165,3.443434476852417,5.297891616821289
3.407400369644165,3.443434476852417,5.297891616821289
3.409339189529419,3.444448709487915,5.299502372741699
3.4106175899505615,3.4455626010894775,5.299922466278076
3.4106175899505615,3.4455626010894775,5.299922466278076
3.41009521484375,3.4446797370910645,5.3002495765686035
3.41009521484375,3.4446797370910645,5.3002495765686035
3.4088895320892334,3.442417621612549,5.300568103790283
3.4095988273620605,3.441100835800171,5.304856777191162
3.4095988273620605,3.441100835800171,5.304856777191162
3.411445379257202,3.4410505294799805,5.307437896728516
3.411445379257202,3.4410505294799805,5.307437896728516
3.4111313819885254,3.4395549297332764,5.308864116668701
3.4098446369171143,3.4371278285980225,5.311474323272705
3.4098446369171143,3.4371278285980225,5.311474323272705
3.409229040145874,3.435433864593506,5.316417217254639
3.409229040145874,3.435433864593506,5.316417217254639
3.4085700511932373,3.435476064682007,5.319533824920654
3.4089162349700928,3.435016632080078,5.321617603302002
3.4089162349700928,3.435016632080078,5.321617603302002
3.4078807830810547,3.434346914291382,5.319993495941162
3.4078807830810547,3.434346914291382,5.319993495941162
3.4101808071136475,3.4353535175323486,5.321424961090088
3.4101808071136475,3.4353535175323486,5.321424961090088
3.410090208053589,3.4366328716278076,5.322284698486328
3.4108526706695557,3.4374215602874756,5.322190284729004
3.4108526706695557,3.4374215602874756,5.322190284729004
3.410935640335083,3.4375696182250977,5.322128772735596
3.409421682357788,3.436069965362549,5.324862003326416
3.409421682357788,3.436069965362549,5.324862003326416
3.4087767601013184,3.434567451477051,5.329873085021973
3.4087767601013184,3.434567451477051,5.329873085021973
3.4089887142181396,3.433953046798706,5.334193229675293
3.4089605808258057,3.432737350463867,5.337911128997803
3.4089605808258057,3.432737350463867,5.337911128997803
3.409587860107422,3.4320991039276123,5.342534065246582
3.409587860107422,3.4320991039276123,5.342534065246582
3.410170078277588,3.4310853481292725,5.345870494842529
3.4112420082092285,3.4304823875427246,5.348867893218994
3.4112420082092285,3.4304823875427246,5.348867893218994
3.4110007286071777,3.4300215244293213,5.350317001342773
3.4110007286071777,3.4300215244293213,5.350317001342773
3.410881996154785,3.42966890335083,5.351814270019531
3.4108643531799316,3.429922342300415,5.35476541519165
3.4108643531799316,3.429922342300415,5.35476541519165
3.41145396232605,3.430148124694824,5.358075141906738
3.41145396232605,3.430148124694824,5.358075141906738
3.411310911178589,3.4305055141448975,5.359948635101318
3.409501791000366,3.430075168609619,5.3608198165893555
3.409501791000366,3.430075168609619,5.3608198165893555
3.4079415798187256,3.429955244064331,5.361330986022949
3.4079415798187256,3.429955244064331,5.361330986022949
3.408695936203003,3.4312055110931396,5.362441062927246
3.40901517868042,3.4323673248291016,5.364319324493408
3.40901517868042,3.4323673248291016,5.364319324493408
3.4087557792663574,3.432990312576294,5.365273475646973
3.4087557792663574,3.432990312576294,5.365273475646973
3.408926486968994,3.4345076084136963,5.365101337432861
3.4104459285736084,3.4373574256896973,5.364389896392822
3.4104459285736084,3.4373574256896973,5.364389896392822
3.410999298095703,3.4386239051818848,5.3635149002075195
3.410999298095703,3.4386239051818848,5.3635149002075195
3.4104950428009033,3.4386701583862305,5.364116668701172
3.4115419387817383,3.4401328563690186,5.366125106811523
3.4115419387817383,3.4401328563690186,5.366125106811523
3.4113411903381348,3.4399311542510986,5.366915225982666
3.4113411903381348,3.4399311542510986,5.366915225982666
3.4120237827301025,3.440094470977783,5.368803977966309
3.412409543991089,3.441380500793457,5.369528770446777
3.412409543991089,3.441380500793457,5.369528770446777
3.412545680999756,3.4422194957733154,5.370866775512695
3.412545680999756,3.4422194957733154,5.370866775512695
3.412240505218506,3.44227933883667,5.373066425323486
3.412137269973755,3.441699266433716,5.375805377960205
3.412137269973755,3.441699266433716,5.375805377960205
3.4105639457702637,3.440674304962158,5.3780293464660645
3.4105639457702637,3.440674304962158,5.3780293464660645
3.4111838340759277,3.440467596054077,5.380268096923828
3.4122560024261475,3.4404103755950928,5.383994102478027
3.4122560024261475,3.4404103755950928,5.383994102478027
3.4134936332702637,3.4402856826782227,5.387704849243164
3.414550304412842,3.441189765930176,5.390105724334717
3.414550304412842,3.441189765930176,5.390105724334717
3.413882255554199,3.4401657581329346,5.389579772949219
3.413882255554199,3.4401657581329346,5.389579772949219
3.412245988845825,3.438171148300171,5.389641284942627
3.4129412174224854,3.438196897506714,5.390144348144531
3.4129412174224854,3.438196897506714,5.390144348144531
3.4142186641693115,3.438143253326416,5.391435623168945
3.4142186641693115,3.438143253326416,5.391435623168945
3.413203477859497,3.4372916221618652,5.393198013305664
3.4124512672424316,3.4350733757019043,5.3956298828125
3.4124512672424316,3.4350733757019043,5.3956298828125
3.4124960899353027,3.433121681213379,5.398430347442627
3.4121246337890625,3.433852195739746,5.399613380432129
3.4121246337890625,3.433852195739746,5.399613380432129
3.4121956825256348,3.434342861175537,5.400503635406494
3.4121956825256348,3.434342861175537,5.400503635406494
3.4129691123962402,3.4344723224639893,5.402503967285156
3.4129691123962402,3.4344723224639893,5.402503967285156
3.413616418838501,3.4343297481536865,5.405639171600342
3.4126899242401123,3.434583902359009,5.406916618347168
3.4126899242401123,3.434583902359009,5.406916618347168
3.412595748901367,3.4356231689453125,5.406385898590088
3.412595748901367,3.4356231689453125,5.406385898590088
3.413450241088867,3.4362435340881348,5.407875061035156
3.413675308227539,3.436474084854126,5.410889625549316
3.413675308227539,3.436474084854126,5.410889625549316
3.413203239440918,3.436155319213867,5.415670871734619
3.413203239440918,3.436155319213867,5.415670871734619
3.4130725860595703,3.436203718185425,5.41743278503418
3.412693738937378,3.4375691413879395,5.418118953704834
3.412693738937378,3.4375691413879395,5.418118953704834
3.413454532623291,3.439131021499634,5.4185004234313965
3.413454532623291,3.439131021499634,5.4185004234313965
3.4134416580200195,3.439363718032837,5.418491363525391
3.411996364593506,3.4390926361083984,5.417172908782959
3.411996364593506,3.4390926361083984,5.417172908782959
3.412031650543213,3.439851999282837,5.414543151855469
3.412031650543213,3.439851999282837,5.414543151855469
3.4130611419677734,3.4406464099884033,5.414613246917725
3.4148192405700684,3.440272331237793,5.4167914390563965
3.4148192405700684,3.440272331237793,5.4167914390563965
3.4157466888427734,3.4395806789398193,5.418488025665283
3.4157466888427734,3.4395806789398193,5.418488025665283
3.416750907897949,3.4392809867858887,5.4199066162109375
3.417921781539917,3.439363956451416,5.419980525970459
3.417921781539917,3.439363956451416,5.419980525970459
3.419334888458252,3.4394891262054443,5.420012950897217
3.419334888458252,3.4394891262054443,5.420012950897217
3.419494867324829,3.4390807151794434,5.420129776000977
3.4185030460357666,3.4381942749023438,5.423070907592773
3.4185030460357666,3.4381942749023438,5.423070907592773
3.4154653549194336,3.435779094696045,5.424515247344971
3.4154653549194336,3.435779094696045,5.424515247344971
3.413632392883301,3.434553623199463,5.427671909332275
3.4143474102020264,3.433793783187866,5.434408664703369
3.4143474102020264,3.433793783187866,5.434408664703369
3.4144535064697266,3.432833194732666,5.439548015594482
3.4144535064697266,3.432833194732666,5.439548015594482
3.413881778717041,3.431339979171753,5.445866107940674
3.4138872623443604,3.429464817047119,5.452081203460693
3.4138872623443604,3.429464817047119,5.452081203460693
3.4140968322753906,3.4282326698303223,5.4551568031311035
3.4140968322753906,3.4282326698303223,5.4551568031311035
3.414486885070801,3.42885422706604,5.456125259399414
3.4153530597686768,3.4292545318603516,5.4569411277771
3.4153530597686768,3.4292545318603516,5.4569411277771
3.4157817363739014,3.4291186332702637,5.459313869476318
3.4157817363739014,3.4291186332702637,5.459313869476318
3.41432785987854,3.4277353286743164,5.461309432983398
3.413545608520508,3.4269752502441406,5.464487075805664
3.413545608520508,3.4269752502441406,5.464487075805664
3.413832426071167,3.4272286891937256,5.467637062072754
3.413832426071167,3.4272286891937256,5.467637062072754
3.413922071456909,3.4285058975219727,5.470447540283203
3.4144623279571533,3.4299774169921875,5.472136497497559
3.4144623279571533,3.4299774169921875,5.472136497497559
3.4135332107543945,3.43070387840271,5.472918510437012
3.4135332107543945,3.43070387840271,5.472918510437012
3.4127304553985596,3.431215286254883,5.475741863250732
3.413832664489746,3.432034492492676,5.479123115539551
3.413832664489746,3.432034492492676,5.479123115539551
3.4156346321105957,3.4333877563476562,5.481252193450928
3.4156346321105957,3.4333877563476562,5.481252193450928
3.4165515899658203,3.4348766803741455,5.481220722198486
3.4161040782928467,3.4350426197052,5.480370044708252
3.4161040782928467,3.4350426197052,5.480370044708252
3.4156148433685303,3.4344191551208496,5.483277320861816
3.4156148433685303,3.4344191551208496,5.483277320861816
3.417083740234375,3.436363935470581,5.486175060272217
3.416764974594116,3.43798828125,5.4885735511779785
3.416764974594116,3.43798828125,5.4885735511779785
3.4158987998962402,3.4409518241882324,5.489734172821045
3.4158987998962402,3.4409518241882324,5.489734172821045
3.4154553413391113,3.442667245864868,5.4914984703063965
3.414515733718872,3.442188262939453,5.493475914001465
3.414515733718872,3.442188262939453,5.493475914001465
3.414048671722412,3.4425811767578125,5.4941020011901855
3.414048671722412,3.4425811767578125,5.4941020011901855
3.4148998260498047,3.4441781044006348,5.495754241943359
3.4151158332824707,3.444643020629883,5.4965314865112305
3.4151158332824707,3.444643020629883,5.4965314865112305
3.4139158725738525,3.443340301513672,5.4981369972229
3.4139158725738525,3.443340301513672,5.4981369972229
3.4141178131103516,3.442305088043213,5.500482559204102
3.41597843170166,3.442746877670288,5.502099990844727
3.41597843170166,3.442746877670288,5.502099990844727
3.417280912399292,3.4417879581451416,5.504138946533203
3.417280912399292,3.4417879581451416,5.504138946533203
3.4174766540527344,3.441535234451294,5.505953788757324
3.417316436767578,3.44122576713562,5.5074143409729
3.417316436767578,3.44122576713562,5.5074143409729
3.4164652824401855,3.440415382385254,5.509411334991455
3.4164652824401855,3.440415382385254,5.509411334991455
3.4162487983703613,3.4409291744232178,5.510188579559326
3.417036771774292,3.4417662620544434,5.510250091552734
3.417036771774292,3.4417662620544434,5.510250091552734
3.417238473892212,3.441793918609619,5.510573387145996
3.417238473892212,3.441793918609619,5.510573387145996
3.4164512157440186,3.441779851913452,5.511618614196777
3.417729616165161,3.441659450531006,5.51422643661499
3.417729616165161,3.441659450531006,5.51422643661499
3.4185791015625,3.4415791034698486,5.514960289001465
3.4185791015625,3.4415791034698486,5.514960289001465
3.418344020843506,3.4412331581115723,5.5156569480896
3.4184675216674805,3.4401402473449707,5.516286373138428
3.4184675216674805,3.4401402473449707,5.516286373138428
3.419886350631714,3.439340591430664,5.5190582275390625
3.419886350631714,3.439340591430664,5.5190582275390625
3.421766519546509,3.4388246536254883,5.52252721786499
3.42203950881958,3.4374797344207764,5.524738311767578
3.42203950881958,3.4374797344207764,5.524738311767578
3.422299861907959,3.4362387657165527,5.527575492858887
3.422299861907959,3.4362387657165527,5.527575492858887
3.4212450981140137,3.434722900390625,5.5303449630737305
3.419900417327881,3.4338481426239014,5.532413959503174
3.419900417327881,3.4338481426239014,5.532413959503174
3.4198217391967773,3.4339168071746826,5.5340142250061035
3.4198217391967773,3.4339168071746826,5.5340142250061035
3.419328212738037,3.434461832046509,5.534768581390381
3.418388843536377,3.433562994003296,5.5363874435424805
3.418388843536377,3.433562994003296,5.5363874435424805
3.4175877571105957,3.4316747188568115,5.5394439697265625
3.4175877571105957,3.4316747188568115,5.5394439697265625
3.4183602333068848,3.431609630584717,5.541169166564941
3.4195592403411865,3.432175636291504,5.542571544647217
3.4195592403411865,3.432175636291504,5.542571544647217
3.420076370239258,3.432154893875122,5.5441765785217285
3.420076370239258,3.432154893875122,5.5441765785217285
3.420976161956787,3.4317915439605713,5.545992851257324
3.4210450649261475,3.431413412094116,5.547974586486816
3.4210450649261475,3.431413412094116,5.547974586486816
3.4217593669891357,3.430633783340454,5.549423694610596
3.4217593669891357,3.430633783340454,5.549423694610596
3.4222710132598877,3.430037498474121,5.550518035888672
3.4215452671051025,3.4282174110412598,5.552285194396973
3.4215452671051025,3.4282174110412598,5.552285194396973
3.4202322959899902,3.4271082878112793,5.55568790435791
3.4202322959899902,3.4271082878112793,5.55568790435791
3.4193272590637207,3.4275550842285156,5.559075832366943
3.4184584617614746,3.4288904666900635,5.561347484588623
3.4184584617614746,3.4288904666900635,5.561347484588623
3.4184184074401855,3.4307219982147217,5.562582969665527
3.4184184074401855,3.4307219982147217,5.562582969665527
3.418809652328491,3.43225359916687,5.563543319702148
3.4184505939483643,3.4327659606933594,5.565491199493408
3.4184505939483643,3.4327659606933594,5.565491199493408
3.41961932182312,3.433239459991455,5.568547248840332
3.41961932182312,3.433239459991455,5.568547248840332
3.4208781719207764,3.4327237606048584,5.571133613586426
3.4204623699188232,3.4316790103912354,5.574583053588867
3.4204623699188232,3.4316790103912354,5.574583053588867
3.4201438426971436,3.4319450855255127,5.57731294631958
3.4201438426971436,3.4319450855255127,5.57731294631958
3.4203128814697266,3.433130979537964,5.5791916847229
3.4211208820343018,3.434922456741333,5.580960750579834
3.4211208820343018,3.434922456741333,5.580960750579834
3.4211883544921875,3.4364101886749268,5.582539081573486
3.4211883544921875,3.4364101886749268,5.582539081573486
3.420632839202881,3.4370129108428955,5.583337306976318
3.4189202785491943,3.4365057945251465,5.585184574127197
3.4189202785491943,3.4365057945251465,5.585184574127197
3.418884038925171,3.4365601539611816,5.58754825592041
3.418884038925171,3.4365601539611816,5.58754825592041
3.4192047119140625,3.43615984916687,5.591039657592773
3.4186344146728516,3.4356307983398438,5.593673229217529
3.4186344146728516,3.4356307983398438,5.593673229217529
3.4177427291870117,3.435361862182617,5.5951828956604
3.4177427291870117,3.435361862182617,5.5951828956604
3.418051242828369,3.4362542629241943,5.597270965576172
3.419116497039795,3.4375221729278564,5.599046230316162
3.419116497039795,3.4375221729278564,5.599046230316162
3.4188334941864014,3.4377806186676025,5.599750995635986
3.4188334941864014,3.4377806186676025,5.599750995635986
3.4186558723449707,3.436953067779541,5.600412845611572
3.4201276302337646,3.43717098236084,5.601229190826416
3.4201276302337646,3.43717098236084,5.601229190826416
3.4220073223114014,3.4380316734313965,5.601442337036133
3.4220073223114014,3.4380316734313965,5.601442337036133
3.4215943813323975,3.436978578567505,5.601158618927002
3.420884132385254,3.436408042907715,5.601654052734375
3.420884132385254,3.436408042907715,5.601654052734375
3.4202234745025635,3.437023401260376,5.6035847663879395
3.4202234745025635,3.437023401260376,5.6035847663879395
3.4196839332580566,3.437913417816162,5.60160493850708
3.4195830821990967,3.439063310623169,5.597185134887695
3.4195830821990967,3.439063310623169,5.597185134887695
3.4188032150268555,3.4384729862213135,5.595792293548584
3.4188032150268555,3.4384729862213135,5.595792293548584
3.418792486190796,3.4374425411224365,5.59745979309082
3.4203171730041504,3.4374077320098877,5.601344108581543
3.4203171730041504,3.4374077320098877,5.601344108581543
3.4209134578704834,3.4365339279174805,5.604618549346924
3.4209134578704834,3.4365339279174805,5.604618549346924
3.4208154678344727,3.435420036315918,5.605771541595459
3.4198827743530273,3.4346611499786377,5.605661392211914
3.4198827743530273,3.4346611499786377,5.605661392211914
3.4208004474639893,3.435253143310547,5.606244087219238
3.4208004474639893,3.435253143310547,5.606244087219238
3.4209094047546387,3.4348196983337402,5.608625888824463
3.4215247631073,3.4340624809265137,5.611289978027344
3.4215247631073,3.4340624809265137,5.611289978027344
3.4209842681884766,3.4339559078216553,5.6121416091918945
3.4209842681884766,3.4339559078216553,5.6121416091918945
3.4200961589813232,3.4328088760375977,5.615962982177734
3.420923948287964,3.4321963787078857,5.619380474090576
3.420923948287964,3.4321963787078857,5.619380474090576
3.421808958053589,3.432044744491577,5.621849060058594
3.421808958053589,3.432044744491577,5.621849060058594
3.422673463821411,3.4323863983154297,5.624563217163086
3.423823595046997,3.43164324760437,5.628535747528076
3.423823595046997,3.43164324760437,5.628535747528076
3.4243619441986084,3.4309756755828857,5.631115436553955
3.4243619441986084,3.4309756755828857,5.631115436553955
3.4239554405212402,3.43053936958313,5.632292747497559
3.422978401184082,3.430227041244507,5.631330490112305
3.422978401184082,3.430227041244507,5.631330490112305
3.4220097064971924,3.4290833473205566,5.632275104522705
3.4220097064971924,3.4290833473205566,5.632275104522705
3.4232499599456787,3.4292073249816895,5.635051250457764
3.423048973083496,3.4289963245391846,5.6372175216674805
3.423048973083496,3.4289963245391846,5.6372175216674805
3.4234561920166016,3.4294137954711914,5.639560222625732
3.4234561920166016,3.4294137954711914,5.639560222625732
3.424344539642334,3.42948055267334,5.642640590667725
3.4240245819091797,3.428373098373413,5.6460795402526855
3.4240245819091797,3.428373098373413,5.6460795402526855
3.425177574157715,3.428565740585327,5.64839506149292
3.425177574157715,3.428565740585327,5.64839506149292
3.4262967109680176,3.4292731285095215,5.648261547088623
3.426219940185547,3.428290843963623,5.647583484649658
3.426219940185547,3.428290843963623,5.647583484649658
3.425977945327759,3.4268836975097656,5.647652626037598
3.425977945327759,3.4268836975097656,5.647652626037598
3.424823045730591,3.4246113300323486,5.650439739227295
3.424520492553711,3.423309326171875,5.652868747711182
3.424520492553711,3.423309326171875,5.652868747711182
3.4252703189849854,3.4239351749420166,5.6543049812316895
3.4252703189849854,3.4239351749420166,5.6543049812316895
3.425462245941162,3.424873113632202,5.653488636016846
3.423424005508423,3.4245455265045166,5.652585506439209
3.423424005508423,3.4245455265045166,5.652585506439209
3.422334671020508,3.422248125076294,5.65298318862915
3.422334671020508,3.422248125076294,5.65298318862915
3.423173427581787,3.420464515686035,5.656009197235107
3.4248111248016357,3.4213266372680664,5.658774375915527
3.4248111248016357,3.4213266372680664,5.658774375915527
3.424622058868408,3.4228568077087402,5.658385276794434
3.424622058868408,3.4228568077087402,5.658385276794434
3.4239561557769775,3.423758029937744,5.656014442443848
3.4232473373413086,3.42317271232605,5.655858039855957
3.4232473373413086,3.42317271232605,5.655858039855957
3.4238014221191406,3.422841787338257,5.659057140350342
3.4238014221191406,3.422841787338257,5.659057140350342
3.424375057220459,3.424014091491699,5.661660194396973
3.4247024059295654,3.426103115081787,5.662927627563477
3.4247024059295654,3.426103115081787,5.662927627563477
3.425550937652588,3.4280927181243896,5.664067268371582
3.425550937652588,3.4280927181243896,5.664067268371582
3.425079107284546,3.4276251792907715,5.666240692138672
3.4228286743164062,3.4263572692871094,5.669101238250732
3.4228286743164062,3.4263572692871094,5.669101238250732
3.422832489013672,3.427597761154175,5.66990327835083
3.422832489013672,3.427597761154175,5.66990327835083
3.4230597019195557,3.4296271800994873,5.669366359710693
3.4238646030426025,3.4307379722595215,5.671657085418701
3.4238646030426025,3.4307379722595215,5.671657085418701
3.4227869510650635,3.429692506790161,5.6724395751953125
3.4227869510650635,3.429692506790161,5.6724395751953125
3.4214468002319336,3.4285099506378174,5.672514915466309
3.422978639602661,3.429198980331421,5.673111915588379
3.422978639602661,3.429198980331421,5.673111915588379
3.4241364002227783,3.4295034408569336,5.673344612121582
3.4241364002227783,3.4295034408569336,5.673344612121582
3.4252021312713623,3.4303674697875977,5.673609733581543
3.4257736206054688,3.4308409690856934,5.673017978668213
3.4257736206054688,3.4308409690856934,5.673017978668213
3.426450729370117,3.4310243129730225,5.6719841957092285
3.426450729370117,3.4310243129730225,5.6719841957092285
3.4284439086914062,3.4323084354400635,5.671387672424316
3.429018020629883,3.43290114402771,5.670006275177002
3.429018020629883,3.43290114402771,5.670006275177002
3.429670572280884,3.4332423210144043,5.67057466506958
3.429670572280884,3.4332423210144043,5.67057466506958
3.429619312286377,3.4340124130249023,5.6715779304504395
3.429840087890625,3.435373544692993,5.671634674072266
3.429840087890625,3.435373544692993,5.671634674072266
3.4305999279022217,3.4367823600769043,5.671772003173828
3.4305999279022217,3.4367823600769043,5.671772003173828
3.4308998584747314,3.437086820602417,5.672723293304443
3.430706262588501,3.437211036682129,5.672621250152588
3.430706262588501,3.437211036682129,5.672621250152588
3.4305694103240967,3.4364850521087646,5.67459774017334
3.4305694103240967,3.4364850521087646,5.67459774017334
3.430917501449585,3.435398578643799,5.677685260772705
3.4311909675598145,3.4338090419769287,5.681559085845947
3.4311909675598145,3.4338090419769287,5.681559085845947
3.430764675140381,3.4328315258026123,5.683547019958496
3.430764675140381,3.4328315258026123,5.683547019958496
3.4309589862823486,3.432248592376709,5.684671401977539
3.430811882019043,3.432293176651001,5.686365604400635
3.430811882019043,3.432293176651001,5.686365604400635
3.430854558944702,3.4323270320892334,5.686910152435303
3.430854558944702,3.4323270320892334,5.686910152435303
3.4298360347747803,3.430508852005005,5.688430309295654
3.429041862487793,3.428522825241089,5.690927505493164
3.429041862487793,3.428522825241089,5.690927505493164
3.43046498298645,3.4274916648864746,5.693984031677246
3.43046498298645,3.4274916648864746,5.693984031677246
3.4320080280303955,3.4256742000579834,5.696900844573975
3.432176351547241,3.423290252685547,5.698951244354248
3.432176351547241,3.423290252685547,5.698951244354248
3.4322004318237305,3.4216296672821045,5.700679779052734
3.4322004318237305,3.4216296672821045,5.700679779052734
3.4316258430480957,3.419656991958618,5.701258182525635
3.4321887493133545,3.418095111846924,5.704661846160889
3.4321887493133545,3.418095111846924,5.704661846160889
3.433797836303711,3.4166481494903564,5.708507537841797
3.433797836303711,3.4166481494903564,5.708507537841797
3.4337613582611084,3.415233850479126,5.710181713104248
3.4329190254211426,3.414994716644287,5.7098517417907715
3.4329190254211426,3.414994716644287,5.7098517417907715
3.431577682495117,3.4137191772460938,5.710063457489014
3.431577682495117,3.4137191772460938,5.710063457489014
3.4303390979766846,3.412529468536377,5.712057590484619
3.4299511909484863,3.412306785583496,5.713028430938721
3.4299511909484863,3.412306785583496,5.713028430938721
3.4288508892059326,3.4110875129699707,5.714757919311523
3.4288508892059326,3.4110875129699707,5.714757919311523
3.429053544998169,3.4115099906921387,5.7152099609375
3.429224967956543,3.4122579097747803,5.716073036193848
3.429224967956543,3.4122579097747803,5.716073036193848
3.4285011291503906,3.4119160175323486,5.716678619384766
3.4285011291503906,3.4119160175323486,5.716678619384766
3.4283716678619385,3.4115140438079834,5.716967582702637
3.428335189819336,3.4116692543029785,5.717533111572266
3.428335189819336,3.4116692543029785,5.717533111572266
3.427889585494995,3.411740303039551,5.718440055847168
3.427889585494995,3.411740303039551,5.718440055847168
3.4286510944366455,3.4118638038635254,5.720499515533447
3.43002986907959,3.4126808643341064,5.720069885253906
3.43002986907959,3.4126808643341064,5.720069885253906
3.4310367107391357,3.414212465286255,5.719822883605957
3.4310367107391357,3.414212465286255,5.719822883605957
3.432288646697998,3.4153764247894287,5.720827579498291
3.432628870010376,3.415532350540161,5.7216691970825195
3.432628870010376,3.415532350540161,5.7216691970825195
3.4316015243530273,3.4142227172851562,5.723583221435547
3.4316015243530273,3.4142227172851562,5.723583221435547
3.432096242904663,3.413950204849243,5.725278854370117
3.4349751472473145,3.415700912475586,5.727148532867432
3.4349751472473145,3.415700912475586,5.727148532867432
3.4363110065460205,3.4152233600616455,5.72998571395874
3.4363110065460205,3.4152233600616455,5.72998571395874
3.436920166015625,3.414224624633789,5.734251022338867
3.4364776611328125,3.4139626026153564,5.735227584838867
3.4364776611328125,3.4139626026153564,5.735227584838867
3.4374783039093018,3.415137529373169,5.734433650970459
3.4374783039093018,3.415137529373169,5.734433650970459
3.4391751289367676,3.4151670932769775,5.7338786125183105
3.437558650970459,3.4147047996520996,5.73397159576416
3.437558650970459,3.4147047996520996,5.73397159576416
3.4367635250091553,3.415600299835205,5.7331976890563965
3.4367635250091553,3.415600299835205,5.7331976890563965
3.4375064373016357,3.4167211055755615,5.732593536376953
3.4373531341552734,3.417018175125122,5.731501579284668
3.4373531341552734,3.417018175125122,5.731501579284668
3.437805652618408,3.418407678604126,5.730097770690918
3.437805652618408,3.418407678604126,5.730097770690918
3.4390926361083984,3.419133186340332,5.731468677520752
3.4387340545654297,3.417698621749878,5.733043193817139
3.4387340545654297,3.417698621749878,5.733043193817139
3.4378294944763184,3.416858196258545,5.734189510345459
3.4378294944763184,3.416858196258545,5.734189510345459
3.4366648197174072,3.415494680404663,5.734883785247803
3.436574697494507,3.415029764175415,5.733783721923828
3.436574697494507,3.415029764175415,5.733783721923828
3.436460494995117,3.414381265640259,5.732712268829346
3.4368486404418945,3.4142439365386963,5.732078552246094
3.4368486404418945,3.4142439365386963,5.732078552246094
3.4368276596069336,3.413080930709839,5.73160982131958
3.4368276596069336,3.413080930709839,5.73160982131958
3.436739921569824,3.4101784229278564,5.734220027923584
3.436739921569824,3.4101784229278564,5.734220027923584
3.4364683628082275,3.4076602458953857,5.7400593757629395
3.4365389347076416,3.406395673751831,5.74517822265625
3.4365389347076416,3.406395673751831,5.74517822265625
3.4366533756256104,3.4060232639312744,5.747839450836182
3.4366533756256104,3.4060232639312744,5.747839450836182
3.436798334121704,3.4054195880889893,5.749433517456055
3.4376096725463867,3.405015468597412,5.750613689422607
3.4376096725463867,3.405015468597412,5.750613689422607
3.436842203140259,3.4039013385772705,5.752866744995117
3.436842203140259,3.4039013385772705,5.752866744995117
3.4372901916503906,3.402743339538574,5.755245685577393
3.437282085418701,3.402308464050293,5.7570319175720215
3.437282085418701,3.402308464050293,5.7570319175720215
3.4369394779205322,3.402125597000122,5.758749961853027
3.4369394779205322,3.402125597000122,5.758749961853027
3.435837745666504,3.401601791381836,5.762014865875244
3.4362094402313232,3.400628089904785,5.764581203460693
3.4362094402313232,3.400628089904785,5.764581203460693
3.4360013008117676,3.40008282661438,5.768232345581055
3.4360013008117676,3.40008282661438,5.768232345581055
3.435532808303833,3.399071455001831,5.7721333503723145
3.435863971710205,3.3986563682556152,5.774554252624512
3.435863971710205,3.3986563682556152,5.774554252624512
3.435218334197998,3.3981783390045166,5.774417877197266
3.435218334197998,3.3981783390045166,5.774417877197266
3.4349048137664795,3.3973941802978516,5.776543140411377
3.4349706172943115,3.3972344398498535,5.777462959289551
3.4349706172943115,3.3972344398498535,5.777462959289551
3.4351000785827637,3.396512746810913,5.777966022491455
3.4351000785827637,3.396512746810913,5.777966022491455
3.4352505207061768,3.397111415863037,5.776551246643066
3.4347612857818604,3.396900177001953,5.775755405426025
3.4347612857818604,3.396900177001953,5.775755405426025
3.435826301574707,3.396134376525879,5.777747631072998
3.435826301574707,3.396134376525879,5.777747631072998
3.43699049949646,3.3956897258758545,5.78012752532959
3.4359312057495117,3.395062208175659,5.780506134033203
3.4359312057495117,3.395062208175659,5.780506134033203
3.4364280700683594,3.3950788974761963,5.780063152313232
3.4364280700683594,3.3950788974761963,5.780063152313232
3.437128782272339,3.3932723999023438,5.782062530517578
3.4371581077575684,3.3915674686431885,5.784124374389648
3.4371581077575684,3.3915674686431885,5.784124374389648
3.438472270965576,3.3918168544769287,5.785387992858887
3.438472270965576,3.3918168544769287,5.785387992858887
3.43931245803833,3.391551971435547,5.786533355712891
3.438392400741577,3.3889896869659424,5.787598609924316
3.438392400741577,3.3889896869659424,5.787598609924316
3.438283681869507,3.3878636360168457,5.788359642028809
3.438283681869507,3.3878636360168457,5.788359642028809
3.4390709400177,3.389970302581787,5.788282871246338
3.439577579498291,3.390913963317871,5.7883782386779785
3.439577579498291,3.390913963317871,5.7883782386779785
3.4397847652435303,3.390022039413452,5.788610935211182
3.4397847652435303,3.390022039413452,5.788610935211182
3.439526319503784,3.3910746574401855,5.786742210388184
3.4384100437164307,3.3909146785736084,5.786805152893066
3.4384100437164307,3.3909146785736084,5.786805152893066
3.439591884613037,3.3914685249328613,5.788064479827881
3.439591884613037,3.3914685249328613,5.788064479827881
3.439664840698242,3.3928449153900146,5.787162780761719
3.43941593170166,3.393378257751465,5.786822319030762
3.43941593170166,3.393378257751465,5.786822319030762
3.4386816024780273,3.392646551132202,5.787953853607178
3.4386816024780273,3.392646551132202,5.787953853607178
3.4387850761413574,3.3916261196136475,5.7897748947143555
3.4381673336029053,3.3919854164123535,5.789037704467773
3.4381673336029053,3.3919854164123535,5.789037704467773
3.438662528991699,3.3930881023406982,5.788849830627441
3.438662528991699,3.3930881023406982,5.788849830627441
3.438997507095337,3.3933005332946777,5.790315628051758
3.4374873638153076,3.3931827545166016,5.792398452758789
3.4374873638153076,3.3931827545166016,5.792398452758789
3.4380698204040527,3.3936073780059814,5.795872688293457
3.4380698204040527,3.3936073780059814,5.795872688293457
3.439470052719116,3.39436936378479,5.797089099884033
3.439936876296997,3.3932974338531494,5.799886226654053
3.439936876296997,3.3932974338531494,5.799886226654053
3.4401633739471436,3.3928494453430176,5.802104473114014
3.4401633739471436,3.3928494453430176,5.802104473114014
3.4402964115142822,3.393472194671631,5.8007426261901855
3.441103458404541,3.393040180206299,5.801829814910889
3.441103458404541,3.393040180206299,5.801829814910889
3.4421961307525635,3.3926901817321777,5.803170680999756
3.4421961307525635,3.3926901817321777,5.803170680999756
3.4429545402526855,3.3938920497894287,5.804388999938965
3.442599058151245,3.3940258026123047,5.805904388427734
3.442599058151245,3.3940258026123047,5.805904388427734
3.442143440246582,3.392627239227295,5.807162284851074
3.442143440246582,3.392627239227295,5.807162284851074
3.4414281845092773,3.392220973968506,5.80652379989624
3.4418983459472656,3.392343521118164,5.80750036239624
3.4418983459472656,3.392343521118164,5.80750036239624
3.4414663314819336,3.391184091567993,5.809086322784424
3.4414663314819336,3.391184091567993,5.809086322784424
3.440778970718384,3.3893141746520996,5.812166690826416
3.441213369369507,3.389065980911255,5.817901611328125
3.441213369369507,3.389065980911255,5.817901611328125
3.4419219493865967,3.387319564819336,5.824822902679443
3.4419219493865967,3.387319564819336,5.824822902679443
3.442715644836426,3.3862063884735107,5.8288493156433105
3.4419755935668945,3.3860044479370117,5.830471515655518
3.4419755935668945,3.3860044479370117,5.830471515655518
3.4412872791290283,3.3855772018432617,5.831064701080322
3.4412872791290283,3.3855772018432617,5.831064701080322
3.4418270587921143,3.3853628635406494,5.83236026763916
3.44219708442688,3.384352684020996,5.834244251251221
3.44219708442688,3.384352684020996,5.834244251251221
3.4415690898895264,3.38356614112854,5.835973739624023
3.4415690898895264,3.38356614112854,5.835973739624023
3.441593647003174,3.383840799331665,5.837528228759766
3.4407684803009033,3.3832781314849854,5.838649272918701
3.4407684803009033,3.3832781314849854,5.838649272918701
3.440120220184326,3.3820672035217285,5.840100288391113
3.440120220184326,3.3820672035217285,5.840100288391113
3.441016674041748,3.3825297355651855,5.841461181640625
3.441790819168091,3.381854772567749,5.843191623687744
3.441790819168091,3.381854772567749,5.843191623687744
3.441126585006714,3.380042552947998,5.8451032638549805
3.441126585006714,3.380042552947998,5.8451032638549805
3.4411964416503906,3.379800796508789,5.8461432456970215
3.442330837249756,3.379365921020508,5.848727703094482
3.442330837249756,3.379365921020508,5.848727703094482
3.4427852630615234,3.3788678646087646,5.849632263183594
3.4427852630615234,3.3788678646087646,5.849632263183594
3.4425652027130127,3.3788564205169678,5.848657608032227
3.4418535232543945,3.3779304027557373,5.850907802581787
3.4418535232543945,3.3779304027557373,5.850907802581787
3.441845417022705,3.3774707317352295,5.852833271026611
3.441845417022705,3.3774707317352295,5.852833271026611
3.441298484802246,3.3783681392669678,5.852853775024414
3.4411027431488037,3.37930965423584,5.8541154861450195
3.4411027431488037,3.37930965423584,5.8541154861450195
3.4407856464385986,3.378702163696289,5.856507301330566
3.4407856464385986,3.378702163696289,5.856507301330566
3.440243721008301,3.3789620399475098,5.856276035308838
3.4402987957000732,3.3787477016448975,5.857315540313721
3.4402987957000732,3.3787477016448975,5.857315540313721
3.440364360809326,3.379274845123291,5.857737064361572
3.440364360809326,3.379274845123291,5.857737064361572
3.4398598670959473,3.378715991973877,5.859591484069824
3.437821626663208,3.3773393630981445,5.862127780914307
3.437821626663208,3.3773393630981445,5.862127780914307
3.4374992847442627,3.3774163722991943,5.864282608032227
3.4374992847442627,3.3774163722991943,5.864282608032227
3.4388997554779053,3.3804564476013184,5.864561080932617
3.4388961791992188,3.38144850730896,5.864742279052734
3.4388961791992188,3.38144850730896,5.864742279052734
3.4394729137420654,3.382800817489624,5.8649001121521
3.4394729137420654,3.382800817489624,5.8649001121521
3.4378607273101807,3.3835229873657227,5.866604804992676
3.435091972351074,3.3830811977386475,5.869614601135254
3.435091972351074,3.3830811977386475,5.869614601135254
3.4346742630004883,3.3852884769439697,5.869955062866211
3.4346742630004883,3.3852884769439697,5.869955062866211
3.4343502521514893,3.3885042667388916,5.8689751625061035
3.432560682296753,3.3908777236938477,5.870522499084473
3.432560682296753,3.3908777236938477,5.870522499084473
3.4307141304016113,3.3911430835723877,5.871400833129883
3.4307141304016113,3.3911430835723877,5.871400833129883
3.429158926010132,3.390822172164917,5.8718791007995605
3.4288291931152344,3.3913230895996094,5.872975826263428
3.4288291931152344,3.3913230895996094,5.872975826263428
3.429976224899292,3.393770694732666,5.872924327850342
3.429976224899292,3.393770694732666,5.872924327850342
3.4297702312469482,3.395007371902466,5.8728861808776855
3.430142879486084,3.3952839374542236,5.874835014343262
3.430142879486084,3.3952839374542236,5.874835014343262
3.432152509689331,3.3955185413360596,5.878183841705322
3.432152509689331,3.3955185413360596,5.878183841705322
3.4331231117248535,3.3949975967407227,5.879703521728516
3.432790517807007,3.395616054534912,5.879063129425049
3.432790517807007,3.395616054534912,5.879063129425049
3.432163953781128,3.3977088928222656,5.876688480377197
3.432163953781128,3.3977088928222656,5.876688480377197
3.4315547943115234,3.398982286453247,5.877704620361328
3.4328911304473877,3.4006731510162354,5.881051540374756
3.4328911304473877,3.4006731510162354,5.881051540374756
3.4330193996429443,3.4018776416778564,5.8820390701293945
3.4330193996429443,3.4018776416778564,5.8820390701293945
3.4320805072784424,3.402963399887085,5.882340431213379
3.432330846786499,3.403813362121582,5.884329795837402
3.432330846786499,3.403813362121582,5.884329795837402
3.433055877685547,3.4041576385498047,5.8861846923828125
3.433055877685547,3.4041576385498047,5.8861846923828125
3.433806896209717,3.4047160148620605,5.886928081512451
3.432049512863159,3.4031484127044678,5.889932155609131
3.432049512863159,3.4031484127044678,5.889932155609131
3.4327964782714844,3.4004716873168945,5.896480083465576
3.4327964782714844,3.4004716873168945,5.896480083465576
3.4337079524993896,3.3995957374572754,5.898317813873291
3.434220552444458,3.401784896850586,5.896578311920166
3.434220552444458,3.401784896850586,5.896578311920166
3.434708833694458,3.4041848182678223,5.894169330596924
3.434708833694458,3.4041848182678223,5.894169330596924
3.435044527053833,3.404871702194214,5.8928680419921875
3.4335732460021973,3.401920795440674,5.894548416137695
3.4335732460021973,3.401920795440674,5.894548416137695
3.432995080947876,3.3999171257019043,5.897198677062988
3.432995080947876,3.3999171257019043,5.897198677062988
3.432957887649536,3.3998284339904785,5.898309707641602
3.433403491973877,3.401461124420166,5.897887229919434
3.433403491973877,3.401461124420166,5.897887229919434
3.433955192565918,3.4019360542297363,5.89817476272583
3.433955192565918,3.4019360542297363,5.89817476272583
3.435434103012085,3.4013242721557617,5.900904178619385
3.4370980262756348,3.4013407230377197,5.9011125564575195
3.4370980262756348,3.4013407230377197,5.9011125564575195
3.4381520748138428,3.4025700092315674,5.899937629699707
3.4381520748138428,3.4025700092315674,5.899937629699707
3.4387404918670654,3.403316020965576,5.90060567855835
3.438509225845337,3.4010794162750244,5.905060768127441
3.438509225845337,3.4010794162750244,5.905060768127441
3.4383537769317627,3.3994123935699463,5.908044338226318
3.4383537769317627,3.3994123935699463,5.908044338226318
3.4394471645355225,3.399556875228882,5.9091644287109375
3.4388222694396973,3.399292469024658,5.91065788269043
3.4388222694396973,3.399292469024658,5.91065788269043
3.4373276233673096,3.3980300426483154,5.909523010253906
3.4373276233673096,3.3980300426483154,5.909523010253906
3.4364137649536133,3.396470308303833,5.910082817077637
3.4348888397216797,3.3954391479492188,5.910665512084961
3.4348888397216797,3.3954391479492188,5.910665512084961
3.433452606201172,3.394791841506958,5.9111504554748535
3.433452606201172,3.394791841506958,5.9111504554748535
3.4319396018981934,3.3939120769500732,5.913487911224365
3.431173324584961,3.3941211700439453,5.915924072265625
3.431173324584961,3.3941211700439453,5.915924072265625
3.4310128688812256,3.395693063735962,5.916131496429443
3.4310128688812256,3.395693063735962,5.916131496429443
3.429888963699341,3.3968801498413086,5.916240215301514
3.4282751083374023,3.3960840702056885,5.91767692565918
3.4282751083374023,3.3960840702056885,5.91767692565918
3.428018093109131,3.396221399307251,5.917365550994873
3.428018093109131,3.396221399307251,5.917365550994873
3.4285976886749268,3.395724058151245,5.917731285095215
3.429591417312622,3.394862413406372,5.918323993682861
3.429591417312622,3.394862413406372,5.918323993682861
3.4299533367156982,3.394960403442383,5.917028427124023
3.4299533367156982,3.394960403442383,5.917028427124023
3.430098056793213,3.3942294120788574,5.916227340698242
3.429645538330078,3.3917229175567627,5.918842315673828
3.429645538330078,3.3917229175567627,5.918842315673828
3.431453227996826,3.391037702560425,5.9210100173950195
3.431453227996826,3.391037702560425,5.9210100173950195
3.432656764984131,3.391239881515503,5.922292232513428
3.430968999862671,3.3927080631256104,5.919585704803467
3.430968999862671,3.3927080631256104,5.919585704803467
3.4298460483551025,3.3938233852386475,5.916844367980957
3.4298460483551025,3.3938233852386475,5.916844367980957
3.4284815788269043,3.3929812908172607,5.918118000030518
3.429363250732422,3.3914377689361572,5.922914981842041
3.429363250732422,3.3914377689361572,5.922914981842041
3.431278944015503,3.3911452293395996,5.925873279571533
3.431278944015503,3.3911452293395996,5.925873279571533
3.4297046661376953,3.3885648250579834,5.92637300491333
3.4277560710906982,3.385070323944092,5.929681777954102
3.4277560710906982,3.385070323944092,5.929681777954102
3.4205617904663086,3.3825998306274414,5.930044651031494
3.4205617904663086,3.3825998306274414,5.930044651031494
