x,y,z
3.6454625129699707,3.520456075668335,3.8656537532806396
3.6478757858276367,3.5222036838531494,3.865200996398926
3.6478757858276367,3.5222036838531494,3.865200996398926
3.6407101154327393,3.5135138034820557,3.8672902584075928
3.640794277191162,3.5139026641845703,3.8673911094665527
3.6392629146575928,3.5142934322357178,3.8658666610717773
3.638624429702759,3.514653205871582,3.865835189819336
3.6422243118286133,3.5181944370269775,3.8666672706604004
3.6418347358703613,3.5197181701660156,3.8671059608459473
3.6418347358703613,3.5197181701660156,3.8671059608459473
3.643390655517578,3.5262937545776367,3.8677871227264404
3.6439075469970703,3.5283501148223877,3.867716073989868
3.6453137397766113,3.528970241546631,3.868865966796875
3.6453137397766113,3.528970241546631,3.868865966796875
3.6455347537994385,3.5302960872650146,3.8685145378112793
3.6446003913879395,3.5307488441467285,3.868185043334961
3.6446003913879395,3.5307488441467285,3.868185043334961
3.645448684692383,3.5337979793548584,3.8673462867736816
3.648766279220581,3.5365982055664062,3.8684046268463135
3.648287296295166,3.5348522663116455,3.8706419467926025
3.649284601211548,3.5338757038116455,3.870999336242676
3.64872407913208,3.5328052043914795,3.8710360527038574
3.646353244781494,3.531541347503662,3.8706552982330322
3.646353244781494,3.531541347503662,3.8706552982330322
3.645871639251709,3.5307271480560303,3.870800018310547
3.6422438621520996,3.526418924331665,3.8729660511016846
3.642378807067871,3.521850824356079,3.875617742538452
3.642597198486328,3.5205609798431396,3.8762900829315186
3.6429617404937744,3.521047830581665,3.8766627311706543
3.6429617404937744,3.521047830581665,3.8766627311706543
3.642825126647949,3.5195882320404053,3.8778204917907715
3.6426823139190674,3.521338701248169,3.8762075901031494
3.6415348052978516,3.522146463394165,3.8743488788604736
3.6394965648651123,3.5223021507263184,3.8732709884643555
3.6403005123138428,3.525587320327759,3.8709492683410645
3.639718532562256,3.5253684520721436,3.871141195297241
3.641496419906616,3.527617931365967,3.8715033531188965
3.641496419906616,3.527617931365967,3.8715033531188965
3.6431539058685303,3.527613878250122,3.8726425170898438
3.640639066696167,3.5234732627868652,3.87458872795105
3.6401076316833496,3.5196971893310547,3.8753392696380615
3.639158248901367,3.5198261737823486,3.8749773502349854
3.639158248901367,3.5198261737823486,3.8749773502349854
3.6388590335845947,3.5198326110839844,3.875030517578125
3.6388590335845947,3.5198326110839844,3.875030517578125
3.63904070854187,3.5214314460754395,3.8746390342712402
3.6392078399658203,3.5233306884765625,3.8738441467285156
3.638232707977295,3.5237107276916504,3.873598098754883
3.638232707977295,3.5237107276916504,3.873598098754883
3.6395223140716553,3.5255327224731445,3.8740012645721436
3.6385388374328613,3.522552728652954,3.8749256134033203
3.6413471698760986,3.522094249725342,3.875422954559326
3.641070604324341,3.5201120376586914,3.8755908012390137
3.639408826828003,3.5160319805145264,3.877063274383545
3.6393845081329346,3.5169520378112793,3.8768575191497803
3.6401638984680176,3.5191032886505127,3.8763160705566406
3.6401638984680176,3.5191032886505127,3.8763160705566406
3.6394920349121094,3.5211386680603027,3.8757400512695312
3.638308048248291,3.522900104522705,3.874480724334717
3.637573719024658,3.521898031234741,3.8745598793029785
3.637744188308716,3.520772695541382,3.8746657371520996
3.637338876724243,3.51716947555542,3.8765814304351807
3.637338876724243,3.51716947555542,3.8765814304351807
3.637707471847534,3.5166025161743164,3.8774333000183105
3.637401819229126,3.51580548286438,3.878065824508667
3.636692762374878,3.5175068378448486,3.8768162727355957
3.6362857818603516,3.518277883529663,3.875894069671631
3.635557174682617,3.5185587406158447,3.8752315044403076
3.635557174682617,3.5185587406158447,3.8752315044403076
3.6365113258361816,3.519165277481079,3.8756630420684814
3.635251760482788,3.518890857696533,3.8754491806030273
3.634701728820801,3.5185036659240723,3.8750791549682617
3.634701728820801,3.5185036659240723,3.8750791549682617
3.6349282264709473,3.5187692642211914,3.8751604557037354
3.6354260444641113,3.5197641849517822,3.8746981620788574
3.637129306793213,3.5206527709960938,3.8746650218963623
3.6355888843536377,3.5216238498687744,3.8737375736236572
3.6350584030151367,3.522611379623413,3.872576951980591
3.6350584030151367,3.522611379623413,3.872576951980591
3.6347687244415283,3.523237943649292,3.8722379207611084
3.6346633434295654,3.5258092880249023,3.871364116668701
3.634807586669922,3.5265352725982666,3.871340274810791
3.6335184574127197,3.529968500137329,3.870112180709839
3.6335184574127197,3.529968500137329,3.870112180709839
3.6325838565826416,3.5306472778320312,3.869358777999878
3.6324024200439453,3.532580614089966,3.868452787399292
3.631371259689331,3.533597946166992,3.867861747741699
3.631371259689331,3.533597946166992,3.867861747741699
3.6307594776153564,3.534139633178711,3.867530345916748
3.6290438175201416,3.5349364280700684,3.8657114505767822
3.627081871032715,3.535284996032715,3.864452362060547
3.627081871032715,3.535284996032715,3.864452362060547
3.625288248062134,3.534975528717041,3.86417818069458
3.6234560012817383,3.532848596572876,3.864351272583008
3.6234560012817383,3.532848596572876,3.864351272583008
3.620807409286499,3.5296685695648193,3.8643338680267334
3.6197240352630615,3.5308141708374023,3.863477945327759
3.619614362716675,3.5346391201019287,3.8617441654205322
3.619058609008789,3.538180351257324,3.860781192779541
3.619168519973755,3.5413711071014404,3.8605754375457764
3.619168519973755,3.5413711071014404,3.8605754375457764
3.6179778575897217,3.5428571701049805,3.860769271850586
3.61765456199646,3.5429019927978516,3.862149477005005
3.6150760650634766,3.5406789779663086,3.8634181022644043
3.6143381595611572,3.5405802726745605,3.863229751586914
3.6123054027557373,3.538398504257202,3.863372564315796
3.611431360244751,3.53835129737854,3.863030195236206
3.611431360244751,3.53835129737854,3.863030195236206
3.611661195755005,3.5382986068725586,3.8628506660461426
3.611253023147583,3.5401670932769775,3.8624207973480225
3.6116325855255127,3.54089617729187,3.8628103733062744
3.6116325855255127,3.54089617729187,3.8628103733062744
3.6110804080963135,3.5417163372039795,3.862518310546875
3.61094331741333,3.5403387546539307,3.8630447387695312
3.6097543239593506,3.5392935276031494,3.8632378578186035
3.6078367233276367,3.540832757949829,3.8613295555114746
3.6078367233276367,3.540832757949829,3.8613295555114746
3.606294631958008,3.543123245239258,3.8591561317443848
3.604893684387207,3.543576955795288,3.8583321571350098
3.6036694049835205,3.544635534286499,3.8573741912841797
3.602281093597412,3.546530246734619,3.8552563190460205
3.602281093597412,3.546530246734619,3.8552563190460205
3.601484775543213,3.547801971435547,3.853748321533203
3.6004652976989746,3.547760248184204,3.8525726795196533
3.5996756553649902,3.5475361347198486,3.8520846366882324
3.598827600479126,3.546704053878784,3.8515517711639404
3.5980687141418457,3.5469248294830322,3.8510096073150635
3.5964531898498535,3.5456690788269043,3.8506019115448
3.5964531898498535,3.5456690788269043,3.8506019115448
3.595020055770874,3.546480655670166,3.8497893810272217
3.594871759414673,3.5465950965881348,3.8494677543640137
3.5936436653137207,3.547816038131714,3.8487632274627686
3.593169927597046,3.549943447113037,3.847970485687256
3.593169927597046,3.549943447113037,3.847970485687256
3.5923309326171875,3.5505385398864746,3.847656011581421
3.5903398990631104,3.550081253051758,3.8471004962921143
3.5903398990631104,3.550081253051758,3.8471004962921143
3.5888125896453857,3.5477521419525146,3.847998857498169
3.586805582046509,3.5463593006134033,3.848132848739624
3.5862677097320557,3.5459346771240234,3.8479065895080566
3.5862677097320557,3.5459346771240234,3.8479065895080566
3.5843939781188965,3.545722723007202,3.8473050594329834
3.5837385654449463,3.5471794605255127,3.8459877967834473
3.5828895568847656,3.549452066421509,3.8443868160247803
3.5823538303375244,3.5506014823913574,3.842831611633301
3.5823538303375244,3.5506014823913574,3.842831611633301
3.5820364952087402,3.5494909286499023,3.8434998989105225
3.5808539390563965,3.5493123531341553,3.843240737915039
3.579899311065674,3.5484511852264404,3.8434059619903564
3.579899311065674,3.5484511852264404,3.8434059619903564
3.5786678791046143,3.547255039215088,3.8433072566986084
3.5766680240631104,3.5468697547912598,3.8417651653289795
3.5766680240631104,3.5468697547912598,3.8417651653289795
3.57513427734375,3.547957181930542,3.839799642562866
3.574517011642456,3.5497212409973145,3.8381199836730957
3.572906017303467,3.5509819984436035,3.8369197845458984
3.57323956489563,3.551588773727417,3.8362934589385986
3.57323956489563,3.551588773727417,3.8362934589385986
3.5721797943115234,3.5520451068878174,3.8355159759521484
3.572603464126587,3.5514559745788574,3.835235118865967
3.5712757110595703,3.549532890319824,3.8347883224487305
3.5712757110595703,3.549532890319824,3.8347883224487305
3.569847583770752,3.5475451946258545,3.834357738494873
3.5683186054229736,3.546823501586914,3.832756996154785
3.5674476623535156,3.547879219055176,3.83174467086792
3.567291259765625,3.5506057739257812,3.830570936203003
3.5660760402679443,3.553191661834717,3.8296058177948
3.5660760402679443,3.553191661834717,3.8296058177948
3.5658984184265137,3.5532877445220947,3.8292837142944336
3.564303159713745,3.5543057918548584,3.8284332752227783
3.563058376312256,3.5548927783966064,3.826909065246582
3.5625650882720947,3.555140972137451,3.8263230323791504
3.5625650882720947,3.555140972137451,3.8263230323791504
3.5619077682495117,3.5555717945098877,3.825320243835449
3.5621466636657715,3.5562424659729004,3.825011968612671
3.562835931777954,3.558429479598999,3.82378888130188
3.563918113708496,3.5604777336120605,3.8228981494903564
3.5629825592041016,3.5597083568573,3.822864294052124
3.562075614929199,3.5599708557128906,3.8227360248565674
3.5606930255889893,3.561821937561035,3.8212716579437256
3.5600059032440186,3.565274953842163,3.8192696571350098
3.5600059032440186,3.565274953842163,3.8192696571350098
3.5599284172058105,3.5693633556365967,3.8183295726776123
3.5611202716827393,3.5709080696105957,3.819030523300171
3.56249737739563,3.5691030025482178,3.82106876373291
3.56249737739563,3.5691030025482178,3.82106876373291
3.560774326324463,3.5666515827178955,3.821605920791626
3.5585522651672363,3.564527750015259,3.8209524154663086
3.556762456893921,3.5649518966674805,3.820631504058838
3.556101083755493,3.5658652782440186,3.819917678833008
3.556101083755493,3.5658652782440186,3.819917678833008
3.5555973052978516,3.567469835281372,3.8200461864471436
3.555490255355835,3.5697550773620605,3.820218086242676
3.555490255355835,3.5697550773620605,3.820218086242676
3.5556554794311523,3.5719735622406006,3.8199596405029297
3.555276393890381,3.5729215145111084,3.8202099800109863
3.555276393890381,3.5729215145111084,3.8202099800109863
3.555058240890503,3.572531223297119,3.8204433917999268
3.553847312927246,3.5711286067962646,3.819612741470337
3.5521700382232666,3.569852828979492,3.818809986114502
3.5521700382232666,3.569852828979492,3.818809986114502
3.5515127182006836,3.569847583770752,3.818063259124756
3.550670623779297,3.571293830871582,3.817539691925049
3.550670623779297,3.571293830871582,3.817539691925049
3.5502777099609375,3.5725183486938477,3.8173141479492188
3.548849582672119,3.5733349323272705,3.816509485244751
3.5469002723693848,3.5750625133514404,3.815387487411499
3.5463435649871826,3.5752553939819336,3.815110206604004
3.5463435649871826,3.5752553939819336,3.815110206604004
3.5462210178375244,3.5750467777252197,3.815142869949341
3.5462210178375244,3.5750467777252197,3.815142869949341
3.5452983379364014,3.571302652359009,3.8171072006225586
3.544900894165039,3.5728020668029785,3.8160996437072754
3.5457680225372314,3.5759193897247314,3.8150668144226074
3.5457680225372314,3.5759193897247314,3.8150668144226074
3.5457284450531006,3.5778555870056152,3.8155243396759033
3.544785737991333,3.578853130340576,3.8154377937316895
3.5442423820495605,3.579292058944702,3.8154327869415283
3.54585599899292,3.5794317722320557,3.816422700881958
3.54585599899292,3.5794317722320557,3.816422700881958
3.5457723140716553,3.5795981884002686,3.8180928230285645
3.543558120727539,3.5762221813201904,3.818275213241577
3.543558120727539,3.5762221813201904,3.818275213241577
3.5410537719726562,3.5722384452819824,3.816991090774536
3.539559841156006,3.570070743560791,3.816160202026367
3.538874387741089,3.5680723190307617,3.8165247440338135
3.538874387741089,3.5680723190307617,3.8165247440338135
3.5383708477020264,3.567952871322632,3.817767381668091
3.5388543605804443,3.5681731700897217,3.8182132244110107
3.5371434688568115,3.5684022903442383,3.8179283142089844
3.536431074142456,3.568305253982544,3.8175864219665527
3.535679817199707,3.5673441886901855,3.81765079498291
3.535679817199707,3.5673441886901855,3.81765079498291
3.5357205867767334,3.566817045211792,3.818253755569458
3.5355772972106934,3.5659608840942383,3.819369316101074
3.5350465774536133,3.5646941661834717,3.819857358932495
3.534287452697754,3.564459800720215,3.8194143772125244
3.534287452697754,3.564459800720215,3.8194143772125244
3.5334043502807617,3.565110921859741,3.8188583850860596
3.5345940589904785,3.567455291748047,3.818300485610962
3.5336599349975586,3.5712709426879883,3.8182871341705322
3.5336599349975586,3.5712709426879883,3.8182871341705322
3.533618450164795,3.575604200363159,3.8175933361053467
3.534151315689087,3.57761287689209,3.8177154064178467
3.534047842025757,3.579876661300659,3.817415714263916
3.534047842025757,3.579876661300659,3.817415714263916
3.5332224369049072,3.579050064086914,3.8187005519866943
3.5324795246124268,3.5778489112854004,3.817976951599121
3.532139539718628,3.5766258239746094,3.8183584213256836
3.532139539718628,3.5766258239746094,3.8183584213256836
3.531816244125366,3.576667547225952,3.8181025981903076
3.531230926513672,3.576270341873169,3.8183884620666504
3.531818151473999,3.5755507946014404,3.8191490173339844
3.531468152999878,3.575183868408203,3.8198750019073486
3.531867742538452,3.5747487545013428,3.820446252822876
3.5317580699920654,3.575462579727173,3.820072889328003
3.5315968990325928,3.575652599334717,3.819650173187256
3.5307652950286865,3.5754902362823486,3.8192298412323
3.52986216545105,3.575011968612671,3.819154739379883
3.52986216545105,3.575011968612671,3.819154739379883
3.5304975509643555,3.5746500492095947,3.820369243621826
3.530428171157837,3.576165199279785,3.8209900856018066
3.530998468399048,3.5770797729492188,3.8216934204101562
3.530998468399048,3.5770797729492188,3.8216934204101562
3.530367851257324,3.579207181930542,3.8211262226104736
3.5300192832946777,3.5808277130126953,3.8200926780700684
3.5294430255889893,3.5803334712982178,3.819786310195923
3.5294430255889893,3.5803334712982178,3.819786310195923
3.5293173789978027,3.5804502964019775,3.8200244903564453
3.5301826000213623,3.5807673931121826,3.8202261924743652
3.530168056488037,3.5821940898895264,3.8202614784240723
3.530168056488037,3.5821940898895264,3.8202614784240723
3.5302133560180664,3.5819578170776367,3.8200902938842773
3.529100179672241,3.5799643993377686,3.8195290565490723
3.527470111846924,3.5784332752227783,3.8197011947631836
3.527470111846924,3.5784332752227783,3.8197011947631836
3.527383327484131,3.577749729156494,3.819767713546753
3.5257909297943115,3.5780651569366455,3.8200693130493164
3.5257909297943115,3.5780651569366455,3.8200693130493164
3.526606798171997,3.579355239868164,3.8196349143981934
3.5272090435028076,3.5790493488311768,3.8209383487701416
3.526820659637451,3.58036732673645,3.8201866149902344
3.526176929473877,3.5808963775634766,3.8191752433776855
3.5245673656463623,3.5808045864105225,3.8184008598327637
3.5245673656463623,3.5808045864105225,3.8184008598327637
3.5239779949188232,3.5806121826171875,3.818000078201294
3.5250635147094727,3.582077980041504,3.8179633617401123
3.5256545543670654,3.5828933715820312,3.8184189796447754
3.5254123210906982,3.583095073699951,3.8187077045440674
3.5254123210906982,3.583095073699951,3.8187077045440674
3.5247716903686523,3.583120346069336,3.818479537963867
3.5236499309539795,3.5828685760498047,3.8173677921295166
3.5236499309539795,3.5828685760498047,3.8173677921295166
3.5235466957092285,3.5836446285247803,3.8169243335723877
3.523117780685425,3.584527015686035,3.8165090084075928
3.522357702255249,3.5840137004852295,3.816694498062134
3.522357702255249,3.5840137004852295,3.816694498062134
3.5217642784118652,3.5843570232391357,3.8160815238952637
3.5206480026245117,3.583991289138794,3.815249443054199
3.520421028137207,3.58449125289917,3.814948320388794
3.5208775997161865,3.584162712097168,3.815377712249756
3.5198121070861816,3.5840511322021484,3.8145105838775635
3.5198121070861816,3.5840511322021484,3.8145105838775635
3.520045280456543,3.584401845932007,3.814152956008911
3.5199906826019287,3.585286855697632,3.813373327255249
3.5193424224853516,3.5854196548461914,3.8128366470336914
3.5187783241271973,3.5849602222442627,3.8116872310638428
3.5187783241271973,3.5849602222442627,3.8116872310638428
3.518125057220459,3.586338758468628,3.810802459716797
3.5175628662109375,3.587916374206543,3.810021162033081
3.5175628662109375,3.587916374206543,3.810021162033081
3.517516613006592,3.589332342147827,3.809547185897827
3.5153656005859375,3.588707685470581,3.8093998432159424
3.5150198936462402,3.5881762504577637,3.809140205383301
3.514023542404175,3.588870048522949,3.8080365657806396
3.514023542404175,3.588870048522949,3.8080365657806396
3.5134694576263428,3.5885417461395264,3.8077340126037598
3.512474298477173,3.589465618133545,3.8067517280578613
3.512474298477173,3.589465618133545,3.8067517280578613
3.5112898349761963,3.590238571166992,3.806008815765381
3.5102155208587646,3.5903143882751465,3.8053219318389893
3.5102155208587646,3.5903143882751465,3.8053219318389893
3.509092330932617,3.588397741317749,3.805781602859497
3.5078341960906982,3.5876047611236572,3.8058149814605713
3.508065938949585,3.5870978832244873,3.8062193393707275
3.5073397159576416,3.5878305435180664,3.806796073913574
3.5073397159576416,3.5878305435180664,3.806796073913574
3.5079569816589355,3.588038682937622,3.807194232940674
3.506606101989746,3.58717679977417,3.807370662689209
3.506606101989746,3.58717679977417,3.807370662689209
3.5060510635375977,3.587374687194824,3.806572437286377
3.5049822330474854,3.5859453678131104,3.8065011501312256
3.5040996074676514,3.5845675468444824,3.8069610595703125
3.5040996074676514,3.5845675468444824,3.8069610595703125
3.5028328895568848,3.5819835662841797,3.807616949081421
3.5016753673553467,3.5801100730895996,3.8076958656311035
3.501387596130371,3.5800929069519043,3.807420492172241
3.5009922981262207,3.5802674293518066,3.8074381351470947
3.5009922981262207,3.5802674293518066,3.8074381351470947
3.5015618801116943,3.5806334018707275,3.8078501224517822
3.501110792160034,3.5804085731506348,3.807900905609131
3.501110792160034,3.5804085731506348,3.807900905609131
3.500324010848999,3.581608295440674,3.806215286254883
3.5003249645233154,3.583463191986084,3.8048388957977295
3.500704288482666,3.5843141078948975,3.8047256469726562
3.499791145324707,3.583951711654663,3.8043935298919678
3.499192714691162,3.583550453186035,3.804140567779541
3.499192714691162,3.583550453186035,3.804140567779541
3.4990031719207764,3.5838866233825684,3.8038179874420166
3.49930739402771,3.5844027996063232,3.8038015365600586
3.49930739402771,3.5844027996063232,3.8038015365600586
3.4993021488189697,3.584482431411743,3.803380012512207
3.4992735385894775,3.5846872329711914,3.8025596141815186
3.4992735385894775,3.5846872329711914,3.8025596141815186
3.4993834495544434,3.5856878757476807,3.8032100200653076
3.500102996826172,3.5871646404266357,3.80314564704895
3.4998373985290527,3.5879251956939697,3.8025999069213867
3.498467206954956,3.588967800140381,3.801438570022583
3.498467206954956,3.588967800140381,3.801438570022583
3.49833083152771,3.591188907623291,3.8011319637298584
3.497405529022217,3.5916588306427,3.801051616668701
3.496851921081543,3.590674877166748,3.8012635707855225
3.4952845573425293,3.588188648223877,3.8014233112335205
3.495462417602539,3.5860373973846436,3.802687168121338
3.495462417602539,3.5860373973846436,3.802687168121338
3.4950969219207764,3.58604097366333,3.8025765419006348
3.4962515830993652,3.5869064331054688,3.8031115531921387
3.4964540004730225,3.587017774581909,3.8027377128601074
3.4959256649017334,3.586888551712036,3.8020663261413574
3.4959256649017334,3.586888551712036,3.8020663261413574
3.4942519664764404,3.5857059955596924,3.8018298149108887
3.493623733520508,3.5860347747802734,3.801851511001587
3.494020938873291,3.5875065326690674,3.8010902404785156
3.494020938873291,3.5875065326690674,3.8010902404785156
3.4932079315185547,3.5878663063049316,3.7998201847076416
3.491190195083618,3.58748459815979,3.798346757888794
3.4904446601867676,3.586622953414917,3.797780752182007
3.4904446601867676,3.586622953414917,3.797780752182007
3.4892544746398926,3.585773468017578,3.7981491088867188
3.4901504516601562,3.5838379859924316,3.7996578216552734
3.4889938831329346,3.583249807357788,3.8003194332122803
3.488983392715454,3.582638740539551,3.800508975982666
3.488983392715454,3.582638740539551,3.800508975982666
3.487360715866089,3.5828213691711426,3.800386667251587
3.486320972442627,3.5818910598754883,3.8005566596984863
3.486260414123535,3.5814032554626465,3.8010306358337402
3.486116409301758,3.581747531890869,3.800677537918091
3.486116409301758,3.581747531890869,3.800677537918091
3.4860825538635254,3.581578254699707,3.8013439178466797
3.48535418510437,3.5818560123443604,3.801088809967041
3.4851670265197754,3.5814597606658936,3.801121473312378
3.4842443466186523,3.5807478427886963,3.8010711669921875
3.4845120906829834,3.5813026428222656,3.8006277084350586
3.4845120906829834,3.5813026428222656,3.8006277084350586
3.484743595123291,3.58272385597229,3.7998452186584473
3.4846460819244385,3.5832557678222656,3.7998571395874023
3.485973834991455,3.583261013031006,3.8003318309783936
3.4858875274658203,3.582899808883667,3.8007736206054688
3.4868571758270264,3.583559274673462,3.800230026245117
3.4862568378448486,3.584240198135376,3.79997181892395
3.486267328262329,3.585357427597046,3.798976421356201
3.4837114810943604,3.585663318634033,3.7974355220794678
3.4828009605407715,3.585336446762085,3.7965664863586426
3.4828009605407715,3.585336446762085,3.7965664863586426
3.4811975955963135,3.5839078426361084,3.7953765392303467
3.480020761489868,3.5827689170837402,3.79544997215271
3.480462074279785,3.58323073387146,3.795290470123291
3.4799070358276367,3.58339524269104,3.795452356338501
3.4792673587799072,3.5828049182891846,3.795677661895752
3.4792673587799072,3.5828049182891846,3.795677661895752
3.477717399597168,3.5833899974823,3.7944345474243164
3.4749460220336914,3.5833146572113037,3.7928504943847656
3.473283290863037,3.58288311958313,3.7925546169281006
3.4717185497283936,3.58060359954834,3.792051315307617
3.4702210426330566,3.5786399841308594,3.7919156551361084
3.4680466651916504,3.5758023262023926,3.7912580966949463
3.4680466651916504,3.5758023262023926,3.7912580966949463
3.4674181938171387,3.57422137260437,3.7915167808532715
3.467254400253296,3.5753157138824463,3.7914764881134033
3.4675092697143555,3.5752322673797607,3.7925684452056885
3.4683449268341064,3.57724666595459,3.7923030853271484
3.4683449268341064,3.57724666595459,3.7923030853271484
3.4675261974334717,3.5778064727783203,3.791499376296997
3.467010259628296,3.578829050064087,3.790215253829956
3.466550350189209,3.5794739723205566,3.7892842292785645
3.466550350189209,3.5794739723205566,3.7892842292785645
3.4664835929870605,3.57999324798584,3.789158582687378
3.4656131267547607,3.580775737762451,3.7878379821777344
3.465000629425049,3.581988573074341,3.7863950729370117
3.465000629425049,3.581988573074341,3.7863950729370117
3.4649462699890137,3.583204746246338,3.786170244216919
3.4657747745513916,3.5837743282318115,3.786428689956665
3.465819835662842,3.5842690467834473,3.7863287925720215
3.465819835662842,3.5842690467834473,3.7863287925720215
3.464857816696167,3.5832884311676025,3.7861320972442627
3.4631729125976562,3.5822718143463135,3.784992218017578
3.462026357650757,3.5817227363586426,3.78450345993042
3.4608840942382812,3.581662893295288,3.7832374572753906
3.459883213043213,3.581538438796997,3.782118320465088
3.458482027053833,3.5812644958496094,3.7811460494995117
3.457996368408203,3.5810546875,3.7811031341552734
3.457996368408203,3.5810546875,3.7811031341552734
3.457927942276001,3.5826845169067383,3.7798430919647217
3.455711841583252,3.5843727588653564,3.7787203788757324
3.455711841583252,3.5843727588653564,3.7787203788757324
3.454286813735962,3.585869550704956,3.7772953510284424
3.451683759689331,3.588618278503418,3.774264335632324
3.4512765407562256,3.5907037258148193,3.7729411125183105
3.4500632286071777,3.592664957046509,3.7711925506591797
3.4500632286071777,3.592664957046509,3.7711925506591797
3.448737621307373,3.5938093662261963,3.7703583240509033
3.4484996795654297,3.5944302082061768,3.769887924194336
3.4479050636291504,3.5954430103302,3.769441843032837
3.4476981163024902,3.5950634479522705,3.7695798873901367
3.4466867446899414,3.5937087535858154,3.769625425338745
3.4464502334594727,3.5927693843841553,3.7693684101104736
3.4458329677581787,3.5923867225646973,3.7686383724212646
3.4451117515563965,3.5923733711242676,3.7678959369659424
3.4451117515563965,3.5923733711242676,3.7678959369659424
3.4441630840301514,3.5933456420898438,3.7671329975128174
3.4433863162994385,3.5939619541168213,3.7667534351348877
3.4421238899230957,3.5934486389160156,3.76682186126709
3.4421238899230957,3.5934486389160156,3.76682186126709
3.441781997680664,3.59358286857605,3.7666385173797607
3.4404830932617188,3.5945022106170654,3.76570987701416
3.439479351043701,3.5951831340789795,3.765146255493164
3.4384632110595703,3.5956027507781982,3.7646687030792236
3.4384632110595703,3.5956027507781982,3.7646687030792236
3.437662363052368,3.5953569412231445,3.7645809650421143
3.4366204738616943,3.595848798751831,3.7644429206848145
3.4365673065185547,3.5962891578674316,3.7641496658325195
3.4363796710968018,3.596907138824463,3.7645983695983887
3.435664653778076,3.596863031387329,3.7643213272094727
3.4353716373443604,3.5966227054595947,3.763376474380493
3.4353716373443604,3.5966227054595947,3.763376474380493
3.4327290058135986,3.595487117767334,3.761517286300659
3.430633306503296,3.5948002338409424,3.760159730911255
3.430633306503296,3.5948002338409424,3.760159730911255
3.4303317070007324,3.5952157974243164,3.7591958045959473
3.4301464557647705,3.5955121517181396,3.7589664459228516
3.4289889335632324,3.5959980487823486,3.75793194770813
3.427654981613159,3.594182252883911,3.7579312324523926
3.427654981613159,3.594182252883911,3.7579312324523926
3.4257700443267822,3.591832399368286,3.757096290588379
3.424028158187866,3.5888121128082275,3.7569332122802734
3.4241857528686523,3.5882835388183594,3.7568283081054688
3.4233474731445312,3.5891528129577637,3.7565102577209473
3.4237513542175293,3.589682102203369,3.7565505504608154
3.423701047897339,3.5910003185272217,3.7564496994018555
3.423701047897339,3.5910003185272217,3.7564496994018555
3.42318058013916,3.5902750492095947,3.7565815448760986
3.4225172996520996,3.5882229804992676,3.756686210632324
3.422041416168213,3.5875368118286133,3.756721019744873
3.421842098236084,3.58691668510437,3.7568717002868652
3.422060012817383,3.5870540142059326,3.7573187351226807
3.421760320663452,3.587381601333618,3.756870746612549
3.421760320663452,3.587381601333618,3.756870746612549
3.4206302165985107,3.588581085205078,3.7554662227630615
3.4197330474853516,3.5898149013519287,3.7537763118743896
3.4194438457489014,3.59110951423645,3.7526211738586426
3.4194438457489014,3.59110951423645,3.7526211738586426
3.4189016819000244,3.5912160873413086,3.752037525177002
3.41778826713562,3.591140031814575,3.7510058879852295
3.4163622856140137,3.589958667755127,3.750598669052124
3.4157981872558594,3.588941812515259,3.750452995300293
3.4157981872558594,3.588941812515259,3.750452995300293
3.414364814758301,3.587670087814331,3.7503180503845215
3.414283514022827,3.586428642272949,3.750492811203003
3.414762020111084,3.5866904258728027,3.750798463821411
3.4150257110595703,3.5876107215881348,3.750920534133911
3.4150257110595703,3.5876107215881348,3.750920534133911
3.4152889251708984,3.5892372131347656,3.750432252883911
3.4149010181427,3.5905649662017822,3.749852180480957
3.412961483001709,3.5918893814086914,3.748000383377075
3.4125564098358154,3.592231512069702,3.747753620147705
3.4125564098358154,3.592231512069702,3.747753620147705
3.411736488342285,3.5931315422058105,3.7465903759002686
3.411909341812134,3.594208002090454,3.7468247413635254
3.4124722480773926,3.5942232608795166,3.7470040321350098
3.4118807315826416,3.5946125984191895,3.7466516494750977
3.4111058712005615,3.5960042476654053,3.7458996772766113
3.4119174480438232,3.597105026245117,3.746049165725708
3.4119174480438232,3.597105026245117,3.746049165725708
3.411998748779297,3.596607208251953,3.7475569248199463
3.4117910861968994,3.5963027477264404,3.7484536170959473
3.4117910861968994,3.5963027477264404,3.7484536170959473
3.4108011722564697,3.5960195064544678,3.7488832473754883
3.4076266288757324,3.5940184593200684,3.749838352203369
3.408027172088623,3.593247652053833,3.750640630722046
3.407212018966675,3.592691659927368,3.750284194946289
3.407212018966675,3.592691659927368,3.750284194946289
3.406656265258789,3.5934195518493652,3.749176025390625
3.406867742538452,3.594640016555786,3.748849630355835
3.4073808193206787,3.5957822799682617,3.7488749027252197
3.407520294189453,3.595391273498535,3.749244213104248
3.407520294189453,3.595391273498535,3.749244213104248
3.407684087753296,3.5939722061157227,3.7499094009399414
3.4078030586242676,3.5938196182250977,3.7496695518493652
3.4078030586242676,3.5938196182250977,3.7496695518493652
3.4076452255249023,3.5941567420959473,3.7495126724243164
3.4069955348968506,3.5952556133270264,3.749004364013672
3.4069955348968506,3.5952556133270264,3.749004364013672
3.406053066253662,3.5949716567993164,3.7480735778808594
3.404435157775879,3.5944480895996094,3.747028112411499
3.403691053390503,3.594226598739624,3.7465133666992188
3.4034812450408936,3.5941519737243652,3.746121883392334
3.4034812450408936,3.5941519737243652,3.746121883392334
3.4029133319854736,3.594804286956787,3.7456233501434326
3.4013752937316895,3.596184015274048,3.7444722652435303
3.4006409645080566,3.596808433532715,3.743581533432007
3.4006409645080566,3.596808433532715,3.743581533432007
3.400111675262451,3.597308874130249,3.743006944656372
3.400183916091919,3.5965218544006348,3.7429134845733643
3.4002525806427,3.5966169834136963,3.742551565170288
3.3998184204101562,3.5968096256256104,3.7420761585235596
3.3998184204101562,3.5968096256256104,3.7420761585235596
3.399613857269287,3.5969228744506836,3.741255044937134
3.3985044956207275,3.596946954727173,3.740532636642456
3.398210048675537,3.596754312515259,3.740126132965088
3.3962740898132324,3.5960021018981934,3.7396531105041504
3.3962740898132324,3.5960021018981934,3.7396531105041504
3.3946480751037598,3.594663143157959,3.7392873764038086
3.393822193145752,3.5949008464813232,3.7386536598205566
3.3933181762695312,3.595060348510742,3.7382349967956543
3.3933181762695312,3.595060348510742,3.7382349967956543
3.3932883739471436,3.5946707725524902,3.7383511066436768
3.3923826217651367,3.594942331314087,3.7385640144348145
3.392716407775879,3.595374345779419,3.7386045455932617
3.3922243118286133,3.595069169998169,3.7389280796051025
3.3922243118286133,3.595069169998169,3.7389280796051025
3.390468120574951,3.5923523902893066,3.7390968799591064
3.388683319091797,3.590306520462036,3.7386882305145264
3.3883843421936035,3.589052677154541,3.7390499114990234
3.3883843421936035,3.589052677154541,3.7390499114990234
3.3883168697357178,3.5881142616271973,3.7396440505981445
3.3883204460144043,3.5891034603118896,3.7393407821655273
3.388065814971924,3.58979868888855,3.7386906147003174
3.388065814971924,3.58979868888855,3.7386906147003174
3.387650966644287,3.589765787124634,3.7385549545288086
3.387542724609375,3.590651512145996,3.738471746444702
3.387375831604004,3.5909619331359863,3.738198757171631
3.3869853019714355,3.591736316680908,3.737396240234375
3.383882761001587,3.591571569442749,3.735170602798462
3.3833065032958984,3.592073440551758,3.7343761920928955
3.3833065032958984,3.592073440551758,3.7343761920928955
3.382607936859131,3.5927999019622803,3.733484983444214
3.382286548614502,3.5938098430633545,3.7334444522857666
3.382193088531494,3.5939576625823975,3.733315944671631
3.380446434020996,3.593087911605835,3.732992172241211
3.380446434020996,3.593087911605835,3.732992172241211
3.3788321018218994,3.5927541255950928,3.731753349304199
3.377208948135376,3.5926079750061035,3.730855941772461
3.374372959136963,3.59140682220459,3.7299723625183105
3.374372959136963,3.59140682220459,3.7299723625183105
3.373185634613037,3.5907070636749268,3.729156255722046
3.373361349105835,3.590277910232544,3.7292981147766113
3.3733246326446533,3.5905418395996094,3.729248046875
3.374379873275757,3.591210126876831,3.7290444374084473
3.374379873275757,3.591210126876831,3.7290444374084473
3.374241590499878,3.5918989181518555,3.728825330734253
3.373727560043335,3.5925936698913574,3.7280075550079346
3.372084617614746,3.5938239097595215,3.726083278656006
3.3714513778686523,3.5945122241973877,3.725327968597412
3.3713860511779785,3.5957906246185303,3.725313901901245
3.3713860511779785,3.5957906246185303,3.725313901901245
3.372267484664917,3.595710277557373,3.7266056537628174
3.370999336242676,3.5950422286987305,3.727128028869629
3.368978977203369,3.5933127403259277,3.7271618843078613
3.3659727573394775,3.5915849208831787,3.727522134780884
3.3659727573394775,3.5915849208831787,3.727522134780884
3.366231679916382,3.5913498401641846,3.7275848388671875
3.366231679916382,3.5913498401641846,3.7275848388671875
3.366713047027588,3.5920910835266113,3.7276949882507324
3.3664140701293945,3.5927891731262207,3.7273857593536377
3.3658881187438965,3.592996597290039,3.726907968521118
3.3657023906707764,3.593564987182617,3.7263758182525635
3.3657023906707764,3.593564987182617,3.7263758182525635
3.365299701690674,3.592893600463867,3.7263290882110596
3.36506724357605,3.5926809310913086,3.7261831760406494
3.3642430305480957,3.5945608615875244,3.7257847785949707
3.3634462356567383,3.595576047897339,3.7251176834106445
3.3634462356567383,3.595576047897339,3.7251176834106445
3.363186836242676,3.5952227115631104,3.725289821624756
3.3616604804992676,3.592479705810547,3.7261860370635986
3.361227035522461,3.5921332836151123,3.7259011268615723
3.361237049102783,3.5925872325897217,3.725722551345825
3.361237049102783,3.5925872325897217,3.725722551345825
3.3613522052764893,3.5928213596343994,3.7261195182800293
3.3607900142669678,3.5933523178100586,3.725419759750366
3.3598644733428955,3.593224048614502,3.724574089050293
3.358558416366577,3.5920584201812744,3.723534345626831
3.358558416366577,3.5920584201812744,3.723534345626831
3.3569283485412598,3.590467929840088,3.723525285720825
3.3567121028900146,3.590291738510132,3.723761558532715
3.3557257652282715,3.589905023574829,3.7233855724334717
3.3541011810302734,3.5890588760375977,3.7228057384490967
3.3541011810302734,3.5890588760375977,3.7228057384490967
3.353652238845825,3.588928699493408,3.7224225997924805
3.3525826930999756,3.588317394256592,3.7220659255981445
3.3524844646453857,3.5883114337921143,3.7224724292755127
3.3524844646453857,3.5883114337921143,3.7224724292755127
3.353175401687622,3.587346076965332,3.7237112522125244
3.3523929119110107,3.585519790649414,3.7250359058380127
3.352445602416992,3.584414005279541,3.72501802444458
3.352445602416992,3.584414005279541,3.72501802444458
3.351560354232788,3.5835158824920654,3.724644899368286
3.351732015609741,3.58284854888916,3.7245423793792725
3.352174758911133,3.5814220905303955,3.7252628803253174
3.352174758911133,3.5814220905303955,3.7252628803253174
3.3524649143218994,3.580284357070923,3.725724220275879
3.3513705730438232,3.578584671020508,3.72640061378479
3.3498778343200684,3.578705072402954,3.7254598140716553
3.3498778343200684,3.578705072402954,3.7254598140716553
3.349590301513672,3.5796165466308594,3.7248783111572266
3.348999261856079,3.57960844039917,3.7248599529266357
3.3488826751708984,3.5796408653259277,3.7251672744750977
3.3481106758117676,3.5798258781433105,3.7245757579803467
3.3467400074005127,3.5805370807647705,3.724121570587158
3.3441689014434814,3.5808045864105225,3.722957134246826
3.3441689014434814,3.5808045864105225,3.722957134246826
3.3425209522247314,3.5804474353790283,3.7225894927978516
3.3416945934295654,3.5809144973754883,3.7217040061950684
3.3402748107910156,3.581932544708252,3.720416307449341
3.3397669792175293,3.5827462673187256,3.7205655574798584
3.3397669792175293,3.5827462673187256,3.7205655574798584
3.3388729095458984,3.5815658569335938,3.721015214920044
3.3378796577453613,3.580946683883667,3.7204537391662598
3.337376117706299,3.5799143314361572,3.7202913761138916
3.337053060531616,3.5804688930511475,3.720276355743408
3.337053060531616,3.5804688930511475,3.720276355743408
3.3367350101470947,3.5814194679260254,3.7200207710266113
3.3371522426605225,3.5823917388916016,3.7203896045684814
3.3362298011779785,3.581637144088745,3.719909906387329
3.334812641143799,3.5796782970428467,3.719684600830078
3.334812641143799,3.5796782970428467,3.719684600830078
3.3335978984832764,3.5788776874542236,3.719116449356079
3.3328022956848145,3.578728199005127,3.719020128250122
3.3328022956848145,3.578728199005127,3.719020128250122
3.333986282348633,3.5806078910827637,3.719085454940796
3.333855152130127,3.5814881324768066,3.7192275524139404
3.333097219467163,3.582146406173706,3.7183825969696045
3.333097219467163,3.582146406173706,3.7183825969696045
3.332167387008667,3.5822346210479736,3.7182228565216064
3.331447124481201,3.580930709838867,3.7187862396240234
3.331042766571045,3.580855131149292,3.718531370162964
3.3303141593933105,3.5807530879974365,3.7181758880615234
3.330782890319824,3.581422805786133,3.7181172370910645
3.330782890319824,3.581422805786133,3.7181172370910645
3.330875873565674,3.5824086666107178,3.717484712600708
3.3302114009857178,3.5824060440063477,3.716510534286499
3.3302114009857178,3.5824060440063477,3.716510534286499
3.329429864883423,3.581737995147705,3.7155916690826416
3.3293230533599854,3.58134388923645,3.714458703994751
3.3299942016601562,3.5813992023468018,3.7149159908294678
3.329902410507202,3.5811967849731445,3.7157135009765625
3.329636573791504,3.5819966793060303,3.715222120285034
3.329636573791504,3.5819966793060303,3.715222120285034
3.3296010494232178,3.5842809677124023,3.713613271713257
3.328928232192993,3.584758758544922,3.713132858276367
3.327946186065674,3.5854151248931885,3.71244215965271
3.326331853866577,3.5829734802246094,3.7127768993377686
3.326331853866577,3.5829734802246094,3.7127768993377686
3.3252594470977783,3.581568479537964,3.7126855850219727
3.3243248462677,3.580272912979126,3.7125468254089355
3.324432611465454,3.580214738845825,3.7127833366394043
3.324432611465454,3.580214738845825,3.7127833366394043
3.324410915374756,3.5813348293304443,3.7125093936920166
3.3240115642547607,3.5819778442382812,3.7123019695281982
3.323746681213379,3.582051992416382,3.71243953704834
3.3233025074005127,3.5811493396759033,3.712737798690796
3.3233025074005127,3.5811493396759033,3.712737798690796
3.322071075439453,3.579267740249634,3.712869167327881
3.3203234672546387,3.577237367630005,3.7127013206481934
3.3194847106933594,3.576749801635742,3.712336301803589
3.3194847106933594,3.576749801635742,3.712336301803589
3.3186607360839844,3.57655668258667,3.711852550506592
3.3177781105041504,3.5764129161834717,3.7110750675201416
3.3170387744903564,3.5753161907196045,3.7109410762786865
3.3163599967956543,3.573417901992798,3.711456775665283
3.3163599967956543,3.573417901992798,3.711456775665283
3.314586639404297,3.5720508098602295,3.7116687297821045
3.312814474105835,3.570359230041504,3.711214065551758
3.312814474105835,3.570359230041504,3.711214065551758
3.31187105178833,3.569883108139038,3.710891008377075
3.311676502227783,3.5702767372131348,3.7103641033172607
3.311678886413574,3.5705947875976562,3.71012282371521
3.311678886413574,3.5705947875976562,3.71012282371521
3.310570478439331,3.5711231231689453,3.7102320194244385
3.309218645095825,3.571568727493286,3.7100648880004883
3.3074915409088135,3.5720114707946777,3.710409164428711
3.3074915409088135,3.5720114707946777,3.710409164428711
3.307326078414917,3.5711617469787598,3.7116191387176514
3.307356595993042,3.5695950984954834,3.7127034664154053
3.3070762157440186,3.568161964416504,3.713365077972412
3.30686354637146,3.5676352977752686,3.712989330291748
3.3066670894622803,3.568291664123535,3.711838722229004
3.306067943572998,3.5686135292053223,3.7117230892181396
3.306067943572998,3.5686135292053223,3.7117230892181396
3.305734395980835,3.56881046295166,3.7117578983306885
3.304129123687744,3.5681252479553223,3.71138596534729
3.3037939071655273,3.5675857067108154,3.71172833442688
3.303731679916382,3.566909074783325,3.712249279022217
3.303248167037964,3.5651471614837646,3.714465618133545
3.301952362060547,3.5621840953826904,3.7157187461853027
3.301952362060547,3.5621840953826904,3.7157187461853027
3.301021099090576,3.5619254112243652,3.7148215770721436
3.30045747756958,3.5626676082611084,3.71392560005188
3.3018641471862793,3.5648813247680664,3.713674545288086
3.3018641471862793,3.5648813247680664,3.713674545288086
3.302616834640503,3.5660455226898193,3.7140698432922363
3.302668333053589,3.566488265991211,3.713993549346924
3.303032875061035,3.5661323070526123,3.7138595581054688
3.3015708923339844,3.5637247562408447,3.713473081588745
3.3015708923339844,3.5637247562408447,3.713473081588745
3.301729679107666,3.56327486038208,3.713132619857788
3.301952838897705,3.5642619132995605,3.7128872871398926
3.302201986312866,3.565406560897827,3.7122092247009277
3.302201986312866,3.565406560897827,3.7122092247009277
3.301558017730713,3.5664310455322266,3.7126359939575195
3.3030385971069336,3.5674045085906982,3.713562250137329
3.302182674407959,3.5673937797546387,3.7138140201568604
3.3011293411254883,3.567234516143799,3.713146924972534
3.3011293411254883,3.567234516143799,3.713146924972534
3.3005270957946777,3.5673210620880127,3.712592840194702
3.299236536026001,3.567441463470459,3.712336778640747
3.2991838455200195,3.5680201053619385,3.711968421936035
3.2983694076538086,3.5677199363708496,3.711900234222412
3.2983694076538086,3.5677199363708496,3.711900234222412
3.2967824935913086,3.567394971847534,3.7109837532043457
3.296631336212158,3.567476272583008,3.7105188369750977
3.2965087890625,3.5679807662963867,3.7104134559631348
3.297210693359375,3.569570779800415,3.7092504501342773
3.297210693359375,3.569570779800415,3.7092504501342773
3.2964413166046143,3.5696654319763184,3.708409309387207
3.295583724975586,3.5691494941711426,3.707350015640259
3.294245958328247,3.5686826705932617,3.7063791751861572
3.2925024032592773,3.566390037536621,3.7062737941741943
3.2925024032592773,3.566390037536621,3.7062737941741943
3.2903003692626953,3.56489634513855,3.7061352729797363
3.2903003692626953,3.56489634513855,3.7061352729797363
3.2899398803710938,3.5649051666259766,3.7060508728027344
3.2897353172302246,3.5646748542785645,3.7064263820648193
3.2900097370147705,3.5646114349365234,3.7069828510284424
3.2903084754943848,3.56376576423645,3.7078189849853516
3.2903084754943848,3.56376576423645,3.7078189849853516
3.289806842803955,3.5633323192596436,3.7082395553588867
3.2896687984466553,3.5632193088531494,3.708385944366455
3.2895193099975586,3.5628063678741455,3.7086799144744873
3.289933443069458,3.561771869659424,3.7088537216186523
3.289933443069458,3.561771869659424,3.7088537216186523
3.2906923294067383,3.5591185092926025,3.7104876041412354
3.290922164916992,3.55690860748291,3.711024284362793
3.2913858890533447,3.5560028553009033,3.7115108966827393
3.2913858890533447,3.5560028553009033,3.7115108966827393
3.290665864944458,3.5549778938293457,3.7119014263153076
3.290027379989624,3.5554027557373047,3.7107739448547363
3.289947986602783,3.5571444034576416,3.7094011306762695
3.289947986602783,3.5571444034576416,3.7094011306762695
3.2903923988342285,3.5580127239227295,3.7095251083374023
3.2911102771759033,3.556147336959839,3.7116565704345703
3.289799213409424,3.5538177490234375,3.71262788772583
3.2891809940338135,3.5537421703338623,3.712336778640747
3.2891809940338135,3.5537421703338623,3.712336778640747
3.2877414226531982,3.5544846057891846,3.7114102840423584
3.2859795093536377,3.5566234588623047,3.709728240966797
3.2859795093536377,3.5566234588623047,3.709728240966797
3.2849068641662598,3.558211326599121,3.708012342453003
3.2841906547546387,3.5584981441497803,3.7070536613464355
3.283080816268921,3.557323932647705,3.706998825073242
3.283080816268921,3.557323932647705,3.706998825073242
3.2829837799072266,3.5567352771759033,3.7068772315979004
3.281928539276123,3.557199001312256,3.705411195755005
3.2818026542663574,3.5588126182556152,3.704195261001587
3.2812094688415527,3.5595998764038086,3.703484535217285
3.2797744274139404,3.5611345767974854,3.7019553184509277
3.2780957221984863,3.5612940788269043,3.700896978378296
3.27697491645813,3.560875415802002,3.7000505924224854
3.27697491645813,3.560875415802002,3.7000505924224854
3.2756292819976807,3.5599710941314697,3.6991569995880127
3.2743914127349854,3.5596885681152344,3.698439121246338
3.2721199989318848,3.5604119300842285,3.697735071182251
3.2711024284362793,3.560908794403076,3.697484016418457
3.271517038345337,3.5616323947906494,3.697131872177124
3.271517038345337,3.5616323947906494,3.697131872177124
3.2709271907806396,3.5624561309814453,3.6966702938079834
3.2705698013305664,3.56310772895813,3.6964943408966064
3.2701683044433594,3.564115047454834,3.696272850036621
3.2701406478881836,3.564298152923584,3.6964950561523438
3.2697949409484863,3.5650546550750732,3.6958861351013184
3.2697949409484863,3.5650546550750732,3.6958861351013184
3.269942045211792,3.565941572189331,3.695035219192505
3.269404411315918,3.565716505050659,3.695003032684326
3.2685859203338623,3.5652198791503906,3.694680690765381
3.268686294555664,3.5648748874664307,3.694525718688965
3.2677953243255615,3.5637564659118652,3.6946754455566406
3.2677953243255615,3.5637564659118652,3.6946754455566406
3.268258810043335,3.5633373260498047,3.6948916912078857
3.268073081970215,3.563763380050659,3.6949141025543213
3.2668392658233643,3.5621695518493652,3.6951141357421875
3.2651453018188477,3.560899019241333,3.694017171859741
3.264577865600586,3.560530185699463,3.693742275238037
3.264577865600586,3.560530185699463,3.693742275238037
3.26481032371521,3.5609402656555176,3.6931207180023193
3.2643229961395264,3.560952663421631,3.6928515434265137
3.2636518478393555,3.5605335235595703,3.692620277404785
3.2626917362213135,3.5594799518585205,3.692000389099121
3.262317180633545,3.559018611907959,3.6913585662841797
3.2623934745788574,3.5584545135498047,3.6913530826568604
3.2623934745788574,3.5584545135498047,3.6913530826568604
3.262087821960449,3.558229446411133,3.6917498111724854
3.26227068901062,3.5572924613952637,3.692760705947876
3.261530876159668,3.556417942047119,3.6933188438415527
3.2603797912597656,3.555269241333008,3.6934382915496826
3.2603797912597656,3.555269241333008,3.6934382915496826
3.2595369815826416,3.553483724594116,3.6945528984069824
3.2588961124420166,3.551116943359375,3.6950623989105225
3.2585649490356445,3.5501718521118164,3.6943795680999756
3.2585649490356445,3.5501718521118164,3.6943795680999756
3.258535146713257,3.549288749694824,3.693641185760498
3.2583374977111816,3.5480570793151855,3.693343162536621
3.258456230163574,3.547548770904541,3.6931324005126953
3.258456230163574,3.547548770904541,3.6931324005126953
3.2576558589935303,3.5463547706604004,3.6930766105651855
3.2556519508361816,3.5449934005737305,3.692621946334839
3.2549824714660645,3.5445239543914795,3.692328929901123
3.2549824714660645,3.5445239543914795,3.692328929901123
3.253713607788086,3.5443596839904785,3.6917080879211426
3.2524118423461914,3.544419050216675,3.691157102584839
3.2515220642089844,3.544081687927246,3.6908483505249023
3.251086950302124,3.543038845062256,3.691044569015503
3.2501938343048096,3.541533946990967,3.691312551498413
3.2501938343048096,3.541533946990967,3.691312551498413
3.2488467693328857,3.54099702835083,3.6911261081695557
3.2481627464294434,3.540627956390381,3.6908299922943115
3.2477307319641113,3.540219306945801,3.690732717514038
3.2470548152923584,3.5397391319274902,3.690150260925293
3.246209144592285,3.5393049716949463,3.6895508766174316
3.2450804710388184,3.539475917816162,3.688784599304199
3.2442591190338135,3.5402395725250244,3.687788963317871
3.2442591190338135,3.5402395725250244,3.687788963317871
3.244123697280884,3.540949821472168,3.686648368835449
3.2432501316070557,3.5423433780670166,3.6851770877838135
3.240523099899292,3.544362783432007,3.6840834617614746
3.240523099899292,3.544362783432007,3.6840834617614746
3.2386081218719482,3.546480655670166,3.6822729110717773
3.2386081218719482,3.546480655670166,3.6822729110717773
3.2377185821533203,3.5473129749298096,3.6816394329071045
3.237255573272705,3.548110246658325,3.6811416149139404
3.236298084259033,3.5486714839935303,3.6805388927459717
3.235445261001587,3.548856735229492,3.679884195327759
3.234304189682007,3.54875111579895,3.6792924404144287
3.2334139347076416,3.548466444015503,3.6787538528442383
3.231692314147949,3.5476505756378174,3.6772563457489014
3.2303059101104736,3.5467653274536133,3.6763155460357666
3.228681802749634,3.5457446575164795,3.674988031387329
3.2273082733154297,3.5453970432281494,3.673616647720337
3.2273082733154297,3.5453970432281494,3.673616647720337
3.227402925491333,3.545365810394287,3.672595739364624
3.2255663871765137,3.545189142227173,3.671640396118164
3.2237231731414795,3.5451817512512207,3.6694588661193848
3.223836660385132,3.5455970764160156,3.6685686111450195
3.2228031158447266,3.545363664627075,3.6679413318634033
3.222419023513794,3.5448386669158936,3.667681932449341
3.2209737300872803,3.539947748184204,3.66988205909729
3.220454216003418,3.5391578674316406,3.6693918704986572
3.2196476459503174,3.5390055179595947,3.6674857139587402
3.2196476459503174,3.5390055179595947,3.6674857139587402
3.218740463256836,3.539421796798706,3.6665854454040527
3.2175400257110596,3.539447784423828,3.6658239364624023
3.2158308029174805,3.5379414558410645,3.6651241779327393
3.2142491340637207,3.536541223526001,3.6639926433563232
3.2142491340637207,3.536541223526001,3.6639926433563232
3.211374521255493,3.534194231033325,3.662241220474243
3.2085652351379395,3.5347306728363037,3.658496856689453
3.2085652351379395,3.5347306728363037,3.658496856689453
3.2059197425842285,3.5358057022094727,3.656085252761841
3.205942153930664,3.5368709564208984,3.655038595199585
3.203829526901245,3.537641763687134,3.652827262878418
3.2025866508483887,3.5373458862304688,3.6518099308013916
3.2025866508483887,3.5373458862304688,3.6518099308013916
3.2006845474243164,3.536235809326172,3.6501624584198
3.1992568969726562,3.534940242767334,3.649597406387329
3.1984403133392334,3.534069538116455,3.6488735675811768
3.198084831237793,3.5348079204559326,3.647479772567749
3.1973493099212646,3.5356688499450684,3.645477294921875
3.1973493099212646,3.5356688499450684,3.645477294921875
3.196687936782837,3.5352702140808105,3.6444363594055176
3.194206476211548,3.532233953475952,3.6434905529022217
3.194206476211548,3.532233953475952,3.6434905529022217
3.1914429664611816,3.5280258655548096,3.643939733505249
3.1885507106781006,3.5236051082611084,3.6431798934936523
3.188112735748291,3.5227408409118652,3.644336700439453
3.188112735748291,3.5227408409118652,3.644336700439453
3.188462018966675,3.522456407546997,3.645268201828003
3.188098907470703,3.5233657360076904,3.6453592777252197
3.188098907470703,3.5233657360076904,3.6453592777252197
3.18766188621521,3.5237936973571777,3.6446995735168457
3.1848435401916504,3.522585391998291,3.6434926986694336
3.1840744018554688,3.521777868270874,3.6425399780273438
3.1832640171051025,3.520836114883423,3.641932725906372
3.1822714805603027,3.5204951763153076,3.64058780670166
3.181579828262329,3.5201854705810547,3.640066385269165
3.181579828262329,3.5201854705810547,3.640066385269165
3.180453062057495,3.5193979740142822,3.6397242546081543
3.1776609420776367,3.516421318054199,3.639591932296753
3.1776609420776367,3.516421318054199,3.639591932296753
3.176309108734131,3.5123252868652344,3.6400539875030518
3.176309108734131,3.5123252868652344,3.6400539875030518
3.1733107566833496,3.506960391998291,3.6408896446228027
3.171492099761963,3.5045347213745117,3.6402924060821533
3.169201374053955,3.5018861293792725,3.6400222778320312
3.1664857864379883,3.5000674724578857,3.638730525970459
3.1664857864379883,3.5000674724578857,3.638730525970459
3.1650352478027344,3.5001347064971924,3.636659860610962
3.163249969482422,3.498833417892456,3.635721445083618
3.1601059436798096,3.496391534805298,3.634542226791382
3.158082962036133,3.4942448139190674,3.6332647800445557
3.1559836864471436,3.4920644760131836,3.632711887359619
3.1559836864471436,3.4920644760131836,3.632711887359619
3.155543804168701,3.49128794670105,3.6328182220458984
3.1557793617248535,3.4914393424987793,3.632692813873291
3.1557793617248535,3.4914393424987793,3.632692813873291
3.1552188396453857,3.4920923709869385,3.632242202758789
3.154062271118164,3.4921226501464844,3.6311779022216797
3.154062271118164,3.4921226501464844,3.6311779022216797
3.153172731399536,3.4910237789154053,3.6302337646484375
3.150984287261963,3.488675594329834,3.628988027572632
3.1497371196746826,3.4873805046081543,3.6280715465545654
3.1469035148620605,3.4837145805358887,3.627021312713623
3.1469035148620605,3.4837145805358887,3.627021312713623
3.1445164680480957,3.482712745666504,3.626577615737915
3.1433286666870117,3.4813597202301025,3.6255767345428467
3.1406126022338867,3.4792001247406006,3.625192403793335
3.1406126022338867,3.4792001247406006,3.625192403793335
3.1368162631988525,3.4751718044281006,3.624525308609009
3.1352195739746094,3.4735965728759766,3.6236069202423096
3.1352195739746094,3.4735965728759766,3.6236069202423096
3.1338343620300293,3.474520206451416,3.6226649284362793
3.1343188285827637,3.475756883621216,3.6223959922790527
3.1342084407806396,3.4761180877685547,3.6222341060638428
3.1329236030578613,3.4757845401763916,3.6215550899505615
3.131291627883911,3.47493314743042,3.6203455924987793
3.129460096359253,3.472857713699341,3.6208655834198
3.129460096359253,3.472857713699341,3.6208655834198
3.1290721893310547,3.4717047214508057,3.620478391647339
3.1272096633911133,3.4702861309051514,3.6198551654815674
3.1264076232910156,3.470022201538086,3.6192257404327393
3.1249961853027344,3.4690356254577637,3.6187543869018555
3.1249961853027344,3.4690356254577637,3.6187543869018555
3.123697280883789,3.4678940773010254,3.6181583404541016
3.122314214706421,3.466522216796875,3.6182212829589844
3.122314214706421,3.466522216796875,3.6182212829589844
3.1200973987579346,3.4657609462738037,3.6170642375946045
3.1164615154266357,3.4641780853271484,3.6157069206237793
3.1143455505371094,3.4626071453094482,3.6148605346679688
3.110121965408325,3.457552671432495,3.6140952110290527
3.1080985069274902,3.4545581340789795,3.614185333251953
3.1080539226531982,3.4535040855407715,3.6141879558563232
3.1073524951934814,3.4518802165985107,3.6141226291656494
3.1073524951934814,3.4518802165985107,3.6141226291656494
3.1066629886627197,3.451152801513672,3.61405873298645
3.106680393218994,3.451702117919922,3.6139426231384277
3.1069278717041016,3.4526548385620117,3.6134536266326904
3.1069278717041016,3.4526548385620117,3.6134536266326904
3.107752561569214,3.454941511154175,3.6130707263946533
3.10721755027771,3.4543707370758057,3.6132774353027344
3.1050074100494385,3.4512736797332764,3.614147901535034
3.1036813259124756,3.4501500129699707,3.613538980484009
3.1036813259124756,3.4501500129699707,3.613538980484009
3.101478338241577,3.449906587600708,3.6136460304260254
3.09991717338562,3.450383424758911,3.6128199100494385
3.0982720851898193,3.449705123901367,3.6118006706237793
3.0982720851898193,3.449705123901367,3.6118006706237793
3.0966272354125977,3.447086811065674,3.6114962100982666
3.094390869140625,3.44518780708313,3.6101107597351074
3.094390869140625,3.44518780708313,3.6101107597351074
3.093615770339966,3.4441726207733154,3.609675645828247
3.093148708343506,3.444179058074951,3.6089940071105957
3.091263771057129,3.4440293312072754,3.6078853607177734
3.091263771057129,3.4440293312072754,3.6078853607177734
3.0896573066711426,3.4425952434539795,3.606325626373291
3.0869901180267334,3.439891815185547,3.6055967807769775
3.0869901180267334,3.439891815185547,3.6055967807769775
3.084747314453125,3.437941551208496,3.604712963104248
3.0825676918029785,3.4370758533477783,3.603825569152832
3.0811188220977783,3.435941457748413,3.6031644344329834
3.078859329223633,3.4342458248138428,3.602478265762329
3.078859329223633,3.4342458248138428,3.602478265762329
3.0762786865234375,3.4310505390167236,3.6012487411499023
3.0755093097686768,3.4295949935913086,3.600789785385132
3.0738654136657715,3.4276857376098633,3.5988070964813232
3.0738654136657715,3.4276857376098633,3.5988070964813232
3.071706771850586,3.4246814250946045,3.5983986854553223
3.0717570781707764,3.424900531768799,3.5979084968566895
3.0717570781707764,3.424900531768799,3.5979084968566895
3.0712623596191406,3.4246888160705566,3.597412586212158
3.069753885269165,3.424382448196411,3.596517324447632
3.0684447288513184,3.4234066009521484,3.596710681915283
3.0684447288513184,3.4234066009521484,3.596710681915283
3.0678858757019043,3.4227945804595947,3.596891164779663
3.067859172821045,3.423250436782837,3.5955798625946045
3.0665338039398193,3.423044204711914,3.5949816703796387
3.0652754306793213,3.422149896621704,3.594829797744751
3.0652754306793213,3.422149896621704,3.594829797744751
3.0645015239715576,3.422628402709961,3.5932562351226807
3.0623016357421875,3.4232406616210938,3.5918242931365967
3.0614516735076904,3.423541784286499,3.5910110473632812
3.060032606124878,3.4228456020355225,3.5904932022094727
3.058476686477661,3.4217517375946045,3.5907044410705566
3.058025598526001,3.421488046646118,3.590486764907837
3.058025598526001,3.421488046646118,3.590486764907837
3.056523323059082,3.4211270809173584,3.5902528762817383
3.0557470321655273,3.42130970954895,3.589521884918213
3.0557470321655273,3.42130970954895,3.589521884918213
3.0541508197784424,3.4209234714508057,3.588850498199463
3.052212953567505,3.419280529022217,3.5886263847351074
3.050525426864624,3.4181060791015625,3.588024616241455
3.050525426864624,3.4181060791015625,3.588024616241455
3.049147129058838,3.4171972274780273,3.587277412414551
3.047224283218384,3.416836738586426,3.5864803791046143
3.046015739440918,3.416084051132202,3.5868074893951416
3.045273542404175,3.416215419769287,3.5861401557922363
3.045273542404175,3.416215419769287,3.5861401557922363
3.044517993927002,3.418205976486206,3.5846645832061768
3.042678117752075,3.4203076362609863,3.5829591751098633
3.0412302017211914,3.4207115173339844,3.582289218902588
3.0412302017211914,3.4207115173339844,3.582289218902588
3.0388472080230713,3.419407367706299,3.5816781520843506
3.0362462997436523,3.4185333251953125,3.5803585052490234
3.0344038009643555,3.4185314178466797,3.5791025161743164
3.0315399169921875,3.419532299041748,3.576920747756958
3.0315399169921875,3.419532299041748,3.576920747756958
3.029536008834839,3.42104434967041,3.5748255252838135
3.028379201889038,3.421436071395874,3.5738487243652344
3.026322364807129,3.4218037128448486,3.5725364685058594
3.024420976638794,3.4209136962890625,3.5723001956939697
3.0214505195617676,3.4189305305480957,3.571556568145752
3.0214505195617676,3.4189305305480957,3.571556568145752
3.0193588733673096,3.4176228046417236,3.5710558891296387
3.0167293548583984,3.4154529571533203,3.570969820022583
3.014578104019165,3.413444757461548,3.57094407081604
3.0145034790039062,3.4125168323516846,3.570584297180176
3.014134407043457,3.4122252464294434,3.5704920291900635
3.014134407043457,3.4122252464294434,3.5704920291900635
3.0135304927825928,3.4129762649536133,3.570389747619629
3.0135304927825928,3.4129762649536133,3.570389747619629
3.0129783153533936,3.41574764251709,3.568986654281616
3.010538101196289,3.4163479804992676,3.5681352615356445
3.0091824531555176,3.415841579437256,3.567540407180786
3.0059993267059326,3.4146816730499268,3.5663232803344727
3.0059397220611572,3.413560628890991,3.5658373832702637
3.0059397220611572,3.413560628890991,3.5658373832702637
3.005502462387085,3.41385555267334,3.5656826496124268
3.006251096725464,3.4149692058563232,3.5649750232696533
3.0061755180358887,3.4161124229431152,3.564260959625244
3.005143880844116,3.415428400039673,3.5634288787841797
3.0037333965301514,3.4147374629974365,3.562932252883911
3.0037333965301514,3.4147374629974365,3.562932252883911
3.000697374343872,3.4133408069610596,3.5618066787719727
2.998563528060913,3.4116251468658447,3.561234951019287
2.997286081314087,3.410892963409424,3.560676336288452
2.997286081314087,3.410892963409424,3.560676336288452
2.9958982467651367,3.4106414318084717,3.5597448348999023
2.994093418121338,3.4116034507751465,3.5584824085235596
2.994795083999634,3.4124536514282227,3.557795286178589
2.994210720062256,3.4125335216522217,3.557262897491455
2.991119861602783,3.412226915359497,3.556619644165039
2.9889869689941406,3.411179542541504,3.5556859970092773
2.986877679824829,3.411409378051758,3.555056571960449
2.986877679824829,3.411409378051758,3.555056571960449
2.985748052597046,3.4124038219451904,3.554234504699707
2.985459566116333,3.413780689239502,3.553938865661621
2.9856085777282715,3.4138500690460205,3.554832696914673
2.9856085777282715,3.4138500690460205,3.554832696914673
2.98506498336792,3.4135544300079346,3.5552048683166504
2.983750343322754,3.4134035110473633,3.553983211517334
2.9823272228240967,3.414679527282715,3.552476167678833
2.982243061065674,3.4153354167938232,3.552039861679077
2.9821300506591797,3.4157466888427734,3.5516438484191895
2.9817512035369873,3.4153053760528564,3.5517756938934326
2.980921506881714,3.4131240844726562,3.553234815597534
2.979498863220215,3.410263776779175,3.554856538772583
2.9805798530578613,3.4099280834198,3.555669069290161
2.9805798530578613,3.4099280834198,3.555669069290161
2.980117082595825,3.41048264503479,3.555739164352417
2.9791781902313232,3.4114480018615723,3.5547521114349365
2.978013038635254,3.412377119064331,3.5533995628356934
2.978013038635254,3.412377119064331,3.5533995628356934
2.9783172607421875,3.4122676849365234,3.5536935329437256
2.978440284729004,3.411768913269043,3.5540108680725098
2.978238105773926,3.4108736515045166,3.554131507873535
2.976180076599121,3.409480571746826,3.5534088611602783
2.976180076599121,3.409480571746826,3.5534088611602783
2.974926471710205,3.4097766876220703,3.5521185398101807
2.9745357036590576,3.4106028079986572,3.5516538619995117
2.9738829135894775,3.411649703979492,3.5505712032318115
2.9738829135894775,3.411649703979492,3.5505712032318115
2.9731976985931396,3.411614418029785,3.550485372543335
2.9721457958221436,3.4109878540039062,3.550368309020996
2.9708921909332275,3.410146474838257,3.5497171878814697
2.9701716899871826,3.4094603061676025,3.5493404865264893
2.969822406768799,3.409184455871582,3.549191474914551
2.969822406768799,3.409184455871582,3.549191474914551
2.9695284366607666,3.409471035003662,3.5488357543945312
2.9691271781921387,3.40995454788208,3.5482521057128906
2.96911358833313,3.4106409549713135,3.5477170944213867
2.9680542945861816,3.410797595977783,3.5471906661987305
2.966770648956299,3.41029953956604,3.5469324588775635
2.966770648956299,3.41029953956604,3.5469324588775635
2.9642789363861084,3.4082531929016113,3.5463855266571045
2.9613215923309326,3.407043218612671,3.5449061393737793
2.9589779376983643,3.4060802459716797,3.543421745300293
2.95798659324646,3.405489683151245,3.5425961017608643
2.95798659324646,3.405489683151245,3.5425961017608643
2.955021619796753,3.4022889137268066,3.5419607162475586
2.953076124191284,3.3960201740264893,3.5435984134674072
2.953076124191284,3.3960201740264893,3.5435984134674072
2.9511024951934814,3.3915083408355713,3.5449914932250977
2.9493625164031982,3.3920302391052246,3.5433995723724365
2.9487476348876953,3.3933653831481934,3.5427608489990234
2.9487476348876953,3.3933653831481934,3.5427608489990234
2.9485137462615967,3.396855115890503,3.5403387546539307
2.947512626647949,3.3981523513793945,3.538991689682007
2.9460716247558594,3.39872145652771,3.537055253982544
2.945232629776001,3.3987910747528076,3.5365183353424072
2.945232629776001,3.3987910747528076,3.5365183353424072
2.943232297897339,3.397813320159912,3.5360119342803955
2.94136118888855,3.3980486392974854,3.535320281982422
2.9400033950805664,3.398620367050171,3.5344502925872803
2.9386401176452637,3.400158643722534,3.533266544342041
2.9380099773406982,3.400449752807617,3.532904863357544
2.9380099773406982,3.400449752807617,3.532904863357544
2.9373676776885986,3.399327039718628,3.5324442386627197
2.93638014793396,3.398437738418579,3.531996488571167
2.934220314025879,3.3971195220947266,3.531036376953125
2.933392286300659,3.3965983390808105,3.5305986404418945
2.933392286300659,3.3965983390808105,3.5305986404418945
2.929962396621704,3.395259141921997,3.529085874557495
2.9295272827148438,3.394881010055542,3.5282623767852783
2.92673659324646,3.393887519836426,3.5269775390625
2.926208972930908,3.3929641246795654,3.5271198749542236
2.9232096672058105,3.3910183906555176,3.526092529296875
2.922769784927368,3.3903472423553467,3.52629017829895
2.922769784927368,3.3903472423553467,3.52629017829895
2.9223766326904297,3.390446901321411,3.526557207107544
2.9215962886810303,3.391615629196167,3.526538610458374
2.9215962886810303,3.391615629196167,3.526538610458374
2.9203057289123535,3.3926713466644287,3.5259482860565186
2.9176998138427734,3.391108274459839,3.525810480117798
2.9176998138427734,3.391108274459839,3.525810480117798
2.9157817363739014,3.386080741882324,3.527468204498291
2.9148757457733154,3.38256573677063,3.528902292251587
2.913353204727173,3.381032705307007,3.5292911529541016
2.912637710571289,3.3811283111572266,3.5280425548553467
2.9119269847869873,3.3812875747680664,3.5277626514434814
2.9119269847869873,3.3812875747680664,3.5277626514434814
2.9108238220214844,3.3795411586761475,3.527641534805298
2.9093174934387207,3.3755972385406494,3.5282881259918213
2.9083168506622314,3.3732833862304688,3.5278756618499756
2.906782388687134,3.3713343143463135,3.527643918991089
2.906782388687134,3.3713343143463135,3.527643918991089
2.9049763679504395,3.3700692653656006,3.5273122787475586
2.9047348499298096,3.3699135780334473,3.526501178741455
2.903243064880371,3.3704495429992676,3.525296926498413
2.903578519821167,3.370522975921631,3.5248353481292725
2.9018003940582275,3.3691415786743164,3.5245330333709717
2.9018003940582275,3.3691415786743164,3.5245330333709717
2.9011270999908447,3.3677072525024414,3.5240743160247803
2.8976025581359863,3.3638498783111572,3.5233991146087646
2.8976025581359863,3.3638498783111572,3.5233991146087646
2.895599842071533,3.360718011856079,3.5232133865356445
2.8923230171203613,3.3559138774871826,3.5233383178710938
2.891794204711914,3.3547468185424805,3.522876739501953
2.890650510787964,3.355241537094116,3.5220911502838135
2.890976667404175,3.3559646606445312,3.52168869972229
2.890976667404175,3.3559646606445312,3.52168869972229
2.891211986541748,3.3565285205841064,3.5208449363708496
2.8906185626983643,3.3559467792510986,3.5183916091918945
2.8906185626983643,3.3559467792510986,3.5183916091918945
2.8894824981689453,3.3543152809143066,3.517982006072998
2.886744260787964,3.3516979217529297,3.5174195766448975
2.886744260787964,3.3516979217529297,3.5174195766448975
2.8856446743011475,3.350621223449707,3.516852617263794
2.8847391605377197,3.3494982719421387,3.51596736907959
2.8842275142669678,3.3483757972717285,3.5158185958862305
2.883629083633423,3.348381519317627,3.514956474304199
2.883629083633423,3.348381519317627,3.514956474304199
2.8824362754821777,3.3482775688171387,3.5139429569244385
2.8813161849975586,3.347031831741333,3.5140507221221924
2.880039930343628,3.3454976081848145,3.5134568214416504
2.879415273666382,3.344339370727539,3.5131990909576416
2.879415273666382,3.344339370727539,3.5131990909576416
2.8773703575134277,3.3430755138397217,3.5127642154693604
2.8766539096832275,3.3438291549682617,3.5117721557617188
2.875095844268799,3.34370756149292,3.5108256340026855
2.875095844268799,3.34370756149292,3.5108256340026855
2.8729050159454346,3.343769073486328,3.5090835094451904
2.8700199127197266,3.342628240585327,3.508208751678467
2.8700199127197266,3.342628240585327,3.508208751678467
2.8671271800994873,3.3413236141204834,3.5071566104888916
2.8654286861419678,3.34015154838562,3.507219076156616
2.8640894889831543,3.3396847248077393,3.5072593688964844
2.8634848594665527,3.3403055667877197,3.5068817138671875
2.8634848594665527,3.3403055667877197,3.5068817138671875
2.8632404804229736,3.340676784515381,3.5065786838531494
2.863860845565796,3.3415915966033936,3.505972385406494
2.8630716800689697,3.3410260677337646,3.505387544631958
2.861436367034912,3.3395464420318604,3.504883050918579
2.861436367034912,3.3395464420318604,3.504883050918579
2.859405279159546,3.3378164768218994,3.504542112350464
2.859405279159546,3.3378164768218994,3.504542112350464
2.8602218627929688,3.336984395980835,3.5030274391174316
2.8592653274536133,3.336387872695923,3.5031542778015137
2.8581390380859375,3.3363797664642334,3.502782106399536
2.856431007385254,3.3361663818359375,3.501796007156372
2.8540515899658203,3.3358216285705566,3.5007858276367188
2.8540515899658203,3.3358216285705566,3.5007858276367188
2.853518009185791,3.3350586891174316,3.500657081604004
2.853518009185791,3.3350586891174316,3.500657081604004
2.8517634868621826,3.3337063789367676,3.5007941722869873
2.8508360385894775,3.3343594074249268,3.4998550415039062
2.850425958633423,3.3349552154541016,3.4996044635772705
2.8503599166870117,3.335747003555298,3.49938702583313
2.8503599166870117,3.335747003555298,3.49938702583313
2.8505141735076904,3.336740255355835,3.498889684677124
2.8495960235595703,3.3363351821899414,3.498485803604126
2.848339796066284,3.3347115516662598,3.4982833862304688
2.848339796066284,3.3347115516662598,3.4982833862304688
2.847730875015259,3.3345236778259277,3.4981818199157715
2.8484110832214355,3.3347737789154053,3.4982259273529053
2.8483469486236572,3.3345723152160645,3.498198986053467
2.8474185466766357,3.334258556365967,3.4975075721740723
2.8474185466766357,3.334258556365967,3.4975075721740723
2.8457560539245605,3.3343148231506348,3.4967093467712402
2.8448519706726074,3.3343992233276367,3.4962997436523438
2.8448519706726074,3.3343992233276367,3.4962997436523438
2.843837261199951,3.334733486175537,3.49566650390625
2.8426458835601807,3.3332691192626953,3.4959120750427246
2.8418211936950684,3.332498073577881,3.4960081577301025
2.8418211936950684,3.332498073577881,3.4960081577301025
2.841151714324951,3.332324504852295,3.49654483795166
2.8399388790130615,3.3325212001800537,3.4965994358062744
2.8387234210968018,3.3334953784942627,3.4960548877716064
2.838271141052246,3.333969831466675,3.4957587718963623
2.8364362716674805,3.33559513092041,3.4941964149475098
2.8349664211273193,3.335334300994873,3.492666721343994
2.8330044746398926,3.334825277328491,3.4920833110809326
2.831537961959839,3.333280086517334,3.4917120933532715
2.831537961959839,3.333280086517334,3.4917120933532715
2.8306007385253906,3.3325607776641846,3.4918110370635986
2.8302690982818604,3.3326220512390137,3.490617513656616
2.8302690982818604,3.3326220512390137,3.490617513656616
2.82969331741333,3.333678960800171,3.4899795055389404
2.8292667865753174,3.334061622619629,3.4897632598876953
2.827766180038452,3.333724021911621,3.4899587631225586
2.8275225162506104,3.333832263946533,3.4895591735839844
2.8276400566101074,3.3340368270874023,3.48923659324646
2.8269386291503906,3.334000587463379,3.48876690864563
2.8264989852905273,3.333965539932251,3.4887173175811768
2.8264989852905273,3.333965539932251,3.4887173175811768
2.8245394229888916,3.3333075046539307,3.4874191284179688
2.823519706726074,3.332789421081543,3.4868574142456055
2.823025703430176,3.333566188812256,3.4862751960754395
2.823025703430176,3.333566188812256,3.4862751960754395
2.8229012489318848,3.3341732025146484,3.4861059188842773
2.8226780891418457,3.334348201751709,3.4852192401885986
2.822463274002075,3.333352565765381,3.485435724258423
2.8223938941955566,3.331303834915161,3.485748529434204
2.8223938941955566,3.331303834915161,3.485748529434204
2.8201591968536377,3.3300909996032715,3.485058069229126
2.8183610439300537,3.329231023788452,3.4846465587615967
2.8183610439300537,3.329231023788452,3.4846465587615967
2.816720485687256,3.3273823261260986,3.4846575260162354
2.8147950172424316,3.3270275592803955,3.483487844467163
2.813662528991699,3.3262524604797363,3.483414888381958
2.813662528991699,3.3262524604797363,3.483414888381958
2.8123934268951416,3.3253707885742188,3.483050584793091
2.8099493980407715,3.3228702545166016,3.4830617904663086
2.8099493980407715,3.3228702545166016,3.4830617904663086
2.808372735977173,3.3218812942504883,3.482762575149536
2.8078179359436035,3.3214027881622314,3.482795000076294
2.807767152786255,3.3223507404327393,3.482492685317993
2.8070051670074463,3.3225998878479004,3.482558250427246
2.8070051670074463,3.3225998878479004,3.482558250427246
2.8061678409576416,3.3233559131622314,3.4819211959838867
2.804609775543213,3.3237087726593018,3.4807000160217285
2.8038172721862793,3.3238184452056885,3.4804694652557373
2.8038172721862793,3.3238184452056885,3.4804694652557373
2.803034543991089,3.3238489627838135,3.4801039695739746
2.8021841049194336,3.3239457607269287,3.47975492477417
2.8009743690490723,3.3245105743408203,3.479057550430298
2.8009743690490723,3.3245105743408203,3.479057550430298
2.801413059234619,3.325286626815796,3.4776132106781006
2.800410032272339,3.3257861137390137,3.4769365787506104
2.7999980449676514,3.3253188133239746,3.476179361343384
2.7988998889923096,3.3244407176971436,3.475766181945801
2.7988998889923096,3.3244407176971436,3.475766181945801
2.7982685565948486,3.3242311477661133,3.4757893085479736
2.79852032661438,3.325019121170044,3.474863290786743
2.7982184886932373,3.326483726501465,3.4736990928649902
2.7973220348358154,3.327258586883545,3.4728121757507324
2.7973220348358154,3.327258586883545,3.4728121757507324
2.7960660457611084,3.327770233154297,3.4718704223632812
2.7952377796173096,3.328437566757202,3.4716076850891113
2.795253038406372,3.3281991481781006,3.4716758728027344
2.7950453758239746,3.3277130126953125,3.4718353748321533
2.794525146484375,3.327216148376465,3.4718892574310303
2.794525146484375,3.327216148376465,3.4718892574310303
2.793044328689575,3.32790207862854,3.470179796218872
2.791865587234497,3.328782796859741,3.4698092937469482
2.7914979457855225,3.328721284866333,3.4697887897491455
2.791325807571411,3.3288116455078125,3.4694857597351074
2.789306402206421,3.327404499053955,3.4693546295166016
2.789306402206421,3.327404499053955,3.4693546295166016
2.7888195514678955,3.3268914222717285,3.469493865966797
2.786945343017578,3.3265633583068848,3.4684500694274902
2.786945343017578,3.3265633583068848,3.4684500694274902
2.7840421199798584,3.3277885913848877,3.467299461364746
2.781693458557129,3.3281545639038086,3.466500759124756
2.7808549404144287,3.3283872604370117,3.4660089015960693
2.7808549404144287,3.3283872604370117,3.4660089015960693
2.7789337635040283,3.3286709785461426,3.465611696243286
2.7783477306365967,3.3293204307556152,3.465693473815918
2.7780823707580566,3.329259157180786,3.466066360473633
2.778176784515381,3.328831672668457,3.466341257095337
2.778176784515381,3.328831672668457,3.466341257095337
2.7765376567840576,3.3284506797790527,3.466026544570923
2.7766125202178955,3.329031467437744,3.465287446975708
2.775367259979248,3.3299050331115723,3.4648122787475586
2.7754268646240234,3.3300721645355225,3.464228630065918
2.7747623920440674,3.330503463745117,3.4637601375579834
2.7747623920440674,3.330503463745117,3.4637601375579834
2.77494478225708,3.3306355476379395,3.4635438919067383
2.7748515605926514,3.330875873565674,3.4629921913146973
2.7742278575897217,3.330491542816162,3.4625632762908936
2.7732889652252197,3.329791784286499,3.4616074562072754
2.7722103595733643,3.3299171924591064,3.4606807231903076
2.7722103595733643,3.3299171924591064,3.4606807231903076
2.770519971847534,3.330949544906616,3.4600157737731934
2.7690815925598145,3.331521987915039,3.4589927196502686
2.766190528869629,3.331242799758911,3.457892417907715
2.766190528869629,3.331242799758911,3.457892417907715
2.7649552822113037,3.3313848972320557,3.457047462463379
2.7637228965759277,3.3313205242156982,3.456606388092041
2.7633235454559326,3.3313992023468018,3.4563162326812744
2.7633235454559326,3.3313992023468018,3.4563162326812744
2.7620961666107178,3.3316097259521484,3.4556519985198975
2.7600746154785156,3.3310701847076416,3.454357862472534
2.7588999271392822,3.330362558364868,3.4537463188171387
2.7588999271392822,3.330362558364868,3.4537463188171387
2.758878231048584,3.330238103866577,3.453122854232788
2.759763240814209,3.331131935119629,3.453136682510376
2.759826421737671,3.3310132026672363,3.453251600265503
2.759826421737671,3.3310132026672363,3.453251600265503
2.7588353157043457,3.3316972255706787,3.4522712230682373
2.7574872970581055,3.3321926593780518,3.4511992931365967
2.7575523853302,3.3323209285736084,3.451233386993408
2.7575523853302,3.3323209285736084,3.451233386993408
2.756293296813965,3.3324344158172607,3.4515602588653564
2.7561631202697754,3.3322269916534424,3.451493263244629
2.7543413639068604,3.3326287269592285,3.4513535499572754
2.754324436187744,3.3327081203460693,3.4513254165649414
2.754324436187744,3.3327081203460693,3.4513254165649414
2.7539167404174805,3.332350492477417,3.451565980911255
2.7521755695343018,3.3323287963867188,3.4513182640075684
2.7511582374572754,3.3323917388916016,3.451110601425171
2.7511582374572754,3.3323917388916016,3.451110601425171
2.7509102821350098,3.3334126472473145,3.450552225112915
2.7506752014160156,3.3341190814971924,3.4500420093536377
2.7499189376831055,3.3338215351104736,3.4496641159057617
2.7499189376831055,3.3338215351104736,3.4496641159057617
2.749157190322876,3.3341851234436035,3.448861837387085
2.747638463973999,3.3345510959625244,3.4483938217163086
2.747638463973999,3.3345510959625244,3.4483938217163086
2.74806809425354,3.3353164196014404,3.448080062866211
2.747343063354492,3.335894823074341,3.4473462104797363
2.7470703125,3.3358798027038574,3.447329044342041
2.7461440563201904,3.3360865116119385,3.4469854831695557
2.7461440563201904,3.3360865116119385,3.4469854831695557
2.7456510066986084,3.3364739418029785,3.4465034008026123
2.744483470916748,3.3371641635894775,3.4456608295440674
2.743898868560791,3.3372371196746826,3.4453766345977783
2.743952512741089,3.3370065689086914,3.445160150527954
2.743952512741089,3.3370065689086914,3.445160150527954
2.7432103157043457,3.337035894393921,3.4450345039367676
2.7432634830474854,3.337343692779541,3.444706916809082
2.7426767349243164,3.3372676372528076,3.4447989463806152
2.7415547370910645,3.3370840549468994,3.444530725479126
2.7415547370910645,3.3370840549468994,3.444530725479126
2.7402024269104004,3.337073564529419,3.4434521198272705
2.7395668029785156,3.3374931812286377,3.4430184364318848
2.738800525665283,3.3379275798797607,3.4429149627685547
2.7381973266601562,3.336906671524048,3.4432623386383057
2.738032817840576,3.3362865447998047,3.4435079097747803
2.7377989292144775,3.336197853088379,3.4431982040405273
2.7377989292144775,3.336197853088379,3.4431982040405273
2.737316846847534,3.337100028991699,3.4421520233154297
2.737316846847534,3.337100028991699,3.4421520233154297
2.736849784851074,3.3380846977233887,3.441441059112549
2.736447334289551,3.338383436203003,3.440972089767456
2.735891819000244,3.338296413421631,3.4412078857421875
2.7352139949798584,3.3379220962524414,3.4408600330352783
2.7348971366882324,3.3377881050109863,3.4396138191223145
2.734531879425049,3.338493824005127,3.4389052391052246
2.7340614795684814,3.340146064758301,3.437588930130005
2.7340614795684814,3.340146064758301,3.437588930130005
2.7337546348571777,3.341301202774048,3.436617374420166
2.7323553562164307,3.3412201404571533,3.4356844425201416
2.731182336807251,3.340609550476074,3.4358162879943848
2.729116439819336,3.3396499156951904,3.434994697570801
2.729116439819336,3.3396499156951904,3.434994697570801
2.72672438621521,3.339919090270996,3.4340057373046875
2.7241322994232178,3.340925693511963,3.432274103164673
2.7231504917144775,3.342581033706665,3.431097984313965
2.723069667816162,3.3428916931152344,3.431062936782837
2.7237675189971924,3.3425962924957275,3.431680202484131
2.7237675189971924,3.3425962924957275,3.431680202484131
2.723383903503418,3.342545986175537,3.431825876235962
2.7232847213745117,3.3423445224761963,3.4316704273223877
2.7232515811920166,3.342376947402954,3.4320454597473145
2.7222557067871094,3.343662977218628,3.4313201904296875
2.7222557067871094,3.343662977218628,3.4313201904296875
2.722463846206665,3.34505033493042,3.430004835128784
2.7226204872131348,3.346529960632324,3.429431438446045
2.722984790802002,3.3462820053100586,3.430086851119995
2.7230567932128906,3.345381021499634,3.430464506149292
2.7230567932128906,3.345381021499634,3.430464506149292
2.722057819366455,3.34466814994812,3.4303390979766846
2.722057819366455,3.34466814994812,3.4303390979766846
2.7226014137268066,3.3442671298980713,3.430868625640869
2.722228527069092,3.343222141265869,3.431063652038574
2.72257399559021,3.3429477214813232,3.4310383796691895
2.721564531326294,3.342725992202759,3.4305338859558105
2.721564531326294,3.342725992202759,3.4305338859558105
2.72082781791687,3.342611074447632,3.430180311203003
2.719511032104492,3.342071771621704,3.4304914474487305
2.7166998386383057,3.3407304286956787,3.4302821159362793
2.7149980068206787,3.3403091430664062,3.430428981781006
2.7149980068206787,3.3403091430664062,3.430428981781006
2.7128589153289795,3.341607093811035,3.4293856620788574
2.711652994155884,3.3422462940216064,3.4288671016693115
2.7105531692504883,3.340696096420288,3.4295918941497803
2.7105531692504883,3.340696096420288,3.4295918941497803
2.7089226245880127,3.340646266937256,3.4289257526397705
2.7080154418945312,3.339627981185913,3.429387092590332
2.707667589187622,3.3395042419433594,3.429321050643921
2.7071447372436523,3.338959217071533,3.4292304515838623
2.7063333988189697,3.3384313583374023,3.4290242195129395
2.7063333988189697,3.3384313583374023,3.4290242195129395
2.7050042152404785,3.338104248046875,3.428654909133911
2.7050840854644775,3.3368442058563232,3.428713321685791
2.7049567699432373,3.33681321144104,3.4284791946411133
2.7049567699432373,3.33681321144104,3.4284791946411133
2.704240083694458,3.3370320796966553,3.428274631500244
2.704087495803833,3.3380134105682373,3.42765212059021
2.703662633895874,3.338569164276123,3.4271252155303955
2.7032787799835205,3.3384225368499756,3.4270124435424805
2.7017500400543213,3.3372035026550293,3.426764965057373
2.7007830142974854,3.336514949798584,3.4265940189361572
2.7004549503326416,3.336780548095703,3.4260432720184326
2.7004549503326416,3.336780548095703,3.4260432720184326
2.7001149654388428,3.3380770683288574,3.4247963428497314
2.7001149654388428,3.3380770683288574,3.4247963428497314
2.7000069618225098,3.338804006576538,3.4241907596588135
2.6999168395996094,3.3379557132720947,3.4242706298828125
2.698240280151367,3.3378753662109375,3.4233205318450928
2.6970903873443604,3.337144374847412,3.4228432178497314
2.6970903873443604,3.337144374847412,3.4228432178497314
2.6940934658050537,3.3367390632629395,3.4221243858337402
2.692572593688965,3.336228847503662,3.421679973602295
2.692572593688965,3.336228847503662,3.421679973602295
2.692239761352539,3.3369758129119873,3.4211113452911377
2.6894919872283936,3.3386828899383545,3.4204330444335938
2.6891558170318604,3.3383877277374268,3.420600414276123
2.6891558170318604,3.3383877277374268,3.420600414276123
2.6878957748413086,3.338357925415039,3.4209842681884766
2.6859843730926514,3.3375916481018066,3.4209747314453125
2.685588836669922,3.3368406295776367,3.4210445880889893
2.684448003768921,3.3367300033569336,3.4209718704223633
2.6838936805725098,3.33705472946167,3.4211249351501465
2.6831507682800293,3.3372983932495117,3.4209401607513428
2.6831507682800293,3.3372983932495117,3.4209401607513428
2.683238983154297,3.3370652198791504,3.4212582111358643
2.683948516845703,3.335594415664673,3.422330141067505
2.683131217956543,3.334350824356079,3.4230074882507324
2.683131217956543,3.334350824356079,3.4230074882507324
2.6835944652557373,3.3345491886138916,3.4226324558258057
2.68306565284729,3.3362157344818115,3.4216654300689697
2.6843714714050293,3.3355681896209717,3.4225189685821533
2.6843714714050293,3.3355681896209717,3.4225189685821533
2.6845996379852295,3.334357738494873,3.4234373569488525
2.68466854095459,3.334141254425049,3.4231948852539062
2.68466854095459,3.334141254425049,3.4231948852539062
2.684206962585449,3.333735704421997,3.423412561416626
2.6836323738098145,3.3341991901397705,3.422940254211426
2.6836323738098145,3.3341991901397705,3.422940254211426
2.6837856769561768,3.333409547805786,3.4231889247894287
2.684568405151367,3.3328044414520264,3.4231226444244385
2.6851279735565186,3.3325417041778564,3.422947883605957
2.6851296424865723,3.33233380317688,3.423300266265869
2.6842269897460938,3.331441640853882,3.4238622188568115
2.6822128295898438,3.3313636779785156,3.4230048656463623
2.680203437805176,3.3315353393554688,3.42185640335083
2.680203437805176,3.3315353393554688,3.42185640335083
2.677269220352173,3.3313324451446533,3.4203391075134277
2.6741297245025635,3.3312838077545166,3.4183552265167236
2.6741297245025635,3.3312838077545166,3.4183552265167236
2.671633005142212,3.3309175968170166,3.4179389476776123
2.670729875564575,3.3314695358276367,3.4169814586639404
2.6716177463531494,3.331531524658203,3.417473554611206
2.6716177463531494,3.331531524658203,3.417473554611206
2.671645402908325,3.331228494644165,3.4172608852386475
2.671379566192627,3.3310422897338867,3.4171195030212402
2.669881820678711,3.3314881324768066,3.4164767265319824
2.6698389053344727,3.3315534591674805,3.4164562225341797
2.670198917388916,3.3324317932128906,3.4164257049560547
2.67037296295166,3.3327560424804688,3.4162893295288086
2.6702232360839844,3.332993268966675,3.41585373878479
2.6702232360839844,3.332993268966675,3.41585373878479
2.669212579727173,3.3332571983337402,3.415584087371826
2.668797254562378,3.3330941200256348,3.41544246673584
2.668166399002075,3.332435131072998,3.41554856300354
2.668079137802124,3.331474781036377,3.4162344932556152
2.668079137802124,3.331474781036377,3.4162344932556152
2.667454719543457,3.330998659133911,3.416011095046997
2.667431592941284,3.3310632705688477,3.41568660736084
2.665964365005493,3.331332206726074,3.415330410003662
2.665964365005493,3.331332206726074,3.415330410003662
2.6653900146484375,3.331258773803711,3.4154036045074463
2.6645734310150146,3.331308364868164,3.4149794578552246
2.665156126022339,3.330984115600586,3.4147589206695557
2.665156126022339,3.330984115600586,3.4147589206695557
2.66428804397583,3.3309850692749023,3.4148035049438477
2.663968324661255,3.331660032272339,3.413998603820801
2.663709878921509,3.332948684692383,3.412963628768921
2.6635684967041016,3.3328728675842285,3.4130029678344727
2.664311647415161,3.3329081535339355,3.4124183654785156
2.664311647415161,3.3329081535339355,3.4124183654785156
2.6637802124023438,3.332606792449951,3.412112236022949
2.6634039878845215,3.3326165676116943,3.412121295928955
2.6632416248321533,3.333136796951294,3.411461591720581
2.6632416248321533,3.333136796951294,3.411461591720581
2.6633951663970947,3.3331565856933594,3.41169810295105
2.6630711555480957,3.3327038288116455,3.4117915630340576
2.6626603603363037,3.3324217796325684,3.4115190505981445
2.6609280109405518,3.332265615463257,3.4106926918029785
2.6609280109405518,3.332265615463257,3.4106926918029785
2.6603472232818604,3.332348346710205,3.4102258682250977
2.6580729484558105,3.3326311111450195,3.4094717502593994
2.657248020172119,3.3338186740875244,3.4081995487213135
2.655770778656006,3.335451126098633,3.406924247741699
2.655770778656006,3.335451126098633,3.406924247741699
2.654425859451294,3.3366544246673584,3.406130313873291
2.6527721881866455,3.3375191688537598,3.4052536487579346
2.6527721881866455,3.3375191688537598,3.4052536487579346
2.6499874591827393,3.338153600692749,3.403794527053833
2.6477625370025635,3.3390605449676514,3.4024250507354736
2.647623062133789,3.338139295578003,3.4028611183166504
2.64640736579895,3.337092638015747,3.4030227661132812
2.6456754207611084,3.3366081714630127,3.40301775932312
2.6456754207611084,3.3366081714630127,3.40301775932312
2.6457676887512207,3.3368194103240967,3.403064727783203
2.6455044746398926,3.3355586528778076,3.4045934677124023
2.645702362060547,3.3337769508361816,3.4056124687194824
2.6446943283081055,3.3332369327545166,3.4056365489959717
2.6446943283081055,3.3332369327545166,3.4056365489959717
2.6442315578460693,3.334667921066284,3.4045279026031494
2.644176959991455,3.3372480869293213,3.403414249420166
2.6440978050231934,3.3381121158599854,3.4028680324554443
2.64382004737854,3.3377091884613037,3.4027984142303467
2.643296480178833,3.336703062057495,3.402733087539673
2.643296480178833,3.336703062057495,3.402733087539673
2.6435351371765137,3.336289882659912,3.4029181003570557
2.6433041095733643,3.3356029987335205,3.403130054473877
2.643616199493408,3.334745168685913,3.4034340381622314
2.642241954803467,3.3349626064300537,3.4024672508239746
2.642432689666748,3.33414888381958,3.403003215789795
2.6416494846343994,3.3335723876953125,3.4030532836914062
2.641277313232422,3.3323583602905273,3.4035887718200684
2.6404078006744385,3.331407070159912,3.4037396907806396
2.6382710933685303,3.3304715156555176,3.403172492980957
2.637192726135254,3.330998420715332,3.40236496925354
2.637192726135254,3.330998420715332,3.40236496925354
2.6355371475219727,3.332170248031616,3.4010555744171143
2.6344923973083496,3.331773042678833,3.401014566421509
2.6344923973083496,3.331773042678833,3.401014566421509
2.633148431777954,3.331322193145752,3.4006998538970947
2.632014036178589,3.3312461376190186,3.4001033306121826
2.632014036178589,3.3312461376190186,3.4001033306121826
2.631922960281372,3.3325538635253906,3.3991894721984863
2.6323277950286865,3.3324036598205566,3.3995769023895264
2.631462574005127,3.332670211791992,3.399183511734009
2.631462574005127,3.332670211791992,3.399183511734009
2.6309237480163574,3.33262300491333,3.3992702960968018
2.6307945251464844,3.3328723907470703,3.399292469024658
2.631256103515625,3.3327291011810303,3.3991427421569824
2.6311612129211426,3.3325154781341553,3.3990626335144043
2.6299378871917725,3.3321499824523926,3.398547887802124
2.6299378871917725,3.3321499824523926,3.398547887802124
2.629209041595459,3.332288980484009,3.3981926441192627
2.6292896270751953,3.3334481716156006,3.3972792625427246
2.629542827606201,3.3335041999816895,3.397496461868286
2.629145383834839,3.3337056636810303,3.3969762325286865
2.629145383834839,3.3337056636810303,3.3969762325286865
2.628404140472412,3.334578514099121,3.3955702781677246
2.6274590492248535,3.3350706100463867,3.394697666168213
2.6250343322753906,3.3345634937286377,3.3940703868865967
2.622666597366333,3.3335673809051514,3.3934731483459473
2.622666597366333,3.3335673809051514,3.3934731483459473
2.620140790939331,3.331881046295166,3.3922760486602783
2.617598533630371,3.3324081897735596,3.3913302421569824
2.6168582439422607,3.333225965499878,3.3903136253356934
2.6168582439422607,3.333225965499878,3.3903136253356934
2.613194227218628,3.3339905738830566,3.3876633644104004
2.6114869117736816,3.334353446960449,3.3863167762756348
2.610196828842163,3.335782289505005,3.384859800338745
2.6092846393585205,3.3365299701690674,3.3841733932495117
2.6092846393585205,3.3365299701690674,3.3841733932495117
2.6079492568969727,3.3383309841156006,3.3833019733428955
2.608219623565674,3.3386270999908447,3.3832709789276123
2.607429265975952,3.3391172885894775,3.3841474056243896
2.607149839401245,3.3392748832702637,3.384287118911743
2.6055216789245605,3.340120553970337,3.383647918701172
2.6048648357391357,3.3403480052948,3.3834574222564697
2.6048648357391357,3.3403480052948,3.3834574222564697
2.6039178371429443,3.340265989303589,3.383418560028076
2.6042134761810303,3.3394808769226074,3.3840179443359375
2.6032350063323975,3.338876962661743,3.3842661380767822
2.6032350063323975,3.338876962661743,3.3842661380767822
2.6042253971099854,3.338858127593994,3.3846044540405273
2.604383945465088,3.3399834632873535,3.3844029903411865
2.605747938156128,3.340728282928467,3.3845393657684326
2.6042940616607666,3.341257095336914,3.383049488067627
2.6042940616607666,3.341257095336914,3.383049488067627
2.6010324954986572,3.341017246246338,3.380498170852661
2.599515676498413,3.340904474258423,3.378877878189087
2.5971896648406982,3.34116792678833,3.3771936893463135
2.5971896648406982,3.34116792678833,3.3771936893463135
2.596170425415039,3.341580390930176,3.376769781112671
2.5942487716674805,3.341630220413208,3.3756368160247803
2.5929384231567383,3.341526985168457,3.375558853149414
2.5929384231567383,3.341526985168457,3.375558853149414
2.591815948486328,3.341888189315796,3.374978542327881
2.591653823852539,3.3417398929595947,3.3750600814819336
2.5911693572998047,3.3412764072418213,3.3755455017089844
2.5911693572998047,3.3412764072418213,3.3755455017089844
2.590606451034546,3.3406484127044678,3.3756089210510254
2.589315891265869,3.339902639389038,3.3758325576782227
2.589315891265869,3.339902639389038,3.3758325576782227
2.588470220565796,3.3397819995880127,3.3753623962402344
2.5889852046966553,3.3400514125823975,3.375443935394287
2.588840961456299,3.3403708934783936,3.3751537799835205
2.587155342102051,3.339637517929077,3.3747599124908447
2.587155342102051,3.339637517929077,3.3747599124908447
2.5863685607910156,3.338726282119751,3.3747799396514893
2.5858004093170166,3.3374950885772705,3.374957799911499
2.5858004093170166,3.3374950885772705,3.374957799911499
2.5865414142608643,3.3353095054626465,3.375847816467285
2.586852550506592,3.334766149520874,3.3762879371643066
2.586916208267212,3.3353111743927,3.3759448528289795
2.5869481563568115,3.336221218109131,3.3753163814544678
2.5869481563568115,3.336221218109131,3.3753163814544678
2.586618185043335,3.336144208908081,3.375075578689575
2.5851380825042725,3.335688829421997,3.3741049766540527
2.5828857421875,3.3352386951446533,3.373802423477173
2.5828857421875,3.3352386951446533,3.373802423477173
2.578451633453369,3.3355634212493896,3.371429443359375
2.5758144855499268,3.3366987705230713,3.3703744411468506
2.5758144855499268,3.3366987705230713,3.3703744411468506
2.575857162475586,3.337258815765381,3.3698935508728027
2.57550311088562,3.337519645690918,3.3697543144226074
2.5745866298675537,3.337958812713623,3.3698949813842773
2.5741679668426514,3.3381664752960205,3.3697993755340576
2.5742292404174805,3.3378007411956787,3.3709874153137207
2.5738141536712646,3.3374319076538086,3.371023416519165
2.5738141536712646,3.3374319076538086,3.371023416519165
2.5711724758148193,3.3371009826660156,3.369534492492676
2.570523977279663,3.3361706733703613,3.3698699474334717
2.5714566707611084,3.3358404636383057,3.3703103065490723
2.5718929767608643,3.3357415199279785,3.370619535446167
2.5717546939849854,3.3359086513519287,3.3705360889434814
2.5719079971313477,3.3355278968811035,3.3699533939361572
2.5708112716674805,3.334901809692383,3.369884490966797
2.5708112716674805,3.334901809692383,3.369884490966797
2.569849967956543,3.335205078125,3.368533134460449
2.5706794261932373,3.3357667922973633,3.36795711517334
2.5706794261932373,3.3357667922973633,3.36795711517334
2.5694377422332764,3.3366236686706543,3.366589307785034
2.567927598953247,3.337876796722412,3.364678382873535
2.566984176635742,3.3387949466705322,3.3634212017059326
2.5654842853546143,3.339887857437134,3.3623790740966797
2.5639312267303467,3.3406982421875,3.361330032348633
2.5639312267303467,3.3406982421875,3.361330032348633
2.562889337539673,3.341766595840454,3.360163688659668
2.5608408451080322,3.342214822769165,3.3596370220184326
2.5608408451080322,3.342214822769165,3.3596370220184326
2.5593101978302,3.342588186264038,3.3586461544036865
2.5582423210144043,3.3433449268341064,3.359325408935547
2.5582423210144043,3.3433449268341064,3.359325408935547
2.5583109855651855,3.343327283859253,3.359978437423706
2.5571608543395996,3.3425302505493164,3.360502004623413
2.556597948074341,3.343301773071289,3.3598709106445312
2.556597948074341,3.343301773071289,3.3598709106445312
2.555962085723877,3.3439981937408447,3.3592529296875
2.555067300796509,3.344360113143921,3.358685255050659
2.5544257164001465,3.344597101211548,3.3583860397338867
2.5544257164001465,3.344597101211548,3.3583860397338867
2.5537924766540527,3.3444225788116455,3.3585011959075928
2.552887201309204,3.3448562622070312,3.3575708866119385
2.5522079467773438,3.345520496368408,3.3568835258483887
2.5522079467773438,3.345520496368408,3.3568835258483887
2.5518577098846436,3.3457722663879395,3.3569540977478027
2.5506467819213867,3.346597909927368,3.355821371078491
2.5496857166290283,3.3466548919677734,3.3554177284240723
2.5496857166290283,3.3466548919677734,3.3554177284240723
2.5471794605255127,3.3463518619537354,3.3545713424682617
2.5461390018463135,3.3453290462493896,3.35455584526062
2.5457022190093994,3.3456010818481445,3.3544323444366455
2.545335531234741,3.3458425998687744,3.3542442321777344
2.5448129177093506,3.3462729454040527,3.354020118713379
2.5448129177093506,3.3462729454040527,3.354020118713379
2.543675184249878,3.3470561504364014,3.353219985961914
2.543139934539795,3.3467745780944824,3.3524208068847656
2.542463541030884,3.347600221633911,3.351555109024048
2.542463541030884,3.347600221633911,3.351555109024048
2.542308807373047,3.3485989570617676,3.3509111404418945
2.541691541671753,3.3500800132751465,3.3503925800323486
2.541691541671753,3.3500800132751465,3.3503925800323486
2.541248083114624,3.3503289222717285,3.350022077560425
2.5399088859558105,3.350010871887207,3.34969162940979
2.53843355178833,3.349956512451172,3.3493897914886475
2.536999225616455,3.3504676818847656,3.3483386039733887
2.536999225616455,3.3504676818847656,3.3483386039733887
2.53493070602417,3.3508474826812744,3.347496271133423
2.5329606533050537,3.350480318069458,3.347099542617798
2.532156467437744,3.350497007369995,3.3463294506073
2.532156467437744,3.350497007369995,3.3463294506073
2.5321054458618164,3.3515872955322266,3.345770835876465
2.531881809234619,3.35322642326355,3.3450090885162354
2.531881809234619,3.35322642326355,3.3450090885162354
2.5309109687805176,3.3540656566619873,3.344365119934082
2.529564619064331,3.3547401428222656,3.3435616493225098
2.5280916690826416,3.355398178100586,3.3420262336730957
2.5273795127868652,3.3559412956237793,3.3409276008605957
2.5261178016662598,3.355945348739624,3.339916467666626
2.5246498584747314,3.355487585067749,3.3391342163085938
2.5246498584747314,3.355487585067749,3.3391342163085938
2.5235695838928223,3.3553707599639893,3.3386282920837402
2.5235695838928223,3.3553707599639893,3.3386282920837402
2.523087501525879,3.3554887771606445,3.3386552333831787
2.5224480628967285,3.3551688194274902,3.338423728942871
2.520612955093384,3.355297088623047,3.337951421737671
2.520612955093384,3.355297088623047,3.337951421737671
2.519601821899414,3.3556172847747803,3.3375203609466553
2.5192689895629883,3.3560497760772705,3.336663007736206
2.518885612487793,3.35552716255188,3.336287021636963
2.51772403717041,3.355050563812256,3.3361377716064453
2.5156466960906982,3.355207920074463,3.334758996963501
2.5134387016296387,3.355755090713501,3.333543062210083
2.512169361114502,3.3568851947784424,3.3323347568511963
2.512169361114502,3.3568851947784424,3.3323347568511963
2.511800527572632,3.35719895362854,3.3321731090545654
2.5119895935058594,3.3570938110351562,3.332319974899292
2.5119926929473877,3.356931686401367,3.33237624168396
2.5117316246032715,3.355929136276245,3.3326215744018555
2.510849714279175,3.354382038116455,3.3332936763763428
2.510849714279175,3.354382038116455,3.3332936763763428
2.510566234588623,3.353774070739746,3.333143711090088
2.509425163269043,3.35376238822937,3.332479238510132
2.509425163269043,3.35376238822937,3.332479238510132
2.508894205093384,3.3537700176239014,3.3322842121124268
2.5072669982910156,3.3533356189727783,3.3317766189575195
2.5062270164489746,3.3535244464874268,3.3314051628112793
2.5062270164489746,3.3535244464874268,3.3314051628112793
2.505227565765381,3.354351758956909,3.3304364681243896
2.5049638748168945,3.355492353439331,3.3296759128570557
2.5042686462402344,3.355807065963745,3.3292994499206543
2.5042686462402344,3.355807065963745,3.3292994499206543
2.5029678344726562,3.355395793914795,3.3289761543273926
2.5018410682678223,3.3560056686401367,3.3282129764556885
2.5010578632354736,3.3557965755462646,3.327754497528076
2.500326156616211,3.3556182384490967,3.3272132873535156
2.500326156616211,3.3556182384490967,3.3272132873535156
2.4996378421783447,3.356147050857544,3.3266966342926025
2.4996378421783447,3.356147050857544,3.3266966342926025
2.4992713928222656,3.356191873550415,3.3263485431671143
2.499211311340332,3.355632781982422,3.3266823291778564
2.4986917972564697,3.3549587726593018,3.3269402980804443
2.4986917972564697,3.3549587726593018,3.3269402980804443
2.498993396759033,3.35506272315979,3.3267533779144287
2.4990639686584473,3.3561363220214844,3.326201915740967
2.499960422515869,3.3588483333587646,3.3256728649139404
2.5006136894226074,3.359679937362671,3.326537847518921
2.5006136894226074,3.359679937362671,3.326537847518921
2.4998302459716797,3.3607306480407715,3.325390577316284
2.4994583129882812,3.360743999481201,3.3246512413024902
2.4984211921691895,3.360227584838867,3.324526071548462
2.4980294704437256,3.3590643405914307,3.325425863265991
2.4980294704437256,3.3590643405914307,3.325425863265991
2.4977781772613525,3.3587820529937744,3.325406074523926
2.498321771621704,3.3602025508880615,3.324835777282715
2.4984781742095947,3.360661268234253,3.324676036834717
2.4984781742095947,3.360661268234253,3.324676036834717
2.498178720474243,3.3609583377838135,3.3244924545288086
2.497199058532715,3.3612406253814697,3.3244194984436035
2.4970266819000244,3.3612844944000244,3.3246326446533203
2.497148275375366,3.3606231212615967,3.325289011001587
2.497148275375366,3.3606231212615967,3.325289011001587
2.496805191040039,3.3595235347747803,3.325587272644043
2.495957612991333,3.3586580753326416,3.325632095336914
2.495084762573242,3.359039545059204,3.3252079486846924
2.4948890209198,3.3591437339782715,3.324876070022583
2.494626998901367,3.3587822914123535,3.3247227668762207
2.4945502281188965,3.3588104248046875,3.324599266052246
2.4945502281188965,3.3588104248046875,3.324599266052246
2.4946329593658447,3.3585281372070312,3.324141025543213
2.494166851043701,3.358354091644287,3.3238871097564697
2.4943320751190186,3.3579764366149902,3.323395252227783
2.492926597595215,3.357665777206421,3.322347402572632
2.4922380447387695,3.3579535484313965,3.321556329727173
2.4922380447387695,3.3579535484313965,3.321556329727173
2.4906837940216064,3.358717441558838,3.319734811782837
2.4882326126098633,3.357891798019409,3.3193607330322266
2.485630989074707,3.357764959335327,3.3198304176330566
2.485630989074707,3.357764959335327,3.3198304176330566
2.4844038486480713,3.3586013317108154,3.3186795711517334
2.4831719398498535,3.358363151550293,3.3194878101348877
2.4824135303497314,3.3575994968414307,3.3199641704559326
2.4824135303497314,3.3575994968414307,3.3199641704559326
2.481843948364258,3.356527090072632,3.320282459259033
2.4825077056884766,3.3560867309570312,3.320540189743042
2.4825077056884766,3.3560867309570312,3.320540189743042
2.482755661010742,3.355281114578247,3.3211050033569336
2.4825782775878906,3.355217695236206,3.3211991786956787
2.482011079788208,3.355355739593506,3.3208320140838623
2.481619358062744,3.356156349182129,3.319852590560913
2.481355905532837,3.3570303916931152,3.3195013999938965
2.481355905532837,3.3570303916931152,3.3195013999938965
2.482316017150879,3.3577630519866943,3.3194191455841064
2.4824166297912598,3.358112335205078,3.319385528564453
2.482443332672119,3.358212947845459,3.3190383911132812
2.482443332672119,3.358212947845459,3.3190383911132812
2.481978416442871,3.3577959537506104,3.318384885787964
2.4810574054718018,3.3573105335235596,3.31805419921875
2.4794859886169434,3.3569130897521973,3.317436933517456
2.4794859886169434,3.3569130897521973,3.317436933517456
2.4785752296447754,3.3575778007507324,3.316328763961792
2.4778451919555664,3.358424186706543,3.3155364990234375
2.4765191078186035,3.35874605178833,3.3158998489379883
2.4754505157470703,3.3586912155151367,3.315574884414673
2.4754505157470703,3.3586912155151367,3.315574884414673
2.474107265472412,3.359316825866699,3.3150177001953125
2.473221778869629,3.360700845718384,3.314432382583618
2.472598075866699,3.361393451690674,3.3140339851379395
2.4719300270080566,3.3618502616882324,3.313112497329712
2.4719300270080566,3.3618502616882324,3.313112497329712
2.4700582027435303,3.36234712600708,3.3119401931762695
2.469212532043457,3.3628571033477783,3.311295986175537
2.468743085861206,3.3628344535827637,3.311079263687134
2.468743085861206,3.3628344535827637,3.311079263687134
2.467730760574341,3.363229274749756,3.3101694583892822
2.4660401344299316,3.363227605819702,3.309474468231201
2.465167999267578,3.363110065460205,3.3087377548217773
2.465167999267578,3.363110065460205,3.3087377548217773
2.4638772010803223,3.3619401454925537,3.3091354370117188
2.463313341140747,3.3611741065979004,3.309159517288208
2.462172269821167,3.361192226409912,3.30836820602417
2.4616634845733643,3.36210036277771,3.3079001903533936
2.4616634845733643,3.36210036277771,3.3079001903533936
2.4624600410461426,3.363030433654785,3.3076345920562744
2.4618945121765137,3.3639094829559326,3.3080976009368896
2.4627442359924316,3.3629491329193115,3.308215618133545
2.4611856937408447,3.361180305480957,3.30928635597229
2.4602510929107666,3.3592543601989746,3.3092854022979736
2.4602510929107666,3.3592543601989746,3.3092854022979736
2.459702968597412,3.357696294784546,3.309934139251709
2.4585537910461426,3.354659080505371,3.312228202819824
2.4592323303222656,3.3542771339416504,3.312594175338745
2.4607808589935303,3.3564252853393555,3.3116636276245117
2.4607808589935303,3.3564252853393555,3.3116636276245117
2.461987257003784,3.357863187789917,3.31140398979187
2.4606337547302246,3.3585009574890137,3.3105015754699707
2.458604574203491,3.358468532562256,3.309998035430908
2.4575693607330322,3.3583552837371826,3.3102245330810547
2.4575693607330322,3.3583552837371826,3.3102245330810547
2.457266092300415,3.3587114810943604,3.3101799488067627
2.4577391147613525,3.3585476875305176,3.31040358543396
2.457578659057617,3.360041856765747,3.30949330329895
2.4575235843658447,3.361374855041504,3.309079647064209
2.4575235843658447,3.361374855041504,3.309079647064209
2.457240343093872,3.3614323139190674,3.309844970703125
2.456939697265625,3.3611819744110107,3.309805154800415
2.456164836883545,3.359732151031494,3.310037851333618
2.4548771381378174,3.3585128784179688,3.310072660446167
2.4548771381378174,3.3585128784179688,3.310072660446167
2.45460844039917,3.35796856880188,3.310201644897461
2.455181121826172,3.3588521480560303,3.3101468086242676
2.455622673034668,3.3588855266571045,3.3101603984832764
2.454857349395752,3.359135150909424,3.309971809387207
2.454857349395752,3.359135150909424,3.309971809387207
2.453378677368164,3.3588545322418213,3.3091423511505127
2.4515554904937744,3.3579888343811035,3.3085861206054688
2.4489145278930664,3.35793137550354,3.307447671890259
2.4489145278930664,3.35793137550354,3.307447671890259
2.447174310684204,3.3587005138397217,3.305922508239746
2.446418046951294,3.3601441383361816,3.3054983615875244
2.445659637451172,3.361119270324707,3.3048758506774902
2.4451100826263428,3.3624374866485596,3.303880214691162
2.4438793659210205,3.3616943359375,3.3034796714782715
2.442275285720825,3.3606865406036377,3.3032302856445312
2.441587209701538,3.360051393508911,3.3030858039855957
2.441587209701538,3.360051393508911,3.3030858039855957
2.4402856826782227,3.3599419593811035,3.3029539585113525
2.4397337436676025,3.359951972961426,3.3029396533966064
2.439624309539795,3.3611044883728027,3.3024446964263916
2.439781904220581,3.362452983856201,3.3018765449523926
2.439688205718994,3.3637592792510986,3.3015878200531006
2.4389233589172363,3.364032745361328,3.301712989807129
2.4369306564331055,3.364287853240967,3.301374912261963
2.4369306564331055,3.364287853240967,3.301374912261963
2.436462879180908,3.3637735843658447,3.3017194271087646
2.437206983566284,3.362950086593628,3.30293607711792
2.4377825260162354,3.36246919631958,3.3036229610443115
2.4372751712799072,3.362691879272461,3.303579330444336
2.4372751712799072,3.362691879272461,3.303579330444336
2.4365198612213135,3.3630142211914062,3.3037445545196533
2.43627667427063,3.3638463020324707,3.3032302856445312
2.436899185180664,3.3642873764038086,3.3031420707702637
2.436427593231201,3.363687515258789,3.3034510612487793
2.436427593231201,3.363687515258789,3.3034510612487793
2.4359328746795654,3.362624168395996,3.3035030364990234
2.434391975402832,3.362344741821289,3.3031692504882812
2.4340579509735107,3.3625712394714355,3.30307674407959
2.4337193965911865,3.363877296447754,3.301748037338257
2.4337193965911865,3.363877296447754,3.301748037338257
2.433887004852295,3.3646106719970703,3.301682472229004
2.434110164642334,3.3642096519470215,3.301647901535034
2.432870626449585,3.363145351409912,3.3013572692871094
2.432619571685791,3.3626880645751953,3.301074981689453
2.432619571685791,3.3626880645751953,3.301074981689453
2.432177782058716,3.3624885082244873,3.30061674118042
2.433490037918091,3.363067626953125,3.3006322383880615
2.43328857421875,3.363513231277466,3.300945520401001
2.4327619075775146,3.3632760047912598,3.3011579513549805
2.4326159954071045,3.3637335300445557,3.300196409225464
2.4319236278533936,3.363492250442505,3.299884796142578
2.4319236278533936,3.363492250442505,3.299884796142578
2.430117607116699,3.3613030910491943,3.3003339767456055
2.426701545715332,3.361708641052246,3.29893159866333
2.4256346225738525,3.3628597259521484,3.2981488704681396
2.4256346225738525,3.3628597259521484,3.2981488704681396
2.424758195877075,3.364518165588379,3.297518730163574
2.4233016967773438,3.365034341812134,3.296950340270996
2.421529531478882,3.363708019256592,3.2964322566986084
2.418870210647583,3.3627476692199707,3.2965357303619385
2.4158973693847656,3.361525297164917,3.2966248989105225
2.415393829345703,3.362271547317505,3.2959883213043213
2.41469407081604,3.3629438877105713,3.295043468475342
2.41469407081604,3.3629438877105713,3.295043468475342
2.4132096767425537,3.363943576812744,3.2939226627349854
2.4116950035095215,3.364543914794922,3.2930665016174316
2.4116950035095215,3.364543914794922,3.2930665016174316
2.411248207092285,3.3643503189086914,3.2930748462677
2.411247730255127,3.3652236461639404,3.2925896644592285
2.4123361110687256,3.365562915802002,3.2925891876220703
2.411229133605957,3.366318702697754,3.2919225692749023
2.411229133605957,3.366318702697754,3.2919225692749023
2.410686731338501,3.3665919303894043,3.291445732116699
2.4096410274505615,3.3673830032348633,3.2908759117126465
2.4095523357391357,3.367971897125244,3.290661096572876
2.410446882247925,3.3683929443359375,3.290541410446167
2.41060471534729,3.3688852787017822,3.2901766300201416
2.41060471534729,3.3688852787017822,3.2901766300201416
2.4097702503204346,3.368760824203491,3.290194272994995
2.407855272293091,3.3689324855804443,3.289973258972168
2.405874013900757,3.3686671257019043,3.290163516998291
2.405874013900757,3.3686671257019043,3.290163516998291
2.405118703842163,3.368880033493042,3.2898824214935303
2.4040207862854004,3.3690717220306396,3.2896676063537598
2.400913953781128,3.3699147701263428,3.2882821559906006
2.400913953781128,3.3699147701263428,3.2882821559906006
2.3979039192199707,3.37026309967041,3.2871203422546387
2.396247386932373,3.3698770999908447,3.28706431388855
2.3935012817382812,3.3699278831481934,3.2857863903045654
2.3920257091522217,3.371140718460083,3.284447193145752
2.3920257091522217,3.371140718460083,3.284447193145752
2.3928120136260986,3.3712236881256104,3.28475284576416
2.3942739963531494,3.37215256690979,3.2842531204223633
2.3959145545959473,3.3723583221435547,3.284606695175171
2.397672653198242,3.370899200439453,3.2845590114593506
2.3965017795562744,3.3698203563690186,3.2839460372924805
2.3965017795562744,3.3698203563690186,3.2839460372924805
2.3938372135162354,3.3696155548095703,3.2824208736419678
2.3933281898498535,3.370405912399292,3.2822670936584473
2.3950138092041016,3.3713247776031494,3.2821972370147705
2.3949673175811768,3.3716259002685547,3.282504081726074
2.3943405151367188,3.3707048892974854,3.2828094959259033
2.392300605773926,3.3692524433135986,3.2831685543060303
2.392300605773926,3.3692524433135986,3.2831685543060303
2.391474485397339,3.3687756061553955,3.283581256866455
2.3923087120056152,3.3695287704467773,3.2833588123321533
2.3923087120056152,3.3695287704467773,3.2833588123321533
2.392200469970703,3.3688507080078125,3.283961772918701
2.3924367427825928,3.3689608573913574,3.28395414352417
2.3921420574188232,3.37018084526062,3.2832562923431396
2.391463279724121,3.371291399002075,3.282550573348999
2.390824317932129,3.3717777729034424,3.282550096511841
2.3895721435546875,3.3723411560058594,3.281888723373413
2.3890841007232666,3.372451066970825,3.2817673683166504
2.3890841007232666,3.372451066970825,3.2817673683166504
2.389030694961548,3.3727622032165527,3.281351327896118
2.388099431991577,3.372849702835083,3.280743360519409
2.385654926300049,3.371988534927368,3.2799928188323975
2.385654926300049,3.371988534927368,3.2799928188323975
2.3849120140075684,3.372560977935791,3.2796387672424316
2.3847293853759766,3.372684955596924,3.279491424560547
2.3847293853759766,3.372684955596924,3.279491424560547
2.3837051391601562,3.371366500854492,3.2803704738616943
2.3818862438201904,3.3706979751586914,3.2806451320648193
2.381155252456665,3.369703531265259,3.280989170074463
2.3802216053009033,3.370131254196167,3.281572103500366
2.3802216053009033,3.370131254196167,3.281572103500366
2.3807373046875,3.370727062225342,3.2815892696380615
2.3798108100891113,3.371464490890503,3.280914545059204
2.377946376800537,3.3746721744537354,3.2785773277282715
2.377946376800537,3.3746721744537354,3.2785773277282715
2.376376152038574,3.3758294582366943,3.277432918548584
2.3743526935577393,3.3753740787506104,3.2766237258911133
2.3664796352386475,3.3736891746520996,3.274291753768921
2.3664796352386475,3.3736891746520996,3.274291753768921
2.3577229976654053,3.3749444484710693,3.270188331604004
2.35097336769104,3.3764383792877197,3.266892194747925
2.3501851558685303,3.3776283264160156,3.266219139099121
2.3521580696105957,3.379377603530884,3.266317129135132
2.3521580696105957,3.379377603530884,3.266317129135132
2.354465961456299,3.3796958923339844,3.2666127681732178
2.3537588119506836,3.379409074783325,3.266737699508667
2.3537588119506836,3.379409074783325,3.266737699508667
2.3523499965667725,3.378769636154175,3.2666103839874268
2.349946975708008,3.3796253204345703,3.265545606613159
2.348588705062866,3.3807339668273926,3.2651820182800293
2.348588705062866,3.3807339668273926,3.2651820182800293
2.349421501159668,3.3818562030792236,3.2648627758026123
2.348694086074829,3.38081431388855,3.265230178833008
2.347283363342285,3.379650354385376,3.2646069526672363
2.347283363342285,3.379650354385376,3.2646069526672363
2.3463265895843506,3.3789594173431396,3.2641713619232178
2.3463265895843506,3.3789594173431396,3.2641713619232178
2.3458588123321533,3.380115032196045,3.2632267475128174
2.3458259105682373,3.3808746337890625,3.2629919052124023
2.346135139465332,3.381484031677246,3.2628605365753174
2.3461034297943115,3.3814587593078613,3.261852502822876
2.3452682495117188,3.380566358566284,3.2613964080810547
2.3441147804260254,3.3797645568847656,3.2615203857421875
2.3443479537963867,3.3800363540649414,3.2607643604278564
2.3443479537963867,3.3800363540649414,3.2607643604278564
2.344308614730835,3.382111072540283,3.2594053745269775
2.343397855758667,3.384716272354126,3.2576677799224854
2.3411362171173096,3.3855223655700684,3.256434202194214
2.337392568588257,3.3857765197753906,3.2555763721466064
2.337392568588257,3.3857765197753906,3.2555763721466064
2.3361949920654297,3.385728359222412,3.25467586517334
2.3350706100463867,3.3858957290649414,3.254565477371216
2.3350718021392822,3.3853142261505127,3.2549843788146973
2.3350651264190674,3.3846092224121094,3.255587577819824
2.3350651264190674,3.3846092224121094,3.255587577819824
2.3350162506103516,3.3841755390167236,3.2561044692993164
2.3348140716552734,3.382599353790283,3.2570672035217285
2.3341145515441895,3.381640672683716,3.257410764694214
2.333245277404785,3.3806684017181396,3.257568359375
2.333245277404785,3.3806684017181396,3.257568359375
2.330965995788574,3.381531238555908,3.2561473846435547
2.330758810043335,3.382012128829956,3.2556042671203613
2.3300888538360596,3.381990909576416,3.2560276985168457
2.3298685550689697,3.380892515182495,3.2567968368530273
2.3296937942504883,3.380258321762085,3.2571659088134766
2.3297858238220215,3.3794658184051514,3.257411003112793
2.3295323848724365,3.3786568641662598,3.2580726146698
2.3295323848724365,3.3786568641662598,3.2580726146698
2.329164981842041,3.3781468868255615,3.258436679840088
2.3280489444732666,3.3772146701812744,3.2584738731384277
2.3274571895599365,3.377511978149414,3.2581400871276855
2.3272175788879395,3.376868724822998,3.2578656673431396
2.3268864154815674,3.376032590866089,3.2577462196350098
2.3263297080993652,3.3759710788726807,3.2575230598449707
2.3260703086853027,3.376795530319214,3.2571346759796143
2.3265483379364014,3.3779006004333496,3.2568039894104004
2.3262784481048584,3.377683639526367,3.256713628768921
2.3255391120910645,3.3778464794158936,3.255988836288452
2.3255391120910645,3.3778464794158936,3.255988836288452
2.3231825828552246,3.377295970916748,3.2552614212036133
2.321073532104492,3.378652334213257,3.254056692123413
2.321073532104492,3.378652334213257,3.254056692123413
2.31996488571167,3.380091428756714,3.252904176712036
2.3194661140441895,3.3815805912017822,3.2524545192718506
2.3185606002807617,3.381894588470459,3.252102851867676
2.3176889419555664,3.3820676803588867,3.2518997192382812
2.3176889419555664,3.3820676803588867,3.2518997192382812
2.3171329498291016,3.382047653198242,3.252286911010742
2.3164846897125244,3.3816232681274414,3.252652883529663
2.315009117126465,3.381758689880371,3.2526235580444336
2.3134047985076904,3.383527994155884,3.2509851455688477
2.3134047985076904,3.383527994155884,3.2509851455688477
2.3131535053253174,3.384218454360962,3.250638961791992
2.312856674194336,3.383769989013672,3.2509920597076416
2.312748432159424,3.3821699619293213,3.251452922821045
2.310955047607422,3.380915641784668,3.2516391277313232
2.310955047607422,3.380915641784668,3.2516391277313232
2.3092103004455566,3.3801157474517822,3.2512590885162354
2.3086953163146973,3.3799800872802734,3.2507665157318115
2.309354782104492,3.381260871887207,3.250161647796631
2.3101601600646973,3.3823556900024414,3.2501046657562256
2.3108339309692383,3.383885145187378,3.249190092086792
2.3108339309692383,3.383885145187378,3.249190092086792
2.3100106716156006,3.3821258544921875,3.249605894088745
2.3093273639678955,3.3813087940216064,3.24936842918396
2.3082687854766846,3.380349636077881,3.2493836879730225
2.3082687854766846,3.380349636077881,3.2493836879730225
2.3080146312713623,3.382103681564331,3.249079465866089
2.308448553085327,3.384138584136963,3.2488508224487305
2.3087520599365234,3.383660316467285,3.2490546703338623
2.307638168334961,3.383059501647949,3.2492871284484863
2.306851863861084,3.3827831745147705,3.249052047729492
2.306851863861084,3.3827831745147705,3.249052047729492
2.3072338104248047,3.38374662399292,3.2493951320648193
2.3076677322387695,3.3842291831970215,3.249605417251587
2.3076677322387695,3.3842291831970215,3.249605417251587
2.306588888168335,3.3844094276428223,3.2493066787719727
2.3052356243133545,3.384946584701538,3.2488999366760254
2.302513360977173,3.385449171066284,3.2479259967803955
2.302513360977173,3.385449171066284,3.2479259967803955
2.299564838409424,3.3856475353240967,3.246913194656372
2.296283721923828,3.3854191303253174,3.246016025543213
2.2952239513397217,3.38569974899292,3.2456226348876953
2.2945468425750732,3.3861591815948486,3.2452142238616943
2.294560670852661,3.3871705532073975,3.2447452545166016
2.2949280738830566,3.387859582901001,3.2446186542510986
2.2949280738830566,3.387859582901001,3.2446186542510986
2.2962450981140137,3.386157274246216,3.245518684387207
2.295017957687378,3.3851330280303955,3.2452476024627686
2.295017957687378,3.3851330280303955,3.2452476024627686
2.294149160385132,3.383686065673828,3.244968891143799
2.2940170764923096,3.3833301067352295,3.2449159622192383
2.294672727584839,3.3832218647003174,3.244852066040039
2.2950010299682617,3.383542776107788,3.244502544403076
2.2943336963653564,3.383639097213745,3.2442803382873535
2.2939131259918213,3.382610559463501,3.24444580078125
2.2933952808380127,3.3822596073150635,3.244250535964966
2.2933952808380127,3.3822596073150635,3.244250535964966
2.292755603790283,3.382028818130493,3.24371600151062
2.291623830795288,3.381963014602661,3.243377447128296
2.2914717197418213,3.3827462196350098,3.2428252696990967
2.2939109802246094,3.384406089782715,3.242990493774414
2.2939109802246094,3.384406089782715,3.242990493774414
2.2948193550109863,3.3850996494293213,3.243036985397339
2.2953882217407227,3.3848085403442383,3.2433366775512695
2.2953882217407227,3.3848085403442383,3.2433366775512695
2.2931430339813232,3.383620262145996,3.243756055831909
2.2903194427490234,3.383014678955078,3.2430949211120605
2.2903194427490234,3.383014678955078,3.2430949211120605
2.289976119995117,3.38313364982605,3.2426693439483643
2.290562629699707,3.3838887214660645,3.242431163787842
2.290536642074585,3.38407826423645,3.2422847747802734
2.290536642074585,3.38407826423645,3.2422847747802734
2.288766860961914,3.384037494659424,3.241792678833008
2.288469076156616,3.385638475418091,3.2410390377044678
2.2881860733032227,3.3865089416503906,3.2404017448425293
2.2881860733032227,3.3865089416503906,3.2404017448425293
2.2869434356689453,3.38736891746521,3.239813804626465
2.284830331802368,3.3878560066223145,3.2387185096740723
2.2813773155212402,3.38782000541687,3.237759828567505
2.2813773155212402,3.38782000541687,3.237759828567505
2.2797203063964844,3.3883068561553955,3.237332582473755
2.2791402339935303,3.3884708881378174,3.2370760440826416
2.27882981300354,3.3883888721466064,3.237539529800415
2.2785003185272217,3.389024019241333,3.2374815940856934
2.2785003185272217,3.389024019241333,3.2374815940856934
2.2782063484191895,3.3894946575164795,3.2372629642486572
2.276432514190674,3.389299154281616,3.2371983528137207
2.276432514190674,3.389299154281616,3.2371983528137207
2.27156138420105,3.3875205516815186,3.2374427318573
2.265578031539917,3.390547513961792,3.232590436935425
2.2615418434143066,3.390775203704834,3.2323365211486816
2.261018991470337,3.389993190765381,3.232726812362671
2.2596933841705322,3.390232563018799,3.2321786880493164
2.257402181625366,3.390472888946533,3.23186993598938
2.256202220916748,3.3914427757263184,3.231415033340454
2.2565507888793945,3.39263916015625,3.2309296131134033
2.2565507888793945,3.39263916015625,3.2309296131134033
2.257758855819702,3.3940672874450684,3.230752944946289
2.2584941387176514,3.392498254776001,3.232057809829712
2.2583653926849365,3.3917644023895264,3.2324061393737793
2.2583653926849365,3.3917644023895264,3.2324061393737793
2.2563652992248535,3.3900232315063477,3.232830286026001
2.2553045749664307,3.3904364109039307,3.2319748401641846
2.254390239715576,3.39089035987854,3.2313313484191895
2.254059314727783,3.3920390605926514,3.2306108474731445
2.254059314727783,3.3920390605926514,3.2306108474731445
2.2533459663391113,3.3913567066192627,3.230890989303589
2.2556304931640625,3.3919897079467773,3.230797529220581
2.2559568881988525,3.3935959339141846,3.230358123779297
2.2559568881988525,3.3935959339141846,3.230358123779297
2.2561001777648926,3.394242525100708,3.23018479347229
2.2550549507141113,3.3946890830993652,3.2297232151031494
2.2531633377075195,3.395704984664917,3.2281243801116943
2.2521913051605225,3.3957927227020264,3.2276735305786133
2.251167058944702,3.395637035369873,3.227275848388672
2.251167058944702,3.395637035369873,3.227275848388672
2.251279354095459,3.394134521484375,3.2274320125579834
2.2508156299591064,3.393681287765503,3.22768497467041
2.2502760887145996,3.3932716846466064,3.2275214195251465
2.2496485710144043,3.3937249183654785,3.227428436279297
2.2496485710144043,3.3937249183654785,3.227428436279297
2.250185489654541,3.393507480621338,3.2275888919830322
2.2493178844451904,3.39290452003479,3.2272653579711914
2.248431444168091,3.39214825630188,3.227346658706665
2.2472610473632812,3.3907532691955566,3.2280991077423096
2.247138261795044,3.389430046081543,3.228822708129883
2.247225046157837,3.389167308807373,3.228937864303589
2.247225046157837,3.389167308807373,3.228937864303589
2.2469377517700195,3.3885674476623535,3.2287843227386475
2.246429204940796,3.3889000415802,3.228085517883301
2.246429204940796,3.3889000415802,3.228085517883301
2.245262622833252,3.388808012008667,3.228484869003296
2.2454681396484375,3.387632131576538,3.2294416427612305
2.2460620403289795,3.386138916015625,3.2302026748657227
2.2460620403289795,3.386138916015625,3.2302026748657227
2.246485948562622,3.384110450744629,3.2307469844818115
2.246485948562622,3.384110450744629,3.2307469844818115
2.246110439300537,3.3836026191711426,3.230973243713379
2.24583101272583,3.382437229156494,3.2312755584716797
2.24568772315979,3.381774663925171,3.2316770553588867
2.2447807788848877,3.3797008991241455,3.2323811054229736
2.2447807788848877,3.3797008991241455,3.2323811054229736
2.2444756031036377,3.3792002201080322,3.232367515563965
2.244901418685913,3.3803274631500244,3.231764554977417
2.244957685470581,3.3814022541046143,3.231034994125366
2.2444543838500977,3.3825013637542725,3.2307305335998535
2.2444543838500977,3.3825013637542725,3.2307305335998535
2.243176221847534,3.3826115131378174,3.230032444000244
2.242534637451172,3.383193254470825,3.229343891143799
2.2420217990875244,3.3836052417755127,3.228898286819458
2.2420217990875244,3.3836052417755127,3.228898286819458
2.2429234981536865,3.3837971687316895,3.228863477706909
2.2437782287597656,3.383957624435425,3.229478597640991
2.2437782287597656,3.383957624435425,3.229478597640991
2.244093894958496,3.3831090927124023,3.2299275398254395
2.2407116889953613,3.3820924758911133,3.22896146774292
2.2407116889953613,3.3820924758911133,3.22896146774292
2.2391629219055176,3.3823647499084473,3.2284367084503174
2.2389564514160156,3.381896734237671,3.228377342224121
2.2389564514160156,3.381896734237671,3.228377342224121
2.238527774810791,3.381321430206299,3.2281250953674316
2.2350213527679443,3.378462076187134,3.2285044193267822
2.233557939529419,3.376922130584717,3.2285001277923584
2.232409715652466,3.377535581588745,3.2276368141174316
2.2334654331207275,3.3813583850860596,3.226039409637451
2.2334654331207275,3.3813583850860596,3.226039409637451
2.2330191135406494,3.3842592239379883,3.224658727645874
2.2332143783569336,3.3864502906799316,3.223869562149048
2.2336907386779785,3.3859994411468506,3.2239830493927
2.2342751026153564,3.385387659072876,3.2240326404571533
2.2342751026153564,3.385387659072876,3.2240326404571533
2.23415207862854,3.384422540664673,3.224484443664551
2.23415207862854,3.384422540664673,3.224484443664551
2.2324345111846924,3.3854589462280273,3.2231876850128174
2.230739116668701,3.3856258392333984,3.2226319313049316
2.230400323867798,3.38496994972229,3.222916603088379
2.230400323867798,3.38496994972229,3.222916603088379
2.2299158573150635,3.385314702987671,3.2230772972106934
2.230649709701538,3.3856189250946045,3.223114013671875
2.230649709701538,3.3856189250946045,3.223114013671875
2.2305262088775635,3.386474370956421,3.2229397296905518
2.2301175594329834,3.387705087661743,3.2222001552581787
2.229011297225952,3.389153003692627,3.2209596633911133
2.2270991802215576,3.388803005218506,3.220658540725708
2.2270991802215576,3.388803005218506,3.220658540725708
2.225069522857666,3.3876819610595703,3.220257520675659
2.2232894897460938,3.3867428302764893,3.219881057739258
2.222545623779297,3.3868563175201416,3.219425916671753
2.222545623779297,3.3868563175201416,3.219425916671753
2.2226195335388184,3.3885786533355713,3.2187530994415283
2.2221968173980713,3.390355110168457,3.2175495624542236
2.221794843673706,3.390080451965332,3.217224597930908
2.221794843673706,3.390080451965332,3.217224597930908
2.2201266288757324,3.3896992206573486,3.216339588165283
2.2192318439483643,3.388838529586792,3.215723752975464
2.2195212841033936,3.38843035697937,3.2152841091156006
2.2195212841033936,3.38843035697937,3.2152841091156006
2.219346761703491,3.3877739906311035,3.2154316902160645
2.2196877002716064,3.386180877685547,3.2159149646759033
2.2188894748687744,3.386549472808838,3.2155704498291016
2.2177250385284424,3.3873825073242188,3.214226245880127
2.2177250385284424,3.3873825073242188,3.214226245880127
2.2168684005737305,3.387744665145874,3.2135491371154785
2.2147204875946045,3.3874194622039795,3.2133567333221436
2.2147204875946045,3.3874194622039795,3.2133567333221436
2.2122278213500977,3.387024164199829,3.212604284286499
2.2122278213500977,3.387024164199829,3.212604284286499
2.2111830711364746,3.3875441551208496,3.2128562927246094
2.2116105556488037,3.387627601623535,3.2129483222961426
2.2122626304626465,3.3873300552368164,3.2133102416992188
2.2113397121429443,3.3868610858917236,3.2137954235076904
2.2113397121429443,3.3868610858917236,3.2137954235076904
2.2101166248321533,3.385345458984375,3.214168071746826
2.209118366241455,3.3854715824127197,3.214425563812256
2.209118366241455,3.3854715824127197,3.214425563812256
2.2088818550109863,3.385195255279541,3.21437406539917
2.2077910900115967,3.3852193355560303,3.2139463424682617
2.2077910900115967,3.3852193355560303,3.2139463424682617
2.2062718868255615,3.386368989944458,3.2129950523376465
2.2054128646850586,3.387040138244629,3.2123587131500244
2.204711437225342,3.386568546295166,3.2125682830810547
2.204711437225342,3.386568546295166,3.2125682830810547
2.2043137550354004,3.3840572834014893,3.2130014896392822
2.202467679977417,3.3822038173675537,3.2129361629486084
2.2003087997436523,3.379932165145874,3.213383913040161
2.1997129917144775,3.3801374435424805,3.2128775119781494
2.1995198726654053,3.38203763961792,3.2120702266693115
2.1995198726654053,3.38203763961792,3.2120702266693115
2.199923276901245,3.3825528621673584,3.211977481842041
2.1997294425964355,3.3828201293945312,3.211756706237793
2.1997294425964355,3.3828201293945312,3.211756706237793
2.200469732284546,3.3804690837860107,3.2127537727355957
2.199321746826172,3.3791346549987793,3.2136971950531006
2.19745135307312,3.3783419132232666,3.2133724689483643
2.1956512928009033,3.3815717697143555,3.2115399837493896
2.1956512928009033,3.3815717697143555,3.2115399837493896
2.195620059967041,3.384780168533325,3.2105460166931152
2.195988655090332,3.3867104053497314,3.209690570831299
2.195443630218506,3.3871490955352783,3.209467649459839
2.1950323581695557,3.386085033416748,3.209813117980957
2.1933326721191406,3.385479211807251,3.2094271183013916
2.1933326721191406,3.385479211807251,3.2094271183013916
2.193145513534546,3.385425090789795,3.209108352661133
2.1917049884796143,3.386249542236328,3.2079386711120605
2.1917049884796143,3.386249542236328,3.2079386711120605
2.1891214847564697,3.3878893852233887,3.2066056728363037
2.1866393089294434,3.388640880584717,3.205017328262329
2.1841845512390137,3.3880481719970703,3.204603672027588
2.1804890632629395,3.3854024410247803,3.2047054767608643
2.1782000064849854,3.383096218109131,3.204871416091919
2.177722454071045,3.3810997009277344,3.205922842025757
2.177722454071045,3.3810997009277344,3.205922842025757
2.1763157844543457,3.381625175476074,3.2062647342681885
2.176058530807495,3.3811731338500977,3.206218957901001
2.176058530807495,3.3811731338500977,3.206218957901001
2.1762259006500244,3.3802506923675537,3.2063043117523193
2.175978422164917,3.378859281539917,3.2069246768951416
2.174243211746216,3.3786303997039795,3.2062082290649414
2.1734588146209717,3.3792223930358887,3.205622673034668
2.172243356704712,3.3804030418395996,3.2044718265533447
2.172243356704712,3.3804030418395996,3.2044718265533447
2.1715869903564453,3.3819122314453125,3.2035913467407227
2.171893358230591,3.3839402198791504,3.202712297439575
2.1721386909484863,3.3853647708892822,3.2022111415863037
2.170980215072632,3.3850057125091553,3.2020351886749268
2.170980215072632,3.3850057125091553,3.2020351886749268
2.170658826828003,3.384946346282959,3.201887369155884
2.1709649562835693,3.3860983848571777,3.20135235786438
2.1709649562835693,3.3860983848571777,3.20135235786438
2.171487331390381,3.387680768966675,3.2006146907806396
2.1717028617858887,3.388615369796753,3.2006313800811768
2.1717028617858887,3.388615369796753,3.2006313800811768
2.170618772506714,3.3871116638183594,3.201140880584717
2.167607307434082,3.3849172592163086,3.2017273902893066
2.1642143726348877,3.38247013092041,3.2023913860321045
2.1642143726348877,3.38247013092041,3.2023913860321045
2.162393093109131,3.381190299987793,3.2026264667510986
2.158982753753662,3.3792784214019775,3.2017526626586914
2.1569156646728516,3.378523349761963,3.201465129852295
2.1569156646728516,3.378523349761963,3.201465129852295
2.1549296379089355,3.3760879039764404,3.2021543979644775
2.153850793838501,3.3751041889190674,3.202202081680298
2.153134346008301,3.3743741512298584,3.2023372650146484
2.1525540351867676,3.373197078704834,3.202523708343506
2.151780605316162,3.37223744392395,3.2023165225982666
2.151780605316162,3.37223744392395,3.2023165225982666
2.15177059173584,3.372851610183716,3.2019922733306885
2.151500940322876,3.3733091354370117,3.201622724533081
2.151663064956665,3.372983932495117,3.20202898979187
2.1510589122772217,3.3725075721740723,3.2020294666290283
2.1510589122772217,3.3725075721740723,3.2020294666290283
2.1515588760375977,3.3724594116210938,3.2018539905548096
2.151684284210205,3.372537851333618,3.201643466949463
2.1520802974700928,3.3725807666778564,3.202152967453003
2.150761842727661,3.3716418743133545,3.2022504806518555
2.1497914791107178,3.369877576828003,3.202399492263794
2.1497914791107178,3.369877576828003,3.202399492263794
2.1497976779937744,3.3688080310821533,3.2030370235443115
2.1510579586029053,3.3695297241210938,3.2024712562561035
2.150926113128662,3.370509624481201,3.2026138305664062
2.1497373580932617,3.370840549468994,3.2021424770355225
2.1485323905944824,3.371554136276245,3.2019686698913574
2.147623300552368,3.370788097381592,3.202911853790283
2.148635149002075,3.3703808784484863,3.2032041549682617
2.148635149002075,3.3703808784484863,3.2032041549682617
2.1494758129119873,3.3706490993499756,3.2029974460601807
2.148667097091675,3.371645212173462,3.202176570892334
2.145024061203003,3.3711376190185547,3.20192551612854
2.145024061203003,3.3711376190185547,3.20192551612854
2.1415364742279053,3.3665590286254883,3.2034718990325928
2.1397721767425537,3.363511085510254,3.2046148777008057
2.138113498687744,3.3613758087158203,3.205108880996704
2.1379542350769043,3.364854097366333,3.203767776489258
2.1373727321624756,3.3743364810943604,3.2002923488616943
2.136030435562134,3.3790507316589355,3.1982033252716064
2.1334846019744873,3.3785698413848877,3.19783616065979
2.1334846019744873,3.3785698413848877,3.19783616065979
2.1298694610595703,3.37372088432312,3.1990935802459717
2.1269211769104004,3.369851589202881,3.1996235847473145
2.1269211769104004,3.369851589202881,3.1996235847473145
2.1263303756713867,3.370312452316284,3.198230504989624
2.126359701156616,3.370730400085449,3.1981217861175537
2.1264688968658447,3.3713252544403076,3.1978671550750732
2.126500129699707,3.371335029602051,3.197831392288208
2.126347064971924,3.370708465576172,3.1975488662719727
2.1259586811065674,3.3702199459075928,3.197286605834961
2.1259586811065674,3.3702199459075928,3.197286605834961
2.1253111362457275,3.369135618209839,3.1972906589508057
2.1253111362457275,3.369135618209839,3.1972906589508057
2.1235976219177246,3.368985652923584,3.1965596675872803
2.123058319091797,3.368664264678955,3.1964802742004395
2.1234753131866455,3.368784189224243,3.196030616760254
2.1234753131866455,3.368784189224243,3.196030616760254
2.124445915222168,3.3692705631256104,3.195683717727661
2.1239213943481445,3.367863893508911,3.195972442626953
2.1221542358398438,3.3656861782073975,3.1962966918945312
2.1195902824401855,3.3650412559509277,3.1954803466796875
2.1182005405426025,3.3652710914611816,3.194629192352295
2.1176297664642334,3.3652193546295166,3.1944663524627686
2.118093490600586,3.365189790725708,3.194840908050537
2.118093490600586,3.365189790725708,3.194840908050537
2.1183178424835205,3.366490125656128,3.1945714950561523
2.11761212348938,3.366652250289917,3.1944668292999268
2.1168618202209473,3.365374803543091,3.194981098175049
2.1168618202209473,3.365374803543091,3.194981098175049
2.1169703006744385,3.364511489868164,3.194973945617676
2.1164162158966064,3.3638336658477783,3.19527530670166
2.116159200668335,3.3639121055603027,3.195485830307007
2.1163506507873535,3.3646695613861084,3.1951382160186768
2.1163506507873535,3.3646695613861084,3.1951382160186768
2.1166906356811523,3.364675521850586,3.1955320835113525
2.1170685291290283,3.363152265548706,3.196251630783081
2.116731643676758,3.3622994422912598,3.1965081691741943
2.1154537200927734,3.3626351356506348,3.1957144737243652
2.1154537200927734,3.3626351356506348,3.1957144737243652
2.1151862144470215,3.362663984298706,3.19594407081604
2.115245819091797,3.362377405166626,3.1960833072662354
2.115245819091797,3.362377405166626,3.1960833072662354
2.1151533126831055,3.361154794692993,3.1962640285491943
2.114661693572998,3.359708786010742,3.1968886852264404
2.1141462326049805,3.3591666221618652,3.1970231533050537
2.1141462326049805,3.3591666221618652,3.1970231533050537
2.1148345470428467,3.359739065170288,3.1973750591278076
2.116241931915283,3.36082124710083,3.197357654571533
2.1162588596343994,3.3611507415771484,3.197148084640503
2.114686965942383,3.359696865081787,3.197406768798828
2.1133546829223633,3.359330177307129,3.19649338722229
2.113499402999878,3.3599600791931152,3.1964528560638428
2.1131107807159424,3.3608999252319336,3.195833206176758
2.112743854522705,3.3614048957824707,3.195831775665283
2.110391616821289,3.3613228797912598,3.1953890323638916
2.110391616821289,3.3613228797912598,3.1953890323638916
2.1099393367767334,3.3612513542175293,3.195549726486206
2.1086630821228027,3.3613719940185547,3.1950390338897705
2.108232021331787,3.3612425327301025,3.1948485374450684
2.107398748397827,3.361306667327881,3.194847583770752
2.106874942779541,3.3626208305358887,3.1945011615753174
2.1067636013031006,3.3622255325317383,3.194572925567627
2.1067636013031006,3.3622255325317383,3.194572925567627
2.1062426567077637,3.3619813919067383,3.194420099258423
2.1062426567077637,3.3619813919067383,3.194420099258423
2.1043527126312256,3.3607871532440186,3.194352865219116
2.102813720703125,3.3598265647888184,3.194395065307617
2.103222608566284,3.35888671875,3.19523286819458
2.103719472885132,3.358391523361206,3.1955461502075195
2.105140447616577,3.3571078777313232,3.1964805126190186
2.103823661804199,3.354349374771118,3.197566270828247
2.102074384689331,3.3525030612945557,3.197622299194336
2.1004343032836914,3.3520073890686035,3.1968555450439453
2.0991594791412354,3.3518996238708496,3.196024179458618
2.0991594791412354,3.3518996238708496,3.196024179458618
2.098931312561035,3.3503074645996094,3.196221351623535
2.099868059158325,3.3485660552978516,3.197031259536743
2.100492477416992,3.3455538749694824,3.1981449127197266
2.100492477416992,3.3455538749694824,3.1981449127197266
2.0994200706481934,3.3427634239196777,3.1980791091918945
2.097214937210083,3.3415708541870117,3.1970572471618652
2.096357583999634,3.3408572673797607,3.1966898441314697
2.094053268432617,3.3396737575531006,3.1963951587677
2.094053268432617,3.3396737575531006,3.1963951587677
2.092900037765503,3.338529348373413,3.1958484649658203
2.0918691158294678,3.3384721279144287,3.1945347785949707
2.0902278423309326,3.3391363620758057,3.1950976848602295
2.0902278423309326,3.3391363620758057,3.1950976848602295
2.0893805027008057,3.3391079902648926,3.194796323776245
2.087895393371582,3.338925361633301,3.194406509399414
2.087895393371582,3.338925361633301,3.194406509399414
2.086352586746216,3.3391611576080322,3.1945817470550537
2.084398031234741,3.3393595218658447,3.1935267448425293
2.0836470127105713,3.33962082862854,3.1934211254119873
2.0819709300994873,3.3385231494903564,3.193286180496216
2.0811941623687744,3.335726261138916,3.1938929557800293
2.0798747539520264,3.3323705196380615,3.1946804523468018
2.0798747539520264,3.3323705196380615,3.1946804523468018
2.0773274898529053,3.3287246227264404,3.195688247680664
2.0769753456115723,3.3277039527893066,3.1956369876861572
2.077547311782837,3.327702283859253,3.1955413818359375
2.077547311782837,3.327702283859253,3.1955413818359375
2.078317642211914,3.326552629470825,3.196000576019287
2.0781641006469727,3.3257381916046143,3.195970296859741
2.0779078006744385,3.3254129886627197,3.1957008838653564
2.077367067337036,3.324821949005127,3.1955201625823975
2.0773696899414062,3.3243162631988525,3.196077585220337
2.077732801437378,3.3252322673797607,3.1954047679901123
2.077732801437378,3.3252322673797607,3.1954047679901123
2.077481269836426,3.327126979827881,3.194164514541626
2.07720947265625,3.3276824951171875,3.1945722103118896
2.0765106678009033,3.326531410217285,3.1949355602264404
2.0744400024414062,3.325714111328125,3.1953866481781006
2.072392225265503,3.32566499710083,3.194688081741333
2.072392225265503,3.32566499710083,3.194688081741333
2.069779872894287,3.3264734745025635,3.1944973468780518
2.069178581237793,3.327317953109741,3.1940324306488037
2.0677404403686523,3.327620506286621,3.19392466545105
2.0666415691375732,3.3266215324401855,3.1942667961120605
2.0628504753112793,3.3249523639678955,3.1945877075195312
2.0620789527893066,3.3244001865386963,3.1944897174835205
2.0620789527893066,3.3244001865386963,3.1944897174835205
2.0618696212768555,3.3249800205230713,3.1940386295318604
2.061960458755493,3.325613260269165,3.1937971115112305
2.061960458755493,3.325613260269165,3.1937971115112305
2.061126708984375,3.325314521789551,3.193553924560547
2.0592522621154785,3.325371742248535,3.192810297012329
2.058007001876831,3.3251678943634033,3.192674398422241
2.0579187870025635,3.3254191875457764,3.192046880722046
2.0579187870025635,3.3254191875457764,3.192046880722046
2.0587360858917236,3.3252525329589844,3.1917648315429688
2.0587494373321533,3.3255996704101562,3.191236734390259
2.058816432952881,3.3265652656555176,3.190650224685669
2.058816432952881,3.3265652656555176,3.190650224685669
2.058908224105835,3.3271493911743164,3.1907296180725098
2.0590643882751465,3.326860189437866,3.190546989440918
2.0586700439453125,3.3269946575164795,3.1898279190063477
2.05787992477417,3.327038288116455,3.1890602111816406
2.05787992477417,3.327038288116455,3.1890602111816406
2.0581185817718506,3.327385187149048,3.1883513927459717
2.0577569007873535,3.3275907039642334,3.1883182525634766
2.0572147369384766,3.327054500579834,3.188359022140503
2.0556163787841797,3.325669288635254,3.1888375282287598
2.0556163787841797,3.325669288635254,3.1888375282287598
2.054257869720459,3.3253512382507324,3.18892502784729
2.053313970565796,3.325190305709839,3.189253330230713
2.0519728660583496,3.32403826713562,3.1900441646575928
2.0505928993225098,3.3213253021240234,3.1907520294189453
2.0505928993225098,3.3213253021240234,3.1907520294189453
2.04824161529541,3.3166606426239014,3.1918375492095947
2.0466673374176025,3.313673734664917,3.1923680305480957
2.046919345855713,3.312840700149536,3.192626953125
2.046919345855713,3.312840700149536,3.192626953125
2.0481786727905273,3.311920166015625,3.1933751106262207
2.048384666442871,3.3104000091552734,3.1938915252685547
2.048384666442871,3.3104000091552734,3.1938915252685547
2.047192096710205,3.310420036315918,3.193206787109375
2.0457122325897217,3.3100333213806152,3.192671537399292
2.0453925132751465,3.308983564376831,3.1926968097686768
2.0457518100738525,3.308417320251465,3.1927101612091064
2.0457518100738525,3.308417320251465,3.1927101612091064
2.046187400817871,3.307384490966797,3.193082809448242
2.044731616973877,3.308347463607788,3.1930134296417236
2.0426294803619385,3.3100380897521973,3.192490339279175
2.0414018630981445,3.3097124099731445,3.1924476623535156
2.039825916290283,3.308131456375122,3.1923813819885254
2.0398125648498535,3.3057701587677,3.1932313442230225
2.0398125648498535,3.3057701587677,3.1932313442230225
2.039302349090576,3.3034682273864746,3.1937763690948486
2.039217948913574,3.3020169734954834,3.194096565246582
2.0381882190704346,3.299893617630005,3.1947779655456543
2.0381882190704346,3.299893617630005,3.1947779655456543
2.038102865219116,3.2998557090759277,3.1946609020233154
2.0390915870666504,3.3006856441497803,3.1946299076080322
2.0394515991210938,3.3005213737487793,3.195007801055908
2.039585590362549,3.299701452255249,3.1953372955322266
2.039585590362549,3.299701452255249,3.1953372955322266
2.0376029014587402,3.2972803115844727,3.1957924365997314
2.0354421138763428,3.295304536819458,3.196127414703369
2.0346667766571045,3.294722080230713,3.196131467819214
2.034329891204834,3.293811559677124,3.1964643001556396
2.0348780155181885,3.293344020843506,3.196765184402466
2.0346198081970215,3.2924718856811523,3.197326421737671
2.0346198081970215,3.2924718856811523,3.197326421737671
2.034235954284668,3.291785717010498,3.1975595951080322
2.033301591873169,3.290935516357422,3.197537899017334
2.0315146446228027,3.290013313293457,3.1974472999572754
2.029336452484131,3.2891993522644043,3.1973187923431396
2.029336452484131,3.2891993522644043,3.1973187923431396
2.025681257247925,3.288241147994995,3.196648120880127
2.024725914001465,3.2874667644500732,3.1964914798736572
2.024160861968994,3.2866721153259277,3.196812868118286
2.0238373279571533,3.2851948738098145,3.196948528289795
2.0238373279571533,3.2851948738098145,3.196948528289795
2.0223371982574463,3.2842154502868652,3.196805715560913
2.0200753211975098,3.2850146293640137,3.1956958770751953
2.0194597244262695,3.2853829860687256,3.195146083831787
2.0194597244262695,3.2853829860687256,3.195146083831787
2.0181708335876465,3.2849929332733154,3.1947202682495117
2.0172407627105713,3.2823429107666016,3.1954457759857178
2.0154051780700684,3.2812821865081787,3.1949877738952637
2.014481544494629,3.280413866043091,3.1944642066955566
2.014481544494629,3.280413866043091,3.1944642066955566
2.0135140419006348,3.280663251876831,3.194218158721924
2.012653350830078,3.2803752422332764,3.1939289569854736
2.010362148284912,3.278097152709961,3.1942155361175537
2.010362148284912,3.278097152709961,3.1942155361175537
2.0094780921936035,3.27754807472229,3.1939518451690674
2.0083391666412354,3.2759110927581787,3.1938910484313965
2.007143497467041,3.27577805519104,3.1935739517211914
2.006014823913574,3.276151180267334,3.193269968032837
2.006014823913574,3.276151180267334,3.193269968032837
2.0055482387542725,3.2779932022094727,3.191990375518799
2.0058653354644775,3.279062032699585,3.191850185394287
2.0057566165924072,3.278149366378784,3.1919310092926025
2.0057566165924072,3.278149366378784,3.1919310092926025
2.005305767059326,3.2764291763305664,3.19254994392395
2.004197835922241,3.2740185260772705,3.19286847114563
2.004197835922241,3.2740185260772705,3.19286847114563
2.0020830631256104,3.271158218383789,3.193264961242676
2.000739574432373,3.269679307937622,3.194103240966797
2.000554323196411,3.269071578979492,3.193920612335205
1.9992706775665283,3.2678768634796143,3.1946072578430176
1.9992706775665283,3.2678768634796143,3.1946072578430176
1.9972833395004272,3.2645928859710693,3.1955130100250244
1.9963538646697998,3.2622604370117188,3.196340560913086
1.9958796501159668,3.261911630630493,3.196331262588501
1.995441198348999,3.262406826019287,3.1958603858947754
1.995441198348999,3.262406826019287,3.1958603858947754
1.9944109916687012,3.262953996658325,3.1959588527679443
1.9935866594314575,3.2622103691101074,3.196040153503418
1.9936167001724243,3.2617385387420654,3.196180582046509
1.9941444396972656,3.261354923248291,3.1963815689086914
1.994000792503357,3.2619075775146484,3.1959738731384277
1.9940003156661987,3.263202667236328,3.1953749656677246
1.9940003156661987,3.263202667236328,3.1953749656677246
1.9941006898880005,3.263841152191162,3.1954615116119385
1.993865966796875,3.2637996673583984,3.195573329925537
1.9931769371032715,3.2637929916381836,3.1954009532928467
1.9918122291564941,3.264021158218384,3.194849967956543
1.9918122291564941,3.264021158218384,3.194849967956543
1.9910717010498047,3.2635819911956787,3.1947898864746094
1.9891215562820435,3.2635233402252197,3.1946258544921875
1.988621711730957,3.2638871669769287,3.1940128803253174
1.9867973327636719,3.264497756958008,3.1944994926452637
1.9867973327636719,3.264497756958008,3.1944994926452637
1.986228585243225,3.26435923576355,3.1944150924682617
1.9838616847991943,3.263510227203369,3.194504499435425
1.9823896884918213,3.2625210285186768,3.194798231124878
1.9823896884918213,3.2625210285186768,3.194798231124878
1.9816128015518188,3.2624258995056152,3.194343328475952
1.9810504913330078,3.263470411300659,3.194157361984253
1.9811276197433472,3.2636678218841553,3.19427490234375
1.980162501335144,3.2630043029785156,3.1942920684814453
1.9792522192001343,3.2624430656433105,3.1940691471099854
1.9792522192001343,3.2624430656433105,3.1940691471099854
1.9787954092025757,3.2617595195770264,3.1946194171905518
1.9782482385635376,3.2610867023468018,3.1946518421173096
1.978132724761963,3.261323928833008,3.1942098140716553
1.9771367311477661,3.2611186504364014,3.1939992904663086
1.9755384922027588,3.2599525451660156,3.1937830448150635
1.9755384922027588,3.2599525451660156,3.1937830448150635
1.9742910861968994,3.2594523429870605,3.1936402320861816
1.9735822677612305,3.2579684257507324,3.193972587585449
1.9727504253387451,3.2567899227142334,3.1938729286193848
1.9727504253387451,3.2567899227142334,3.1938729286193848
1.9719043970108032,3.2555716037750244,3.1941351890563965
1.9703752994537354,3.254990339279175,3.1937191486358643
1.9695348739624023,3.25394344329834,3.1942999362945557
1.9695348739624023,3.25394344329834,3.1942999362945557
1.969364881515503,3.2524092197418213,3.194483995437622
1.9690423011779785,3.2522594928741455,3.1944587230682373
1.9688738584518433,3.2521302700042725,3.194431781768799
1.9688738584518433,3.2521302700042725,3.194431781768799
1.968557596206665,3.2521750926971436,3.194275140762329
1.9686527252197266,3.2529544830322266,3.194007158279419
1.9686336517333984,3.2538511753082275,3.1934990882873535
1.9679988622665405,3.254434108734131,3.193434000015259
1.9679988622665405,3.254434108734131,3.193434000015259
1.9663190841674805,3.2547848224639893,3.1931111812591553
1.9655077457427979,3.2559926509857178,3.1930034160614014
1.9646859169006348,3.257138729095459,3.192328691482544
1.9622360467910767,3.2580199241638184,3.191528797149658
1.9589569568634033,3.258467674255371,3.190986394882202
1.9577096700668335,3.2584445476531982,3.190721035003662
1.9577096700668335,3.2584445476531982,3.190721035003662
1.95616614818573,3.2586026191711426,3.190459966659546
1.9559454917907715,3.2585840225219727,3.190547227859497
1.956021785736084,3.257906913757324,3.1911134719848633
1.956021785736084,3.257906913757324,3.1911134719848633
1.9550771713256836,3.257305145263672,3.191120147705078
1.9518765211105347,3.257240056991577,3.190570592880249
1.9481079578399658,3.258026123046875,3.1891984939575195
1.9460887908935547,3.258267879486084,3.188141107559204
1.9460887908935547,3.258267879486084,3.188141107559204
1.9450613260269165,3.2581422328948975,3.1880486011505127
1.9451836347579956,3.2576797008514404,3.1881892681121826
1.9449150562286377,3.2575531005859375,3.1882150173187256
1.9451773166656494,3.257437229156494,3.188023090362549
1.944433569908142,3.257984161376953,3.1878466606140137
1.9444880485534668,3.2580294609069824,3.187746047973633
1.9444880485534668,3.2580294609069824,3.187746047973633
1.9441667795181274,3.258868932723999,3.1875264644622803
1.9439620971679688,3.259110927581787,3.187049627304077
1.9432389736175537,3.259685516357422,3.1864242553710938
1.9426023960113525,3.258969783782959,3.186455011367798
1.9426023960113525,3.258969783782959,3.186455011367798
1.9422911405563354,3.2581498622894287,3.1863322257995605
1.942158579826355,3.25791072845459,3.1863784790039062
1.9414284229278564,3.2575156688690186,3.1864380836486816
1.9412055015563965,3.259235382080078,3.1857640743255615
1.9412055015563965,3.259235382080078,3.1857640743255615
1.9422359466552734,3.2608301639556885,3.184892177581787
1.9419537782669067,3.2617130279541016,3.1846137046813965
1.9411673545837402,3.2612996101379395,3.184520721435547
1.938361644744873,3.2608399391174316,3.1835837364196777
1.938361644744873,3.2608399391174316,3.1835837364196777
1.9370611906051636,3.2610762119293213,3.183706045150757
1.937753677368164,3.2627227306365967,3.1829757690429688
1.9382203817367554,3.263580799102783,3.1828255653381348
1.938083529472351,3.26350998878479,3.1828596591949463
1.9363166093826294,3.2629077434539795,3.182551383972168
1.9363166093826294,3.2629077434539795,3.182551383972168
1.935879111289978,3.262601375579834,3.1823582649230957
1.9353176355361938,3.262331485748291,3.1822359561920166
1.935467004776001,3.2625203132629395,3.1819305419921875
1.9352784156799316,3.262058734893799,3.181994676589966
1.9352784156799316,3.262058734893799,3.181994676589966
1.9345098733901978,3.2614026069641113,3.181942939758301
1.9349104166030884,3.2604942321777344,3.182068109512329
1.9349104166030884,3.2604942321777344,3.182068109512329
1.935448408126831,3.26019024848938,3.1819419860839844
1.9357177019119263,3.2594797611236572,3.1818416118621826
1.935230016708374,3.258974313735962,3.1814818382263184
1.9341235160827637,3.258878231048584,3.181811809539795
1.9341235160827637,3.258878231048584,3.181811809539795
1.933266043663025,3.258906364440918,3.1815106868743896
1.9334572553634644,3.259110450744629,3.182126760482788
1.9336475133895874,3.259047269821167,3.1820333003997803
1.9327750205993652,3.257891893386841,3.182642936706543
1.9327750205993652,3.257891893386841,3.182642936706543
1.931530475616455,3.257173776626587,3.1828067302703857
1.9304423332214355,3.256624698638916,3.182713270187378
1.9288541078567505,3.2552709579467773,3.183255910873413
1.9288541078567505,3.2552709579467773,3.183255910873413
1.9266692399978638,3.252593994140625,3.1835691928863525
1.9248220920562744,3.2505288124084473,3.1842153072357178
1.9230166673660278,3.2490711212158203,3.184892177581787
1.9224134683609009,3.2486155033111572,3.1858859062194824
1.9224134683609009,3.2486155033111572,3.1858859062194824
1.9228570461273193,3.2497851848602295,3.1853251457214355
1.9226624965667725,3.2501490116119385,3.1849184036254883
1.9206641912460327,3.24896240234375,3.1852288246154785
1.9206641912460327,3.24896240234375,3.1852288246154785
1.9186304807662964,3.2483420372009277,3.1848373413085938
1.9181801080703735,3.2488980293273926,3.1845173835754395
1.919124960899353,3.24991512298584,3.1843392848968506
1.919783592224121,3.250568389892578,3.18410062789917
1.919830083847046,3.2510626316070557,3.184021234512329
1.9178593158721924,3.2500998973846436,3.1839826107025146
1.9178593158721924,3.2500998973846436,3.1839826107025146
1.9168506860733032,3.2497012615203857,3.18449330329895
1.9172061681747437,3.2489683628082275,3.184784412384033
1.9172061681747437,3.2489683628082275,3.184784412384033
1.9169307947158813,3.2496650218963623,3.1842050552368164
1.916001558303833,3.2494990825653076,3.184436082839966
1.916001558303833,3.2494990825653076,3.184436082839966
1.9156079292297363,3.2484235763549805,3.184821128845215
1.915722131729126,3.248667001724243,3.1845054626464844
1.9162324666976929,3.2484171390533447,3.184704303741455
1.915337324142456,3.2477004528045654,3.1845476627349854
1.9125136137008667,3.2444467544555664,3.185615301132202
1.9091670513153076,3.241345167160034,3.185765027999878
1.9091670513153076,3.241345167160034,3.185765027999878
1.907697319984436,3.239988327026367,3.1858673095703125
1.9087899923324585,3.2400319576263428,3.186074733734131
1.9087899923324585,3.2400319576263428,3.186074733734131
1.9095503091812134,3.240490198135376,3.1865010261535645
1.9109907150268555,3.242215633392334,3.1852309703826904
1.9109907150268555,3.242215633392334,3.1852309703826904
1.9090347290039062,3.241091728210449,3.185654878616333
1.9048254489898682,3.2374107837677,3.1881206035614014
1.902132511138916,3.2305142879486084,3.1912474632263184
1.902132511138916,3.2305142879486084,3.1912474632263184
1.9033722877502441,3.231410264968872,3.1908602714538574
