x,y,z
2.0138790607452393,2.7186992168426514,3.2178690433502197
2.0138790607452393,2.7186992168426514,3.2178690433502197
2.0131032466888428,2.722683906555176,3.2161929607391357
2.0131032466888428,2.722683906555176,3.2161929607391357
2.0133392810821533,2.719209909439087,3.2208404541015625
2.012686014175415,2.717637062072754,3.2239346504211426
2.012686014175415,2.717637062072754,3.2239346504211426
2.0126800537109375,2.7160234451293945,3.2259714603424072
2.0126800537109375,2.7160234451293945,3.2259714603424072
2.012333631515503,2.7199060916900635,3.2183187007904053
2.0124454498291016,2.7212703227996826,3.214352607727051
2.0124454498291016,2.7212703227996826,3.214352607727051
2.0125412940979004,2.7202513217926025,3.2119452953338623
2.0125412940979004,2.7202513217926025,3.2119452953338623
2.011359214782715,2.7233545780181885,3.2091901302337646
2.012662410736084,2.7187843322753906,3.2102153301239014
2.012662410736084,2.7187843322753906,3.2102153301239014
2.012511730194092,2.7173097133636475,3.2127685546875
2.012511730194092,2.7173097133636475,3.2127685546875
2.0112006664276123,2.717944860458374,3.2140161991119385
2.009242057800293,2.718873977661133,3.2203123569488525
2.009242057800293,2.718873977661133,3.2203123569488525
2.0104880332946777,2.714615821838379,3.223879814147949
2.0104880332946777,2.714615821838379,3.223879814147949
2.0109994411468506,2.71372127532959,3.2239882946014404
2.0100951194763184,2.7153544425964355,3.2238121032714844
2.0100951194763184,2.7153544425964355,3.2238121032714844
2.009284734725952,2.7165801525115967,3.223989486694336
2.009284734725952,2.7165801525115967,3.223989486694336
2.0082695484161377,2.718317747116089,3.2238640785217285
2.007707357406616,2.717808723449707,3.224534273147583
2.007707357406616,2.717808723449707,3.224534273147583
2.0079264640808105,2.7163262367248535,3.2271780967712402
2.0079264640808105,2.7163262367248535,3.2271780967712402
2.0081734657287598,2.7143759727478027,3.2295405864715576
2.0081787109375,2.714557647705078,3.2302753925323486
2.0081787109375,2.714557647705078,3.2302753925323486
2.008286952972412,2.7133965492248535,3.2302401065826416
2.008286952972412,2.7133965492248535,3.2302401065826416
2.0075936317443848,2.7148125171661377,3.228593587875366
2.0075936317443848,2.7148125171661377,3.228593587875366
2.0076231956481934,2.7169923782348633,3.225318193435669
2.008174419403076,2.7151131629943848,3.2244019508361816
2.008174419403076,2.7151131629943848,3.2244019508361816
2.0081229209899902,2.7158193588256836,3.2240889072418213
2.007446765899658,2.715501546859741,3.225855827331543
2.007446765899658,2.715501546859741,3.225855827331543
2.0062379837036133,2.7167747020721436,3.226118326187134
2.0062379837036133,2.7167747020721436,3.226118326187134
2.0066585540771484,2.7162818908691406,3.2249763011932373
2.0073134899139404,2.7178447246551514,3.2204229831695557
2.0073134899139404,2.7178447246551514,3.2204229831695557
2.0074753761291504,2.716905117034912,3.2187857627868652
2.0074753761291504,2.716905117034912,3.2187857627868652
2.0082380771636963,2.7174782752990723,3.215327262878418
2.009654998779297,2.7181968688964844,3.214318037033081
2.009654998779297,2.7181968688964844,3.214318037033081
2.0095415115356445,2.7215282917022705,3.210850477218628
2.0095415115356445,2.7215282917022705,3.210850477218628
2.010089874267578,2.722193479537964,3.2088265419006348
2.010737180709839,2.7226221561431885,3.2078089714050293
2.010737180709839,2.7226221561431885,3.2078089714050293
2.0127294063568115,2.720850944519043,3.205979824066162
2.0127294063568115,2.720850944519043,3.205979824066162
2.013730764389038,2.718876361846924,3.205925703048706
2.014176607131958,2.718050479888916,3.206648588180542
2.014176607131958,2.718050479888916,3.206648588180542
2.0143227577209473,2.718247652053833,3.206941604614258
2.0143227577209473,2.718247652053833,3.206941604614258
2.0153095722198486,2.716320753097534,3.205125331878662
2.0153095722198486,2.716320753097534,3.205125331878662
2.0158329010009766,2.7160332202911377,3.201691150665283
2.0156877040863037,2.716283082962036,3.200469970703125
2.0156877040863037,2.716283082962036,3.200469970703125
2.015420436859131,2.716601610183716,3.2011263370513916
2.0155186653137207,2.715109348297119,3.199662685394287
2.0155186653137207,2.715109348297119,3.199662685394287
2.014563798904419,2.7172374725341797,3.1957485675811768
2.014563798904419,2.7172374725341797,3.1957485675811768
2.012948513031006,2.7193429470062256,3.192047119140625
2.012314558029175,2.720259666442871,3.191460609436035
2.012314558029175,2.720259666442871,3.191460609436035
2.0133349895477295,2.718438148498535,3.191838264465332
2.0133349895477295,2.718438148498535,3.191838264465332
2.0135915279388428,2.7164700031280518,3.1913795471191406
2.0136098861694336,2.7163243293762207,3.1900506019592285
2.0136098861694336,2.7163243293762207,3.1900506019592285
2.012967824935913,2.717738628387451,3.1904993057250977
2.012967824935913,2.717738628387451,3.1904993057250977
2.012209177017212,2.7184553146362305,3.1893575191497803
2.012850522994995,2.719041109085083,3.185675859451294
2.012850522994995,2.719041109085083,3.185675859451294
2.014591932296753,2.7165720462799072,3.1871564388275146
2.014591932296753,2.7165720462799072,3.1871564388275146
2.015591621398926,2.7145533561706543,3.1881158351898193
2.015591621398926,2.7145533561706543,3.1881158351898193
2.0155484676361084,2.7136614322662354,3.189084529876709
2.016310214996338,2.7123215198516846,3.188656806945801
2.016310214996338,2.7123215198516846,3.188656806945801
2.0156757831573486,2.7145771980285645,3.1872661113739014
2.0155303478240967,2.7156739234924316,3.1858627796173096
2.0155303478240967,2.7156739234924316,3.1858627796173096
2.016153573989868,2.7155377864837646,3.1837282180786133
2.016153573989868,2.7155377864837646,3.1837282180786133
2.0160396099090576,2.716677188873291,3.1841015815734863
2.0160396099090576,2.716677188873291,3.1841015815734863
2.0157127380371094,2.7149932384490967,3.1866164207458496
2.015415906906128,2.7141826152801514,3.1890220642089844
2.015415906906128,2.7141826152801514,3.1890220642089844
2.0162343978881836,2.7117691040039062,3.188157558441162
2.0165772438049316,2.711801290512085,3.1865487098693848
2.0165772438049316,2.711801290512085,3.1865487098693848
2.01655650138855,2.711322069168091,3.1851301193237305
2.01655650138855,2.711322069168091,3.1851301193237305
2.017102003097534,2.710103750228882,3.1850247383117676
2.017547369003296,2.7100179195404053,3.184826135635376
2.017547369003296,2.7100179195404053,3.184826135635376
2.0179219245910645,2.709099054336548,3.1856188774108887
2.0179219245910645,2.709099054336548,3.1856188774108887
2.0173234939575195,2.712019205093384,3.184168815612793
2.0173234939575195,2.712019205093384,3.184168815612793
2.0170371532440186,2.712855815887451,3.1819868087768555
2.017244815826416,2.712223529815674,3.1815528869628906
2.017244815826416,2.712223529815674,3.1815528869628906
2.0181751251220703,2.7102739810943604,3.1811797618865967
2.0187509059906006,2.7084717750549316,3.181365489959717
2.0187509059906006,2.7084717750549316,3.181365489959717
2.01837158203125,2.7077717781066895,3.1824750900268555
2.01837158203125,2.7077717781066895,3.1824750900268555
2.0173556804656982,2.710256576538086,3.180062770843506
2.017186403274536,2.7117209434509277,3.178427219390869
2.017186403274536,2.7117209434509277,3.178427219390869
2.0161795616149902,2.7129597663879395,3.177614450454712
2.0161795616149902,2.7129597663879395,3.177614450454712
2.01574969291687,2.7135751247406006,3.176909923553467
2.01574969291687,2.7135751247406006,3.176909923553467
2.0153684616088867,2.7134573459625244,3.178731679916382
2.0151004791259766,2.7140018939971924,3.1781787872314453
2.0151004791259766,2.7140018939971924,3.1781787872314453
2.013511896133423,2.7157342433929443,3.17909574508667
2.013511896133423,2.7157342433929443,3.17909574508667
2.013580083847046,2.715223550796509,3.1791718006134033
2.0141353607177734,2.7154557704925537,3.1781575679779053
2.0141353607177734,2.7154557704925537,3.1781575679779053
2.0143892765045166,2.7164700031280518,3.176063060760498
2.0126123428344727,2.7190849781036377,3.177377223968506
2.0126123428344727,2.7190849781036377,3.177377223968506
2.012756109237671,2.7193784713745117,3.1765713691711426
2.012756109237671,2.7193784713745117,3.1765713691711426
2.012897253036499,2.7206690311431885,3.1736865043640137
2.012897253036499,2.7206690311431885,3.1736865043640137
2.013812780380249,2.721306085586548,3.170010805130005
2.01346755027771,2.72070050239563,3.1697609424591064
2.01346755027771,2.72070050239563,3.1697609424591064
2.0129332542419434,2.723081588745117,3.1683712005615234
2.0129332542419434,2.723081588745117,3.1683712005615234
2.012845754623413,2.7233195304870605,3.167372703552246
2.0127315521240234,2.7244672775268555,3.165602922439575
2.0127315521240234,2.7244672775268555,3.165602922439575
2.0121400356292725,2.7260963916778564,3.164685010910034
2.0121400356292725,2.7260963916778564,3.164685010910034
2.012979507446289,2.726060390472412,3.1626193523406982
2.014331579208374,2.7244677543640137,3.1619949340820312
2.014331579208374,2.7244677543640137,3.1619949340820312
2.0142483711242676,2.7239346504211426,3.1637611389160156
2.0141725540161133,2.724172353744507,3.164419412612915
2.0141725540161133,2.724172353744507,3.164419412612915
2.014286994934082,2.7252631187438965,3.160977363586426
2.014286994934082,2.7252631187438965,3.160977363586426
2.014444589614868,2.726073980331421,3.1596882343292236
2.014444589614868,2.726073980331421,3.1596882343292236
2.014028310775757,2.7279489040374756,3.158371925354004
2.0140419006347656,2.728022336959839,3.1580705642700195
2.0140419006347656,2.728022336959839,3.1580705642700195
2.0145657062530518,2.7280571460723877,3.158377170562744
2.0145657062530518,2.7280571460723877,3.158377170562744
2.0154802799224854,2.7276289463043213,3.157975673675537
2.015824556350708,2.727776527404785,3.157386302947998
2.015824556350708,2.727776527404785,3.157386302947998
2.0147109031677246,2.729177713394165,3.1571273803710938
2.0147109031677246,2.729177713394165,3.1571273803710938
2.015362024307251,2.728100538253784,3.1564900875091553
2.0164589881896973,2.727677345275879,3.1548655033111572
2.0164589881896973,2.727677345275879,3.1548655033111572
2.0169007778167725,2.726583480834961,3.15537428855896
2.0157010555267334,2.727367401123047,3.1560733318328857
2.0157010555267334,2.727367401123047,3.1560733318328857
2.0155656337738037,2.727022886276245,3.1567325592041016
2.0155656337738037,2.727022886276245,3.1567325592041016
2.01605486869812,2.7265303134918213,3.156187057495117
2.016789674758911,2.7257864475250244,3.1552250385284424
2.016789674758911,2.7257864475250244,3.1552250385284424
2.014939546585083,2.7289230823516846,3.1545886993408203
2.014939546585083,2.7289230823516846,3.1545886993408203
2.012958288192749,2.731422185897827,3.1549410820007324
2.012624502182007,2.7334718704223633,3.150826930999756
2.012624502182007,2.7334718704223633,3.150826930999756
2.010843276977539,2.737769365310669,3.1476759910583496
2.010843276977539,2.737769365310669,3.1476759910583496
2.009167194366455,2.741476535797119,3.144718647003174
2.009167194366455,2.741476535797119,3.144718647003174
2.007385015487671,2.7441506385803223,3.144308090209961
2.006638526916504,2.7444519996643066,3.1451494693756104
2.006638526916504,2.7444519996643066,3.1451494693756104
2.005964994430542,2.7446718215942383,3.1460108757019043
2.005964994430542,2.7446718215942383,3.1460108757019043
2.00581955909729,2.7440025806427,3.1454482078552246
2.005746841430664,2.7461366653442383,3.1433098316192627
2.005746841430664,2.7461366653442383,3.1433098316192627
2.005408763885498,2.7492501735687256,3.139709234237671
2.0052926540374756,2.751512289047241,3.1371448040008545
2.0052926540374756,2.751512289047241,3.1371448040008545
2.005601406097412,2.752284288406372,3.1363632678985596
2.005601406097412,2.752284288406372,3.1363632678985596
2.005680561065674,2.7531657218933105,3.1345558166503906
2.0056869983673096,2.7548065185546875,3.1320080757141113
2.0056869983673096,2.7548065185546875,3.1320080757141113
2.005857467651367,2.755523443222046,3.129335403442383
2.005857467651367,2.755523443222046,3.129335403442383
2.005584716796875,2.758174180984497,3.126021146774292
2.004929304122925,2.760735273361206,3.124807596206665
2.004929304122925,2.760735273361206,3.124807596206665
2.0054705142974854,2.760423421859741,3.124382495880127
2.0054705142974854,2.760423421859741,3.124382495880127
2.006483793258667,2.7609870433807373,3.1220803260803223
2.0070860385894775,2.7621030807495117,3.1194913387298584
2.0070860385894775,2.7621030807495117,3.1194913387298584
2.006981611251831,2.7634999752044678,3.116816997528076
2.006981611251831,2.7634999752044678,3.116816997528076
2.007160186767578,2.7631916999816895,3.113736629486084
2.0079991817474365,2.7619292736053467,3.1126222610473633
2.0079991817474365,2.7619292736053467,3.1126222610473633
2.0082931518554688,2.7622323036193848,3.1111936569213867
2.0082931518554688,2.7622323036193848,3.1111936569213867
2.0084478855133057,2.7604176998138428,3.112125873565674
2.0084478855133057,2.7604176998138428,3.112125873565674
2.008133888244629,2.76047945022583,3.112037181854248
2.007889747619629,2.760120391845703,3.111006259918213
2.007889747619629,2.760120391845703,3.111006259918213
2.0090460777282715,2.7594592571258545,3.1092021465301514
2.0090460777282715,2.7594592571258545,3.1092021465301514
2.0102713108062744,2.7597649097442627,3.1084389686584473
2.0095584392547607,2.761626958847046,3.1069931983947754
2.0095584392547607,2.761626958847046,3.1069931983947754
2.0082905292510986,2.7647509574890137,3.106343984603882
2.0082905292510986,2.7647509574890137,3.106343984603882
2.0086729526519775,2.764195680618286,3.1067893505096436
2.009708881378174,2.7624166011810303,3.1064298152923584
2.009708881378174,2.7624166011810303,3.1064298152923584
2.011260509490967,2.7591030597686768,3.1071436405181885
2.0105342864990234,2.7592360973358154,3.1081154346466064
2.0105342864990234,2.7592360973358154,3.1081154346466064
2.0100250244140625,2.7591805458068848,3.109077215194702
2.0100250244140625,2.7591805458068848,3.109077215194702
2.010152578353882,2.759282112121582,3.1078455448150635
2.010152578353882,2.759282112121582,3.1078455448150635
2.0092644691467285,2.7605063915252686,3.107884168624878
2.007982015609741,2.761727809906006,3.1081907749176025
2.007982015609741,2.761727809906006,3.1081907749176025
2.0076334476470947,2.7613208293914795,3.108032464981079
2.0076334476470947,2.7613208293914795,3.108032464981079
2.0067310333251953,2.762584686279297,3.1086854934692383
2.0058481693267822,2.764091730117798,3.1090030670166016
2.0058481693267822,2.764091730117798,3.1090030670166016
2.00468111038208,2.764803409576416,3.1088860034942627
2.004289150238037,2.765613555908203,3.1083176136016846
2.004289150238037,2.765613555908203,3.1083176136016846
2.0050463676452637,2.764753818511963,3.107985019683838
2.0050463676452637,2.764753818511963,3.107985019683838
2.006434917449951,2.7633447647094727,3.1071832180023193
2.006434917449951,2.7633447647094727,3.1071832180023193
2.0057079792022705,2.76423978805542,3.1081295013427734
2.0049831867218018,2.7652180194854736,3.1071746349334717
2.0049831867218018,2.7652180194854736,3.1071746349334717
2.0049004554748535,2.765561580657959,3.106323003768921
2.0049004554748535,2.765561580657959,3.106323003768921
2.006117343902588,2.7639055252075195,3.1045644283294678
2.006460666656494,2.764801263809204,3.1038033962249756
2.006460666656494,2.764801263809204,3.1038033962249756
2.005889415740967,2.7664687633514404,3.1023976802825928
2.0051429271698,2.769078493118286,3.1005847454071045
2.0051429271698,2.769078493118286,3.1005847454071045
2.0049378871917725,2.7711119651794434,3.0984091758728027
2.0049378871917725,2.7711119651794434,3.0984091758728027
2.005267858505249,2.772838592529297,3.0955252647399902
2.005267858505249,2.772838592529297,3.0955252647399902
2.0052475929260254,2.7743401527404785,3.0932183265686035
2.0049219131469727,2.7762393951416016,3.091595411300659
2.0049219131469727,2.7762393951416016,3.091595411300659
2.005028486251831,2.777111291885376,3.089637517929077
2.005028486251831,2.777111291885376,3.089637517929077
2.0052528381347656,2.778729200363159,3.0865607261657715
2.0043933391571045,2.780143976211548,3.0871102809906006
2.0043933391571045,2.780143976211548,3.0871102809906006
2.004786252975464,2.7791647911071777,3.0856497287750244
2.0052802562713623,2.778717279434204,3.0840423107147217
2.0052802562713623,2.778717279434204,3.0840423107147217
2.006101608276367,2.7776522636413574,3.081170082092285
2.006101608276367,2.7776522636413574,3.081170082092285
2.005476236343384,2.7790677547454834,3.0787129402160645
2.005476236343384,2.7790677547454834,3.0787129402160645
2.0058815479278564,2.777909278869629,3.0772476196289062
2.006146192550659,2.776916980743408,3.076604127883911
2.006146192550659,2.776916980743408,3.076604127883911
2.0061910152435303,2.7758049964904785,3.0773603916168213
2.0061910152435303,2.7758049964904785,3.0773603916168213
2.005880355834961,2.778073310852051,3.075052499771118
2.0054187774658203,2.7803399562835693,3.0722391605377197
2.0054187774658203,2.7803399562835693,3.0722391605377197
2.0060460567474365,2.780576229095459,3.071834087371826
2.0073883533477783,2.7801778316497803,3.072319269180298
2.0073883533477783,2.7801778316497803,3.072319269180298
2.008291721343994,2.7792508602142334,3.0721633434295654
2.008291721343994,2.7792508602142334,3.0721633434295654
2.008831024169922,2.7783212661743164,3.0720183849334717
2.008831024169922,2.7783212661743164,3.0720183849334717
2.008425712585449,2.7779040336608887,3.0703272819519043
2.008817195892334,2.776747226715088,3.0686869621276855
2.008817195892334,2.776747226715088,3.0686869621276855
2.0095975399017334,2.7773258686065674,3.066438913345337
2.0095975399017334,2.7773258686065674,3.066438913345337
2.0098533630371094,2.7762770652770996,3.0673654079437256
2.0096654891967773,2.773988962173462,3.0690624713897705
2.0096654891967773,2.773988962173462,3.0690624713897705
2.009843349456787,2.772592306137085,3.0695619583129883
2.010019063949585,2.772714614868164,3.0673828125
2.010019063949585,2.772714614868164,3.0673828125
2.0083515644073486,2.7765183448791504,3.064019203186035
2.0083515644073486,2.7765183448791504,3.064019203186035
2.0080313682556152,2.7783517837524414,3.063045024871826
2.0080313682556152,2.7783517837524414,3.063045024871826
2.0089077949523926,2.7772903442382812,3.0644328594207764
2.0107927322387695,2.7754058837890625,3.065150260925293
2.0107927322387695,2.7754058837890625,3.065150260925293
2.0115997791290283,2.7736198902130127,3.065549612045288
2.0112411975860596,2.7751920223236084,3.0649471282958984
2.0112411975860596,2.7751920223236084,3.0649471282958984
2.0109148025512695,2.7763254642486572,3.0631723403930664
2.0109148025512695,2.7763254642486572,3.0631723403930664
2.0108582973480225,2.778515577316284,3.0599632263183594
2.0108582973480225,2.778515577316284,3.0599632263183594
2.0112273693084717,2.779543161392212,3.058077335357666
2.0105903148651123,2.781507730484009,3.057955503463745
2.0105903148651123,2.781507730484009,3.057955503463745
2.009150266647339,2.7830724716186523,3.0561060905456543
2.0088226795196533,2.784245491027832,3.0535271167755127
2.0088226795196533,2.784245491027832,3.0535271167755127
2.0078701972961426,2.7857742309570312,3.0520145893096924
2.0078701972961426,2.7857742309570312,3.0520145893096924
2.006895065307617,2.7861454486846924,3.05193829536438
2.005694627761841,2.7875051498413086,3.0527937412261963
2.005694627761841,2.7875051498413086,3.0527937412261963
2.0051825046539307,2.7879743576049805,3.0526490211486816
2.0051825046539307,2.7879743576049805,3.0526490211486816
2.00608229637146,2.789172649383545,3.0510690212249756
2.0057077407836914,2.790409803390503,3.0493829250335693
2.0057077407836914,2.790409803390503,3.0493829250335693
2.0052125453948975,2.7905828952789307,3.0508885383605957
2.0052125453948975,2.7905828952789307,3.0508885383605957
2.0042505264282227,2.7903265953063965,3.052300453186035
2.0042505264282227,2.7903265953063965,3.052300453186035
2.0035560131073,2.789937973022461,3.0531980991363525
2.003427267074585,2.790438413619995,3.0517122745513916
2.003427267074585,2.790438413619995,3.0517122745513916
2.003450632095337,2.7905430793762207,3.0516810417175293
2.003202438354492,2.7902774810791016,3.053053379058838
2.003202438354492,2.7902774810791016,3.053053379058838
2.002769947052002,2.7913002967834473,3.053766965866089
2.002769947052002,2.7913002967834473,3.053766965866089
2.002892255783081,2.791106700897217,3.054340124130249
2.002962112426758,2.792107105255127,3.0545761585235596
2.002962112426758,2.792107105255127,3.0545761585235596
2.0029640197753906,2.7924582958221436,3.0558104515075684
2.0029640197753906,2.7924582958221436,3.0558104515075684
2.0038957595825195,2.7917306423187256,3.0558059215545654
2.0046186447143555,2.7918975353240967,3.055299997329712
2.0046186447143555,2.7918975353240967,3.055299997329712
2.0046133995056152,2.7923049926757812,3.055063009262085
2.0046133995056152,2.7923049926757812,3.055063009262085
2.003695487976074,2.7941737174987793,3.0552499294281006
2.003695487976074,2.7941737174987793,3.0552499294281006
2.003645420074463,2.7932345867156982,3.0554237365722656
2.0040719509124756,2.791388988494873,3.055701494216919
2.0040719509124756,2.791388988494873,3.055701494216919
2.0048725605010986,2.7904891967773438,3.0550954341888428
2.0044682025909424,2.7915990352630615,3.0543484687805176
2.0044682025909424,2.7915990352630615,3.0543484687805176
2.0037076473236084,2.7935869693756104,3.0529608726501465
2.0037076473236084,2.7935869693756104,3.0529608726501465
2.003368616104126,2.794017791748047,3.052788257598877
2.003368616104126,2.794017791748047,3.052788257598877
2.0031158924102783,2.7931406497955322,3.0531673431396484
2.0024566650390625,2.7947983741760254,3.0525147914886475
2.0024566650390625,2.7947983741760254,3.0525147914886475
2.001894950866699,2.796088218688965,3.0515029430389404
2.001894950866699,2.796088218688965,3.0515029430389404
2.0025241374969482,2.7964699268341064,3.0486209392547607
2.002321720123291,2.797255039215088,3.047530174255371
2.002321720123291,2.797255039215088,3.047530174255371
2.0013980865478516,2.7969486713409424,3.048125743865967
2.0010197162628174,2.79757022857666,3.048182487487793
2.0010197162628174,2.79757022857666,3.048182487487793
2.001437187194824,2.7972841262817383,3.045544385910034
2.001437187194824,2.7972841262817383,3.045544385910034
2.001204013824463,2.798067808151245,3.0431113243103027
2.001204013824463,2.798067808151245,3.0431113243103027
1.9999730587005615,2.8001315593719482,3.042705535888672
1.9996875524520874,2.801215648651123,3.0417356491088867
1.9996875524520874,2.801215648651123,3.0417356491088867
2.0009756088256836,2.8005075454711914,3.0410866737365723
2.0009756088256836,2.8005075454711914,3.0410866737365723
2.0009708404541016,2.801501989364624,3.0393433570861816
1.9995648860931396,2.804380178451538,3.0391077995300293
1.9995648860931396,2.804380178451538,3.0391077995300293
2.00103759765625,2.8025598526000977,3.0389175415039062
2.0037424564361572,2.798901319503784,3.038886785507202
2.0037424564361572,2.798901319503784,3.038886785507202
2.004868507385254,2.7972171306610107,3.0398337841033936
2.004868507385254,2.7972171306610107,3.0398337841033936
2.003621816635132,2.799072504043579,3.040255546569824
2.0028531551361084,2.799309015274048,3.039233684539795
2.0028531551361084,2.799309015274048,3.039233684539795
2.0031943321228027,2.8000526428222656,3.036273717880249
2.0031943321228027,2.8000526428222656,3.036273717880249
2.0030651092529297,2.8013267517089844,3.0337581634521484
2.0030651092529297,2.8013267517089844,3.0337581634521484
2.0022964477539062,2.8023335933685303,3.033353090286255
2.00294828414917,2.801137924194336,3.0339527130126953
2.00294828414917,2.801137924194336,3.0339527130126953
2.003568410873413,2.800894021987915,3.0324318408966064
2.002131700515747,2.8030712604522705,3.0294852256774902
2.002131700515747,2.8030712604522705,3.0294852256774902
2.000744104385376,2.8055124282836914,3.0284383296966553
2.000744104385376,2.8055124282836914,3.0284383296966553
2.0000627040863037,2.806044340133667,3.028765916824341
2.0000627040863037,2.806044340133667,3.028765916824341
2.0014841556549072,2.804318428039551,3.027482032775879
2.0020699501037598,2.803962230682373,3.027157783508301
2.0020699501037598,2.803962230682373,3.027157783508301
2.0011141300201416,2.8048582077026367,3.0282704830169678
2.0011141300201416,2.8048582077026367,3.0282704830169678
2.0002124309539795,2.805640459060669,3.0283679962158203
2.0004093647003174,2.8056743144989014,3.027581214904785
2.0004093647003174,2.8056743144989014,3.027581214904785
2.001563549041748,2.8044612407684326,3.0262913703918457
2.001267910003662,2.8053412437438965,3.0270450115203857
2.001267910003662,2.8053412437438965,3.0270450115203857
2.0005545616149902,2.8059310913085938,3.0275685787200928
2.0005545616149902,2.8059310913085938,3.0275685787200928
2.0004427433013916,2.805964708328247,3.027836561203003
2.0004427433013916,2.805964708328247,3.027836561203003
2.000685930252075,2.806076765060425,3.0262162685394287
1.9995408058166504,2.808516263961792,3.025585889816284
1.9995408058166504,2.808516263961792,3.025585889816284
1.9989265203475952,2.808612585067749,3.025796413421631
1.9989265203475952,2.808612585067749,3.025796413421631
2.0002167224884033,2.80674147605896,3.0245261192321777
2.0014002323150635,2.803987979888916,3.026266098022461
2.0014002323150635,2.803987979888916,3.026266098022461
2.001559019088745,2.8037524223327637,3.026965379714966
2.001559019088745,2.8037524223327637,3.026965379714966
2.000905752182007,2.8053152561187744,3.0267419815063477
2.0010972023010254,2.806943655014038,3.0236995220184326
2.0010972023010254,2.806943655014038,3.0236995220184326
2.0003468990325928,2.809807777404785,3.0207293033599854
2.0003468990325928,2.809807777404785,3.0207293033599854
2.0002541542053223,2.810791015625,3.0195295810699463
2.000596284866333,2.809919834136963,3.0202975273132324
2.000596284866333,2.809919834136963,3.0202975273132324
1.999772548675537,2.8101978302001953,3.0201990604400635
1.999772548675537,2.8101978302001953,3.0201990604400635
1.9995890855789185,2.810048818588257,3.019347667694092
1.9985815286636353,2.812208414077759,3.0163445472717285
1.9985815286636353,2.812208414077759,3.0163445472717285
1.9972317218780518,2.8148858547210693,3.015871524810791
1.9964522123336792,2.8163793087005615,3.015822649002075
1.9964522123336792,2.8163793087005615,3.015822649002075
1.997170090675354,2.8145134449005127,3.016054391860962
1.997170090675354,2.8145134449005127,3.016054391860962
1.9972567558288574,2.8142709732055664,3.0173134803771973
1.9977948665618896,2.813462257385254,3.019127368927002
1.9977948665618896,2.813462257385254,3.019127368927002
1.9978432655334473,2.813997507095337,3.0195412635803223
1.9978432655334473,2.813997507095337,3.0195412635803223
1.9981155395507812,2.814512014389038,3.018930435180664
1.998403787612915,2.814716339111328,3.0191657543182373
1.998403787612915,2.814716339111328,3.0191657543182373
1.9980367422103882,2.815082550048828,3.020073652267456
1.9980367422103882,2.815082550048828,3.020073652267456
1.9980419874191284,2.814892053604126,3.0193800926208496
1.9974414110183716,2.816091537475586,3.0186116695404053
1.9974414110183716,2.816091537475586,3.0186116695404053
1.9965673685073853,2.817765235900879,3.017228126525879
1.9965673685073853,2.817765235900879,3.017228126525879
1.9952713251113892,2.8202147483825684,3.0163917541503906
1.9944343566894531,2.8210556507110596,3.0164918899536133
1.9944343566894531,2.8210556507110596,3.0164918899536133
1.9954495429992676,2.819957971572876,3.015455484390259
1.9954495429992676,2.819957971572876,3.015455484390259
1.9965285062789917,2.8187661170959473,3.0143301486968994
1.9965285062789917,2.8187661170959473,3.0143301486968994
1.9947459697723389,2.8219919204711914,3.0153286457061768
1.9936931133270264,2.823484182357788,3.0138535499572754
1.9936931133270264,2.823484182357788,3.0138535499572754
1.9937796592712402,2.8236324787139893,3.0133752822875977
1.99490487575531,2.822343111038208,3.0132782459259033
1.99490487575531,2.822343111038208,3.0132782459259033
1.9955683946609497,2.8225274085998535,3.0127012729644775
1.9955683946609497,2.8225274085998535,3.0127012729644775
1.9950671195983887,2.823526382446289,3.0115957260131836
1.9950671195983887,2.823526382446289,3.0115957260131836
1.9945741891860962,2.8257639408111572,3.008878707885742
1.9946798086166382,2.825146198272705,3.007073163986206
1.9946798086166382,2.825146198272705,3.007073163986206
1.9945188760757446,2.825874090194702,3.0054783821105957
1.9945188760757446,2.825874090194702,3.0054783821105957
1.9946209192276,2.8257155418395996,3.0056023597717285
1.9955418109893799,2.8243353366851807,3.005777597427368
1.9955418109893799,2.8243353366851807,3.005777597427368
1.9968101978302002,2.8226985931396484,3.0055739879608154
1.9970295429229736,2.823368549346924,3.004457950592041
1.9970295429229736,2.823368549346924,3.004457950592041
1.9962246417999268,2.8255631923675537,3.0025980472564697
1.9962246417999268,2.8255631923675537,3.0025980472564697
1.995808482170105,2.827629566192627,3.000375986099243
1.995808482170105,2.827629566192627,3.000375986099243
1.9959275722503662,2.8285231590270996,2.998535633087158
1.9950337409973145,2.8314759731292725,2.9965174198150635
1.9950337409973145,2.8314759731292725,2.9965174198150635
1.994615912437439,2.833136796951294,2.993725538253784
1.9949661493301392,2.833137035369873,2.991840124130249
1.9949661493301392,2.833137035369873,2.991840124130249
1.9950727224349976,2.833037853240967,2.9912428855895996
1.9950727224349976,2.833037853240967,2.9912428855895996
1.9955084323883057,2.832096815109253,2.990422487258911
1.9958051443099976,2.832271099090576,2.9895339012145996
1.9958051443099976,2.832271099090576,2.9895339012145996
1.9951651096343994,2.833683490753174,2.989504098892212
1.9951651096343994,2.833683490753174,2.989504098892212
1.9952086210250854,2.832972526550293,2.988238573074341
1.9952086210250854,2.832972526550293,2.988238573074341
1.9952800273895264,2.834150791168213,2.9859795570373535
1.994415044784546,2.8367252349853516,2.9836440086364746
1.994415044784546,2.8367252349853516,2.9836440086364746
1.9932541847229004,2.8382859230041504,2.9826040267944336
1.9922345876693726,2.838559150695801,2.981130361557007
1.9922345876693726,2.838559150695801,2.981130361557007
1.9927817583084106,2.8373377323150635,2.9808356761932373
1.9927817583084106,2.8373377323150635,2.9808356761932373
1.9927841424942017,2.8368101119995117,2.9821252822875977
1.992563009262085,2.8369312286376953,2.9829587936401367
1.992563009262085,2.8369312286376953,2.9829587936401367
1.9919666051864624,2.8379836082458496,2.982205390930176
1.9919666051864624,2.8379836082458496,2.982205390930176
1.9915145635604858,2.8398423194885254,2.9802775382995605
1.9914621114730835,2.840367317199707,2.9799177646636963
1.9914621114730835,2.840367317199707,2.9799177646636963
1.9910112619400024,2.8415639400482178,2.97918701171875
1.9910112619400024,2.8415639400482178,2.97918701171875
1.990999698638916,2.8409712314605713,2.9805092811584473
1.9921289682388306,2.8400862216949463,2.9797961711883545
1.9921289682388306,2.8400862216949463,2.9797961711883545
1.9923948049545288,2.8410122394561768,2.978992223739624
1.9923948049545288,2.8410122394561768,2.978992223739624
1.9915796518325806,2.8434839248657227,2.977828025817871
1.991140604019165,2.8450682163238525,2.9771859645843506
1.991140604019165,2.8450682163238525,2.9771859645843506
1.9917631149291992,2.8441197872161865,2.9768378734588623
1.9917631149291992,2.8441197872161865,2.9768378734588623
1.991781234741211,2.8437752723693848,2.9773740768432617
1.9916043281555176,2.8438720703125,2.977271318435669
1.9916043281555176,2.8438720703125,2.977271318435669
1.9910471439361572,2.8448617458343506,2.9764716625213623
1.9910471439361572,2.8448617458343506,2.9764716625213623
1.989890694618225,2.8466005325317383,2.974777936935425
1.9896388053894043,2.8468639850616455,2.974130153656006
1.9896388053894043,2.8468639850616455,2.974130153656006
1.988914132118225,2.8473165035247803,2.975154161453247
1.988914132118225,2.8473165035247803,2.975154161453247
1.9884233474731445,2.847484827041626,2.9763221740722656
1.9877572059631348,2.847820281982422,2.9778902530670166
1.9877572059631348,2.847820281982422,2.9778902530670166
1.9883582592010498,2.8470101356506348,2.9780547618865967
1.9883582592010498,2.8470101356506348,2.9780547618865967
1.9887970685958862,2.8467934131622314,2.9779903888702393
1.9887970685958862,2.8467934131622314,2.9779903888702393
1.9884980916976929,2.846949338912964,2.977945327758789
1.9865169525146484,2.8500897884368896,2.977602243423462
1.9865169525146484,2.8500897884368896,2.977602243423462
1.9852145910263062,2.852816343307495,2.975557327270508
1.9847941398620605,2.8534247875213623,2.9744820594787598
1.9847941398620605,2.8534247875213623,2.9744820594787598
1.9847371578216553,2.853299856185913,2.973552703857422
1.9847371578216553,2.853299856185913,2.973552703857422
1.9841116666793823,2.8529813289642334,2.9751689434051514
1.9833245277404785,2.854017496109009,2.9746949672698975
1.9833245277404785,2.854017496109009,2.9746949672698975
1.983000636100769,2.854984998703003,2.973536252975464
1.983000636100769,2.854984998703003,2.973536252975464
1.9823373556137085,2.857088088989258,2.9719274044036865
1.9823373556137085,2.857088088989258,2.9719274044036865
1.981829285621643,2.8578901290893555,2.9725260734558105
1.9828604459762573,2.8556039333343506,2.97346830368042
1.9828604459762573,2.8556039333343506,2.97346830368042
1.9840598106384277,2.854882001876831,2.972031354904175
1.9840598106384277,2.854882001876831,2.972031354904175
1.9830338954925537,2.856581449508667,2.9727652072906494
1.9813557863235474,2.8594071865081787,2.973102331161499
1.9819916486740112,2.859545946121216,2.9716649055480957
1.9819916486740112,2.859545946121216,2.9716649055480957
1.983364462852478,2.858814239501953,2.9702584743499756
1.9833979606628418,2.8595900535583496,2.9687249660491943
1.9833979606628418,2.8595900535583496,2.9687249660491943
1.982588529586792,2.861198902130127,2.967529058456421
1.982588529586792,2.861198902130127,2.967529058456421
1.983019232749939,2.8620731830596924,2.965182304382324
1.983019232749939,2.8620731830596924,2.965182304382324
1.9833459854125977,2.8628346920013428,2.9638612270355225
1.9827101230621338,2.8649821281433105,2.963083028793335
1.9827101230621338,2.8649821281433105,2.963083028793335
1.9826984405517578,2.865206480026245,2.961998224258423
1.9826984405517578,2.865206480026245,2.961998224258423
1.983634114265442,2.864820718765259,2.960069417953491
1.983634114265442,2.864820718765259,2.960069417953491
1.9841965436935425,2.863964796066284,2.9595766067504883
1.9834392070770264,2.8647196292877197,2.960536003112793
1.9834392070770264,2.8647196292877197,2.960536003112793
1.9834930896759033,2.862800359725952,2.960505962371826
1.9834930896759033,2.862800359725952,2.960505962371826
1.9836130142211914,2.8619625568389893,2.959923505783081
1.9836130142211914,2.8619625568389893,2.959923505783081
1.9844967126846313,2.859760046005249,2.9598395824432373
1.984326720237732,2.85933518409729,2.9596168994903564
1.984326720237732,2.85933518409729,2.9596168994903564
1.9837291240692139,2.8601062297821045,2.9594802856445312
1.9837291240692139,2.8601062297821045,2.9594802856445312
1.983536720275879,2.860694408416748,2.9583640098571777
1.9832693338394165,2.862797737121582,2.956423044204712
1.9832693338394165,2.862797737121582,2.956423044204712
1.9812610149383545,2.868027687072754,2.9552292823791504
1.9794515371322632,2.871544599533081,2.954923152923584
1.9794515371322632,2.871544599533081,2.954923152923584
1.9798507690429688,2.8714439868927,2.954141855239868
1.9798507690429688,2.8714439868927,2.954141855239868
1.9806885719299316,2.8706982135772705,2.954460382461548
1.9805148839950562,2.8704662322998047,2.955591917037964
1.9805148839950562,2.8704662322998047,2.955591917037964
1.979360818862915,2.8714466094970703,2.9570934772491455
1.979360818862915,2.8714466094970703,2.9570934772491455
1.9790682792663574,2.871474027633667,2.956049680709839
1.9790682792663574,2.871474027633667,2.956049680709839
1.979123592376709,2.8726613521575928,2.9534878730773926
1.9777135848999023,2.87542724609375,2.9523072242736816
1.9777135848999023,2.87542724609375,2.9523072242736816
1.9778809547424316,2.8750321865081787,2.9508419036865234
1.9783868789672852,2.8739521503448486,2.9498753547668457
1.9783868789672852,2.8739521503448486,2.9498753547668457
1.9775488376617432,2.87477707862854,2.948946714401245
1.9775488376617432,2.87477707862854,2.948946714401245
1.975903868675232,2.877157688140869,2.9465765953063965
1.9763907194137573,2.877316951751709,2.945505380630493
1.9763907194137573,2.877316951751709,2.945505380630493
1.9775941371917725,2.8765838146209717,2.942495346069336
1.9775941371917725,2.8765838146209717,2.942495346069336
1.9780209064483643,2.877480983734131,2.941387176513672
1.9771815538406372,2.8797802925109863,2.9421374797821045
1.9771815538406372,2.8797802925109863,2.9421374797821045
1.9767979383468628,2.8805768489837646,2.9420692920684814
1.9767979383468628,2.8805768489837646,2.9420692920684814
1.978013038635254,2.8793351650238037,2.9401497840881348
1.978901982307434,2.878962755203247,2.9372622966766357
1.978901982307434,2.878962755203247,2.9372622966766357
1.9792685508728027,2.8782155513763428,2.9365415573120117
1.9792685508728027,2.8782155513763428,2.9365415573120117
1.979287028312683,2.8774118423461914,2.9374570846557617
1.9802333116531372,2.875389337539673,2.9381473064422607
1.9802333116531372,2.875389337539673,2.9381473064422607
1.9803810119628906,2.8757338523864746,2.9374752044677734
1.9803810119628906,2.8757338523864746,2.9374752044677734
1.9799762964248657,2.877366304397583,2.9359941482543945
1.9795304536819458,2.878462553024292,2.9355711936950684
1.9795304536819458,2.878462553024292,2.9355711936950684
1.9797238111495972,2.877995729446411,2.935887336730957
1.9797238111495972,2.877995729446411,2.935887336730957
1.9801368713378906,2.877223014831543,2.9361732006073
1.9783262014389038,2.879481315612793,2.936955451965332
1.9783262014389038,2.879481315612793,2.936955451965332
1.9768445491790771,2.8818769454956055,2.936288833618164
1.9768445491790771,2.8818769454956055,2.936288833618164
1.9763444662094116,2.88360857963562,2.9341559410095215
1.976189136505127,2.8847408294677734,2.932405471801758
1.976189136505127,2.8847408294677734,2.932405471801758
1.9752352237701416,2.8852343559265137,2.9337363243103027
1.9752352237701416,2.8852343559265137,2.9337363243103027
1.9751101732254028,2.8858416080474854,2.93357515335083
1.9751101732254028,2.8858416080474854,2.93357515335083
1.975139856338501,2.886888265609741,2.9315738677978516
1.9735873937606812,2.8891379833221436,2.93066668510437
1.9735873937606812,2.8891379833221436,2.93066668510437
1.9725829362869263,2.89097261428833,2.9297657012939453
1.9733455181121826,2.8902735710144043,2.9283952713012695
1.9733455181121826,2.8902735710144043,2.9283952713012695
1.9742635488510132,2.8902969360351562,2.9271929264068604
1.9742635488510132,2.8902969360351562,2.9271929264068604
1.9740263223648071,2.8924126625061035,2.9268641471862793
1.9740263223648071,2.8924126625061035,2.9268641471862793
1.9730466604232788,2.893554449081421,2.927274465560913
1.975455641746521,2.889652729034424,2.926344871520996
1.975455641746521,2.889652729034424,2.926344871520996
1.9770886898040771,2.8868823051452637,2.926732301712036
1.976797103881836,2.8867650032043457,2.9269559383392334
1.976797103881836,2.8867650032043457,2.9269559383392334
1.976014256477356,2.8879408836364746,2.926616907119751
1.976014256477356,2.8879408836364746,2.926616907119751
1.9764304161071777,2.8867616653442383,2.924821376800537
1.9763412475585938,2.8875086307525635,2.922788143157959
1.9763412475585938,2.8875086307525635,2.922788143157959
1.9744843244552612,2.8912112712860107,2.9205305576324463
1.9744843244552612,2.8912112712860107,2.9205305576324463
1.9718968868255615,2.8956637382507324,2.9200947284698486
1.9720511436462402,2.895951509475708,2.9179844856262207
1.9720511436462402,2.895951509475708,2.9179844856262207
1.973028302192688,2.8947246074676514,2.9165499210357666
1.973028302192688,2.8947246074676514,2.9165499210357666
1.9729925394058228,2.8947877883911133,2.917418956756592
1.9729925394058228,2.8947877883911133,2.917418956756592
1.9712164402008057,2.8970119953155518,2.9194509983062744
1.9705960750579834,2.897974729537964,2.9192192554473877
1.9705960750579834,2.897974729537964,2.9192192554473877
1.9703731536865234,2.8998525142669678,2.916313886642456
1.9697281122207642,2.9018266201019287,2.916349172592163
1.9697281122207642,2.9018266201019287,2.916349172592163
1.9687639474868774,2.9039723873138428,2.9160051345825195
1.9687639474868774,2.9039723873138428,2.9160051345825195
1.9683483839035034,2.9041922092437744,2.917418956756592
1.9683483839035034,2.9041922092437744,2.917418956756592
1.969281554222107,2.9038922786712646,2.9151015281677246
1.9700641632080078,2.903757333755493,2.9140334129333496
1.9700641632080078,2.903757333755493,2.9140334129333496
1.9704781770706177,2.903646945953369,2.9129385948181152
1.9695528745651245,2.90543794631958,2.9132256507873535
1.9695528745651245,2.90543794631958,2.9132256507873535
1.9710643291473389,2.9020369052886963,2.913148880004883
1.9710643291473389,2.9020369052886963,2.913148880004883
1.972529649734497,2.900484561920166,2.911703109741211
1.97138249874115,2.902859926223755,2.911311626434326
1.9710888862609863,2.903730869293213,2.9106979370117188
1.9710888862609863,2.903730869293213,2.9106979370117188
1.9707446098327637,2.9039742946624756,2.9102742671966553
1.9707446098327637,2.9039742946624756,2.9102742671966553
1.9713243246078491,2.9034857749938965,2.9083244800567627
1.9713243246078491,2.9034857749938965,2.9083244800567627
1.971125602722168,2.9044110774993896,2.908564805984497
1.9707646369934082,2.9038584232330322,2.9097235202789307
1.9707646369934082,2.9038584232330322,2.9097235202789307
1.9714356660842896,2.902663469314575,2.909970998764038
1.9714356660842896,2.902663469314575,2.909970998764038
1.9713376760482788,2.9012577533721924,2.9103493690490723
1.9711445569992065,2.9006214141845703,2.9110193252563477
1.9711445569992065,2.9006214141845703,2.9110193252563477
1.9707040786743164,2.901296377182007,2.910815477371216
1.9707040786743164,2.901296377182007,2.910815477371216
1.9707361459732056,2.9011642932891846,2.910897970199585
1.970597267150879,2.901158571243286,2.9104671478271484
1.970597267150879,2.901158571243286,2.9104671478271484
1.9692193269729614,2.9032225608825684,2.9107818603515625
1.9692193269729614,2.9032225608825684,2.9107818603515625
1.968436360359192,2.9053869247436523,2.9090328216552734
1.9679267406463623,2.90755295753479,2.906670093536377
1.9679267406463623,2.90755295753479,2.906670093536377
1.9670779705047607,2.908550977706909,2.9058938026428223
1.9670779705047607,2.908550977706909,2.9058938026428223
1.965885877609253,2.9094033241271973,2.9078288078308105
1.965885877609253,2.9094033241271973,2.9078288078308105
1.9658608436584473,2.909376859664917,2.908184766769409
1.966355323791504,2.9092354774475098,2.9076528549194336
1.966355323791504,2.9092354774475098,2.9076528549194336
1.965850591659546,2.911311626434326,2.906059980392456
1.965850591659546,2.911311626434326,2.906059980392456
1.9658739566802979,2.910965919494629,2.906531810760498
1.9661093950271606,2.9107561111450195,2.9067842960357666
1.9661093950271606,2.9107561111450195,2.9067842960357666
1.9659403562545776,2.911588668823242,2.906428337097168
1.9659403562545776,2.911588668823242,2.906428337097168
1.9655985832214355,2.912782669067383,2.9053778648376465
1.9658814668655396,2.9123051166534424,2.9057457447052
1.9658814668655396,2.9123051166534424,2.9057457447052
1.9666597843170166,2.9120020866394043,2.904764413833618
1.9666597843170166,2.9120020866394043,2.904764413833618
1.966214895248413,2.9130802154541016,2.9054224491119385
1.965457558631897,2.9135186672210693,2.9071102142333984
1.965457558631897,2.9135186672210693,2.9071102142333984
1.9669893980026245,2.91062331199646,2.9074432849884033
1.9669893980026245,2.91062331199646,2.9074432849884033
1.968399167060852,2.9082906246185303,2.906947374343872
1.9662139415740967,2.9114303588867188,2.906813859939575
1.9662139415740967,2.9114303588867188,2.906813859939575
1.9640333652496338,2.914811134338379,2.9053003787994385
1.9640333652496338,2.914811134338379,2.9053003787994385
1.963667631149292,2.916416645050049,2.9016306400299072
1.9631553888320923,2.917396306991577,2.8989288806915283
1.9631553888320923,2.917396306991577,2.8989288806915283
1.961944341659546,2.9183225631713867,2.8975911140441895
1.961944341659546,2.9183225631713867,2.8975911140441895
1.960810661315918,2.9202818870544434,2.895719051361084
1.96091890335083,2.9205362796783447,2.892742872238159
1.96091890335083,2.9205362796783447,2.892742872238159
1.9602925777435303,2.9221315383911133,2.8931820392608643
1.9602925777435303,2.9221315383911133,2.8931820392608643
1.9602998495101929,2.921879768371582,2.893660306930542
1.961260437965393,2.9205150604248047,2.8934483528137207
1.961260437965393,2.9205150604248047,2.8934483528137207
1.9615103006362915,2.921983480453491,2.89192795753479
1.9615103006362915,2.921983480453491,2.89192795753479
1.9607220888137817,2.9249000549316406,2.8896443843841553
1.9599616527557373,2.926565647125244,2.890007734298706
1.9599616527557373,2.926565647125244,2.890007734298706
1.9609451293945312,2.9255685806274414,2.8884828090667725
1.9609451293945312,2.9255685806274414,2.8884828090667725
1.9615424871444702,2.92435359954834,2.8883538246154785
1.9615424871444702,2.92435359954834,2.8883538246154785
1.9605876207351685,2.9260764122009277,2.8883779048919678
1.9596831798553467,2.9270083904266357,2.887624502182007
1.9596831798553467,2.9270083904266357,2.887624502182007
1.9596188068389893,2.9275918006896973,2.8854591846466064
1.9596188068389893,2.9275918006896973,2.8854591846466064
1.960499882698059,2.926635980606079,2.883917808532715
1.9599140882492065,2.926854372024536,2.8856852054595947
1.9599140882492065,2.926854372024536,2.8856852054595947
1.9597638845443726,2.925497531890869,2.8862903118133545
1.9600248336791992,2.9254722595214844,2.8850257396698
1.9600248336791992,2.9254722595214844,2.8850257396698
1.9603567123413086,2.9257593154907227,2.8830008506774902
1.9603567123413086,2.9257593154907227,2.8830008506774902
1.958111047744751,2.9294543266296387,2.883395195007324
1.9575090408325195,2.9307522773742676,2.882920742034912
1.9575090408325195,2.9307522773742676,2.882920742034912
1.9590588808059692,2.928378105163574,2.8826963901519775
1.9590588808059692,2.928378105163574,2.8826963901519775
1.9602885246276855,2.927590847015381,2.882214307785034
1.9588828086853027,2.9305500984191895,2.883452892303467
1.9588828086853027,2.9305500984191895,2.883452892303467
1.9577596187591553,2.9319937229156494,2.8845858573913574
1.9577596187591553,2.9319937229156494,2.8845858573913574
1.9599902629852295,2.9297311305999756,2.881227731704712
1.959956407546997,2.9309065341949463,2.879901647567749
1.959956407546997,2.9309065341949463,2.879901647567749
1.9587253332138062,2.9326539039611816,2.8797008991241455
1.9587253332138062,2.9326539039611816,2.8797008991241455
1.9570386409759521,2.9349682331085205,2.878408670425415
1.9571051597595215,2.933910846710205,2.8756661415100098
1.9571051597595215,2.933910846710205,2.8756661415100098
1.9571205377578735,2.9337496757507324,2.8739209175109863
1.9571205377578735,2.9337496757507324,2.8739209175109863
1.9561058282852173,2.9341182708740234,2.873685121536255
1.9557527303695679,2.934816360473633,2.8734209537506104
1.9557527303695679,2.934816360473633,2.8734209537506104
1.9556783437728882,2.93572735786438,2.873741388320923
1.9556783437728882,2.93572735786438,2.873741388320923
1.9558629989624023,2.934971332550049,2.8748221397399902
1.9563157558441162,2.9351353645324707,2.8760783672332764
1.9563157558441162,2.9351353645324707,2.8760783672332764
1.9576380252838135,2.9340415000915527,2.877194404602051
1.9576380252838135,2.9340415000915527,2.877194404602051
1.957486867904663,2.93485689163208,2.876580238342285
1.955931544303894,2.9373412132263184,2.8789851665496826
1.955931544303894,2.9373412132263184,2.8789851665496826
1.9562593698501587,2.936642646789551,2.879518508911133
1.9562593698501587,2.936642646789551,2.879518508911133
1.9570906162261963,2.9357736110687256,2.8781678676605225
1.9566636085510254,2.9362335205078125,2.8782243728637695
1.9566636085510254,2.9362335205078125,2.8782243728637695
1.9557452201843262,2.936537981033325,2.8782503604888916
1.9557452201843262,2.936537981033325,2.8782503604888916
1.9555858373641968,2.9366464614868164,2.8784337043762207
1.9555858373641968,2.9366464614868164,2.8784337043762207
1.9562371969223022,2.9364402294158936,2.87717342376709
1.9557310342788696,2.9381654262542725,2.875988721847534
1.9557310342788696,2.9381654262542725,2.875988721847534
1.9538991451263428,2.940415382385254,2.8762757778167725
1.9530593156814575,2.941330671310425,2.8766417503356934
1.9530593156814575,2.941330671310425,2.8766417503356934
1.9533339738845825,2.941206455230713,2.875981330871582
1.9533339738845825,2.941206455230713,2.875981330871582
1.9526097774505615,2.9414358139038086,2.8760197162628174
1.9519898891448975,2.94183611869812,2.876603603363037
1.9519898891448975,2.94183611869812,2.876603603363037
1.950372338294983,2.943852186203003,2.877124309539795
1.950372338294983,2.943852186203003,2.877124309539795
1.950890302658081,2.94364333152771,2.8730673789978027
1.950890302658081,2.94364333152771,2.8730673789978027
1.9514734745025635,2.943892478942871,2.870042085647583
1.9501514434814453,2.9465487003326416,2.8686330318450928
1.9501514434814453,2.9465487003326416,2.8686330318450928
1.949796199798584,2.947200059890747,2.8670742511749268
1.949771523475647,2.9481890201568604,2.8645036220550537
1.949771523475647,2.9481890201568604,2.8645036220550537
1.9502859115600586,2.94842529296875,2.8616445064544678
1.9502859115600586,2.94842529296875,2.8616445064544678
1.9507386684417725,2.9487576484680176,2.860769033432007
1.9507386684417725,2.9487576484680176,2.860769033432007
1.9516996145248413,2.94761061668396,2.861942768096924
1.9529523849487305,2.9466042518615723,2.8613059520721436
1.9529523849487305,2.9466042518615723,2.8613059520721436
1.9537943601608276,2.9470016956329346,2.8606791496276855
1.9539297819137573,2.9471354484558105,2.8591933250427246
1.9539297819137573,2.9471354484558105,2.8591933250427246
1.9545645713806152,2.9459147453308105,2.8596389293670654
1.9545645713806152,2.9459147453308105,2.8596389293670654
1.9565370082855225,2.942258596420288,2.861421823501587
1.9592355489730835,2.9383068084716797,2.86429500579834
1.9592355489730835,2.9383068084716797,2.86429500579834
1.9591337442398071,2.9378561973571777,2.8653502464294434
1.9591337442398071,2.9378561973571777,2.8653502464294434
1.956204891204834,2.943784713745117,2.86375093460083
1.954996943473816,2.945119619369507,2.859659194946289
1.954996943473816,2.945119619369507,2.859659194946289
1.9543471336364746,2.946505308151245,2.857271909713745
1.9543471336364746,2.946505308151245,2.857271909713745
1.9550954103469849,2.9454267024993896,2.856137275695801
1.953667163848877,2.945990562438965,2.8572802543640137
1.953667163848877,2.945990562438965,2.8572802543640137
1.9527782201766968,2.94577956199646,2.857475519180298
1.9527782201766968,2.94577956199646,2.857475519180298
1.9528470039367676,2.945100784301758,2.8572263717651367
1.9525656700134277,2.9446475505828857,2.8586223125457764
1.9525656700134277,2.9446475505828857,2.8586223125457764
1.9519379138946533,2.944669485092163,2.8595683574676514
1.952046275138855,2.944061517715454,2.8602101802825928
1.952046275138855,2.944061517715454,2.8602101802825928
1.953009843826294,2.94321608543396,2.8583765029907227
1.953009843826294,2.94321608543396,2.8583765029907227
1.9524892568588257,2.9443774223327637,2.8582510948181152
1.9514153003692627,2.9456303119659424,2.858747959136963
1.9514153003692627,2.9456303119659424,2.858747959136963
1.949812412261963,2.947380781173706,2.8588364124298096
1.949812412261963,2.947380781173706,2.8588364124298096
1.9501309394836426,2.9485082626342773,2.8557987213134766
1.9502902030944824,2.949822187423706,2.854271650314331
1.9502902030944824,2.949822187423706,2.854271650314331
1.94893479347229,2.9521732330322266,2.8541972637176514
1.9490792751312256,2.95120906829834,2.8531110286712646
1.9490792751312256,2.95120906829834,2.8531110286712646
1.9495081901550293,2.9500505924224854,2.853980779647827
1.9495081901550293,2.9500505924224854,2.853980779647827
1.949052333831787,2.9498376846313477,2.8550267219543457
1.9491870403289795,2.9485983848571777,2.8541629314422607
1.9491870403289795,2.9485983848571777,2.8541629314422607
1.9488306045532227,2.9484546184539795,2.8550186157226562
1.9482810497283936,2.9484968185424805,2.8561689853668213
1.9482810497283936,2.9484968185424805,2.8561689853668213
1.9482810497283936,2.9484968185424805,2.8561689853668213
1.9487650394439697,2.9478423595428467,2.854701042175293
1.9463906288146973,2.9518628120422363,2.8543946743011475
1.9463906288146973,2.9518628120422363,2.8543946743011475
1.944399356842041,2.9552879333496094,2.851950168609619
1.9440202713012695,2.9566056728363037,2.8503966331481934
1.9440202713012695,2.9566056728363037,2.8503966331481934
1.944311261177063,2.957155227661133,2.8489913940429688
1.944311261177063,2.957155227661133,2.8489913940429688
1.9432477951049805,2.9592220783233643,2.8486576080322266
1.9420101642608643,2.960845947265625,2.847947835922241
1.9420101642608643,2.960845947265625,2.847947835922241
1.9417715072631836,2.9617984294891357,2.846485137939453
1.9417715072631836,2.9617984294891357,2.846485137939453
1.9422565698623657,2.9628899097442627,2.8455841541290283
1.9420876502990723,2.9638824462890625,2.844090223312378
1.9420876502990723,2.9638824462890625,2.844090223312378
1.9416708946228027,2.9654064178466797,2.843858480453491
1.9430493116378784,2.964606761932373,2.842895030975342
1.9430493116378784,2.964606761932373,2.842895030975342
1.9441440105438232,2.9646291732788086,2.843217134475708
1.9442410469055176,2.965017318725586,2.844115734100342
1.9442410469055176,2.965017318725586,2.844115734100342
1.9436724185943604,2.966360569000244,2.8454885482788086
1.9430996179580688,2.9676220417022705,2.842759609222412
1.9430996179580688,2.9676220417022705,2.842759609222412
1.9432727098464966,2.9680304527282715,2.8413822650909424
1.9432727098464966,2.9680304527282715,2.8413822650909424
1.9424540996551514,2.9694316387176514,2.8418009281158447
1.9418914318084717,2.9698145389556885,2.8402767181396484
1.9418914318084717,2.9698145389556885,2.8402767181396484
1.9419845342636108,2.9704065322875977,2.838285446166992
1.9419845342636108,2.9704065322875977,2.838285446166992
1.9416484832763672,2.9718165397644043,2.835960626602173
1.939543604850769,2.976193904876709,2.8322818279266357
1.939543604850769,2.976193904876709,2.8322818279266357
1.9379042387008667,2.9803273677825928,2.8290293216705322
1.9379042387008667,2.9803273677825928,2.8290293216705322
1.9382513761520386,2.980491876602173,2.826869249343872
1.938284158706665,2.979808807373047,2.827298164367676
1.938284158706665,2.979808807373047,2.827298164367676
1.9385391473770142,2.978184223175049,2.8272438049316406
1.9385391473770142,2.978184223175049,2.8272438049316406
1.9384398460388184,2.977996826171875,2.827572822570801
1.9386862516403198,2.977006435394287,2.82749342918396
1.9386862516403198,2.977006435394287,2.82749342918396
1.939611554145813,2.975084066390991,2.8268954753875732
1.939611554145813,2.975084066390991,2.8268954753875732
1.9400103092193604,2.9752373695373535,2.826371192932129
1.9396708011627197,2.9763715267181396,2.8262598514556885
1.9396708011627197,2.9763715267181396,2.8262598514556885
1.9400302171707153,2.9762609004974365,2.8251304626464844
1.9400302171707153,2.9762609004974365,2.8251304626464844
1.939898133277893,2.977389097213745,2.8236162662506104
1.93876051902771,2.9798741340637207,2.82159686088562
1.93876051902771,2.9798741340637207,2.82159686088562
1.9354749917984009,2.985978126525879,2.8206725120544434
1.9354749917984009,2.985978126525879,2.8206725120544434
1.9366796016693115,2.984123945236206,2.819941282272339
1.938456416130066,2.9818711280822754,2.819113254547119
1.938456416130066,2.9818711280822754,2.819113254547119
1.9382232427597046,2.982166051864624,2.8190793991088867
1.9382232427597046,2.982166051864624,2.8190793991088867
1.9370514154434204,2.9849624633789062,2.817312002182007
1.9360793828964233,2.987464189529419,2.814357042312622
1.9360793828964233,2.987464189529419,2.814357042312622
1.9357768297195435,2.9886720180511475,2.8117592334747314
1.9357768297195435,2.9886720180511475,2.8117592334747314
1.9366754293441772,2.987783193588257,2.812448501586914
1.9371353387832642,2.986400842666626,2.813290596008301
1.9371353387832642,2.986400842666626,2.813290596008301
1.937862515449524,2.985253095626831,2.812893867492676
1.937862515449524,2.985253095626831,2.812893867492676
1.9382129907608032,2.984840154647827,2.8125030994415283
1.9365363121032715,2.9869225025177,2.812252998352051
1.9365363121032715,2.9869225025177,2.812252998352051
1.9356352090835571,2.988541841506958,2.809908151626587
1.9356352090835571,2.988541841506958,2.809908151626587
1.9346678256988525,2.98952579498291,2.810317039489746
1.9348785877227783,2.988677501678467,2.8104538917541504
1.935657262802124,2.987307548522949,2.8098433017730713
1.935657262802124,2.987307548522949,2.8098433017730713
1.9353400468826294,2.9877817630767822,2.8098559379577637
1.9336875677108765,2.989250421524048,2.8104376792907715
1.9336875677108765,2.989250421524048,2.8104376792907715
1.9333568811416626,2.9882593154907227,2.8119523525238037
1.9333568811416626,2.9882593154907227,2.8119523525238037
1.93394935131073,2.9874467849731445,2.8114800453186035
1.9336165189743042,2.9884893894195557,2.8107261657714844
1.9336165189743042,2.9884893894195557,2.8107261657714844
1.932744026184082,2.9901795387268066,2.8104794025421143
1.932744026184082,2.9901795387268066,2.8104794025421143
1.931269645690918,2.9928035736083984,2.809882879257202
1.9305180311203003,2.9947829246520996,2.8080692291259766
1.9305180311203003,2.9947829246520996,2.8080692291259766
1.9292175769805908,2.9971251487731934,2.807178258895874
1.928709626197815,2.9978842735290527,2.8077142238616943
1.928709626197815,2.9978842735290527,2.8077142238616943
1.9293770790100098,2.9969356060028076,2.8069400787353516
1.9293770790100098,2.9969356060028076,2.8069400787353516
1.9288456439971924,2.9984853267669678,2.807084798812866
1.9277888536453247,2.9997763633728027,2.807462215423584
1.9277888536453247,2.9997763633728027,2.807462215423584
1.928576111793518,2.9991960525512695,2.804809093475342
1.928576111793518,2.9991960525512695,2.804809093475342
1.9282424449920654,3.00040602684021,2.8035824298858643
1.9276677370071411,3.000978469848633,2.8030571937561035
1.9276677370071411,3.000978469848633,2.8030571937561035
1.926985502243042,3.0023257732391357,2.8022544384002686
1.926891565322876,3.0027029514312744,2.8005590438842773
1.926891565322876,3.0027029514312744,2.8005590438842773
1.9259498119354248,3.0039615631103516,2.801020383834839
1.9259498119354248,3.0039615631103516,2.801020383834839
1.925734519958496,3.0036537647247314,2.80080509185791
1.9250965118408203,3.0041420459747314,2.7989466190338135
1.9250965118408203,3.0041420459747314,2.7989466190338135
1.9254502058029175,3.0046885013580322,2.7973968982696533
1.9254876375198364,3.0047855377197266,2.79695987701416
1.9254876375198364,3.0047855377197266,2.79695987701416
1.9246464967727661,3.005979299545288,2.7954142093658447
1.9237689971923828,3.0085201263427734,2.7928569316864014
1.9237689971923828,3.0085201263427734,2.7928569316864014
1.9237374067306519,3.0096323490142822,2.7922306060791016
1.9237374067306519,3.0096323490142822,2.7922306060791016
1.9245777130126953,3.0087802410125732,2.7913856506347656
1.9254566431045532,3.008058786392212,2.790595054626465
1.9254566431045532,3.008058786392212,2.790595054626465
1.925131916999817,3.0084526538848877,2.789079427719116
1.925131916999817,3.0084526538848877,2.789079427719116
1.9239518642425537,3.0112264156341553,2.7869718074798584
1.924550175666809,3.011333703994751,2.785029649734497
1.9260709285736084,3.009451389312744,2.784696340560913
1.9260709285736084,3.009451389312744,2.784696340560913
1.9274694919586182,3.0060808658599854,2.787562847137451
1.9274694919586182,3.0060808658599854,2.787562847137451
1.9278075695037842,3.004575252532959,2.789989471435547
1.9278075695037842,3.004575252532959,2.789989471435547
1.9281234741210938,3.0041065216064453,2.7889628410339355
1.9274516105651855,3.0054805278778076,2.7867417335510254
1.9275684356689453,3.004915714263916,2.7860734462738037
1.9275684356689453,3.004915714263916,2.7860734462738037
1.9266709089279175,3.0058987140655518,2.7835938930511475
1.9266709089279175,3.0058987140655518,2.7835938930511475
1.9247397184371948,3.009002447128296,2.783672332763672
1.923105239868164,3.011585235595703,2.7833542823791504
1.923105239868164,3.011585235595703,2.7833542823791504
1.922906517982483,3.012645721435547,2.7814407348632812
1.922906517982483,3.012645721435547,2.7814407348632812
1.9223960638046265,3.0142571926116943,2.7806379795074463
1.92085599899292,3.0169434547424316,2.780684471130371
1.92085599899292,3.0169434547424316,2.780684471130371
1.9198293685913086,3.0191454887390137,2.780054807662964
1.9198293685913086,3.0191454887390137,2.780054807662964
1.9200599193572998,3.0208740234375,2.7779922485351562
1.9203777313232422,3.021481513977051,2.776975154876709
1.9203777313232422,3.021481513977051,2.776975154876709
1.9197990894317627,3.0220823287963867,2.7792437076568604
1.920202374458313,3.0215506553649902,2.7791357040405273
1.920202374458313,3.0215506553649902,2.7791357040405273
1.920052409172058,3.0222158432006836,2.777538776397705
1.920372486114502,3.0226194858551025,2.774218797683716
1.920372486114502,3.0226194858551025,2.774218797683716
1.919738531112671,3.023369312286377,2.774454116821289
1.919738531112671,3.023369312286377,2.774454116821289
1.9202680587768555,3.0216825008392334,2.7752437591552734
1.920358657836914,3.0207128524780273,2.7773995399475098
1.920358657836914,3.0207128524780273,2.7773995399475098
1.9210383892059326,3.0191242694854736,2.7786078453063965
1.9226269721984863,3.017665386199951,2.777484893798828
1.9226269721984863,3.017665386199951,2.777484893798828
1.923040747642517,3.016416072845459,2.77754282951355
1.923040747642517,3.016416072845459,2.77754282951355
1.9219696521759033,3.0175697803497314,2.7777793407440186
1.9224663972854614,3.017162799835205,2.7766685485839844
1.9224663972854614,3.017162799835205,2.7766685485839844
1.9228993654251099,3.0161397457122803,2.7757744789123535
1.9228993654251099,3.0161397457122803,2.7757744789123535
1.9229700565338135,3.0158464908599854,2.775672435760498
1.9228651523590088,3.015425443649292,2.7766709327697754
1.9228651523590088,3.015425443649292,2.7766709327697754
1.9225322008132935,3.016784429550171,2.7761340141296387
1.9218629598617554,3.0188474655151367,2.7737128734588623
1.9218629598617554,3.0188474655151367,2.7737128734588623
1.920703411102295,3.0219709873199463,2.770500898361206
1.920703411102295,3.0219709873199463,2.770500898361206
1.9193698167800903,3.024888038635254,2.7694621086120605
1.91885244846344,3.026010036468506,2.770198345184326
1.91885244846344,3.026010036468506,2.770198345184326
1.920643925666809,3.024225950241089,2.769723653793335
1.920643925666809,3.024225950241089,2.769723653793335
1.9210355281829834,3.0246458053588867,2.7699756622314453
1.9195687770843506,3.0264885425567627,2.769893169403076
1.9195687770843506,3.0264885425567627,2.769893169403076
1.9176357984542847,3.02937650680542,2.768372058868408
1.9180052280426025,3.028090000152588,2.765808343887329
1.9180052280426025,3.028090000152588,2.765808343887329
1.9188520908355713,3.027409315109253,2.7648918628692627
1.9188520908355713,3.027409315109253,2.7648918628692627
1.917859673500061,3.028235912322998,2.7664759159088135
1.9179024696350098,3.027254819869995,2.7663419246673584
1.9179024696350098,3.027254819869995,2.7663419246673584
1.9186369180679321,3.026169538497925,2.764554738998413
1.9186369180679321,3.026169538497925,2.764554738998413
1.9191129207611084,3.0264759063720703,2.7630386352539062
1.918369174003601,3.0282673835754395,2.761284351348877
1.918369174003601,3.0282673835754395,2.761284351348877
1.9172947406768799,3.0304524898529053,2.760990619659424
1.9172947406768799,3.0304524898529053,2.760990619659424
1.9181240797042847,3.0294744968414307,2.760849952697754
1.919069766998291,3.0286548137664795,2.7601494789123535
1.919069766998291,3.0286548137664795,2.7601494789123535
1.9192100763320923,3.0283544063568115,2.761047601699829
1.9178974628448486,3.0302460193634033,2.7615270614624023
1.9178974628448486,3.0302460193634033,2.7615270614624023
1.9173482656478882,3.031569004058838,2.7599565982818604
1.9169877767562866,3.0339059829711914,2.7580275535583496
1.9169877767562866,3.0339059829711914,2.7580275535583496
1.9170604944229126,3.0343520641326904,2.7575864791870117
1.9174444675445557,3.033806562423706,2.759408473968506
1.9174444675445557,3.033806562423706,2.759408473968506
1.9180082082748413,3.032331705093384,2.7600393295288086
1.9180082082748413,3.032331705093384,2.7600393295288086
1.9181815385818481,3.0320091247558594,2.759903907775879
1.9174202680587769,3.0337822437286377,2.7560253143310547
1.9174202680587769,3.0337822437286377,2.7560253143310547
1.916056752204895,3.0353946685791016,2.753857374191284
1.916056752204895,3.0353946685791016,2.753857374191284
1.9166821241378784,3.0331976413726807,2.7544362545013428
1.9191761016845703,3.0291523933410645,2.75349497795105
1.9191761016845703,3.0291523933410645,2.75349497795105
1.9187158346176147,3.0296623706817627,2.754286527633667
1.9187158346176147,3.0296623706817627,2.754286527633667
1.9174495935440063,3.0311031341552734,2.7530176639556885
1.9171884059906006,3.0316121578216553,2.751675605773926
1.9171884059906006,3.0316121578216553,2.751675605773926
1.9182583093643188,3.030714988708496,2.7496659755706787
1.9180976152420044,3.0311381816864014,2.7508068084716797
1.9180976152420044,3.0311381816864014,2.7508068084716797
1.9180490970611572,3.0318503379821777,2.7507359981536865
1.9180490970611572,3.0318503379821777,2.7507359981536865
1.9181747436523438,3.0334231853485107,2.748317003250122
1.9190350770950317,3.032888650894165,2.7467548847198486
1.9190350770950317,3.032888650894165,2.7467548847198486
1.9194570779800415,3.032572031021118,2.747295618057251
1.9194570779800415,3.032572031021118,2.747295618057251
1.9197380542755127,3.0323455333709717,2.7472152709960938
1.9190196990966797,3.033708095550537,2.748415946960449
1.9190196990966797,3.033708095550537,2.748415946960449
1.9185847043991089,3.0341122150421143,2.746748208999634
1.9185847043991089,3.0341122150421143,2.746748208999634
1.91778564453125,3.0352442264556885,2.7449452877044678
1.9159351587295532,3.0368704795837402,2.7463579177856445
1.9159351587295532,3.0368704795837402,2.7463579177856445
1.9145700931549072,3.0380797386169434,2.74576473236084
1.9145700931549072,3.0380797386169434,2.74576473236084
1.9138959646224976,3.0379374027252197,2.7452659606933594
1.9136641025543213,3.0382580757141113,2.742736339569092
1.9136641025543213,3.0382580757141113,2.742736339569092
1.9125494956970215,3.039318323135376,2.7437968254089355
1.9125494956970215,3.039318323135376,2.7437968254089355
1.91233229637146,3.039503335952759,2.7443227767944336
1.913339376449585,3.0378737449645996,2.7436294555664062
1.913339376449585,3.0378737449645996,2.7436294555664062
1.9133799076080322,3.0376346111297607,2.743659734725952
1.9120968580245972,3.0405006408691406,2.7436044216156006
1.9120968580245972,3.0405006408691406,2.7436044216156006
1.911598563194275,3.041079044342041,2.7439746856689453
1.911598563194275,3.041079044342041,2.7439746856689453
1.9138284921646118,3.0389761924743652,2.7409560680389404
1.9139481782913208,3.039883852005005,2.7422635555267334
1.9139481782913208,3.039883852005005,2.7422635555267334
1.913050889968872,3.0405263900756836,2.7429003715515137
1.9129858016967773,3.040632963180542,2.7429356575012207
1.9129858016967773,3.040632963180542,2.7429356575012207
1.9138786792755127,3.040381908416748,2.739882230758667
1.9136247634887695,3.041081190109253,2.739048957824707
1.9126895666122437,3.042342185974121,2.7389414310455322
1.911472201347351,3.044401168823242,2.7373995780944824
1.911472201347351,3.044401168823242,2.7373995780944824
1.91184663772583,3.0450031757354736,2.7344584465026855
1.9109970331192017,3.0473623275756836,2.7312171459198
1.9109970331192017,3.0473623275756836,2.7312171459198
1.908075213432312,3.0511865615844727,2.731294870376587
1.908075213432312,3.0511865615844727,2.731294870376587
1.9080281257629395,3.0515851974487305,2.730344772338867
1.9097323417663574,3.050095558166504,2.7282872200012207
1.9097323417663574,3.050095558166504,2.7282872200012207
1.9090118408203125,3.051107168197632,2.731102705001831
1.9088025093078613,3.0513157844543457,2.7313904762268066
1.9088025093078613,3.0513157844543457,2.7313904762268066
1.9081590175628662,3.051985740661621,2.7323737144470215
1.9090960025787354,3.050935745239258,2.730670690536499
1.9090960025787354,3.050935745239258,2.730670690536499
1.9090144634246826,3.0518789291381836,2.7291243076324463
1.9090144634246826,3.0518789291381836,2.7291243076324463
1.907858967781067,3.052859306335449,2.7292253971099854
1.9085451364517212,3.0506784915924072,2.729219913482666
1.9085451364517212,3.0506784915924072,2.729219913482666
1.9099401235580444,3.047250509262085,2.7302496433258057
1.9106417894363403,3.045976161956787,2.7299790382385254
1.9106417894363403,3.045976161956787,2.7299790382385254
1.908995270729065,3.0485854148864746,2.7283995151519775
1.908995270729065,3.0485854148864746,2.7283995151519775
1.908334493637085,3.051102876663208,2.72701096534729
1.9092615842819214,3.0510170459747314,2.7241742610931396
1.9092615842819214,3.0510170459747314,2.7241742610931396
1.9106038808822632,3.0490353107452393,2.724222183227539
1.9106038808822632,3.0490353107452393,2.724222183227539
1.9107046127319336,3.0489704608917236,2.7242493629455566
1.9104018211364746,3.0502231121063232,2.7211263179779053
1.9104018211364746,3.0502231121063232,2.7211263179779053
1.910314679145813,3.0520710945129395,2.716564655303955
1.910314679145813,3.0520710945129395,2.716564655303955
1.9105290174484253,3.0528838634490967,2.713956117630005
1.9105290174484253,3.0528838634490967,2.713956117630005
1.9096944332122803,3.0537307262420654,2.7148146629333496
1.9105037450790405,3.051448345184326,2.718264579772949
1.9105037450790405,3.051448345184326,2.718264579772949
1.911403775215149,3.050436496734619,2.7193470001220703
1.911770224571228,3.0500528812408447,2.719478130340576
1.9109282493591309,3.052525758743286,2.7180590629577637
1.9109282493591309,3.052525758743286,2.7180590629577637
1.9099080562591553,3.0544023513793945,2.7188022136688232
1.9105559587478638,3.053899049758911,2.7192301750183105
1.9100122451782227,3.0540287494659424,2.719714879989624
1.9090161323547363,3.0545294284820557,2.7209248542785645
1.9090161323547363,3.0545294284820557,2.7209248542785645
1.9070570468902588,3.0562641620635986,2.720306396484375
1.9061057567596436,3.0581300258636475,2.719162940979004
1.9048879146575928,3.0606114864349365,2.7165849208831787
1.9048879146575928,3.0606114864349365,2.7165849208831787
1.902177333831787,3.064753293991089,2.7132139205932617
1.8996379375457764,3.067779302597046,2.712489604949951
1.8986338376998901,3.0687825679779053,2.711617946624756
1.8981534242630005,3.0691893100738525,2.7116265296936035
1.8981534242630005,3.0691893100738525,2.7116265296936035
1.8975881338119507,3.069761276245117,2.7108469009399414
1.8975881338119507,3.069761276245117,2.7108469009399414
1.8972864151000977,3.0698206424713135,2.7109270095825195
1.8975621461868286,3.0691776275634766,2.711454153060913
1.8975621461868286,3.0691776275634766,2.711454153060913
1.8983604907989502,3.06866192817688,2.7094907760620117
1.8976209163665771,3.0702438354492188,2.7094719409942627
1.8976209163665771,3.0702438354492188,2.7094719409942627
1.8970671892166138,3.072270154953003,2.7086915969848633
1.8971043825149536,3.072340250015259,2.7094528675079346
1.8971043825149536,3.072340250015259,2.7094528675079346
1.8992301225662231,3.0692474842071533,2.7103073596954346
1.9009169340133667,3.067064046859741,2.7125701904296875
1.9009169340133667,3.067064046859741,2.7125701904296875
1.9008500576019287,3.0670065879821777,2.712381362915039
1.9008500576019287,3.0670065879821777,2.712381362915039
1.8997915983200073,3.0694806575775146,2.710108757019043
1.899325966835022,3.0703091621398926,2.707568407058716
1.899325966835022,3.0703091621398926,2.707568407058716
1.8992935419082642,3.070937395095825,2.7064502239227295
1.8999953269958496,3.0697529315948486,2.7069575786590576
1.8999953269958496,3.0697529315948486,2.7069575786590576
1.900022029876709,3.0693089962005615,2.708103895187378
1.9002625942230225,3.0691051483154297,2.706693410873413
1.9002625942230225,3.0691051483154297,2.706693410873413
1.900425910949707,3.0697100162506104,2.7049660682678223
1.900425910949707,3.0697100162506104,2.7049660682678223
1.8993895053863525,3.07110333442688,2.7058310508728027
1.899173617362976,3.0706779956817627,2.70564341545105
1.899173617362976,3.0706779956817627,2.70564341545105
1.8999897241592407,3.068641185760498,2.70658540725708
1.9010659456253052,3.066960334777832,2.705864906311035
1.9010533094406128,3.0677905082702637,2.7056033611297607
1.9010533094406128,3.0677905082702637,2.7056033611297607
1.9000104665756226,3.068345308303833,2.7068960666656494
1.9000104665756226,3.068345308303833,2.7068960666656494
1.9010388851165771,3.065837860107422,2.7076756954193115
1.901746153831482,3.0643186569213867,2.7081449031829834
1.901746153831482,3.0643186569213867,2.7081449031829834
1.9013304710388184,3.065317392349243,2.707876443862915
1.9013304710388184,3.065317392349243,2.707876443862915
1.898415207862854,3.069807767868042,2.7083656787872314
1.8973759412765503,3.0714471340179443,2.7070152759552
1.8973759412765503,3.0714471340179443,2.7070152759552
1.898129940032959,3.0719964504241943,2.704339027404785
1.8985172510147095,3.071660041809082,2.7030036449432373
1.8985172510147095,3.071660041809082,2.7030036449432373
1.896105170249939,3.0743160247802734,2.7034378051757812
1.895315170288086,3.0757038593292236,2.7017629146575928
1.895315170288086,3.0757038593292236,2.7017629146575928
1.895020604133606,3.076807975769043,2.6996495723724365
1.8955632448196411,3.0764310359954834,2.6988203525543213
1.8949651718139648,3.076467990875244,2.7001287937164307
1.8949651718139648,3.076467990875244,2.7001287937164307
1.893103837966919,3.0776469707489014,2.7031238079071045
1.893103837966919,3.0776469707489014,2.7031238079071045
1.8923496007919312,3.0789289474487305,2.701483964920044
1.8914272785186768,3.0810022354125977,2.6991028785705566
1.8914272785186768,3.0810022354125977,2.6991028785705566
1.8898111581802368,3.084052562713623,2.696587562561035
1.8874132633209229,3.0883374214172363,2.6950275897979736
1.8874132633209229,3.0883374214172363,2.6950275897979736
1.888188362121582,3.0886192321777344,2.696438789367676
1.8891243934631348,3.088009834289551,2.696666717529297
1.8891243934631348,3.088009834289551,2.696666717529297
1.8894333839416504,3.0880160331726074,2.6980268955230713
1.8884217739105225,3.089614152908325,2.697845220565796
1.8884217739105225,3.089614152908325,2.697845220565796
1.8882898092269897,3.089705228805542,2.6972601413726807
1.8893500566482544,3.089031457901001,2.694383144378662
1.8893500566482544,3.089031457901001,2.694383144378662
1.8895238637924194,3.088844060897827,2.6926724910736084
1.8882262706756592,3.0892586708068848,2.693094253540039
1.8882262706756592,3.0892586708068848,2.693094253540039
1.8880528211593628,3.089909315109253,2.6919188499450684
1.8880528211593628,3.089909315109253,2.6919188499450684
1.8889065980911255,3.089684247970581,2.690035104751587
1.88932204246521,3.089418888092041,2.6889379024505615
1.88932204246521,3.089418888092041,2.6889379024505615
1.8892128467559814,3.0892179012298584,2.6896169185638428
1.8892128467559814,3.0892179012298584,2.6896169185638428
1.8897829055786133,3.088129758834839,2.6895523071289062
1.89120614528656,3.0875678062438965,2.6889877319335938
1.89120614528656,3.0875678062438965,2.6889877319335938
1.8907979726791382,3.0889525413513184,2.68743896484375
1.8892635107040405,3.091296911239624,2.6873669624328613
1.8892635107040405,3.091296911239624,2.6873669624328613
1.8888952732086182,3.091808557510376,2.6865594387054443
1.8900558948516846,3.091125965118408,2.6862504482269287
1.8900558948516846,3.091125965118408,2.6862504482269287
1.8904752731323242,3.0912857055664062,2.6859359741210938
1.8898019790649414,3.0922205448150635,2.6873221397399902
1.8898019790649414,3.0922205448150635,2.6873221397399902
1.8891005516052246,3.0921947956085205,2.6858155727386475
1.8891005516052246,3.0921947956085205,2.6858155727386475
1.889258623123169,3.0917112827301025,2.684797525405884
1.8886042833328247,3.0928335189819336,2.683558702468872
1.8886042833328247,3.0928335189819336,2.683558702468872
1.8878377676010132,3.094165563583374,2.682023763656616
1.8872448205947876,3.094925880432129,2.6825571060180664
1.8872448205947876,3.094925880432129,2.6825571060180664
1.8881045579910278,3.094196081161499,2.681065559387207
1.887148380279541,3.0955090522766113,2.6801438331604004
1.887148380279541,3.0955090522766113,2.6801438331604004
1.8850926160812378,3.098252534866333,2.6796035766601562
1.8829624652862549,3.1014583110809326,2.6782891750335693
1.8829624652862549,3.1014583110809326,2.6782891750335693
1.8834288120269775,3.101518392562866,2.6750895977020264
1.8834288120269775,3.101518392562866,2.6750895977020264
1.8839718103408813,3.1010262966156006,2.673722982406616
1.884447693824768,3.0998754501342773,2.674905776977539
1.884447693824768,3.0998754501342773,2.674905776977539
1.8837300539016724,3.1002261638641357,2.6751046180725098
1.8848880529403687,3.0997660160064697,2.673203468322754
1.8848880529403687,3.0997660160064697,2.673203468322754
1.885744333267212,3.09942364692688,2.6713027954101562
1.8859375715255737,3.0997653007507324,2.67046856880188
1.8859375715255737,3.0997653007507324,2.67046856880188
1.8855433464050293,3.1004745960235596,2.6712465286254883
1.88567054271698,3.1003427505493164,2.6710965633392334
1.88567054271698,3.1003427505493164,2.6710965633392334
1.887048363685608,3.098863363265991,2.6691043376922607
1.887048363685608,3.098863363265991,2.6691043376922607
1.8863335847854614,3.099525213241577,2.6690828800201416
1.8855326175689697,3.0999717712402344,2.669201374053955
1.8855326175689697,3.0999717712402344,2.669201374053955
1.8859211206436157,3.099081516265869,2.6688547134399414
1.8857165575027466,3.1001689434051514,2.6672728061676025
1.8857165575027466,3.1001689434051514,2.6672728061676025
1.8848978281021118,3.102055549621582,2.6657814979553223
1.8848978281021118,3.102055549621582,2.6657814979553223
1.8834006786346436,3.1043643951416016,2.664994478225708
1.8831303119659424,3.1046524047851562,2.6645050048828125
1.8831303119659424,3.1046524047851562,2.6645050048828125
1.8843376636505127,3.1031928062438965,2.6651179790496826
1.8843376636505127,3.1031928062438965,2.6651179790496826
1.8844892978668213,3.1030759811401367,2.665605068206787
1.883245587348938,3.1049444675445557,2.6663119792938232
1.883245587348938,3.1049444675445557,2.6663119792938232
1.8835217952728271,3.104912757873535,2.666581869125366
1.8842403888702393,3.1050939559936523,2.666318655014038
1.8842403888702393,3.1050939559936523,2.666318655014038
1.884596824645996,3.1044070720672607,2.6677939891815186
1.884596824645996,3.1044070720672607,2.6677939891815186
1.883076548576355,3.106257677078247,2.6694416999816895
1.882645845413208,3.1079957485198975,2.6665384769439697
1.882645845413208,3.1079957485198975,2.6665384769439697
1.881642460823059,3.1096887588500977,2.6637346744537354
1.880189299583435,3.1115458011627197,2.6634998321533203
1.880189299583435,3.1115458011627197,2.6634998321533203
1.8791992664337158,3.113086700439453,2.6634364128112793
1.8791992664337158,3.113086700439453,2.6634364128112793
1.8791396617889404,3.1136534214019775,2.6625051498413086
1.8797098398208618,3.1137561798095703,2.660763740539551
1.8797098398208618,3.1137561798095703,2.660763740539551
1.8781038522720337,3.1170437335968018,2.6597347259521484
1.8768905401229858,3.1190173625946045,2.6597437858581543
1.8768905401229858,3.1190173625946045,2.6597437858581543
1.8782564401626587,3.117457389831543,2.659374475479126
1.8801988363265991,3.1157591342926025,2.6591250896453857
1.8801988363265991,3.1157591342926025,2.6591250896453857
1.8795433044433594,3.1160075664520264,2.6607725620269775
1.8795433044433594,3.1160075664520264,2.6607725620269775
1.8781676292419434,3.1170387268066406,2.662195920944214
1.8785425424575806,3.115684986114502,2.6600654125213623
1.878652811050415,3.115124464035034,2.658849000930786
1.8782070875167847,3.115766763687134,2.6588149070739746
1.876773476600647,3.116109609603882,2.6593751907348633
1.8764158487319946,3.1165075302124023,2.658991575241089
1.8769490718841553,3.1160616874694824,2.658153533935547
1.8769490718841553,3.1160616874694824,2.658153533935547
1.877423882484436,3.1154837608337402,2.6573526859283447
1.8767738342285156,3.1170380115509033,2.655416965484619
1.8767738342285156,3.1170380115509033,2.655416965484619
1.8766529560089111,3.117718458175659,2.6548593044281006
1.8778194189071655,3.1174209117889404,2.652517557144165
1.8778194189071655,3.1174209117889404,2.652517557144165
1.8783804178237915,3.1180195808410645,2.650099039077759
1.8783804178237915,3.1180195808410645,2.650099039077759
1.8770164251327515,3.1209709644317627,2.6490988731384277
1.8759241104125977,3.122415065765381,2.6484177112579346
1.8759241104125977,3.122415065765381,2.6484177112579346
1.876733422279358,3.12129807472229,2.64729380607605
1.876733422279358,3.12129807472229,2.64729380607605
1.8776373863220215,3.1199874877929688,2.6472415924072266
1.8777621984481812,3.1192197799682617,2.648103713989258
1.8777621984481812,3.1192197799682617,2.648103713989258
1.8770874738693237,3.120260000228882,2.6476800441741943
1.877915382385254,3.1194348335266113,2.645679235458374
1.877915382385254,3.1194348335266113,2.645679235458374
1.8770074844360352,3.120429754257202,2.644900321960449
1.8770074844360352,3.120429754257202,2.644900321960449
1.8762249946594238,3.1210777759552,2.644428014755249
1.8760169744491577,3.120596408843994,2.6436104774475098
1.8760169744491577,3.120596408843994,2.6436104774475098
1.8767938613891602,3.121206045150757,2.6415517330169678
1.8767938613891602,3.121206045150757,2.6415517330169678
1.8763447999954224,3.121955156326294,2.6402227878570557
1.8751039505004883,3.1238534450531006,2.639741897583008
1.8751039505004883,3.1238534450531006,2.639741897583008
1.8751230239868164,3.124023675918579,2.6382710933685303
1.8751230239868164,3.124023675918579,2.6382710933685303
1.8761508464813232,3.1232194900512695,2.637967824935913
1.8761101961135864,3.1235315799713135,2.6372759342193604
1.8761101961135864,3.1235315799713135,2.6372759342193604
1.8758972883224487,3.124209403991699,2.6375653743743896
1.875680685043335,3.1248064041137695,2.6372692584991455
1.8763084411621094,3.1243021488189697,2.6374919414520264
1.8763084411621094,3.1243021488189697,2.6374919414520264
1.8763210773468018,3.125433921813965,2.6353085041046143
1.8763210773468018,3.125433921813965,2.6353085041046143
1.8752163648605347,3.127629518508911,2.6358180046081543
1.8750154972076416,3.1277687549591064,2.6369190216064453
1.8750154972076416,3.1277687549591064,2.6369190216064453
1.8756338357925415,3.1279499530792236,2.63501238822937
1.874854564666748,3.128816843032837,2.6353704929351807
1.872799277305603,3.1316802501678467,2.6357626914978027
1.872799277305603,3.1316802501678467,2.6357626914978027
1.8715040683746338,3.1321489810943604,2.6347360610961914
1.8710156679153442,3.1328492164611816,2.634237289428711
1.8710156679153442,3.1328492164611816,2.634237289428711
1.8706039190292358,3.1329505443573,2.634176015853882
1.87078857421875,3.1321370601654053,2.6353771686553955
1.87078857421875,3.1321370601654053,2.6353771686553955
1.870858073234558,3.13079571723938,2.6373019218444824
1.870439887046814,3.1308627128601074,2.6378252506256104
1.8705048561096191,3.1309337615966797,2.637634515762329
1.8700766563415527,3.1315412521362305,2.6364805698394775
1.8694214820861816,3.1332950592041016,2.6363718509674072
1.8703175783157349,3.1315083503723145,2.6385350227355957
1.8703175783157349,3.1315083503723145,2.6385350227355957
1.871781587600708,3.1293320655822754,2.638962984085083
1.8709897994995117,3.1310946941375732,2.6386170387268066
1.8709897994995117,3.1310946941375732,2.6386170387268066
1.8687800168991089,3.1347038745880127,2.636664867401123
1.8674678802490234,3.136640787124634,2.635692834854126
1.8674678802490234,3.136640787124634,2.635692834854126
1.8655633926391602,3.138235092163086,2.6337337493896484
1.8655633926391602,3.138235092163086,2.6337337493896484
1.8663761615753174,3.1355600357055664,2.6357412338256836
1.8663761615753174,3.1355600357055664,2.6357412338256836
1.8671128749847412,3.133174180984497,2.6385257244110107
1.8665144443511963,3.1333389282226562,2.6396031379699707
1.8663201332092285,3.1345226764678955,2.6367859840393066
1.8656976222991943,3.136094093322754,2.6347551345825195
1.8646825551986694,3.1376848220825195,2.6341068744659424
1.8642246723175049,3.139023542404175,2.63569712638855
1.8642246723175049,3.139023542404175,2.63569712638855
1.8653836250305176,3.1375839710235596,2.6364352703094482
1.867243766784668,3.1358954906463623,2.6358582973480225
1.8676091432571411,3.1354668140411377,2.6360116004943848
1.8674256801605225,3.136118173599243,2.6354503631591797
1.8660087585449219,3.1384143829345703,2.6355998516082764
1.8660624027252197,3.1380507946014404,2.633086919784546
1.8660624027252197,3.1380507946014404,2.633086919784546
1.8666987419128418,3.136774778366089,2.631767511367798
1.8672951459884644,3.13564395904541,2.632390260696411
1.8672951459884644,3.13564395904541,2.632390260696411
1.8661125898361206,3.1367506980895996,2.631826400756836
1.8661125898361206,3.1367506980895996,2.631826400756836
1.8652974367141724,3.1396663188934326,2.6275458335876465
1.8648395538330078,3.140953540802002,2.626316785812378
1.8648395538330078,3.140953540802002,2.626316785812378
1.8636541366577148,3.1433188915252686,2.6250345706939697
1.862629771232605,3.145434856414795,2.6240084171295166
1.8628507852554321,3.1460280418395996,2.62383770942688
1.8628507852554321,3.1460280418395996,2.62383770942688
1.8641161918640137,3.145493507385254,2.623915672302246
1.864217758178711,3.1444668769836426,2.623408079147339
1.864217758178711,3.1444668769836426,2.623408079147339
1.863012671470642,3.1455893516540527,2.6243088245391846
1.86188805103302,3.1472034454345703,2.623288869857788
1.86188805103302,3.1472034454345703,2.623288869857788
1.8623278141021729,3.147174596786499,2.6209349632263184
1.8623278141021729,3.147174596786499,2.6209349632263184
1.8632649183273315,3.14493989944458,2.62212872505188
1.8633159399032593,3.1442644596099854,2.624394416809082
1.8642727136611938,3.1418681144714355,2.6257967948913574
1.8642727136611938,3.1418681144714355,2.6257967948913574
1.864737629890442,3.141669273376465,2.6253581047058105
1.864737629890442,3.141669273376465,2.6253581047058105
1.8632657527923584,3.143761396408081,2.622668981552124
1.8632657527923584,3.143761396408081,2.622668981552124
1.861390233039856,3.1465814113616943,2.619313955307007
1.8606821298599243,3.1471407413482666,2.618671178817749
1.8614301681518555,3.146784782409668,2.6176016330718994
1.8619662523269653,3.1461076736450195,2.6166698932647705
1.8619662523269653,3.1461076736450195,2.6166698932647705
1.8609521389007568,3.148024320602417,2.6165802478790283
1.8609521389007568,3.148024320602417,2.6165802478790283
1.8600540161132812,3.1489434242248535,2.6170718669891357
1.8609209060668945,3.1483490467071533,2.617898464202881
1.8623473644256592,3.146812677383423,2.617231607437134
1.8623473644256592,3.146812677383423,2.617231607437134
1.8632806539535522,3.1461777687072754,2.6177918910980225
1.8623284101486206,3.147078037261963,2.6193580627441406
1.8623284101486206,3.147078037261963,2.6193580627441406
1.861997127532959,3.1478700637817383,2.6186881065368652
1.862380027770996,3.147784948348999,2.618324041366577
1.862380027770996,3.147784948348999,2.618324041366577
1.862743616104126,3.146920919418335,2.617647171020508
1.862032413482666,3.147287368774414,2.6176397800445557
1.861621379852295,3.146204948425293,2.617232322692871
1.861621379852295,3.146204948425293,2.617232322692871
1.8625822067260742,3.1454219818115234,2.6165785789489746
1.8625822067260742,3.1454219818115234,2.6165785789489746
1.8626549243927002,3.145029306411743,2.618096351623535
1.8613438606262207,3.146479606628418,2.618516206741333
1.8597215414047241,3.1484482288360596,2.6195709705352783
1.8593132495880127,3.147592544555664,2.619197130203247
1.859321117401123,3.148998975753784,2.619394302368164
1.859321117401123,3.148998975753784,2.619394302368164
1.8590837717056274,3.149624824523926,2.6185824871063232
1.858134150505066,3.1509552001953125,2.618586540222168
1.858134150505066,3.1509552001953125,2.618586540222168
1.8571771383285522,3.152553081512451,2.6185460090637207
1.8573399782180786,3.1530990600585938,2.61767578125
1.8573399782180786,3.1530990600585938,2.61767578125
1.857444167137146,3.154313802719116,2.6187193393707275
1.8568739891052246,3.1555254459381104,2.618645668029785
1.8568739891052246,3.1555254459381104,2.618645668029785
1.8567200899124146,3.156087875366211,2.618138551712036
1.8593612909317017,3.1547136306762695,2.614253282546997
1.8593612909317017,3.1547136306762695,2.614253282546997
1.8600081205368042,3.1545255184173584,2.615335702896118
1.8596200942993164,3.155160665512085,2.6169955730438232
1.8601810932159424,3.1547458171844482,2.6158010959625244
1.8611736297607422,3.1531856060028076,2.615877151489258
1.8618056774139404,3.1530237197875977,2.614774703979492
1.8618056774139404,3.1530237197875977,2.614774703979492
1.861833930015564,3.153362274169922,2.6150946617126465
1.8610562086105347,3.154945135116577,2.6149110794067383
1.8610562086105347,3.154945135116577,2.6149110794067383
1.8611912727355957,3.155026435852051,2.6138997077941895
1.8614413738250732,3.154524087905884,2.613065719604492
1.8612585067749023,3.1551456451416016,2.6124331951141357
1.8612585067749023,3.1551456451416016,2.6124331951141357
1.860342025756836,3.156912326812744,2.610377788543701
1.8582124710083008,3.159329652786255,2.6083624362945557
1.8577148914337158,3.159813165664673,2.6064040660858154
1.8577148914337158,3.159813165664673,2.6064040660858154
1.857758641242981,3.1599280834198,2.604604959487915
1.857758641242981,3.1599280834198,2.604604959487915
1.8558688163757324,3.16223406791687,2.603499174118042
1.8546559810638428,3.162647247314453,2.6021828651428223
1.8546559810638428,3.162647247314453,2.6021828651428223
1.85475754737854,3.161938190460205,2.6026203632354736
1.8555114269256592,3.1606147289276123,2.6020355224609375
1.855994701385498,3.1596176624298096,2.601627826690674
1.8553619384765625,3.160137176513672,2.601363182067871
1.8555772304534912,3.15960693359375,2.599299669265747
1.8555772304534912,3.15960693359375,2.599299669265747
1.8551886081695557,3.159910202026367,2.597088575363159
1.8550840616226196,3.1598596572875977,2.5963387489318848
1.8550840616226196,3.1598596572875977,2.5963387489318848
1.8555577993392944,3.1586742401123047,2.5950775146484375
1.8550554513931274,3.1600170135498047,2.5929832458496094
1.8546533584594727,3.161050319671631,2.592005491256714
1.8546533584594727,3.161050319671631,2.592005491256714
1.8544845581054688,3.162761688232422,2.592315673828125
1.8544845581054688,3.162761688232422,2.592315673828125
1.8559353351593018,3.160581111907959,2.5950982570648193
1.8559353351593018,3.160581111907959,2.5950982570648193
1.8569108247756958,3.158954381942749,2.597348213195801
1.8569108247756958,3.158954381942749,2.597348213195801
1.858844518661499,3.1563796997070312,2.5983548164367676
1.859381914138794,3.155958414077759,2.5996413230895996
1.859381914138794,3.155958414077759,2.5996413230895996
1.8590819835662842,3.1572136878967285,2.5990984439849854
1.858852505683899,3.15765380859375,2.599472999572754
1.858852505683899,3.15765380859375,2.599472999572754
1.8599588871002197,3.1559126377105713,2.6014060974121094
1.860045313835144,3.1555657386779785,2.6016452312469482
1.8602138757705688,3.1551737785339355,2.6021318435668945
1.8602138757705688,3.1551737785339355,2.6021318435668945
1.858638882637024,3.156188488006592,2.6021342277526855
1.858404278755188,3.156635284423828,2.6013834476470947
1.858404278755188,3.156635284423828,2.6013834476470947
1.857740044593811,3.157411813735962,2.6026432514190674
1.8584648370742798,3.156517267227173,2.602581739425659
1.8584648370742798,3.156517267227173,2.602581739425659
1.8580412864685059,3.157843589782715,2.600266695022583
1.8580412864685059,3.157843589782715,2.600266695022583
1.856552004814148,3.159578323364258,2.5988717079162598
1.854750633239746,3.1619656085968018,2.597654342651367
1.854750633239746,3.1619656085968018,2.597654342651367
1.8548235893249512,3.1616265773773193,2.596792459487915
1.8543580770492554,3.1621909141540527,2.597407817840576
1.8541793823242188,3.16221022605896,2.5976362228393555
1.8542141914367676,3.1618528366088867,2.5980522632598877
1.8546137809753418,3.161930561065674,2.596971035003662
1.8549792766571045,3.161569595336914,2.5975542068481445
1.854809284210205,3.161573886871338,2.5977783203125
1.854362964630127,3.1625914573669434,2.597053050994873
1.8547195196151733,3.163586139678955,2.5963199138641357
1.8553012609481812,3.1636362075805664,2.594294548034668
1.8553012609481812,3.1636362075805664,2.594294548034668
1.8557318449020386,3.16479754447937,2.5918498039245605
1.8553756475448608,3.165008306503296,2.591627359390259
1.8553756475448608,3.165008306503296,2.591627359390259
1.8547617197036743,3.166431427001953,2.592081069946289
1.8547617197036743,3.166431427001953,2.592081069946289
1.855802297592163,3.166079044342041,2.590266466140747
1.8565623760223389,3.165656566619873,2.5895633697509766
1.857024908065796,3.1660335063934326,2.588329792022705
1.8572189807891846,3.16605281829834,2.588724374771118
1.8566685914993286,3.1661229133605957,2.5895166397094727
1.8568158149719238,3.166327476501465,2.5899627208709717
1.8568158149719238,3.166327476501465,2.5899627208709717
1.8562662601470947,3.166921377182007,2.5890629291534424
1.8545259237289429,3.168949604034424,2.587491273880005
1.8526612520217896,3.170856237411499,2.586233377456665
1.8526612520217896,3.170856237411499,2.586233377456665
1.8537628650665283,3.169313907623291,2.584348678588867
1.8540692329406738,3.168231248855591,2.584592580795288
1.8538049459457397,3.167630910873413,2.586324453353882
1.8531144857406616,3.1673519611358643,2.587855577468872
1.8531144857406616,3.1673519611358643,2.587855577468872
1.8524571657180786,3.1670501232147217,2.588120460510254
1.8527815341949463,3.167175054550171,2.5848655700683594
1.8527815341949463,3.167175054550171,2.5848655700683594
1.8533825874328613,3.167639970779419,2.583099126815796
1.85282564163208,3.168095111846924,2.5844104290008545
1.85282564163208,3.168095111846924,2.5844104290008545
1.8533776998519897,3.167102813720703,2.5846433639526367
1.85385000705719,3.1662535667419434,2.5850350856781006
1.8550286293029785,3.1650779247283936,2.583557605743408
1.8533345460891724,3.167571544647217,2.5806989669799805
1.8533345460891724,3.167571544647217,2.5806989669799805
1.850448489189148,3.1719918251037598,2.5785083770751953
1.8504902124404907,3.171851873397827,2.577770948410034
1.8504902124404907,3.171851873397827,2.577770948410034
1.8525115251541138,3.16951322555542,2.5780868530273438
1.8524607419967651,3.169524669647217,2.57875657081604
1.8524607419967651,3.169524669647217,2.57875657081604
1.8507442474365234,3.1718029975891113,2.580756425857544
1.848712682723999,3.17439866065979,2.579706907272339
1.8476890325546265,3.1779556274414062,2.578052282333374
1.8474215269088745,3.1786623001098633,2.577112913131714
1.8474215269088745,3.1786623001098633,2.577112913131714
1.8457319736480713,3.181149482727051,2.578202247619629
1.8452847003936768,3.180049180984497,2.5797646045684814
1.8452847003936768,3.180049180984497,2.5797646045684814
1.8453713655471802,3.17997407913208,2.578887462615967
1.8446372747421265,3.181253671646118,2.577899932861328
1.8432153463363647,3.183274269104004,2.5768957138061523
1.8432153463363647,3.183274269104004,2.5768957138061523
1.8407410383224487,3.186739444732666,2.5760598182678223
1.8407410383224487,3.186739444732666,2.5760598182678223
1.842577338218689,3.1845104694366455,2.5744378566741943
1.842577338218689,3.1845104694366455,2.5744378566741943
1.843622088432312,3.183586597442627,2.575383424758911
1.8430945873260498,3.1835927963256836,2.577024221420288
1.8430945873260498,3.1835927963256836,2.577024221420288
1.8420802354812622,3.1839873790740967,2.5784294605255127
1.842657446861267,3.1838579177856445,2.5750732421875
1.842657446861267,3.1838579177856445,2.5750732421875
1.842240571975708,3.1855075359344482,2.573086977005005
1.8418534994125366,3.186058759689331,2.573176383972168
1.8418534994125366,3.186058759689331,2.573176383972168
1.8425583839416504,3.184237003326416,2.5761146545410156
1.8442682027816772,3.180802822113037,2.575857162475586
1.8442682027816772,3.180802822113037,2.575857162475586
1.8446210622787476,3.1815199851989746,2.5730855464935303
1.8446210622787476,3.1815199851989746,2.5730855464935303
1.8433197736740112,3.183999538421631,2.5716562271118164
1.8430039882659912,3.184591293334961,2.5703113079071045
1.8432081937789917,3.1854758262634277,2.568204641342163
1.8432081937789917,3.1854758262634277,2.568204641342163
1.8439024686813354,3.1852974891662598,2.567610740661621
1.8431642055511475,3.186396360397339,2.56855845451355
1.842607855796814,3.1874313354492188,2.569688081741333
1.842607855796814,3.1874313354492188,2.569688081741333
1.8431869745254517,3.1872847080230713,2.5673627853393555
1.8431869745254517,3.1872847080230713,2.5673627853393555
1.8440041542053223,3.1863648891448975,2.5659995079040527
1.8448097705841064,3.1856698989868164,2.5662403106689453
1.8452436923980713,3.185068368911743,2.566469430923462
1.8452436923980713,3.185068368911743,2.566469430923462
1.8470343351364136,3.183168649673462,2.56599497795105
1.8470343351364136,3.183168649673462,2.56599497795105
1.8455228805541992,3.184842824935913,2.56479549407959
1.8442859649658203,3.1871747970581055,2.5630648136138916
1.843422532081604,3.1888623237609863,2.561215877532959
1.843422532081604,3.1888623237609863,2.561215877532959
1.8457939624786377,3.185762405395508,2.5617921352386475
1.846217155456543,3.1848063468933105,2.562350034713745
1.8463174104690552,3.18414568901062,2.5638797283172607
1.843714952468872,3.1868679523468018,2.5624794960021973
1.843714952468872,3.1868679523468018,2.5624794960021973
1.842198371887207,3.1891634464263916,2.559575319290161
1.8425254821777344,3.188913106918335,2.5566511154174805
1.8425254821777344,3.188913106918335,2.5566511154174805
1.8423393964767456,3.189164400100708,2.5568838119506836
1.8423393964767456,3.189164400100708,2.5568838119506836
1.84188711643219,3.1889071464538574,2.5581142902374268
1.841571569442749,3.18935489654541,2.55623459815979
1.841571569442749,3.18935489654541,2.55623459815979
1.841257929801941,3.1899149417877197,2.5538275241851807
1.8407893180847168,3.190255880355835,2.5539157390594482
1.8407893180847168,3.190255880355835,2.5539157390594482
1.840126633644104,3.1916420459747314,2.5549561977386475
1.840126633644104,3.1916420459747314,2.5549561977386475
1.8419904708862305,3.1891629695892334,2.555940628051758
1.8431133031845093,3.18863582611084,2.554821252822876
1.8431133031845093,3.18863582611084,2.554821252822876
1.8410950899124146,3.1920955181121826,2.5547659397125244
1.8403489589691162,3.193247079849243,2.554349184036255
1.8403489589691162,3.193247079849243,2.554349184036255
1.8403576612472534,3.1935486793518066,2.5544872283935547
1.8403743505477905,3.193932056427002,2.5544071197509766
1.8403743505477905,3.193932056427002,2.5544071197509766
1.8393497467041016,3.193173408508301,2.5560836791992188
1.8393497467041016,3.193173408508301,2.5560836791992188
1.839767575263977,3.1913533210754395,2.5584943294525146
1.8400216102600098,3.1900503635406494,2.559422731399536
1.8394569158554077,3.19024658203125,2.560107946395874
1.8394569158554077,3.19024658203125,2.560107946395874
1.8388750553131104,3.1912291049957275,2.5578179359436035
1.8388750553131104,3.1912291049957275,2.5578179359436035
1.8375102281570435,3.1948018074035645,2.5559444427490234
1.8372199535369873,3.195152997970581,2.5557126998901367
1.8372199535369873,3.195152997970581,2.5557126998901367
1.8382266759872437,3.194244861602783,2.5557878017425537
1.8383842706680298,3.1935245990753174,2.557227611541748
1.8383842706680298,3.1935245990753174,2.557227611541748
1.8374407291412354,3.1942148208618164,2.5587754249572754
1.8374249935150146,3.1940841674804688,2.5582406520843506
1.8374249935150146,3.1940841674804688,2.5582406520843506
1.8373327255249023,3.193976402282715,2.5576374530792236
1.8373327255249023,3.193976402282715,2.5576374530792236
1.8355029821395874,3.1965792179107666,2.5573863983154297
1.8355029821395874,3.1965792179107666,2.5573863983154297
1.8348056077957153,3.198289394378662,2.555784225463867
1.8347244262695312,3.1989753246307373,2.5541348457336426
1.8347184658050537,3.1996421813964844,2.552140712738037
1.8347184658050537,3.1996421813964844,2.552140712738037
1.8341937065124512,3.2011728286743164,2.5513131618499756
1.8341937065124512,3.2011728286743164,2.5513131618499756
1.8340622186660767,3.2024779319763184,2.5503058433532715
1.8340622186660767,3.2024779319763184,2.5503058433532715
1.83584463596344,3.2021491527557373,2.5470335483551025
1.83584463596344,3.2021491527557373,2.5470335483551025
1.8354084491729736,3.2034122943878174,2.5495378971099854
1.8354084491729736,3.2034122943878174,2.5495378971099854
1.8349922895431519,3.203399896621704,2.5486621856689453
1.8356599807739258,3.2027812004089355,2.5472495555877686
1.8357429504394531,3.2031681537628174,2.545253038406372
1.8348523378372192,3.2044389247894287,2.545365810394287
1.8348523378372192,3.2044389247894287,2.545365810394287
1.8355919122695923,3.2030999660491943,2.5443429946899414
1.8364390134811401,3.202355146408081,2.543842077255249
1.8364390134811401,3.202355146408081,2.543842077255249
1.8364965915679932,3.2028586864471436,2.543607234954834
1.8363784551620483,3.203442096710205,2.543517589569092
1.835430383682251,3.2054035663604736,2.542315721511841
1.835430383682251,3.2054035663604736,2.542315721511841
1.8359549045562744,3.204944372177124,2.5405197143554688
1.8351452350616455,3.206341505050659,2.538074016571045
1.8351452350616455,3.206341505050659,2.538074016571045
1.8330975770950317,3.2082695960998535,2.5384578704833984
1.832824468612671,3.2078378200531006,2.539294481277466
1.8330078125,3.2069592475891113,2.539757490158081
1.8332003355026245,3.2063071727752686,2.538628339767456
1.8328701257705688,3.206441879272461,2.5384554862976074
1.8321058750152588,3.206998348236084,2.538651704788208
1.8321058750152588,3.206998348236084,2.538651704788208
1.8322608470916748,3.2068943977355957,2.5367307662963867
1.832409381866455,3.2062301635742188,2.5371782779693604
1.832409381866455,3.2062301635742188,2.5371782779693604
1.8310874700546265,3.2083890438079834,2.53763484954834
1.8310874700546265,3.2083890438079834,2.53763484954834
1.82913076877594,3.211477279663086,2.5365779399871826
1.82913076877594,3.211477279663086,2.5365779399871826
1.8297783136367798,3.211865186691284,2.5353922843933105
1.831298589706421,3.211332082748413,2.534430980682373
1.8324021100997925,3.210096836090088,2.5355544090270996
1.8324021100997925,3.210096836090088,2.5355544090270996
1.8324261903762817,3.2109501361846924,2.5339159965515137
1.8327535390853882,3.2109994888305664,2.53226900100708
1.8328237533569336,3.2117624282836914,2.5299432277679443
1.83107328414917,3.2146360874176025,2.5298891067504883
1.8309569358825684,3.2139909267425537,2.530388116836548
1.8309569358825684,3.2139909267425537,2.530388116836548
1.8311649560928345,3.213134765625,2.530818223953247
1.8311649560928345,3.213134765625,2.530818223953247
1.831862449645996,3.211784839630127,2.5301661491394043
1.8305376768112183,3.2129039764404297,2.5296027660369873
1.8287408351898193,3.215484380722046,2.529475212097168
1.8287408351898193,3.215484380722046,2.529475212097168
1.8291738033294678,3.2153537273406982,2.5281500816345215
1.8300213813781738,3.214841365814209,2.5278258323669434
1.8300213813781738,3.214841365814209,2.5278258323669434
1.8315534591674805,3.212104558944702,2.5313117504119873
1.830761194229126,3.2123377323150635,2.533567190170288
1.830087423324585,3.2127203941345215,2.535391092300415
1.8288393020629883,3.213815450668335,2.5354106426239014
1.8279777765274048,3.215670347213745,2.5332155227661133
1.8276766538619995,3.2165322303771973,2.5310919284820557
1.8268582820892334,3.217135429382324,2.5311222076416016
1.8261663913726807,3.2170586585998535,2.5340261459350586
1.8259191513061523,3.2162065505981445,2.5357398986816406
1.8263931274414062,3.2149641513824463,2.5362350940704346
1.8252509832382202,3.216074228286743,2.534900665283203
1.8233777284622192,3.2184524536132812,2.5340700149536133
1.8228492736816406,3.2185609340667725,2.532366991043091
1.8231415748596191,3.2181179523468018,2.530040979385376
1.8235375881195068,3.2185609340667725,2.529834032058716
1.8235803842544556,3.218463182449341,2.5297911167144775
1.8235803842544556,3.218463182449341,2.5297911167144775
1.8230609893798828,3.2196972370147705,2.5299782752990723
1.823716163635254,3.2194507122039795,2.5285282135009766
1.823716163635254,3.2194507122039795,2.5285282135009766
1.8245668411254883,3.219235420227051,2.5270955562591553
1.8245536088943481,3.220547914505005,2.5267908573150635
1.8245536088943481,3.220547914505005,2.5267908573150635
1.8249876499176025,3.220557928085327,2.527512788772583
1.8249876499176025,3.220557928085327,2.527512788772583
1.8254311084747314,3.2207207679748535,2.527665138244629
1.8248916864395142,3.223142623901367,2.5262138843536377
1.8241770267486572,3.224639654159546,2.525571346282959
1.823283314704895,3.2264108657836914,2.5245251655578613
1.823283314704895,3.2264108657836914,2.5245251655578613
1.8241370916366577,3.226435899734497,2.5209829807281494
1.8226617574691772,3.2279210090637207,2.5218780040740967
1.8226617574691772,3.2279210090637207,2.5218780040740967
1.8221031427383423,3.2282025814056396,2.5207743644714355
1.8221031427383423,3.2282025814056396,2.5207743644714355
1.8213489055633545,3.2296879291534424,2.5194859504699707
1.8208729028701782,3.230489730834961,2.518744707107544
1.8200297355651855,3.230720043182373,2.518017530441284
1.8200297355651855,3.230720043182373,2.518017530441284
1.8202134370803833,3.2293288707733154,2.5191237926483154
1.8202134370803833,3.2293288707733154,2.5191237926483154
1.8206253051757812,3.2269539833068848,2.5217113494873047
1.820973515510559,3.226067066192627,2.521695852279663
1.820973515510559,3.226067066192627,2.521695852279663
1.8197747468948364,3.2275397777557373,2.5175046920776367
1.8190218210220337,3.228841781616211,2.515794038772583
1.8190218210220337,3.228841781616211,2.515794038772583
1.8192780017852783,3.22857928276062,2.5158851146698
1.8197855949401855,3.2280285358428955,2.5155112743377686
1.8195972442626953,3.227433681488037,2.5167553424835205
1.8195972442626953,3.227433681488037,2.5167553424835205
1.8186813592910767,3.228294849395752,2.517458200454712
1.8185378313064575,3.2277510166168213,2.5174052715301514
1.8185378313064575,3.2277510166168213,2.5174052715301514
1.8186798095703125,3.227163791656494,2.516434907913208
1.8193415403366089,3.226468563079834,2.515622138977051
1.8191745281219482,3.2271103858947754,2.515601873397827
1.8191745281219482,3.2271103858947754,2.515601873397827
1.8192392587661743,3.2274601459503174,2.5154619216918945
1.8189146518707275,3.228555202484131,2.513761043548584
1.8188397884368896,3.2289071083068848,2.5130386352539062
1.8188397884368896,3.2289071083068848,2.5130386352539062
1.817429780960083,3.230931043624878,2.5120792388916016
1.8165960311889648,3.231851816177368,2.513448476791382
1.817569375038147,3.231064796447754,2.51485538482666
1.819122314453125,3.229132890701294,2.5152769088745117
1.819122314453125,3.229132890701294,2.5152769088745117
1.8200541734695435,3.228106737136841,2.5165488719940186
1.8195818662643433,3.228996515274048,2.5167131423950195
1.8185889720916748,3.23058819770813,2.5169575214385986
1.8184423446655273,3.230942487716675,2.5159149169921875
1.8189038038253784,3.2316133975982666,2.5125820636749268
1.8189038038253784,3.2316133975982666,2.5125820636749268
1.818558931350708,3.2314553260803223,2.516474723815918
1.818410038948059,3.231213092803955,2.517868757247925
1.8178142309188843,3.232187271118164,2.516949415206909
1.8178142309188843,3.232187271118164,2.516949415206909
1.817665696144104,3.232578992843628,2.5131852626800537
1.8161301612854004,3.234034538269043,2.5129191875457764
1.8161301612854004,3.234034538269043,2.5129191875457764
1.8144011497497559,3.2359824180603027,2.5130786895751953
1.8144011497497559,3.2359824180603027,2.5130786895751953
1.8147869110107422,3.235353946685791,2.5133800506591797
1.81593918800354,3.23421573638916,2.5118446350097656
1.8157378435134888,3.234311103820801,2.5116565227508545
1.8157378435134888,3.234311103820801,2.5116565227508545
1.8133033514022827,3.2377166748046875,2.511307954788208
1.8133033514022827,3.2377166748046875,2.511307954788208
1.8127964735031128,3.23850679397583,2.5105602741241455
1.8143224716186523,3.2373857498168945,2.5081119537353516
1.8146692514419556,3.2369329929351807,2.508039951324463
1.8146692514419556,3.2369329929351807,2.508039951324463
1.8136065006256104,3.238360643386841,2.5091888904571533
1.813482642173767,3.238837480545044,2.5083417892456055
1.8133972883224487,3.2395076751708984,2.5060906410217285
1.813214898109436,3.241241455078125,2.503755807876587
1.813214898109436,3.241241455078125,2.503755807876587
1.8129591941833496,3.2421581745147705,2.502105712890625
1.8128066062927246,3.242802143096924,2.501774311065674
1.8128066062927246,3.242802143096924,2.501774311065674
1.811966896057129,3.24428129196167,2.5022714138031006
1.811966896057129,3.24428129196167,2.5022714138031006
1.8127403259277344,3.2433509826660156,2.501112222671509
1.813708782196045,3.242065191268921,2.5008621215820312
1.8118969202041626,3.2434656620025635,2.5028598308563232
1.8118969202041626,3.2434656620025635,2.5028598308563232
1.811436414718628,3.243736743927002,2.5026676654815674
1.8117353916168213,3.2434566020965576,2.499807119369507
1.8120667934417725,3.2433886528015137,2.497771739959717
1.8120667934417725,3.2433886528015137,2.497771739959717
1.8120522499084473,3.242785692214966,2.499776601791382
1.8120522499084473,3.242785692214966,2.499776601791382
1.812103271484375,3.242600679397583,2.5018720626831055
1.8134032487869263,3.2419726848602295,2.5012574195861816
1.8134032487869263,3.2419726848602295,2.5012574195861816
1.812890648841858,3.244049310684204,2.49928879737854
1.8121646642684937,3.2457053661346436,2.4969143867492676
1.8121646642684937,3.2457053661346436,2.4969143867492676
1.8121849298477173,3.2459664344787598,2.496002674102783
1.8119962215423584,3.2465226650238037,2.4957683086395264
1.8126410245895386,3.2459161281585693,2.4950642585754395
1.8126410245895386,3.2459161281585693,2.4950642585754395
1.8126024007797241,3.2463724613189697,2.493551015853882
1.8126024007797241,3.2463724613189697,2.493551015853882
1.8120554685592651,3.2469592094421387,2.493851661682129
1.8121980428695679,3.2458317279815674,2.4946258068084717
1.8131070137023926,3.2440364360809326,2.495243549346924
1.8139320611953735,3.2420146465301514,2.4969534873962402
1.8136959075927734,3.242462635040283,2.496574878692627
1.8136959075927734,3.242462635040283,2.496574878692627
1.8118419647216797,3.2444682121276855,2.496267318725586
1.8118419647216797,3.2444682121276855,2.496267318725586
1.8110129833221436,3.2450037002563477,2.492873191833496
1.8113033771514893,3.2443385124206543,2.4931294918060303
1.8113033771514893,3.2443385124206543,2.4931294918060303
1.811354637145996,3.243739128112793,2.4945356845855713
1.810871958732605,3.2439942359924316,2.4946110248565674
1.810871958732605,3.2439942359924316,2.4946110248565674
1.811069369316101,3.2442610263824463,2.4947609901428223
1.811604619026184,3.243440628051758,2.4947590827941895
1.8121238946914673,3.2428855895996094,2.4947476387023926
1.8121137619018555,3.2428171634674072,2.4955224990844727
1.8121137619018555,3.2428171634674072,2.4955224990844727
1.810965657234192,3.2437665462493896,2.496551513671875
1.8103049993515015,3.244645595550537,2.49688458442688
1.8095440864562988,3.2457475662231445,2.496011972427368
1.8095440864562988,3.2457475662231445,2.496011972427368
1.8096109628677368,3.2459564208984375,2.494091272354126
1.8097206354141235,3.2458295822143555,2.4938788414001465
1.8097206354141235,3.2458295822143555,2.4938788414001465
1.8090680837631226,3.2466914653778076,2.495291233062744
1.8092403411865234,3.246703624725342,2.4953653812408447
1.8092403411865234,3.246703624725342,2.4953653812408447
1.8092403411865234,3.246703624725342,2.4953653812408447
1.807554006576538,3.2498700618743896,2.49421763420105
1.8056259155273438,3.2530267238616943,2.4932217597961426
1.8056259155273438,3.2530267238616943,2.4932217597961426
1.8054660558700562,3.253092050552368,2.4940173625946045
1.8061959743499756,3.2523233890533447,2.4934680461883545
1.8058207035064697,3.252930164337158,2.4937801361083984
1.8058207035064697,3.252930164337158,2.4937801361083984
1.8041924238204956,3.254978895187378,2.493802785873413
1.8041924238204956,3.254978895187378,2.493802785873413
1.803974986076355,3.255502462387085,2.4913008213043213
1.8040201663970947,3.255147695541382,2.490781784057617
1.8040201663970947,3.255147695541382,2.490781784057617
1.8041976690292358,3.254227876663208,2.4909780025482178
1.8042513132095337,3.253929376602173,2.4912447929382324
1.8042513132095337,3.253929376602173,2.4912447929382324
1.8032492399215698,3.255430221557617,2.490321636199951
1.8027551174163818,3.257037878036499,2.48801851272583
1.8027551174163818,3.257037878036499,2.48801851272583
1.800557017326355,3.260932445526123,2.483337640762329
1.7992339134216309,3.2622289657592773,2.484151601791382
1.7992339134216309,3.2622289657592773,2.484151601791382
1.8013429641723633,3.259432554244995,2.482927083969116
1.8023732900619507,3.2582454681396484,2.4824042320251465
1.8022634983062744,3.258403778076172,2.482419967651367
1.8022634983062744,3.258403778076172,2.482419967651367
1.79996657371521,3.261570692062378,2.4810845851898193
1.7990899085998535,3.2630834579467773,2.4800045490264893
1.7990899085998535,3.2630834579467773,2.4800045490264893
1.7998641729354858,3.262068748474121,2.474069118499756
1.7994798421859741,3.2621870040893555,2.4744040966033936
1.799517035484314,3.2612547874450684,2.4758429527282715
1.8002548217773438,3.259401798248291,2.4776875972747803
1.8013346195220947,3.257213592529297,2.4788527488708496
1.8013346195220947,3.257213592529297,2.4788527488708496
1.8026928901672363,3.2560198307037354,2.478036642074585
1.8019952774047852,3.257279872894287,2.476964235305786
1.798947811126709,3.262051582336426,2.4749245643615723
1.798947811126709,3.262051582336426,2.4749245643615723
1.7976326942443848,3.2643747329711914,2.47340989112854
1.797971487045288,3.264401912689209,2.4710497856140137
1.798190712928772,3.265141248703003,2.470691442489624
1.7981475591659546,3.2648277282714844,2.471970796585083
1.7964006662368774,3.2677862644195557,2.472137928009033
1.7964006662368774,3.2677862644195557,2.472137928009033
1.7957484722137451,3.268824577331543,2.4678452014923096
1.7957484722137451,3.268824577331543,2.4678452014923096
1.7959219217300415,3.2690792083740234,2.464012384414673
1.7959219217300415,3.2690792083740234,2.464012384414673
1.7957779169082642,3.2683820724487305,2.464763641357422
1.7956973314285278,3.268143653869629,2.465787649154663
1.7961843013763428,3.2671267986297607,2.465819835662842
1.7961843013763428,3.2671267986297607,2.465819835662842
1.7962015867233276,3.267061471939087,2.465078830718994
1.7961983680725098,3.2671432495117188,2.4627797603607178
1.7957507371902466,3.2679526805877686,2.461487054824829
1.7952243089675903,3.2682483196258545,2.4621548652648926
1.7952243089675903,3.2682483196258545,2.4621548652648926
1.7960925102233887,3.268698215484619,2.462343692779541
1.7970150709152222,3.2687265872955322,2.462830066680908
1.7970150709152222,3.2687265872955322,2.462830066680908
1.795836091041565,3.270278215408325,2.4645397663116455
1.795836091041565,3.270278215408325,2.4645397663116455
1.7952860593795776,3.270589828491211,2.4641714096069336
1.7952661514282227,3.2706315517425537,2.464015483856201
1.7959808111190796,3.269693613052368,2.4634366035461426
1.7959808111190796,3.269693613052368,2.4634366035461426
1.7955683469772339,3.2697527408599854,2.463031768798828
1.7939937114715576,3.2701661586761475,2.4624075889587402
1.7939937114715576,3.2701661586761475,2.4624075889587402
1.7934352159500122,3.2723004817962646,2.4596357345581055
1.793210506439209,3.2730252742767334,2.457880973815918
1.793210506439209,3.2730252742767334,2.457880973815918
1.7921184301376343,3.274782657623291,2.458083152770996
1.7911518812179565,3.276461601257324,2.457977294921875
1.7920585870742798,3.2757084369659424,2.4565281867980957
1.7920585870742798,3.2757084369659424,2.4565281867980957
1.7925255298614502,3.275905132293701,2.4562811851501465
1.7916054725646973,3.277573347091675,2.455960750579834
1.7916054725646973,3.277573347091675,2.455960750579834
1.790221929550171,3.2803404331207275,2.4556117057800293
1.791174054145813,3.27948260307312,2.4545979499816895
1.791174054145813,3.27948260307312,2.4545979499816895
1.7919678688049316,3.2788069248199463,2.454176902770996
1.7919678688049316,3.2788069248199463,2.454176902770996
1.7917182445526123,3.2788991928100586,2.4545137882232666
1.7913368940353394,3.2789368629455566,2.4538867473602295
1.7913368940353394,3.2789368629455566,2.4538867473602295
1.7911638021469116,3.278750419616699,2.452868938446045
1.7909796237945557,3.2790961265563965,2.4516069889068604
1.7909796237945557,3.2790961265563965,2.4516069889068604
1.7894558906555176,3.2814745903015137,2.4522173404693604
1.789678692817688,3.281425714492798,2.4514873027801514
1.789678692817688,3.281425714492798,2.4514873027801514
1.790651798248291,3.2807509899139404,2.4491686820983887
1.7899665832519531,3.2814886569976807,2.450493335723877
1.7892757654190063,3.2819905281066895,2.4516735076904297
1.7887450456619263,3.282327175140381,2.4527928829193115
1.7887450456619263,3.282327175140381,2.4527928829193115
1.7897913455963135,3.2815299034118652,2.4505953788757324
1.7890028953552246,3.2830817699432373,2.449049711227417
1.7890028953552246,3.2830817699432373,2.449049711227417
1.7876559495925903,3.2850630283355713,2.4486610889434814
1.7876559495925903,3.2850630283355713,2.4486610889434814
1.7882301807403564,3.2848453521728516,2.4470276832580566
1.7882301807403564,3.2848453521728516,2.4470276832580566
1.7884045839309692,3.2853891849517822,2.4451215267181396
1.7870218753814697,3.2866454124450684,2.4428482055664062
1.7850978374481201,3.289193630218506,2.4414381980895996
1.7850978374481201,3.289193630218506,2.4414381980895996
1.784989595413208,3.2893197536468506,2.4404501914978027
1.7861621379852295,3.288691282272339,2.438142776489258
1.7863191366195679,3.2883527278900146,2.438793659210205
1.7863191366195679,3.2883527278900146,2.438793659210205
1.7852632999420166,3.289170503616333,2.4408018589019775
1.7852632999420166,3.289170503616333,2.4408018589019775
1.7843968868255615,3.2891101837158203,2.438063383102417
1.784503698348999,3.2894446849823,2.4359960556030273
1.784075140953064,3.2897374629974365,2.435805320739746
1.784075140953064,3.2897374629974365,2.435805320739746
1.7851028442382812,3.288306713104248,2.4374170303344727
1.7854951620101929,3.2872698307037354,2.4391558170318604
1.7854951620101929,3.2872698307037354,2.4391558170318604
1.7856823205947876,3.286442279815674,2.4408349990844727
1.7852808237075806,3.2866196632385254,2.440418243408203
1.7836781740188599,3.2890326976776123,2.4390971660614014
1.7836781740188599,3.2890326976776123,2.4390971660614014
1.7843190431594849,3.288346529006958,2.438457489013672
1.786679983139038,3.2857744693756104,2.439162015914917
1.7868993282318115,3.2858104705810547,2.4413974285125732
1.7868993282318115,3.2858104705810547,2.4413974285125732
1.7851104736328125,3.2879323959350586,2.442551374435425
1.7851104736328125,3.2879323959350586,2.442551374435425
1.7849701642990112,3.287855625152588,2.441784143447876
1.7849701642990112,3.287855625152588,2.441784143447876
1.7860270738601685,3.288590431213379,2.4406957626342773
1.7861355543136597,3.289219856262207,2.4412529468536377
1.784710168838501,3.291517734527588,2.4413695335388184
1.784710168838501,3.291517734527588,2.4413695335388184
1.784149169921875,3.291841745376587,2.439495086669922
1.7833788394927979,3.2928593158721924,2.4376003742218018
1.7833788394927979,3.2928593158721924,2.4376003742218018
1.7824631929397583,3.2931368350982666,2.4398510456085205
1.7824594974517822,3.292818784713745,2.440608024597168
1.7829339504241943,3.2915494441986084,2.439915895462036
1.7832047939300537,3.290219783782959,2.4388809204101562
1.782716989517212,3.2908804416656494,2.438746690750122
1.7809556722640991,3.293149709701538,2.4391911029815674
1.7809556722640991,3.293149709701538,2.4391911029815674
1.7811745405197144,3.293576240539551,2.438758134841919
1.7811745405197144,3.293576240539551,2.438758134841919
1.7825260162353516,3.2921037673950195,2.4384913444519043
1.7828128337860107,3.2920541763305664,2.438753843307495
1.7814979553222656,3.2940173149108887,2.4385921955108643
1.7814979553222656,3.2940173149108887,2.4385921955108643
1.7813669443130493,3.295104503631592,2.43576979637146
1.7813669443130493,3.295104503631592,2.43576979637146
1.7806174755096436,3.296860933303833,2.4328103065490723
1.7781102657318115,3.3002266883850098,2.4331705570220947
1.778124213218689,3.2999587059020996,2.433269500732422
1.778124213218689,3.2999587059020996,2.433269500732422
1.7796915769577026,3.2975902557373047,2.4330646991729736
1.7805975675582886,3.2969257831573486,2.4321393966674805
1.7805975675582886,3.2969257831573486,2.4321393966674805
1.777902364730835,3.299990653991699,2.433788537979126
1.7764266729354858,3.3020620346069336,2.434650182723999
1.7764266729354858,3.3020620346069336,2.434650182723999
1.7763423919677734,3.3022260665893555,2.431515693664551
1.7763423919677734,3.3022260665893555,2.431515693664551
1.7768354415893555,3.301875352859497,2.4303362369537354
1.777292251586914,3.300288200378418,2.431833267211914
1.7776532173156738,3.299724817276001,2.4323246479034424
1.7776532173156738,3.299724817276001,2.4323246479034424
1.7784303426742554,3.297788381576538,2.430675745010376
1.7784303426742554,3.297788381576538,2.430675745010376
1.7776623964309692,3.298645496368408,2.429385185241699
1.7764184474945068,3.30039644241333,2.4286234378814697
1.7760818004608154,3.3011088371276855,2.427294969558716
1.7766226530075073,3.3011956214904785,2.4252769947052
1.7766226530075073,3.3011956214904785,2.4252769947052
1.7772915363311768,3.300593852996826,2.4239983558654785
1.7766785621643066,3.301499366760254,2.4241559505462646
1.7766785621643066,3.301499366760254,2.4241559505462646
1.7752857208251953,3.3024439811706543,2.4237968921661377
1.7744026184082031,3.3025434017181396,2.4232687950134277
1.7744026184082031,3.3025434017181396,2.4232687950134277
1.7746473550796509,3.3017804622650146,2.4218292236328125
1.7746520042419434,3.30176043510437,2.4210989475250244
1.772245168685913,3.304753541946411,2.421135663986206
1.772245168685913,3.304753541946411,2.421135663986206
1.7719649076461792,3.3052732944488525,2.4187543392181396
1.7718497514724731,3.3053441047668457,2.4180614948272705
1.7711256742477417,3.305894613265991,2.419116973876953
1.7704769372940063,3.307192325592041,2.419403553009033
1.7704769372940063,3.307192325592041,2.419403553009033
1.7697381973266602,3.3085248470306396,2.420457363128662
1.771275520324707,3.3072574138641357,2.4190475940704346
1.771275520324707,3.3072574138641357,2.4190475940704346
1.7709676027297974,3.3089561462402344,2.418334722518921
1.7674559354782104,3.3136191368103027,2.420727014541626
1.7674559354782104,3.3136191368103027,2.420727014541626
1.7668997049331665,3.315075397491455,2.418487787246704
1.7668997049331665,3.315075397491455,2.418487787246704
1.7691787481307983,3.3130972385406494,2.4149577617645264
1.7698315382003784,3.3120977878570557,2.4169859886169434
1.7698315382003784,3.3120977878570557,2.4169859886169434
1.7693448066711426,3.3122103214263916,2.4189720153808594
1.7693464756011963,3.312584400177002,2.4171133041381836
1.7693464756011963,3.312584400177002,2.4171133041381836
1.7687619924545288,3.3143420219421387,2.4148857593536377
1.7669650316238403,3.316640615463257,2.413064479827881
1.7648588418960571,3.3188209533691406,2.4126579761505127
1.7639869451522827,3.3201191425323486,2.411720037460327
1.7639869451522827,3.3201191425323486,2.411720037460327
1.7656655311584473,3.318293809890747,2.4089879989624023
1.7656954526901245,3.318727493286133,2.410083293914795
1.7656954526901245,3.318727493286133,2.410083293914795
1.764363408088684,3.3201100826263428,2.4101672172546387
1.7636892795562744,3.3215105533599854,2.409954786300659
1.7650777101516724,3.3214426040649414,2.4095611572265625
1.7654306888580322,3.3215646743774414,2.4095888137817383
1.7654306888580322,3.3215646743774414,2.4095888137817383
1.7651524543762207,3.3230905532836914,2.4113423824310303
1.7658324241638184,3.3217971324920654,2.4112093448638916
1.7658324241638184,3.3217971324920654,2.4112093448638916
1.76681387424469,3.320335626602173,2.4111132621765137
1.76681387424469,3.320335626602173,2.4111132621765137
1.7660139799118042,3.322148323059082,2.4088423252105713
1.7629932165145874,3.3262128829956055,2.4074113368988037
1.7629932165145874,3.3262128829956055,2.4074113368988037
1.7635056972503662,3.3250532150268555,2.404581308364868
1.7643581628799438,3.3238754272460938,2.404129981994629
1.7641348838806152,3.323915719985962,2.4050309658050537
1.7641348838806152,3.323915719985962,2.4050309658050537
1.761455774307251,3.3277065753936768,2.4037766456604004
1.761455774307251,3.3277065753936768,2.4037766456604004
1.760421872138977,3.3285956382751465,2.4029338359832764
1.761790156364441,3.3264920711517334,2.4016077518463135
1.761790156364441,3.3264920711517334,2.4016077518463135
1.7608970403671265,3.326998710632324,2.4033260345458984
1.7597901821136475,3.3270363807678223,2.403869867324829
1.7597901821136475,3.3270363807678223,2.403869867324829
1.7588566541671753,3.327369451522827,2.403287649154663
1.7588869333267212,3.326798915863037,2.4030511379241943
1.7591158151626587,3.326381206512451,2.4015254974365234
1.7591158151626587,3.326381206512451,2.4015254974365234
1.7587074041366577,3.327044725418091,2.4009416103363037
1.7587074041366577,3.327044725418091,2.4009416103363037
1.7588794231414795,3.3272485733032227,2.399411201477051
1.75913667678833,3.328467607498169,2.398606777191162
1.7589322328567505,3.3291268348693848,2.398320436477661
1.7573212385177612,3.332412004470825,2.3965444564819336
1.7573212385177612,3.332412004470825,2.3965444564819336
1.7565311193466187,3.3336575031280518,2.3931214809417725
1.7565311193466187,3.3336575031280518,2.3931214809417725
1.7569727897644043,3.333610773086548,2.391209125518799
1.7574650049209595,3.3332715034484863,2.390754461288452
1.7574650049209595,3.3332715034484863,2.390754461288452
1.7585208415985107,3.3322319984436035,2.3943047523498535
1.7595592737197876,3.330796241760254,2.394658088684082
1.7595592737197876,3.330796241760254,2.394658088684082
1.7597100734710693,3.3304600715637207,2.3930604457855225
1.758904218673706,3.3314807415008545,2.391470193862915
1.7570350170135498,3.3349459171295166,2.389991521835327
1.7570350170135498,3.3349459171295166,2.389991521835327
1.7564679384231567,3.3361544609069824,2.389310836791992
1.7564679384231567,3.3361544609069824,2.389310836791992
1.7593355178833008,3.332787275314331,2.3895349502563477
1.7594510316848755,3.3315844535827637,2.3913238048553467
1.7595148086547852,3.330665349960327,2.3940560817718506
1.7595148086547852,3.330665349960327,2.3940560817718506
1.7594201564788818,3.3303465843200684,2.3940045833587646
1.7594201564788818,3.3303465843200684,2.3940045833587646
1.7588638067245483,3.331115961074829,2.392620086669922
1.7584009170532227,3.3320815563201904,2.393434524536133
1.7584009170532227,3.3320815563201904,2.393434524536133
1.757563829421997,3.333552360534668,2.3937292098999023
1.7579790353775024,3.3327112197875977,2.394735097885132
1.7579790353775024,3.3327112197875977,2.394735097885132
1.7581855058670044,3.3322110176086426,2.39652943611145
1.7582520246505737,3.3318638801574707,2.3974342346191406
1.7582520246505737,3.3318638801574707,2.3974342346191406
1.7575026750564575,3.33311128616333,2.395508050918579
1.7553613185882568,3.336252212524414,2.3962578773498535
1.7553613185882568,3.336252212524414,2.3962578773498535
1.7551904916763306,3.335599422454834,2.3956503868103027
1.7551904916763306,3.335599422454834,2.3956503868103027
1.7550792694091797,3.3352928161621094,2.3963725566864014
1.7542747259140015,3.3365237712860107,2.3972206115722656
1.7542747259140015,3.3365237712860107,2.3972206115722656
1.7531172037124634,3.337298631668091,2.397891044616699
1.7521071434020996,3.338940382003784,2.3964884281158447
1.7521071434020996,3.338940382003784,2.3964884281158447
1.7516720294952393,3.3396968841552734,2.395509958267212
1.7516543865203857,3.339655637741089,2.3959367275238037
1.7525665760040283,3.3385281562805176,2.3965210914611816
1.7525665760040283,3.3385281562805176,2.3965210914611816
1.7527300119400024,3.3389008045196533,2.3949906826019287
1.7522779703140259,3.339634895324707,2.39473032951355
1.7516963481903076,3.340916156768799,2.394399404525757
1.7510902881622314,3.342191219329834,2.3944644927978516
1.7510902881622314,3.342191219329834,2.3944644927978516
1.7523490190505981,3.3409714698791504,2.3920066356658936
1.7528438568115234,3.3402132987976074,2.3921918869018555
1.7523307800292969,3.3409221172332764,2.3927860260009766
1.7523307800292969,3.3409221172332764,2.3927860260009766
1.7507517337799072,3.3422651290893555,2.391880512237549
1.7496612071990967,3.343736171722412,2.3904547691345215
1.7496285438537598,3.344029426574707,2.3878796100616455
1.7502583265304565,3.343722343444824,2.3848040103912354
1.7502583265304565,3.343722343444824,2.3848040103912354
1.7498093843460083,3.344351291656494,2.3849003314971924
1.7496799230575562,3.343123197555542,2.3855175971984863
1.7496799230575562,3.343123197555542,2.3855175971984863
1.750963807106018,3.3415884971618652,2.384617567062378
1.750963807106018,3.3415884971618652,2.384617567062378
1.7497886419296265,3.343318462371826,2.3826847076416016
1.7489365339279175,3.3445851802825928,2.3820149898529053
1.7483288049697876,3.345095157623291,2.381442070007324
1.7486251592636108,3.3446528911590576,2.379114866256714
1.7489142417907715,3.344733476638794,2.377767562866211
1.7470470666885376,3.3471574783325195,2.3792049884796143
1.7470470666885376,3.3471574783325195,2.3792049884796143
1.745673656463623,3.348785877227783,2.377047300338745
1.7452802658081055,3.3496005535125732,2.375629425048828
1.7455939054489136,3.3494749069213867,2.373533010482788
1.7455939054489136,3.3494749069213867,2.373533010482788
1.7469507455825806,3.347790002822876,2.3741824626922607
1.747449278831482,3.346325159072876,2.377236843109131
1.747449278831482,3.346325159072876,2.377236843109131
1.7473938465118408,3.3462908267974854,2.3769021034240723
1.7473938465118408,3.3462908267974854,2.3769021034240723
1.7484012842178345,3.345644950866699,2.3765170574188232
1.7484012842178345,3.345644950866699,2.3765170574188232
1.747482180595398,3.3464934825897217,2.3760483264923096
1.7456766366958618,3.3473892211914062,2.3756532669067383
1.7456766366958618,3.3473892211914062,2.3756532669067383
1.7455753087997437,3.34734845161438,2.375394821166992
1.7455753087997437,3.34734845161438,2.375394821166992
1.7463513612747192,3.346517562866211,2.3726491928100586
1.7463513612747192,3.346517562866211,2.3726491928100586
1.7457242012023926,3.3478593826293945,2.372056722640991
1.744875431060791,3.348872661590576,2.3719091415405273
1.7450134754180908,3.3482329845428467,2.3720364570617676
1.7450134754180908,3.3482329845428467,2.3720364570617676
1.7452656030654907,3.3480358123779297,2.371145009994507
1.7458633184432983,3.3471343517303467,2.370499610900879
1.7458633184432983,3.3471343517303467,2.370499610900879
1.7458436489105225,3.346116065979004,2.3724148273468018
1.7458436489105225,3.346116065979004,2.3724148273468018
1.7451618909835815,3.3468613624572754,2.3739147186279297
1.74658203125,3.345672607421875,2.3740813732147217
1.7463619709014893,3.3467135429382324,2.3741748332977295
1.7463619709014893,3.3467135429382324,2.3741748332977295
1.7454646825790405,3.3478293418884277,2.3772623538970947
1.7454646825790405,3.3478293418884277,2.3772623538970947
1.7456929683685303,3.3480384349823,2.377037525177002
1.7460525035858154,3.3482015132904053,2.3760604858398438
1.7460408210754395,3.3493664264678955,2.3749372959136963
1.7460408210754395,3.3493664264678955,2.3749372959136963
1.744120717048645,3.3519506454467773,2.3767478466033936
1.7439830303192139,3.3523871898651123,2.377230405807495
1.7447515726089478,3.3520116806030273,2.3760929107666016
1.7447515726089478,3.3520116806030273,2.3760929107666016
1.7451623678207397,3.3528800010681152,2.3755545616149902
1.7442216873168945,3.3535470962524414,2.3757903575897217
1.7442216873168945,3.3535470962524414,2.3757903575897217
1.7429958581924438,3.3552660942077637,2.375187397003174
1.7420518398284912,3.356170892715454,2.374237060546875
1.7414414882659912,3.356192111968994,2.373298406600952
1.7414414882659912,3.356192111968994,2.373298406600952
1.7414582967758179,3.355339765548706,2.373042106628418
1.7414582967758179,3.355339765548706,2.373042106628418
1.7422993183135986,3.3531272411346436,2.373065233230591
1.742936611175537,3.352353096008301,2.3730366230010986
1.7431938648223877,3.3516130447387695,2.3730268478393555
1.742401123046875,3.3524436950683594,2.3726303577423096
1.742401123046875,3.3524436950683594,2.3726303577423096
1.7402750253677368,3.354871988296509,2.371060848236084
1.7402530908584595,3.355109214782715,2.367744207382202
1.7402530908584595,3.355109214782715,2.367744207382202
1.7403113842010498,3.3549001216888428,2.366844654083252
1.7403321266174316,3.3547773361206055,2.3669092655181885
1.7403321266174316,3.3547773361206055,2.3669092655181885
1.7408878803253174,3.3543179035186768,2.3673272132873535
1.7413712739944458,3.3542935848236084,2.365933418273926
1.7413712739944458,3.3542935848236084,2.365933418273926
1.7404803037643433,3.3554739952087402,2.36435866355896
1.738612413406372,3.3581981658935547,2.363039493560791
1.738612413406372,3.3581981658935547,2.363039493560791
1.7373727560043335,3.3613977432250977,2.3568975925445557
1.7373727560043335,3.3613977432250977,2.3568975925445557
1.737242341041565,3.362668991088867,2.353977680206299
1.737242341041565,3.362668991088867,2.353977680206299
1.7365758419036865,3.3639001846313477,2.3569047451019287
1.7373601198196411,3.363332986831665,2.356922149658203
1.7382264137268066,3.3628695011138916,2.3556487560272217
1.7381572723388672,3.3651788234710693,2.353886842727661
1.7374441623687744,3.3665995597839355,2.352468490600586
1.7374441623687744,3.3665995597839355,2.352468490600586
1.7369354963302612,3.368368625640869,2.3496429920196533
1.73727285861969,3.3679885864257812,2.3494246006011963
1.7383804321289062,3.3667819499969482,2.3503589630126953
1.7383804321289062,3.3667819499969482,2.3503589630126953
1.7379264831542969,3.367872953414917,2.3497509956359863
1.7368627786636353,3.3696303367614746,2.348576784133911
1.7368627786636353,3.3696303367614746,2.348576784133911
1.7368847131729126,3.369683265686035,2.3465659618377686
1.737466812133789,3.3687613010406494,2.346144437789917
1.737466812133789,3.3687613010406494,2.346144437789917
1.7375463247299194,3.367955446243286,2.3482346534729004
1.736891746520996,3.368246555328369,2.3504080772399902
1.736891746520996,3.368246555328369,2.3504080772399902
1.7359061241149902,3.36956524848938,2.350180149078369
1.7359061241149902,3.36956524848938,2.350180149078369
1.7343887090682983,3.3715829849243164,2.3481969833374023
1.7332841157913208,3.372438430786133,2.3476407527923584
1.733513593673706,3.3716161251068115,2.348761796951294
1.733513593673706,3.3716161251068115,2.348761796951294
1.7342300415039062,3.3702313899993896,2.3504490852355957
1.7342485189437866,3.3698360919952393,2.3508944511413574
1.7342485189437866,3.3698360919952393,2.3508944511413574
1.732224941253662,3.372429132461548,2.3491055965423584
1.7305306196212769,3.3749496936798096,2.3476221561431885
1.7305306196212769,3.3749496936798096,2.3476221561431885
1.7311722040176392,3.3747880458831787,2.3456220626831055
1.7311722040176392,3.3747880458831787,2.3456220626831055
1.7305492162704468,3.37577223777771,2.347597122192383
1.7287906408309937,3.37812876701355,2.348447799682617
1.72758948802948,3.379467725753784,2.348431348800659
1.72758948802948,3.379467725753784,2.348431348800659
1.7252247333526611,3.3832290172576904,2.3436291217803955
1.7252247333526611,3.3832290172576904,2.3436291217803955
1.7219491004943848,3.3874447345733643,2.3394365310668945
1.720079779624939,3.389666795730591,2.3386850357055664
1.719725489616394,3.390261650085449,2.338193416595459
1.7195422649383545,3.3906257152557373,2.3374805450439453
1.719356656074524,3.391080856323242,2.335923671722412
1.7182234525680542,3.393021821975708,2.3341734409332275
1.7182234525680542,3.393021821975708,2.3341734409332275
1.7151292562484741,3.397658109664917,2.3323802947998047
1.7146791219711304,3.3994994163513184,2.3293066024780273
1.714823603630066,3.3996782302856445,2.3281779289245605
1.714823603630066,3.3996782302856445,2.3281779289245605
1.714005470275879,3.4016315937042236,2.327969551086426
1.7132456302642822,3.402543306350708,2.327954053878784
1.7132456302642822,3.402543306350708,2.327954053878784
1.7119485139846802,3.4036142826080322,2.3258862495422363
1.711858868598938,3.403048038482666,2.3242998123168945
1.7116678953170776,3.4030942916870117,2.3235080242156982
1.7118251323699951,3.402954339981079,2.322842597961426
1.7115031480789185,3.4034509658813477,2.322537899017334
1.7110718488693237,3.403790235519409,2.321105480194092
1.710389256477356,3.4045450687408447,2.3204598426818848
1.7105932235717773,3.404952049255371,2.31826114654541
1.7102396488189697,3.406001329421997,2.316056489944458
1.7097153663635254,3.407252311706543,2.315781831741333
1.708853006362915,3.408872127532959,2.314225196838379
1.709669589996338,3.4090371131896973,2.3111393451690674
1.7101603746414185,3.409186840057373,2.3087046146392822
1.7107270956039429,3.40908145904541,2.3070850372314453
1.7114155292510986,3.4083564281463623,2.3063576221466064
1.7122218608856201,3.407139301300049,2.3071203231811523
1.7134788036346436,3.4051952362060547,2.3079025745391846
1.713829517364502,3.4047091007232666,2.307544469833374
1.7134907245635986,3.4051907062530518,2.306480646133423
1.7127453088760376,3.405916690826416,2.305759906768799
1.7131521701812744,3.4053258895874023,2.3051886558532715
1.7135716676712036,3.404505491256714,2.3051252365112305
1.7149039506912231,3.4024460315704346,2.306173324584961
1.7149039506912231,3.4024460315704346,2.306173324584961
1.7150176763534546,3.401594877243042,2.3066844940185547
1.7135430574417114,3.403493642807007,2.306182384490967
1.7135430574417114,3.403493642807007,2.306182384490967
1.7121115922927856,3.4055373668670654,2.3032305240631104
1.711509108543396,3.4068610668182373,2.300654888153076
1.7109824419021606,3.407273530960083,2.300405979156494
1.7104103565216064,3.4080758094787598,2.2998275756835938
1.709380030632019,3.4090044498443604,2.30021595954895
1.709380030632019,3.4090044498443604,2.30021595954895
1.7088522911071777,3.409898281097412,2.2989249229431152
1.709147572517395,3.409714698791504,2.2977802753448486
1.709147572517395,3.409714698791504,2.2977802753448486
1.7100731134414673,3.4081778526306152,2.299504280090332
1.710502028465271,3.407294273376465,2.3005857467651367
1.7106176614761353,3.4071567058563232,2.301908016204834
1.7106176614761353,3.4071567058563232,2.301908016204834
1.709160327911377,3.4092581272125244,2.301351547241211
1.709160327911377,3.4092581272125244,2.301351547241211
1.7077012062072754,3.411252975463867,2.300013542175293
1.7073434591293335,3.4112372398376465,2.300544023513794
1.7073434591293335,3.4112372398376465,2.300544023513794
1.7078968286514282,3.410015821456909,2.3018484115600586
1.7086706161499023,3.409273386001587,2.302788019180298
1.7086706161499023,3.409273386001587,2.302788019180298
1.7071027755737305,3.41157603263855,2.304517984390259
1.7071027755737305,3.41157603263855,2.304517984390259
1.7058707475662231,3.4130165576934814,2.3038570880889893
1.7049024105072021,3.4144983291625977,2.301948308944702
1.70455801486969,3.4149727821350098,2.301366090774536
1.70455801486969,3.4149727821350098,2.301366090774536
1.7041025161743164,3.4153404235839844,2.300799608230591
1.7038389444351196,3.415695905685425,2.300450563430786
1.7038389444351196,3.415695905685425,2.300450563430786
1.7034666538238525,3.4161884784698486,2.3000919818878174
1.7026607990264893,3.416682720184326,2.299743175506592
1.701844334602356,3.417444944381714,2.298966407775879
1.7005046606063843,3.419151782989502,2.297915458679199
1.6989787817001343,3.420722007751465,2.297978401184082
1.6996883153915405,3.4193131923675537,2.295621156692505
1.6996883153915405,3.4193131923675537,2.295621156692505
1.7000669240951538,3.418731212615967,2.2957634925842285
1.699130892753601,3.419431447982788,2.2980477809906006
1.699094533920288,3.4195570945739746,2.2984023094177246
1.699094533920288,3.4195570945739746,2.2984023094177246
1.6980968713760376,3.421128988265991,2.2976715564727783
1.6980968713760376,3.421128988265991,2.2976715564727783
1.6994562149047852,3.4199533462524414,2.295619487762451
1.6989907026290894,3.4213411808013916,2.2965612411499023
1.6988208293914795,3.421534538269043,2.2958483695983887
1.6988208293914795,3.421534538269043,2.2958483695983887
1.697385549545288,3.4242115020751953,2.2919821739196777
1.697385549545288,3.4242115020751953,2.2919821739196777
1.6955509185791016,3.4275898933410645,2.2862422466278076
1.694778323173523,3.4284441471099854,2.283810615539551
1.6940056085586548,3.429083824157715,2.283845901489258
1.6940056085586548,3.429083824157715,2.283845901489258
1.6946693658828735,3.4274837970733643,2.2861218452453613
1.6955020427703857,3.42549729347229,2.284916400909424
1.6955020427703857,3.42549729347229,2.284916400909424
1.692915678024292,3.4282338619232178,2.2830970287323
1.692915678024292,3.4282338619232178,2.2830970287323
1.691530704498291,3.4286577701568604,2.279479742050171
1.691530704498291,3.4286577701568604,2.279479742050171
1.6908060312271118,3.4268417358398438,2.2782273292541504
1.6899725198745728,3.4244048595428467,2.2807347774505615
1.6899725198745728,3.4244048595428467,2.2807347774505615
1.6883385181427002,3.4245829582214355,2.2823777198791504
1.6883385181427002,3.4245829582214355,2.2823777198791504
1.688225507736206,3.423814296722412,2.2820160388946533
1.6883476972579956,3.4238245487213135,2.2833213806152344
1.685905933380127,3.426743268966675,2.2794339656829834
1.6848381757736206,3.4281458854675293,2.2780888080596924
1.6848381757736206,3.4281458854675293,2.2780888080596924
1.6831072568893433,3.431826114654541,2.272555351257324
1.6831072568893433,3.431826114654541,2.272555351257324
1.682349443435669,3.4346795082092285,2.2682666778564453
1.6808924674987793,3.4375112056732178,2.2669849395751953
1.6793071031570435,3.4406635761260986,2.264388084411621
1.6784573793411255,3.4426989555358887,2.2630655765533447
1.6784573793411255,3.4426989555358887,2.2630655765533447
1.6773269176483154,3.4461007118225098,2.2618539333343506
1.67757248878479,3.447510242462158,2.259450912475586
1.67757248878479,3.447510242462158,2.259450912475586
1.677902102470398,3.447397470474243,2.2601375579833984
1.6781264543533325,3.4470889568328857,2.262345790863037
1.6781264543533325,3.4470889568328857,2.262345790863037
1.6784250736236572,3.4458861351013184,2.265631914138794
1.6787546873092651,3.4436087608337402,2.2679102420806885
1.6787546873092651,3.4436087608337402,2.2679102420806885
1.6787456274032593,3.4436259269714355,2.2680630683898926
1.678388237953186,3.4435343742370605,2.267976999282837
1.6779166460037231,3.4429686069488525,2.2672665119171143
1.677610993385315,3.4424753189086914,2.266930341720581
1.676990032196045,3.4427850246429443,2.2670440673828125
1.6755547523498535,3.4436841011047363,2.2671823501586914
1.6744869947433472,3.444819927215576,2.2675859928131104
1.6743388175964355,3.444495439529419,2.267070770263672
1.67433500289917,3.4444353580474854,2.26676082611084
1.6736592054367065,3.4453089237213135,2.267206907272339
1.6736592054367065,3.4453089237213135,2.267206907272339
1.6730353832244873,3.4463083744049072,2.2666850090026855
1.6720527410507202,3.4482388496398926,2.264197587966919
1.6720527410507202,3.4482388496398926,2.264197587966919
1.671180248260498,3.4507534503936768,2.2615058422088623
1.671180248260498,3.4507534503936768,2.2615058422088623
1.6697094440460205,3.4527249336242676,2.2597250938415527
1.6686967611312866,3.454860210418701,2.2575666904449463
1.6680964231491089,3.4556219577789307,2.257328748703003
1.6680964231491089,3.4556219577789307,2.257328748703003
1.669018268585205,3.4539566040039062,2.255544424057007
1.669018268585205,3.4539566040039062,2.255544424057007
1.669066071510315,3.4539620876312256,2.2567334175109863
1.6689709424972534,3.4535083770751953,2.2566885948181152
1.6689709424972534,3.4535083770751953,2.2566885948181152
1.6687824726104736,3.4529871940612793,2.255887985229492
1.6696393489837646,3.4513490200042725,2.254603624343872
1.6696393489837646,3.4513490200042725,2.254603624343872
1.6692322492599487,3.4526689052581787,2.2513272762298584
1.667739987373352,3.4546713829040527,2.2488114833831787
1.6676270961761475,3.454819440841675,2.247748613357544
1.6675978899002075,3.454723834991455,2.247133255004883
1.6677829027175903,3.4547879695892334,2.246471405029297
1.6677829027175903,3.4547879695892334,2.246471405029297
1.6675763130187988,3.4561617374420166,2.244047164916992
1.6663544178009033,3.4577739238739014,2.2424662113189697
1.6663544178009033,3.4577739238739014,2.2424662113189697
1.665010929107666,3.459526300430298,2.239941358566284
1.6640506982803345,3.4605486392974854,2.2375776767730713
1.6647378206253052,3.459364652633667,2.2352964878082275
1.6654911041259766,3.4585890769958496,2.233454465866089
1.6654911041259766,3.4585890769958496,2.233454465866089
1.6647868156433105,3.4608190059661865,2.235153913497925
1.6642706394195557,3.461091995239258,2.2342934608459473
1.6638544797897339,3.46169376373291,2.233156442642212
1.6638544797897339,3.46169376373291,2.233156442642212
1.6647956371307373,3.461954355239868,2.2303833961486816
1.6650346517562866,3.4627747535705566,2.230652093887329
1.6648496389389038,3.4633936882019043,2.231682538986206
1.6656113862991333,3.4632084369659424,2.2308461666107178
1.6656113862991333,3.4632084369659424,2.2308461666107178
1.6663954257965088,3.4618735313415527,2.2316830158233643
1.6664037704467773,3.4619436264038086,2.2317419052124023
1.6660176515579224,3.4625184535980225,2.2315187454223633
1.6647757291793823,3.4644789695739746,2.2309811115264893
1.6641149520874023,3.4654500484466553,2.2306056022644043
1.6641149520874023,3.4654500484466553,2.2306056022644043
1.6643331050872803,3.4653334617614746,2.229074478149414
1.6645114421844482,3.4647414684295654,2.230111837387085
1.6642169952392578,3.4647135734558105,2.230670928955078
1.6642169952392578,3.4647135734558105,2.230670928955078
1.662142276763916,3.467128276824951,2.231627941131592
1.6605710983276367,3.4688541889190674,2.2306032180786133
1.6605710983276367,3.4688541889190674,2.2306032180786133
1.660894513130188,3.469498634338379,2.229466676712036
1.660894513130188,3.469498634338379,2.229466676712036
1.6606985330581665,3.4693408012390137,2.2300641536712646
1.6600903272628784,3.4699299335479736,2.23105788230896
1.6580719947814941,3.470705032348633,2.230024814605713
1.6572375297546387,3.47244930267334,2.230278491973877
1.6562446355819702,3.4738402366638184,2.2295970916748047
1.6562446355819702,3.4738402366638184,2.2295970916748047
1.6553668975830078,3.475168466567993,2.229569435119629
1.6546698808670044,3.4759113788604736,2.2298672199249268
1.6546698808670044,3.4759113788604736,2.2298672199249268
1.654279112815857,3.4763734340667725,2.22991681098938
1.65451979637146,3.4765725135803223,2.2295804023742676
1.65451979637146,3.4765725135803223,2.2295804023742676
1.6533492803573608,3.4789228439331055,2.229480743408203
1.651463508605957,3.4816462993621826,2.230684757232666
1.6506284475326538,3.4829797744750977,2.2286949157714844
1.6506284475326538,3.4829797744750977,2.2286949157714844
1.6495097875595093,3.484299898147583,2.2257492542266846
1.648860216140747,3.4844400882720947,2.225130558013916
1.648860216140747,3.4844400882720947,2.225130558013916
1.6488502025604248,3.4835612773895264,2.2250778675079346
1.6490284204483032,3.483018159866333,2.224259376525879
1.6488182544708252,3.4833712577819824,2.223055601119995
1.6488182544708252,3.4833712577819824,2.223055601119995
1.6459323167800903,3.4850831031799316,2.2207276821136475
1.6456323862075806,3.486497163772583,2.2199902534484863
1.6465178728103638,3.485910415649414,2.2179410457611084
1.6465178728103638,3.485910415649414,2.2179410457611084
1.6472240686416626,3.485365152359009,2.218080759048462
1.6475642919540405,3.4847662448883057,2.2191271781921387
1.6477113962173462,3.4843661785125732,2.2202906608581543
1.6476200819015503,3.485161781311035,2.2184693813323975
1.6476200819015503,3.485161781311035,2.2184693813323975
1.647199273109436,3.485642433166504,2.21506404876709
1.646988868713379,3.4859519004821777,2.2133400440216064
1.6465102434158325,3.4870409965515137,2.2105915546417236
1.646654725074768,3.4874114990234375,2.2104578018188477
1.646654725074768,3.4874114990234375,2.2104578018188477
1.647159218788147,3.4874942302703857,2.209677219390869
1.647159218788147,3.4874942302703857,2.209677219390869
1.6470352411270142,3.488536834716797,2.2080745697021484
1.6466974020004272,3.490025281906128,2.2078332901000977
1.6466974020004272,3.490025281906128,2.2078332901000977
1.647003173828125,3.491511344909668,2.206394672393799
1.647312879562378,3.4928910732269287,2.2036006450653076
1.647312879562378,3.4928910732269287,2.2036006450653076
1.6468706130981445,3.495225667953491,2.20215106010437
1.6468706130981445,3.495225667953491,2.20215106010437
1.6445250511169434,3.4985580444335938,2.199310541152954
1.6448276042938232,3.4988012313842773,2.197314977645874
1.6457183361053467,3.4979310035705566,2.1963694095611572
1.6457183361053467,3.4979310035705566,2.1963694095611572
1.6464170217514038,3.4979777336120605,2.1952505111694336
1.6463793516159058,3.4983084201812744,2.1951990127563477
1.6454633474349976,3.497605800628662,2.1962625980377197
1.6454633474349976,3.497605800628662,2.1962625980377197
1.645051121711731,3.497821807861328,2.19606351852417
1.644997000694275,3.49776554107666,2.194208860397339
1.6438875198364258,3.4991085529327393,2.1921133995056152
1.6420252323150635,3.5012636184692383,2.19062876701355
1.6420252323150635,3.5012636184692383,2.19062876701355
1.6397454738616943,3.5016417503356934,2.1875243186950684
1.6397204399108887,3.501641273498535,2.1856133937835693
1.6396327018737793,3.501573324203491,2.185148000717163
1.6389882564544678,3.5015690326690674,2.1857519149780273
1.6389882564544678,3.5015690326690674,2.1857519149780273
1.6376177072525024,3.50227689743042,2.1866207122802734
1.6376276016235352,3.502289295196533,2.1858701705932617
1.6377203464508057,3.5018343925476074,2.184457302093506
1.6377203464508057,3.5018343925476074,2.184457302093506
1.6373002529144287,3.5031845569610596,2.184626817703247
1.6369266510009766,3.5036115646362305,2.18513822555542
1.636763095855713,3.5036637783050537,2.1867125034332275
1.6377809047698975,3.502894401550293,2.1887290477752686
1.6377809047698975,3.502894401550293,2.1887290477752686
1.6393800973892212,3.501420259475708,2.1897268295288086
1.6394237279891968,3.5015127658843994,2.189856767654419
1.6371090412139893,3.504776954650879,2.1889467239379883
1.6371090412139893,3.504776954650879,2.1889467239379883
1.6353092193603516,3.507293224334717,2.1867053508758545
1.6350451707839966,3.5079333782196045,2.1842379570007324
1.6350451707839966,3.5079333782196045,2.1842379570007324
1.6348614692687988,3.509018659591675,2.1819145679473877
1.6338019371032715,3.509709358215332,2.186284065246582
1.6333450078964233,3.5100553035736084,2.1859538555145264
1.6333450078964233,3.5100553035736084,2.1859538555145264
1.6323738098144531,3.5119516849517822,2.1831984519958496
1.6318241357803345,3.5127909183502197,2.1820366382598877
1.6307913064956665,3.5136866569519043,2.1807029247283936
1.6307913064956665,3.5136866569519043,2.1807029247283936
1.6288843154907227,3.5154919624328613,2.179560422897339
1.6288843154907227,3.5154919624328613,2.179560422897339
1.6283537149429321,3.51570987701416,2.1790904998779297
1.628182291984558,3.5146734714508057,2.1811349391937256
1.628182291984558,3.5146734714508057,2.1811349391937256
1.6274454593658447,3.5155088901519775,2.1812124252319336
1.6262264251708984,3.5170342922210693,2.1812992095947266
1.6262264251708984,3.5170342922210693,2.1812992095947266
1.627396583557129,3.515862464904785,2.1789956092834473
1.6278573274612427,3.515589714050293,2.1791861057281494
1.6275819540023804,3.516066551208496,2.1804893016815186
1.6265507936477661,3.5175788402557373,2.1805002689361572
1.6265507936477661,3.5175788402557373,2.1805002689361572
1.6264184713363647,3.5183377265930176,2.1791024208068848
1.6270205974578857,3.5178894996643066,2.178037643432617
1.6281431913375854,3.5167033672332764,2.177773952484131
1.6281431913375854,3.5167033672332764,2.177773952484131
1.6284981966018677,3.5170681476593018,2.1767547130584717
1.628456711769104,3.5179638862609863,2.175633430480957
1.628456711769104,3.5179638862609863,2.175633430480957
1.6280255317687988,3.5190987586975098,2.17394757270813
1.6274892091751099,3.5208516120910645,2.172199249267578
1.6266660690307617,3.5229053497314453,2.1709673404693604
1.6266660690307617,3.5229053497314453,2.1709673404693604
1.6260368824005127,3.5247833728790283,2.1691701412200928
1.6277871131896973,3.5235273838043213,2.1667320728302
1.6277871131896973,3.5235273838043213,2.1667320728302
1.6279698610305786,3.5237486362457275,2.1667869091033936
1.6273536682128906,3.523743152618408,2.166114568710327
1.6264456510543823,3.5251781940460205,2.1657662391662598
1.6264456510543823,3.5251781940460205,2.1657662391662598
1.626039743423462,3.52563214302063,2.162799596786499
1.6256927251815796,3.525397539138794,2.1606693267822266
1.6256927251815796,3.525397539138794,2.1606693267822266
1.6255629062652588,3.525113105773926,2.1607747077941895
1.6255629062652588,3.525113105773926,2.1607747077941895
1.6236780881881714,3.5255138874053955,2.1592915058135986
1.6236780881881714,3.5255138874053955,2.1592915058135986
1.6217269897460938,3.527521848678589,2.15578556060791
1.6217269897460938,3.527521848678589,2.15578556060791
1.6191338300704956,3.5309908390045166,2.1521682739257812
1.6184883117675781,3.53216290473938,2.15079665184021
1.618693470954895,3.531756639480591,2.1487603187561035
1.618693470954895,3.531756639480591,2.1487603187561035
1.6189874410629272,3.531024932861328,2.14847731590271
1.6189874410629272,3.531024932861328,2.14847731590271
1.6167895793914795,3.5339436531066895,2.1484830379486084
1.6164377927780151,3.5345618724823,2.1483592987060547
1.61545729637146,3.5360686779022217,2.145289182662964
1.615294337272644,3.536761522293091,2.144101142883301
1.6152896881103516,3.5366039276123047,2.143514394760132
1.6152896881103516,3.5366039276123047,2.143514394760132
1.6156277656555176,3.536755323410034,2.1449880599975586
1.6156277656555176,3.536755323410034,2.1449880599975586
1.6164343357086182,3.5347907543182373,2.147228240966797
1.6164343357086182,3.5347907543182373,2.147228240966797
1.61719810962677,3.5336458683013916,2.1481478214263916
1.6161943674087524,3.534573554992676,2.1482391357421875
1.6161943674087524,3.534573554992676,2.1482391357421875
1.615148901939392,3.535494804382324,2.1493968963623047
1.6157935857772827,3.5350589752197266,2.1497058868408203
1.6165900230407715,3.534067392349243,2.1492836475372314
1.6166377067565918,3.534464120864868,2.1528635025024414
1.6166377067565918,3.534464120864868,2.1528635025024414
1.6156541109085083,3.534438133239746,2.153237819671631
1.6156541109085083,3.534438133239746,2.153237819671631
1.6148533821105957,3.5354979038238525,2.1533849239349365
1.6139819622039795,3.5366547107696533,2.1511964797973633
1.6138728857040405,3.5371298789978027,2.1504924297332764
1.6138728857040405,3.5371298789978027,2.1504924297332764
1.6133322715759277,3.5385241508483887,2.149907350540161
1.6133118867874146,3.539210796356201,2.1497385501861572
1.6133118867874146,3.539210796356201,2.1497385501861572
1.6134713888168335,3.5398850440979004,2.149142265319824
1.6127917766571045,3.541639804840088,2.1479756832122803
1.6125781536102295,3.5421881675720215,2.1471762657165527
1.6121177673339844,3.542936086654663,2.1470084190368652
1.6121177673339844,3.542936086654663,2.1470084190368652
1.612747073173523,3.541778564453125,2.1446456909179688
1.612747073173523,3.541778564453125,2.1446456909179688
1.6137635707855225,3.5412588119506836,2.1446163654327393
1.6137635707855225,3.5412588119506836,2.1446163654327393
1.613446593284607,3.5419299602508545,2.1444220542907715
1.6122262477874756,3.5426201820373535,2.1428210735321045
1.6122262477874756,3.5426201820373535,2.1428210735321045
1.612719178199768,3.5413787364959717,2.141090154647827
1.6128144264221191,3.5411159992218018,2.1431610584259033
1.6129471063613892,3.5411829948425293,2.1435952186584473
1.6129471063613892,3.5411829948425293,2.1435952186584473
1.613365650177002,3.5407798290252686,2.1431546211242676
1.612997055053711,3.540999412536621,2.141238212585449
1.612997055053711,3.540999412536621,2.141238212585449
1.613208532333374,3.541618585586548,2.14021372795105
1.6130902767181396,3.541734457015991,2.1394565105438232
1.6130902767181396,3.541734457015991,2.1394565105438232
1.6122758388519287,3.543405771255493,2.1394546031951904
1.6131757497787476,3.542661190032959,2.137883186340332
1.6131757497787476,3.542661190032959,2.137883186340332
1.6136462688446045,3.542081832885742,2.1378626823425293
1.6122746467590332,3.543252944946289,2.1376760005950928
1.6117233037948608,3.544069766998291,2.1376800537109375
1.6117233037948608,3.544069766998291,2.1376800537109375
1.6121923923492432,3.543196678161621,2.138414144515991
1.6121923923492432,3.543196678161621,2.138414144515991
1.614366054534912,3.540809392929077,2.1386349201202393
1.6148804426193237,3.5407824516296387,2.139228343963623
1.6144875288009644,3.5421359539031982,2.140939712524414
1.6144875288009644,3.5421359539031982,2.140939712524414
1.6150883436203003,3.5427045822143555,2.139911413192749
1.6150883436203003,3.5427045822143555,2.139911413192749
1.614907145500183,3.543868064880371,2.1363561153411865
1.6137052774429321,3.5456995964050293,2.135145902633667
1.6137052774429321,3.5456995964050293,2.135145902633667
1.6110711097717285,3.5493323802948,2.131466865539551
1.611573576927185,3.549917697906494,2.1260955333709717
1.611573576927185,3.549917697906494,2.1260955333709717
1.613046407699585,3.549346923828125,2.126572608947754
1.613046407699585,3.549346923828125,2.126572608947754
1.6121816635131836,3.5497987270355225,2.129453659057617
1.6121816635131836,3.5497987270355225,2.129453659057617
1.612687587738037,3.548733711242676,2.132047653198242
1.6141542196273804,3.5469088554382324,2.1318180561065674
1.6141542196273804,3.5469088554382324,2.1318180561065674
1.6144903898239136,3.546372652053833,2.1319074630737305
1.6147050857543945,3.5459976196289062,2.132232904434204
1.6139681339263916,3.546099901199341,2.1318812370300293
1.6139681339263916,3.546099901199341,2.1318812370300293
1.6142302751541138,3.545147657394409,2.133242130279541
1.6143407821655273,3.5447845458984375,2.133316993713379
1.6140140295028687,3.545048952102661,2.1326406002044678
1.6131007671356201,3.5453970432281494,2.132692575454712
1.6129059791564941,3.54533052444458,2.133307933807373
1.6129059791564941,3.54533052444458,2.133307933807373
1.614286184310913,3.5429446697235107,2.133056402206421
1.614286184310913,3.5429446697235107,2.133056402206421
1.6141204833984375,3.5434415340423584,2.133835792541504
1.6141204833984375,3.5434415340423584,2.133835792541504
1.6120275259017944,3.5454118251800537,2.134834051132202
1.6114304065704346,3.545830488204956,2.1325156688690186
1.6114304065704346,3.545830488204956,2.1325156688690186
1.6114648580551147,3.5456464290618896,2.132815361022949
1.6113615036010742,3.5461223125457764,2.1330626010894775
1.6113615036010742,3.5461223125457764,2.1330626010894775
1.6106617450714111,3.547269582748413,2.133300304412842
1.6105350255966187,3.5482704639434814,2.132601022720337
1.609179973602295,3.5509555339813232,2.12931489944458
1.609179973602295,3.5509555339813232,2.12931489944458
1.6072781085968018,3.55381441116333,2.127385377883911
1.6052448749542236,3.5567002296447754,2.1268575191497803
1.6052448749542236,3.5567002296447754,2.1268575191497803
1.6061071157455444,3.555495500564575,2.1262826919555664
1.6074024438858032,3.5539424419403076,2.1254470348358154
1.6074024438858032,3.5539424419403076,2.1254470348358154
1.6073827743530273,3.5537874698638916,2.1280128955841064
1.6073827743530273,3.5537874698638916,2.1280128955841064
1.6068977117538452,3.553915023803711,2.127479076385498
1.6067919731140137,3.5544211864471436,2.125746488571167
1.6067780256271362,3.5546507835388184,2.1250967979431152
1.6067780256271362,3.5546507835388184,2.1250967979431152
1.6066666841506958,3.5548930168151855,2.125948905944824
1.6069175004959106,3.5545339584350586,2.1260578632354736
1.6069175004959106,3.5545339584350586,2.1260578632354736
1.6074868440628052,3.554702043533325,2.1239988803863525
1.6052287817001343,3.557176351547241,2.1231915950775146
1.6052287817001343,3.557176351547241,2.1231915950775146
1.6048927307128906,3.557619333267212,2.1218936443328857
1.6053370237350464,3.5571064949035645,2.1205508708953857
1.6053370237350464,3.5571064949035645,2.1205508708953857
1.6060470342636108,3.556821346282959,2.1182291507720947
1.6046353578567505,3.5585806369781494,2.117310047149658
1.6046353578567505,3.5585806369781494,2.117310047149658
1.603414535522461,3.560030221939087,2.116935968399048
1.604141116142273,3.5593183040618896,2.116764545440674
1.6055346727371216,3.5578598976135254,2.1167328357696533
1.6055346727371216,3.5578598976135254,2.1167328357696533
1.6058145761489868,3.5574111938476562,2.117414951324463
1.6057178974151611,3.558089017868042,2.1179614067077637
1.6059271097183228,3.5580339431762695,2.117478609085083
1.6065367460250854,3.558467149734497,2.1177587509155273
1.6065367460250854,3.558467149734497,2.1177587509155273
1.6051684617996216,3.5604910850524902,2.116830587387085
1.6048682928085327,3.5610883235931396,2.1160342693328857
1.6043760776519775,3.5624797344207764,2.112943410873413
1.6043760776519775,3.5624797344207764,2.112943410873413
1.6050643920898438,3.5623555183410645,2.1108150482177734
1.6050643920898438,3.5623555183410645,2.1108150482177734
1.6048308610916138,3.563593626022339,2.111920118331909
1.60483717918396,3.5643632411956787,2.113116502761841
1.60483717918396,3.5643632411956787,2.113116502761841
1.605124831199646,3.5641064643859863,2.1136765480041504
1.6057209968566895,3.5635464191436768,2.1145358085632324
1.6057209968566895,3.5635464191436768,2.1145358085632324
1.6060442924499512,3.5633859634399414,2.115100383758545
1.6046870946884155,3.564563274383545,2.113569974899292
1.6046870946884155,3.564563274383545,2.113569974899292
1.6041749715805054,3.56479549407959,2.112823247909546
1.6037827730178833,3.565431833267212,2.1120200157165527
1.6037827730178833,3.565431833267212,2.1120200157165527
1.6019561290740967,3.5681192874908447,2.1096365451812744
1.6019561290740967,3.5681192874908447,2.1096365451812744
1.5999888181686401,3.570014715194702,2.109541654586792
1.5997045040130615,3.5707526206970215,2.1079659461975098
1.5996230840682983,3.5701980590820312,2.1067373752593994
1.5995399951934814,3.569307804107666,2.1101746559143066
1.59929358959198,3.5694799423217773,2.1116840839385986
1.59929358959198,3.5694799423217773,2.1116840839385986
1.5990310907363892,3.5684778690338135,2.1112780570983887
1.5987378358840942,3.568791627883911,2.1086549758911133
1.5987378358840942,3.568791627883911,2.1086549758911133
1.5971429347991943,3.57088041305542,2.107011556625366
1.5970141887664795,3.5710389614105225,2.108394145965576
1.5973979234695435,3.570162057876587,2.109361171722412
1.5973049402236938,3.5690255165100098,2.1068484783172607
1.5973049402236938,3.5690255165100098,2.1068484783172607
1.5965527296066284,3.5692317485809326,2.1074650287628174
1.5965527296066284,3.5692317485809326,2.1074650287628174
1.5958216190338135,3.570167303085327,2.1092875003814697
1.5958216190338135,3.570167303085327,2.1092875003814697
1.596356749534607,3.5698559284210205,2.1083014011383057
1.59434974193573,3.5726754665374756,2.108558177947998
1.59434974193573,3.5726754665374756,2.108558177947998
1.594345211982727,3.572587013244629,2.1066598892211914
1.594345211982727,3.572587013244629,2.1066598892211914
1.5950132608413696,3.5718047618865967,2.1059558391571045
1.5961910486221313,3.570688486099243,2.1081507205963135
1.5961910486221313,3.570688486099243,2.1081507205963135
1.5959107875823975,3.5708305835723877,2.11076283454895
1.5967992544174194,3.5698461532592773,2.109260082244873
1.5967992544174194,3.5698461532592773,2.109260082244873
1.5948350429534912,3.5720303058624268,2.107729434967041
1.5935288667678833,3.5738120079040527,2.1074564456939697
1.5919914245605469,3.5755209922790527,2.105875015258789
1.5920727252960205,3.5748515129089355,2.1046152114868164
1.5920727252960205,3.5748515129089355,2.1046152114868164
1.5927320718765259,3.574033498764038,2.104414701461792
1.5927320718765259,3.574033498764038,2.104414701461792
1.5903987884521484,3.57668137550354,2.106651544570923
1.5903987884521484,3.57668137550354,2.106651544570923
1.590107798576355,3.576352119445801,2.103761672973633
1.5898044109344482,3.5763919353485107,2.1012942790985107
1.5892696380615234,3.5766453742980957,2.1000680923461914
1.5891237258911133,3.5761642456054688,2.0990641117095947
1.5891237258911133,3.5761642456054688,2.0990641117095947
1.5892333984375,3.5752594470977783,2.0988543033599854
1.5898667573928833,3.573654890060425,2.0979108810424805
1.5898667573928833,3.573654890060425,2.0979108810424805
1.5892447233200073,3.57452130317688,2.0986647605895996
1.5891823768615723,3.5744619369506836,2.0984246730804443
1.5898444652557373,3.5735902786254883,2.097553253173828
1.5898444652557373,3.5735902786254883,2.097553253173828
1.591644048690796,3.571709394454956,2.0967588424682617
1.591402530670166,3.5719754695892334,2.0969724655151367
1.5900793075561523,3.5730628967285156,2.098144292831421
1.5900793075561523,3.5730628967285156,2.098144292831421
1.5864880084991455,3.5771842002868652,2.094325304031372
1.586069107055664,3.577887773513794,2.091421365737915
1.586069107055664,3.577887773513794,2.091421365737915
1.5848277807235718,3.5800726413726807,2.089611291885376
1.5848277807235718,3.5800726413726807,2.089611291885376
1.5838514566421509,3.5816755294799805,2.091034412384033
1.5837388038635254,3.5825610160827637,2.0897462368011475
1.5837388038635254,3.5825610160827637,2.0897462368011475
1.5830858945846558,3.5842902660369873,2.08874249458313
1.5812288522720337,3.5874452590942383,2.0866622924804688
1.5806776285171509,3.5890376567840576,2.0859298706054688
1.5806776285171509,3.5890376567840576,2.0859298706054688
1.5814658403396606,3.5889933109283447,2.083303451538086
1.5814658403396606,3.5889933109283447,2.083303451538086
1.5815420150756836,3.589763879776001,2.081772565841675
1.5798041820526123,3.590353012084961,2.081749677658081
1.5798041820526123,3.590353012084961,2.081749677658081
1.5798060894012451,3.5898635387420654,2.0812413692474365
1.5798060894012451,3.5898635387420654,2.0812413692474365
1.5799083709716797,3.5890188217163086,2.0799553394317627
1.5801525115966797,3.5882816314697266,2.079899311065674
1.5801525115966797,3.5882816314697266,2.079899311065674
1.5804835557937622,3.58733868598938,2.080465078353882
1.5804922580718994,3.58652925491333,2.080658197402954
1.5804922580718994,3.58652925491333,2.080658197402954
1.5810291767120361,3.58520245552063,2.0802974700927734
1.5806448459625244,3.5847461223602295,2.0801756381988525
1.5806448459625244,3.5847461223602295,2.0801756381988525
1.580009937286377,3.586134195327759,2.080777883529663
1.5788918733596802,3.5875213146209717,2.079638957977295
1.5793474912643433,3.587103843688965,2.079195976257324
1.579091191291809,3.5873286724090576,2.0799527168273926
1.5786303281784058,3.588791608810425,2.0803182125091553
1.5786303281784058,3.588791608810425,2.0803182125091553
1.5779699087142944,3.5913984775543213,2.0791585445404053
1.5776889324188232,3.5932817459106445,2.077087640762329
1.5776889324188232,3.5932817459106445,2.077087640762329
1.5768661499023438,3.595872163772583,2.0754780769348145
1.5765589475631714,3.596946954727173,2.076359510421753
1.5769217014312744,3.5960919857025146,2.076324701309204
1.5774897336959839,3.596144437789917,2.07673978805542
1.5764403343200684,3.5965933799743652,2.0776610374450684
1.5764403343200684,3.5965933799743652,2.0776610374450684
1.575257658958435,3.5966997146606445,2.0785841941833496
1.575257658958435,3.5966997146606445,2.0785841941833496
1.5740889310836792,3.597827911376953,2.076829433441162
1.5740889310836792,3.597827911376953,2.076829433441162
1.5728541612625122,3.5987610816955566,2.0761969089508057
1.5713533163070679,3.5990281105041504,2.0756378173828125
1.5713533163070679,3.5990281105041504,2.0756378173828125
1.5700247287750244,3.5988168716430664,2.0759646892547607
1.5684196949005127,3.5995066165924072,2.0756561756134033
1.5684196949005127,3.5995066165924072,2.0756561756134033
1.5665441751480103,3.601041078567505,2.074202299118042
1.5665441751480103,3.601041078567505,2.074202299118042
1.5659559965133667,3.6016013622283936,2.0700995922088623
1.565449833869934,3.6022322177886963,2.06913423538208
1.5653489828109741,3.602118730545044,2.068455934524536
1.5653489828109741,3.602118730545044,2.068455934524536
1.56443190574646,3.60318660736084,2.0676310062408447
1.56443190574646,3.60318660736084,2.0676310062408447
1.5637503862380981,3.6051881313323975,2.0655195713043213
1.5632271766662598,3.6065495014190674,2.0621793270111084
1.5628225803375244,3.607173204421997,2.0606818199157715
1.5628225803375244,3.607173204421997,2.0606818199157715
1.5612051486968994,3.6104750633239746,2.060171604156494
1.5611321926116943,3.6119213104248047,2.0582001209259033
1.5609922409057617,3.6124930381774902,2.056626558303833
1.5609922409057617,3.6124930381774902,2.056626558303833
1.5603792667388916,3.6144542694091797,2.0555520057678223
1.5594873428344727,3.6158366203308105,2.0553433895111084
1.5596139430999756,3.6155917644500732,2.053135633468628
1.5596139430999756,3.6155917644500732,2.053135633468628
1.560273289680481,3.6151463985443115,2.0524330139160156
1.5609077215194702,3.614853858947754,2.052396774291992
1.5609077215194702,3.614853858947754,2.052396774291992
1.5612361431121826,3.6150803565979004,2.05302357673645
1.5616662502288818,3.614246129989624,2.0518290996551514
1.5616662502288818,3.614246129989624,2.0518290996551514
1.5621012449264526,3.6133999824523926,2.0502490997314453
1.5617812871932983,3.61311936378479,2.0494508743286133
1.5617812871932983,3.61311936378479,2.0494508743286133
1.5603450536727905,3.614103078842163,2.0455093383789062
1.558685064315796,3.6158993244171143,2.0442392826080322
1.5590782165527344,3.6153533458709717,2.043130874633789
1.5590782165527344,3.6153533458709717,2.043130874633789
1.559926152229309,3.61521315574646,2.04002046585083
1.559435486793518,3.616084337234497,2.039804697036743
1.559435486793518,3.616084337234497,2.039804697036743
1.5580428838729858,3.617799997329712,2.040879249572754
1.5580428838729858,3.617799997329712,2.040879249572754
1.5576367378234863,3.6174819469451904,2.040053606033325
1.557735562324524,3.61625337600708,2.0405335426330566
1.5579205751419067,3.615510940551758,2.0411946773529053
1.5582480430603027,3.614046812057495,2.042537212371826
1.5582480430603027,3.614046812057495,2.042537212371826
1.558223843574524,3.612874984741211,2.043508768081665
1.558223843574524,3.612874984741211,2.043508768081665
1.5582233667373657,3.6118812561035156,2.0433590412139893
1.555571436882019,3.6150283813476562,2.0421602725982666
1.5534217357635498,3.6176071166992188,2.041736364364624
1.552898645401001,3.617814302444458,2.04118275642395
1.552898645401001,3.617814302444458,2.04118275642395
1.5533058643341064,3.6176841259002686,2.0402445793151855
1.5533058643341064,3.6176841259002686,2.0402445793151855
1.553194522857666,3.618727207183838,2.0430288314819336
1.5527124404907227,3.6195898056030273,2.044299840927124
1.5523924827575684,3.6212069988250732,2.0450565814971924
1.5523796081542969,3.6219215393066406,2.0446643829345703
1.5523796081542969,3.6219215393066406,2.0446643829345703
1.5521858930587769,3.6228251457214355,2.0450258255004883
1.5521858930587769,3.6228251457214355,2.0450258255004883
1.5527887344360352,3.622368335723877,2.0470778942108154
1.5527887344360352,3.622368335723877,2.0470778942108154
1.5539008378982544,3.6208698749542236,2.04805064201355
1.5540257692337036,3.6196837425231934,2.0476465225219727
1.5540257692337036,3.6196837425231934,2.0476465225219727
1.5529342889785767,3.6205482482910156,2.0481014251708984
1.5528035163879395,3.6204404830932617,2.048046350479126
1.554662823677063,3.6176748275756836,2.046785831451416
1.554662823677063,3.6176748275756836,2.046785831451416
1.5554254055023193,3.616774797439575,2.0471699237823486
1.5554254055023193,3.616774797439575,2.0471699237823486
1.553052306175232,3.6201975345611572,2.047123432159424
1.5532037019729614,3.6203465461730957,2.0447657108306885
1.5529990196228027,3.6205766201019287,2.0429527759552
1.5529990196228027,3.6205766201019287,2.0429527759552
1.553391695022583,3.6204617023468018,2.0423569679260254
1.5538980960845947,3.6196959018707275,2.0420236587524414
1.553882122039795,3.6196401119232178,2.041210651397705
1.5538455247879028,3.6204700469970703,2.040144920349121
1.5538455247879028,3.6204700469970703,2.040144920349121
1.5522582530975342,3.6233952045440674,2.0358095169067383
1.5522582530975342,3.6233952045440674,2.0358095169067383
1.550307035446167,3.6259875297546387,2.034240484237671
1.550307035446167,3.6259875297546387,2.034240484237671
1.5496596097946167,3.6253626346588135,2.034231424331665
1.5496596097946167,3.6253626346588135,2.034231424331665
1.5517693758010864,3.6234333515167236,2.0325465202331543
1.5518685579299927,3.6240885257720947,2.033606767654419
1.5518685579299927,3.6240885257720947,2.033606767654419
1.5508404970169067,3.6249351501464844,2.034986972808838
1.550224781036377,3.6254634857177734,2.034425735473633
1.5494550466537476,3.626450777053833,2.0330252647399902
1.5492820739746094,3.6263394355773926,2.0308339595794678
1.5492820739746094,3.6263394355773926,2.0308339595794678
1.548715353012085,3.626481056213379,2.0316202640533447
1.54937744140625,3.626317262649536,2.032667636871338
1.549367070198059,3.626420021057129,2.032770872116089
1.549367070198059,3.626420021057129,2.032770872116089
1.5496513843536377,3.6267924308776855,2.0328824520111084
1.5485254526138306,3.6287381649017334,2.030473232269287
1.546550989151001,3.6312906742095947,2.0302765369415283
1.546550989151001,3.6312906742095947,2.0302765369415283
1.5469560623168945,3.63124418258667,2.030005931854248
1.548600196838379,3.6297738552093506,2.0282936096191406
1.548600196838379,3.6297738552093506,2.0282936096191406
1.5485374927520752,3.630094051361084,2.0290322303771973
1.5485374927520752,3.630094051361084,2.0290322303771973
1.5465679168701172,3.632448673248291,2.028914451599121
1.5456702709197998,3.633186101913452,2.0263473987579346
1.5456702709197998,3.633186101913452,2.0263473987579346
1.5458180904388428,3.6329808235168457,2.024513006210327
1.5455058813095093,3.6331870555877686,2.0258538722991943
1.5455058813095093,3.6331870555877686,2.0258538722991943
1.5463426113128662,3.632389783859253,2.0282349586486816
1.5470290184020996,3.631232261657715,2.028704881668091
1.5470290184020996,3.631232261657715,2.028704881668091
1.5468295812606812,3.6312267780303955,2.028705596923828
1.5464059114456177,3.6309876441955566,2.0296711921691895
1.5464059114456177,3.6309876441955566,2.0296711921691895
1.5451737642288208,3.6318938732147217,2.0303902626037598
1.5441814661026,3.6325926780700684,2.0309805870056152
1.5441814661026,3.6325926780700684,2.0309805870056152
1.543593168258667,3.63344669342041,2.029691457748413
1.543593168258667,3.63344669342041,2.029691457748413
1.5379809141159058,3.6396026611328125,2.0262537002563477
1.5379809141159058,3.6396026611328125,2.0262537002563477
1.5329689979553223,3.645510673522949,2.021085500717163
1.5310803651809692,3.647533416748047,2.0197033882141113
1.5310803651809692,3.647533416748047,2.0197033882141113
1.5313674211502075,3.6472723484039307,2.020059108734131
1.5317178964614868,3.6472434997558594,2.020714282989502
1.5317178964614868,3.6472434997558594,2.020714282989502
1.5318167209625244,3.647528648376465,2.0211288928985596
1.5306655168533325,3.6493313312530518,2.020465135574341
1.5306655168533325,3.6493313312530518,2.020465135574341
1.5309746265411377,3.6494534015655518,2.0207021236419678
1.532275915145874,3.648390769958496,2.0208799839019775
1.5327128171920776,3.6479883193969727,2.0208752155303955
1.5327128171920776,3.6479883193969727,2.0208752155303955
1.5327742099761963,3.648453712463379,2.0220999717712402
1.5332480669021606,3.648988723754883,2.0202476978302
1.5332480669021606,3.648988723754883,2.0202476978302
1.5333127975463867,3.6496188640594482,2.018110513687134
1.53224515914917,3.651198148727417,2.018580913543701
1.53224515914917,3.651198148727417,2.018580913543701
1.5314984321594238,3.6520683765411377,2.017411708831787
1.5325119495391846,3.651024580001831,2.0163285732269287
1.5328295230865479,3.6508657932281494,2.0156800746917725
1.5328295230865479,3.6508657932281494,2.0156800746917725
1.5318483114242554,3.6511666774749756,2.0147414207458496
1.5310108661651611,3.652116060256958,2.013854503631592
1.5310108661651611,3.652116060256958,2.013854503631592
1.5313146114349365,3.6511728763580322,2.010291814804077
1.5313146114349365,3.6511728763580322,2.010291814804077
1.5320080518722534,3.6511948108673096,2.010819435119629
1.532548189163208,3.6505777835845947,2.0116405487060547
1.532548189163208,3.6505777835845947,2.0116405487060547
1.5328391790390015,3.6509218215942383,2.010314702987671
1.5328391790390015,3.6509218215942383,2.010314702987671
1.5321979522705078,3.6518912315368652,2.01092267036438
1.5313879251480103,3.6532201766967773,2.008575439453125
1.5313879251480103,3.6532201766967773,2.008575439453125
1.530630111694336,3.653679132461548,2.006762981414795
1.5300310850143433,3.6543941497802734,2.0065274238586426
1.5300310850143433,3.6543941497802734,2.0065274238586426
1.529314398765564,3.6553571224212646,2.004890203475952
1.5282717943191528,3.655305862426758,2.001772165298462
1.5282717943191528,3.655305862426758,2.001772165298462
1.5283234119415283,3.6546852588653564,2.000739574432373
1.5283042192459106,3.654000997543335,2.000835418701172
1.5283042192459106,3.654000997543335,2.000835418701172
1.5283573865890503,3.6536858081817627,2.0004050731658936
1.527772068977356,3.653015375137329,1.999452829360962
1.527772068977356,3.653015375137329,1.999452829360962
1.526756763458252,3.6541829109191895,1.9980722665786743
1.526507019996643,3.654510736465454,1.9978595972061157
1.5267030000686646,3.654083013534546,1.996279239654541
1.5267616510391235,3.654115676879883,1.9954413175582886
1.5267616510391235,3.654115676879883,1.9954413175582886
1.5264801979064941,3.655339479446411,1.9969805479049683
1.5262072086334229,3.656212329864502,1.9951672554016113
1.5262072086334229,3.656212329864502,1.9951672554016113
1.5258158445358276,3.6568527221679688,1.9942570924758911
1.5238902568817139,3.659433603286743,1.9941502809524536
1.5230239629745483,3.661046266555786,1.9920703172683716
1.5230239629745483,3.661046266555786,1.9920703172683716
1.5225932598114014,3.6622376441955566,1.990675449371338
1.5225932598114014,3.6622376441955566,1.990675449371338
1.5218878984451294,3.6638636589050293,1.9905579090118408
1.5207343101501465,3.6656606197357178,1.9907954931259155
1.5207343101501465,3.6656606197357178,1.9907954931259155
1.5185754299163818,3.667762041091919,1.9897290468215942
1.516358733177185,3.669304370880127,1.9893584251403809
1.516358733177185,3.669304370880127,1.9893584251403809
1.514575481414795,3.670888662338257,1.9896870851516724
1.514575481414795,3.670888662338257,1.9896870851516724
1.513372778892517,3.670999526977539,1.9900736808776855
1.513372778892517,3.670999526977539,1.9900736808776855
1.51298189163208,3.671447515487671,1.9907875061035156
1.5118427276611328,3.6725995540618896,1.991729974746704
1.5108213424682617,3.673659563064575,1.992021083831787
1.510614037513733,3.673834800720215,1.9914110898971558
1.510614037513733,3.673834800720215,1.9914110898971558
1.5102767944335938,3.6741082668304443,1.9904823303222656
1.5097182989120483,3.6745941638946533,1.99033784866333
1.5091192722320557,3.675290822982788,1.9899078607559204
1.5091192722320557,3.675290822982788,1.9899078607559204
1.509651780128479,3.6754202842712402,1.986711025238037
1.510156512260437,3.6757161617279053,1.9859081506729126
1.510156512260437,3.6757161617279053,1.9859081506729126
1.510118007659912,3.6762685775756836,1.985499620437622
1.5100663900375366,3.6765639781951904,1.985281229019165
1.5100663900375366,3.6765639781951904,1.985281229019165
1.5104204416275024,3.676692008972168,1.9850645065307617
1.510833978652954,3.6769587993621826,1.9839001893997192
1.5111935138702393,3.676875591278076,1.9830644130706787
1.5111935138702393,3.676875591278076,1.9830644130706787
1.511480450630188,3.6771581172943115,1.9823821783065796
1.511480450630188,3.6771581172943115,1.9823821783065796
1.5115631818771362,3.6781857013702393,1.9825127124786377
1.5117219686508179,3.6783437728881836,1.9817266464233398
1.5119142532348633,3.678060293197632,1.9815863370895386
1.5119142532348633,3.678060293197632,1.9815863370895386
1.5120946168899536,3.677058458328247,1.983298659324646
1.5116068124771118,3.677090644836426,1.9832688570022583
1.5116068124771118,3.677090644836426,1.9832688570022583
1.5117342472076416,3.676797389984131,1.98166823387146
1.511021614074707,3.676898717880249,1.980352759361267
1.510180115699768,3.6775786876678467,1.9788618087768555
1.5092098712921143,3.6789467334747314,1.9765281677246094
1.5092098712921143,3.6789467334747314,1.9765281677246094
1.5086473226547241,3.67877459526062,1.9748347997665405
1.5086473226547241,3.67877459526062,1.9748347997665405
1.5081264972686768,3.6790566444396973,1.9729937314987183
1.507775068283081,3.6785099506378174,1.972318172454834
1.50807523727417,3.678861618041992,1.9725667238235474
1.5082478523254395,3.678539276123047,1.971879005432129
1.5082478523254395,3.678539276123047,1.971879005432129
1.508327841758728,3.679208517074585,1.972294807434082
1.508029818534851,3.6797032356262207,1.9722459316253662
1.5079907178878784,3.680084705352783,1.971169352531433
1.5079907178878784,3.680084705352783,1.971169352531433
1.5077874660491943,3.6814708709716797,1.9695109128952026
1.507301688194275,3.6823623180389404,1.969082236289978
1.5059258937835693,3.6829171180725098,1.96749746799469
1.5059258937835693,3.6829171180725098,1.96749746799469
1.5052106380462646,3.683215379714966,1.9661107063293457
1.505448818206787,3.6828887462615967,1.965498685836792
1.505448818206787,3.6828887462615967,1.965498685836792
1.5048245191574097,3.684851884841919,1.9667900800704956
1.504275918006897,3.6856541633605957,1.9669183492660522
1.504275918006897,3.6856541633605957,1.9669183492660522
1.5042778253555298,3.685849905014038,1.9665480852127075
1.5036895275115967,3.686641216278076,1.966152548789978
1.5036895275115967,3.686641216278076,1.966152548789978
1.503498911857605,3.686875820159912,1.966795563697815
1.5037840604782104,3.686429738998413,1.9666122198104858
1.5037840604782104,3.686429738998413,1.9666122198104858
1.503125786781311,3.685918092727661,1.9639924764633179
1.5015738010406494,3.688035011291504,1.9645625352859497
1.5015738010406494,3.688035011291504,1.9645625352859497
1.5016502141952515,3.6879565715789795,1.9630709886550903
1.5016502141952515,3.6879565715789795,1.9630709886550903
1.5017731189727783,3.687396287918091,1.963127851486206
1.5017731189727783,3.687396287918091,1.963127851486206
1.5003670454025269,3.688673496246338,1.9639898538589478
1.5002657175064087,3.6885313987731934,1.9636999368667603
1.5002657175064087,3.6885313987731934,1.9636999368667603
1.4999380111694336,3.689296245574951,1.962615728378296
1.4999380111694336,3.689296245574951,1.962615728378296
1.4994628429412842,3.689774751663208,1.963331699371338
1.4988864660263062,3.6903560161590576,1.965621829032898
1.4986101388931274,3.6910042762756348,1.966160774230957
1.4986101388931274,3.6910042762756348,1.966160774230957
1.4980899095535278,3.6923646926879883,1.9667562246322632
1.4980899095535278,3.6923646926879883,1.9667562246322632
1.4972336292266846,3.6934592723846436,1.9670758247375488
1.4961363077163696,3.6951732635498047,1.9660637378692627
1.4961363077163696,3.6951732635498047,1.9660637378692627
1.496475338935852,3.6957080364227295,1.9686353206634521
1.496475338935852,3.6957080364227295,1.9686353206634521
1.4971765279769897,3.6948602199554443,1.9687539339065552
1.4972467422485352,3.69492506980896,1.968935489654541
1.4949636459350586,3.6977946758270264,1.9695236682891846
1.4949636459350586,3.6977946758270264,1.9695236682891846
1.4924644231796265,3.700284242630005,1.965700626373291
1.4924644231796265,3.700284242630005,1.965700626373291
1.4914811849594116,3.7015745639801025,1.963746428489685
1.4914811849594116,3.7015745639801025,1.963746428489685
1.4916502237319946,3.701209306716919,1.9633523225784302
1.4916062355041504,3.7009243965148926,1.9632830619812012
1.4909954071044922,3.7011187076568604,1.9620574712753296
1.4909954071044922,3.7011187076568604,1.9620574712753296
1.4905164241790771,3.7020435333251953,1.9606062173843384
1.4905164241790771,3.7020435333251953,1.9606062173843384
1.4903786182403564,3.7027158737182617,1.9603902101516724
1.4911147356033325,3.7029366493225098,1.9629653692245483
1.4913561344146729,3.7025864124298096,1.9634102582931519
1.4913561344146729,3.7025864124298096,1.9634102582931519
1.4921751022338867,3.701425790786743,1.9624006748199463
1.492396354675293,3.70076322555542,1.9607253074645996
1.4908154010772705,3.7013258934020996,1.960145354270935
1.48904550075531,3.7029073238372803,1.9597219228744507
1.48904550075531,3.7029073238372803,1.9597219228744507
1.4889676570892334,3.702274799346924,1.9572101831436157
1.489679217338562,3.701383113861084,1.9545340538024902
1.489664912223816,3.702070951461792,1.95497465133667
1.489664912223816,3.702070951461792,1.95497465133667
1.4880311489105225,3.70501708984375,1.9551684856414795
1.4880311489105225,3.70501708984375,1.9551684856414795
1.4885189533233643,3.705946922302246,1.952725887298584
1.4875344038009644,3.706620931625366,1.948473572731018
1.4858007431030273,3.708732843399048,1.9440444707870483
1.4858007431030273,3.708732843399048,1.9440444707870483
1.485183596611023,3.709521770477295,1.9436081647872925
1.4871364831924438,3.7071211338043213,1.9442087411880493
1.4871364831924438,3.7071211338043213,1.9442087411880493
1.488279938697815,3.7053818702697754,1.9432538747787476
1.486514925956726,3.7070059776306152,1.9419128894805908
1.486514925956726,3.7070059776306152,1.9419128894805908
1.4853758811950684,3.707972526550293,1.9403660297393799
1.4857600927352905,3.7070207595825195,1.940314531326294
1.4866262674331665,3.705737590789795,1.9395962953567505
1.4866262674331665,3.705737590789795,1.9395962953567505
1.4874112606048584,3.704512357711792,1.9398903846740723
1.4874112606048584,3.704512357711792,1.9398903846740723
1.4875645637512207,3.704200267791748,1.9414156675338745
1.487702488899231,3.7038605213165283,1.9412404298782349
1.487702488899231,3.7038605213165283,1.9412404298782349
1.488329529762268,3.703691005706787,1.9399610757827759
1.4876155853271484,3.7045674324035645,1.9388866424560547
1.4864994287490845,3.705683708190918,1.9381921291351318
1.4864994287490845,3.705683708190918,1.9381921291351318
1.4872784614562988,3.7057838439941406,1.9389013051986694
1.4889514446258545,3.704845905303955,1.93803071975708
1.4889514446258545,3.704845905303955,1.93803071975708
1.4891057014465332,3.7048001289367676,1.9379286766052246
1.4891057014465332,3.7048001289367676,1.9379286766052246
1.4870257377624512,3.707005262374878,1.9391292333602905
1.4869256019592285,3.707028388977051,1.9389079809188843
1.4870591163635254,3.7074384689331055,1.9374853372573853
1.4870591163635254,3.7074384689331055,1.9374853372573853
1.4871132373809814,3.707988739013672,1.9385249614715576
1.4867922067642212,3.708617687225342,1.939510464668274
1.4870370626449585,3.707744598388672,1.9417537450790405
1.4870370626449585,3.707744598388672,1.9417537450790405
1.4878172874450684,3.7063095569610596,1.944075584411621
1.4873532056808472,3.7061853408813477,1.944299340248108
1.4873532056808472,3.7061853408813477,1.944299340248108
1.4856771230697632,3.7068488597869873,1.9448246955871582
1.485418438911438,3.7068142890930176,1.9459699392318726
1.4860652685165405,3.7057480812072754,1.946789026260376
1.4860652685165405,3.7057480812072754,1.946789026260376
1.4861704111099243,3.7050113677978516,1.9475575685501099
1.4845150709152222,3.7063658237457275,1.9497300386428833
1.48391854763031,3.706885576248169,1.9493646621704102
1.48391854763031,3.706885576248169,1.9493646621704102
1.482556939125061,3.7083282470703125,1.9471900463104248
1.4822019338607788,3.708719491958618,1.9462203979492188
1.481845736503601,3.7089462280273438,1.9454700946807861
1.4814587831497192,3.709625482559204,1.9460376501083374
1.4814587831497192,3.709625482559204,1.9460376501083374
1.4811228513717651,3.7108328342437744,1.9476655721664429
1.481054425239563,3.7112433910369873,1.9481514692306519
1.4809036254882812,3.711855411529541,1.9478791952133179
1.4809036254882812,3.711855411529541,1.9478791952133179
1.4806108474731445,3.713568925857544,1.946290135383606
1.4792706966400146,3.715571403503418,1.9454971551895142
1.479788899421692,3.7157304286956787,1.944011926651001
1.479788899421692,3.7157304286956787,1.944011926651001
1.4811809062957764,3.7144060134887695,1.9430835247039795
1.4811809062957764,3.7144060134887695,1.9430835247039795
1.4806923866271973,3.714961290359497,1.9444475173950195
1.4803775548934937,3.7151038646698,1.9428203105926514
1.4803775548934937,3.7151038646698,1.9428203105926514
1.480065107345581,3.7129852771759033,1.9399305582046509
1.4802974462509155,3.7124557495117188,1.9393525123596191
1.4798413515090942,3.712226390838623,1.93728768825531
1.480151891708374,3.7109246253967285,1.9370943307876587
1.4803951978683472,3.7103288173675537,1.936354160308838
1.4803951978683472,3.7103288173675537,1.936354160308838
1.480859398841858,3.710299253463745,1.935396671295166
1.4802340269088745,3.7106974124908447,1.9343972206115723
1.479857087135315,3.7111780643463135,1.9322772026062012
1.479857087135315,3.7111780643463135,1.9322772026062012
1.4794979095458984,3.7119927406311035,1.930179476737976
1.4793530702590942,3.712329387664795,1.9280524253845215
1.4793530702590942,3.712329387664795,1.9280524253845215
1.4798349142074585,3.7124481201171875,1.928688406944275
1.4798349142074585,3.7124481201171875,1.928688406944275
1.479354739189148,3.7135202884674072,1.9281318187713623
1.4786686897277832,3.7145774364471436,1.9273606538772583
1.4781662225723267,3.716003656387329,1.9244474172592163
1.4776350259780884,3.7162137031555176,1.9231921434402466
1.4776350259780884,3.7162137031555176,1.9231921434402466
1.4772508144378662,3.7161738872528076,1.9209673404693604
1.4772508144378662,3.7161738872528076,1.9209673404693604
1.477148175239563,3.7149956226348877,1.9213523864746094
1.4774141311645508,3.713820457458496,1.9207632541656494
1.4773930311203003,3.713287115097046,1.9212437868118286
1.4773930311203003,3.713287115097046,1.9212437868118286
1.4764169454574585,3.7137527465820312,1.9197572469711304
1.4764169454574585,3.7137527465820312,1.9197572469711304
1.474116325378418,3.715958595275879,1.9182208776474
1.4736136198043823,3.716733932495117,1.9185298681259155
1.47347891330719,3.716933488845825,1.9177215099334717
1.473411202430725,3.717679500579834,1.9189132452011108
1.473411202430725,3.717679500579834,1.9189132452011108
1.4718374013900757,3.719472646713257,1.9202152490615845
1.4708095788955688,3.7205827236175537,1.9208048582077026
1.4700593948364258,3.7217888832092285,1.9200595617294312
1.4700593948364258,3.7217888832092285,1.9200595617294312
1.4680421352386475,3.724975347518921,1.9157044887542725
1.467311978340149,3.7269210815429688,1.914645791053772
1.4650309085845947,3.7298855781555176,1.9123449325561523
1.4649603366851807,3.7300398349761963,1.912622094154358
1.4649603366851807,3.7300398349761963,1.912622094154358
1.46696937084198,3.728229522705078,1.918601155281067
1.4682506322860718,3.7266104221343994,1.9217820167541504
1.470306158065796,3.7246744632720947,1.9255778789520264
1.4700677394866943,3.7250614166259766,1.9250470399856567
1.4700677394866943,3.7250614166259766,1.9250470399856567
1.4653024673461914,3.731079339981079,1.9243323802947998
1.4655232429504395,3.730940341949463,1.9233777523040771
1.465548038482666,3.731234312057495,1.922732949256897
1.465548038482666,3.731234312057495,1.922732949256897
1.466822624206543,3.7296392917633057,1.925561785697937
1.4676191806793213,3.7279582023620605,1.9284454584121704
1.4676191806793213,3.7279582023620605,1.9284454584121704
1.467475175857544,3.728182077407837,1.9287112951278687
1.4659538269042969,3.729515790939331,1.9272040128707886
1.4646061658859253,3.730966091156006,1.926127314567566
1.4646061658859253,3.730966091156006,1.926127314567566
1.4643443822860718,3.7312681674957275,1.9260382652282715
1.4652633666992188,3.730942487716675,1.9269922971725464
1.4652633666992188,3.730942487716675,1.9269922971725464
1.4656447172164917,3.7310779094696045,1.9270668029785156
1.4655340909957886,3.7316713333129883,1.9272398948669434
1.4644871950149536,3.733443260192871,1.9250226020812988
1.4640973806381226,3.7342827320098877,1.9242609739303589
1.4640973806381226,3.7342827320098877,1.9242609739303589
1.4629669189453125,3.735586166381836,1.9242295026779175
1.4629669189453125,3.735586166381836,1.9242295026779175
1.4647588729858398,3.7339179515838623,1.9243806600570679
1.4655410051345825,3.7333734035491943,1.9249454736709595
1.4640306234359741,3.7343649864196777,1.9238933324813843
1.4640306234359741,3.7343649864196777,1.9238933324813843
1.462315559387207,3.7351431846618652,1.920015573501587
1.4615553617477417,3.7359447479248047,1.9167890548706055
1.4615553617477417,3.7359447479248047,1.9167890548706055
1.461290717124939,3.7360472679138184,1.9151196479797363
1.461290717124939,3.7360472679138184,1.9151196479797363
1.4622594118118286,3.735337972640991,1.9160469770431519
1.4627898931503296,3.7343356609344482,1.9161405563354492
1.4631739854812622,3.733860731124878,1.9149746894836426
1.4631739854812622,3.733860731124878,1.9149746894836426
1.4632439613342285,3.7337193489074707,1.9137920141220093
1.4632439613342285,3.7337193489074707,1.9137920141220093
1.4626611471176147,3.7347288131713867,1.9117463827133179
1.4626611471176147,3.7347288131713867,1.9117463827133179
1.4623429775238037,3.73439884185791,1.9101035594940186
1.4631211757659912,3.7335116863250732,1.9089363813400269
1.4629672765731812,3.73351788520813,1.9087538719177246
1.4602197408676147,3.735546350479126,1.9053537845611572
1.4602197408676147,3.735546350479126,1.9053537845611572
1.4580460786819458,3.737668752670288,1.9024646282196045
1.4580460786819458,3.737668752670288,1.9024646282196045
1.4574960470199585,3.7378265857696533,1.8974148035049438
1.4566391706466675,3.7394227981567383,1.8941481113433838
1.4566391706466675,3.7394227981567383,1.8941481113433838
1.4569294452667236,3.7397236824035645,1.896711826324463
1.4577513933181763,3.738635301589966,1.8985166549682617
1.4577513933181763,3.738635301589966,1.8985166549682617
1.458313226699829,3.737943172454834,1.897882103919983
1.4580609798431396,3.7378628253936768,1.8978723287582397
1.4561549425125122,3.74025297164917,1.8946454524993896
1.4561549425125122,3.74025297164917,1.8946454524993896
1.4547197818756104,3.742244243621826,1.8931419849395752
1.4549769163131714,3.742213010787964,1.892827033996582
1.4549769163131714,3.742213010787964,1.892827033996582
1.4565571546554565,3.7406983375549316,1.893918514251709
1.4572001695632935,3.7405073642730713,1.895997405052185
1.4568376541137695,3.7411346435546875,1.8960944414138794
1.4557316303253174,3.7427690029144287,1.896031141281128
1.454766035079956,3.7437851428985596,1.8948304653167725
1.454766035079956,3.7437851428985596,1.8948304653167725
1.4540693759918213,3.744478464126587,1.892026424407959
1.4550080299377441,3.7428977489471436,1.8929744958877563
1.4550080299377441,3.7428977489471436,1.8929744958877563
1.456243634223938,3.7414090633392334,1.89644193649292
1.456243634223938,3.7414090633392334,1.89644193649292
1.4565703868865967,3.740309000015259,1.8988193273544312
1.4558212757110596,3.740943670272827,1.8999414443969727
1.4558212757110596,3.740943670272827,1.8999414443969727
1.4548646211624146,3.7419350147247314,1.8992151021957397
1.4548646211624146,3.7419350147247314,1.8992151021957397
1.454641342163086,3.7428083419799805,1.8998570442199707
1.454641342163086,3.7428083419799805,1.8998570442199707
1.4533605575561523,3.744459629058838,1.9028828144073486
1.4533605575561523,3.744459629058838,1.9028828144073486
1.4522076845169067,3.746140956878662,1.9023381471633911
1.4508248567581177,3.7471909523010254,1.9014015197753906
1.4508248567581177,3.7471909523010254,1.9014015197753906
1.44957435131073,3.7486512660980225,1.9001857042312622
1.4495036602020264,3.7480385303497314,1.899644136428833
1.4497716426849365,3.747645378112793,1.8995537757873535
1.4497716426849365,3.747645378112793,1.8995537757873535
1.4510427713394165,3.746075391769409,1.899588704109192
1.4507392644882202,3.7462027072906494,1.8999422788619995
1.4507392644882202,3.7462027072906494,1.8999422788619995
1.4486770629882812,3.748965263366699,1.8979973793029785
1.4467989206314087,3.751330852508545,1.8968620300292969
1.4467989206314087,3.751330852508545,1.8968620300292969
1.448167085647583,3.7499454021453857,1.8963831663131714
1.4491758346557617,3.749556303024292,1.8968721628189087
1.4491758346557617,3.749556303024292,1.8968721628189087
1.4483814239501953,3.750335693359375,1.898214340209961
1.447864294052124,3.750934362411499,1.89736807346344
1.447864294052124,3.750934362411499,1.89736807346344
1.4473015069961548,3.751800775527954,1.8942227363586426
1.44662344455719,3.752558708190918,1.8932123184204102
1.44662344455719,3.752558708190918,1.8932123184204102
1.4448022842407227,3.754528760910034,1.8923343420028687
1.4448217153549194,3.7537319660186768,1.8913443088531494
1.4448217153549194,3.7537319660186768,1.8913443088531494
1.4445029497146606,3.75364351272583,1.8891713619232178
1.4439486265182495,3.754312038421631,1.8883880376815796
1.4441466331481934,3.754051923751831,1.8875541687011719
1.4441938400268555,3.754046678543091,1.886762022972107
1.4441938400268555,3.754046678543091,1.886762022972107
1.444830060005188,3.7536635398864746,1.8848568201065063
1.444830060005188,3.7536635398864746,1.8848568201065063
1.4448095560073853,3.7538366317749023,1.8842742443084717
1.445011019706726,3.7535364627838135,1.8833024501800537
1.444787621498108,3.7538177967071533,1.882158875465393
1.444787621498108,3.7538177967071533,1.882158875465393
1.4430500268936157,3.755889892578125,1.8807185888290405
1.442553997039795,3.756577253341675,1.8798857927322388
1.442553997039795,3.756577253341675,1.8798857927322388
1.4437352418899536,3.7554004192352295,1.8781909942626953
1.4437404870986938,3.755303144454956,1.878124475479126
1.442307472229004,3.756329298019409,1.8782657384872437
1.442307472229004,3.756329298019409,1.8782657384872437
1.4414032697677612,3.7565338611602783,1.8758889436721802
1.4414032697677612,3.7565338611602783,1.8758889436721802
1.4422131776809692,3.755192995071411,1.8743829727172852
1.441556453704834,3.7560763359069824,1.8742234706878662
1.441556453704834,3.7560763359069824,1.8742234706878662
1.4411237239837646,3.756736993789673,1.8753914833068848
1.4411828517913818,3.757319688796997,1.8754072189331055
1.4411211013793945,3.758166790008545,1.8735771179199219
1.4411211013793945,3.758166790008545,1.8735771179199219
1.4407472610473633,3.7584946155548096,1.872881293296814
1.4407472610473633,3.7584946155548096,1.872881293296814
1.4400484561920166,3.759317636489868,1.8728349208831787
1.4400484561920166,3.759317636489868,1.8728349208831787
1.4396235942840576,3.7598719596862793,1.8754149675369263
1.4401885271072388,3.7592639923095703,1.876884937286377
1.4401885271072388,3.7592639923095703,1.876884937286377
1.4416828155517578,3.757631301879883,1.878654956817627
1.4411191940307617,3.7583327293395996,1.8794169425964355
1.4398348331451416,3.7596895694732666,1.880312442779541
1.4386506080627441,3.7601845264434814,1.8790127038955688
1.4378621578216553,3.7607436180114746,1.8782426118850708
1.4378621578216553,3.7607436180114746,1.8782426118850708
1.43672513961792,3.76138973236084,1.8772228956222534
1.43593168258667,3.7628426551818848,1.8772474527359009
1.4356169700622559,3.7632217407226562,1.8777155876159668
1.4356169700622559,3.7632217407226562,1.8777155876159668
1.4347913265228271,3.765169143676758,1.8776907920837402
1.4330005645751953,3.76745867729187,1.8773748874664307
1.4308738708496094,3.770723581314087,1.8760429620742798
1.4308738708496094,3.770723581314087,1.8760429620742798
1.4302622079849243,3.7721593379974365,1.874540090560913
1.4292856454849243,3.773397207260132,1.8740317821502686
1.4292856454849243,3.773397207260132,1.8740317821502686
1.4289335012435913,3.7740635871887207,1.8730038404464722
1.4291309118270874,3.774435520172119,1.8715101480484009
1.4284451007843018,3.7752528190612793,1.8711719512939453
1.4284451007843018,3.7752528190612793,1.8711719512939453
1.4259792566299438,3.7773354053497314,1.8676482439041138
1.4249361753463745,3.7773876190185547,1.8630934953689575
1.424380898475647,3.77793288230896,1.8608317375183105
1.424380898475647,3.77793288230896,1.8608317375183105
1.4221832752227783,3.780316114425659,1.8569846153259277
1.4216798543930054,3.7807302474975586,1.8559139966964722
1.4216798543930054,3.7807302474975586,1.8559139966964722
1.4202064275741577,3.781853675842285,1.852787971496582
1.420460820198059,3.782021999359131,1.8510409593582153
1.4196481704711914,3.783193349838257,1.8478152751922607
1.4196481704711914,3.783193349838257,1.8478152751922607
1.4181885719299316,3.7850208282470703,1.8447284698486328
1.4180938005447388,3.784977912902832,1.8426867723464966
1.4180938005447388,3.784977912902832,1.8426867723464966
1.4177871942520142,3.7851526737213135,1.8404264450073242
1.4188342094421387,3.7832038402557373,1.8376307487487793
1.4188342094421387,3.7832038402557373,1.8376307487487793
1.419196367263794,3.782306432723999,1.8366926908493042
1.4192811250686646,3.7820959091186523,1.83607816696167
1.4194568395614624,3.7815444469451904,1.833215355873108
1.4194568395614624,3.7815444469451904,1.833215355873108
1.4198684692382812,3.781134843826294,1.8299468755722046
1.4203680753707886,3.7809152603149414,1.8292838335037231
1.4203680753707886,3.7809152603149414,1.8292838335037231
1.4205262660980225,3.780459403991699,1.8291515111923218
1.4229633808135986,3.778286933898926,1.831444263458252
1.4229633808135986,3.778286933898926,1.831444263458252
1.425708293914795,3.7762458324432373,1.8335400819778442
1.4261153936386108,3.7763659954071045,1.8325586318969727
1.4261153936386108,3.7763659954071045,1.8325586318969727
1.4246000051498413,3.778707504272461,1.8314435482025146
1.4246000051498413,3.778707504272461,1.8314435482025146
1.424818515777588,3.7786126136779785,1.8311073780059814
1.4256579875946045,3.777639627456665,1.8301104307174683
1.4272403717041016,3.7757368087768555,1.8291301727294922
1.4280833005905151,3.774831533432007,1.828636646270752
1.4280833005905151,3.774831533432007,1.828636646270752
1.4269685745239258,3.7760186195373535,1.828925371170044
1.4269685745239258,3.7760186195373535,1.828925371170044
1.4265938997268677,3.7766919136047363,1.8272466659545898
1.4264307022094727,3.7777600288391113,1.825958251953125
1.4264307022094727,3.7777600288391113,1.825958251953125
1.4266809225082397,3.778271436691284,1.8249797821044922
1.4266530275344849,3.7784342765808105,1.8256367444992065
1.4266530275344849,3.7784342765808105,1.8256367444992065
1.427496075630188,3.777597188949585,1.825279951095581
1.4275740385055542,3.777528762817383,1.8238331079483032
1.4275740385055542,3.777528762817383,1.8238331079483032
1.425830364227295,3.779487371444702,1.8207420110702515
1.4234837293624878,3.7825419902801514,1.820267677307129
1.4235115051269531,3.7825064659118652,1.8205293416976929
1.4235115051269531,3.7825064659118652,1.8205293416976929
1.4254591464996338,3.7802560329437256,1.8205204010009766
1.4254591464996338,3.7802560329437256,1.8205204010009766
1.425301432609558,3.780574083328247,1.8223161697387695
1.4244060516357422,3.7814323902130127,1.8242024183273315
1.4229458570480347,3.7833216190338135,1.8247132301330566
1.4229458570480347,3.7833216190338135,1.8247132301330566
1.4202210903167725,3.7862136363983154,1.8223323822021484
1.4193713665008545,3.7866950035095215,1.82194983959198
1.4193713665008545,3.7866950035095215,1.82194983959198
1.4180216789245605,3.78701114654541,1.8227267265319824
1.417471170425415,3.786435127258301,1.824015498161316
1.4173663854599,3.7859106063842773,1.8256137371063232
1.4170897006988525,3.7857635021209717,1.8259801864624023
1.4170897006988525,3.7857635021209717,1.8259801864624023
1.4147526025772095,3.787809133529663,1.8266003131866455
1.412839651107788,3.7896645069122314,1.826720118522644
1.412839651107788,3.7896645069122314,1.826720118522644
1.4114904403686523,3.7909109592437744,1.8261083364486694
1.4115900993347168,3.7910614013671875,1.8256443738937378
1.4115900993347168,3.7910614013671875,1.8256443738937378
1.4120680093765259,3.790811061859131,1.8268611431121826
1.4117506742477417,3.7917397022247314,1.8286038637161255
1.4110764265060425,3.792564630508423,1.8286998271942139
1.4110764265060425,3.792564630508423,1.8286998271942139
1.4109658002853394,3.7930805683135986,1.8260395526885986
1.4112588167190552,3.7929160594940186,1.8263797760009766
1.4112588167190552,3.7929160594940186,1.8263797760009766
1.4116051197052002,3.792839288711548,1.826796293258667
1.4116051197052002,3.792839288711548,1.826796293258667
1.4116694927215576,3.7933733463287354,1.8245148658752441
1.4119503498077393,3.7933743000030518,1.823242425918579
1.4113773107528687,3.794342041015625,1.8214346170425415
1.4095332622528076,3.7969236373901367,1.8191834688186646
1.4099290370941162,3.7966716289520264,1.8192529678344727
1.4099290370941162,3.7966716289520264,1.8192529678344727
1.4116370677947998,3.7953760623931885,1.8173190355300903
1.4116370677947998,3.7953760623931885,1.8173190355300903
1.4133867025375366,3.7940382957458496,1.8162938356399536
1.4133867025375366,3.7940382957458496,1.8162938356399536
1.4129718542099,3.794426918029785,1.8163433074951172
1.4122917652130127,3.7949512004852295,1.8146865367889404
1.4129022359848022,3.794525384902954,1.813338279724121
1.4129022359848022,3.794525384902954,1.813338279724121
1.4133464097976685,3.7943272590637207,1.8121100664138794
1.413689136505127,3.794224977493286,1.813012957572937
1.413689136505127,3.794224977493286,1.813012957572937
1.41395902633667,3.794198989868164,1.8150444030761719
1.4153965711593628,3.7925167083740234,1.8150497674942017
1.4153965711593628,3.7925167083740234,1.8150497674942017
1.4139988422393799,3.7940893173217773,1.8141446113586426
1.4139988422393799,3.7940893173217773,1.8141446113586426
1.4119116067886353,3.796154022216797,1.812908411026001
1.4081617593765259,3.799915313720703,1.8082263469696045
1.4062694311141968,3.8012969493865967,1.8047640323638916
1.4062694311141968,3.8012969493865967,1.8047640323638916
1.4028295278549194,3.8044795989990234,1.7990684509277344
1.4004452228546143,3.806487798690796,1.7993659973144531
1.4004452228546143,3.806487798690796,1.7993659973144531
1.4002655744552612,3.8064591884613037,1.7995238304138184
1.4002655744552612,3.8064591884613037,1.7995238304138184
1.4004721641540527,3.8071529865264893,1.8014956712722778
1.4004721641540527,3.8071529865264893,1.8014956712722778
1.4000812768936157,3.8086414337158203,1.8033326864242554
1.399452567100525,3.809272050857544,1.8033876419067383
1.398988962173462,3.8096141815185547,1.8034660816192627
1.398988962173462,3.8096141815185547,1.8034660816192627
1.3992222547531128,3.8086535930633545,1.8037610054016113
1.398775339126587,3.808642625808716,1.8036035299301147
1.3978688716888428,3.8093395233154297,1.804176926612854
1.3978688716888428,3.8093395233154297,1.804176926612854
1.398803472518921,3.807410955429077,1.802038550376892
1.3991641998291016,3.8066415786743164,1.8009930849075317
1.3983718156814575,3.8073105812072754,1.8016775846481323
1.3983718156814575,3.8073105812072754,1.8016775846481323
1.3983581066131592,3.8066182136535645,1.8012363910675049
1.3975259065628052,3.807100534439087,1.8015855550765991
1.397637128829956,3.8075480461120605,1.7980053424835205
1.397637128829956,3.8075480461120605,1.7980053424835205
1.3976413011550903,3.8085293769836426,1.7979143857955933
1.3976413011550903,3.8085293769836426,1.7979143857955933
1.397864818572998,3.808696746826172,1.8008824586868286
1.3983979225158691,3.8084139823913574,1.80243980884552
1.3983979225158691,3.8084139823913574,1.80243980884552
1.39928138256073,3.808154821395874,1.8039720058441162
1.3997924327850342,3.808187961578369,1.804757833480835
1.3997924327850342,3.808187961578369,1.804757833480835
1.3995052576065063,3.8090622425079346,1.8043936491012573
1.398685097694397,3.810508966445923,1.8056045770645142
1.398977518081665,3.810636281967163,1.8052088022232056
1.398977518081665,3.810636281967163,1.8052088022232056
1.3998628854751587,3.810274362564087,1.8058894872665405
1.3998839855194092,3.810551881790161,1.8065810203552246
1.3998839855194092,3.810551881790161,1.8065810203552246
1.3986773490905762,3.8117644786834717,1.8067522048950195
1.3982570171356201,3.8118605613708496,1.8050750494003296
1.3982570171356201,3.8118605613708496,1.8050750494003296
1.3990306854248047,3.8110296726226807,1.803850531578064
1.3987481594085693,3.811448812484741,1.8036338090896606
1.3987481594085693,3.811448812484741,1.8036338090896606
1.39844810962677,3.8114845752716064,1.8034864664077759
1.39844810962677,3.8114845752716064,1.8034864664077759
1.3975074291229248,3.812544345855713,1.801378607749939
1.3968547582626343,3.813452959060669,1.7984775304794312
1.3966795206069946,3.8143999576568604,1.796312689781189
1.3965967893600464,3.814695358276367,1.7954341173171997
1.3965967893600464,3.814695358276367,1.7954341173171997
1.3954761028289795,3.816714286804199,1.7950949668884277
1.3951059579849243,3.8177523612976074,1.793359637260437
1.3951059579849243,3.8177523612976074,1.793359637260437
1.3956001996994019,3.81703782081604,1.7928833961486816
1.3955926895141602,3.817045211791992,1.793111801147461
1.3950684070587158,3.817241668701172,1.793611764907837
1.3950684070587158,3.817241668701172,1.793611764907837
1.3937656879425049,3.8179147243499756,1.7931736707687378
1.393629789352417,3.8171069622039795,1.7913737297058105
1.393629789352417,3.8171069622039795,1.7913737297058105
1.3936076164245605,3.8162763118743896,1.7911725044250488
1.3940556049346924,3.815337657928467,1.7921926975250244
1.3939827680587769,3.8153226375579834,1.7924624681472778
1.3939827680587769,3.8153226375579834,1.7924624681472778
1.3930097818374634,3.815364360809326,1.7901296615600586
1.3918205499649048,3.8161673545837402,1.7877235412597656
1.3918205499649048,3.8161673545837402,1.7877235412597656
1.3906123638153076,3.817075252532959,1.7858787775039673
1.3901818990707397,3.8171091079711914,1.7828209400177002
1.3901818990707397,3.8171091079711914,1.7828209400177002
1.3895844221115112,3.8183646202087402,1.782090187072754
1.38974928855896,3.818821907043457,1.7818137407302856
1.38974928855896,3.818821907043457,1.7818137407302856
1.3902618885040283,3.818824291229248,1.7802095413208008
1.389997959136963,3.8200860023498535,1.7798047065734863
1.389997959136963,3.8200860023498535,1.7798047065734863
1.388708233833313,3.8214564323425293,1.7789684534072876
1.3880161046981812,3.8223025798797607,1.7786601781845093
1.3880161046981812,3.8223025798797607,1.7786601781845093
1.3867301940917969,3.824634313583374,1.7759302854537964
1.3860727548599243,3.8259055614471436,1.7735083103179932
1.3854405879974365,3.827054023742676,1.7743209600448608
1.3854405879974365,3.827054023742676,1.7743209600448608
1.3857587575912476,3.8261830806732178,1.7765766382217407
1.3863987922668457,3.8253674507141113,1.7771793603897095
1.3863987922668457,3.8253674507141113,1.7771793603897095
1.3870656490325928,3.824510335922241,1.7773208618164062
1.3867253065109253,3.8248636722564697,1.7771077156066895
1.3867253065109253,3.8248636722564697,1.7771077156066895
1.3851549625396729,3.8255698680877686,1.7772645950317383
1.3850232362747192,3.825469732284546,1.7794268131256104
1.386418104171753,3.8238778114318848,1.7802733182907104
1.3879966735839844,3.82236647605896,1.7822338342666626
1.3886035680770874,3.821945905685425,1.7857495546340942
1.387843370437622,3.8224034309387207,1.7867954969406128
1.387843370437622,3.8224034309387207,1.7867954969406128
1.3866298198699951,3.823577642440796,1.7871836423873901
1.3858622312545776,3.824645757675171,1.787026047706604
1.3857008218765259,3.8249597549438477,1.7870529890060425
1.3857008218765259,3.8249597549438477,1.7870529890060425
1.3844579458236694,3.826658010482788,1.7889214754104614
1.3832895755767822,3.8275561332702637,1.7897498607635498
1.3832895755767822,3.8275561332702637,1.7897498607635498
1.381137728691101,3.826415538787842,1.7884749174118042
1.3793097734451294,3.8280677795410156,1.78633451461792
1.3793097734451294,3.8280677795410156,1.78633451461792
1.377685546875,3.829580307006836,1.7857650518417358
1.376816987991333,3.8310177326202393,1.7856884002685547
1.376816987991333,3.8310177326202393,1.7856884002685547
1.377178430557251,3.831542730331421,1.7841706275939941
1.3765441179275513,3.8333327770233154,1.78280508518219
1.3765441179275513,3.8333327770233154,1.78280508518219
1.3753114938735962,3.8353235721588135,1.7825242280960083
1.3753114938735962,3.8353235721588135,1.7825242280960083
1.3748193979263306,3.8353424072265625,1.7809114456176758
1.3751307725906372,3.835205316543579,1.7786279916763306
1.3751307725906372,3.835205316543579,1.7786279916763306
1.3755019903182983,3.834852933883667,1.7783806324005127
1.3761465549468994,3.833876371383667,1.7783087491989136
1.3765835762023926,3.8338303565979004,1.7777544260025024
1.3765835762023926,3.8338303565979004,1.7777544260025024
1.376751184463501,3.8341667652130127,1.7773027420043945
1.3766531944274902,3.8353610038757324,1.7747384309768677
1.3766531944274902,3.8353610038757324,1.7747384309768677
1.3759313821792603,3.8369810581207275,1.771760106086731
1.3751345872879028,3.838470697402954,1.7709782123565674
1.3749622106552124,3.838730573654175,1.7703146934509277
1.3749622106552124,3.838730573654175,1.7703146934509277
1.3762006759643555,3.838034152984619,1.7676337957382202
1.3739280700683594,3.840884208679199,1.7651183605194092
1.3727703094482422,3.841155767440796,1.7639373540878296
1.3727703094482422,3.841155767440796,1.7639373540878296
1.370612382888794,3.842634439468384,1.7606830596923828
1.370612382888794,3.842634439468384,1.7606830596923828
1.3717089891433716,3.8406729698181152,1.7586019039154053
1.3722177743911743,3.8398590087890625,1.759461760520935
1.3722177743911743,3.8398590087890625,1.759461760520935
1.3727529048919678,3.83862042427063,1.7614895105361938
1.3727529048919678,3.83862042427063,1.7614895105361938
1.3730319738388062,3.8384652137756348,1.7611215114593506
1.3730319738388062,3.8384652137756348,1.7611215114593506
1.3729346990585327,3.838728427886963,1.7597695589065552
1.3725919723510742,3.8388285636901855,1.7584693431854248
1.3725919723510742,3.8388285636901855,1.7584693431854248
1.3715003728866577,3.839888095855713,1.7582249641418457
1.3716853857040405,3.839602470397949,1.7578985691070557
1.3719241619110107,3.8392438888549805,1.7576346397399902
1.3720929622650146,3.8390421867370605,1.757448673248291
1.3720929622650146,3.8390421867370605,1.757448673248291
1.370413064956665,3.8407766819000244,1.7572901248931885
1.3702563047409058,3.8407065868377686,1.757148265838623
1.369963526725769,3.840904474258423,1.7556943893432617
1.369963526725769,3.840904474258423,1.7556943893432617
1.3690903186798096,3.8421754837036133,1.754428505897522
1.3690903186798096,3.8421754837036133,1.754428505897522
1.3698556423187256,3.8413569927215576,1.758086085319519
1.371098279953003,3.8398845195770264,1.7607218027114868
1.371098279953003,3.8398845195770264,1.7607218027114868
1.3727811574935913,3.8378965854644775,1.7628414630889893
1.372390866279602,3.838163137435913,1.7634530067443848
1.3709628582000732,3.839813232421875,1.7628675699234009
1.3709628582000732,3.839813232421875,1.7628675699234009
1.3688095808029175,3.8420627117156982,1.7617369890213013
1.3688095808029175,3.8420627117156982,1.7617369890213013
1.3691636323928833,3.841409683227539,1.7607735395431519
1.3697034120559692,3.8410234451293945,1.7608848810195923
1.369226098060608,3.8418827056884766,1.7628490924835205
1.3687187433242798,3.8420591354370117,1.7633548974990845
1.3674758672714233,3.8432750701904297,1.7635589838027954
1.3674758672714233,3.8432750701904297,1.7635589838027954
1.3672469854354858,3.8433279991149902,1.7622895240783691
1.3672469854354858,3.8433279991149902,1.7622895240783691
1.3669135570526123,3.8442792892456055,1.7628333568572998
1.3669135570526123,3.8442792892456055,1.7628333568572998
1.36661958694458,3.8451004028320312,1.76517653465271
1.366690754890442,3.845459222793579,1.7648321390151978
1.366690754890442,3.845459222793579,1.7648321390151978
1.366378903388977,3.8459694385528564,1.7644785642623901
1.365530252456665,3.8477001190185547,1.7651844024658203
1.365530252456665,3.8477001190185547,1.7651844024658203
1.3658291101455688,3.8481955528259277,1.7650700807571411
1.3673667907714844,3.8470423221588135,1.763951063156128
1.3677161931991577,3.847245693206787,1.763466238975525
1.3677161931991577,3.847245693206787,1.763466238975525
1.3661372661590576,3.849138021469116,1.7630618810653687
1.3653852939605713,3.849637985229492,1.762563943862915
1.3661887645721436,3.848594903945923,1.761676549911499
1.3670574426651,3.847909927368164,1.7613637447357178
1.3670331239700317,3.8465940952301025,1.7608628273010254
1.3667629957199097,3.8464748859405518,1.7618083953857422
1.3672391176223755,3.845353841781616,1.7622036933898926
1.3672391176223755,3.845353841781616,1.7622036933898926
1.3679277896881104,3.8443286418914795,1.7613921165466309
1.3675371408462524,3.8446741104125977,1.7604128122329712
1.3664851188659668,3.845726251602173,1.7594585418701172
1.3664851188659668,3.845726251602173,1.7594585418701172
1.3638025522232056,3.8477346897125244,1.7574877738952637
1.3638360500335693,3.8473119735717773,1.7550686597824097
1.3638360500335693,3.8473119735717773,1.7550686597824097
1.3640809059143066,3.8469085693359375,1.7522335052490234
1.3628880977630615,3.848076820373535,1.752225637435913
1.3628880977630615,3.848076820373535,1.752225637435913
1.363100528717041,3.8471779823303223,1.7519129514694214
1.363100528717041,3.8471779823303223,1.7519129514694214
1.363796591758728,3.8466689586639404,1.750055193901062
1.363869547843933,3.846580743789673,1.7490953207015991
1.3630468845367432,3.8477163314819336,1.749768614768982
1.3619478940963745,3.848598003387451,1.7500776052474976
1.3619478940963745,3.848598003387451,1.7500776052474976
1.362969160079956,3.8468408584594727,1.7487947940826416
1.3616782426834106,3.848536491394043,1.7460824251174927
1.3616782426834106,3.848536491394043,1.7460824251174927
1.3574094772338867,3.8528099060058594,1.7425110340118408
1.3552340269088745,3.8549153804779053,1.7401984930038452
1.3552340269088745,3.8549153804779053,1.7401984930038452
1.3562333583831787,3.855051040649414,1.7363210916519165
1.3570226430892944,3.855607271194458,1.7401387691497803
1.3571386337280273,3.8557047843933105,1.7421984672546387
1.3571386337280273,3.8557047843933105,1.7421984672546387
1.359460473060608,3.8542158603668213,1.7420909404754639
1.359460473060608,3.8542158603668213,1.7420909404754639
1.3603914976119995,3.8538570404052734,1.7418891191482544
1.3603914976119995,3.8538570404052734,1.7418891191482544
1.3600797653198242,3.85410737991333,1.7436271905899048
1.3600797653198242,3.85410737991333,1.7436271905899048
1.3597692251205444,3.85410213470459,1.7428314685821533
1.3594334125518799,3.8543291091918945,1.740995168685913
1.3594334125518799,3.8543291091918945,1.740995168685913
1.3588581085205078,3.8542728424072266,1.7397220134735107
1.3572179079055786,3.8559536933898926,1.737751841545105
1.3554571866989136,3.857163429260254,1.7372506856918335
1.3561755418777466,3.855611562728882,1.738163948059082
1.3561755418777466,3.855611562728882,1.738163948059082
1.358280062675476,3.85343337059021,1.7387897968292236
1.358280062675476,3.85343337059021,1.7387897968292236
1.357499599456787,3.8546602725982666,1.7413914203643799
1.3564339876174927,3.8560853004455566,1.741214394569397
1.3551000356674194,3.857863664627075,1.7398037910461426
1.3551000356674194,3.857863664627075,1.7398037910461426
1.3550899028778076,3.857438564300537,1.7392491102218628
1.3547006845474243,3.8577957153320312,1.7395497560501099
1.354917287826538,3.857898712158203,1.7440416812896729
1.354917287826538,3.857898712158203,1.7440416812896729
1.3547173738479614,3.858505964279175,1.7456766366958618
1.3545269966125488,3.8590428829193115,1.7465988397598267
1.3544378280639648,3.8602960109710693,1.745415449142456
1.3534780740737915,3.861525535583496,1.744223713874817
1.3534780740737915,3.861525535583496,1.744223713874817
1.351647973060608,3.863767623901367,1.7447030544281006
1.3512824773788452,3.8642070293426514,1.7446810007095337
1.3517251014709473,3.8641672134399414,1.7438697814941406
1.352376937866211,3.8639864921569824,1.744458794593811
1.3504951000213623,3.8650691509246826,1.745180606842041
1.349736213684082,3.8658149242401123,1.7444342374801636
1.349736213684082,3.8658149242401123,1.7444342374801636
1.3469377756118774,3.8678231239318848,1.7396966218948364
1.3462046384811401,3.8675737380981445,1.7373318672180176
1.3462046384811401,3.8675737380981445,1.7373318672180176
1.345314860343933,3.8684120178222656,1.7364379167556763
1.3456426858901978,3.8678245544433594,1.7378236055374146
1.3456426858901978,3.8678245544433594,1.7378236055374146
1.3477059602737427,3.8651938438415527,1.7400652170181274
1.347819209098816,3.8651082515716553,1.7389386892318726
1.3466227054595947,3.866319179534912,1.7373400926589966
1.3466227054595947,3.866319179534912,1.7373400926589966
1.34346604347229,3.8693735599517822,1.734384536743164
1.34346604347229,3.8693735599517822,1.734384536743164
1.343003749847412,3.8694093227386475,1.7324206829071045
1.3441163301467896,3.867971658706665,1.7310717105865479
1.3441163301467896,3.867971658706665,1.7310717105865479
1.34544038772583,3.8666114807128906,1.7336329221725464
1.3449137210845947,3.8671352863311768,1.7345820665359497
1.344422459602356,3.8676960468292236,1.7338837385177612
1.344422459602356,3.8676960468292236,1.7338837385177612
1.3438278436660767,3.868284225463867,1.7299399375915527
1.3431142568588257,3.8693816661834717,1.727835774421692
1.3431142568588257,3.8693816661834717,1.727835774421692
1.343770980834961,3.868421792984009,1.7278493642807007
1.344760537147522,3.867499351501465,1.7272672653198242
1.344760537147522,3.867499351501465,1.7272672653198242
1.3458327054977417,3.866870403289795,1.7258374691009521
1.3465691804885864,3.866149663925171,1.726508378982544
1.3468257188796997,3.8659257888793945,1.7255500555038452
1.3468257188796997,3.8659257888793945,1.7255500555038452
1.3463268280029297,3.866746187210083,1.7228584289550781
1.3462146520614624,3.8668994903564453,1.7222102880477905
1.3462146520614624,3.8668994903564453,1.7222102880477905
1.3463314771652222,3.867074728012085,1.7202916145324707
1.3463314771652222,3.867074728012085,1.7202916145324707
1.3463681936264038,3.8672900199890137,1.7192286252975464
1.3456666469573975,3.8680737018585205,1.7179887294769287
1.3456666469573975,3.8680737018585205,1.7179887294769287
1.3449879884719849,3.8688905239105225,1.717592477798462
1.3452461957931519,3.868515968322754,1.7164480686187744
1.3448506593704224,3.8688251972198486,1.7157667875289917
1.3440388441085815,3.8697524070739746,1.7145800590515137
1.342522382736206,3.8702521324157715,1.7134846448898315
1.342522382736206,3.8702521324157715,1.7134846448898315
1.3407695293426514,3.8712539672851562,1.7139509916305542
1.3407695293426514,3.8712539672851562,1.7139509916305542
1.3422752618789673,3.8688950538635254,1.7163225412368774
1.3443211317062378,3.86612868309021,1.7189241647720337
1.3440245389938354,3.8667972087860107,1.7214608192443848
1.3440245389938354,3.8667972087860107,1.7214608192443848
1.3438583612442017,3.866786003112793,1.7260555028915405
1.3438583612442017,3.866786003112793,1.7260555028915405
1.3444867134094238,3.865983724594116,1.7269363403320312
1.3444867134094238,3.865983724594116,1.7269363403320312
1.3456569910049438,3.8648300170898438,1.7253410816192627
1.3433531522750854,3.86776065826416,1.7259982824325562
1.3433531522750854,3.86776065826416,1.7259982824325562
1.3427706956863403,3.868298053741455,1.725433588027954
1.3427706956863403,3.868298053741455,1.725433588027954
1.3423354625701904,3.868941068649292,1.7238179445266724
1.3423354625701904,3.868941068649292,1.7238179445266724
1.341368556022644,3.8704581260681152,1.7244960069656372
1.3402369022369385,3.8721275329589844,1.7250268459320068
1.3402369022369385,3.8721275329589844,1.7250268459320068
1.3404996395111084,3.8731484413146973,1.7246885299682617
1.3404996395111084,3.8731484413146973,1.7246885299682617
1.3407026529312134,3.8737168312072754,1.725022792816162
1.3407026529312134,3.8737168312072754,1.725022792816162
1.3404005765914917,3.874450922012329,1.7274638414382935
1.3404005765914917,3.874450922012329,1.7274638414382935
1.3421624898910522,3.872828960418701,1.7263357639312744
1.3429702520370483,3.8721704483032227,1.7253707647323608
1.3429702520370483,3.8721704483032227,1.7253707647323608
1.3412929773330688,3.874851703643799,1.725827693939209
1.3412929773330688,3.874851703643799,1.725827693939209
1.3391499519348145,3.8763511180877686,1.7244824171066284
1.3391859531402588,3.8756625652313232,1.723250389099121
1.339626669883728,3.8746743202209473,1.7224637269973755
1.3397750854492188,3.874070644378662,1.7216200828552246
1.3397750854492188,3.874070644378662,1.7216200828552246
1.3378913402557373,3.875643253326416,1.720860481262207
1.336095929145813,3.8771867752075195,1.7163867950439453
1.336095929145813,3.8771867752075195,1.7163867950439453
1.3360050916671753,3.8770949840545654,1.7127788066864014
1.3360050916671753,3.8770949840545654,1.7127788066864014
1.3359079360961914,3.87751841545105,1.7102560997009277
1.3347713947296143,3.879361867904663,1.7094781398773193
1.3344194889068604,3.8803114891052246,1.7083302736282349
1.3344194889068604,3.8803114891052246,1.7083302736282349
1.3346349000930786,3.8799479007720947,1.706049919128418
1.3333561420440674,3.8810951709747314,1.7034556865692139
1.3333561420440674,3.8810951709747314,1.7034556865692139
1.3295730352401733,3.8845725059509277,1.7008405923843384
1.3295730352401733,3.8845725059509277,1.7008405923843384
1.3288201093673706,3.8846356868743896,1.6975481510162354
1.3289661407470703,3.8836796283721924,1.695802092552185
1.3295501470565796,3.8827569484710693,1.6959394216537476
1.329281210899353,3.882850170135498,1.6968268156051636
1.329281210899353,3.882850170135498,1.6968268156051636
1.328240156173706,3.8831779956817627,1.6970617771148682
1.3273115158081055,3.883561849594116,1.693405032157898
1.3273115158081055,3.883561849594116,1.693405032157898
1.3268154859542847,3.8836188316345215,1.692956805229187
1.3255741596221924,3.8840060234069824,1.6918160915374756
1.3250645399093628,3.883878469467163,1.691819190979004
1.3250645399093628,3.883878469467163,1.691819190979004
1.325485110282898,3.884528160095215,1.6932401657104492
1.3255306482315063,3.884202241897583,1.693242073059082
1.3253520727157593,3.884936809539795,1.6933655738830566
1.3253520727157593,3.884936809539795,1.6933655738830566
1.3255637884140015,3.8850479125976562,1.6930958032608032
1.3247795104980469,3.8859474658966064,1.6931736469268799
1.3247486352920532,3.8865933418273926,1.6940562725067139
1.3255198001861572,3.8854901790618896,1.694002628326416
1.3255198001861572,3.8854901790618896,1.694002628326416
1.326175332069397,3.8845040798187256,1.6946648359298706
1.326175332069397,3.8845040798187256,1.6946648359298706
1.3264803886413574,3.8836731910705566,1.6961045265197754
1.3264299631118774,3.8833234310150146,1.6968451738357544
1.3255470991134644,3.883784532546997,1.6962432861328125
1.3255470991134644,3.883784532546997,1.6962432861328125
1.3256618976593018,3.883575201034546,1.6965386867523193
1.3247379064559937,3.8840699195861816,1.6963635683059692
1.3247379064559937,3.8840699195861816,1.6963635683059692
1.3245998620986938,3.8841800689697266,1.6974633932113647
1.3249456882476807,3.8849732875823975,1.6994678974151611
1.3256217241287231,3.8850293159484863,1.7001864910125732
1.3263479471206665,3.8854758739471436,1.701690435409546
1.3263479471206665,3.8854758739471436,1.701690435409546
1.3262083530426025,3.886115312576294,1.7033659219741821
1.3259164094924927,3.8867459297180176,1.703591227531433
1.3260650634765625,3.8865489959716797,1.702030062675476
1.326218843460083,3.88623046875,1.7011603116989136
1.326218843460083,3.88623046875,1.7011603116989136
1.3257536888122559,3.886430263519287,1.7011139392852783
1.3257536888122559,3.886430263519287,1.7011139392852783
1.3256099224090576,3.886113405227661,1.7004642486572266
1.3248697519302368,3.8871352672576904,1.7001103162765503
1.3248697519302368,3.8871352672576904,1.7001103162765503
1.324763536453247,3.887450933456421,1.6999046802520752
1.324763536453247,3.887450933456421,1.6999046802520752
1.3248029947280884,3.8880648612976074,1.697843074798584
1.3248029947280884,3.8880648612976074,1.697843074798584
1.323752760887146,3.889781951904297,1.6973048448562622
1.323752760887146,3.889781951904297,1.6973048448562622
1.324418067932129,3.8894333839416504,1.6965608596801758
1.322842001914978,3.8910274505615234,1.694222092628479
1.32142972946167,3.892589569091797,1.6921343803405762
1.32142972946167,3.892589569091797,1.6921343803405762
1.3190864324569702,3.8950467109680176,1.6851167678833008
1.3179306983947754,3.894756317138672,1.681676983833313
1.31868577003479,3.894251585006714,1.6802098751068115
1.3193680047988892,3.8937439918518066,1.6804633140563965
1.3193680047988892,3.8937439918518066,1.6804633140563965
1.3202755451202393,3.8926949501037598,1.6810638904571533
1.3202755451202393,3.8926949501037598,1.6810638904571533
1.3200194835662842,3.8930575847625732,1.6803356409072876
1.3189939260482788,3.8944616317749023,1.678983211517334
1.3184988498687744,3.8950858116149902,1.677442193031311
1.3184988498687744,3.8950858116149902,1.677442193031311
1.3171241283416748,3.8972389698028564,1.6748766899108887
1.3171241283416748,3.8972389698028564,1.6748766899108887
1.316544532775879,3.897996425628662,1.674317717552185
1.316544532775879,3.897996425628662,1.674317717552185
1.3171000480651855,3.897477626800537,1.6721627712249756
1.3164530992507935,3.8969857692718506,1.6712918281555176
1.3164530992507935,3.8969857692718506,1.6712918281555176
1.3145700693130493,3.8973023891448975,1.6701933145523071
1.313237190246582,3.8976361751556396,1.6686289310455322
1.313237190246582,3.8976361751556396,1.6686289310455322
1.312178611755371,3.8977115154266357,1.6659302711486816
1.312178611755371,3.8977115154266357,1.6659302711486816
1.3118094205856323,3.8984224796295166,1.6667263507843018
1.311736822128296,3.8984711170196533,1.6670777797698975
1.311736822128296,3.8984711170196533,1.6670777797698975
1.3126647472381592,3.8977792263031006,1.6682524681091309
1.3130221366882324,3.897793769836426,1.667873501777649
1.3130221366882324,3.897793769836426,1.667873501777649
1.3126859664916992,3.898545026779175,1.66697359085083
1.3116202354431152,3.900064706802368,1.6644165515899658
1.310888409614563,3.9010486602783203,1.6638175249099731
1.310888409614563,3.9010486602783203,1.6638175249099731
1.3102754354476929,3.901827096939087,1.662621259689331
1.3110485076904297,3.901332139968872,1.662240743637085
1.3128299713134766,3.900348663330078,1.6646416187286377
1.3133444786071777,3.9003779888153076,1.6673636436462402
1.3133444786071777,3.9003779888153076,1.6673636436462402
1.3134123086929321,3.899801731109619,1.6666847467422485
1.3134123086929321,3.899801731109619,1.6666847467422485
1.3134430646896362,3.8999176025390625,1.6643180847167969
1.3132106065750122,3.9000985622406006,1.6639063358306885
1.312901258468628,3.9003028869628906,1.6668859720230103
1.314041018486023,3.899096965789795,1.668898344039917
1.314041018486023,3.899096965789795,1.668898344039917
1.3157520294189453,3.897596597671509,1.670438289642334
1.3157520294189453,3.897596597671509,1.670438289642334
1.3160169124603271,3.8977060317993164,1.6705992221832275
1.3160169124603271,3.8977060317993164,1.6705992221832275
1.3148422241210938,3.8986263275146484,1.6710560321807861
1.3135823011398315,3.899960994720459,1.6716344356536865
1.3135823011398315,3.899960994720459,1.6716344356536865
1.3132737874984741,3.900291919708252,1.6725965738296509
1.3139114379882812,3.899745225906372,1.672776222229004
1.314253807067871,3.8991787433624268,1.6731928586959839
1.314253807067871,3.8991787433624268,1.6731928586959839
1.313415288925171,3.8998944759368896,1.6747572422027588
1.3126481771469116,3.899979829788208,1.6732507944107056
1.3126481771469116,3.899979829788208,1.6732507944107056
1.3121131658554077,3.900789499282837,1.6714634895324707
1.3115912675857544,3.9014158248901367,1.6697438955307007
1.3115912675857544,3.9014158248901367,1.6697438955307007
1.3108574151992798,3.9023959636688232,1.6690242290496826
1.3105627298355103,3.902754068374634,1.6686636209487915
1.3105627298355103,3.902754068374634,1.6686636209487915
1.310494065284729,3.902971029281616,1.6671807765960693
1.3099331855773926,3.9036407470703125,1.6656166315078735
1.3099331855773926,3.9036407470703125,1.6656166315078735
1.3090633153915405,3.904663562774658,1.6652549505233765
1.3095834255218506,3.904911518096924,1.6646322011947632
1.3095834255218506,3.904911518096924,1.6646322011947632
1.3104561567306519,3.9045820236206055,1.6637825965881348
1.3104561567306519,3.9045820236206055,1.6637825965881348
1.3097400665283203,3.9050028324127197,1.6634870767593384
1.308516263961792,3.906104564666748,1.6632791757583618
1.3079149723052979,3.905454635620117,1.6605669260025024
1.3048449754714966,3.9080984592437744,1.6560360193252563
1.3048449754714966,3.9080984592437744,1.6560360193252563
1.3008103370666504,3.9119203090667725,1.6522419452667236
1.2975575923919678,3.914257764816284,1.6458381414413452
1.2975575923919678,3.914257764816284,1.6458381414413452
1.2963950634002686,3.9153175354003906,1.6427780389785767
1.2966006994247437,3.915017604827881,1.6420093774795532
1.2967926263809204,3.9149630069732666,1.6425381898880005
1.2970694303512573,3.9147419929504395,1.6434155702590942
1.2970694303512573,3.9147419929504395,1.6434155702590942
1.2958213090896606,3.915736436843872,1.6415224075317383
1.2942183017730713,3.9178719520568848,1.6404958963394165
1.2942183017730713,3.9178719520568848,1.6404958963394165
1.2941193580627441,3.9185853004455566,1.638606071472168
1.2942677736282349,3.9187562465667725,1.6383382081985474
1.2937209606170654,3.918644905090332,1.6391581296920776
1.2937209606170654,3.918644905090332,1.6391581296920776
1.2942171096801758,3.9180824756622314,1.6395699977874756
1.2941925525665283,3.9181838035583496,1.6379727125167847
1.2941925525665283,3.9181838035583496,1.6379727125167847
1.2935614585876465,3.9190893173217773,1.6367498636245728
1.2935614585876465,3.9190893173217773,1.6367498636245728
1.293182134628296,3.9195961952209473,1.6360586881637573
1.2931129932403564,3.9199297428131104,1.6362221240997314
1.2937805652618408,3.9186809062957764,1.6367918252944946
1.2937805652618408,3.9186809062957764,1.6367918252944946
1.294451355934143,3.9178354740142822,1.6373361349105835
1.2946043014526367,3.9176747798919678,1.638019323348999
1.293849229812622,3.917567253112793,1.6383458375930786
1.293849229812622,3.917567253112793,1.6383458375930786
1.2934502363204956,3.917534589767456,1.6401746273040771
1.2935467958450317,3.9171810150146484,1.6405600309371948
1.2935467958450317,3.9171810150146484,1.6405600309371948
1.2941006422042847,3.9162681102752686,1.6421107053756714
1.2942193746566772,3.9165704250335693,1.6441004276275635
1.2942193746566772,3.9165704250335693,1.6441004276275635
1.2934653759002686,3.917548894882202,1.6467572450637817
1.2935539484024048,3.9176955223083496,1.6467629671096802
1.2937946319580078,3.9182236194610596,1.6470694541931152
1.2930001020431519,3.920212507247925,1.6475646495819092
1.2930001020431519,3.920212507247925,1.6475646495819092
1.2924246788024902,3.921308994293213,1.6477750539779663
1.2920384407043457,3.9218273162841797,1.6478548049926758
1.2920384407043457,3.9218273162841797,1.6478548049926758
1.2912276983261108,3.9231247901916504,1.6473721265792847
1.2888442277908325,3.92568039894104,1.6461338996887207
1.2838201522827148,3.930482864379883,1.6411010026931763
1.2818926572799683,3.9324963092803955,1.639955759048462
1.2818734645843506,3.932439088821411,1.6400705575942993
1.2818734645843506,3.932439088821411,1.6400705575942993
1.2830674648284912,3.9310407638549805,1.6403634548187256
1.2830674648284912,3.9310407638549805,1.6403634548187256
1.2828618288040161,3.93096923828125,1.6396297216415405
1.2828618288040161,3.93096923828125,1.6396297216415405
1.280551552772522,3.9330785274505615,1.6389762163162231
1.2807567119598389,3.932586193084717,1.638378620147705
1.2807567119598389,3.932586193084717,1.638378620147705
1.2816087007522583,3.932133913040161,1.636497139930725
1.2807519435882568,3.933154344558716,1.635491132736206
1.2802293300628662,3.932797908782959,1.6347401142120361
1.2802293300628662,3.932797908782959,1.6347401142120361
1.2795594930648804,3.9328629970550537,1.6332697868347168
1.2790205478668213,3.93312931060791,1.6328297853469849
1.2790205478668213,3.93312931060791,1.6328297853469849
1.2787351608276367,3.933246612548828,1.6310538053512573
1.278376579284668,3.9338321685791016,1.6304512023925781
1.2766777276992798,3.936480760574341,1.6290100812911987
1.2766777276992798,3.936480760574341,1.6290100812911987
1.277259349822998,3.9360275268554688,1.6276272535324097
1.277259349822998,3.9360275268554688,1.6276272535324097
1.2773733139038086,3.9353134632110596,1.626175880432129
1.2766838073730469,3.936154365539551,1.6258697509765625
1.275935411453247,3.9361770153045654,1.6250808238983154
1.2750407457351685,3.936828374862671,1.6241832971572876
1.2756839990615845,3.936112642288208,1.6209279298782349
1.2756839990615845,3.936112642288208,1.6209279298782349
1.2763676643371582,3.9354588985443115,1.6206703186035156
1.2761425971984863,3.935879945755005,1.6211316585540771
1.2763499021530151,3.935910940170288,1.622450351715088
1.276178240776062,3.936237096786499,1.6213299036026
1.2758015394210815,3.9366261959075928,1.6192412376403809
1.2758015394210815,3.9366261959075928,1.6192412376403809
1.274355173110962,3.938183307647705,1.6169013977050781
1.274355173110962,3.938183307647705,1.6169013977050781
1.2720016241073608,3.940425157546997,1.616032600402832
1.2720016241073608,3.940425157546997,1.616032600402832
1.2721911668777466,3.9402124881744385,1.6138927936553955
1.2721911668777466,3.9402124881744385,1.6138927936553955
1.272895336151123,3.9399173259735107,1.614723563194275
1.2719850540161133,3.940812587738037,1.615450143814087
1.2719850540161133,3.940812587738037,1.615450143814087
1.2707366943359375,3.941981315612793,1.6143218278884888
1.2703382968902588,3.942652940750122,1.6119539737701416
1.2703382968902588,3.942652940750122,1.6119539737701416
1.2697534561157227,3.9437754154205322,1.6118512153625488
1.2695635557174683,3.9439377784729004,1.6116019487380981
1.2694880962371826,3.944133996963501,1.6120517253875732
1.269826889038086,3.9438724517822266,1.6123663187026978
1.269826889038086,3.9438724517822266,1.6123663187026978
1.269925832748413,3.944018840789795,1.6115540266036987
1.269925832748413,3.944018840789795,1.6115540266036987
1.2687249183654785,3.9450411796569824,1.6091375350952148
1.2673308849334717,3.9466640949249268,1.6085255146026611
1.2672795057296753,3.946709156036377,1.6088573932647705
1.2672795057296753,3.946709156036377,1.6088573932647705
1.2685474157333374,3.9455668926239014,1.60849928855896
1.269174337387085,3.9449644088745117,1.6092067956924438
1.269174337387085,3.9449644088745117,1.6092067956924438
1.2678452730178833,3.944577932357788,1.6104278564453125
1.2678452730178833,3.944577932357788,1.6104278564453125
1.2668952941894531,3.9449257850646973,1.6113452911376953
1.2664622068405151,3.9452576637268066,1.6105782985687256
1.2664622068405151,3.9452576637268066,1.6105782985687256
1.266421914100647,3.9452667236328125,1.6119331121444702
1.2660692930221558,3.945500373840332,1.6137521266937256
1.2661865949630737,3.9455599784851074,1.6146005392074585
1.2661865949630737,3.9455599784851074,1.6146005392074585
1.264553189277649,3.9474074840545654,1.6144826412200928
1.264091968536377,3.9479854106903076,1.6140896081924438
1.2625668048858643,3.949425458908081,1.611215353012085
1.2625668048858643,3.949425458908081,1.611215353012085
1.259671926498413,3.9517035484313965,1.6107640266418457
1.259671926498413,3.9517035484313965,1.6107640266418457
1.257939338684082,3.953678607940674,1.610334873199463
1.2575467824935913,3.9540088176727295,1.6087749004364014
1.2575467824935913,3.9540088176727295,1.6087749004364014
1.2552361488342285,3.9568252563476562,1.6079550981521606
1.2552361488342285,3.9568252563476562,1.6079550981521606
1.2538011074066162,3.9577062129974365,1.607255220413208
1.2528914213180542,3.958772897720337,1.6055814027786255
1.2528914213180542,3.958772897720337,1.6055814027786255
1.252450704574585,3.9592456817626953,1.604030966758728
1.2513312101364136,3.9606683254241943,1.604590892791748
1.2513312101364136,3.9606683254241943,1.604590892791748
1.2514371871948242,3.96016788482666,1.6041233539581299
1.2513881921768188,3.960451602935791,1.6034618616104126
1.2513476610183716,3.960901975631714,1.6025614738464355
1.2513476610183716,3.960901975631714,1.6025614738464355
1.2506229877471924,3.9618046283721924,1.6023638248443604
1.2506229877471924,3.9618046283721924,1.6023638248443604
1.2499250173568726,3.9629065990448,1.6031137704849243
1.2510405778884888,3.962028741836548,1.6036596298217773
1.2510405778884888,3.962028741836548,1.6036596298217773
1.2498117685317993,3.9630510807037354,1.6011543273925781
1.2481138706207275,3.9647302627563477,1.600414514541626
1.2468315362930298,3.965512752532959,1.5979443788528442
1.244653344154358,3.9666481018066406,1.5935345888137817
1.244653344154358,3.9666481018066406,1.5935345888137817
1.2441799640655518,3.9670159816741943,1.5917707681655884
1.244415044784546,3.967092990875244,1.593664526939392
1.244415044784546,3.967092990875244,1.593664526939392
1.2437496185302734,3.967878818511963,1.5938082933425903
1.2437496185302734,3.967878818511963,1.5938082933425903
1.2425285577774048,3.968843698501587,1.5914514064788818
1.2401740550994873,3.971567153930664,1.5880314111709595
1.2393879890441895,3.9725592136383057,1.5865159034729004
1.238327980041504,3.9738223552703857,1.5845882892608643
1.238327980041504,3.9738223552703857,1.5845882892608643
1.2373915910720825,3.975602626800537,1.5841599702835083
1.2385656833648682,3.974517345428467,1.5845052003860474
1.239992380142212,3.9734063148498535,1.5837892293930054
1.239992380142212,3.9734063148498535,1.5837892293930054
1.2399920225143433,3.9735755920410156,1.5848158597946167
1.23970627784729,3.9731273651123047,1.5845073461532593
1.239397406578064,3.973428964614868,1.5840296745300293
1.2396509647369385,3.973039388656616,1.5828691720962524
1.2396509647369385,3.973039388656616,1.5828691720962524
1.2401840686798096,3.97204327583313,1.5832792520523071
1.2403579950332642,3.971848726272583,1.5838357210159302
1.2403579950332642,3.971848726272583,1.5838357210159302
1.2410142421722412,3.970639228820801,1.5841537714004517
1.2409402132034302,3.970447301864624,1.5837589502334595
1.24072265625,3.9704952239990234,1.5829535722732544
1.239335536956787,3.971331834793091,1.5808881521224976
1.239335536956787,3.971331834793091,1.5808881521224976
1.237173318862915,3.9732394218444824,1.5803053379058838
1.2372654676437378,3.9730474948883057,1.5814100503921509
1.2372654676437378,3.9730474948883057,1.5814100503921509
1.238306999206543,3.9723658561706543,1.5836586952209473
1.2395906448364258,3.9710254669189453,1.5863983631134033
1.2395906448364258,3.9710254669189453,1.5863983631134033
1.238839030265808,3.971712589263916,1.5881714820861816
1.2384527921676636,3.9719185829162598,1.5880303382873535
1.2381999492645264,3.97212290763855,1.5874083042144775
1.2381999492645264,3.97212290763855,1.5874083042144775
1.2381439208984375,3.972317934036255,1.5889363288879395
1.2381439208984375,3.972317934036255,1.5889363288879395
1.2397606372833252,3.9718177318573,1.5939252376556396
1.239391565322876,3.971846342086792,1.5940018892288208
1.239391565322876,3.971846342086792,1.5940018892288208
1.239021897315979,3.972503423690796,1.59416925907135
1.237836480140686,3.9738895893096924,1.5920828580856323
1.237836480140686,3.9738895893096924,1.5920828580856323
1.2360185384750366,3.976306676864624,1.5920640230178833
1.2351149320602417,3.97745943069458,1.5926073789596558
1.232101321220398,3.9799625873565674,1.5880616903305054
1.232101321220398,3.9799625873565674,1.5880616903305054
1.2297227382659912,3.9824416637420654,1.5850504636764526
1.2286317348480225,3.983595371246338,1.58393132686615
1.2272756099700928,3.9850997924804688,1.5826764106750488
1.2272756099700928,3.9850997924804688,1.5826764106750488
1.2265198230743408,3.9860122203826904,1.5813117027282715
1.2266379594802856,3.9859750270843506,1.57831871509552
1.2266379594802856,3.9859750270843506,1.57831871509552
1.2257360219955444,3.9870476722717285,1.5766068696975708
1.224850058555603,3.9877676963806152,1.5758583545684814
1.224850058555603,3.9877676963806152,1.5758583545684814
1.2246432304382324,3.9880785942077637,1.5746920108795166
1.2245978116989136,3.988020896911621,1.5730094909667969
1.2245978116989136,3.988020896911621,1.5730094909667969
1.2233210802078247,3.9901156425476074,1.5744917392730713
1.2233210802078247,3.9901156425476074,1.5744917392730713
1.2219700813293457,3.991466522216797,1.5743306875228882
1.2228739261627197,3.9902524948120117,1.5724773406982422
1.221985101699829,3.989860773086548,1.5715352296829224
1.221985101699829,3.989860773086548,1.5715352296829224
1.220496416091919,3.989981174468994,1.569167137145996
1.2196592092514038,3.9906909465789795,1.5678890943527222
1.2196592092514038,3.9906909465789795,1.5678890943527222
1.2190747261047363,3.990571975708008,1.5658345222473145
1.218214750289917,3.9909818172454834,1.5643550157546997
1.2174166440963745,3.9913206100463867,1.5636231899261475
1.2174166440963745,3.9913206100463867,1.5636231899261475
1.2170228958129883,3.9918129444122314,1.5626583099365234
1.2166355848312378,3.9923360347747803,1.5611296892166138
1.2166355848312378,3.9923360347747803,1.5611296892166138
1.2146551609039307,3.9943721294403076,1.558591604232788
1.2146551609039307,3.9943721294403076,1.558591604232788
1.2126994132995605,3.9964780807495117,1.5554968118667603
1.2119193077087402,3.9972851276397705,1.5545895099639893
1.2119193077087402,3.9972851276397705,1.5545895099639893
1.2112877368927002,3.9980852603912354,1.5520397424697876
1.2112877368927002,3.9980852603912354,1.5520397424697876
1.209631085395813,4.000009059906006,1.551538348197937
1.207938313484192,4.001169204711914,1.5495940446853638
1.207329511642456,4.001841068267822,1.5485546588897705
1.2066928148269653,4.002538204193115,1.5468602180480957
1.2066928148269653,4.002538204193115,1.5468602180480957
1.204975962638855,4.003771781921387,1.544124960899353
1.204975962638855,4.003771781921387,1.544124960899353
1.2044538259506226,4.004376411437988,1.5441488027572632
1.2040587663650513,4.005147457122803,1.5443708896636963
1.2040587663650513,4.005147457122803,1.5443708896636963
1.2043626308441162,4.004659175872803,1.544549584388733
1.204484462738037,4.00471830368042,1.5446641445159912
1.2036865949630737,4.005417823791504,1.5432713031768799
1.201277494430542,4.00813627243042,1.541388988494873
1.2006189823150635,4.008913993835449,1.5416873693466187
1.2006189823150635,4.008913993835449,1.5416873693466187
1.201454997062683,4.008004665374756,1.5408159494400024
1.2022391557693481,4.007298946380615,1.5416823625564575
1.2022391557693481,4.007298946380615,1.5416823625564575
1.2022984027862549,4.00725793838501,1.5434273481369019
1.2024168968200684,4.006958961486816,1.5435643196105957
1.2024168968200684,4.006958961486816,1.5435643196105957
1.202107548713684,4.007277011871338,1.5418742895126343
1.2014786005020142,4.007594108581543,1.5412846803665161
1.2014786005020142,4.007594108581543,1.5412846803665161
1.2013001441955566,4.007822036743164,1.542722225189209
1.2013001441955566,4.007822036743164,1.542722225189209
1.202558159828186,4.006669044494629,1.543256163597107
1.2009596824645996,4.008234977722168,1.5423059463500977
1.2009596824645996,4.008234977722168,1.5423059463500977
1.1966301202774048,4.012423992156982,1.5400116443634033
1.1934586763381958,4.014533996582031,1.5349676609039307
1.1934586763381958,4.014533996582031,1.5349676609039307
1.1925374269485474,4.0163445472717285,1.5353844165802002
1.1916069984436035,4.017265796661377,1.536756992340088
1.1916069984436035,4.017265796661377,1.536756992340088
1.191535472869873,4.017709732055664,1.5380001068115234
1.1897146701812744,4.0203680992126465,1.5376182794570923
1.1897146701812744,4.0203680992126465,1.5376182794570923
1.1873830556869507,4.022984504699707,1.536242127418518
1.1861960887908936,4.024139881134033,1.535413384437561
1.1861960887908936,4.024139881134033,1.535413384437561
1.1844617128372192,4.025589466094971,1.5315182209014893
1.1844617128372192,4.025589466094971,1.5315182209014893
1.1821351051330566,4.028016090393066,1.5287028551101685
1.1813801527023315,4.028645038604736,1.5280048847198486
1.1813801527023315,4.028645038604736,1.5280048847198486
1.1796061992645264,4.029985427856445,1.5263761281967163
1.1782498359680176,4.031113624572754,1.5241174697875977
1.1782498359680176,4.031113624572754,1.5241174697875977
1.1768864393234253,4.032264709472656,1.5220340490341187
1.1768864393234253,4.032264709472656,1.5220340490341187
1.1738934516906738,4.035362720489502,1.5184000730514526
1.1712791919708252,4.038082599639893,1.5163029432296753
1.1712791919708252,4.038082599639893,1.5163029432296753
1.170829176902771,4.038645267486572,1.5142807960510254
1.170829176902771,4.038645267486572,1.5142807960510254
1.1696187257766724,4.040408611297607,1.514018177986145
1.1696187257766724,4.040408611297607,1.514018177986145
1.1685148477554321,4.040891170501709,1.5119272470474243
1.1676474809646606,4.041876316070557,1.5107903480529785
1.1671795845031738,4.04166316986084,1.5076566934585571
1.1671795845031738,4.04166316986084,1.5076566934585571
1.1663743257522583,4.042277812957764,1.5061211585998535
1.1663743257522583,4.042277812957764,1.5061211585998535
1.1657031774520874,4.042415618896484,1.5061686038970947
1.1656465530395508,4.041668891906738,1.5052953958511353
1.1656465530395508,4.041668891906738,1.5052953958511353
1.1643526554107666,4.042613506317139,1.5032906532287598
1.163502812385559,4.0430121421813965,1.501848816871643
1.163502812385559,4.0430121421813965,1.501848816871643
1.1609508991241455,4.045130729675293,1.4978861808776855
1.159105658531189,4.046706676483154,1.4967936277389526
1.159105658531189,4.046706676483154,1.4967936277389526
1.158642292022705,4.04709529876709,1.4957523345947266
1.1581827402114868,4.047542095184326,1.4937400817871094
1.1565420627593994,4.049437522888184,1.492598533630371
1.1565420627593994,4.049437522888184,1.492598533630371
1.1553624868392944,4.050294399261475,1.4915719032287598
1.1536391973495483,4.051551818847656,1.489874243736267
1.1523264646530151,4.053285121917725,1.4874930381774902
1.1514250040054321,4.054016590118408,1.4855207204818726
1.1514250040054321,4.054016590118408,1.4855207204818726
1.1509590148925781,4.054802417755127,1.4849761724472046
1.1501185894012451,4.0551838874816895,1.4848297834396362
1.149728775024414,4.055426597595215,1.4848090410232544
1.149728775024414,4.055426597595215,1.4848090410232544
1.1496461629867554,4.0554962158203125,1.4843915700912476
1.1501156091690063,4.0552659034729,1.4842848777770996
1.1501156091690063,4.0552659034729,1.4842848777770996
1.1492561101913452,4.056193828582764,1.4836076498031616
1.148554801940918,4.057110786437988,1.4841077327728271
1.1471655368804932,4.058751106262207,1.4852076768875122
1.1472299098968506,4.058232307434082,1.484147548675537
1.147094488143921,4.058450222015381,1.4846715927124023
1.1465383768081665,4.058788776397705,1.485683798789978
1.1465383768081665,4.058788776397705,1.485683798789978
1.1466741561889648,4.057768821716309,1.4863239526748657
1.1466741561889648,4.057768821716309,1.4863239526748657
1.1466045379638672,4.057683944702148,1.4868019819259644
1.1463671922683716,4.058169364929199,1.4875329732894897
1.1458667516708374,4.059226989746094,1.4894933700561523
1.146674394607544,4.058523178100586,1.4904611110687256
1.146674394607544,4.058523178100586,1.4904611110687256
1.1476398706436157,4.0573835372924805,1.4916064739227295
1.1481622457504272,4.057546138763428,1.492067575454712
1.1478455066680908,4.05842399597168,1.4931092262268066
1.147882103919983,4.058603763580322,1.4927467107772827
1.147882103919983,4.058603763580322,1.4927467107772827
1.1473448276519775,4.060098171234131,1.492995023727417
1.1475273370742798,4.060917377471924,1.4938610792160034
1.1475273370742798,4.060917377471924,1.4938610792160034
1.1485744714736938,4.060585021972656,1.4942476749420166
1.148713231086731,4.060502052307129,1.4944413900375366
1.148713231086731,4.060502052307129,1.4944413900375366
1.146505355834961,4.062623023986816,1.4932861328125
1.1394495964050293,4.073330402374268,1.4915837049484253
1.1362985372543335,4.073393821716309,1.4842976331710815
1.1362985372543335,4.073393821716309,1.4842976331710815
