x,y,z
2.249702215194702,2.9184889793395996,2.880552291870117
2.249702215194702,2.9184889793395996,2.880552291870117
2.2508091926574707,2.9203720092773438,2.876690149307251
2.2519471645355225,2.9214963912963867,2.87526798248291
2.2519471645355225,2.9214963912963867,2.87526798248291
2.253023147583008,2.9219281673431396,2.8745923042297363
2.2535512447357178,2.9218785762786865,2.8752810955047607
2.2535512447357178,2.9218785762786865,2.8752810955047607
2.253458023071289,2.9200966358184814,2.879312515258789
2.253458023071289,2.9200966358184814,2.879312515258789
2.256337881088257,2.921217679977417,2.881145715713501
2.2573885917663574,2.922027349472046,2.881375789642334
2.2573885917663574,2.922027349472046,2.881375789642334
2.2566890716552734,2.922884225845337,2.879976272583008
2.2556276321411133,2.924285888671875,2.8800978660583496
2.2556276321411133,2.924285888671875,2.8800978660583496
2.2571349143981934,2.924558401107788,2.881131887435913
2.2571349143981934,2.924558401107788,2.881131887435913
2.2576186656951904,2.9238264560699463,2.8832690715789795
2.2553396224975586,2.9221909046173096,2.886204719543457
2.2553396224975586,2.9221909046173096,2.886204719543457
2.2542295455932617,2.9219493865966797,2.88576340675354
2.2542295455932617,2.9219493865966797,2.88576340675354
2.2538676261901855,2.921322822570801,2.885845184326172
2.254523515701294,2.920564651489258,2.886368751525879
2.254523515701294,2.920564651489258,2.886368751525879
2.255915641784668,2.920203685760498,2.8850042819976807
2.255915641784668,2.920203685760498,2.8850042819976807
2.2568531036376953,2.9199836254119873,2.8849167823791504
2.2577757835388184,2.919762134552002,2.8866467475891113
2.2581398487091064,2.919611692428589,2.886647939682007
2.2581398487091064,2.919611692428589,2.886647939682007
2.2597320079803467,2.920433282852173,2.8868958950042725
2.2597320079803467,2.920433282852173,2.8868958950042725
2.2598633766174316,2.9198014736175537,2.889233350753784
2.260685682296753,2.919743776321411,2.890094518661499
2.260685682296753,2.919743776321411,2.890094518661499
2.261023759841919,2.9203505516052246,2.8884432315826416
2.261023759841919,2.9203505516052246,2.8884432315826416
2.2602319717407227,2.920894145965576,2.886720657348633
2.2575132846832275,2.920370578765869,2.888603687286377
2.2575132846832275,2.920370578765869,2.888603687286377
2.258578300476074,2.9202311038970947,2.891841173171997
2.258578300476074,2.9202311038970947,2.891841173171997
2.2600362300872803,2.9200899600982666,2.892782688140869
2.258699655532837,2.920736312866211,2.891085624694824
2.258699655532837,2.920736312866211,2.891085624694824
2.256696939468384,2.9227442741394043,2.8853812217712402
2.256696939468384,2.9227442741394043,2.8853812217712402
2.255600929260254,2.92350172996521,2.883596420288086
2.2545645236968994,2.9235048294067383,2.883906602859497
2.2545645236968994,2.9235048294067383,2.883906602859497
2.2552740573883057,2.922945737838745,2.8882501125335693
2.2552740573883057,2.922945737838745,2.8882501125335693
2.255913019180298,2.9213144779205322,2.8928427696228027
2.255913019180298,2.9213144779205322,2.8928427696228027
2.2554309368133545,2.919581413269043,2.895822048187256
2.2528746128082275,2.9184200763702393,2.898725986480713
2.2515556812286377,2.9173476696014404,2.900668144226074
2.2515556812286377,2.9173476696014404,2.900668144226074
2.249608039855957,2.915501356124878,2.9051477909088135
2.249608039855957,2.915501356124878,2.9051477909088135
2.2490227222442627,2.9140803813934326,2.9089646339416504
2.248568058013916,2.913158416748047,2.9123737812042236
2.248568058013916,2.913158416748047,2.9123737812042236
2.2471461296081543,2.9119763374328613,2.9155538082122803
2.2471461296081543,2.9119763374328613,2.9155538082122803
2.2473771572113037,2.910583257675171,2.919717311859131
2.2473771572113037,2.910583257675171,2.919717311859131
2.2464914321899414,2.9090771675109863,2.923577308654785
2.2443251609802246,2.907538890838623,2.9273996353149414
2.2443251609802246,2.907538890838623,2.9273996353149414
2.2441246509552,2.906726360321045,2.9303250312805176
2.2441246509552,2.906726360321045,2.9303250312805176
2.243598699569702,2.9063773155212402,2.9304890632629395
2.244149923324585,2.9060027599334717,2.929896831512451
2.244149923324585,2.9060027599334717,2.929896831512451
2.244536876678467,2.9053280353546143,2.929927349090576
2.244536876678467,2.9053280353546143,2.929927349090576
2.243528366088867,2.90447735786438,2.930316209793091
2.2428252696990967,2.902696371078491,2.932708501815796
2.2428252696990967,2.902696371078491,2.932708501815796
2.2444021701812744,2.9014718532562256,2.935805082321167
2.2444021701812744,2.9014718532562256,2.935805082321167
2.24645733833313,2.901867389678955,2.9363465309143066
2.2469820976257324,2.901495933532715,2.937290668487549
2.2469820976257324,2.901495933532715,2.937290668487549
2.2460873126983643,2.9014828205108643,2.93715763092041
2.246596336364746,2.901914119720459,2.937485456466675
2.246596336364746,2.901914119720459,2.937485456466675
2.2480106353759766,2.902528762817383,2.9377996921539307
2.248894214630127,2.902493476867676,2.9375953674316406
2.248894214630127,2.902493476867676,2.9375953674316406
2.249211311340332,2.9026856422424316,2.9379160404205322
2.249211311340332,2.9026856422424316,2.9379160404205322
2.2483925819396973,2.9022157192230225,2.939267873764038
2.249065399169922,2.901557445526123,2.942044973373413
2.249065399169922,2.901557445526123,2.942044973373413
2.249675989151001,2.9000275135040283,2.9462358951568604
2.249675989151001,2.9000275135040283,2.9462358951568604
2.24934983253479,2.8998405933380127,2.9505317211151123
2.24934983253479,2.8998405933380127,2.9505317211151123
2.2491331100463867,2.8996493816375732,2.953519105911255
2.249089479446411,2.8991143703460693,2.9542579650878906
2.249089479446411,2.8991143703460693,2.9542579650878906
2.249183177947998,2.8989365100860596,2.9546401500701904
2.249183177947998,2.8989365100860596,2.9546401500701904
2.248283863067627,2.8993349075317383,2.9533534049987793
2.2477965354919434,2.8996381759643555,2.95176362991333
2.2477965354919434,2.8996381759643555,2.95176362991333
2.2481815814971924,2.899688720703125,2.9523372650146484
2.2481815814971924,2.899688720703125,2.9523372650146484
2.2482407093048096,2.900052309036255,2.954047441482544
2.2458102703094482,2.8995888233184814,2.9555370807647705
2.244408369064331,2.8991754055023193,2.9560444355010986
2.244408369064331,2.8991754055023193,2.9560444355010986
2.24470591545105,2.899484872817993,2.9547505378723145
2.24470591545105,2.899484872817993,2.9547505378723145
2.2458577156066895,2.9007601737976074,2.951932907104492
2.245346784591675,2.901482582092285,2.9517998695373535
2.245346784591675,2.901482582092285,2.9517998695373535
2.243696928024292,2.901838541030884,2.9516024589538574
2.243696928024292,2.901838541030884,2.9516024589538574
2.2428622245788574,2.901169776916504,2.953403949737549
2.2428622245788574,2.901169776916504,2.953403949737549
2.2434866428375244,2.9002509117126465,2.957076072692871
2.2441189289093018,2.9010767936706543,2.956303358078003
2.2441189289093018,2.9010767936706543,2.956303358078003
2.242795944213867,2.9015042781829834,2.9547080993652344
2.2418999671936035,2.9029386043548584,2.953328847885132
2.2418999671936035,2.9029386043548584,2.953328847885132
2.2420811653137207,2.9036781787872314,2.9543421268463135
2.2420811653137207,2.9036781787872314,2.9543421268463135
2.2426271438598633,2.9026718139648438,2.9588756561279297
2.2413177490234375,2.9021501541137695,2.9620261192321777
2.2413177490234375,2.9021501541137695,2.9620261192321777
2.2399659156799316,2.901988983154297,2.9635515213012695
2.2399659156799316,2.901988983154297,2.9635515213012695
2.236539363861084,2.9015660285949707,2.964573383331299
2.2352449893951416,2.901360034942627,2.9645776748657227
2.2352449893951416,2.901360034942627,2.9645776748657227
2.2353971004486084,2.9006145000457764,2.9657888412475586
2.2360708713531494,2.8998122215270996,2.9684369564056396
2.2360708713531494,2.8998122215270996,2.9684369564056396
2.234529972076416,2.8979029655456543,2.9708902835845947
2.234337091445923,2.8973028659820557,2.9721920490264893
2.2341065406799316,2.896719455718994,2.9734716415405273
2.2341065406799316,2.896719455718994,2.9734716415405273
2.2361035346984863,2.89764666557312,2.9715871810913086
2.2361035346984863,2.89764666557312,2.9715871810913086
2.2369296550750732,2.8984951972961426,2.969386339187622
2.2360308170318604,2.8982789516448975,2.9692795276641846
2.2360308170318604,2.8982789516448975,2.9692795276641846
2.2356526851654053,2.8967952728271484,2.97402024269104
2.23740816116333,2.8965086936950684,2.9764466285705566
2.23740816116333,2.8965086936950684,2.9764466285705566
2.236999273300171,2.8960843086242676,2.979217529296875
2.236999273300171,2.8960843086242676,2.979217529296875
2.237921953201294,2.8981287479400635,2.976072072982788
2.2391886711120605,2.8999831676483154,2.9729151725769043
2.2391886711120605,2.8999831676483154,2.9729151725769043
2.239891290664673,2.901287794113159,2.969447135925293
2.239891290664673,2.901287794113159,2.969447135925293
2.240312337875366,2.9016342163085938,2.967733860015869
2.2385916709899902,2.9004058837890625,2.970144271850586
2.2385916709899902,2.9004058837890625,2.970144271850586
2.2374775409698486,2.899235725402832,2.9741055965423584
2.2374775409698486,2.899235725402832,2.9741055965423584
2.2377991676330566,2.8989782333374023,2.977250337600708
2.238250970840454,2.8983898162841797,2.977888584136963
2.238250970840454,2.8983898162841797,2.977888584136963
2.23848557472229,2.8979835510253906,2.9784035682678223
2.23848557472229,2.8979835510253906,2.9784035682678223
2.2386465072631836,2.898162841796875,2.978137731552124
2.2386465072631836,2.898162841796875,2.978137731552124
2.2378451824188232,2.8969109058380127,2.980196237564087
2.2361271381378174,2.8954734802246094,2.983628511428833
2.2361271381378174,2.8954734802246094,2.983628511428833
2.2360458374023438,2.895174264907837,2.986645221710205
2.2360458374023438,2.895174264907837,2.986645221710205
2.23585844039917,2.895421028137207,2.989280939102173
2.2359423637390137,2.8955063819885254,2.9902987480163574
2.2359423637390137,2.8955063819885254,2.9902987480163574
2.2353012561798096,2.8957302570343018,2.9904754161834717
2.2353012561798096,2.8957302570343018,2.9904754161834717
2.2350406646728516,2.8958442211151123,2.990532636642456
2.2354674339294434,2.895798444747925,2.9905998706817627
2.2354674339294434,2.895798444747925,2.9905998706817627
2.234876871109009,2.8954732418060303,2.9900269508361816
2.234876871109009,2.8954732418060303,2.9900269508361816
2.234841823577881,2.895143508911133,2.990730047225952
2.2360479831695557,2.89570689201355,2.9901390075683594
2.2360479831695557,2.89570689201355,2.9901390075683594
2.235985279083252,2.8963472843170166,2.9893293380737305
2.235985279083252,2.8963472843170166,2.9893293380737305
2.2354493141174316,2.8973472118377686,2.988713264465332
2.2347412109375,2.896968364715576,2.9905219078063965
2.2347412109375,2.896968364715576,2.9905219078063965
2.234342575073242,2.895808696746826,2.9947097301483154
2.234342575073242,2.895808696746826,2.9947097301483154
2.2347822189331055,2.894296884536743,2.9979476928710938
2.235278606414795,2.893562078475952,3.0003843307495117
2.235278606414795,2.893562078475952,3.0003843307495117
2.23429012298584,2.893724203109741,3.0001296997070312
2.2340500354766846,2.8937296867370605,3.000114679336548
2.2340500354766846,2.8937296867370605,3.000114679336548
2.2332260608673096,2.8936078548431396,2.9997341632843018
2.2332260608673096,2.8936078548431396,2.9997341632843018
2.2337632179260254,2.894418716430664,3.000051975250244
2.2339887619018555,2.895019054412842,2.9988820552825928
2.2339887619018555,2.895019054412842,2.9988820552825928
2.233431339263916,2.895541191101074,2.9981534481048584
2.233039140701294,2.8959407806396484,2.9979119300842285
2.233039140701294,2.8959407806396484,2.9979119300842285
2.232450246810913,2.895789861679077,2.9985697269439697
2.232450246810913,2.895789861679077,2.9985697269439697
2.2318685054779053,2.895493745803833,3.0004730224609375
2.231224298477173,2.8965296745300293,2.999560832977295
2.231224298477173,2.8965296745300293,2.999560832977295
2.231168031692505,2.89841365814209,2.997751474380493
2.231168031692505,2.89841365814209,2.997751474380493
2.2309763431549072,2.8994803428649902,2.9968976974487305
2.231515884399414,2.9003608226776123,2.997235059738159
2.231515884399414,2.9003608226776123,2.997235059738159
2.2301762104034424,2.9006423950195312,2.99841570854187
2.2301762104034424,2.9006423950195312,2.99841570854187
2.228963613510132,2.90208101272583,2.9978551864624023
2.2268636226654053,2.9032747745513916,2.997788429260254
2.2268636226654053,2.9032747745513916,2.997788429260254
2.2259457111358643,2.9038703441619873,2.997263193130493
2.2245991230010986,2.9040703773498535,2.9955637454986572
2.2245991230010986,2.9040703773498535,2.9955637454986572
2.222257137298584,2.904510259628296,2.9937121868133545
2.222257137298584,2.904510259628296,2.9937121868133545
2.221646308898926,2.9047248363494873,2.992685317993164
2.2223122119903564,2.9042131900787354,2.993469476699829
2.2223122119903564,2.9042131900787354,2.993469476699829
2.2221813201904297,2.902933120727539,2.9956841468811035
2.2221813201904297,2.902933120727539,2.9956841468811035
2.2208306789398193,2.9023067951202393,2.997176170349121
2.219264268875122,2.902318239212036,2.9964301586151123
2.219264268875122,2.902318239212036,2.9964301586151123
2.2185230255126953,2.902411937713623,2.9954473972320557
2.2185230255126953,2.902411937713623,2.9954473972320557
2.2186996936798096,2.9022321701049805,2.9982054233551025
2.217262029647827,2.9008827209472656,3.004310369491577
2.217262029647827,2.9008827209472656,3.004310369491577
2.216904640197754,2.899730920791626,3.0104362964630127
2.2163631916046143,2.8985118865966797,3.0160069465637207
2.2163631916046143,2.8985118865966797,3.0160069465637207
2.216057777404785,2.8983755111694336,3.0190916061401367
2.216057777404785,2.8983755111694336,3.0190916061401367
2.21417498588562,2.8976306915283203,3.0199484825134277
2.21417498588562,2.8976306915283203,3.0199484825134277
2.212689161300659,2.896866798400879,3.020613431930542
2.210737943649292,2.8946692943573,3.023750066757202
2.210737943649292,2.8946692943573,3.023750066757202
2.2093539237976074,2.8928897380828857,3.0273492336273193
2.2093539237976074,2.8928897380828857,3.0273492336273193
2.207674503326416,2.890514850616455,3.0321173667907715
2.207674503326416,2.890514850616455,3.0321173667907715
2.2071001529693604,2.8887224197387695,3.0363428592681885
2.20759654045105,2.888127565383911,3.0373709201812744
2.20759654045105,2.888127565383911,3.0373709201812744
2.2080984115600586,2.8872485160827637,3.0380446910858154
2.207284450531006,2.8859870433807373,3.0390195846557617
2.2054262161254883,2.884826183319092,3.040236711502075
2.2054262161254883,2.884826183319092,3.040236711502075
2.2067837715148926,2.8856847286224365,3.0418193340301514
2.2065834999084473,2.885545492172241,3.043665647506714
2.2065834999084473,2.885545492172241,3.043665647506714
2.206533432006836,2.8854634761810303,3.043588638305664
2.20438289642334,2.8856139183044434,3.0420525074005127
2.20438289642334,2.8856139183044434,3.0420525074005127
2.2029831409454346,2.8854734897613525,3.042656660079956
2.2029831409454346,2.8854734897613525,3.042656660079956
2.202359914779663,2.885533571243286,3.0434396266937256
2.2007946968078613,2.8844797611236572,3.0455057621002197
2.2007946968078613,2.8844797611236572,3.0455057621002197
2.2002627849578857,2.8832404613494873,3.0475046634674072
2.2002627849578857,2.8832404613494873,3.0475046634674072
2.2008254528045654,2.8823485374450684,3.049180269241333
2.2007577419281006,2.8819775581359863,3.049699544906616
2.2007577419281006,2.8819775581359863,3.049699544906616
2.200119733810425,2.8818578720092773,3.04938006401062
2.1995015144348145,2.8814940452575684,3.0505683422088623
2.1995015144348145,2.8814940452575684,3.0505683422088623
2.1978044509887695,2.880310297012329,3.0530478954315186
2.1978044509887695,2.880310297012329,3.0530478954315186
2.196381092071533,2.879944086074829,3.054050922393799
2.1925199031829834,2.877664804458618,3.056790351867676
2.1925199031829834,2.877664804458618,3.056790351867676
2.190106153488159,2.877526044845581,3.058709144592285
2.190106153488159,2.877526044845581,3.058709144592285
2.190079689025879,2.8779208660125732,3.060225009918213
2.189506769180298,2.8764467239379883,3.0614724159240723
2.189506769180298,2.8764467239379883,3.0614724159240723
2.189807653427124,2.877066135406494,3.063422918319702
2.189807653427124,2.877066135406494,3.063422918319702
2.1899025440216064,2.877197027206421,3.06687331199646
2.1903879642486572,2.8777217864990234,3.071338415145874
2.1903879642486572,2.8777217864990234,3.071338415145874
2.1883485317230225,2.8774287700653076,3.07535457611084
2.1883485317230225,2.8774287700653076,3.07535457611084
2.1889448165893555,2.878056764602661,3.078733205795288
2.1895787715911865,2.8788678646087646,3.07985258102417
2.1895787715911865,2.8788678646087646,3.07985258102417
2.18977689743042,2.879462242126465,3.080045700073242
2.18977689743042,2.879462242126465,3.080045700073242
2.189084053039551,2.879490375518799,3.080990791320801
2.18849515914917,2.879155158996582,3.0841245651245117
2.18849515914917,2.879155158996582,3.0841245651245117
2.1894514560699463,2.8793580532073975,3.086732864379883
2.1894514560699463,2.8793580532073975,3.086732864379883
2.1893537044525146,2.879686117172241,3.0873517990112305
2.1895506381988525,2.8809123039245605,3.0869312286376953
2.1895506381988525,2.8809123039245605,3.0869312286376953
2.1885244846343994,2.8820276260375977,3.0853898525238037
2.1885244846343994,2.8820276260375977,3.0853898525238037
2.186354398727417,2.881749153137207,3.085355281829834
2.1877927780151367,2.8818178176879883,3.086311101913452
2.18900203704834,2.8817880153656006,3.0857338905334473
2.18900203704834,2.8817880153656006,3.0857338905334473
2.189995765686035,2.8817543983459473,3.086060047149658
2.189995765686035,2.8817543983459473,3.086060047149658
2.1908371448516846,2.882106304168701,3.084791660308838
2.1908371448516846,2.882106304168701,3.084791660308838
2.1902685165405273,2.881330728530884,3.0848143100738525
2.1916093826293945,2.881401300430298,3.08476185798645
2.1916093826293945,2.881401300430298,3.08476185798645
2.1944847106933594,2.8803656101226807,3.0873141288757324
2.1951849460601807,2.8790359497070312,3.089956283569336
2.1938014030456543,2.877876043319702,3.0916385650634766
2.194774866104126,2.8777663707733154,3.0922939777374268
2.194774866104126,2.8777663707733154,3.0922939777374268
2.1940629482269287,2.875530242919922,3.0974578857421875
2.1940629482269287,2.875530242919922,3.0974578857421875
2.195455551147461,2.873396635055542,3.10374116897583
2.196549892425537,2.872422933578491,3.1065421104431152
2.196549892425537,2.872422933578491,3.1065421104431152
2.1971869468688965,2.8718223571777344,3.1073596477508545
2.1971869468688965,2.8718223571777344,3.1073596477508545
2.1965172290802,2.8720498085021973,3.1075923442840576
2.1965172290802,2.8720498085021973,3.1075923442840576
2.1960089206695557,2.8720622062683105,3.108457565307617
2.1968002319335938,2.8719756603240967,3.1102118492126465
2.1968002319335938,2.8719756603240967,3.1102118492126465
2.197826623916626,2.8712353706359863,3.1140055656433105
2.1982204914093018,2.870290994644165,3.1173853874206543
2.1982204914093018,2.870290994644165,3.1173853874206543
2.198542356491089,2.8701016902923584,3.1190967559814453
2.198542356491089,2.8701016902923584,3.1190967559814453
2.1996073722839355,2.8712244033813477,3.1185452938079834
2.2004013061523438,2.8719482421875,3.1182029247283936
2.2004013061523438,2.8719482421875,3.1182029247283936
2.1999154090881348,2.871844530105591,3.118594169616699
2.2002124786376953,2.872121810913086,3.1201064586639404
2.2002124786376953,2.872121810913086,3.1201064586639404
2.20074200630188,2.872643232345581,3.121267318725586
2.20074200630188,2.872643232345581,3.121267318725586
2.2011215686798096,2.8732070922851562,3.1211559772491455
2.2011215686798096,2.8732070922851562,3.1211559772491455
2.2007832527160645,2.8744213581085205,3.119072437286377
2.199801445007324,2.8745124340057373,3.1193573474884033
2.199801445007324,2.8745124340057373,3.1193573474884033
2.198962688446045,2.8738226890563965,3.121924638748169
2.198347330093384,2.873471736907959,3.1254708766937256
2.1963179111480713,2.873020887374878,3.1286001205444336
2.1963179111480713,2.873020887374878,3.1286001205444336
2.1937448978424072,2.8725218772888184,3.13198184967041
2.1937448978424072,2.8725218772888184,3.13198184967041
2.1912403106689453,2.8715507984161377,3.13464093208313
2.1896495819091797,2.8720812797546387,3.133375406265259
2.1896495819091797,2.8720812797546387,3.133375406265259
2.188455581665039,2.872260332107544,3.1320576667785645
2.188455581665039,2.872260332107544,3.1320576667785645
2.1880180835723877,2.871920585632324,3.130966901779175
2.1875195503234863,2.8719065189361572,3.131049871444702
2.186631202697754,2.871648073196411,3.131535768508911
2.1829428672790527,2.8701419830322266,3.134962797164917
2.1829428672790527,2.8701419830322266,3.134962797164917
2.1811537742614746,2.8694279193878174,3.1374475955963135
2.1811537742614746,2.8694279193878174,3.1374475955963135
2.1797327995300293,2.8692898750305176,3.137718439102173
2.1805503368377686,2.8698790073394775,3.1368751525878906
2.1811606884002686,2.8708765506744385,3.1356163024902344
2.1811606884002686,2.8708765506744385,3.1356163024902344
2.179694652557373,2.8721871376037598,3.133965253829956
2.179694652557373,2.8721871376037598,3.133965253829956
2.178741455078125,2.8724734783172607,3.134399890899658
2.1786303520202637,2.8718433380126953,3.1366653442382812
2.1786303520202637,2.8718433380126953,3.1366653442382812
2.1797826290130615,2.8721306324005127,3.1392831802368164
2.1797826290130615,2.8721306324005127,3.1392831802368164
2.17928409576416,2.871480703353882,3.1400797367095947
2.1781837940216064,2.871223211288452,3.140316963195801
2.1781837940216064,2.871223211288452,3.140316963195801
2.177926778793335,2.8705880641937256,3.1418447494506836
2.177926778793335,2.8705880641937256,3.1418447494506836
2.1783394813537598,2.8695664405822754,3.1447088718414307
2.177786350250244,2.8677871227264404,3.148571252822876
2.177786350250244,2.8677871227264404,3.148571252822876
2.175877094268799,2.866027355194092,3.1516730785369873
2.175877094268799,2.866027355194092,3.1516730785369873
2.176114320755005,2.865133285522461,3.1533803939819336
2.1771531105041504,2.8643462657928467,3.1541366577148438
2.1771531105041504,2.8643462657928467,3.1541366577148438
2.1771531105041504,2.8643462657928467,3.1541366577148438
2.1784965991973877,2.8640708923339844,3.1542153358459473
2.177889347076416,2.8634979724884033,3.1543362140655518
2.176588773727417,2.8636841773986816,3.1557090282440186
2.176588773727417,2.8636841773986816,3.1557090282440186
2.1766316890716553,2.863769769668579,3.157890796661377
2.1766316890716553,2.863769769668579,3.157890796661377
2.1766133308410645,2.86315655708313,3.160006523132324
2.1754374504089355,2.863191604614258,3.16081166267395
2.1754374504089355,2.863191604614258,3.16081166267395
2.173419237136841,2.86301589012146,3.160677433013916
2.1730988025665283,2.862682819366455,3.161231517791748
2.1730988025665283,2.862682819366455,3.161231517791748
2.1745893955230713,2.8625714778900146,3.1617956161499023
2.1745893955230713,2.8625714778900146,3.1617956161499023
2.1736929416656494,2.861952066421509,3.1634342670440674
2.1736929416656494,2.861952066421509,3.1634342670440674
2.1718504428863525,2.860963821411133,3.1656763553619385
2.172952175140381,2.86014461517334,3.1682887077331543
2.172952175140381,2.86014461517334,3.1682887077331543
2.1743505001068115,2.8602588176727295,3.1691694259643555
2.1743505001068115,2.8602588176727295,3.1691694259643555
2.1732289791107178,2.8598344326019287,3.1704580783843994
2.1732289791107178,2.8598344326019287,3.1704580783843994
2.1715548038482666,2.860464096069336,3.1704981327056885
2.169811725616455,2.8617775440216064,3.168806314468384
2.169811725616455,2.8617775440216064,3.168806314468384
2.1691248416900635,2.862243175506592,3.168703079223633
2.1691248416900635,2.862243175506592,3.168703079223633
2.167588710784912,2.8614730834960938,3.168612003326416
2.166853904724121,2.8609817028045654,3.1682679653167725
2.166853904724121,2.8609817028045654,3.1682679653167725
2.1662447452545166,2.8599090576171875,3.169348955154419
2.1662447452545166,2.8599090576171875,3.169348955154419
2.166393280029297,2.858981132507324,3.1700024604797363
2.1646952629089355,2.8575384616851807,3.172006130218506
2.1646952629089355,2.8575384616851807,3.172006130218506
2.1629021167755127,2.8572022914886475,3.1735363006591797
2.1624844074249268,2.857938528060913,3.173815965652466
2.1624844074249268,2.857938528060913,3.173815965652466
2.1609182357788086,2.8585596084594727,3.173117160797119
2.1609182357788086,2.8585596084594727,3.173117160797119
2.1601622104644775,2.85800838470459,3.1755058765411377
2.158504009246826,2.857581615447998,3.1777968406677246
2.158504009246826,2.857581615447998,3.1777968406677246
2.1555161476135254,2.85902738571167,3.179656744003296
2.155456304550171,2.8623952865600586,3.1780622005462646
2.155456304550171,2.8623952865600586,3.1780622005462646
2.155874490737915,2.8639512062072754,3.176346778869629
2.155874490737915,2.8639512062072754,3.176346778869629
2.1558423042297363,2.8636176586151123,3.178999662399292
2.1534526348114014,2.862508535385132,3.1826388835906982
2.1534526348114014,2.862508535385132,3.1826388835906982
2.149592638015747,2.862072229385376,3.184784412384033
2.149592638015747,2.862072229385376,3.184784412384033
2.1490509510040283,2.861755847930908,3.186919927597046
2.1510565280914307,2.8612451553344727,3.189615249633789
2.1510565280914307,2.8612451553344727,3.189615249633789
2.149491310119629,2.859830856323242,3.1935346126556396
2.149491310119629,2.859830856323242,3.1935346126556396
2.148012638092041,2.8592309951782227,3.1961405277252197
2.148629903793335,2.85845947265625,3.1997547149658203
2.148629903793335,2.85845947265625,3.1997547149658203
2.148310422897339,2.857074737548828,3.202850103378296
2.148310422897339,2.857074737548828,3.202850103378296
2.146329402923584,2.8564627170562744,3.204012393951416
2.1449596881866455,2.8557283878326416,3.2063510417938232
2.1436004638671875,2.8548662662506104,3.2069504261016846
2.1436004638671875,2.8548662662506104,3.2069504261016846
2.1430375576019287,2.8544082641601562,3.2095961570739746
2.1430375576019287,2.8544082641601562,3.2095961570739746
2.1427018642425537,2.8537840843200684,3.2127161026000977
2.142699956893921,2.8539185523986816,3.2134203910827637
2.141545295715332,2.8545660972595215,3.215078115463257
2.141545295715332,2.8545660972595215,3.215078115463257
2.141184091567993,2.855212688446045,3.2153244018554688
2.141184091567993,2.855212688446045,3.2153244018554688
2.141378164291382,2.855677843093872,3.2156219482421875
2.1407809257507324,2.8549444675445557,3.2174127101898193
2.1407809257507324,2.8549444675445557,3.2174127101898193
2.1393566131591797,2.8549084663391113,3.219265937805176
2.1393566131591797,2.8549084663391113,3.219265937805176
2.1388046741485596,2.855018377304077,3.2191522121429443
2.1402413845062256,2.855915069580078,3.2180166244506836
2.140697479248047,2.8562347888946533,3.217322587966919
2.140697479248047,2.8562347888946533,3.217322587966919
2.1408519744873047,2.8567020893096924,3.218494415283203
2.1408519744873047,2.8567020893096924,3.218494415283203
2.139052629470825,2.856659412384033,3.2193620204925537
2.139453887939453,2.855945587158203,3.220290422439575
2.139453887939453,2.855945587158203,3.220290422439575
2.1400578022003174,2.8559796810150146,3.219578504562378
2.1400578022003174,2.8559796810150146,3.219578504562378
2.139343500137329,2.855837106704712,3.2214276790618896
2.138110876083374,2.855680227279663,3.2222325801849365
2.138110876083374,2.855680227279663,3.2222325801849365
2.1370413303375244,2.8552987575531006,3.224243402481079
2.1370413303375244,2.8552987575531006,3.224243402481079
2.1368274688720703,2.855219841003418,3.226724147796631
2.1368274688720703,2.855219841003418,3.226724147796631
2.1362662315368652,2.855433702468872,3.2286996841430664
2.134006977081299,2.8550007343292236,3.2290472984313965
2.134006977081299,2.8550007343292236,3.2290472984313965
2.1335508823394775,2.8543789386749268,3.230733633041382
2.134099006652832,2.854063034057617,3.2328755855560303
2.134099006652832,2.854063034057617,3.2328755855560303
2.133023738861084,2.853170394897461,3.233825445175171
2.133023738861084,2.853170394897461,3.233825445175171
2.130706548690796,2.8524327278137207,3.2345147132873535
2.130706548690796,2.8524327278137207,3.2345147132873535
2.1295456886291504,2.8521127700805664,3.234818458557129
2.1306958198547363,2.8517394065856934,3.235219717025757
2.1306958198547363,2.8517394065856934,3.235219717025757
2.131746768951416,2.850968360900879,3.237081289291382
2.131746768951416,2.850968360900879,3.237081289291382
2.1318960189819336,2.850860834121704,3.2388689517974854
2.1322505474090576,2.8509509563446045,3.2414748668670654
2.1322505474090576,2.8509509563446045,3.2414748668670654
2.132503032684326,2.85017991065979,3.243950843811035
2.132687568664551,2.849410057067871,3.246323585510254
2.132687568664551,2.849410057067871,3.246323585510254
2.1332924365997314,2.848907470703125,3.2493271827697754
2.1332924365997314,2.848907470703125,3.2493271827697754
2.133394956588745,2.8479933738708496,3.2519657611846924
2.133394956588745,2.8479933738708496,3.2519657611846924
2.1343941688537598,2.8480982780456543,3.254032611846924
2.1347289085388184,2.84725022315979,3.2563588619232178
2.1347289085388184,2.84725022315979,3.2563588619232178
2.1355338096618652,2.8465230464935303,3.258293867111206
2.1355338096618652,2.8465230464935303,3.258293867111206
2.1364476680755615,2.846407175064087,3.257744073867798
2.1357624530792236,2.8460021018981934,3.256424903869629
2.1357624530792236,2.8460021018981934,3.256424903869629
2.1348447799682617,2.8456056118011475,3.2560677528381348
2.1348447799682617,2.8456056118011475,3.2560677528381348
2.136160135269165,2.8456575870513916,3.2569055557250977
2.1370441913604736,2.8446295261383057,3.26023530960083
2.1370441913604736,2.8446295261383057,3.26023530960083
2.1365416049957275,2.8438668251037598,3.2627227306365967
2.1365416049957275,2.8438668251037598,3.2627227306365967
2.1352338790893555,2.843461751937866,3.264758348464966
2.1363649368286133,2.8439295291900635,3.2647769451141357
2.136434555053711,2.84367036819458,3.2654073238372803
2.136434555053711,2.84367036819458,3.2654073238372803
2.1384177207946777,2.8433547019958496,3.266213893890381
2.1387038230895996,2.843142032623291,3.2670626640319824
2.1387038230895996,2.843142032623291,3.2670626640319824
2.1385366916656494,2.842902898788452,3.2694172859191895
2.1385366916656494,2.842902898788452,3.2694172859191895
2.135709762573242,2.841336488723755,3.275834321975708
2.1337177753448486,2.8414151668548584,3.279261350631714
2.1337177753448486,2.8414151668548584,3.279261350631714
2.1330478191375732,2.840973138809204,3.2841105461120605
2.1330478191375732,2.840973138809204,3.2841105461120605
2.1323132514953613,2.84041428565979,3.286311388015747
2.130087375640869,2.84016752243042,3.2871992588043213
2.130087375640869,2.84016752243042,3.2871992588043213
2.129606246948242,2.8397696018218994,3.2887086868286133
2.1295273303985596,2.839254856109619,3.289480686187744
2.1295273303985596,2.839254856109619,3.289480686187744
2.1282384395599365,2.8372743129730225,3.2950592041015625
2.126373767852783,2.836256742477417,3.299495220184326
2.126373767852783,2.836256742477417,3.299495220184326
2.126112461090088,2.8361730575561523,3.3023574352264404
2.126112461090088,2.8361730575561523,3.3023574352264404
2.126253604888916,2.8363125324249268,3.302335500717163
2.125403642654419,2.8371217250823975,3.302454710006714
2.125403642654419,2.8371217250823975,3.302454710006714
2.1250784397125244,2.8371682167053223,3.304276466369629
2.1250784397125244,2.8371682167053223,3.304276466369629
2.125502347946167,2.837160110473633,3.3055810928344727
2.1233716011047363,2.836090087890625,3.308694362640381
2.1232357025146484,2.8360838890075684,3.3094630241394043
2.1232357025146484,2.8360838890075684,3.3094630241394043
2.1227867603302,2.834347724914551,3.316826343536377
2.1246845722198486,2.8338663578033447,3.320542573928833
2.1246845722198486,2.8338663578033447,3.320542573928833
2.1238574981689453,2.834028720855713,3.3231091499328613
2.1238574981689453,2.834028720855713,3.3231091499328613
2.1231133937835693,2.833704710006714,3.3218114376068115
2.1231119632720947,2.8333804607391357,3.3220858573913574
2.1231119632720947,2.8333804607391357,3.3220858573913574
2.122993230819702,2.8333828449249268,3.32316517829895
2.122993230819702,2.8333828449249268,3.32316517829895
2.12237811088562,2.8327560424804688,3.325169324874878
2.121480703353882,2.8326263427734375,3.3279314041137695
2.1215670108795166,2.8327085971832275,3.3286690711975098
2.1215670108795166,2.8327085971832275,3.3286690711975098
2.121185064315796,2.83193039894104,3.3308658599853516
2.121185064315796,2.83193039894104,3.3308658599853516
2.121713399887085,2.8317606449127197,3.3319480419158936
2.122202157974243,2.831880807876587,3.331449031829834
2.122202157974243,2.831880807876587,3.331449031829834
2.121161699295044,2.8318982124328613,3.330109119415283
2.121161699295044,2.8318982124328613,3.330109119415283
2.1202614307403564,2.832096576690674,3.329873561859131
2.120201349258423,2.8317408561706543,3.33100962638855
2.120201349258423,2.8317408561706543,3.33100962638855
2.121227741241455,2.831897497177124,3.330481767654419
2.121227741241455,2.831897497177124,3.330481767654419
2.121741771697998,2.8320560455322266,3.3299927711486816
2.1219451427459717,2.832122564315796,3.329928398132324
2.1219451427459717,2.832122564315796,3.329928398132324
2.1208479404449463,2.8313634395599365,3.33064341545105
2.1208479404449463,2.8313634395599365,3.33064341545105
2.1212470531463623,2.830949306488037,3.332207441329956
2.1218392848968506,2.8310062885284424,3.3338162899017334
2.1218392848968506,2.8310062885284424,3.3338162899017334
2.1214370727539062,2.830641269683838,3.3346309661865234
2.1214370727539062,2.830641269683838,3.3346309661865234
2.1206154823303223,2.8303306102752686,3.3352975845336914
2.121575355529785,2.829805612564087,3.338280439376831
2.1217305660247803,2.8294918537139893,3.3395700454711914
2.1217305660247803,2.8294918537139893,3.3395700454711914
2.1217591762542725,2.829113483428955,3.3414347171783447
2.1217591762542725,2.829113483428955,3.3414347171783447
2.1205732822418213,2.8293418884277344,3.340695381164551
2.1206271648406982,2.829139471054077,3.341520071029663
2.1206963062286377,2.828917980194092,3.3426244258880615
2.1206963062286377,2.828917980194092,3.3426244258880615
2.121910333633423,2.829237222671509,3.3419547080993652
2.121910333633423,2.829237222671509,3.3419547080993652
2.1202385425567627,2.828381299972534,3.3412768840789795
2.118316411972046,2.8273203372955322,3.3411641120910645
2.118316411972046,2.8273203372955322,3.3411641120910645
2.1190125942230225,2.826016426086426,3.340885639190674
2.1190125942230225,2.826016426086426,3.340885639190674
2.120222806930542,2.8257789611816406,3.342417001724243
2.1205968856811523,2.825833797454834,3.3438940048217773
2.1205968856811523,2.825833797454834,3.3438940048217773
2.119694948196411,2.8258779048919678,3.34555721282959
2.119694948196411,2.8258779048919678,3.34555721282959
2.1196203231811523,2.8260886669158936,3.3468170166015625
2.121103525161743,2.8266139030456543,3.3488142490386963
2.121103525161743,2.8266139030456543,3.3488142490386963
2.1206541061401367,2.827369451522827,3.3497884273529053
2.1206541061401367,2.827369451522827,3.3497884273529053
2.1202759742736816,2.826827049255371,3.352769374847412
2.1205737590789795,2.826406240463257,3.355520725250244
2.1205737590789795,2.826406240463257,3.355520725250244
2.121290683746338,2.826744318008423,3.355254888534546
2.121290683746338,2.826744318008423,3.355254888534546
2.1207807064056396,2.827009677886963,3.354949474334717
2.120728015899658,2.82668399810791,3.3567254543304443
2.120728015899658,2.82668399810791,3.3567254543304443
2.119859457015991,2.8260104656219482,3.3607277870178223
2.119859457015991,2.8260104656219482,3.3607277870178223
2.120128631591797,2.825162410736084,3.365161418914795
2.1200168132781982,2.824714183807373,3.366818428039551
2.1189846992492676,2.823955535888672,3.368873357772827
2.1189846992492676,2.823955535888672,3.368873357772827
2.1191771030426025,2.8241448402404785,3.3710129261016846
2.1191771030426025,2.8241448402404785,3.3710129261016846
2.1194722652435303,2.823928117752075,3.3742949962615967
2.119141101837158,2.8233771324157715,3.378321886062622
2.119141101837158,2.8233771324157715,3.378321886062622
2.1182873249053955,2.822988271713257,3.3833510875701904
2.1182873249053955,2.822988271713257,3.3833510875701904
2.117371082305908,2.8221659660339355,3.387117385864258
2.117371082305908,2.8221659660339355,3.387117385864258
2.117586612701416,2.8216731548309326,3.3900668621063232
2.118009328842163,2.8211910724639893,3.3926379680633545
2.118009328842163,2.8211910724639893,3.3926379680633545
2.1164345741271973,2.8209142684936523,3.392812728881836
2.1164345741271973,2.8209142684936523,3.392812728881836
2.1148345470428467,2.821559190750122,3.392327308654785
2.114793300628662,2.8226566314697266,3.391477584838867
2.114793300628662,2.8226566314697266,3.391477584838867
2.1142971515655518,2.821455240249634,3.3914794921875
2.1142971515655518,2.821455240249634,3.3914794921875
2.114145040512085,2.8201942443847656,3.393249273300171
2.114145040512085,2.8201942443847656,3.393249273300171
2.1128318309783936,2.819349765777588,3.3949637413024902
2.112473249435425,2.8192806243896484,3.3956358432769775
2.112473249435425,2.8192806243896484,3.3956358432769775
2.1140077114105225,2.8194754123687744,3.3961868286132812
2.1140077114105225,2.8194754123687744,3.3961868286132812
2.1135499477386475,2.819807767868042,3.396859884262085
2.112481117248535,2.8192811012268066,3.4001235961914062
2.112481117248535,2.8192811012268066,3.4001235961914062
2.1125972270965576,2.818826913833618,3.402682304382324
2.1125972270965576,2.818826913833618,3.402682304382324
2.113250970840454,2.818985939025879,3.404104471206665
2.113018035888672,2.8191590309143066,3.4052672386169434
2.113018035888672,2.8191590309143066,3.4052672386169434
2.111236572265625,2.818922281265259,3.407742500305176
2.111236572265625,2.818922281265259,3.407742500305176
2.1099157333374023,2.8188576698303223,3.409191131591797
2.1096274852752686,2.8184778690338135,3.4100635051727295
2.109847068786621,2.8182125091552734,3.4102680683135986
2.109847068786621,2.8182125091552734,3.4102680683135986
2.109605550765991,2.817504644393921,3.4111015796661377
2.109605550765991,2.817504644393921,3.4111015796661377
2.108522653579712,2.8171470165252686,3.411635398864746
2.108522653579712,2.8171470165252686,3.411635398864746
2.108332395553589,2.815744638442993,3.414987802505493
2.1081573963165283,2.8143973350524902,3.4186246395111084
2.1081573963165283,2.8143973350524902,3.4186246395111084
2.1075024604797363,2.8133442401885986,3.4224441051483154
2.1073248386383057,2.812938928604126,3.4258763790130615
2.1073248386383057,2.812938928604126,3.4258763790130615
2.1084883213043213,2.813156843185425,3.4284815788269043
2.1107633113861084,2.813708543777466,3.4300172328948975
2.1107633113861084,2.813708543777466,3.4300172328948975
2.1110401153564453,2.8138020038604736,3.429813861846924
2.110125780105591,2.8142290115356445,3.430487632751465
2.110125780105591,2.8142290115356445,3.430487632751465
2.1107499599456787,2.8141117095947266,3.43247389793396
2.11169695854187,2.8137459754943848,3.4361536502838135
2.1119210720062256,2.8134636878967285,3.4374799728393555
2.1119210720062256,2.8134636878967285,3.4374799728393555
2.110605001449585,2.8127214908599854,3.4414656162261963
2.110605001449585,2.8127214908599854,3.4414656162261963
2.109589099884033,2.8116238117218018,3.4448704719543457
2.109589099884033,2.8116238117218018,3.4448704719543457
2.1085305213928223,2.8103959560394287,3.446960687637329
2.10762095451355,2.809361457824707,3.449289321899414
2.10762095451355,2.809361457824707,3.449289321899414
2.107210874557495,2.8087191581726074,3.451688766479492
2.107210874557495,2.8087191581726074,3.451688766479492
2.1046454906463623,2.8076858520507812,3.4566380977630615
2.1060891151428223,2.807420492172241,3.4603214263916016
2.1060891151428223,2.807420492172241,3.4603214263916016
2.107677936553955,2.8074448108673096,3.4651904106140137
2.107677936553955,2.8074448108673096,3.4651904106140137
2.107132911682129,2.8081705570220947,3.4671051502227783
2.1070308685302734,2.8091952800750732,3.4658594131469727
2.1070308685302734,2.8091952800750732,3.4658594131469727
2.1077165603637695,2.810102939605713,3.46525239944458
2.1083810329437256,2.8101813793182373,3.466369867324829
2.1083810329437256,2.8101813793182373,3.466369867324829
2.1083953380584717,2.810612678527832,3.4675071239471436
2.108285427093506,2.8106608390808105,3.467571496963501
2.108285427093506,2.8106608390808105,3.467571496963501
2.108853340148926,2.81070613861084,3.4682841300964355
2.108853340148926,2.81070613861084,3.4682841300964355
2.110182046890259,2.8105151653289795,3.4701385498046875
2.110182046890259,2.8105151653289795,3.4701385498046875
2.1111550331115723,2.810206651687622,3.4722375869750977
2.110555410385132,2.808093547821045,3.476424217224121
2.110555410385132,2.808093547821045,3.476424217224121
2.1100149154663086,2.807722806930542,3.4809205532073975
2.1100149154663086,2.807722806930542,3.4809205532073975
2.1087894439697266,2.8079264163970947,3.483538866043091
2.111049175262451,2.8079612255096436,3.486388683319092
2.111049175262451,2.8079612255096436,3.486388683319092
2.113109588623047,2.808143377304077,3.4888460636138916
2.113109588623047,2.808143377304077,3.4888460636138916
2.1129274368286133,2.807483434677124,3.493241310119629
2.112313985824585,2.807013988494873,3.49684476852417
2.112313985824585,2.807013988494873,3.49684476852417
2.1138978004455566,2.806732654571533,3.5002968311309814
2.1156961917877197,2.8065671920776367,3.5023458003997803
2.1156961917877197,2.8065671920776367,3.5023458003997803
2.1169869899749756,2.8060007095336914,3.503141403198242
2.1169869899749756,2.8060007095336914,3.503141403198242
2.1164591312408447,2.805952548980713,3.5017166137695312
2.116971492767334,2.8059380054473877,3.5005478858947754
2.116971492767334,2.8059380054473877,3.5005478858947754
2.117337942123413,2.8042662143707275,3.500917673110962
2.1192047595977783,2.803483009338379,3.502218246459961
2.1192047595977783,2.803483009338379,3.502218246459961
2.1208462715148926,2.8026726245880127,3.504889726638794
2.1208462715148926,2.8026726245880127,3.504889726638794
2.121835470199585,2.802614212036133,3.5067965984344482
2.123080015182495,2.803600549697876,3.5084574222564697
2.123080015182495,2.803600549697876,3.5084574222564697
2.125023365020752,2.8050644397735596,3.5076606273651123
2.1271166801452637,2.806058645248413,3.5077555179595947
2.1271166801452637,2.806058645248413,3.5077555179595947
2.1300759315490723,2.807384729385376,3.5067007541656494
2.1300759315490723,2.807384729385376,3.5067007541656494
2.1299140453338623,2.8079915046691895,3.5068752765655518
2.130382537841797,2.8086488246917725,3.506542682647705
2.130382537841797,2.8086488246917725,3.506542682647705
2.131387948989868,2.8083083629608154,3.5100436210632324
2.131387948989868,2.8083083629608154,3.5100436210632324
2.130988597869873,2.808302402496338,3.510962963104248
2.1304869651794434,2.80863356590271,3.5117061138153076
2.1304869651794434,2.80863356590271,3.5117061138153076
2.13057541847229,2.8091681003570557,3.510619640350342
2.13057541847229,2.8091681003570557,3.510619640350342
2.1296136379241943,2.8086330890655518,3.510852813720703
2.1281585693359375,2.808624267578125,3.5115344524383545
2.1281585693359375,2.808624267578125,3.5115344524383545
2.1279592514038086,2.8079135417938232,3.5137758255004883
2.1279592514038086,2.8079135417938232,3.5137758255004883
2.1282036304473877,2.807457208633423,3.517124652862549
2.127030372619629,2.8072171211242676,3.51991605758667
2.127030372619629,2.8072171211242676,3.51991605758667
2.1255879402160645,2.8071341514587402,3.5224294662475586
2.1255879402160645,2.8071341514587402,3.5224294662475586
2.125525951385498,2.8074944019317627,3.5225653648376465
2.1248514652252197,2.807481288909912,3.52473783493042
2.124708890914917,2.8079073429107666,3.5247879028320312
2.124708890914917,2.8079073429107666,3.5247879028320312
2.1250290870666504,2.8080053329467773,3.526325225830078
2.1250290870666504,2.8080053329467773,3.526325225830078
2.124215841293335,2.807250499725342,3.5300252437591553
2.124215841293335,2.807250499725342,3.5300252437591553
2.1240198612213135,2.8069028854370117,3.532799243927002
2.1237027645111084,2.806253671646118,3.5353991985321045
2.1237027645111084,2.806253671646118,3.5353991985321045
2.122774600982666,2.8047802448272705,3.5355827808380127
2.122774600982666,2.8047802448272705,3.5355827808380127
2.1220266819000244,2.8046181201934814,3.534339666366577
2.122284412384033,2.804986000061035,3.5338876247406006
2.122284412384033,2.804986000061035,3.5338876247406006
2.122170925140381,2.8052546977996826,3.535351037979126
2.122170925140381,2.8052546977996826,3.535351037979126
2.123152017593384,2.8056225776672363,3.5379269123077393
2.123382329940796,2.8060081005096436,3.539729595184326
2.123382329940796,2.8060081005096436,3.539729595184326
2.1226260662078857,2.806485652923584,3.540004014968872
2.122971534729004,2.8080015182495117,3.538156032562256
2.122971534729004,2.8080015182495117,3.538156032562256
2.12447452545166,2.8081421852111816,3.538520336151123
2.12447452545166,2.8081421852111816,3.538520336151123
2.1255900859832764,2.8075919151306152,3.539877414703369
2.1242082118988037,2.806751251220703,3.5423474311828613
2.1242082118988037,2.806751251220703,3.5423474311828613
2.1235029697418213,2.806079626083374,3.5446765422821045
2.1235029697418213,2.806079626083374,3.5446765422821045
2.1248791217803955,2.8056063652038574,3.544839382171631
2.1248791217803955,2.8056063652038574,3.544839382171631
2.124244213104248,2.8050899505615234,3.5451738834381104
2.123807907104492,2.8051884174346924,3.543564558029175
2.123807907104492,2.8051884174346924,3.543564558029175
2.1231067180633545,2.8049285411834717,3.544041633605957
2.122523069381714,2.804231882095337,3.546008825302124
2.122523069381714,2.804231882095337,3.546008825302124
2.1229095458984375,2.8036975860595703,3.547778606414795
2.1229095458984375,2.8036975860595703,3.547778606414795
2.122661828994751,2.8031725883483887,3.5512800216674805
2.12127947807312,2.8031716346740723,3.5536797046661377
2.12127947807312,2.8031716346740723,3.5536797046661377
2.1210663318634033,2.803030014038086,3.5556631088256836
2.1210663318634033,2.803030014038086,3.5556631088256836
2.1213109493255615,2.8035874366760254,3.5545294284820557
2.1213109493255615,2.8035874366760254,3.5545294284820557
2.120934247970581,2.8038041591644287,3.552588939666748
2.1213414669036865,2.804882049560547,3.5532848834991455
2.1213414669036865,2.804882049560547,3.5532848834991455
2.122774362564087,2.8049204349517822,3.556086301803589
2.122774362564087,2.8049204349517822,3.556086301803589
2.1228978633880615,2.8041770458221436,3.5606093406677246
2.1228978633880615,2.8041770458221436,3.5606093406677246
2.122316598892212,2.8036928176879883,3.5657854080200195
2.1223509311676025,2.8022987842559814,3.566293954849243
2.1223509311676025,2.8022987842559814,3.566293954849243
2.122065305709839,2.8017029762268066,3.56689453125
2.122065305709839,2.8017029762268066,3.56689453125
2.121791124343872,2.8012685775756836,3.5657126903533936
2.121791124343872,2.8012685775756836,3.5657126903533936
2.121426820755005,2.800586462020874,3.5653274059295654
2.121570587158203,2.800581455230713,3.565948724746704
2.121570587158203,2.800581455230713,3.565948724746704
2.120488166809082,2.801382541656494,3.5648415088653564
2.120488166809082,2.801382541656494,3.5648415088653564
2.122446298599243,2.802299976348877,3.564271926879883
2.123889207839966,2.8026437759399414,3.5634992122650146
2.123889207839966,2.8026437759399414,3.5634992122650146
2.1239817142486572,2.802989959716797,3.5649142265319824
2.1239817142486572,2.802989959716797,3.5649142265319824
2.123671293258667,2.8032755851745605,3.5686793327331543
2.1234989166259766,2.803450107574463,3.574033498764038
2.1234989166259766,2.803450107574463,3.574033498764038
2.1239166259765625,2.803940773010254,3.577075958251953
2.1239166259765625,2.803940773010254,3.577075958251953
2.123250961303711,2.804438352584839,3.577570915222168
2.1228015422821045,2.804835081100464,3.5768797397613525
2.1228015422821045,2.804835081100464,3.5768797397613525
2.1232128143310547,2.8049874305725098,3.575397253036499
2.1232128143310547,2.8049874305725098,3.575397253036499
2.1230149269104004,2.8046875,3.5747592449188232
2.1224608421325684,2.8040499687194824,3.5755136013031006
2.1224608421325684,2.8040499687194824,3.5755136013031006
2.1217310428619385,2.8031227588653564,3.5767998695373535
2.1217310428619385,2.8031227588653564,3.5767998695373535
2.122018575668335,2.802161931991577,3.578685998916626
2.122119426727295,2.801525831222534,3.5789172649383545
2.122119426727295,2.801525831222534,3.5789172649383545
2.122075080871582,2.800529956817627,3.5793752670288086
2.122075080871582,2.800529956817627,3.5793752670288086
2.1214122772216797,2.8000237941741943,3.58111834526062
2.121455430984497,2.799848794937134,3.5825142860412598
2.121455430984497,2.799848794937134,3.5825142860412598
2.123093605041504,2.7995831966400146,3.5847361087799072
2.123093605041504,2.7995831966400146,3.5847361087799072
2.123676300048828,2.800002336502075,3.584648370742798
2.123676300048828,2.800002336502075,3.584648370742798
2.1243386268615723,2.8011302947998047,3.5820133686065674
2.1234445571899414,2.800849437713623,3.581096887588501
2.1234445571899414,2.800849437713623,3.581096887588501
2.123225212097168,2.8004791736602783,3.5814390182495117
2.123359203338623,2.8003387451171875,3.5826025009155273
2.123359203338623,2.8003387451171875,3.5826025009155273
2.1229090690612793,2.7996826171875,3.5861690044403076
2.1229090690612793,2.7996826171875,3.5861690044403076
2.1223254203796387,2.799943208694458,3.589848756790161
2.122556686401367,2.8005073070526123,3.5919628143310547
2.1236767768859863,2.800701856613159,3.5924935340881348
2.1236767768859863,2.800701856613159,3.5924935340881348
2.1229488849639893,2.801373243331909,3.592027187347412
2.1229488849639893,2.801373243331909,3.592027187347412
2.122889280319214,2.802427291870117,3.591423749923706
2.1226093769073486,2.802497386932373,3.592895269393921
2.1226093769073486,2.802497386932373,3.592895269393921
2.122649669647217,2.801846742630005,3.595526933670044
2.122649669647217,2.801846742630005,3.595526933670044
2.1211395263671875,2.801361560821533,3.5982024669647217
2.1203150749206543,2.8013463020324707,3.5999324321746826
2.1203150749206543,2.8013463020324707,3.5999324321746826
2.12111234664917,2.8014755249023438,3.6007773876190186
2.12111234664917,2.8014755249023438,3.6007773876190186
2.1223537921905518,2.801046848297119,3.600996255874634
2.1215693950653076,2.8011720180511475,3.6006712913513184
2.1215693950653076,2.8011720180511475,3.6006712913513184
2.119168281555176,2.8005828857421875,3.602555513381958
2.117772102355957,2.8000965118408203,3.6063754558563232
2.117772102355957,2.8000965118408203,3.6063754558563232
2.120187997817993,2.8005518913269043,3.608664035797119
2.120187997817993,2.8005518913269043,3.608664035797119
2.120792865753174,2.8007497787475586,3.6083426475524902
2.1202080249786377,2.80068039894104,3.6080498695373535
2.1202080249786377,2.80068039894104,3.6080498695373535
2.1194722652435303,2.801085948944092,3.6072914600372314
2.1194722652435303,2.801085948944092,3.6072914600372314
2.120250940322876,2.80083966255188,3.6087517738342285
2.1218271255493164,2.801041603088379,3.607724905014038
2.1218271255493164,2.801041603088379,3.607724905014038
2.1207919120788574,2.801596164703369,3.6058483123779297
2.1207919120788574,2.801596164703369,3.6058483123779297
2.1207826137542725,2.8025200366973877,3.604980230331421
2.1213693618774414,2.802428722381592,3.6068103313446045
2.1213693618774414,2.802428722381592,3.6068103313446045
2.121386766433716,2.8013100624084473,3.6098639965057373
2.121386766433716,2.8013100624084473,3.6098639965057373
2.1169521808624268,2.7998056411743164,3.6148734092712402
2.1169521808624268,2.7998056411743164,3.6148734092712402
2.1151111125946045,2.7991597652435303,3.6157686710357666
2.1160404682159424,2.7986199855804443,3.6165056228637695
2.1160404682159424,2.7986199855804443,3.6165056228637695
2.1174025535583496,2.7982394695281982,3.615903377532959
2.117816209793091,2.798426866531372,3.614955186843872
2.117816209793091,2.798426866531372,3.614955186843872
2.118018865585327,2.79903507232666,3.61441969871521
2.118018865585327,2.79903507232666,3.61441969871521
2.117591619491577,2.799145221710205,3.614654064178467
2.121009111404419,2.7997028827667236,3.616199016571045
2.121009111404419,2.7997028827667236,3.616199016571045
2.1224913597106934,2.7988696098327637,3.6203930377960205
2.1224913597106934,2.7988696098327637,3.6203930377960205
2.1202287673950195,2.7983105182647705,3.624837875366211
2.1202287673950195,2.7983105182647705,3.624837875366211
2.1182968616485596,2.7983193397521973,3.62892484664917
2.118748188018799,2.797858238220215,3.631833076477051
2.119825839996338,2.7978005409240723,3.632446765899658
2.119825839996338,2.7978005409240723,3.632446765899658
2.1184568405151367,2.7971084117889404,3.632657289505005
2.1159846782684326,2.796931743621826,3.631293535232544
2.114530563354492,2.796577215194702,3.6311283111572266
2.114530563354492,2.796577215194702,3.6311283111572266
2.1155660152435303,2.79719877243042,3.6310834884643555
2.1163408756256104,2.797767162322998,3.6307389736175537
2.1163408756256104,2.797767162322998,3.6307389736175537
2.1177515983581543,2.798659086227417,3.6297848224639893
2.116771697998047,2.7990424633026123,3.631084680557251
2.116771697998047,2.7990424633026123,3.631084680557251
2.1163249015808105,2.7992868423461914,3.6318600177764893
2.116110324859619,2.7991507053375244,3.6357264518737793
2.116110324859619,2.7991507053375244,3.6357264518737793
2.1160404682159424,2.798638343811035,3.638848066329956
2.1160404682159424,2.798638343811035,3.638848066329956
2.116285800933838,2.7988314628601074,3.638925075531006
2.116285800933838,2.7988314628601074,3.638925075531006
2.1159727573394775,2.799099922180176,3.6373274326324463
2.115237236022949,2.798628807067871,3.638219118118286
2.115237236022949,2.798628807067871,3.638219118118286
2.1149721145629883,2.7978124618530273,3.640035390853882
2.114483594894409,2.7973005771636963,3.6400139331817627
2.114483594894409,2.7973005771636963,3.6400139331817627
2.1137309074401855,2.795606851577759,3.641557216644287
2.113715171813965,2.793971300125122,3.643920421600342
2.113715171813965,2.793971300125122,3.643920421600342
2.1136834621429443,2.793015956878662,3.644243001937866
2.115009307861328,2.7927675247192383,3.645127773284912
2.115009307861328,2.7927675247192383,3.645127773284912
2.116158962249756,2.7930126190185547,3.644821882247925
2.116158962249756,2.7930126190185547,3.644821882247925
2.114689350128174,2.7936084270477295,3.6434569358825684
2.1141889095306396,2.7941150665283203,3.643145799636841
2.1141889095306396,2.7941150665283203,3.643145799636841
2.11680269241333,2.7952613830566406,3.6447360515594482
2.1171631813049316,2.7967076301574707,3.646101713180542
2.1171631813049316,2.7967076301574707,3.646101713180542
2.116696357727051,2.7972371578216553,3.6486763954162598
2.116696357727051,2.7972371578216553,3.6486763954162598
2.115093231201172,2.797121524810791,3.651451587677002
2.115093231201172,2.797121524810791,3.651451587677002
2.113924264907837,2.7971224784851074,3.6546568870544434
2.114656448364258,2.7966670989990234,3.6588287353515625
2.114656448364258,2.7966670989990234,3.6588287353515625
2.113450527191162,2.795901298522949,3.6623952388763428
2.113450527191162,2.795901298522949,3.6623952388763428
2.1114206314086914,2.7959885597229004,3.6669890880584717
2.1123557090759277,2.794949769973755,3.6727471351623535
2.113034248352051,2.7946579456329346,3.6761491298675537
2.113034248352051,2.7946579456329346,3.6761491298675537
2.1133410930633545,2.7938711643218994,3.6790809631347656
2.1133410930633545,2.7938711643218994,3.6790809631347656
2.111584424972534,2.7922933101654053,3.681852102279663
2.110957384109497,2.7913880348205566,3.6839022636413574
2.110957384109497,2.7913880348205566,3.6839022636413574
2.110957384109497,2.7913880348205566,3.6839022636413574
2.1119234561920166,2.791181802749634,3.684871196746826
2.113285541534424,2.790342092514038,3.6869471073150635
2.112431764602661,2.7896971702575684,3.687458038330078
2.112431764602661,2.7896971702575684,3.687458038330078
2.11044979095459,2.789480209350586,3.686837911605835
2.11044979095459,2.789480209350586,3.686837911605835
2.113069772720337,2.790410041809082,3.684612512588501
2.114123582839966,2.790384531021118,3.6837644577026367
2.114123582839966,2.790384531021118,3.6837644577026367
2.115302562713623,2.7905848026275635,3.6844961643218994
2.115302562713623,2.7905848026275635,3.6844961643218994
2.115262269973755,2.790288209915161,3.6858718395233154
2.113947629928589,2.790051221847534,3.6881234645843506
2.11393141746521,2.789979934692383,3.6891391277313232
2.11393141746521,2.789979934692383,3.6891391277313232
2.1141343116760254,2.7893784046173096,3.692023277282715
2.1141343116760254,2.7893784046173096,3.692023277282715
2.1151771545410156,2.7892744541168213,3.693277359008789
2.1164534091949463,2.7896270751953125,3.6946792602539062
2.1164534091949463,2.7896270751953125,3.6946792602539062
2.117018461227417,2.7913191318511963,3.6949846744537354
2.117018461227417,2.7913191318511963,3.6949846744537354
2.116264820098877,2.7925472259521484,3.696293592453003
2.116338014602661,2.7926766872406006,3.6972708702087402
2.1179614067077637,2.7928075790405273,3.702216148376465
2.1179614067077637,2.7928075790405273,3.702216148376465
2.1169533729553223,2.7920117378234863,3.703162431716919
2.1169533729553223,2.7920117378234863,3.703162431716919
2.1155591011047363,2.791360378265381,3.7038040161132812
2.1155591011047363,2.791360378265381,3.7038040161132812
2.1159987449645996,2.791363000869751,3.703123092651367
2.117366075515747,2.7912771701812744,3.702878475189209
2.117366075515747,2.7912771701812744,3.702878475189209
2.117588758468628,2.791264295578003,3.7038118839263916
2.116844892501831,2.7919373512268066,3.7049031257629395
2.116844892501831,2.7919373512268066,3.7049031257629395
2.116370439529419,2.7922544479370117,3.7083401679992676
2.116370439529419,2.7922544479370117,3.7083401679992676
2.1164968013763428,2.7916414737701416,3.710501194000244
2.116159439086914,2.791445255279541,3.711491107940674
2.116159439086914,2.791445255279541,3.711491107940674
2.1151468753814697,2.7914226055145264,3.711122512817383
2.1151468753814697,2.7914226055145264,3.711122512817383
2.114239454269409,2.7914083003997803,3.711937665939331
2.1145100593566895,2.791376829147339,3.713632345199585
2.1145100593566895,2.791376829147339,3.713632345199585
2.113406181335449,2.790609359741211,3.7164947986602783
2.113406181335449,2.790609359741211,3.7164947986602783
2.1123266220092773,2.7902109622955322,3.7186689376831055
2.1123266220092773,2.7902109622955322,3.7186689376831055
2.1127684116363525,2.7907192707061768,3.7191600799560547
2.1138734817504883,2.791501998901367,3.719341993331909
2.1138734817504883,2.791501998901367,3.719341993331909
2.1145501136779785,2.7921581268310547,3.7199251651763916
2.114487648010254,2.792665958404541,3.7204511165618896
2.114487648010254,2.792665958404541,3.7204511165618896
2.1134562492370605,2.793313503265381,3.7211906909942627
2.1134562492370605,2.793313503265381,3.7211906909942627
2.1138811111450195,2.792724609375,3.7216379642486572
2.1138811111450195,2.792724609375,3.7216379642486572
2.1141932010650635,2.7914137840270996,3.722562789916992
2.114558219909668,2.791250228881836,3.722604990005493
2.114558219909668,2.791250228881836,3.722604990005493
2.1145355701446533,2.791792392730713,3.7230851650238037
2.1144983768463135,2.792163848876953,3.725149631500244
2.1144983768463135,2.792163848876953,3.725149631500244
2.115199327468872,2.7932307720184326,3.7256081104278564
2.115199327468872,2.7932307720184326,3.7256081104278564
2.1151788234710693,2.7937142848968506,3.7260565757751465
2.1153311729431152,2.79403018951416,3.726902723312378
2.1153311729431152,2.79403018951416,3.726902723312378
2.116044759750366,2.7946248054504395,3.7273261547088623
2.116044759750366,2.7946248054504395,3.7273261547088623
2.1155006885528564,2.794896125793457,3.7275938987731934
2.1155006885528564,2.794896125793457,3.7275938987731934
2.1157615184783936,2.7952704429626465,3.729462146759033
2.1168229579925537,2.7953338623046875,3.731710195541382
2.1168229579925537,2.7953338623046875,3.731710195541382
2.1154229640960693,2.795217514038086,3.734403133392334
2.1154229640960693,2.795217514038086,3.734403133392334
2.115382432937622,2.7941055297851562,3.737933874130249
2.1154367923736572,2.793266773223877,3.7415473461151123
2.1154367923736572,2.793266773223877,3.7415473461151123
2.1161184310913086,2.792917251586914,3.742311954498291
2.1161184310913086,2.792917251586914,3.742311954498291
2.1158173084259033,2.792531728744507,3.742246389389038
2.115018844604492,2.7920916080474854,3.7408783435821533
2.115018844604492,2.7920916080474854,3.7408783435821533
2.1144464015960693,2.791874647140503,3.7412021160125732
2.115222930908203,2.7916486263275146,3.7425742149353027
2.115222930908203,2.7916486263275146,3.7425742149353027
2.114285707473755,2.7911694049835205,3.7431771755218506
2.114285707473755,2.7911694049835205,3.7431771755218506
2.112865686416626,2.790714740753174,3.7445974349975586
2.112557888031006,2.790271759033203,3.7458486557006836
2.112557888031006,2.790271759033203,3.7458486557006836
2.112950563430786,2.7898101806640625,3.7471985816955566
2.112950563430786,2.7898101806640625,3.7471985816955566
2.1130740642547607,2.789198398590088,3.7478384971618652
2.1130740642547607,2.789198398590088,3.7478384971618652
2.1131086349487305,2.7886104583740234,3.750152111053467
2.1150267124176025,2.788897752761841,3.7513914108276367
2.1150267124176025,2.788897752761841,3.7513914108276367
2.117408275604248,2.7887256145477295,3.7522499561309814
2.117408275604248,2.7887256145477295,3.7522499561309814
2.1191701889038086,2.7890970706939697,3.7529428005218506
2.1196811199188232,2.789854049682617,3.7543771266937256
2.1196811199188232,2.789854049682617,3.7543771266937256
2.1207621097564697,2.790860891342163,3.7557687759399414
2.1207621097564697,2.790860891342163,3.7557687759399414
2.1215980052948,2.790799140930176,3.7562692165374756
2.1221275329589844,2.791043996810913,3.755713939666748
2.1221275329589844,2.791043996810913,3.755713939666748
2.1227469444274902,2.7915947437286377,3.754462957382202
2.1226251125335693,2.792454957962036,3.7515933513641357
2.1226251125335693,2.792454957962036,3.7515933513641357
2.123340368270874,2.7928972244262695,3.751269578933716
2.1236534118652344,2.7922208309173584,3.751640558242798
2.1238327026367188,2.7922961711883545,3.751833200454712
2.1238327026367188,2.7922961711883545,3.751833200454712
2.122185230255127,2.7918243408203125,3.7526817321777344
2.122185230255127,2.7918243408203125,3.7526817321777344
2.1209640502929688,2.7911155223846436,3.755012035369873
2.121267557144165,2.7907636165618896,3.757524251937866
2.121267557144165,2.7907636165618896,3.757524251937866
2.121720314025879,2.7908060550689697,3.75917911529541
2.121720314025879,2.7908060550689697,3.75917911529541
2.120357036590576,2.7908060550689697,3.7605059146881104
2.1185898780822754,2.790964126586914,3.762575626373291
2.1185898780822754,2.790964126586914,3.762575626373291
2.118183135986328,2.7911925315856934,3.7632195949554443
2.117724657058716,2.791090726852417,3.765418291091919
2.117724657058716,2.791090726852417,3.765418291091919
2.116853952407837,2.7907464504241943,3.7674505710601807
2.116396188735962,2.791097640991211,3.768120765686035
2.116396188735962,2.791097640991211,3.768120765686035
2.115597724914551,2.791076421737671,3.7682371139526367
2.115597724914551,2.791076421737671,3.7682371139526367
2.1149208545684814,2.790855646133423,3.768536329269409
2.115974187850952,2.791480541229248,3.768801212310791
2.115974187850952,2.791480541229248,3.768801212310791
2.1164088249206543,2.791700839996338,3.7686233520507812
2.1164088249206543,2.791700839996338,3.7686233520507812
2.1156632900238037,2.79195237159729,3.7688612937927246
2.1170196533203125,2.7923808097839355,3.7689733505249023
2.1170196533203125,2.7923808097839355,3.7689733505249023
2.1180458068847656,2.7923781871795654,3.768082618713379
2.116987943649292,2.7916877269744873,3.764892816543579
2.116987943649292,2.7916877269744873,3.764892816543579
2.1178951263427734,2.7913427352905273,3.7627980709075928
2.1178951263427734,2.7913427352905273,3.7627980709075928
2.1185781955718994,2.7908425331115723,3.763253688812256
2.1176273822784424,2.7896859645843506,3.766627550125122
2.117569923400879,2.7899420261383057,3.769535779953003
2.117569923400879,2.7899420261383057,3.769535779953003
2.117661714553833,2.789867877960205,3.774423122406006
2.117661714553833,2.789867877960205,3.774423122406006
2.117403030395508,2.7891950607299805,3.778184652328491
2.117403030395508,2.7891950607299805,3.778184652328491
2.1160635948181152,2.789034128189087,3.7811663150787354
2.116802215576172,2.7896885871887207,3.7845752239227295
2.116802215576172,2.7896885871887207,3.7845752239227295
2.115976095199585,2.7894668579101562,3.788335084915161
2.115976095199585,2.7894668579101562,3.788335084915161
2.1165406703948975,2.7904489040374756,3.7924633026123047
2.1176676750183105,2.7908031940460205,3.795396566390991
2.1176676750183105,2.7908031940460205,3.795396566390991
2.119143009185791,2.791341543197632,3.796466827392578
2.119143009185791,2.791341543197632,3.796466827392578
2.11873459815979,2.791688919067383,3.7964508533477783
2.118530511856079,2.7918686866760254,3.798725128173828
2.118530511856079,2.7918686866760254,3.798725128173828
2.1197426319122314,2.7917473316192627,3.8039021492004395
2.1197426319122314,2.7917473316192627,3.8039021492004395
2.1176977157592773,2.7911441326141357,3.807722806930542
2.11871600151062,2.7907533645629883,3.809859275817871
2.11871600151062,2.7907533645629883,3.809859275817871
2.1176815032958984,2.790177583694458,3.810239315032959
2.1176815032958984,2.790177583694458,3.810239315032959
2.1177892684936523,2.7895686626434326,3.811167001724243
2.118438959121704,2.7891321182250977,3.8127150535583496
2.118438959121704,2.7891321182250977,3.8127150535583496
2.117050886154175,2.787716865539551,3.81594181060791
2.117050886154175,2.787716865539551,3.81594181060791
2.1164870262145996,2.786834716796875,3.8187472820281982
2.1164870262145996,2.786834716796875,3.8187472820281982
2.116982936859131,2.785939931869507,3.8202524185180664
2.118577718734741,2.78505277633667,3.821117639541626
2.118577718734741,2.78505277633667,3.821117639541626
2.118048906326294,2.7851150035858154,3.8199071884155273
2.118048906326294,2.7851150035858154,3.8199071884155273
2.1176226139068604,2.7852566242218018,3.8191051483154297
2.1199557781219482,2.7856831550598145,3.8196215629577637
2.1199557781219482,2.7856831550598145,3.8196215629577637
2.119410991668701,2.7849788665771484,3.8216543197631836
2.119410991668701,2.7849788665771484,3.8216543197631836
2.118945837020874,2.785579204559326,3.8223211765289307
2.119394540786743,2.7863199710845947,3.8233561515808105
2.119394540786743,2.7863199710845947,3.8233561515808105
2.1211514472961426,2.786198139190674,3.8242764472961426
2.1211514472961426,2.786198139190674,3.8242764472961426
2.121612071990967,2.7863569259643555,3.824612617492676
2.1197547912597656,2.786451578140259,3.8251702785491943
2.1197547912597656,2.786451578140259,3.8251702785491943
2.1180903911590576,2.7868120670318604,3.826692581176758
2.1180903911590576,2.7868120670318604,3.826692581176758
2.1187222003936768,2.7874059677124023,3.8275632858276367
2.1193413734436035,2.7870893478393555,3.82780122756958
2.1193413734436035,2.7870893478393555,3.82780122756958
2.118499755859375,2.787081003189087,3.828078508377075
2.118499755859375,2.787081003189087,3.828078508377075
2.117786407470703,2.7873871326446533,3.827003240585327
2.1185126304626465,2.787198781967163,3.8284833431243896
2.1185126304626465,2.787198781967163,3.8284833431243896
2.1175737380981445,2.7868707180023193,3.8276443481445312
2.1175737380981445,2.7868707180023193,3.8276443481445312
2.115290641784668,2.786672353744507,3.827030658721924
2.115290641784668,2.786672353744507,3.827030658721924
2.1143455505371094,2.7862045764923096,3.8279054164886475
2.1140575408935547,2.7858517169952393,3.8291852474212646
2.1140575408935547,2.7858517169952393,3.8291852474212646
2.1140003204345703,2.785654067993164,3.8305978775024414
2.1130335330963135,2.785202741622925,3.8327629566192627
2.1130335330963135,2.785202741622925,3.8327629566192627
2.113164186477661,2.7858023643493652,3.8324685096740723
2.113164186477661,2.7858023643493652,3.8324685096740723
2.114537000656128,2.786313533782959,3.831552505493164
2.1153414249420166,2.7858080863952637,3.8323826789855957
2.1153414249420166,2.7858080863952637,3.8323826789855957
2.1156086921691895,2.786184072494507,3.8341763019561768
2.1156086921691895,2.786184072494507,3.8341763019561768
2.114462375640869,2.786332607269287,3.8368172645568848
2.114462375640869,2.786332607269287,3.8368172645568848
2.1150577068328857,2.786381959915161,3.837994337081909
2.1151270866394043,2.7863922119140625,3.83413028717041
2.1151270866394043,2.7863922119140625,3.83413028717041
2.1146774291992188,2.7870280742645264,3.8328499794006348
2.1146774291992188,2.7870280742645264,3.8328499794006348
2.115699052810669,2.7867045402526855,3.8328280448913574
2.115309238433838,2.7854905128479004,3.8366849422454834
2.115309238433838,2.7854905128479004,3.8366849422454834
2.114992618560791,2.784841299057007,3.8399879932403564
2.114814281463623,2.7846481800079346,3.842284917831421
2.114814281463623,2.7846481800079346,3.842284917831421
2.1155216693878174,2.7843875885009766,3.844064950942993
2.1155216693878174,2.7843875885009766,3.844064950942993
2.114959239959717,2.784101724624634,3.8478150367736816
2.1159274578094482,2.784364938735962,3.8497567176818848
2.1159274578094482,2.784364938735962,3.8497567176818848
2.115957736968994,2.785191774368286,3.8512539863586426
2.115748882293701,2.7852818965911865,3.851106643676758
2.115748882293701,2.7852818965911865,3.851106643676758
2.1144449710845947,2.7857627868652344,3.8511312007904053
2.1144449710845947,2.7857627868652344,3.8511312007904053
2.115995168685913,2.787165641784668,3.8526880741119385
2.116187334060669,2.7874741554260254,3.855349540710449
2.116187334060669,2.7874741554260254,3.855349540710449
2.1150522232055664,2.7880358695983887,3.8577613830566406
2.1150522232055664,2.7880358695983887,3.8577613830566406
2.1141629219055176,2.7887625694274902,3.8592450618743896
2.114135980606079,2.789330005645752,3.859628438949585
2.114135980606079,2.789330005645752,3.859628438949585
2.114182472229004,2.7890398502349854,3.8591926097869873
2.1148178577423096,2.7886857986450195,3.8583285808563232
2.1148178577423096,2.7886857986450195,3.8583285808563232
2.1135435104370117,2.788961172103882,3.858717918395996
2.1135435104370117,2.788961172103882,3.858717918395996
2.113020896911621,2.789034366607666,3.8599767684936523
2.1139602661132812,2.7891626358032227,3.8613758087158203
2.1146368980407715,2.7894675731658936,3.8610901832580566
2.1146368980407715,2.7894675731658936,3.8610901832580566
2.1159119606018066,2.78997802734375,3.8609611988067627
2.1159119606018066,2.78997802734375,3.8609611988067627
2.1150195598602295,2.790212631225586,3.8604674339294434
2.1141371726989746,2.7905893325805664,3.8605058193206787
2.1141371726989746,2.7905893325805664,3.8605058193206787
2.115933895111084,2.7908413410186768,3.8609797954559326
2.115933895111084,2.7908413410186768,3.8609797954559326
2.1162166595458984,2.790708541870117,3.8618056774139404
2.1175942420959473,2.7910144329071045,3.8629164695739746
2.1175942420959473,2.7910144329071045,3.8629164695739746
2.1191115379333496,2.791400671005249,3.86429762840271
2.1191115379333496,2.791400671005249,3.86429762840271
2.120342254638672,2.7909109592437744,3.864830732345581
2.1198890209198,2.789074182510376,3.8662874698638916
2.1198890209198,2.789074182510376,3.8662874698638916
2.1160683631896973,2.7872419357299805,3.8664987087249756
2.1160683631896973,2.7872419357299805,3.8664987087249756
2.115471124649048,2.7867958545684814,3.8672409057617188
2.1164824962615967,2.786531925201416,3.867511749267578
2.1164824962615967,2.786531925201416,3.867511749267578
2.1190993785858154,2.786781072616577,3.866424560546875
2.1190993785858154,2.786781072616577,3.866424560546875
2.1201887130737305,2.7869644165039062,3.8672397136688232
2.1201887130737305,2.7869644165039062,3.8672397136688232
2.120286464691162,2.7876298427581787,3.87084698677063
2.120469808578491,2.787501811981201,3.8751821517944336
2.120469808578491,2.787501811981201,3.8751821517944336
2.121340751647949,2.7874631881713867,3.878225564956665
2.121340751647949,2.7874631881713867,3.878225564956665
2.120311737060547,2.787679672241211,3.8785958290100098
2.1186180114746094,2.787592649459839,3.878432035446167
2.1186180114746094,2.787592649459839,3.878432035446167
2.1187198162078857,2.7872471809387207,3.8792405128479004
2.1187198162078857,2.7872471809387207,3.8792405128479004
2.1172077655792236,2.786761522293091,3.8806419372558594
2.1155173778533936,2.786679267883301,3.8837945461273193
2.1155173778533936,2.786679267883301,3.8837945461273193
2.1172642707824707,2.7876784801483154,3.8872621059417725
2.1172642707824707,2.7876784801483154,3.8872621059417725
2.119325637817383,2.7876474857330322,3.8884100914001465
2.1194427013397217,2.787260055541992,3.8880598545074463
2.118732452392578,2.7871909141540527,3.8883414268493652
2.118732452392578,2.7871909141540527,3.8883414268493652
2.1175570487976074,2.78756046295166,3.8874826431274414
2.1175570487976074,2.78756046295166,3.8874826431274414
2.1177875995635986,2.7876248359680176,3.887829065322876
2.1184372901916504,2.7876780033111572,3.8877522945404053
2.1184372901916504,2.7876780033111572,3.8877522945404053
2.118074655532837,2.787964105606079,3.888720750808716
2.118074655532837,2.787964105606079,3.888720750808716
2.11627197265625,2.787713050842285,3.8907785415649414
2.115626811981201,2.7875723838806152,3.894801139831543
2.115626811981201,2.7875723838806152,3.894801139831543
2.1161861419677734,2.7875776290893555,3.8974106311798096
2.1161861419677734,2.7875776290893555,3.8974106311798096
2.115704298019409,2.787259101867676,3.8989367485046387
2.114985466003418,2.7867543697357178,3.8996169567108154
2.115488290786743,2.786712408065796,3.899095296859741
2.115488290786743,2.786712408065796,3.899095296859741
2.115993022918701,2.785741090774536,3.896378993988037
2.115993022918701,2.785741090774536,3.896378993988037
2.117819309234619,2.7874481678009033,3.895068883895874
2.1185240745544434,2.7887046337127686,3.895972490310669
2.1185240745544434,2.7887046337127686,3.895972490310669
2.118227243423462,2.7894530296325684,3.897454261779785
2.118227243423462,2.7894530296325684,3.897454261779785
2.119372844696045,2.7899868488311768,3.897752285003662
2.1202495098114014,2.790651559829712,3.8965651988983154
2.1202495098114014,2.790651559829712,3.8965651988983154
2.1182658672332764,2.790759563446045,3.8956098556518555
2.1182658672332764,2.790759563446045,3.8956098556518555
2.117067337036133,2.7912118434906006,3.8943517208099365
2.117067337036133,2.7912118434906006,3.8943517208099365
2.1173255443573,2.7906084060668945,3.8957958221435547
2.117901563644409,2.7902729511260986,3.898982524871826
2.117901563644409,2.7902729511260986,3.898982524871826
2.1159329414367676,2.7899484634399414,3.901576519012451
2.1149990558624268,2.7900547981262207,3.9025561809539795
2.1149990558624268,2.7900547981262207,3.9025561809539795
2.1158463954925537,2.790191173553467,3.9019742012023926
2.1157336235046387,2.7899951934814453,3.9004881381988525
2.1157336235046387,2.7899951934814453,3.9004881381988525
2.115600824356079,2.790072202682495,3.9000844955444336
2.115645408630371,2.7905516624450684,3.9001810550689697
2.115645408630371,2.7905516624450684,3.9001810550689697
2.1178712844848633,2.79042387008667,3.9018125534057617
2.1178712844848633,2.79042387008667,3.9018125534057617
2.117971181869507,2.789905548095703,3.904493570327759
2.1176350116729736,2.7900917530059814,3.9052491188049316
2.1176350116729736,2.7900917530059814,3.9052491188049316
2.1171624660491943,2.790027618408203,3.90575909614563
2.1171624660491943,2.790027618408203,3.90575909614563
2.1173791885375977,2.7894175052642822,3.9064197540283203
2.117884874343872,2.7890665531158447,3.9067435264587402
2.117884874343872,2.7890665531158447,3.9067435264587402
2.1161623001098633,2.787750005722046,3.906708240509033
2.1161623001098633,2.787750005722046,3.906708240509033
2.115664005279541,2.7874510288238525,3.9078657627105713
2.115833044052124,2.787712335586548,3.908724546432495
2.115833044052124,2.787712335586548,3.908724546432495
2.117889165878296,2.787785768508911,3.9093260765075684
2.117889165878296,2.787785768508911,3.9093260765075684
2.1191229820251465,2.787766695022583,3.910729169845581
2.1186251640319824,2.787168502807617,3.9135258197784424
2.1186251640319824,2.787168502807617,3.9135258197784424
2.118640661239624,2.7873411178588867,3.914661407470703
2.1200618743896484,2.787621259689331,3.9151222705841064
2.1200618743896484,2.787621259689331,3.9151222705841064
2.120441436767578,2.7880983352661133,3.9152183532714844
2.120441436767578,2.7880983352661133,3.9152183532714844
2.1206743717193604,2.788104772567749,3.914823532104492
2.1206743717193604,2.788104772567749,3.914823532104492
2.121056318283081,2.7879555225372314,3.915541410446167
2.1219446659088135,2.7875683307647705,3.9170148372650146
2.1219446659088135,2.7875683307647705,3.9170148372650146
2.1204888820648193,2.786552667617798,3.917725086212158
2.1204888820648193,2.786552667617798,3.917725086212158
2.119370222091675,2.7863149642944336,3.919144868850708
2.119370222091675,2.7863149642944336,3.919144868850708
2.1202707290649414,2.786391019821167,3.9193685054779053
2.1210052967071533,2.786761522293091,3.9202170372009277
2.1207852363586426,2.7866852283477783,3.920201539993286
2.1207852363586426,2.7866852283477783,3.920201539993286
2.118424415588379,2.7862913608551025,3.920795440673828
2.118335247039795,2.7862801551818848,3.920527696609497
2.1198911666870117,2.7862422466278076,3.9212117195129395
2.1198911666870117,2.7862422466278076,3.9212117195129395
2.122075319290161,2.7859079837799072,3.9228169918060303
2.121107339859009,2.7859652042388916,3.926085948944092
2.121107339859009,2.7859652042388916,3.926085948944092
2.118964433670044,2.7858736515045166,3.9285409450531006
2.118964433670044,2.7858736515045166,3.9285409450531006
2.118990421295166,2.786099672317505,3.929781913757324
2.119804859161377,2.786710500717163,3.92881178855896
2.119804859161377,2.786710500717163,3.92881178855896
2.1191108226776123,2.7872915267944336,3.9274067878723145
2.117859363555908,2.7873051166534424,3.9299280643463135
2.117859363555908,2.7873051166534424,3.9299280643463135
2.119112968444824,2.7870590686798096,3.9333949089050293
2.119112968444824,2.7870590686798096,3.9333949089050293
2.1198480129241943,2.7873964309692383,3.937807559967041
2.1195545196533203,2.7879526615142822,3.9400055408477783
2.1195545196533203,2.7879526615142822,3.9400055408477783
2.119471311569214,2.7885067462921143,3.940498113632202
2.119471311569214,2.7885067462921143,3.940498113632202
2.1198599338531494,2.7886507511138916,3.9411721229553223
2.1193628311157227,2.787402391433716,3.9417152404785156
2.1190946102142334,2.7873694896698,3.941555976867676
2.1190946102142334,2.7873694896698,3.941555976867676
2.1196048259735107,2.7868757247924805,3.9403998851776123
2.1196048259735107,2.7868757247924805,3.9403998851776123
2.1197397708892822,2.786501407623291,3.939725875854492
2.119224786758423,2.7858333587646484,3.9364700317382812
2.119224786758423,2.7858333587646484,3.9364700317382812
2.1189587116241455,2.785597324371338,3.9337711334228516
2.1189587116241455,2.785597324371338,3.9337711334228516
2.1192853450775146,2.785621166229248,3.9320104122161865
2.120424747467041,2.786000967025757,3.931455135345459
2.120424747467041,2.786000967025757,3.931455135345459
2.121957778930664,2.7866086959838867,3.9307968616485596
2.121957778930664,2.7866086959838867,3.9307968616485596
2.1228835582733154,2.7874598503112793,3.9305367469787598
2.123356342315674,2.788466691970825,3.9307639598846436
2.123356342315674,2.788466691970825,3.9307639598846436
2.1244335174560547,2.788693428039551,3.932316303253174
2.1244335174560547,2.788693428039551,3.932316303253174
2.12445068359375,2.7885377407073975,3.9348719120025635
2.123203754425049,2.788261651992798,3.937459945678711
2.123203754425049,2.788261651992798,3.937459945678711
2.121458053588867,2.788302183151245,3.9399209022521973
2.121458053588867,2.788302183151245,3.9399209022521973
2.1214802265167236,2.78837513923645,3.9412953853607178
2.1208269596099854,2.7882003784179688,3.942225694656372
2.1208269596099854,2.7882003784179688,3.942225694656372
2.1187286376953125,2.7872908115386963,3.9458816051483154
2.1187286376953125,2.7872908115386963,3.9458816051483154
2.1181161403656006,2.7867672443389893,3.9488394260406494
2.120027780532837,2.787010669708252,3.949613332748413
2.120027780532837,2.787010669708252,3.949613332748413
2.119141101837158,2.7868194580078125,3.9486258029937744
2.119141101837158,2.7868194580078125,3.9486258029937744
2.1195056438446045,2.788034200668335,3.9485113620758057
2.1195056438446045,2.788034200668335,3.9485113620758057
2.119882583618164,2.7884607315063477,3.9504892826080322
2.121189594268799,2.7885918617248535,3.9525747299194336
2.121189594268799,2.7885918617248535,3.9525747299194336
2.1219992637634277,2.788707971572876,3.952991485595703
2.121467351913452,2.7889809608459473,3.952780246734619
2.121467351913452,2.7889809608459473,3.952780246734619
2.122312545776367,2.7890784740448,3.952407121658325
2.122312545776367,2.7890784740448,3.952407121658325
2.1231753826141357,2.7885782718658447,3.9515721797943115
2.1231613159179688,2.787680149078369,3.9513962268829346
2.1231613159179688,2.787680149078369,3.9513962268829346
2.1227829456329346,2.7871594429016113,3.951997995376587
2.1227829456329346,2.7871594429016113,3.951997995376587
2.12402081489563,2.786625385284424,3.95251202583313
2.126889228820801,2.7866079807281494,3.95139741897583
2.126889228820801,2.7866079807281494,3.95139741897583
2.126201868057251,2.7861697673797607,3.951543092727661
2.126201868057251,2.7861697673797607,3.951543092727661
2.1249706745147705,2.786207914352417,3.952340841293335
2.124147891998291,2.785954475402832,3.9533419609069824
2.12735915184021,2.7859981060028076,3.957543134689331
2.12735915184021,2.7859981060028076,3.957543134689331
2.127793312072754,2.7858223915100098,3.9607512950897217
2.126938819885254,2.7856783866882324,3.9624102115631104
2.126938819885254,2.7856783866882324,3.9624102115631104
2.1263535022735596,2.786031484603882,3.963773250579834
2.1263535022735596,2.786031484603882,3.963773250579834
2.1274051666259766,2.785987377166748,3.9639999866485596
2.1285486221313477,2.786179304122925,3.966031551361084
2.127969741821289,2.78620982170105,3.9677066802978516
2.127969741821289,2.78620982170105,3.9677066802978516
2.1265339851379395,2.7857654094696045,3.97106671333313
2.1265339851379395,2.7857654094696045,3.97106671333313
2.1260950565338135,2.785872459411621,3.9731454849243164
2.1260950565338135,2.785872459411621,3.9731454849243164
2.127621650695801,2.7862839698791504,3.9734115600585938
2.1276423931121826,2.786613941192627,3.9725801944732666
2.1267237663269043,2.7879717350006104,3.968064308166504
2.1267237663269043,2.7879717350006104,3.968064308166504
2.1255311965942383,2.788403272628784,3.9663636684417725
2.1255311965942383,2.788403272628784,3.9663636684417725
2.126657724380493,2.7886886596679688,3.965883731842041
2.1276285648345947,2.7884464263916016,3.967491865158081
2.1276285648345947,2.7884464263916016,3.967491865158081
2.1259710788726807,2.7879817485809326,3.9682204723358154
2.1259710788726807,2.7879817485809326,3.9682204723358154
2.12429141998291,2.786966323852539,3.970059633255005
2.1240923404693604,2.7857537269592285,3.972130060195923
2.124359369277954,2.785529136657715,3.9730429649353027
2.124359369277954,2.785529136657715,3.9730429649353027
2.1228787899017334,2.784318447113037,3.9752635955810547
2.1228890419006348,2.7846813201904297,3.975846290588379
2.1228890419006348,2.7846813201904297,3.975846290588379
2.1222903728485107,2.7848093509674072,3.9776554107666016
2.122851610183716,2.7851428985595703,3.9773190021514893
2.122851610183716,2.7851428985595703,3.9773190021514893
2.122403860092163,2.7840662002563477,3.978564739227295
2.122403860092163,2.7840662002563477,3.978564739227295
2.1214985847473145,2.783520460128784,3.980602979660034
2.121443748474121,2.7834794521331787,3.985323429107666
2.121443748474121,2.7834794521331787,3.985323429107666
2.1226534843444824,2.783041000366211,3.9882171154022217
2.1226534843444824,2.783041000366211,3.9882171154022217
2.1225335597991943,2.782965898513794,3.9877264499664307
2.1213481426239014,2.7828567028045654,3.9860548973083496
2.1213481426239014,2.7828567028045654,3.9860548973083496
2.1211094856262207,2.78302001953125,3.98494291305542
2.1211094856262207,2.78302001953125,3.98494291305542
2.123292922973633,2.783468723297119,3.9847495555877686
2.1242074966430664,2.783622980117798,3.9863245487213135
2.1242074966430664,2.783622980117798,3.9863245487213135
2.1241772174835205,2.7842090129852295,3.986175537109375
2.1241772174835205,2.7842090129852295,3.986175537109375
2.1230249404907227,2.7845442295074463,3.9867873191833496
2.1238646507263184,2.784644603729248,3.988377571105957
2.1238646507263184,2.784644603729248,3.988377571105957
2.1252379417419434,2.78531551361084,3.989439010620117
2.1252379417419434,2.78531551361084,3.989439010620117
2.124974489212036,2.785554885864258,3.990713357925415
2.125070095062256,2.7856969833374023,3.99166202545166
2.125070095062256,2.7856969833374023,3.99166202545166
2.1253647804260254,2.785757303237915,3.9943461418151855
2.1253647804260254,2.785757303237915,3.9943461418151855
2.125969409942627,2.785707712173462,3.996868371963501
2.125969409942627,2.785707712173462,3.996868371963501
2.124908924102783,2.785771369934082,3.9977240562438965
2.1241588592529297,2.7857046127319336,3.996812343597412
2.1241588592529297,2.7857046127319336,3.996812343597412
2.123915195465088,2.785749912261963,3.9965720176696777
2.1235477924346924,2.7848238945007324,3.998638868331909
2.1235477924346924,2.7848238945007324,3.998638868331909
2.1225600242614746,2.784332513809204,4.001065254211426
2.1203205585479736,2.783818483352661,4.00419282913208
2.1203205585479736,2.783818483352661,4.00419282913208
2.122182846069336,2.784438133239746,4.006650924682617
2.122182846069336,2.784438133239746,4.006650924682617
2.1245241165161133,2.784261465072632,4.0075602531433105
2.1248791217803955,2.784571647644043,4.006787300109863
2.1243720054626465,2.784510612487793,4.00714111328125
2.1243720054626465,2.784510612487793,4.00714111328125
2.1246635913848877,2.7845571041107178,4.008481025695801
2.1246635913848877,2.7845571041107178,4.008481025695801
2.12391996383667,2.7845618724823,4.010913848876953
2.12391996383667,2.7845618724823,4.010913848876953
2.1237289905548096,2.784801721572876,4.013952255249023
2.123040199279785,2.7846033573150635,4.014578819274902
2.1212210655212402,2.7845304012298584,4.013976573944092
2.1212210655212402,2.7845304012298584,4.013976573944092
2.119070291519165,2.7843403816223145,4.014079570770264
2.118734836578369,2.784008741378784,4.014895439147949
2.118734836578369,2.784008741378784,4.014895439147949
2.1205103397369385,2.7838873863220215,4.018556118011475
2.1193928718566895,2.7833592891693115,4.022154331207275
2.1193928718566895,2.7833592891693115,4.022154331207275
2.118021249771118,2.783379077911377,4.024243354797363
2.118021249771118,2.783379077911377,4.024243354797363
2.1173038482666016,2.783355236053467,4.026302337646484
2.118459701538086,2.783358097076416,4.026652812957764
2.118459701538086,2.783358097076416,4.026652812957764
2.118774652481079,2.7838516235351562,4.02691650390625
2.118774652481079,2.7838516235351562,4.02691650390625
2.118032693862915,2.7843477725982666,4.026811599731445
2.117676019668579,2.7851765155792236,4.0268168449401855
2.117676019668579,2.7851765155792236,4.0268168449401855
2.1188998222351074,2.7851126194000244,4.027604579925537
2.1188998222351074,2.7851126194000244,4.027604579925537
2.1196820735931396,2.785051107406616,4.028321266174316
2.11954402923584,2.7855303287506104,4.027467250823975
2.11954402923584,2.7855303287506104,4.027467250823975
2.1186680793762207,2.78507137298584,4.026114463806152
2.1186680793762207,2.78507137298584,4.026114463806152
2.118603229522705,2.784393310546875,4.024990558624268
2.11783504486084,2.7837278842926025,4.02482795715332
2.11783504486084,2.7837278842926025,4.02482795715332
2.11625075340271,2.783024787902832,4.02448034286499
2.1143839359283447,2.782486915588379,4.025437831878662
2.114166498184204,2.782191753387451,4.027182579040527
2.114166498184204,2.782191753387451,4.027182579040527
2.1168878078460693,2.7828280925750732,4.0291900634765625
2.1168878078460693,2.7828280925750732,4.0291900634765625
2.1169419288635254,2.783735513687134,4.031034469604492
2.1169419288635254,2.783735513687134,4.031034469604492
2.116333246231079,2.784294843673706,4.0330047607421875
2.116333246231079,2.784294843673706,4.0330047607421875
2.116655111312866,2.783656358718872,4.034425735473633
2.1164402961730957,2.7825770378112793,4.034314155578613
2.1164402961730957,2.7825770378112793,4.034314155578613
2.115786552429199,2.78216290473938,4.033848762512207
2.1161627769470215,2.7818312644958496,4.0328288078308105
2.1161627769470215,2.7818312644958496,4.0328288078308105
2.116824150085449,2.7816379070281982,4.033093452453613
2.116824150085449,2.7816379070281982,4.033093452453613
2.116941452026367,2.7813196182250977,4.03394889831543
2.1169629096984863,2.780755043029785,4.035085678100586
2.1169629096984863,2.780755043029785,4.035085678100586
2.1168010234832764,2.780759811401367,4.037387847900391
2.116384983062744,2.7807579040527344,4.039928913116455
2.116384983062744,2.7807579040527344,4.039928913116455
2.1175220012664795,2.7807955741882324,4.04217529296875
2.1175220012664795,2.7807955741882324,4.04217529296875
2.1176600456237793,2.781320571899414,4.04326868057251
2.1164426803588867,2.781873941421509,4.045064926147461
2.1164426803588867,2.781873941421509,4.045064926147461
2.115543842315674,2.782116413116455,4.046541690826416
2.115543842315674,2.782116413116455,4.046541690826416
2.1161134243011475,2.7822420597076416,4.047064781188965
2.117311716079712,2.7823009490966797,4.049219608306885
2.117311716079712,2.7823009490966797,4.049219608306885
2.116640567779541,2.7823355197906494,4.050599098205566
2.116640567779541,2.7823355197906494,4.050599098205566
2.1159896850585938,2.7823760509490967,4.0507025718688965
2.1159543991088867,2.7828218936920166,4.050238132476807
2.1159543991088867,2.7828218936920166,4.050238132476807
2.1168222427368164,2.782729148864746,4.050100803375244
2.1168222427368164,2.782729148864746,4.050100803375244
2.1167895793914795,2.782447099685669,4.049126625061035
2.1164023876190186,2.7823283672332764,4.049455642700195
2.1164023876190186,2.7823283672332764,4.049455642700195
2.1175103187561035,2.782271385192871,4.049666404724121
2.1175103187561035,2.782271385192871,4.049666404724121
2.117753267288208,2.781806468963623,4.0491132736206055
2.117753267288208,2.781806468963623,4.0491132736206055
2.117537021636963,2.781390428543091,4.049421310424805
2.118662118911743,2.7822840213775635,4.049507141113281
2.118662118911743,2.7822840213775635,4.049507141113281
2.1192030906677246,2.782275676727295,4.049478530883789
2.1192030906677246,2.782275676727295,4.049478530883789
2.1205241680145264,2.7824041843414307,4.049252033233643
2.119194984436035,2.7824952602386475,4.0467681884765625
2.1193618774414062,2.7831876277923584,4.0447998046875
2.1193618774414062,2.7831876277923584,4.0447998046875
2.118624687194824,2.7836878299713135,4.042849063873291
2.118624687194824,2.7836878299713135,4.042849063873291
2.120112895965576,2.7841527462005615,4.0413103103637695
2.1222033500671387,2.7845849990844727,4.041086673736572
2.1222033500671387,2.7845849990844727,4.041086673736572
2.119786500930786,2.7837114334106445,4.040266036987305
2.1177685260772705,2.7834112644195557,4.0412702560424805
2.1177685260772705,2.7834112644195557,4.0412702560424805
2.117656707763672,2.7832682132720947,4.04191780090332
2.118725538253784,2.78322172164917,4.043554306030273
2.118725538253784,2.78322172164917,4.043554306030273
2.117811679840088,2.782674789428711,4.045744895935059
2.117811679840088,2.782674789428711,4.045744895935059
2.116180658340454,2.782423973083496,4.048707008361816
2.115665912628174,2.782344341278076,4.051739692687988
2.115665912628174,2.782344341278076,4.051739692687988
2.115530014038086,2.7816312313079834,4.05525016784668
2.1150331497192383,2.780729055404663,4.058201313018799
2.1150331497192383,2.780729055404663,4.058201313018799
2.113511085510254,2.779865026473999,4.060282230377197
2.113511085510254,2.779865026473999,4.060282230377197
2.110870361328125,2.7793991565704346,4.060816764831543
2.110870361328125,2.7793991565704346,4.060816764831543
2.112462282180786,2.7796077728271484,4.063066482543945
2.112462282180786,2.7796077728271484,4.063066482543945
2.1140859127044678,2.779827356338501,4.065403938293457
2.1136155128479004,2.7790443897247314,4.068674087524414
2.1136155128479004,2.7790443897247314,4.068674087524414
2.1128790378570557,2.7788312435150146,4.072142124176025
2.1128790378570557,2.7788312435150146,4.072142124176025
2.115600109100342,2.7791852951049805,4.0713677406311035
2.116297960281372,2.7794525623321533,4.070620536804199
2.116975784301758,2.779923677444458,4.07020378112793
2.116975784301758,2.779923677444458,4.07020378112793
2.1162667274475098,2.7804343700408936,4.071094036102295
2.1162667274475098,2.7804343700408936,4.071094036102295
2.117007255554199,2.7806148529052734,4.071110725402832
2.117007255554199,2.7806148529052734,4.071110725402832
2.118319272994995,2.7809441089630127,4.071994304656982
2.118319272994995,2.7809441089630127,4.071994304656982
2.1197943687438965,2.7813217639923096,4.07115364074707
2.1189656257629395,2.781803607940674,4.069985389709473
2.1189656257629395,2.781803607940674,4.069985389709473
2.1187949180603027,2.781658411026001,4.068845748901367
2.1187949180603027,2.781658411026001,4.068845748901367
2.119586229324341,2.7814629077911377,4.067586421966553
2.119317054748535,2.7818620204925537,4.065877437591553
2.119317054748535,2.7818620204925537,4.065877437591553
2.1184029579162598,2.7815821170806885,4.065711975097656
2.1179540157318115,2.781484603881836,4.065384864807129
2.1179540157318115,2.781484603881836,4.065384864807129
2.1185529232025146,2.7819275856018066,4.065859794616699
2.119872808456421,2.782933235168457,4.067078113555908
2.119872808456421,2.782933235168457,4.067078113555908
2.119642972946167,2.7835397720336914,4.0677289962768555
2.119642972946167,2.7835397720336914,4.0677289962768555
2.1198203563690186,2.7840452194213867,4.069213390350342
2.1207566261291504,2.7840075492858887,4.071722030639648
2.1207566261291504,2.7840075492858887,4.071722030639648
2.1185197830200195,2.7836854457855225,4.073914051055908
2.116536855697632,2.782994031906128,4.075854778289795
2.1162078380584717,2.783186197280884,4.076426029205322
2.1162078380584717,2.783186197280884,4.076426029205322
2.1157333850860596,2.7824740409851074,4.077139854431152
2.1157333850860596,2.7824740409851074,4.077139854431152
2.1159000396728516,2.7814505100250244,4.080761909484863
2.1159000396728516,2.7814505100250244,4.080761909484863
2.1146774291992188,2.7803401947021484,4.083315849304199
2.1128158569335938,2.779585838317871,4.085747241973877
2.1128158569335938,2.779585838317871,4.085747241973877
2.112938165664673,2.77917218208313,4.085904598236084
2.1148505210876465,2.7792763710021973,4.084710597991943
2.1148505210876465,2.7792763710021973,4.084710597991943
2.1144511699676514,2.7788071632385254,4.084942817687988
2.1144511699676514,2.7788071632385254,4.084942817687988
2.1121582984924316,2.7778589725494385,4.087465763092041
2.1131415367126465,2.7788023948669434,4.089812278747559
2.1131415367126465,2.7788023948669434,4.089812278747559
2.114224910736084,2.7787725925445557,4.09157133102417
2.114224910736084,2.7787725925445557,4.09157133102417
2.1137380599975586,2.778799057006836,4.09240198135376
2.1124825477600098,2.778949022293091,4.0902910232543945
2.1124825477600098,2.778949022293091,4.0902910232543945
2.1131885051727295,2.7792346477508545,4.088826656341553
2.1131885051727295,2.7792346477508545,4.088826656341553
2.1144258975982666,2.7790005207061768,4.089406490325928
2.1148600578308105,2.7783870697021484,4.090683460235596
2.1148600578308105,2.7783870697021484,4.090683460235596
2.114480972290039,2.7781527042388916,4.090738773345947
2.114480972290039,2.7781527042388916,4.090738773345947
2.1144328117370605,2.7779932022094727,4.0919389724731445
2.1151716709136963,2.7781715393066406,4.0925374031066895
2.1151716709136963,2.7781715393066406,4.0925374031066895
2.1150529384613037,2.778154134750366,4.092818737030029
2.114262819290161,2.7783944606781006,4.095546245574951
2.114262819290161,2.7783944606781006,4.095546245574951
2.1125729084014893,2.778456449508667,4.099377632141113
2.1125729084014893,2.778456449508667,4.099377632141113
2.1115448474884033,2.7780210971832275,4.103725433349609
2.1109931468963623,2.7777295112609863,4.104892730712891
2.1109931468963623,2.7777295112609863,4.104892730712891
2.1088316440582275,2.7773916721343994,4.103867530822754
2.1081299781799316,2.777493953704834,4.10302209854126
2.1081299781799316,2.777493953704834,4.10302209854126
2.1089401245117188,2.777395009994507,4.10269021987915
2.1089401245117188,2.777395009994507,4.10269021987915
2.1092209815979004,2.77752685546875,4.104370594024658
2.1073570251464844,2.7769675254821777,4.107935905456543
2.1073570251464844,2.7769675254821777,4.107935905456543
2.107064962387085,2.7770493030548096,4.111259460449219
2.107064962387085,2.7770493030548096,4.111259460449219
2.1095049381256104,2.777280807495117,4.111963272094727
2.1095049381256104,2.777280807495117,4.111963272094727
2.110466718673706,2.7780604362487793,4.112380504608154
2.1111230850219727,2.778787136077881,4.113232135772705
2.1111230850219727,2.778787136077881,4.113232135772705
2.112039089202881,2.779219150543213,4.1162919998168945
2.111961841583252,2.7792301177978516,4.120321273803711
2.111961841583252,2.7792301177978516,4.120321273803711
2.1118524074554443,2.7789525985717773,4.122495651245117
2.1118524074554443,2.7789525985717773,4.122495651245117
2.113156318664551,2.7791061401367188,4.122725486755371
2.1139256954193115,2.7790462970733643,4.122835636138916
2.1139256954193115,2.7790462970733643,4.122835636138916
2.1129398345947266,2.7788751125335693,4.123932838439941
2.1132147312164307,2.7786169052124023,4.124447345733643
2.1134796142578125,2.778548240661621,4.125462055206299
2.1134796142578125,2.778548240661621,4.125462055206299
2.1129815578460693,2.778643846511841,4.126764297485352
2.1129815578460693,2.778643846511841,4.126764297485352
2.112928628921509,2.779291868209839,4.126650333404541
2.112928628921509,2.779291868209839,4.126650333404541
2.1145191192626953,2.779651403427124,4.126016616821289
2.1145191192626953,2.779651403427124,4.126016616821289
2.113915205001831,2.77962327003479,4.12485408782959
2.1105384826660156,2.7791075706481934,4.125448226928711
2.1105384826660156,2.7791075706481934,4.125448226928711
2.111013650894165,2.7791035175323486,4.128598690032959
2.111013650894165,2.7791035175323486,4.128598690032959
2.1125404834747314,2.778557300567627,4.131931781768799
2.1122615337371826,2.7777647972106934,4.135010719299316
2.1122615337371826,2.7777647972106934,4.135010719299316
2.1112825870513916,2.7780754566192627,4.136535167694092
2.1112825870513916,2.7780754566192627,4.136535167694092
2.11057710647583,2.7780563831329346,4.1350483894348145
2.111264705657959,2.7782297134399414,4.13382625579834
2.111264705657959,2.7782297134399414,4.13382625579834
2.1107354164123535,2.7779836654663086,4.133019924163818
2.1091690063476562,2.7781870365142822,4.132909774780273
2.1091690063476562,2.7781870365142822,4.132909774780273
2.1058926582336426,2.778043270111084,4.13463020324707
2.1058926582336426,2.778043270111084,4.13463020324707
2.106125593185425,2.7775495052337646,4.138011932373047
2.1080331802368164,2.777360439300537,4.13940954208374
2.1080331802368164,2.777360439300537,4.13940954208374
2.1076533794403076,2.7765591144561768,4.139602184295654
2.1076533794403076,2.7765591144561768,4.139602184295654
2.1063594818115234,2.7764978408813477,4.139513969421387
2.106437921524048,2.776550054550171,4.139011383056641
2.106437921524048,2.776550054550171,4.139011383056641
2.107933282852173,2.77683162689209,4.14030122756958
2.1097402572631836,2.7773220539093018,4.141847133636475
2.1097402572631836,2.7773220539093018,4.141847133636475
2.1096434593200684,2.777318239212036,4.144093036651611
2.1096434593200684,2.777318239212036,4.144093036651611
2.1090896129608154,2.7770373821258545,4.145066738128662
2.1087148189544678,2.776667594909668,4.146914482116699
2.1087148189544678,2.776667594909668,4.146914482116699
2.108534336090088,2.7757885456085205,4.149014472961426
2.108534336090088,2.7757885456085205,4.149014472961426
2.106860399246216,2.7751221656799316,4.151480674743652
2.105498790740967,2.7743937969207764,4.153491973876953
2.1053390502929688,2.7744832038879395,4.154112815856934
2.1053390502929688,2.7744832038879395,4.154112815856934
2.106245517730713,2.7741994857788086,4.155693054199219
2.106245517730713,2.7741994857788086,4.155693054199219
2.106931447982788,2.7738494873046875,4.156807899475098
2.1053051948547363,2.773296356201172,4.157076835632324
2.1053051948547363,2.773296356201172,4.157076835632324
2.104417085647583,2.773442029953003,4.157113552093506
2.104417085647583,2.773442029953003,4.157113552093506
2.106083393096924,2.7739830017089844,4.1579742431640625
2.106083393096924,2.7739830017089844,4.1579742431640625
2.1071064472198486,2.7738988399505615,4.158623218536377
2.1065919399261475,2.774763584136963,4.1570634841918945
2.1065919399261475,2.774763584136963,4.1570634841918945
2.106062889099121,2.775391101837158,4.155004024505615
2.106062889099121,2.775391101837158,4.155004024505615
2.1071927547454834,2.7761294841766357,4.152571201324463
2.105698347091675,2.7760372161865234,4.1524248123168945
2.105698347091675,2.7760372161865234,4.1524248123168945
2.1045117378234863,2.776258707046509,4.155643463134766
2.1052000522613525,2.776766061782837,4.161399841308594
2.1052000522613525,2.776766061782837,4.161399841308594
2.105740547180176,2.7769713401794434,4.164056301116943
2.105740547180176,2.7769713401794434,4.164056301116943
2.10746169090271,2.7779526710510254,4.164030075073242
2.108067274093628,2.7788000106811523,4.161933898925781
2.108067274093628,2.7788000106811523,4.161933898925781
2.107901096343994,2.7791249752044678,4.1614274978637695
2.1074249744415283,2.7793211936950684,4.162448406219482
2.1074249744415283,2.7793211936950684,4.162448406219482
2.1079463958740234,2.77970290184021,4.167152404785156
2.1079463958740234,2.77970290184021,4.167152404785156
2.108114004135132,2.779737949371338,4.173216342926025
2.1077229976654053,2.779360294342041,4.176875114440918
2.1077229976654053,2.779360294342041,4.176875114440918
2.106497287750244,2.778916597366333,4.180300712585449
2.106497287750244,2.778916597366333,4.180300712585449
2.1062440872192383,2.7779293060302734,4.182938098907471
2.1054625511169434,2.776850700378418,4.185870170593262
2.1054625511169434,2.776850700378418,4.185870170593262
2.103386402130127,2.7762627601623535,4.188458442687988
2.103386402130127,2.7762627601623535,4.188458442687988
2.101710796356201,2.7755370140075684,4.191408157348633
2.1032307147979736,2.77496337890625,4.191952228546143
2.1032307147979736,2.77496337890625,4.191952228546143
2.1032307147979736,2.77496337890625,4.191952228546143
2.103400468826294,2.7743897438049316,4.190456390380859
2.101759672164917,2.77413272857666,4.189663410186768
2.1026978492736816,2.7750399112701416,4.189822196960449
2.1026978492736816,2.7750399112701416,4.189822196960449
2.1033473014831543,2.7749578952789307,4.191300868988037
2.105321168899536,2.7744979858398438,4.192721843719482
2.105321168899536,2.7744979858398438,4.192721843719482
2.1048848628997803,2.774195909500122,4.193631172180176
2.1048848628997803,2.774195909500122,4.193631172180176
2.105398416519165,2.775270938873291,4.192293167114258
2.105398416519165,2.775270938873291,4.192293167114258
2.1069250106811523,2.7763681411743164,4.189843654632568
2.1076738834381104,2.7766082286834717,4.188135147094727
2.1076738834381104,2.7766082286834717,4.188135147094727
2.107713222503662,2.7770936489105225,4.187600135803223
2.107713222503662,2.7770936489105225,4.187600135803223
2.106411933898926,2.777097463607788,4.188811302185059
2.107377529144287,2.7775588035583496,4.190890789031982
2.107377529144287,2.7775588035583496,4.190890789031982
2.1090199947357178,2.7776384353637695,4.192202091217041
2.108712673187256,2.777867078781128,4.193268775939941
2.108562469482422,2.778026580810547,4.193949222564697
2.108562469482422,2.778026580810547,4.193949222564697
2.1085710525512695,2.778698682785034,4.194677352905273
2.1085710525512695,2.778698682785034,4.194677352905273
2.1094415187835693,2.7788212299346924,4.195094585418701
2.109700918197632,2.778686285018921,4.195554256439209
2.109700918197632,2.778686285018921,4.195554256439209
2.1085433959960938,2.7782609462738037,4.195539474487305
2.1085433959960938,2.7782609462738037,4.195539474487305
2.1072535514831543,2.7781476974487305,4.195289611816406
2.1075937747955322,2.7775111198425293,4.195748805999756
2.106707811355591,2.7768399715423584,4.1960129737854
2.106707811355591,2.7768399715423584,4.1960129737854
2.106579303741455,2.7765982151031494,4.196060657501221
2.106537103652954,2.776063919067383,4.197098731994629
2.106973171234131,2.776054620742798,4.19729471206665
2.106973171234131,2.776054620742798,4.19729471206665
2.1085422039031982,2.776585817337036,4.196384429931641
2.1085422039031982,2.776585817337036,4.196384429931641
2.1096343994140625,2.7773077487945557,4.194697380065918
2.1096343994140625,2.7773077487945557,4.194697380065918
2.1092398166656494,2.7777228355407715,4.195160865783691
2.1092398166656494,2.7777228355407715,4.195160865783691
2.1091206073760986,2.778660535812378,4.198020935058594
2.1101491451263428,2.7793002128601074,4.201861381530762
2.1101491451263428,2.7793002128601074,4.201861381530762
2.109436273574829,2.7792937755584717,4.204328536987305
2.109436273574829,2.7792937755584717,4.204328536987305
2.1078686714172363,2.779804229736328,4.205297946929932
2.1078531742095947,2.779932737350464,4.206346035003662
2.1078531742095947,2.779932737350464,4.206346035003662
2.107271909713745,2.7791965007781982,4.2073469161987305
2.107271909713745,2.7791965007781982,4.2073469161987305
2.107006549835205,2.7791337966918945,4.208005905151367
2.104473829269409,2.7786641120910645,4.209181785583496
2.104473829269409,2.7786641120910645,4.209181785583496
2.1053383350372314,2.7784225940704346,4.212054252624512
2.1053383350372314,2.7784225940704346,4.212054252624512
2.1058363914489746,2.7778818607330322,4.213474273681641
2.106588363647461,2.7780003547668457,4.214181423187256
2.106588363647461,2.7780003547668457,4.214181423187256
2.1053194999694824,2.7781970500946045,4.216085910797119
2.1053194999694824,2.7781970500946045,4.216085910797119
2.104161500930786,2.778144598007202,4.217426300048828
2.1038360595703125,2.777998208999634,4.218648910522461
2.1038360595703125,2.777998208999634,4.218648910522461
2.1022841930389404,2.777606725692749,4.2210211753845215
2.1022841930389404,2.777606725692749,4.2210211753845215
2.100545883178711,2.7771072387695312,4.222194671630859
2.098825454711914,2.7762269973754883,4.223595142364502
2.098825454711914,2.7762269973754883,4.223595142364502
2.0989041328430176,2.7753641605377197,4.22528600692749
2.0989041328430176,2.7753641605377197,4.22528600692749
2.09867000579834,2.774977684020996,4.226409435272217
2.0952136516571045,2.774550676345825,4.226910591125488
2.0952136516571045,2.774550676345825,4.226910591125488
2.0941736698150635,2.7746734619140625,4.2278594970703125
2.0941736698150635,2.7746734619140625,4.2278594970703125
2.097330331802368,2.7747385501861572,4.227651596069336
2.0982658863067627,2.774664878845215,4.226281642913818
2.097332000732422,2.7744743824005127,4.225618362426758
2.097332000732422,2.7744743824005127,4.225618362426758
2.0982789993286133,2.7752625942230225,4.22566556930542
2.0982789993286133,2.7752625942230225,4.22566556930542
2.0995376110076904,2.775622606277466,4.225698471069336
2.1009724140167236,2.77595591545105,4.227859973907471
2.1009724140167236,2.77595591545105,4.227859973907471
2.1009724140167236,2.77595591545105,4.227859973907471
2.0998876094818115,2.7763407230377197,4.2295756340026855
2.099130153656006,2.776697874069214,4.230471134185791
2.099130153656006,2.776697874069214,4.230471134185791
2.1013686656951904,2.776789903640747,4.231141090393066
2.1025524139404297,2.7764511108398438,4.232057094573975
2.1025524139404297,2.7764511108398438,4.232057094573975
2.103266954421997,2.7754886150360107,4.232557773590088
2.103266954421997,2.7754886150360107,4.232557773590088
2.104031801223755,2.7748019695281982,4.2333784103393555
2.1053483486175537,2.7749483585357666,4.236765384674072
2.1053483486175537,2.7749483585357666,4.236765384674072
2.105346202850342,2.7755041122436523,4.240165710449219
2.105346202850342,2.7755041122436523,4.240165710449219
2.103868246078491,2.7754642963409424,4.242665767669678
2.1011579036712646,2.7754082679748535,4.24223518371582
2.1011579036712646,2.7754082679748535,4.24223518371582
2.1009633541107178,2.7753493785858154,4.244748592376709
2.1003592014312744,2.77496337890625,4.247185707092285
2.1003592014312744,2.77496337890625,4.247185707092285
2.0994534492492676,2.7749578952789307,4.248515605926514
2.0994534492492676,2.7749578952789307,4.248515605926514
2.0982251167297363,2.774714946746826,4.248606204986572
2.0971899032592773,2.7737581729888916,4.24899435043335
2.0971899032592773,2.7737581729888916,4.24899435043335
2.096940517425537,2.773160696029663,4.248605251312256
2.096940517425537,2.773160696029663,4.248605251312256
2.095938205718994,2.7728428840637207,4.248346328735352
2.09588360786438,2.773057699203491,4.24824857711792
2.09588360786438,2.773057699203491,4.24824857711792
2.097290277481079,2.77327299118042,4.249297618865967
2.097290277481079,2.77327299118042,4.249297618865967
2.0990118980407715,2.7736306190490723,4.249640464782715
2.0989348888397217,2.7744407653808594,4.248754978179932
2.0989348888397217,2.7744407653808594,4.248754978179932
2.0991697311401367,2.775282382965088,4.249454021453857
2.0991697311401367,2.775282382965088,4.249454021453857
2.099780797958374,2.7759437561035156,4.250267028808594
2.100416898727417,2.7763545513153076,4.252330303192139
2.1005358695983887,2.7763965129852295,4.253568172454834
2.1005358695983887,2.7763965129852295,4.253568172454834
2.10024094581604,2.7763426303863525,4.254011631011963
2.0999255180358887,2.776334524154663,4.254605293273926
2.0999255180358887,2.776334524154663,4.254605293273926
2.100477695465088,2.775858163833618,4.256978988647461
2.100477695465088,2.775858163833618,4.256978988647461
2.1003150939941406,2.7752838134765625,4.258161544799805
2.098339796066284,2.77431058883667,4.258360862731934
2.098339796066284,2.77431058883667,4.258360862731934
2.09842848777771,2.7738840579986572,4.258608818054199
2.09842848777771,2.7738840579986572,4.258608818054199
2.1001367568969727,2.7740402221679688,4.259016513824463
2.1010286808013916,2.7742183208465576,4.257519245147705
2.1010286808013916,2.7742183208465576,4.257519245147705
2.1002790927886963,2.7747414112091064,4.257975101470947
2.1012213230133057,2.7752480506896973,4.258639812469482
2.1012213230133057,2.7752480506896973,4.258639812469482
2.103100538253784,2.776176929473877,4.259750843048096
2.103100538253784,2.776176929473877,4.259750843048096
2.10194730758667,2.775498151779175,4.262038707733154
2.099147319793701,2.7752668857574463,4.262787818908691
2.099147319793701,2.7752668857574463,4.262787818908691
2.097357749938965,2.774980068206787,4.260714530944824
2.097357749938965,2.774980068206787,4.260714530944824
2.096872091293335,2.775028944015503,4.26093864440918
2.09667706489563,2.7744951248168945,4.262536525726318
2.0958914756774902,2.7745728492736816,4.264393329620361
2.0958914756774902,2.7745728492736816,4.264393329620361
2.093953847885132,2.7745673656463623,4.269205093383789
2.093953847885132,2.7745673656463623,4.269205093383789
2.0958945751190186,2.774517297744751,4.271976947784424
2.0973987579345703,2.774501085281372,4.270096778869629
2.0973987579345703,2.774501085281372,4.270096778869629
2.0964536666870117,2.774705171585083,4.268540382385254
2.0976386070251465,2.775559663772583,4.2679643630981445
2.0976386070251465,2.775559663772583,4.2679643630981445
2.0984203815460205,2.7759227752685547,4.26870059967041
2.0984203815460205,2.7759227752685547,4.26870059967041
2.0994577407836914,2.775968074798584,4.271050930023193
2.100661277770996,2.775933027267456,4.273016929626465
2.100661277770996,2.775933027267456,4.273016929626465
2.1001925468444824,2.7758047580718994,4.271991729736328
2.1000051498413086,2.775597095489502,4.272160530090332
2.1000051498413086,2.775597095489502,4.272160530090332
2.101590871810913,2.7751362323760986,4.273191928863525
2.101590871810913,2.7751362323760986,4.273191928863525
2.102576732635498,2.774746894836426,4.274312973022461
2.1022627353668213,2.7743330001831055,4.274583339691162
2.1022627353668213,2.7743330001831055,4.274583339691162
2.1027941703796387,2.7741804122924805,4.276341915130615
2.1027941703796387,2.7741804122924805,4.276341915130615
2.1035103797912598,2.773977518081665,4.276268482208252
2.1035103797912598,2.773977518081665,4.276268482208252
2.1047937870025635,2.7740278244018555,4.276125431060791
2.1055924892425537,2.774972677230835,4.277307987213135
2.1055924892425537,2.774972677230835,4.277307987213135
2.104990243911743,2.7748613357543945,4.277642726898193
2.104990243911743,2.7748613357543945,4.277642726898193
2.1046416759490967,2.77455735206604,4.279191970825195
2.1050024032592773,2.7739131450653076,4.2808451652526855
2.1050024032592773,2.7739131450653076,4.2808451652526855
2.1041321754455566,2.7735531330108643,4.280369758605957
2.1040761470794678,2.77361798286438,4.280728816986084
2.1040761470794678,2.77361798286438,4.280728816986084
2.1037797927856445,2.773392677307129,4.281540870666504
2.1037797927856445,2.773392677307129,4.281540870666504
2.1043763160705566,2.7735369205474854,4.282024383544922
2.1048989295959473,2.7737879753112793,4.283218860626221
2.1048989295959473,2.7737879753112793,4.283218860626221
2.1042418479919434,2.774000883102417,4.284146785736084
2.1024274826049805,2.774902820587158,4.285030841827393
2.1024274826049805,2.774902820587158,4.285030841827393
2.103593111038208,2.7756621837615967,4.285167694091797
2.104182004928589,2.7764673233032227,4.284632205963135
2.104182004928589,2.7764673233032227,4.284632205963135
2.101487636566162,2.7768518924713135,4.285618782043457
2.101487636566162,2.7768518924713135,4.285618782043457
2.1003599166870117,2.7775349617004395,4.291571140289307
2.1003599166870117,2.7775349617004395,4.291571140289307
2.1007771492004395,2.777702808380127,4.294390678405762
2.100691318511963,2.7776341438293457,4.296477317810059
2.100691318511963,2.7776341438293457,4.296477317810059
2.100691318511963,2.7776341438293457,4.296477317810059
2.100740909576416,2.7780051231384277,4.2968597412109375
2.100872278213501,2.7776401042938232,4.297970294952393
2.100123643875122,2.777143716812134,4.300854682922363
2.100123643875122,2.777143716812134,4.300854682922363
2.1004531383514404,2.7764806747436523,4.303114414215088
2.1004531383514404,2.7764806747436523,4.303114414215088
2.100020170211792,2.7755467891693115,4.304149627685547
2.0993082523345947,2.7745273113250732,4.304396152496338
2.0993082523345947,2.7745273113250732,4.304396152496338
2.1001386642456055,2.774200677871704,4.304198265075684
2.1001386642456055,2.774200677871704,4.304198265075684
2.1022818088531494,2.773942708969116,4.303762435913086
2.101742744445801,2.77333927154541,4.3039984703063965
2.101742744445801,2.77333927154541,4.3039984703063965
2.1016666889190674,2.7742626667022705,4.304518699645996
2.102553606033325,2.77555251121521,4.305087089538574
2.102553606033325,2.77555251121521,4.305087089538574
2.1033058166503906,2.7762296199798584,4.306015491485596
2.1033058166503906,2.7762296199798584,4.306015491485596
2.1033363342285156,2.7760941982269287,4.304651737213135
2.1016252040863037,2.7750842571258545,4.302824974060059
2.1016252040863037,2.7750842571258545,4.302824974060059
2.099433660507202,2.774681329727173,4.302587509155273
2.099187135696411,2.774534225463867,4.304652690887451
2.099187135696411,2.774534225463867,4.304652690887451
2.099090337753296,2.7748358249664307,4.3071441650390625
2.099090337753296,2.7748358249664307,4.3071441650390625
2.0975592136383057,2.7753822803497314,4.310657978057861
2.0956854820251465,2.776074171066284,4.314676284790039
2.0956854820251465,2.776074171066284,4.314676284790039
2.0956854820251465,2.776074171066284,4.314676284790039
2.0979745388031006,2.776855230331421,4.317148208618164
2.098306179046631,2.776757001876831,4.31646728515625
2.098306179046631,2.776757001876831,4.31646728515625
2.0966246128082275,2.777310371398926,4.315393447875977
2.09562087059021,2.7781789302825928,4.314201831817627
2.09562087059021,2.7781789302825928,4.314201831817627
2.0971124172210693,2.778632402420044,4.313916206359863
2.097743034362793,2.778412342071533,4.317500114440918
2.097743034362793,2.778412342071533,4.317500114440918
2.0945682525634766,2.777658700942993,4.319363117218018
2.0945682525634766,2.777658700942993,4.319363117218018
2.0934407711029053,2.777651786804199,4.320281505584717
2.0934407711029053,2.777651786804199,4.320281505584717
2.095041275024414,2.777657985687256,4.32054328918457
2.0950043201446533,2.7775094509124756,4.319074630737305
2.0950043201446533,2.7775094509124756,4.319074630737305
2.0941429138183594,2.7776756286621094,4.318548679351807
2.093360662460327,2.777848958969116,4.32023811340332
2.093360662460327,2.777848958969116,4.32023811340332
2.094292640686035,2.7786214351654053,4.322946548461914
2.094292640686035,2.7786214351654053,4.322946548461914
2.0959537029266357,2.779745101928711,4.325767517089844
2.0959537029266357,2.779745101928711,4.325767517089844
2.096127510070801,2.780339002609253,4.327195167541504
2.0953264236450195,2.7804505825042725,4.326879024505615
2.094947338104248,2.7805776596069336,4.326762676239014
2.094947338104248,2.7805776596069336,4.326762676239014
2.0954675674438477,2.780283212661743,4.328061103820801
2.0956428050994873,2.779928684234619,4.328985214233398
2.0956428050994873,2.779928684234619,4.328985214233398
2.0936925411224365,2.779040575027466,4.3314337730407715
2.0924479961395264,2.778168201446533,4.33088493347168
2.092968225479126,2.776461362838745,4.330246925354004
2.092968225479126,2.776461362838745,4.330246925354004
2.0937654972076416,2.7747600078582764,4.332392692565918
2.093261480331421,2.773667812347412,4.332763195037842
2.093261480331421,2.773667812347412,4.332763195037842
2.0921905040740967,2.7723309993743896,4.334306716918945
2.0921905040740967,2.7723309993743896,4.334306716918945
2.0929954051971436,2.7720229625701904,4.334630966186523
2.094411611557007,2.772033452987671,4.333539009094238
2.094411611557007,2.772033452987671,4.333539009094238
2.0952696800231934,2.772153615951538,4.33347225189209
2.0952696800231934,2.772153615951538,4.33347225189209
2.0948221683502197,2.772230386734009,4.333803176879883
2.093663215637207,2.7731237411499023,4.335668563842773
2.0944535732269287,2.7740073204040527,4.336598873138428
2.0944535732269287,2.7740073204040527,4.336598873138428
2.0957422256469727,2.775559425354004,4.338855266571045
2.0957422256469727,2.775559425354004,4.338855266571045
2.095172643661499,2.7763776779174805,4.339679718017578
2.0952327251434326,2.7787351608276367,4.341102123260498
2.0952327251434326,2.7787351608276367,4.341102123260498
2.0960261821746826,2.7799642086029053,4.343386650085449
2.0960261821746826,2.7799642086029053,4.343386650085449
2.096733331680298,2.779534101486206,4.344814300537109
2.097684860229492,2.7799673080444336,4.345718860626221
2.0972189903259277,2.7802956104278564,4.349365234375
2.096867799758911,2.7799980640411377,4.349870681762695
2.096867799758911,2.7799980640411377,4.349870681762695
2.0974931716918945,2.780271291732788,4.350931167602539
2.0974931716918945,2.780271291732788,4.350931167602539
2.0985138416290283,2.7807531356811523,4.351350784301758
2.0976099967956543,2.7808053493499756,4.351071357727051
2.0974221229553223,2.781182289123535,4.351188659667969
2.0974221229553223,2.781182289123535,4.351188659667969
2.09806489944458,2.781536817550659,4.352661609649658
2.09806489944458,2.781536817550659,4.352661609649658
2.0991408824920654,2.7811779975891113,4.354341983795166
2.0984251499176025,2.780623197555542,4.354849815368652
2.0984251499176025,2.780623197555542,4.354849815368652
2.097822427749634,2.7809038162231445,4.357696056365967
2.097822427749634,2.7809038162231445,4.357696056365967
2.0968194007873535,2.779805898666382,4.362565040588379
2.0968194007873535,2.779805898666382,4.362565040588379
2.0977823734283447,2.779454231262207,4.367244720458984
2.097076177597046,2.7781054973602295,4.368563175201416
2.097076177597046,2.7781054973602295,4.368563175201416
2.096752405166626,2.776618003845215,4.368781089782715
2.096752405166626,2.776618003845215,4.368781089782715
2.094667434692383,2.77524471282959,4.368346691131592
2.0956027507781982,2.774381399154663,4.369743347167969
2.0956027507781982,2.774381399154663,4.369743347167969
2.096243143081665,2.773623466491699,4.369902610778809
2.096243143081665,2.773623466491699,4.369902610778809
2.0965335369110107,2.774646759033203,4.3686418533325195
2.0978188514709473,2.7757339477539062,4.3668060302734375
2.0978188514709473,2.7757339477539062,4.3668060302734375
2.0985631942749023,2.775419235229492,4.3653788566589355
2.0985631942749023,2.775419235229492,4.3653788566589355
2.09999680519104,2.776289463043213,4.365687370300293
2.0994460582733154,2.776441812515259,4.365691661834717
2.099506139755249,2.7770652770996094,4.365627288818359
2.099506139755249,2.7770652770996094,4.365627288818359
2.0990567207336426,2.777336597442627,4.365513324737549
2.0990567207336426,2.777336597442627,4.365513324737549
2.0991177558898926,2.7780892848968506,4.366814613342285
2.099320650100708,2.778517961502075,4.369016647338867
2.099320650100708,2.778517961502075,4.369016647338867
2.100053071975708,2.77954363822937,4.371374130249023
2.100053071975708,2.77954363822937,4.371374130249023
2.100775718688965,2.7799620628356934,4.371599197387695
2.1009016036987305,2.7800469398498535,4.371903896331787
2.1009016036987305,2.7800469398498535,4.371903896331787
2.101320743560791,2.779573440551758,4.371262073516846
2.102369785308838,2.7796523571014404,4.371703624725342
2.102369785308838,2.7796523571014404,4.371703624725342
2.102076768875122,2.7795746326446533,4.371826171875
2.102076768875122,2.7795746326446533,4.371826171875
2.1014010906219482,2.77955961227417,4.374294281005859
2.101405382156372,2.779886484146118,4.377902984619141
2.101405382156372,2.779886484146118,4.377902984619141
2.101344585418701,2.779994487762451,4.378332138061523
2.101344585418701,2.779994487762451,4.378332138061523
2.1004390716552734,2.7803218364715576,4.379064559936523
2.1004390716552734,2.7803218364715576,4.379064559936523
2.1005938053131104,2.780507802963257,4.379881858825684
2.1005938053131104,2.780507802963257,4.379881858825684
2.1001768112182617,2.7800986766815186,4.379411220550537
2.100327968597412,2.779754638671875,4.383930206298828
2.100327968597412,2.779754638671875,4.383930206298828
2.099787712097168,2.7787182331085205,4.386041164398193
2.098662853240967,2.778287649154663,4.385103702545166
2.098662853240967,2.778287649154663,4.385103702545166
2.0984630584716797,2.77819561958313,4.385819435119629
2.0984630584716797,2.77819561958313,4.385819435119629
2.1007471084594727,2.7783546447753906,4.385699272155762
2.1007471084594727,2.7783546447753906,4.385699272155762
2.0999748706817627,2.7783570289611816,4.386380672454834
2.0999605655670166,2.7794859409332275,4.388066291809082
2.0999605655670166,2.7794859409332275,4.388066291809082
2.101984977722168,2.7804768085479736,4.390352725982666
2.101984977722168,2.7804768085479736,4.390352725982666
2.1019949913024902,2.7807445526123047,4.390567779541016
2.1012797355651855,2.781388521194458,4.39175271987915
2.1012797355651855,2.781388521194458,4.39175271987915
2.101605176925659,2.781700611114502,4.39206075668335
2.101605176925659,2.781700611114502,4.39206075668335
2.1010313034057617,2.7819535732269287,4.391246795654297
2.1010313034057617,2.7819535732269287,4.391246795654297
2.0999953746795654,2.7827768325805664,4.393147945404053
2.1002016067504883,2.7829577922821045,4.393951416015625
2.100001811981201,2.783686399459839,4.394095420837402
2.100001811981201,2.783686399459839,4.394095420837402
2.0987653732299805,2.785134792327881,4.395506381988525
2.0981922149658203,2.7855899333953857,4.397041320800781
2.0981922149658203,2.7855899333953857,4.397041320800781
2.0979278087615967,2.785773277282715,4.397028923034668
2.0978198051452637,2.7869038581848145,4.399232864379883
2.0978198051452637,2.7869038581848145,4.399232864379883
2.097476005554199,2.78684663772583,4.400582790374756
2.097476005554199,2.78684663772583,4.400582790374756
2.095787525177002,2.786836624145508,4.400671482086182
2.095787525177002,2.786836624145508,4.400671482086182
2.095202684402466,2.787112236022949,4.403685569763184
2.0966312885284424,2.787371873855591,4.404026031494141
2.0966312885284424,2.787371873855591,4.404026031494141
2.094642162322998,2.7871649265289307,4.403709888458252
2.094642162322998,2.7871649265289307,4.403709888458252
2.0942437648773193,2.787276029586792,4.403868675231934
2.0944719314575195,2.787322521209717,4.40400505065918
2.0944719314575195,2.787322521209717,4.40400505065918
2.093043565750122,2.786769151687622,4.403313636779785
2.093043565750122,2.786769151687622,4.403313636779785
2.0925374031066895,2.7863521575927734,4.40407133102417
2.092432737350464,2.785456895828247,4.402896404266357
2.092432737350464,2.785456895828247,4.402896404266357
2.0891969203948975,2.7846810817718506,4.4042487144470215
2.0891969203948975,2.7846810817718506,4.4042487144470215
2.08990216255188,2.784054756164551,4.405963897705078
2.090428113937378,2.783222198486328,4.405607223510742
2.090428113937378,2.783222198486328,4.405607223510742
2.09047269821167,2.783428192138672,4.404054641723633
2.09047269821167,2.783428192138672,4.404054641723633
2.090829849243164,2.7832162380218506,4.4041032791137695
2.090829849243164,2.7832162380218506,4.4041032791137695
2.0906918048858643,2.782719612121582,4.402682304382324
2.0906918048858643,2.782719612121582,4.402682304382324
2.091151714324951,2.7827672958374023,4.405828475952148
2.0905213356018066,2.7823987007141113,4.407261371612549
2.090421438217163,2.78226900100708,4.407803535461426
2.090421438217163,2.78226900100708,4.407803535461426
2.089639663696289,2.7821693420410156,4.410574913024902
2.0899298191070557,2.7823987007141113,4.412323474884033
2.090484142303467,2.7830960750579834,4.415138244628906
2.090484142303467,2.7830960750579834,4.415138244628906
2.092432975769043,2.783005475997925,4.415283679962158
2.092432975769043,2.783005475997925,4.415283679962158
2.091797351837158,2.7827439308166504,4.417835712432861
2.09131121635437,2.7818996906280518,4.418112277984619
2.09131121635437,2.7818996906280518,4.418112277984619
2.092712879180908,2.7819859981536865,4.419975757598877
2.092712879180908,2.7819859981536865,4.419975757598877
2.0942177772521973,2.781373977661133,4.421893119812012
2.095244884490967,2.781447649002075,4.4218430519104
2.095244884490967,2.781447649002075,4.4218430519104
2.0975711345672607,2.782351016998291,4.423955917358398
2.0975711345672607,2.782351016998291,4.423955917358398
2.0987749099731445,2.782301425933838,4.428069591522217
2.099576234817505,2.781430959701538,4.4266133308410645
2.099576234817505,2.781430959701538,4.4266133308410645
2.0999631881713867,2.7814202308654785,4.423646926879883
2.0999631881713867,2.7814202308654785,4.423646926879883
2.101457118988037,2.78143572807312,4.422483444213867
2.101457118988037,2.78143572807312,4.422483444213867
2.102224588394165,2.7808644771575928,4.421052932739258
2.102386713027954,2.7803447246551514,4.422257423400879
2.102386713027954,2.7803447246551514,4.422257423400879
2.1040995121002197,2.78035044670105,4.426403045654297
2.103560209274292,2.779970645904541,4.4292073249816895
2.103560209274292,2.779970645904541,4.4292073249816895
2.1013076305389404,2.7804994583129883,4.433559894561768
2.1018080711364746,2.78079891204834,4.435266494750977
2.1018080711364746,2.78079891204834,4.435266494750977
2.1033990383148193,2.7805581092834473,4.434310436248779
2.1033990383148193,2.7805581092834473,4.434310436248779
2.102111577987671,2.780184507369995,4.431210517883301
2.1019744873046875,2.780470848083496,4.4299163818359375
2.1019744873046875,2.780470848083496,4.4299163818359375
2.103107213973999,2.780594825744629,4.431746482849121
2.103107213973999,2.780594825744629,4.431746482849121
2.1016201972961426,2.780684232711792,4.434479236602783
2.102081775665283,2.7819573879241943,4.439615249633789
2.1028518676757812,2.782047748565674,4.440761089324951
2.1028518676757812,2.782047748565674,4.440761089324951
2.1020078659057617,2.7815518379211426,4.4400787353515625
2.1020078659057617,2.7815518379211426,4.4400787353515625
2.1026906967163086,2.7821524143218994,4.44096565246582
2.1026906967163086,2.7821524143218994,4.44096565246582
2.102644920349121,2.781960964202881,4.442209243774414
2.1012940406799316,2.78205943107605,4.444743633270264
2.1012940406799316,2.78205943107605,4.444743633270264
2.102511405944824,2.782778739929199,4.448864936828613
2.102511405944824,2.782778739929199,4.448864936828613
2.1048476696014404,2.783172130584717,4.448908805847168
2.1047651767730713,2.7835729122161865,4.447995185852051
2.1047651767730713,2.7835729122161865,4.447995185852051
2.1046974658966064,2.7841501235961914,4.448758125305176
2.1046974658966064,2.7841501235961914,4.448758125305176
2.105327606201172,2.7840394973754883,4.449942111968994
2.104804515838623,2.7840476036071777,4.452669143676758
2.104804515838623,2.7840476036071777,4.452669143676758
2.103577136993408,2.784102439880371,4.455272197723389
2.103577136993408,2.784102439880371,4.455272197723389
2.102858781814575,2.78389835357666,4.4549078941345215
2.102858781814575,2.78389835357666,4.4549078941345215
2.102461576461792,2.7837231159210205,4.455501556396484
2.102461576461792,2.7837231159210205,4.455501556396484
2.1028025150299072,2.783311605453491,4.456509590148926
2.100139856338501,2.7826476097106934,4.457040309906006
2.100139856338501,2.7826476097106934,4.457040309906006
2.098111152648926,2.782590389251709,4.4565887451171875
2.098111152648926,2.782590389251709,4.4565887451171875
2.09930157661438,2.783186435699463,4.455844402313232
2.100771188735962,2.7840311527252197,4.456356048583984
2.100771188735962,2.7840311527252197,4.456356048583984
2.1000349521636963,2.7841596603393555,4.457514762878418
2.098876714706421,2.7841548919677734,4.459316730499268
2.098876714706421,2.7841548919677734,4.459316730499268
2.0999436378479004,2.7838470935821533,4.458459854125977
2.0999436378479004,2.7838470935821533,4.458459854125977
2.099147081375122,2.7835960388183594,4.456882476806641
2.099147081375122,2.7835960388183594,4.456882476806641
2.098665952682495,2.7842578887939453,4.454424858093262
2.097731113433838,2.7845137119293213,4.452969551086426
2.097731113433838,2.7845137119293213,4.452969551086426
2.0992424488067627,2.7847609519958496,4.454460620880127
2.0992424488067627,2.7847609519958496,4.454460620880127
2.100034236907959,2.7843384742736816,4.453589916229248
2.100034236907959,2.7843384742736816,4.453589916229248
2.097151279449463,2.783496618270874,4.45286226272583
2.0973682403564453,2.783413887023926,4.45368766784668
2.0973682403564453,2.783413887023926,4.45368766784668
2.099149703979492,2.78334379196167,4.453797817230225
2.099149703979492,2.78334379196167,4.453797817230225
2.0980257987976074,2.7845726013183594,4.455096244812012
2.097543478012085,2.7857096195220947,4.4551920890808105
2.097543478012085,2.7857096195220947,4.4551920890808105
2.0987815856933594,2.7862348556518555,4.456695079803467
2.0987815856933594,2.7862348556518555,4.456695079803467
2.099428415298462,2.7866270542144775,4.458741188049316
2.097623109817505,2.786416530609131,4.459458827972412
2.097623109817505,2.786416530609131,4.459458827972412
2.0971720218658447,2.7868716716766357,4.463094234466553
2.0971720218658447,2.7868716716766357,4.463094234466553
2.0977184772491455,2.7867846488952637,4.464537143707275
2.0967791080474854,2.786717414855957,4.465665340423584
2.0967791080474854,2.786717414855957,4.465665340423584
2.096196413040161,2.7863152027130127,4.46817684173584
2.096196413040161,2.7863152027130127,4.46817684173584
2.096208333969116,2.786010265350342,4.470834732055664
2.0965282917022705,2.786050796508789,4.4727020263671875
2.0965282917022705,2.786050796508789,4.4727020263671875
2.0971908569335938,2.786130428314209,4.474984645843506
2.0971908569335938,2.786130428314209,4.474984645843506
2.0963780879974365,2.785233736038208,4.474695205688477
2.0963780879974365,2.785233736038208,4.474695205688477
2.0950839519500732,2.784677267074585,4.475213050842285
2.096384286880493,2.7843668460845947,4.477168083190918
2.096384286880493,2.7843668460845947,4.477168083190918
2.0958003997802734,2.783442735671997,4.477232933044434
2.0958003997802734,2.783442735671997,4.477232933044434
2.09335994720459,2.7824995517730713,4.477670669555664
2.0930325984954834,2.781832695007324,4.479970455169678
2.0930325984954834,2.781832695007324,4.479970455169678
2.094681739807129,2.7804458141326904,4.481123924255371
2.094681739807129,2.7804458141326904,4.481123924255371
2.093221664428711,2.779660701751709,4.481326103210449
2.092658758163452,2.7795464992523193,4.483773708343506
2.092658758163452,2.7795464992523193,4.483773708343506
2.093343734741211,2.779045581817627,4.485019683837891
2.093343734741211,2.779045581817627,4.485019683837891
2.0943593978881836,2.779604196548462,4.487920761108398
2.0959393978118896,2.780646800994873,4.489385604858398
2.09696364402771,2.781690835952759,4.489461421966553
2.09696364402771,2.781690835952759,4.489461421966553
2.0969913005828857,2.782552480697632,4.4895524978637695
2.0969913005828857,2.782552480697632,4.4895524978637695
2.098449945449829,2.783668279647827,4.4910969734191895
2.0999042987823486,2.7845535278320312,4.492845058441162
2.100015878677368,2.784968137741089,4.493048667907715
2.100015878677368,2.784968137741089,4.493048667907715
2.0991663932800293,2.7862462997436523,4.496615886688232
2.0991663932800293,2.7862462997436523,4.496615886688232
2.1000173091888428,2.786642551422119,4.498327732086182
2.0998785495758057,2.786578416824341,4.497445583343506
2.0998785495758057,2.786578416824341,4.497445583343506
2.099846124649048,2.7867116928100586,4.496989727020264
2.100332498550415,2.7865540981292725,4.497457981109619
2.1005349159240723,2.78629732131958,4.497503280639648
2.1005349159240723,2.78629732131958,4.497503280639648
2.099886178970337,2.7861154079437256,4.496616363525391
2.0998151302337646,2.786146879196167,4.496553897857666
2.0998151302337646,2.786146879196167,4.496553897857666
2.101630210876465,2.7862117290496826,4.495870113372803
2.101630210876465,2.7862117290496826,4.495870113372803
2.1031229496002197,2.786768674850464,4.495857238769531
2.1014750003814697,2.7869770526885986,4.496884346008301
2.1014750003814697,2.7869770526885986,4.496884346008301
2.100168228149414,2.7870373725891113,4.496306419372559
2.100168228149414,2.7870373725891113,4.496306419372559
2.1007931232452393,2.787160634994507,4.49683952331543
2.1000802516937256,2.7868564128875732,4.498421669006348
2.1000802516937256,2.7868564128875732,4.498421669006348
2.098487615585327,2.786661386489868,4.499279499053955
2.098487615585327,2.786661386489868,4.499279499053955
2.097135066986084,2.7868478298187256,4.502377986907959
2.097135066986084,2.7868478298187256,4.502377986907959
2.096651315689087,2.7860589027404785,4.5079731941223145
2.0951790809631348,2.784799337387085,4.510636329650879
2.0951790809631348,2.784799337387085,4.510636329650879
2.094973087310791,2.7841780185699463,4.512734889984131
2.094973087310791,2.7841780185699463,4.512734889984131
2.0942599773406982,2.783083200454712,4.512609958648682
2.093442916870117,2.782963514328003,4.510130882263184
2.093442916870117,2.782963514328003,4.510130882263184
2.092268228530884,2.7829067707061768,4.510101318359375
2.091643810272217,2.7829055786132812,4.510499954223633
2.091643810272217,2.7829055786132812,4.510499954223633
2.0921895503997803,2.783280372619629,4.510184288024902
2.0921895503997803,2.783280372619629,4.510184288024902
2.093142509460449,2.7840917110443115,4.510480880737305
2.093327045440674,2.7848567962646484,4.511054515838623
2.093327045440674,2.7848567962646484,4.511054515838623
2.093961715698242,2.7848002910614014,4.50972318649292
2.093961715698242,2.7848002910614014,4.50972318649292
2.0960497856140137,2.785907745361328,4.512706756591797
2.099749803543091,2.786905527114868,4.515988826751709
2.100687265396118,2.7873332500457764,4.517123222351074
2.100687265396118,2.7873332500457764,4.517123222351074
2.1006531715393066,2.7877798080444336,4.518163681030273
2.1006531715393066,2.7877798080444336,4.518163681030273
2.1000893115997314,2.7880403995513916,4.5200581550598145
2.1007847785949707,2.7881245613098145,4.521596431732178
2.1007847785949707,2.7881245613098145,4.521596431732178
2.1020939350128174,2.7879478931427,4.522531509399414
2.1026880741119385,2.7878990173339844,4.523281574249268
2.1026880741119385,2.7878990173339844,4.523281574249268
2.1036176681518555,2.787989616394043,4.525773525238037
2.103398561477661,2.7876670360565186,4.528409004211426
2.104417324066162,2.787742853164673,4.528822422027588
2.104417324066162,2.787742853164673,4.528822422027588
2.1060829162597656,2.788092851638794,4.5298871994018555
2.1060829162597656,2.788092851638794,4.5298871994018555
2.1084353923797607,2.788182258605957,4.527860164642334
2.1076695919036865,2.788578748703003,4.527724266052246
2.107983112335205,2.789091110229492,4.52874231338501
2.107973575592041,2.789199113845825,4.53041410446167
2.107973575592041,2.789199113845825,4.53041410446167
2.1093623638153076,2.789503335952759,4.533535003662109
2.1093623638153076,2.789503335952759,4.533535003662109
2.109361171722412,2.7901928424835205,4.53384256362915
2.109194040298462,2.7903892993927,4.533451557159424
2.109194040298462,2.7903892993927,4.533451557159424
2.108734369277954,2.7898101806640625,4.530623435974121
2.108734369277954,2.7898101806640625,4.530623435974121
2.107743740081787,2.789947032928467,4.529821872711182
2.107743740081787,2.789947032928467,4.529821872711182
2.1084160804748535,2.7904059886932373,4.530921459197998
2.10939621925354,2.791074514389038,4.533216953277588
2.10939621925354,2.791074514389038,4.533216953277588
2.1097018718719482,2.793015718460083,4.537534713745117
2.1097018718719482,2.793015718460083,4.537534713745117
2.11098051071167,2.7944107055664062,4.541437149047852
2.11098051071167,2.7944107055664062,4.541437149047852
2.1107301712036133,2.794567823410034,4.542191982269287
2.11155366897583,2.7953569889068604,4.544001579284668
2.11155366897583,2.7953569889068604,4.544001579284668
2.113632917404175,2.7951254844665527,4.5438055992126465
2.113632917404175,2.7951254844665527,4.5438055992126465
2.1147024631500244,2.794966459274292,4.545013427734375
2.114647626876831,2.7947349548339844,4.547884941101074
2.114647626876831,2.7947349548339844,4.547884941101074
2.113128185272217,2.7943239212036133,4.549895763397217
2.113128185272217,2.7943239212036133,4.549895763397217
2.1121952533721924,2.7935235500335693,4.550645351409912
2.1120429039001465,2.7930383682250977,4.550868511199951
2.1120429039001465,2.7930383682250977,4.550868511199951
2.110853910446167,2.79294490814209,4.550611972808838
2.1114375591278076,2.7921154499053955,4.550710201263428
2.1114375591278076,2.7921154499053955,4.550710201263428
2.110783576965332,2.79164457321167,4.552854061126709
2.110783576965332,2.79164457321167,4.552854061126709
2.111948251724243,2.791459798812866,4.552918910980225
2.1126835346221924,2.7911174297332764,4.550577163696289
2.1126835346221924,2.7911174297332764,4.550577163696289
2.113306999206543,2.791227102279663,4.550771713256836
2.113306999206543,2.791227102279663,4.550771713256836
2.114861488342285,2.7911667823791504,4.5525712966918945
2.1153531074523926,2.7908785343170166,4.5525431632995605
2.1153531074523926,2.7908785343170166,4.5525431632995605
2.1162798404693604,2.7916858196258545,4.554471015930176
2.1185734272003174,2.794046401977539,4.55755615234375
2.1185734272003174,2.794046401977539,4.55755615234375
2.118882417678833,2.7953507900238037,4.560791969299316
2.118882417678833,2.7953507900238037,4.560791969299316
2.1192610263824463,2.7957401275634766,4.561127185821533
2.119215726852417,2.79612398147583,4.561761379241943
2.119215726852417,2.79612398147583,4.561761379241943
2.119215726852417,2.79612398147583,4.561761379241943
2.119194746017456,2.7959463596343994,4.559687614440918
2.1188395023345947,2.7959601879119873,4.558881759643555
2.1188395023345947,2.7959601879119873,4.558881759643555
2.118651866912842,2.795598268508911,4.5603132247924805
2.117293119430542,2.7946715354919434,4.560277462005615
2.117293119430542,2.7946715354919434,4.560277462005615
2.1162784099578857,2.794642448425293,4.561606407165527
2.1162784099578857,2.794642448425293,4.561606407165527
2.1161582469940186,2.794292688369751,4.562676906585693
2.114192008972168,2.7940711975097656,4.562669277191162
2.114192008972168,2.7940711975097656,4.562669277191162
2.1155447959899902,2.795423984527588,4.566119194030762
2.1155447959899902,2.795423984527588,4.566119194030762
2.1161487102508545,2.795886278152466,4.569241523742676
2.1151392459869385,2.7971692085266113,4.572566509246826
2.1151392459869385,2.7971692085266113,4.572566509246826
2.1149964332580566,2.798062562942505,4.575868606567383
2.11706280708313,2.7985305786132812,4.576118469238281
2.11706280708313,2.7985305786132812,4.576118469238281
2.1180343627929688,2.7989044189453125,4.575809478759766
2.1180343627929688,2.7989044189453125,4.575809478759766
2.117851734161377,2.799307346343994,4.5746049880981445
2.1180477142333984,2.799349784851074,4.572807312011719
2.1179893016815186,2.799247980117798,4.572009563446045
2.1179893016815186,2.799247980117798,4.572009563446045
2.1174724102020264,2.799251079559326,4.573172569274902
2.1174724102020264,2.799251079559326,4.573172569274902
2.118562698364258,2.799131155014038,4.57357931137085
2.1188619136810303,2.7990548610687256,4.572768688201904
2.1188619136810303,2.7990548610687256,4.572768688201904
2.118661642074585,2.799363613128662,4.574721813201904
2.118661642074585,2.799363613128662,4.574721813201904
2.1187283992767334,2.7993671894073486,4.57590913772583
2.1195173263549805,2.798964738845825,4.573139190673828
2.1195173263549805,2.798964738845825,4.573139190673828
2.1198151111602783,2.7992820739746094,4.573199272155762
2.1198151111602783,2.7992820739746094,4.573199272155762
2.120156764984131,2.800572156906128,4.571052074432373
2.120028257369995,2.801239490509033,4.571406841278076
2.1207191944122314,2.801964282989502,4.571169853210449
2.1207191944122314,2.801964282989502,4.571169853210449
2.120072364807129,2.8018300533294678,4.5738139152526855
2.120072364807129,2.8018300533294678,4.5738139152526855
2.1184937953948975,2.8000261783599854,4.574771404266357
2.1187613010406494,2.799389123916626,4.57702112197876
2.1187613010406494,2.799389123916626,4.57702112197876
2.1183533668518066,2.7990667819976807,4.579579830169678
2.1183533668518066,2.7990667819976807,4.579579830169678
2.1177785396575928,2.7980458736419678,4.5784592628479
2.116915702819824,2.7980661392211914,4.5787177085876465
2.116915702819824,2.7980661392211914,4.5787177085876465
2.1169421672821045,2.798459768295288,4.579341411590576
2.1169421672821045,2.798459768295288,4.579341411590576
2.117006778717041,2.798025608062744,4.58041524887085
2.116781234741211,2.7972443103790283,4.581297874450684
2.116781234741211,2.7972443103790283,4.581297874450684
2.1167025566101074,2.7972216606140137,4.581259727478027
2.1167068481445312,2.7966439723968506,4.579601764678955
2.1167068481445312,2.7966439723968506,4.579601764678955
2.1144700050354004,2.7969300746917725,4.5801897048950195
2.1144700050354004,2.7969300746917725,4.5801897048950195
2.117323637008667,2.799269437789917,4.582688808441162
2.117323637008667,2.799269437789917,4.582688808441162
2.1211330890655518,2.8005011081695557,4.5852861404418945
2.12188458442688,2.8005902767181396,4.585046768188477
2.12188458442688,2.8005902767181396,4.585046768188477
2.121455669403076,2.8004698753356934,4.583745002746582
2.1218249797821045,2.80021333694458,4.5839738845825195
2.1217377185821533,2.7998228073120117,4.583376407623291
2.1217377185821533,2.7998228073120117,4.583376407623291
2.1227264404296875,2.800029754638672,4.5845947265625
2.1253418922424316,2.8001809120178223,4.585988998413086
2.1253418922424316,2.8001809120178223,4.585988998413086
2.1242787837982178,2.799086093902588,4.5841064453125
2.1242787837982178,2.799086093902588,4.5841064453125
2.1220006942749023,2.7982676029205322,4.584793567657471
2.122838258743286,2.7975125312805176,4.5855255126953125
2.122838258743286,2.7975125312805176,4.5855255126953125
2.123009443283081,2.796088695526123,4.584641933441162
2.123009443283081,2.796088695526123,4.584641933441162
2.1207711696624756,2.7956809997558594,4.587109565734863
2.1207711696624756,2.7956809997558594,4.587109565734863
2.1200063228607178,2.7954728603363037,4.590078830718994
2.1202280521392822,2.795595407485962,4.592482566833496
2.1202280521392822,2.795595407485962,4.592482566833496
2.119058132171631,2.795694589614868,4.592449188232422
2.119058132171631,2.795694589614868,4.592449188232422
2.119537115097046,2.795647382736206,4.593132019042969
2.119964599609375,2.7955400943756104,4.592099189758301
2.119964599609375,2.7955400943756104,4.592099189758301
2.120030164718628,2.796158790588379,4.593329906463623
2.120030164718628,2.796158790588379,4.593329906463623
2.122170925140381,2.796997547149658,4.5950212478637695
2.1223204135894775,2.7975199222564697,4.595389366149902
2.122389316558838,2.7994024753570557,4.59864616394043
2.122389316558838,2.7994024753570557,4.59864616394043
2.123859405517578,2.8015077114105225,4.602111339569092
2.123859405517578,2.8015077114105225,4.602111339569092
2.126265287399292,2.802640438079834,4.602741718292236
2.126265287399292,2.802640438079834,4.602741718292236
2.1252388954162598,2.803593873977661,4.602547645568848
2.1240100860595703,2.804577112197876,4.6038432121276855
2.1240100860595703,2.804577112197876,4.6038432121276855
2.125765323638916,2.804948091506958,4.603598594665527
2.125765323638916,2.804948091506958,4.603598594665527
2.1236352920532227,2.8049476146698,4.605417728424072
2.1233184337615967,2.805828809738159,4.608522415161133
2.124070405960083,2.8067398071289062,4.610374927520752
2.124070405960083,2.8067398071289062,4.610374927520752
2.1216907501220703,2.805264949798584,4.612725257873535
2.1216907501220703,2.805264949798584,4.612725257873535
2.121474504470825,2.803985595703125,4.615979194641113
2.1203970909118652,2.802518844604492,4.616923809051514
2.1203970909118652,2.802518844604492,4.616923809051514
2.1182053089141846,2.801706552505493,4.617116451263428
2.1182053089141846,2.801706552505493,4.617116451263428
2.1177637577056885,2.80138897895813,4.618769645690918
2.1202428340911865,2.801248073577881,4.619101524353027
2.1202428340911865,2.801248073577881,4.619101524353027
2.1204864978790283,2.8010494709014893,4.617116928100586
2.1204864978790283,2.8010494709014893,4.617116928100586
2.1205060482025146,2.8024466037750244,4.617760181427002
2.121093511581421,2.803335189819336,4.619632244110107
2.121346950531006,2.803131580352783,4.620082378387451
2.121346950531006,2.803131580352783,4.620082378387451
2.120875120162964,2.803870677947998,4.623448371887207
2.120875120162964,2.803870677947998,4.623448371887207
2.1210925579071045,2.8041248321533203,4.626010894775391
2.1193010807037354,2.8034918308258057,4.625550270080566
2.1193010807037354,2.8034918308258057,4.625550270080566
2.1180601119995117,2.8026957511901855,4.625016212463379
2.1180601119995117,2.8026957511901855,4.625016212463379
2.119765520095825,2.802492618560791,4.625220775604248
2.119903802871704,2.8012826442718506,4.624891757965088
2.119903802871704,2.8012826442718506,4.624891757965088
2.1183881759643555,2.8003079891204834,4.62889289855957
2.1183881759643555,2.8003079891204834,4.62889289855957
2.1212427616119385,2.800929307937622,4.633446216583252
2.1233510971069336,2.801057815551758,4.635059356689453
2.1233510971069336,2.801057815551758,4.635059356689453
2.1231510639190674,2.801100969314575,4.635030746459961
2.1233327388763428,2.8027665615081787,4.636778354644775
2.1233327388763428,2.8027665615081787,4.636778354644775
2.1254122257232666,2.8040637969970703,4.636497974395752
2.1254122257232666,2.8040637969970703,4.636497974395752
2.127378225326538,2.8057022094726562,4.638522624969482
2.1281561851501465,2.807227849960327,4.642711162567139
2.1281561851501465,2.807227849960327,4.642711162567139
2.1272733211517334,2.8076517581939697,4.644311428070068
2.126333475112915,2.8077409267425537,4.644230842590332
2.126333475112915,2.8077409267425537,4.644230842590332
2.128913402557373,2.808259963989258,4.646513938903809
2.128913402557373,2.808259963989258,4.646513938903809
2.127563714981079,2.807194948196411,4.6474456787109375
2.124910354614258,2.8061366081237793,4.649013042449951
2.124910354614258,2.8061366081237793,4.649013042449951
2.124204397201538,2.8057734966278076,4.6507978439331055
2.124204397201538,2.8057734966278076,4.6507978439331055
2.1259279251098633,2.8053572177886963,4.65003776550293
2.125847101211548,2.8044567108154297,4.649561882019043
2.125847101211548,2.8044567108154297,4.649561882019043
2.123711347579956,2.8055098056793213,4.655665397644043
2.123711347579956,2.8055098056793213,4.655665397644043
2.1267385482788086,2.807445526123047,4.658847332000732
2.1273717880249023,2.80812668800354,4.659730911254883
2.1273717880249023,2.80812668800354,4.659730911254883
2.1291491985321045,2.8088150024414062,4.661230087280273
2.1291491985321045,2.8088150024414062,4.661230087280273
2.1316375732421875,2.808445453643799,4.658710479736328
2.1316375732421875,2.808445453643799,4.658710479736328
2.1327083110809326,2.8082919120788574,4.6573309898376465
2.1339457035064697,2.808495044708252,4.6587677001953125
2.1339457035064697,2.808495044708252,4.6587677001953125
2.1338353157043457,2.808509349822998,4.661276340484619
2.1338353157043457,2.808509349822998,4.661276340484619
2.1329400539398193,2.808149814605713,4.662773132324219
2.132608413696289,2.8082635402679443,4.664813995361328
2.132608413696289,2.8082635402679443,4.664813995361328
2.1335740089416504,2.8079206943511963,4.664921760559082
2.1335740089416504,2.8079206943511963,4.664921760559082
2.1322269439697266,2.807084083557129,4.664308547973633
2.130136728286743,2.8073575496673584,4.666201591491699
2.130136728286743,2.8073575496673584,4.666201591491699
2.132331132888794,2.8072240352630615,4.666297435760498
2.132331132888794,2.8072240352630615,4.666297435760498
2.1313669681549072,2.806617259979248,4.6650495529174805
2.1313669681549072,2.806617259979248,4.6650495529174805
2.1298916339874268,2.807523250579834,4.668661117553711
2.128246545791626,2.8069424629211426,4.670559406280518
2.128246545791626,2.8069424629211426,4.670559406280518
2.128175973892212,2.8070437908172607,4.672639846801758
2.128175973892212,2.8070437908172607,4.672639846801758
2.1290171146392822,2.807404041290283,4.675168037414551
2.1286046504974365,2.8070333003997803,4.676774501800537
2.1286046504974365,2.8070333003997803,4.676774501800537
2.126736640930176,2.8069756031036377,4.677173614501953
2.126736640930176,2.8069756031036377,4.677173614501953
2.127561569213867,2.8076398372650146,4.680687427520752
2.1284914016723633,2.8074827194213867,4.680745601654053
2.1284914016723633,2.8074827194213867,4.680745601654053
2.1283767223358154,2.808504819869995,4.681703567504883
2.1283767223358154,2.808504819869995,4.681703567504883
2.129283905029297,2.809921979904175,4.6859331130981445
2.132772922515869,2.8109943866729736,4.6885199546813965
2.132772922515869,2.8109943866729736,4.6885199546813965
2.132779598236084,2.8112385272979736,4.689692974090576
2.132779598236084,2.8112385272979736,4.689692974090576
2.132802963256836,2.8116393089294434,4.691441059112549
2.1327812671661377,2.8117222785949707,4.692593574523926
2.132542371749878,2.811530828475952,4.692943096160889
2.132542371749878,2.811530828475952,4.692943096160889
2.133183717727661,2.811616897583008,4.694550037384033
2.133183717727661,2.811616897583008,4.694550037384033
2.133695125579834,2.8117194175720215,4.697389602661133
2.1338729858398438,2.8118090629577637,4.699183940887451
2.1338729858398438,2.8118090629577637,4.699183940887451
2.1334211826324463,2.8122406005859375,4.700830459594727
2.1334211826324463,2.8122406005859375,4.700830459594727
2.1357569694519043,2.8128254413604736,4.703716278076172
2.1357569694519043,2.8128254413604736,4.703716278076172
2.1359329223632812,2.812059164047241,4.702545166015625
2.1333038806915283,2.8124771118164062,4.7035675048828125
2.1333038806915283,2.8124771118164062,4.7035675048828125
2.136307716369629,2.812791109085083,4.704416751861572
2.136752128601074,2.811312437057495,4.703136444091797
2.136752128601074,2.811312437057495,4.703136444091797
2.1351404190063477,2.810580015182495,4.702644348144531
2.1351404190063477,2.810580015182495,4.702644348144531
2.134021520614624,2.810147285461426,4.703073501586914
2.1334896087646484,2.8092665672302246,4.70210599899292
2.1334896087646484,2.8092665672302246,4.70210599899292
2.1317861080169678,2.808816432952881,4.703803539276123
2.1317861080169678,2.808816432952881,4.703803539276123
2.1312592029571533,2.809046506881714,4.70842981338501
2.1312592029571533,2.809046506881714,4.70842981338501
2.1305274963378906,2.809011936187744,4.7112884521484375
2.1289899349212646,2.8094680309295654,4.715829372406006
2.1289899349212646,2.8094680309295654,4.715829372406006
2.1301681995391846,2.8101580142974854,4.7210283279418945
2.1301681995391846,2.8101580142974854,4.7210283279418945
2.1315200328826904,2.809744119644165,4.720710277557373
2.1293725967407227,2.810372829437256,4.7231245040893555
2.1293725967407227,2.810372829437256,4.7231245040893555
2.1318554878234863,2.8121511936187744,4.725706100463867
2.1318554878234863,2.8121511936187744,4.725706100463867
2.1348109245300293,2.8138647079467773,4.727964401245117
2.136012554168701,2.8142549991607666,4.7280683517456055
2.136154890060425,2.8147451877593994,4.728955268859863
2.136154890060425,2.8147451877593994,4.728955268859863
2.136993408203125,2.8152272701263428,4.730339050292969
2.136993408203125,2.8152272701263428,4.730339050292969
2.1364521980285645,2.8150460720062256,4.729835510253906
2.1367080211639404,2.8154807090759277,4.732222557067871
2.1367080211639404,2.8154807090759277,4.732222557067871
2.1367838382720947,2.8153738975524902,4.733156204223633
2.1367838382720947,2.8153738975524902,4.733156204223633
2.134885311126709,2.8149678707122803,4.732860088348389
2.1357314586639404,2.81542706489563,4.734586715698242
2.1357314586639404,2.81542706489563,4.734586715698242
2.138624906539917,2.815638780593872,4.735379695892334
2.138624906539917,2.815638780593872,4.735379695892334
2.1373770236968994,2.8150675296783447,4.735929012298584
2.1359992027282715,2.8163554668426514,4.738974571228027
2.1359992027282715,2.8163554668426514,4.738974571228027
2.1370127201080322,2.8164520263671875,4.740455627441406
2.1370127201080322,2.8164520263671875,4.740455627441406
2.1376700401306152,2.8160009384155273,4.7402262687683105
2.1359269618988037,2.8157057762145996,4.741213798522949
2.1359269618988037,2.8157057762145996,4.741213798522949
2.136644124984741,2.815098524093628,4.741086006164551
2.136644124984741,2.815098524093628,4.741086006164551
2.136592388153076,2.8148443698883057,4.741652965545654
2.136373519897461,2.814840316772461,4.744772434234619
2.136373519897461,2.814840316772461,4.744772434234619
2.135329246520996,2.8150217533111572,4.748058795928955
2.135329246520996,2.8150217533111572,4.748058795928955
2.1339285373687744,2.8145036697387695,4.748162269592285
2.1339285373687744,2.8145036697387695,4.748162269592285
2.132978677749634,2.814532518386841,4.7486138343811035
2.133754253387451,2.814990282058716,4.749609470367432
2.133754253387451,2.814990282058716,4.749609470367432
2.1320292949676514,2.8148245811462402,4.750063896179199
2.1320292949676514,2.8148245811462402,4.750063896179199
2.1315598487854004,2.8167922496795654,4.754950523376465
2.133582830429077,2.8180651664733887,4.76020622253418
2.133582830429077,2.8180651664733887,4.76020622253418
2.134347677230835,2.8185040950775146,4.762126922607422
2.134347677230835,2.8185040950775146,4.762126922607422
2.1333158016204834,2.819338321685791,4.7650604248046875
2.1333158016204834,2.819338321685791,4.7650604248046875
2.133232355117798,2.819889783859253,4.765744686126709
2.135300636291504,2.821810007095337,4.766407012939453
2.135300636291504,2.821810007095337,4.766407012939453
2.1357192993164062,2.8211448192596436,4.764857292175293
2.1357192993164062,2.8211448192596436,4.764857292175293
2.1359288692474365,2.820707321166992,4.764710426330566
2.134098768234253,2.8199076652526855,4.764106273651123
2.134098768234253,2.8199076652526855,4.764106273651123
2.134917736053467,2.819997549057007,4.762579441070557
2.134917736053467,2.819997549057007,4.762579441070557
2.136934280395508,2.820378541946411,4.760011672973633
2.136934280395508,2.820378541946411,4.760011672973633
2.1385974884033203,2.8209404945373535,4.757750511169434
2.1387364864349365,2.821817636489868,4.758363246917725
2.138768434524536,2.8224549293518066,4.759854316711426
2.138768434524536,2.8224549293518066,4.759854316711426
2.1395835876464844,2.8231260776519775,4.762951850891113
2.1407830715179443,2.823660373687744,4.7647624015808105
2.1407830715179443,2.823660373687744,4.7647624015808105
2.1409339904785156,2.823396682739258,4.764683246612549
2.140575408935547,2.8232431411743164,4.765045166015625
2.140575408935547,2.8232431411743164,4.765045166015625
2.1404597759246826,2.822389602661133,4.765131950378418
2.1404597759246826,2.822389602661133,4.765131950378418
2.141265869140625,2.822310209274292,4.767729759216309
2.141265869140625,2.822310209274292,4.767729759216309
2.140829563140869,2.821760416030884,4.769796371459961
2.1383891105651855,2.8214004039764404,4.771433353424072
2.1383891105651855,2.8214004039764404,4.771433353424072
2.1397876739501953,2.822343111038208,4.775420665740967
2.1397876739501953,2.822343111038208,4.775420665740967
2.1409029960632324,2.8214211463928223,4.775851726531982
2.140897512435913,2.8214004039764404,4.7752299308776855
2.140897512435913,2.8214004039764404,4.7752299308776855
2.1416378021240234,2.822722911834717,4.776814937591553
2.1416378021240234,2.822722911834717,4.776814937591553
2.142751932144165,2.8229939937591553,4.7778754234313965
2.1431164741516113,2.8234241008758545,4.77979040145874
2.1431164741516113,2.8234241008758545,4.77979040145874
2.1434974670410156,2.82401180267334,4.780941963195801
2.1434974670410156,2.82401180267334,4.780941963195801
2.1436386108398438,2.823072910308838,4.777626991271973
2.1424453258514404,2.822986364364624,4.777149677276611
2.1424453258514404,2.822986364364624,4.777149677276611
2.143033266067505,2.8237836360931396,4.779946804046631
2.143033266067505,2.8237836360931396,4.779946804046631
2.143678903579712,2.8239150047302246,4.78037691116333
2.141381025314331,2.8242032527923584,4.781798362731934
2.141381025314331,2.8242032527923584,4.781798362731934
2.1434483528137207,2.825664520263672,4.7831711769104
2.1434483528137207,2.825664520263672,4.7831711769104
2.144876003265381,2.8261563777923584,4.782774925231934
2.1443228721618652,2.8265035152435303,4.780681610107422
2.1443228721618652,2.8265035152435303,4.780681610107422
2.1427862644195557,2.828355550765991,4.783445358276367
2.1427862644195557,2.828355550765991,4.783445358276367
2.1430013179779053,2.828673839569092,4.784469127655029
2.14239764213562,2.8287911415100098,4.785018444061279
2.14239764213562,2.8287911415100098,4.785018444061279
2.142157793045044,2.829517364501953,4.785317897796631
2.142157793045044,2.829517364501953,4.785317897796631
2.14056658744812,2.8290908336639404,4.782735347747803
2.139291524887085,2.8293023109436035,4.784075736999512
2.139291524887085,2.8293023109436035,4.784075736999512
2.139529228210449,2.829315662384033,4.788919925689697
2.1402008533477783,2.829317808151245,4.790487766265869
2.1402008533477783,2.829317808151245,4.790487766265869
2.1380512714385986,2.828010320663452,4.792688369750977
2.13769793510437,2.8272902965545654,4.792994022369385
2.13769793510437,2.8272902965545654,4.792994022369385
2.138461112976074,2.8270440101623535,4.793285846710205
2.1393609046936035,2.8253695964813232,4.790611743927002
2.1393609046936035,2.8253695964813232,4.790611743927002
2.1377170085906982,2.8252806663513184,4.79269552230835
2.1364786624908447,2.825667381286621,4.7970404624938965
2.1364786624908447,2.825667381286621,4.7970404624938965
2.137256145477295,2.8253777027130127,4.79791784286499
2.137256145477295,2.8253777027130127,4.79791784286499
2.1371114253997803,2.8255553245544434,4.800417900085449
2.1371114253997803,2.8255553245544434,4.800417900085449
2.137176513671875,2.825406789779663,4.801220893859863
2.135051965713501,2.824819564819336,4.798529148101807
2.135051965713501,2.824819564819336,4.798529148101807
2.1342573165893555,2.8251945972442627,4.799147605895996
2.1357262134552,2.8262698650360107,4.80217981338501
2.1357262134552,2.8262698650360107,4.80217981338501
2.1349568367004395,2.826180934906006,4.803989410400391
2.1349568367004395,2.826180934906006,4.803989410400391
2.1335978507995605,2.826676368713379,4.806840896606445
2.137010097503662,2.827807903289795,4.810015678405762
2.137010097503662,2.827807903289795,4.810015678405762
2.137881278991699,2.827169179916382,4.809032440185547
2.137881278991699,2.827169179916382,4.809032440185547
2.1364309787750244,2.8277206420898438,4.8090057373046875
2.138338088989258,2.828577995300293,4.810403823852539
2.138338088989258,2.828577995300293,4.810403823852539
2.1400978565216064,2.828767776489258,4.810498237609863
2.1400978565216064,2.828767776489258,4.810498237609863
2.1399292945861816,2.828765869140625,4.810692310333252
2.1402029991149902,2.8294260501861572,4.812358379364014
2.1402029991149902,2.8294260501861572,4.812358379364014
2.1404852867126465,2.829813241958618,4.814378261566162
2.1404852867126465,2.829813241958618,4.814378261566162
2.1401617527008057,2.829371452331543,4.815332889556885
2.1389222145080566,2.8286709785461426,4.817978382110596
2.1389222145080566,2.8286709785461426,4.817978382110596
2.138821840286255,2.827812910079956,4.8198065757751465
2.138821840286255,2.827812910079956,4.8198065757751465
2.1381096839904785,2.827031135559082,4.820702075958252
2.13903546333313,2.827360153198242,4.822897911071777
2.13903546333313,2.827360153198242,4.822897911071777
2.1409032344818115,2.82741641998291,4.824471473693848
2.140589475631714,2.827514171600342,4.8251800537109375
2.140589475631714,2.827514171600342,4.8251800537109375
2.1402499675750732,2.8276054859161377,4.827579975128174
2.1402499675750732,2.8276054859161377,4.827579975128174
2.143813133239746,2.8283562660217285,4.829768657684326
2.1441874504089355,2.828399658203125,4.826776027679443
2.1441874504089355,2.828399658203125,4.826776027679443
2.1446313858032227,2.829775333404541,4.824407577514648
2.1446313858032227,2.829775333404541,4.824407577514648
2.1466166973114014,2.83018159866333,4.822866916656494
2.1463348865509033,2.8296382427215576,4.821772575378418
2.1463348865509033,2.8296382427215576,4.821772575378418
2.145320415496826,2.82993221282959,4.824366092681885
2.145320415496826,2.82993221282959,4.824366092681885
2.146289348602295,2.8305554389953613,4.828108787536621
2.1476759910583496,2.8302555084228516,4.828779220581055
2.1476759910583496,2.8302555084228516,4.828779220581055
2.1478004455566406,2.8306970596313477,4.828856468200684
2.1490707397460938,2.83170485496521,4.830456733703613
2.1490707397460938,2.83170485496521,4.830456733703613
2.149829387664795,2.8319180011749268,4.830036163330078
2.149829387664795,2.8319180011749268,4.830036163330078
2.149641513824463,2.8325705528259277,4.832120418548584
2.149641513824463,2.8325705528259277,4.832120418548584
2.149909734725952,2.8332881927490234,4.835352420806885
2.1494953632354736,2.833139181137085,4.834918975830078
2.1494953632354736,2.833139181137085,4.834918975830078
2.1485865116119385,2.833289384841919,4.837002754211426
2.1485865116119385,2.833289384841919,4.837002754211426
2.1481776237487793,2.8333241939544678,4.840634822845459
2.148235321044922,2.8327791690826416,4.843594074249268
2.148235321044922,2.8327791690826416,4.843594074249268
2.148632764816284,2.832845449447632,4.8467817306518555
2.148632764816284,2.832845449447632,4.8467817306518555
2.1490771770477295,2.832784652709961,4.848444938659668
2.1480114459991455,2.8321704864501953,4.848781585693359
2.1480114459991455,2.8321704864501953,4.848781585693359
2.1484732627868652,2.8330469131469727,4.852084636688232
2.1484732627868652,2.8330469131469727,4.852084636688232
2.15128755569458,2.8336880207061768,4.8528547286987305
2.152658462524414,2.833470106124878,4.852207660675049
2.152658462524414,2.833470106124878,4.852207660675049
2.152515411376953,2.8341565132141113,4.852181434631348
2.152515411376953,2.8341565132141113,4.852181434631348
2.1532065868377686,2.8345892429351807,4.852603912353516
2.1532065868377686,2.8345892429351807,4.852603912353516
2.153447151184082,2.8345797061920166,4.852719306945801
2.152646541595459,2.8349573612213135,4.853562355041504
2.152646541595459,2.8349573612213135,4.853562355041504
2.152737855911255,2.834763526916504,4.854055404663086
2.152737855911255,2.834763526916504,4.854055404663086
2.1525473594665527,2.833526134490967,4.852344036102295
2.1530566215515137,2.8342740535736084,4.852508068084717
2.1530566215515137,2.8342740535736084,4.852508068084717
2.1541671752929688,2.8349406719207764,4.852909564971924
2.1541671752929688,2.8349406719207764,4.852909564971924
2.153926372528076,2.8346786499023438,4.852200508117676
2.1532533168792725,2.8356502056121826,4.854372024536133
2.1532533168792725,2.8356502056121826,4.854372024536133
2.1546316146850586,2.836451768875122,4.855963706970215
2.1546316146850586,2.836451768875122,4.855963706970215
2.154233932495117,2.8359100818634033,4.8550896644592285
2.153693675994873,2.835519313812256,4.855412006378174
2.153693675994873,2.835519313812256,4.855412006378174
2.1541149616241455,2.836060047149658,4.859306812286377
2.1541149616241455,2.836060047149658,4.859306812286377
2.1544816493988037,2.835991382598877,4.862858295440674
2.1516380310058594,2.835876941680908,4.867285251617432
2.1516380310058594,2.835876941680908,4.867285251617432
2.152693510055542,2.8362274169921875,4.870564937591553
2.152693510055542,2.8362274169921875,4.870564937591553
2.153555393218994,2.835662841796875,4.871225833892822
2.153555393218994,2.835662841796875,4.871225833892822
2.153528928756714,2.835965156555176,4.870569705963135
2.1533985137939453,2.8357696533203125,4.871209621429443
2.153242588043213,2.8358490467071533,4.87256383895874
2.153242588043213,2.8358490467071533,4.87256383895874
2.1541130542755127,2.836454153060913,4.8744096755981445
2.1541130542755127,2.836454153060913,4.8744096755981445
2.1549341678619385,2.837350845336914,4.875425815582275
2.154982328414917,2.837609052658081,4.8746137619018555
2.154982328414917,2.837609052658081,4.8746137619018555
2.1547112464904785,2.837479829788208,4.874034404754639
2.1547112464904785,2.837479829788208,4.874034404754639
2.154099464416504,2.8368453979492188,4.872721195220947
2.153801679611206,2.8364291191101074,4.872616291046143
2.153815507888794,2.8363211154937744,4.873295307159424
2.1531317234039307,2.835613965988159,4.874080657958984
2.1531317234039307,2.835613965988159,4.874080657958984
2.154033899307251,2.8354299068450928,4.874154090881348
2.154033899307251,2.8354299068450928,4.874154090881348
2.154531478881836,2.8360021114349365,4.874914169311523
2.1534643173217773,2.8362271785736084,4.873411178588867
2.1534643173217773,2.8362271785736084,4.873411178588867
2.1528408527374268,2.836780309677124,4.873414039611816
2.1528408527374268,2.836780309677124,4.873414039611816
2.153789758682251,2.837804079055786,4.875356674194336
2.1535449028015137,2.8377439975738525,4.876133441925049
2.1535449028015137,2.8377439975738525,4.876133441925049
2.1516072750091553,2.8379204273223877,4.8763041496276855
2.1521449089050293,2.839242458343506,4.87925386428833
2.1521449089050293,2.839242458343506,4.87925386428833
2.1527676582336426,2.8393688201904297,4.879802703857422
2.1527676582336426,2.8393688201904297,4.879802703857422
2.152376413345337,2.8397836685180664,4.880479335784912
2.152376413345337,2.8397836685180664,4.880479335784912
2.151338815689087,2.8408100605010986,4.884287357330322
2.152341842651367,2.8409345149993896,4.886499881744385
2.152341842651367,2.8409345149993896,4.886499881744385
2.15167498588562,2.8406991958618164,4.88850736618042
2.15167498588562,2.8406991958618164,4.88850736618042
2.1517250537872314,2.8408172130584717,4.889203071594238
2.1517250537872314,2.8408172130584717,4.889203071594238
2.1506009101867676,2.840885877609253,4.89009952545166
2.149841070175171,2.840897798538208,4.890079498291016
2.149841070175171,2.840897798538208,4.890079498291016
2.151045560836792,2.8412704467773438,4.890872001647949
2.151045560836792,2.8412704467773438,4.890872001647949
2.151397943496704,2.840871572494507,4.890474319458008
2.151397943496704,2.840871572494507,4.890474319458008
2.150383949279785,2.841022253036499,4.890973091125488
2.1513290405273438,2.841334342956543,4.893105506896973
2.1513290405273438,2.841334342956543,4.893105506896973
2.152247428894043,2.840940237045288,4.893584728240967
2.1544268131256104,2.8416574001312256,4.896695613861084
2.1544268131256104,2.8416574001312256,4.896695613861084
2.1568009853363037,2.8423008918762207,4.899601459503174
2.1568009853363037,2.8423008918762207,4.899601459503174
2.1599318981170654,2.8421337604522705,4.899562358856201
2.160517930984497,2.841822385787964,4.8994340896606445
2.1622836589813232,2.8437509536743164,4.899885654449463
2.1620500087738037,2.8436739444732666,4.899447917938232
2.1620500087738037,2.8436739444732666,4.899447917938232
2.161695957183838,2.8444392681121826,4.897404193878174
2.161695957183838,2.8444392681121826,4.897404193878174
2.162806272506714,2.8446202278137207,4.89404296875
2.1638176441192627,2.8451905250549316,4.893683433532715
2.1638176441192627,2.8451905250549316,4.893683433532715
2.1628496646881104,2.844376564025879,4.8918843269348145
2.1628496646881104,2.844376564025879,4.8918843269348145
2.161374568939209,2.8440182209014893,4.891324996948242
2.16192626953125,2.8439011573791504,4.8919596672058105
2.16192626953125,2.8439011573791504,4.8919596672058105
2.1619906425476074,2.8420469760894775,4.892906188964844
2.1608383655548096,2.841095209121704,4.894271373748779
2.1608383655548096,2.841095209121704,4.894271373748779
2.1608383655548096,2.841095209121704,4.894271373748779
2.160142421722412,2.840904712677002,4.896897792816162
2.159660577774048,2.8405096530914307,4.899035453796387
2.159660577774048,2.8405096530914307,4.899035453796387
2.1595921516418457,2.8408751487731934,4.900840759277344
2.1595921516418457,2.8408751487731934,4.900840759277344
2.160731315612793,2.8419010639190674,4.903177261352539
2.161644458770752,2.8423824310302734,4.904484748840332
2.161644458770752,2.8423824310302734,4.904484748840332
2.161644458770752,2.8423824310302734,4.904484748840332
2.1621923446655273,2.8434560298919678,4.907183647155762
2.1621923446655273,2.8434560298919678,4.907183647155762
2.163591146469116,2.8433499336242676,4.907874584197998
2.163591146469116,2.8433499336242676,4.907874584197998
2.162236213684082,2.8424086570739746,4.905205726623535
2.1611971855163574,2.8430516719818115,4.904378414154053
2.1611971855163574,2.8430516719818115,4.904378414154053
2.163567304611206,2.843421459197998,4.903269290924072
2.163567304611206,2.843421459197998,4.903269290924072
2.163626194000244,2.8425955772399902,4.9013566970825195
2.1612424850463867,2.8432421684265137,4.905002117156982
2.1612424850463867,2.8432421684265137,4.905002117156982
2.1609697341918945,2.8434088230133057,4.908524036407471
2.1609697341918945,2.8434088230133057,4.908524036407471
2.163079023361206,2.8437392711639404,4.912776947021484
2.1623191833496094,2.8450183868408203,4.919139862060547
2.1623191833496094,2.8450183868408203,4.919139862060547
2.1623222827911377,2.845733880996704,4.921792507171631
2.1623222827911377,2.845733880996704,4.921792507171631
2.1628191471099854,2.8459348678588867,4.921996593475342
2.162621021270752,2.8462464809417725,4.922184467315674
2.1627278327941895,2.846874237060547,4.923526763916016
2.1627278327941895,2.846874237060547,4.923526763916016
2.16154408454895,2.8453943729400635,4.922213554382324
2.16154408454895,2.8453943729400635,4.922213554382324
2.1592183113098145,2.8447697162628174,4.922857761383057
2.158709764480591,2.8447165489196777,4.925643444061279
2.158709764480591,2.8447165489196777,4.925643444061279
2.159951686859131,2.8443551063537598,4.925948143005371
2.159951686859131,2.8443551063537598,4.925948143005371
2.1593246459960938,2.8444533348083496,4.926587104797363
2.1582765579223633,2.8450350761413574,4.929122447967529
2.1582765579223633,2.8450350761413574,4.929122447967529
2.1599130630493164,2.8459980487823486,4.929348468780518
2.160282611846924,2.8459908962249756,4.928528308868408
2.1606338024139404,2.8466200828552246,4.9273905754089355
2.1606338024139404,2.8466200828552246,4.9273905754089355
2.160583257675171,2.847743511199951,4.927426338195801
2.160583257675171,2.847743511199951,4.927426338195801
2.1610677242279053,2.8485074043273926,4.9264349937438965
2.1632304191589355,2.8494648933410645,4.927950859069824
2.1632304191589355,2.8494648933410645,4.927950859069824
2.163571357727051,2.8500308990478516,4.930083274841309
2.163571357727051,2.8500308990478516,4.930083274841309
2.1623690128326416,2.8499441146850586,4.931000232696533
2.1623690128326416,2.8499441146850586,4.931000232696533
2.1614537239074707,2.850113868713379,4.931825160980225
2.16409969329834,2.8497142791748047,4.931164741516113
2.16409969329834,2.8497142791748047,4.931164741516113
2.162944793701172,2.848567247390747,4.92990779876709
2.162944793701172,2.848567247390747,4.92990779876709
2.1613495349884033,2.8488409519195557,4.932466983795166
2.1613495349884033,2.8488409519195557,4.932466983795166
2.163092851638794,2.849914073944092,4.934444427490234
2.1646602153778076,2.8506643772125244,4.935141563415527
2.1646602153778076,2.8506643772125244,4.935141563415527
2.165276050567627,2.8520002365112305,4.935812473297119
2.165276050567627,2.8520002365112305,4.935812473297119
2.16561222076416,2.8527846336364746,4.936111927032471
2.1657893657684326,2.852698802947998,4.935003280639648
2.166522741317749,2.853281259536743,4.935335636138916
2.166522741317749,2.853281259536743,4.935335636138916
2.1665077209472656,2.854271173477173,4.935802936553955
2.1665077209472656,2.854271173477173,4.935802936553955
2.1645901203155518,2.853501319885254,4.930419921875
2.164569139480591,2.853978395462036,4.928714752197266
2.164569139480591,2.853978395462036,4.928714752197266
2.1653380393981934,2.8540782928466797,4.928151607513428
2.1653380393981934,2.8540782928466797,4.928151607513428
2.1621949672698975,2.85377836227417,4.928581237792969
2.1614978313446045,2.8535139560699463,4.930248737335205
2.1614978313446045,2.8535139560699463,4.930248737335205
2.1626970767974854,2.8533241748809814,4.933304309844971
2.1626970767974854,2.8533241748809814,4.933304309844971
2.162888765335083,2.853085994720459,4.93575382232666
2.162888765335083,2.853085994720459,4.93575382232666
2.1620965003967285,2.8535072803497314,4.939527988433838
2.1618168354034424,2.8530306816101074,4.941072940826416
2.1618168354034424,2.8530306816101074,4.941072940826416
2.1613662242889404,2.8523106575012207,4.940663814544678
2.1613662242889404,2.8523106575012207,4.940663814544678
2.1612513065338135,2.852133274078369,4.942424297332764
2.1612513065338135,2.852133274078369,4.942424297332764
2.1606624126434326,2.850949287414551,4.941608428955078
2.160346508026123,2.8518996238708496,4.941375255584717
2.160346508026123,2.8518996238708496,4.941375255584717
2.162452220916748,2.852858066558838,4.944446563720703
2.162452220916748,2.852858066558838,4.944446563720703
2.1633718013763428,2.8531854152679443,4.946077346801758
2.1633718013763428,2.8531854152679443,4.946077346801758
2.1612110137939453,2.853306293487549,4.947879314422607
2.163706064224243,2.8546905517578125,4.9518141746521
2.163706064224243,2.8546905517578125,4.9518141746521
2.163356304168701,2.8539950847625732,4.9517107009887695
2.1617252826690674,2.854221820831299,4.950152397155762
2.1617252826690674,2.854221820831299,4.950152397155762
2.1620724201202393,2.85540771484375,4.951313018798828
2.1620724201202393,2.85540771484375,4.951313018798828
2.1635689735412598,2.8551173210144043,4.9499640464782715
2.162597894668579,2.854607582092285,4.948729038238525
2.162597894668579,2.854607582092285,4.948729038238525
2.1617603302001953,2.854203224182129,4.947957992553711
2.1617603302001953,2.854203224182129,4.947957992553711
2.161423683166504,2.8539772033691406,4.949104309082031
2.161100387573242,2.8535096645355225,4.951377868652344
2.161100387573242,2.8535096645355225,4.951377868652344
2.1619715690612793,2.854145050048828,4.955915451049805
2.1619715690612793,2.854145050048828,4.955915451049805
2.161668300628662,2.8541178703308105,4.9589362144470215
2.161668300628662,2.8541178703308105,4.9589362144470215
2.1610848903656006,2.8539211750030518,4.961897373199463
2.1636722087860107,2.854865550994873,4.965902328491211
2.1636722087860107,2.854865550994873,4.965902328491211
2.1621644496917725,2.853639841079712,4.9669952392578125
2.160848617553711,2.852959394454956,4.965134620666504
2.160848617553711,2.852959394454956,4.965134620666504
2.161383867263794,2.8535823822021484,4.965151309967041
2.161383867263794,2.8535823822021484,4.965151309967041
2.1633667945861816,2.854039192199707,4.965766429901123
2.1641788482666016,2.8541698455810547,4.966469764709473
2.1641788482666016,2.8541698455810547,4.966469764709473
2.163944959640503,2.8551957607269287,4.970551013946533
2.163944959640503,2.8551957607269287,4.970551013946533
2.1648659706115723,2.855454921722412,4.971926212310791
2.1648659706115723,2.855454921722412,4.971926212310791
2.1641223430633545,2.8547229766845703,4.972238540649414
2.1639339923858643,2.855517864227295,4.976224422454834
2.1639339923858643,2.855517864227295,4.976224422454834
2.162505865097046,2.854875326156616,4.978088855743408
2.162505865097046,2.854875326156616,4.978088855743408
2.161501407623291,2.8550922870635986,4.980966567993164
2.1619632244110107,2.855745315551758,4.985016822814941
2.1619632244110107,2.855745315551758,4.985016822814941
2.161841630935669,2.856133460998535,4.987279415130615
2.161841630935669,2.856133460998535,4.987279415130615
2.1593122482299805,2.8558883666992188,4.987585067749023
2.1593122482299805,2.8558883666992188,4.987585067749023
2.1606361865997314,2.8567936420440674,4.988555908203125
2.1609911918640137,2.85734224319458,4.990342140197754
2.1609911918640137,2.85734224319458,4.990342140197754
2.1604082584381104,2.857304334640503,4.9894537925720215
2.1604082584381104,2.857304334640503,4.9894537925720215
2.1592800617218018,2.858135938644409,4.990971565246582
2.1596202850341797,2.8585307598114014,4.9936652183532715
2.1596202850341797,2.8585307598114014,4.9936652183532715
2.157907724380493,2.857983350753784,4.993999004364014
2.157907724380493,2.857983350753784,4.993999004364014
2.1563801765441895,2.858574390411377,4.996795654296875
2.1559650897979736,2.858015537261963,4.997420310974121
2.1559650897979736,2.858015537261963,4.997420310974121
2.1550378799438477,2.857379198074341,4.996212005615234
2.1550378799438477,2.857379198074341,4.996212005615234
2.1554012298583984,2.8576438426971436,4.996614933013916
2.1554012298583984,2.8576438426971436,4.996614933013916
2.1542470455169678,2.8576529026031494,4.998064041137695
2.1533362865448,2.85825252532959,5.000709533691406
2.1533362865448,2.85825252532959,5.000709533691406
2.154237985610962,2.85994029045105,5.006584167480469
2.154237985610962,2.85994029045105,5.006584167480469
2.1543221473693848,2.859785795211792,5.007171630859375
2.153463840484619,2.858928918838501,5.005392074584961
2.153463840484619,2.858928918838501,5.005392074584961
2.153473138809204,2.858034610748291,5.003751277923584
2.153473138809204,2.858034610748291,5.003751277923584
2.1541051864624023,2.858144760131836,5.005706310272217
2.153695583343506,2.857682228088379,5.008681774139404
2.153695583343506,2.857682228088379,5.008681774139404
2.1516103744506836,2.8574042320251465,5.01478385925293
2.1516103744506836,2.8574042320251465,5.01478385925293
2.152924060821533,2.8584144115448,5.0203070640563965
2.152924060821533,2.8584144115448,5.0203070640563965
2.1538734436035156,2.8585574626922607,5.023073196411133
2.154149055480957,2.859287738800049,5.0244598388671875
2.154149055480957,2.859287738800049,5.0244598388671875
2.1541152000427246,2.8597774505615234,5.026066780090332
2.1541152000427246,2.8597774505615234,5.026066780090332
2.154266834259033,2.8594024181365967,5.0269455909729
2.15458345413208,2.8599369525909424,5.030152797698975
2.15458345413208,2.8599369525909424,5.030152797698975
2.155388116836548,2.8603031635284424,5.032024383544922
2.155372142791748,2.8603029251098633,5.031797409057617
2.155372142791748,2.8603029251098633,5.031797409057617
2.154505968093872,2.8603789806365967,5.030828952789307
2.154505968093872,2.8603789806365967,5.030828952789307
2.156717538833618,2.8613739013671875,5.032620429992676
2.1559722423553467,2.861572027206421,5.0312113761901855
2.155677080154419,2.861567735671997,5.030672550201416
2.1553092002868652,2.8622562885284424,5.031655311584473
2.1553092002868652,2.8622562885284424,5.031655311584473
2.158219814300537,2.8635826110839844,5.032959461212158
2.158219814300537,2.8635826110839844,5.032959461212158
2.158140182495117,2.86315655708313,5.033202171325684
2.156923532485962,2.8645193576812744,5.033811569213867
2.156923532485962,2.8645193576812744,5.033811569213867
2.157421350479126,2.8659887313842773,5.035404205322266
2.157421350479126,2.8659887313842773,5.035404205322266
2.1591854095458984,2.865992307662964,5.034601211547852
2.1582813262939453,2.8660354614257812,5.0359039306640625
2.1582813262939453,2.8660354614257812,5.0359039306640625
2.15679931640625,2.8658957481384277,5.037905693054199
2.1564629077911377,2.8657584190368652,5.038449764251709
2.1564629077911377,2.8657584190368652,5.038449764251709
2.155344247817993,2.8649628162384033,5.039137840270996
2.1545653343200684,2.864989995956421,5.041658878326416
2.1545653343200684,2.864989995956421,5.041658878326416
2.1556522846221924,2.865562915802002,5.045135021209717
2.154082775115967,2.865363836288452,5.047412872314453
2.154082775115967,2.865363836288452,5.047412872314453
2.155184507369995,2.865612030029297,5.049166202545166
2.155184507369995,2.865612030029297,5.049166202545166
2.1566689014434814,2.866140127182007,5.050815582275391
2.1571362018585205,2.8663370609283447,5.051255702972412
2.157789707183838,2.866492509841919,5.050875663757324
2.157789707183838,2.866492509841919,5.050875663757324
2.157162666320801,2.8664944171905518,5.051816463470459
2.157162666320801,2.8664944171905518,5.051816463470459
2.1569113731384277,2.8662681579589844,5.052613735198975
2.157191753387451,2.8654184341430664,5.052253723144531
2.157191753387451,2.8654184341430664,5.052253723144531
2.1558761596679688,2.864964723587036,5.053461074829102
2.1558761596679688,2.864964723587036,5.053461074829102
2.1568102836608887,2.8652193546295166,5.05476713180542
2.1571881771087646,2.864671230316162,5.055556297302246
2.1571881771087646,2.864671230316162,5.055556297302246
2.156423330307007,2.8639063835144043,5.055243015289307
2.1561601161956787,2.863739013671875,5.056034088134766
2.1576359272003174,2.863834857940674,5.056492805480957
2.1576359272003174,2.863834857940674,5.056492805480957
2.1588385105133057,2.863781452178955,5.059564590454102
2.1588385105133057,2.863781452178955,5.059564590454102
2.159672975540161,2.864743947982788,5.063699722290039
2.1605594158172607,2.8650155067443848,5.0661091804504395
2.1605594158172607,2.8650155067443848,5.0661091804504395
2.159907817840576,2.864760637283325,5.064401149749756
2.159907817840576,2.864760637283325,5.064401149749756
2.1605679988861084,2.8656280040740967,5.064733982086182
2.1605679988861084,2.8656280040740967,5.064733982086182
2.1601476669311523,2.864889144897461,5.065088272094727
2.1590728759765625,2.8645880222320557,5.064316272735596
2.1590728759765625,2.8645880222320557,5.064316272735596
2.1591956615448,2.8651163578033447,5.06516695022583
2.1591956615448,2.8651163578033447,5.06516695022583
2.1611273288726807,2.8653852939605713,5.066655158996582
2.1594398021698,2.8646843433380127,5.066922187805176
2.1594398021698,2.8646843433380127,5.066922187805176
2.1577799320220947,2.86472225189209,5.069849014282227
2.1577799320220947,2.86472225189209,5.069849014282227
2.1579439640045166,2.8650856018066406,5.071591377258301
2.158529043197632,2.865460157394409,5.072676181793213
2.158529043197632,2.865460157394409,5.072676181793213
2.159851312637329,2.865753650665283,5.071878433227539
2.159669876098633,2.866945743560791,5.073502540588379
2.159669876098633,2.866945743560791,5.073502540588379
2.1602540016174316,2.8677139282226562,5.074050426483154
2.1602540016174316,2.8677139282226562,5.074050426483154
2.160914421081543,2.869399070739746,5.077627658843994
2.1620192527770996,2.871598243713379,5.081617832183838
2.1620192527770996,2.871598243713379,5.081617832183838
2.1619250774383545,2.871453285217285,5.0808844566345215
2.1619250774383545,2.871453285217285,5.0808844566345215
2.160069465637207,2.8714072704315186,5.080013751983643
2.16111159324646,2.8720638751983643,5.0809855461120605
2.16111159324646,2.8720638751983643,5.0809855461120605
2.1614019870758057,2.8723931312561035,5.0828351974487305
2.1614019870758057,2.8723931312561035,5.0828351974487305
2.1601004600524902,2.8728957176208496,5.08579683303833
2.1598763465881348,2.874100685119629,5.090866565704346
2.1598763465881348,2.874100685119629,5.090866565704346
2.160094976425171,2.8740174770355225,5.093538761138916
2.160094976425171,2.8740174770355225,5.093538761138916
2.1589441299438477,2.8736181259155273,5.094183921813965
2.1575331687927246,2.8735382556915283,5.094643592834473
2.1575331687927246,2.8735382556915283,5.094643592834473
2.157477855682373,2.873352527618408,5.095926284790039
2.157477855682373,2.873352527618408,5.095926284790039
2.1567649841308594,2.872899055480957,5.0971808433532715
2.1564838886260986,2.872647762298584,5.100003242492676
2.1564838886260986,2.872647762298584,5.100003242492676
2.155597686767578,2.873232126235962,5.102112293243408
2.155597686767578,2.873232126235962,5.102112293243408
2.155463218688965,2.8728630542755127,5.103332996368408
2.155463218688965,2.8728630542755127,5.103332996368408
2.1568424701690674,2.8743674755096436,5.109000205993652
2.156804084777832,2.874974489212036,5.113315582275391
2.156804084777832,2.874974489212036,5.113315582275391
2.154697895050049,2.874568462371826,5.115694999694824
2.154697895050049,2.874568462371826,5.115694999694824
2.1559109687805176,2.875601291656494,5.11721134185791
2.1559109687805176,2.875601291656494,5.11721134185791
2.1579244136810303,2.875838041305542,5.11699914932251
2.1587166786193848,2.8754918575286865,5.115066051483154
2.1587166786193848,2.8754918575286865,5.115066051483154
2.1581003665924072,2.875576972961426,5.11430025100708
2.1612114906311035,2.878051519393921,5.1203436851501465
2.1612114906311035,2.878051519393921,5.1203436851501465
2.162743091583252,2.8792953491210938,5.122541904449463
2.162743091583252,2.8792953491210938,5.122541904449463
2.163407325744629,2.8789005279541016,5.119724273681641
2.1629343032836914,2.8786306381225586,5.117395877838135
2.1629343032836914,2.8786306381225586,5.117395877838135
2.1623029708862305,2.8773162364959717,5.113279819488525
2.1628315448760986,2.8765478134155273,5.11152458190918
2.1628315448760986,2.8765478134155273,5.11152458190918
2.163485527038574,2.876558303833008,5.1123175621032715
2.163485527038574,2.876558303833008,5.1123175621032715
2.1628646850585938,2.8758575916290283,5.111982822418213
2.1625711917877197,2.8763508796691895,5.113006114959717
2.1625711917877197,2.8763508796691895,5.113006114959717
2.1644155979156494,2.877214193344116,5.1157917976379395
2.1644155979156494,2.877214193344116,5.1157917976379395
2.1650567054748535,2.8772833347320557,5.1168389320373535
2.1636390686035156,2.8771636486053467,5.117562294006348
2.1636390686035156,2.8771636486053467,5.117562294006348
2.1648364067077637,2.878558397293091,5.119964599609375
2.1648364067077637,2.878558397293091,5.119964599609375
2.1656577587127686,2.8786823749542236,5.119476318359375
2.164224624633789,2.8786678314208984,5.117565631866455
2.1638131141662598,2.8790078163146973,5.117629051208496
2.1638131141662598,2.8790078163146973,5.117629051208496
2.1636722087860107,2.879953145980835,5.119979381561279
2.1636722087860107,2.879953145980835,5.119979381561279
2.162292718887329,2.880681276321411,5.122584819793701
2.162292718887329,2.880681276321411,5.122584819793701
2.160398483276367,2.8812613487243652,5.126389026641846
2.1598899364471436,2.8812615871429443,5.127932071685791
2.1598899364471436,2.8812615871429443,5.127932071685791
2.1576039791107178,2.880709409713745,5.129674911499023
2.159550905227661,2.88053035736084,5.129960060119629
2.159550905227661,2.88053035736084,5.129960060119629
2.15792179107666,2.879809856414795,5.1316094398498535
2.1570355892181396,2.8790855407714844,5.13023042678833
2.1570355892181396,2.8790855407714844,5.13023042678833
2.157008409500122,2.8801941871643066,5.132340908050537
2.157008409500122,2.8801941871643066,5.132340908050537
2.1583902835845947,2.881486654281616,5.135946750640869
2.1587624549865723,2.881563186645508,5.137786388397217
2.1587624549865723,2.881563186645508,5.137786388397217
2.157775402069092,2.882164239883423,5.13912296295166
2.157775402069092,2.882164239883423,5.13912296295166
2.158112049102783,2.882807493209839,5.140710830688477
2.157615900039673,2.882796287536621,5.142186641693115
2.157615900039673,2.882796287536621,5.142186641693115
2.157503843307495,2.8821613788604736,5.141508102416992
2.157503843307495,2.8821613788604736,5.141508102416992
2.156787872314453,2.882340908050537,5.1420392990112305
2.155942678451538,2.8817217350006104,5.1400465965271
2.155942678451538,2.8817217350006104,5.1400465965271
2.157163381576538,2.8814480304718018,5.138352394104004
2.157163381576538,2.8814480304718018,5.138352394104004
2.1566548347473145,2.8820598125457764,5.140183448791504
2.1562187671661377,2.8832197189331055,5.142162322998047
2.1562187671661377,2.8832197189331055,5.142162322998047
2.155494213104248,2.8848445415496826,5.14608907699585
2.155494213104248,2.8848445415496826,5.14608907699585
2.15702748298645,2.8859167098999023,5.1491193771362305
2.156848192214966,2.8857200145721436,5.148993968963623
2.156848192214966,2.8857200145721436,5.148993968963623
2.1552927494049072,2.885741710662842,5.147711277008057
2.1552927494049072,2.885741710662842,5.147711277008057
2.154935121536255,2.8864004611968994,5.148832321166992
2.1561710834503174,2.8861474990844727,5.149744033813477
2.1561710834503174,2.8861474990844727,5.149744033813477
2.1561105251312256,2.8865809440612793,5.151918888092041
2.1561105251312256,2.8865809440612793,5.151918888092041
2.155909538269043,2.887516975402832,5.155907154083252
2.156183958053589,2.8878273963928223,5.159257888793945
2.156183958053589,2.8878273963928223,5.159257888793945
2.15739369392395,2.888207197189331,5.160886287689209
2.15739369392395,2.888207197189331,5.160886287689209
2.1573050022125244,2.888765811920166,5.161698341369629
2.1580779552459717,2.8885226249694824,5.1598052978515625
2.1580779552459717,2.8885226249694824,5.1598052978515625
2.1584901809692383,2.8885738849639893,5.159098148345947
2.1589348316192627,2.888854742050171,5.1592512130737305
2.1589348316192627,2.888854742050171,5.1592512130737305
2.1602673530578613,2.8895702362060547,5.159755229949951
2.1602673530578613,2.8895702362060547,5.159755229949951
2.159294366836548,2.888871431350708,5.157529830932617
2.15863299369812,2.8888096809387207,5.156007766723633
2.15863299369812,2.8888096809387207,5.156007766723633
2.1597421169281006,2.88862943649292,5.155702590942383
2.1608736515045166,2.888434648513794,5.15709924697876
2.1608736515045166,2.888434648513794,5.15709924697876
2.1597073078155518,2.887960910797119,5.159305572509766
2.1597073078155518,2.887960910797119,5.159305572509766
2.158804416656494,2.887608289718628,5.161592960357666
2.1598944664001465,2.887500524520874,5.162618637084961
2.1598944664001465,2.887500524520874,5.162618637084961
2.1610188484191895,2.8880743980407715,5.161520004272461
2.1610188484191895,2.8880743980407715,5.161520004272461
2.1610491275787354,2.8879358768463135,5.160239219665527
2.1610491275787354,2.8879358768463135,5.160239219665527
2.1610069274902344,2.8884241580963135,5.1604180335998535
2.1622936725616455,2.8893418312072754,5.161242961883545
2.162102222442627,2.889404535293579,5.162374496459961
2.162102222442627,2.889404535293579,5.162374496459961
2.1616296768188477,2.8893909454345703,5.163800239562988
2.1616296768188477,2.8893909454345703,5.163800239562988
2.160184383392334,2.889061689376831,5.163547992706299
2.1594316959381104,2.8880844116210938,5.16245174407959
2.1594316959381104,2.8880844116210938,5.16245174407959
2.158259630203247,2.8873066902160645,5.163021087646484
2.158259630203247,2.8873066902160645,5.163021087646484
2.156768560409546,2.886664867401123,5.165524005889893
2.155306339263916,2.8859169483184814,5.167672157287598
2.155306339263916,2.8859169483184814,5.167672157287598
2.1554248332977295,2.886824131011963,5.171153545379639
2.1554248332977295,2.886824131011963,5.171153545379639
2.1580889225006104,2.888165235519409,5.176163673400879
2.156787395477295,2.8881442546844482,5.179381847381592
2.156787395477295,2.8881442546844482,5.179381847381592
2.156705617904663,2.8896496295928955,5.1831817626953125
2.156705617904663,2.8896496295928955,5.1831817626953125
2.160768508911133,2.8923959732055664,5.185290336608887
2.160768508911133,2.8923959732055664,5.185290336608887
2.161438465118408,2.892467498779297,5.1829705238342285
2.1605095863342285,2.8925507068634033,5.182461738586426
2.1605095863342285,2.8925507068634033,5.182461738586426
2.160029172897339,2.8935399055480957,5.1837944984436035
2.160029172897339,2.8935399055480957,5.1837944984436035
2.1599414348602295,2.8940320014953613,5.186645030975342
2.1597166061401367,2.8942999839782715,5.189102649688721
2.1597166061401367,2.8942999839782715,5.189102649688721
2.1612770557403564,2.8944952487945557,5.191100597381592
2.1612770557403564,2.8944952487945557,5.191100597381592
2.160895824432373,2.8942670822143555,5.190836429595947
2.160867691040039,2.8941500186920166,5.190465450286865
2.160867691040039,2.8941500186920166,5.190465450286865
2.16256046295166,2.89473295211792,5.193448543548584
2.16256046295166,2.89473295211792,5.193448543548584
2.1629233360290527,2.8939101696014404,5.193232536315918
2.161541223526001,2.8935372829437256,5.193594455718994
2.161541223526001,2.8935372829437256,5.193594455718994
2.164893388748169,2.894782781600952,5.195181369781494
2.164973497390747,2.894115447998047,5.196001052856445
2.164973497390747,2.894115447998047,5.196001052856445
2.163942337036133,2.8937385082244873,5.196474552154541
2.162027359008789,2.8946807384490967,5.200113296508789
2.162027359008789,2.8946807384490967,5.200113296508789
2.1630849838256836,2.8950767517089844,5.202355861663818
2.1632027626037598,2.895051956176758,5.203261375427246
2.1632027626037598,2.895051956176758,5.203261375427246
2.1632261276245117,2.8947486877441406,5.203670978546143
2.1646595001220703,2.8958680629730225,5.206515312194824
2.164425849914551,2.8959550857543945,5.207891464233398
2.164425849914551,2.8959550857543945,5.207891464233398
2.1638219356536865,2.8965003490448,5.211318492889404
2.1638219356536865,2.8965003490448,5.211318492889404
2.165290355682373,2.898237705230713,5.216109275817871
2.1657848358154297,2.8987903594970703,5.217105865478516
2.1657848358154297,2.8987903594970703,5.217105865478516
2.165895462036133,2.897711753845215,5.215790748596191
2.165684461593628,2.8977415561676025,5.214852809906006
2.165684461593628,2.8977415561676025,5.214852809906006
2.1659486293792725,2.8979673385620117,5.214966297149658
2.166674852371216,2.897385597229004,5.214214324951172
2.166674852371216,2.897385597229004,5.214214324951172
2.164572238922119,2.8973681926727295,5.213662624359131
2.164572238922119,2.8973681926727295,5.213662624359131
2.163989543914795,2.898038625717163,5.214897155761719
2.1636810302734375,2.897723913192749,5.215631008148193
2.1636810302734375,2.897723913192749,5.215631008148193
2.163022756576538,2.8978092670440674,5.21654748916626
2.163022756576538,2.8978092670440674,5.21654748916626
2.1634681224823,2.8986079692840576,5.218391418457031
2.163287401199341,2.898770809173584,5.21898889541626
2.1628589630126953,2.8980326652526855,5.217739105224609
2.1628589630126953,2.8980326652526855,5.217739105224609
2.161484479904175,2.897510290145874,5.2162065505981445
2.161484479904175,2.897510290145874,5.2162065505981445
2.1614928245544434,2.8971073627471924,5.215302467346191
2.160325527191162,2.897152900695801,5.218136787414551
2.160325527191162,2.897152900695801,5.218136787414551
2.1604740619659424,2.8986189365386963,5.223110675811768
2.1604740619659424,2.8986189365386963,5.223110675811768
2.162964105606079,2.899893283843994,5.226984024047852
2.1622939109802246,2.8991012573242188,5.227156639099121
2.1622939109802246,2.8991012573242188,5.227156639099121
2.159938335418701,2.898749351501465,5.227795124053955
2.159938335418701,2.898749351501465,5.227795124053955
2.160261631011963,2.898340940475464,5.228615760803223
2.159428834915161,2.8980495929718018,5.230325222015381
2.159782648086548,2.8976833820343018,5.230410575866699
2.159782648086548,2.8976833820343018,5.230410575866699
2.1593210697174072,2.898524522781372,5.233292102813721
2.1593210697174072,2.898524522781372,5.233292102813721
2.15975022315979,2.8991196155548096,5.234137535095215
2.1615352630615234,2.900085687637329,5.233060359954834
2.1615352630615234,2.900085687637329,5.233060359954834
2.162806987762451,2.901585578918457,5.234996318817139
2.1632840633392334,2.9022467136383057,5.235548973083496
2.1632840633392334,2.9022467136383057,5.235548973083496
2.164536476135254,2.90321683883667,5.2365946769714355
2.164536476135254,2.90321683883667,5.2365946769714355
2.1663713455200195,2.9041364192962646,5.2389020919799805
2.1666533946990967,2.9037303924560547,5.238173961639404
2.1666533946990967,2.9037303924560547,5.238173961639404
2.1662039756774902,2.903832197189331,5.238258361816406
2.1662039756774902,2.903832197189331,5.238258361816406
2.1667866706848145,2.9047329425811768,5.24118185043335
2.1670262813568115,2.9042699337005615,5.2412638664245605
2.1670262813568115,2.9042699337005615,5.2412638664245605
2.16787052154541,2.9039413928985596,5.241390228271484
2.168844699859619,2.9052610397338867,5.244114398956299
2.168844699859619,2.9052610397338867,5.244114398956299
2.1724581718444824,2.9067723751068115,5.246316432952881
2.1724581718444824,2.9067723751068115,5.246316432952881
2.172600507736206,2.9060497283935547,5.24501371383667
2.1724586486816406,2.9076826572418213,5.24707555770874
2.1724586486816406,2.9076826572418213,5.24707555770874
2.1716420650482178,2.9084455966949463,5.249285697937012
2.1716420650482178,2.9084455966949463,5.249285697937012
2.171273946762085,2.908062696456909,5.248847961425781
2.1718969345092773,2.908338785171509,5.250143051147461
2.1714272499084473,2.908503532409668,5.250735282897949
2.1714272499084473,2.908503532409668,5.250735282897949
2.1707346439361572,2.909118890762329,5.2522783279418945
2.1707346439361572,2.909118890762329,5.2522783279418945
2.1694135665893555,2.9101004600524902,5.254826068878174
2.1702210903167725,2.911328077316284,5.257283687591553
2.1702210903167725,2.911328077316284,5.257283687591553
2.1701877117156982,2.911094903945923,5.257185935974121
2.168091058731079,2.910686731338501,5.258044719696045
2.167264699935913,2.9111406803131104,5.259334087371826
2.167264699935913,2.9111406803131104,5.259334087371826
2.169262409210205,2.9117941856384277,5.261376857757568
2.169262409210205,2.9117941856384277,5.261376857757568
2.1664979457855225,2.910459518432617,5.261714935302734
2.1664979457855225,2.910459518432617,5.261714935302734
2.165822744369507,2.911285161972046,5.264280796051025
2.1677446365356445,2.9119060039520264,5.2640156745910645
2.1677446365356445,2.9119060039520264,5.2640156745910645
2.167832136154175,2.9121787548065186,5.264039516448975
2.167832136154175,2.9121787548065186,5.264039516448975
2.1685707569122314,2.9133338928222656,5.266241073608398
2.168416976928711,2.912714958190918,5.265621185302734
2.168416976928711,2.912714958190918,5.265621185302734
2.1674511432647705,2.912879228591919,5.265384674072266
2.1674511432647705,2.912879228591919,5.265384674072266
2.167532444000244,2.91330885887146,5.266139984130859
2.1686902046203613,2.913421392440796,5.2676191329956055
2.1686902046203613,2.913421392440796,5.2676191329956055
2.166411876678467,2.9133903980255127,5.2689924240112305
2.166411876678467,2.9133903980255127,5.2689924240112305
2.165081262588501,2.9145593643188477,5.271173000335693
2.169905185699463,2.91512131690979,5.2701849937438965
2.169905185699463,2.91512131690979,5.2701849937438965
2.168858289718628,2.913646697998047,5.266873836517334
2.168858289718628,2.913646697998047,5.266873836517334
2.168011426925659,2.913931369781494,5.265310764312744
2.169905662536621,2.914123773574829,5.263063907623291
2.169926404953003,2.9139928817749023,5.2627997398376465
2.169926404953003,2.9139928817749023,5.2627997398376465
2.1689717769622803,2.914705991744995,5.264958381652832
2.1689717769622803,2.914705991744995,5.264958381652832
2.169513463973999,2.914705991744995,5.265186309814453
2.168606758117676,2.9139795303344727,5.2666144371032715
2.168606758117676,2.9139795303344727,5.2666144371032715
2.1679694652557373,2.9146459102630615,5.271770000457764
2.1679694652557373,2.9146459102630615,5.271770000457764
2.168297290802002,2.9143755435943604,5.274934768676758
2.1665332317352295,2.911989212036133,5.272579193115234
2.1665332317352295,2.911989212036133,5.272579193115234
2.1641035079956055,2.9108359813690186,5.270135879516602
2.1641035079956055,2.9108359813690186,5.270135879516602
2.1654696464538574,2.9104397296905518,5.268304347991943
2.1670868396759033,2.9098005294799805,5.268190860748291
2.1670868396759033,2.9098005294799805,5.268190860748291
2.1681742668151855,2.9124128818511963,5.272315979003906
2.1681742668151855,2.9124128818511963,5.272315979003906
2.1691761016845703,2.9136080741882324,5.274219989776611
2.170478105545044,2.9135169982910156,5.272358417510986
2.1703062057495117,2.913771629333496,5.271315097808838
2.1703062057495117,2.913771629333496,5.271315097808838
2.1701276302337646,2.9143707752227783,5.271034240722656
2.1701276302337646,2.9143707752227783,5.271034240722656
2.169703722000122,2.914085865020752,5.269496917724609
2.1686034202575684,2.9144701957702637,5.270487308502197
2.1686034202575684,2.9144701957702637,5.270487308502197
2.1698811054229736,2.916187286376953,5.273585796356201
2.1698811054229736,2.916187286376953,5.273585796356201
2.1702346801757812,2.91687273979187,5.275890827178955
2.168447971343994,2.9173576831817627,5.276968955993652
2.168447971343994,2.9173576831817627,5.276968955993652
2.1677279472351074,2.918717622756958,5.280008792877197
2.168844223022461,2.9202380180358887,5.283985137939453
2.168844223022461,2.9202380180358887,5.283985137939453
2.1673266887664795,2.920109748840332,5.285523414611816
2.1673266887664795,2.920109748840332,5.285523414611816
2.166667938232422,2.9214441776275635,5.287347793579102
2.167886734008789,2.922147274017334,5.289051532745361
2.168004035949707,2.9222564697265625,5.2893147468566895
2.168004035949707,2.9222564697265625,5.2893147468566895
2.1649744510650635,2.9219565391540527,5.291560173034668
2.1649744510650635,2.9219565391540527,5.291560173034668
2.1644601821899414,2.9221444129943848,5.294467449188232
2.1644601821899414,2.9221444129943848,5.294467449188232
2.163780927658081,2.920559883117676,5.295310020446777
2.1641080379486084,2.919360399246216,5.295714378356934
2.1641080379486084,2.919360399246216,5.295714378356934
2.1639368534088135,2.9190399646759033,5.296594142913818
2.1634249687194824,2.9183833599090576,5.29768180847168
2.1634249687194824,2.9183833599090576,5.29768180847168
2.161869764328003,2.917339324951172,5.29872989654541
2.161869764328003,2.917339324951172,5.29872989654541
2.1639068126678467,2.9197652339935303,5.301143169403076
2.1650235652923584,2.920262575149536,5.301609039306641
2.1676764488220215,2.9202053546905518,5.299156188964844
2.1676764488220215,2.9202053546905518,5.299156188964844
2.1660897731781006,2.920886754989624,5.298176288604736
2.1660897731781006,2.920886754989624,5.298176288604736
2.1671931743621826,2.922640323638916,5.301243782043457
2.1671931743621826,2.922640323638916,5.301243782043457
2.167876958847046,2.924456834793091,5.307835102081299
2.167876958847046,2.924456834793091,5.307835102081299
2.1657567024230957,2.92502498626709,5.310664176940918
2.1668224334716797,2.9252755641937256,5.31203031539917
2.1668224334716797,2.9252755641937256,5.31203031539917
2.1680238246917725,2.9244067668914795,5.3116326332092285
2.1680238246917725,2.9244067668914795,5.3116326332092285
2.1669445037841797,2.9241394996643066,5.310764312744141
2.166940689086914,2.9238011837005615,5.310253143310547
2.166940689086914,2.9238011837005615,5.310253143310547
2.1673266887664795,2.9236106872558594,5.313158988952637
2.1673266887664795,2.9236106872558594,5.313158988952637
2.1659862995147705,2.923457384109497,5.316507339477539
2.1654014587402344,2.9236228466033936,5.320057392120361
2.1650965213775635,2.9233999252319336,5.321043968200684
2.1650965213775635,2.9233999252319336,5.321043968200684
2.1656949520111084,2.9231038093566895,5.3232951164245605
2.1656949520111084,2.9231038093566895,5.3232951164245605
2.1683926582336426,2.923677921295166,5.328121185302734
2.1683926582336426,2.923677921295166,5.328121185302734
2.167584180831909,2.9237160682678223,5.331662178039551
2.1670658588409424,2.924149513244629,5.3346381187438965
2.1666011810302734,2.9241549968719482,5.335741996765137
2.1666011810302734,2.9241549968719482,5.335741996765137
2.1684324741363525,2.9236786365509033,5.333756446838379
2.170379877090454,2.9234607219696045,5.333395004272461
2.170379877090454,2.9234607219696045,5.333395004272461
2.1713898181915283,2.9250149726867676,5.335896968841553
2.1713898181915283,2.9250149726867676,5.335896968841553
2.171271324157715,2.92549729347229,5.338531970977783
2.171271324157715,2.92549729347229,5.338531970977783
2.1708943843841553,2.9265801906585693,5.341315269470215
2.173049211502075,2.927480697631836,5.342052936553955
2.173049211502075,2.927480697631836,5.342052936553955
2.1730308532714844,2.9267120361328125,5.340945243835449
2.1730308532714844,2.9267120361328125,5.340945243835449
2.1715338230133057,2.9271669387817383,5.3410468101501465
2.170705556869507,2.927861452102661,5.342958927154541
2.170705556869507,2.927861452102661,5.342958927154541
2.170332670211792,2.9278509616851807,5.344847679138184
2.1681482791900635,2.927860736846924,5.34567403793335
2.1681482791900635,2.927860736846924,5.34567403793335
2.166965961456299,2.9279282093048096,5.345112323760986
2.166965961456299,2.9279282093048096,5.345112323760986
2.1665432453155518,2.9272830486297607,5.3440632820129395
2.1665432453155518,2.9272830486297607,5.3440632820129395
2.1657698154449463,2.926398992538452,5.342724800109863
2.166386365890503,2.926879644393921,5.34354305267334
2.166386365890503,2.926879644393921,5.34354305267334
2.1667699813842773,2.9271860122680664,5.343684673309326
2.1667699813842773,2.9271860122680664,5.343684673309326
2.167384624481201,2.928151845932007,5.343036651611328
2.1681623458862305,2.9298033714294434,5.342742443084717
2.1681623458862305,2.9298033714294434,5.342742443084717
2.1673545837402344,2.930386781692505,5.340824127197266
2.1673545837402344,2.930386781692505,5.340824127197266
2.1675431728363037,2.9313058853149414,5.341032981872559
2.168107509613037,2.932864189147949,5.34230899810791
2.168107509613037,2.932864189147949,5.34230899810791
2.167247772216797,2.9330599308013916,5.34295654296875
2.167247772216797,2.9330599308013916,5.34295654296875
2.1662344932556152,2.9325106143951416,5.342367649078369
2.166459560394287,2.9331560134887695,5.343984127044678
2.166459560394287,2.9331560134887695,5.343984127044678
2.1665194034576416,2.9325122833251953,5.343860149383545
2.1665194034576416,2.9325122833251953,5.343860149383545
2.165126085281372,2.931551456451416,5.34396505355835
2.1666393280029297,2.9323554039001465,5.347073078155518
2.1666393280029297,2.9323554039001465,5.347073078155518
2.1689438819885254,2.931882619857788,5.347305774688721
2.1686909198760986,2.930849313735962,5.346604824066162
2.1686909198760986,2.930849313735962,5.346604824066162
2.1677305698394775,2.9317615032196045,5.349791049957275
2.1677305698394775,2.9317615032196045,5.349791049957275
2.1691529750823975,2.931487798690796,5.35046911239624
2.1690096855163574,2.9310309886932373,5.351264953613281
2.1690096855163574,2.9310309886932373,5.351264953613281
2.1682095527648926,2.9308950901031494,5.353323459625244
2.1682095527648926,2.9308950901031494,5.353323459625244
2.1682302951812744,2.930475950241089,5.355050563812256
2.1684658527374268,2.9301133155822754,5.355703830718994
2.168883800506592,2.9310872554779053,5.356478691101074
2.168883800506592,2.9310872554779053,5.356478691101074
2.1685070991516113,2.931514024734497,5.3571672439575195
2.1685070991516113,2.931514024734497,5.3571672439575195
2.168445348739624,2.9302854537963867,5.355836868286133
2.168147563934326,2.930615186691284,5.357381820678711
2.168147563934326,2.930615186691284,5.357381820678711
2.1700587272644043,2.9324393272399902,5.360764503479004
2.1700587272644043,2.9324393272399902,5.360764503479004
2.1700572967529297,2.9328927993774414,5.361745834350586
2.1688146591186523,2.933488607406616,5.363126754760742
2.1688146591186523,2.933488607406616,5.363126754760742
2.16926908493042,2.934741258621216,5.364302158355713
2.1700263023376465,2.9356400966644287,5.365619659423828
2.1700263023376465,2.9356400966644287,5.365619659423828
2.1693129539489746,2.9363887310028076,5.366832733154297
2.1693129539489746,2.9363887310028076,5.366832733154297
2.1690516471862793,2.937546968460083,5.368064880371094
2.1693575382232666,2.9383716583251953,5.36891508102417
2.1693575382232666,2.9383716583251953,5.36891508102417
2.1687774658203125,2.938230037689209,5.368251800537109
2.1684136390686035,2.9382035732269287,5.368119239807129
2.1684136390686035,2.9382035732269287,5.368119239807129
2.1671109199523926,2.9379963874816895,5.367794036865234
2.1671109199523926,2.9379963874816895,5.367794036865234
2.168569803237915,2.9373462200164795,5.367924690246582
2.1695196628570557,2.9368374347686768,5.368856430053711
2.1695196628570557,2.9368374347686768,5.368856430053711
2.1694321632385254,2.93703293800354,5.369885444641113
2.1694321632385254,2.93703293800354,5.369885444641113
2.1686248779296875,2.937981605529785,5.371742248535156
2.1705353260040283,2.9394330978393555,5.373521327972412
2.1705353260040283,2.9394330978393555,5.373521327972412
2.171665668487549,2.940678119659424,5.3747639656066895
2.171665668487549,2.940678119659424,5.3747639656066895
2.1711437702178955,2.94114089012146,5.375357627868652
2.1707186698913574,2.941265344619751,5.375114440917969
2.1707186698913574,2.941265344619751,5.375114440917969
2.1716933250427246,2.94167423248291,5.376689434051514
2.1716933250427246,2.94167423248291,5.376689434051514
2.1712164878845215,2.9419586658477783,5.379544258117676
2.168583869934082,2.943208694458008,5.384519577026367
2.168583869934082,2.943208694458008,5.384519577026367
2.1678154468536377,2.9434828758239746,5.386173725128174
2.1678154468536377,2.9434828758239746,5.386173725128174
2.1673872470855713,2.942944049835205,5.385188102722168
2.166980266571045,2.9427220821380615,5.384853363037109
2.1665494441986084,2.9424595832824707,5.383627891540527
2.1665494441986084,2.9424595832824707,5.383627891540527
2.164108991622925,2.939850330352783,5.3798508644104
2.164108991622925,2.939850330352783,5.3798508644104
2.1632072925567627,2.9401516914367676,5.380007266998291
2.164038896560669,2.940441370010376,5.380817413330078
2.164038896560669,2.940441370010376,5.380817413330078
2.163588285446167,2.93843674659729,5.380141735076904
2.1612229347229004,2.9380531311035156,5.380673408508301
2.1612229347229004,2.9380531311035156,5.380673408508301
2.161728620529175,2.9382846355438232,5.381533145904541
2.161728620529175,2.9382846355438232,5.381533145904541
2.161733865737915,2.93695068359375,5.380295753479004
2.1606945991516113,2.9366798400878906,5.380402565002441
2.1595001220703125,2.937072515487671,5.382577896118164
2.1595001220703125,2.937072515487671,5.382577896118164
2.162418842315674,2.9391703605651855,5.384565353393555
2.1640658378601074,2.9404513835906982,5.385592460632324
2.1640658378601074,2.9404513835906982,5.385592460632324
2.164710760116577,2.9408609867095947,5.386322021484375
2.164710760116577,2.9408609867095947,5.386322021484375
2.1653618812561035,2.9417667388916016,5.386918544769287
2.1667120456695557,2.942477226257324,5.387911319732666
2.1667120456695557,2.942477226257324,5.387911319732666
2.1674399375915527,2.9441514015197754,5.389538764953613
2.1670427322387695,2.9449498653411865,5.391088485717773
2.1670427322387695,2.9449498653411865,5.391088485717773
2.1653099060058594,2.9443676471710205,5.389951229095459
2.1653099060058594,2.9443676471710205,5.389951229095459
2.1634340286254883,2.9440109729766846,5.388883113861084
2.1634340286254883,2.9440109729766846,5.388883113861084
2.165846586227417,2.943211317062378,5.388423442840576
2.166665554046631,2.9427123069763184,5.390131950378418
2.166665554046631,2.9427123069763184,5.390131950378418
2.1642837524414062,2.9416258335113525,5.392460346221924
2.1637165546417236,2.942272186279297,5.394665718078613
2.1637165546417236,2.942272186279297,5.394665718078613
2.1647298336029053,2.9411942958831787,5.393606662750244
2.1647298336029053,2.9411942958831787,5.393606662750244
2.1655266284942627,2.9405410289764404,5.391013145446777
2.165370225906372,2.941357374191284,5.390905857086182
2.165370225906372,2.941357374191284,5.390905857086182
2.1675007343292236,2.9424736499786377,5.391798496246338
2.1675007343292236,2.9424736499786377,5.391798496246338
2.1685800552368164,2.942772626876831,5.393871784210205
2.1685800552368164,2.942772626876831,5.393871784210205
2.168301820755005,2.944749116897583,5.397192001342773
2.1685128211975098,2.9452364444732666,5.398460388183594
2.1685128211975098,2.9452364444732666,5.398460388183594
2.168031692504883,2.9450926780700684,5.397869110107422
2.1676294803619385,2.9457926750183105,5.399064064025879
2.1676294803619385,2.9457926750183105,5.399064064025879
2.1674747467041016,2.9461021423339844,5.399621486663818
2.1674747467041016,2.9461021423339844,5.399621486663818
2.165341377258301,2.9459803104400635,5.398535251617432
2.1658756732940674,2.9478039741516113,5.400709629058838
2.1658756732940674,2.9478039741516113,5.400709629058838
2.167921543121338,2.9492268562316895,5.402200222015381
2.167921543121338,2.9492268562316895,5.402200222015381
2.1680405139923096,2.949883460998535,5.402041435241699
2.168912649154663,2.9524242877960205,5.4050517082214355
2.168912649154663,2.9524242877960205,5.4050517082214355
2.1714086532592773,2.9537763595581055,5.407087802886963
2.1714086532592773,2.9537763595581055,5.407087802886963
2.170886278152466,2.9530959129333496,5.406856060028076
2.1701908111572266,2.9537353515625,5.407329082489014
2.1701908111572266,2.9537353515625,5.407329082489014
2.1699059009552,2.954023599624634,5.409359931945801
2.1704957485198975,2.9534738063812256,5.4097723960876465
2.1702866554260254,2.9527742862701416,5.409844875335693
2.1702866554260254,2.9527742862701416,5.409844875335693
2.1696367263793945,2.9534428119659424,5.410937786102295
2.1696367263793945,2.9534428119659424,5.410937786102295
2.16921067237854,2.9527785778045654,5.410295486450195
2.16921067237854,2.9527785778045654,5.410295486450195
2.1687817573547363,2.9517736434936523,5.409232139587402
2.1691815853118896,2.9515089988708496,5.408968925476074
2.1691815853118896,2.9515089988708496,5.408968925476074
2.169006109237671,2.951446294784546,5.408980846405029
2.1690256595611572,2.9495387077331543,5.407986640930176
2.1690256595611572,2.9495387077331543,5.407986640930176
2.1701247692108154,2.949831485748291,5.408502578735352
2.1701247692108154,2.949831485748291,5.408502578735352
2.1710493564605713,2.9497570991516113,5.409623622894287
2.1692845821380615,2.948155403137207,5.408987998962402
2.1692845821380615,2.948155403137207,5.408987998962402
2.168102264404297,2.9478228092193604,5.409945011138916
2.168102264404297,2.9478228092193604,5.409945011138916
2.1692426204681396,2.9482996463775635,5.41230583190918
2.1697566509246826,2.9476430416107178,5.413336753845215
2.1697566509246826,2.9476430416107178,5.413336753845215
2.1693506240844727,2.9478261470794678,5.415817737579346
2.1693506240844727,2.9478261470794678,5.415817737579346
2.169262409210205,2.9482839107513428,5.417806148529053
2.1716482639312744,2.948247194290161,5.417621612548828
2.1716482639312744,2.948247194290161,5.417621612548828
2.172748565673828,2.9481871128082275,5.416522979736328
2.173656463623047,2.9495596885681152,5.416938781738281
2.173656463623047,2.9495596885681152,5.416938781738281
2.1746127605438232,2.950651168823242,5.418001651763916
2.1746127605438232,2.950651168823242,5.418001651763916
2.174844980239868,2.9514482021331787,5.419576644897461
2.174844980239868,2.9514482021331787,5.419576644897461
2.175100803375244,2.9528050422668457,5.421921730041504
2.17561411857605,2.951556921005249,5.418782711029053
2.17561411857605,2.951556921005249,5.418782711029053
2.1734697818756104,2.950670003890991,5.415501117706299
2.1730027198791504,2.950904607772827,5.414593696594238
2.1730027198791504,2.950904607772827,5.414593696594238
2.172393798828125,2.949629306793213,5.413363456726074
2.172393798828125,2.949629306793213,5.413363456726074
2.1702258586883545,2.9499173164367676,5.413668632507324
2.1703686714172363,2.95198130607605,5.418206691741943
2.1703686714172363,2.95198130607605,5.418206691741943
2.173506736755371,2.953615665435791,5.420816421508789
2.173506736755371,2.953615665435791,5.420816421508789
2.171962022781372,2.9538114070892334,5.421838283538818
2.171962022781372,2.9538114070892334,5.421838283538818
2.1703197956085205,2.95526385307312,5.423199653625488
2.171074151992798,2.956310987472534,5.424565315246582
2.171729803085327,2.9563441276550293,5.4244585037231445
2.171729803085327,2.9563441276550293,5.4244585037231445
2.1679279804229736,2.956770896911621,5.426854610443115
2.1679279804229736,2.956770896911621,5.426854610443115
2.167996644973755,2.9573891162872314,5.428728103637695
2.1670687198638916,2.957078218460083,5.431448459625244
2.1670687198638916,2.957078218460083,5.431448459625244
2.166252851486206,2.9572486877441406,5.43572998046875
2.166252851486206,2.9572486877441406,5.43572998046875
2.166907787322998,2.9579944610595703,5.438626766204834
2.1656486988067627,2.957254409790039,5.439576148986816
2.1656486988067627,2.957254409790039,5.439576148986816
2.163620710372925,2.957703113555908,5.440847396850586
2.163620710372925,2.957703113555908,5.440847396850586
2.164651393890381,2.958406448364258,5.44159460067749
2.164651393890381,2.958406448364258,5.44159460067749
2.1659610271453857,2.9587275981903076,5.44108772277832
2.1654763221740723,2.9589831829071045,5.44134521484375
2.1657676696777344,2.9604527950286865,5.443060398101807
2.1657676696777344,2.9604527950286865,5.443060398101807
2.1673240661621094,2.961743116378784,5.445315361022949
2.1673197746276855,2.9616785049438477,5.445714473724365
2.1673197746276855,2.9616785049438477,5.445714473724365
2.16715145111084,2.9628655910491943,5.447523593902588
2.16715145111084,2.9628655910491943,5.447523593902588
2.16703724861145,2.962662935256958,5.447841644287109
2.166069746017456,2.961979627609253,5.4480085372924805
2.166069746017456,2.961979627609253,5.4480085372924805
2.1667592525482178,2.961839199066162,5.44860315322876
2.1667592525482178,2.961839199066162,5.44860315322876
2.1664795875549316,2.960710287094116,5.44808292388916
2.1664795875549316,2.960710287094116,5.44808292388916
2.165212392807007,2.958913803100586,5.445320129394531
2.165320634841919,2.9577386379241943,5.441107273101807
2.165320634841919,2.9577386379241943,5.441107273101807
2.1660234928131104,2.9573278427124023,5.438624382019043
2.165586233139038,2.9571545124053955,5.4383416175842285
2.165586233139038,2.9571545124053955,5.4383416175842285
2.165677785873413,2.957813024520874,5.440056324005127
2.165677785873413,2.957813024520874,5.440056324005127
2.1681580543518066,2.95883846282959,5.442333221435547
2.1696159839630127,2.959289789199829,5.4421491622924805
2.1696159839630127,2.959289789199829,5.4421491622924805
2.169752836227417,2.9587745666503906,5.440030097961426
2.168771743774414,2.958522081375122,5.437892913818359
2.168771743774414,2.958522081375122,5.437892913818359
2.1684675216674805,2.958596706390381,5.436779499053955
2.1684675216674805,2.958596706390381,5.436779499053955
2.168471336364746,2.958620548248291,5.437142372131348
2.167675256729126,2.958545446395874,5.440167427062988
2.167675256729126,2.958545446395874,5.440167427062988
2.1670961380004883,2.9589593410491943,5.443822860717773
2.1670961380004883,2.9589593410491943,5.443822860717773
2.1678643226623535,2.9596240520477295,5.446653842926025
2.169956684112549,2.960066080093384,5.448779582977295
2.169956684112549,2.960066080093384,5.448779582977295
2.169191598892212,2.959632396697998,5.4501729011535645
2.168996572494507,2.9605374336242676,5.451969146728516
2.168996572494507,2.9605374336242676,5.451969146728516
2.168739080429077,2.9605507850646973,5.452756881713867
2.169348955154419,2.959761381149292,5.452846527099609
2.169348955154419,2.959761381149292,5.452846527099609
2.169668197631836,2.9604744911193848,5.454831600189209
2.1703763008117676,2.960726022720337,5.4562811851501465
2.1703763008117676,2.960726022720337,5.4562811851501465
2.1701571941375732,2.960395097732544,5.4570698738098145
2.1701571941375732,2.960395097732544,5.4570698738098145
2.170078754425049,2.9611926078796387,5.460354328155518
2.171607494354248,2.96134614944458,5.4623870849609375
2.171607494354248,2.96134614944458,5.4623870849609375
2.16949462890625,2.960326671600342,5.462204933166504
2.16949462890625,2.960326671600342,5.462204933166504
2.169325113296509,2.9613606929779053,5.463645935058594
2.171266794204712,2.963179111480713,5.464111328125
2.171266794204712,2.963179111480713,5.464111328125
2.1711363792419434,2.9641759395599365,5.464667797088623
2.1711363792419434,2.9641759395599365,5.464667797088623
2.169207811355591,2.9650909900665283,5.4659318923950195
2.1694085597991943,2.96665096282959,5.467834949493408
2.1694085597991943,2.96665096282959,5.467834949493408
2.1688179969787598,2.9668385982513428,5.468474388122559
2.1688179969787598,2.9668385982513428,5.468474388122559
2.1675267219543457,2.9682581424713135,5.47119665145874
2.168109178543091,2.9694836139678955,5.4719438552856445
2.168109178543091,2.9694836139678955,5.4719438552856445
2.1681532859802246,2.9689900875091553,5.471251487731934
2.1681532859802246,2.9689900875091553,5.471251487731934
2.1675143241882324,2.9683949947357178,5.469762325286865
2.1675143241882324,2.9683949947357178,5.469762325286865
2.1668708324432373,2.9682509899139404,5.470358371734619
2.1651203632354736,2.9675791263580322,5.470903396606445
2.1647872924804688,2.967273473739624,5.471440315246582
2.1647872924804688,2.967273473739624,5.471440315246582
2.1638810634613037,2.9673166275024414,5.472865104675293
2.1638810634613037,2.9673166275024414,5.472865104675293
2.165433168411255,2.967808961868286,5.473999977111816
2.165729284286499,2.967978000640869,5.474850177764893
2.165729284286499,2.967978000640869,5.474850177764893
2.1646411418914795,2.9688282012939453,5.477112770080566
2.1646411418914795,2.9688282012939453,5.477112770080566
2.166489839553833,2.9695959091186523,5.478219509124756
2.166489839553833,2.9695959091186523,5.478219509124756
2.168018341064453,2.9714269638061523,5.480635166168213
2.1675050258636475,2.9721148014068604,5.481922149658203
2.1675050258636475,2.9721148014068604,5.481922149658203
2.166393518447876,2.9716923236846924,5.480337619781494
2.1663172245025635,2.9718549251556396,5.479269981384277
2.1663172245025635,2.9718549251556396,5.479269981384277
2.167541980743408,2.972733497619629,5.479770660400391
2.167541980743408,2.972733497619629,5.479770660400391
2.1674087047576904,2.9724082946777344,5.480644702911377
2.1668269634246826,2.9731287956237793,5.483330249786377
2.1668269634246826,2.9731287956237793,5.483330249786377
2.167181968688965,2.9733121395111084,5.485326290130615
2.167181968688965,2.9733121395111084,5.485326290130615
2.1685473918914795,2.9722540378570557,5.484306335449219
2.1685473918914795,2.9722540378570557,5.484306335449219
2.1690170764923096,2.9716644287109375,5.484386444091797
2.1690170764923096,2.9716644287109375,5.484386444091797
2.1680431365966797,2.9714465141296387,5.485953330993652
2.168121099472046,2.9713690280914307,5.488338470458984
2.1688759326934814,2.9720044136047363,5.490110397338867
2.1688759326934814,2.9720044136047363,5.490110397338867
2.1696860790252686,2.9716904163360596,5.49179744720459
2.1690571308135986,2.9713821411132812,5.492081165313721
2.1690571308135986,2.9713821411132812,5.492081165313721
2.167421817779541,2.9698588848114014,5.490520000457764
2.1666712760925293,2.969846725463867,5.491148471832275
2.1666712760925293,2.969846725463867,5.491148471832275
2.1666712760925293,2.969846725463867,5.491148471832275
2.166585683822632,2.969001054763794,5.491068363189697
2.16654372215271,2.9690327644348145,5.492979526519775
2.16654372215271,2.9690327644348145,5.492979526519775
2.1663525104522705,2.970588445663452,5.496984958648682
2.1684610843658447,2.971877098083496,5.49904727935791
2.1684610843658447,2.971877098083496,5.49904727935791
2.1701812744140625,2.973508834838867,5.499440670013428
2.1701812744140625,2.973508834838867,5.499440670013428
2.171825647354126,2.9758551120758057,5.500430583953857
2.171825647354126,2.9758551120758057,5.500430583953857
2.1719472408294678,2.976712465286255,5.4994330406188965
2.1725902557373047,2.9780564308166504,5.501182556152344
2.1725902557373047,2.9780564308166504,5.501182556152344
2.173049211502075,2.979126453399658,5.5032172203063965
2.1733896732330322,2.9783360958099365,5.501032829284668
2.1733896732330322,2.9783360958099365,5.501032829284668
2.172222852706909,2.9784507751464844,5.500949382781982
2.172222852706909,2.9784507751464844,5.500949382781982
2.1718075275421143,2.978449583053589,5.5009284019470215
2.1716465950012207,2.977609395980835,5.500754356384277
2.1716465950012207,2.977609395980835,5.500754356384277
2.170698881149292,2.9784910678863525,5.503498077392578
2.170698881149292,2.9784910678863525,5.503498077392578
2.1710948944091797,2.9793407917022705,5.506896495819092
2.1710948944091797,2.9793407917022705,5.506896495819092
2.171412944793701,2.979897975921631,5.509279727935791
2.1700620651245117,2.980224609375,5.510809898376465
2.1700620651245117,2.980224609375,5.510809898376465
2.1701507568359375,2.9812889099121094,5.5131964683532715
2.1701507568359375,2.9812889099121094,5.5131964683532715
2.171550750732422,2.981175422668457,5.513616561889648
2.171550750732422,2.981175422668457,5.513616561889648
2.1711153984069824,2.9820048809051514,5.516273498535156
2.1713645458221436,2.9821364879608154,5.517558574676514
2.1713645458221436,2.9821364879608154,5.517558574676514
2.1711151599884033,2.9811580181121826,5.517488479614258
2.1704483032226562,2.9821865558624268,5.5207977294921875
2.1704483032226562,2.9821865558624268,5.5207977294921875
2.1714508533477783,2.9829344749450684,5.523685932159424
2.1714508533477783,2.9829344749450684,5.523685932159424
2.1717758178710938,2.983104944229126,5.525599479675293
2.172017812728882,2.98380970954895,5.527326583862305
2.172017812728882,2.98380970954895,5.527326583862305
2.174839735031128,2.983988046646118,5.528285503387451
2.174839735031128,2.983988046646118,5.528285503387451
2.175374746322632,2.983842611312866,5.52768611907959
2.1749753952026367,2.9847426414489746,5.528723239898682
2.1749753952026367,2.9847426414489746,5.528723239898682
2.17753529548645,2.9862797260284424,5.531915664672852
2.17753529548645,2.9862797260284424,5.531915664672852
2.1779098510742188,2.9862782955169678,5.533404350280762
2.1765995025634766,2.9874112606048584,5.537164211273193
2.1765995025634766,2.9874112606048584,5.537164211273193
2.177034854888916,2.987945795059204,5.5389299392700195
2.177034854888916,2.987945795059204,5.5389299392700195
2.1770381927490234,2.988013744354248,5.539161682128906
2.1771843433380127,2.988694429397583,5.540121078491211
2.1771843433380127,2.988694429397583,5.540121078491211
2.176447868347168,2.9877562522888184,5.5389909744262695
2.176447868347168,2.9877562522888184,5.5389909744262695
2.174039125442505,2.9868721961975098,5.5386857986450195
2.174039125442505,2.9868721961975098,5.5386857986450195
2.173779249191284,2.9869484901428223,5.538474082946777
2.175701141357422,2.9870269298553467,5.53638219833374
2.175701141357422,2.9870269298553467,5.53638219833374
2.1756558418273926,2.986933946609497,5.534613609313965
2.1756558418273926,2.986933946609497,5.534613609313965
2.1769094467163086,2.989992618560791,5.538269996643066
2.1799697875976562,2.9907302856445312,5.540647029876709
2.1799697875976562,2.9907302856445312,5.540647029876709
2.1776843070983887,2.9901022911071777,5.541258811950684
2.1776843070983887,2.9901022911071777,5.541258811950684
2.1763699054718018,2.990100622177124,5.538982391357422
2.175779342651367,2.987367630004883,5.532288551330566
2.175779342651367,2.987367630004883,5.532288551330566
2.1755917072296143,2.9866631031036377,5.529392719268799
2.1755917072296143,2.9866631031036377,5.529392719268799
2.1754868030548096,2.9866840839385986,5.528743743896484
2.1754868030548096,2.9866840839385986,5.528743743896484
2.173489570617676,2.986311435699463,5.529801368713379
2.1730663776397705,2.9863734245300293,5.532231330871582
2.1730663776397705,2.9863734245300293,5.532231330871582
2.173719644546509,2.9865212440490723,5.533758163452148
2.1733081340789795,2.985060214996338,5.532880783081055
2.1733081340789795,2.985060214996338,5.532880783081055
2.172208547592163,2.984827756881714,5.532452583312988
2.172208547592163,2.984827756881714,5.532452583312988
2.172234535217285,2.9846386909484863,5.532482624053955
2.1740951538085938,2.9849116802215576,5.53425931930542
2.1740951538085938,2.9849116802215576,5.53425931930542
2.174286365509033,2.9845314025878906,5.535111427307129
2.1747400760650635,2.9851460456848145,5.536064147949219
2.1747400760650635,2.9851460456848145,5.536064147949219
2.1757450103759766,2.9853405952453613,5.535841941833496
2.1757450103759766,2.9853405952453613,5.535841941833496
2.1767518520355225,2.9862217903137207,5.536977767944336
2.1780178546905518,2.9865877628326416,5.537095069885254
2.1780178546905518,2.9865877628326416,5.537095069885254
2.177551746368408,2.9877994060516357,5.53905725479126
2.177551746368408,2.9877994060516357,5.53905725479126
2.176849365234375,2.9899380207061768,5.543668746948242
2.1764075756073,2.99092435836792,5.546478748321533
2.1764075756073,2.99092435836792,5.546478748321533
2.176586389541626,2.9910435676574707,5.546796798706055
2.176586389541626,2.9910435676574707,5.546796798706055
2.175283908843994,2.9911327362060547,5.547849655151367
2.1744894981384277,2.9930970668792725,5.552476406097412
2.1744894981384277,2.9930970668792725,5.552476406097412
2.175798177719116,2.9932355880737305,5.55318021774292
2.175798177719116,2.9932355880737305,5.55318021774292
2.174028158187866,2.993528127670288,5.555582523345947
2.174028158187866,2.993528127670288,5.555582523345947
2.174485921859741,2.994612455368042,5.55769157409668
2.174485921859741,2.994612455368042,5.55769157409668
2.1751303672790527,2.994530200958252,5.557507038116455
2.1742093563079834,2.9957826137542725,5.558079242706299
2.1742093563079834,2.9957826137542725,5.558079242706299
2.174595594406128,2.996786117553711,5.558902740478516
2.174595594406128,2.996786117553711,5.558902740478516
2.1756041049957275,2.996455192565918,5.5576887130737305
2.17441987991333,2.9975404739379883,5.558929920196533
2.17441987991333,2.9975404739379883,5.558929920196533
2.174133777618408,2.9989614486694336,5.56057596206665
2.174133777618408,2.9989614486694336,5.56057596206665
2.1764273643493652,3.0003907680511475,5.5615034103393555
2.1758103370666504,3.001058340072632,5.561933517456055
2.1758103370666504,3.001058340072632,5.561933517456055
2.1753804683685303,3.0018107891082764,5.563165187835693
2.1753804683685303,3.0018107891082764,5.563165187835693
2.175168037414551,3.0023562908172607,5.564681529998779
2.175168037414551,3.0023562908172607,5.564681529998779
2.1742303371429443,3.0033023357391357,5.56642484664917
2.1751246452331543,3.004629373550415,5.568391799926758
2.1751246452331543,3.004629373550415,5.568391799926758
2.1740241050720215,3.004298210144043,5.568976402282715
2.172135353088379,3.0038278102874756,5.568666458129883
2.172135353088379,3.0038278102874756,5.568666458129883
2.171253204345703,3.003523588180542,5.569311618804932
2.171253204345703,3.003523588180542,5.569311618804932
2.171454906463623,3.0022380352020264,5.567775726318359
2.171454906463623,3.0022380352020264,5.567775726318359
2.1705658435821533,3.002126693725586,5.568408489227295
2.1703548431396484,3.002530574798584,5.569679260253906
2.170088291168213,3.002150297164917,5.570483684539795
2.1701385974884033,3.0006520748138428,5.569910049438477
2.1701385974884033,3.0006520748138428,5.569910049438477
2.1713149547576904,2.9998044967651367,5.570175647735596
2.1713149547576904,2.9998044967651367,5.570175647735596
2.1714694499969482,2.998178482055664,5.56777286529541
2.170745372772217,2.996629476547241,5.564533710479736
2.170745372772217,2.996629476547241,5.564533710479736
2.170835256576538,2.996446132659912,5.564007759094238
2.172713041305542,2.9963219165802,5.565300464630127
2.172713041305542,2.9963219165802,5.565300464630127
2.1720213890075684,2.995863914489746,5.566466331481934
2.1720213890075684,2.995863914489746,5.566466331481934
2.1722686290740967,2.996211051940918,5.5673651695251465
2.1722686290740967,2.996211051940918,5.5673651695251465
2.174168825149536,2.9968512058258057,5.567431926727295
2.1742401123046875,2.996351480484009,5.566769599914551
2.1742401123046875,2.996351480484009,5.566769599914551
2.174938440322876,2.997730016708374,5.56868839263916
2.1762430667877197,2.998417615890503,5.570443153381348
2.1762430667877197,2.998417615890503,5.570443153381348
2.174842596054077,2.998304843902588,5.57190465927124
2.174842596054077,2.998304843902588,5.57190465927124
2.1763806343078613,3.0010716915130615,5.575676441192627
2.1763806343078613,3.0010716915130615,5.575676441192627
2.178177833557129,3.000230073928833,5.575934886932373
2.178177833557129,3.000230073928833,5.575934886932373
2.1766982078552246,3.0011212825775146,5.578308582305908
2.1766982078552246,3.0011212825775146,5.578308582305908
2.1794216632843018,3.0034358501434326,5.581820964813232
2.1791346073150635,3.003490447998047,5.583413600921631
2.1791346073150635,3.003490447998047,5.583413600921631
2.1774351596832275,3.0046842098236084,5.584702014923096
2.1774351596832275,3.0046842098236084,5.584702014923096
2.1770262718200684,3.005192756652832,5.585675239562988
2.1776537895202637,3.004854679107666,5.585424423217773
2.1769862174987793,3.0050008296966553,5.586400508880615
2.1769862174987793,3.0050008296966553,5.586400508880615
2.175844192504883,3.004847526550293,5.587695121765137
2.175844192504883,3.004847526550293,5.587695121765137
2.1753499507904053,3.0051815509796143,5.587645530700684
2.175989866256714,3.0052924156188965,5.588555335998535
2.175989866256714,3.0052924156188965,5.588555335998535
2.1748006343841553,3.0063931941986084,5.590982437133789
2.1750645637512207,3.0074422359466553,5.592623710632324
2.1753978729248047,3.0076842308044434,5.593038558959961
2.1753978729248047,3.0076842308044434,5.593038558959961
2.1756844520568848,3.0076639652252197,5.5913987159729
2.1756844520568848,3.0076639652252197,5.5913987159729
2.176373243331909,3.0090091228485107,5.591177940368652
2.1763975620269775,3.009364128112793,5.589903354644775
2.1763975620269775,3.009364128112793,5.589903354644775
2.1739726066589355,3.0089433193206787,5.591265678405762
2.1739726066589355,3.0089433193206787,5.591265678405762
2.172873020172119,3.0104820728302,5.595276355743408
2.172873020172119,3.0104820728302,5.595276355743408
2.17207407951355,3.0107030868530273,5.597082614898682
2.1707100868225098,3.010808229446411,5.5976643562316895
2.1707100868225098,3.010808229446411,5.5976643562316895
2.170870780944824,3.01114821434021,5.598912715911865
2.170870780944824,3.01114821434021,5.598912715911865
2.169006109237671,3.0107572078704834,5.5996599197387695
2.168006420135498,3.010791301727295,5.599864482879639
2.168006420135498,3.010791301727295,5.599864482879639
2.1681408882141113,3.0108864307403564,5.601373195648193
2.1681408882141113,3.0108864307403564,5.601373195648193
2.1681342124938965,3.0102226734161377,5.600977420806885
2.1665682792663574,3.009687900543213,5.599799633026123
2.1665682792663574,3.009687900543213,5.599799633026123
2.1675379276275635,3.0093541145324707,5.598114967346191
2.1675379276275635,3.0093541145324707,5.598114967346191
2.168494701385498,3.0087730884552,5.59798002243042
2.168494701385498,3.0087730884552,5.59798002243042
2.167766809463501,3.009429693222046,5.598138809204102
2.168818712234497,3.0109386444091797,5.597247123718262
2.168818712234497,3.0109386444091797,5.597247123718262
2.1697072982788086,3.0099239349365234,5.596142292022705
2.1697072982788086,3.0099239349365234,5.596142292022705
2.1718971729278564,3.0113980770111084,5.59834623336792
2.1718971729278564,3.0113980770111084,5.59834623336792
2.1755261421203613,3.0121803283691406,5.60146427154541
2.1758105754852295,3.0127933025360107,5.604402542114258
2.1758105754852295,3.0127933025360107,5.604402542114258
2.177429676055908,3.014193296432495,5.606245517730713
2.177429676055908,3.014193296432495,5.606245517730713
2.179328203201294,3.0146422386169434,5.605722904205322
2.1800923347473145,3.013655424118042,5.6037397384643555
2.1810519695281982,3.0140862464904785,5.604126930236816
2.1810519695281982,3.0140862464904785,5.604126930236816
2.181417226791382,3.0136592388153076,5.604295253753662
2.181417226791382,3.0136592388153076,5.604295253753662
2.181983232498169,3.013605833053589,5.604161739349365
2.182319164276123,3.0141355991363525,5.6047139167785645
2.182319164276123,3.0141355991363525,5.6047139167785645
2.183041572570801,3.0146121978759766,5.604611873626709
2.183041572570801,3.0146121978759766,5.604611873626709
2.1844747066497803,3.0151898860931396,5.605127334594727
2.185431718826294,3.015928030014038,5.605451583862305
2.185431718826294,3.015928030014038,5.605451583862305
2.185863733291626,3.0171446800231934,5.60741662979126
2.185863733291626,3.0171446800231934,5.60741662979126
2.1849238872528076,3.016073226928711,5.608712673187256
2.1849238872528076,3.016073226928711,5.608712673187256
2.185333490371704,3.0172300338745117,5.610393524169922
2.185516119003296,3.017852544784546,5.611023902893066
2.185516119003296,3.017852544784546,5.611023902893066
2.1843230724334717,3.0169992446899414,5.608874320983887
2.1843230724334717,3.0169992446899414,5.608874320983887
2.1839067935943604,3.01789927482605,5.609179973602295
2.1857643127441406,3.018490791320801,5.609941482543945
2.1857643127441406,3.018490791320801,5.609941482543945
2.1835544109344482,3.0160934925079346,5.606536865234375
2.1835544109344482,3.0160934925079346,5.606536865234375
2.1821646690368652,3.0152597427368164,5.605769634246826
2.1826655864715576,3.0151586532592773,5.605485916137695
2.1840343475341797,3.014451742172241,5.605583190917969
2.1840343475341797,3.014451742172241,5.605583190917969
2.1798295974731445,3.014322280883789,5.606936931610107
2.1798295974731445,3.014322280883789,5.606936931610107
2.1809539794921875,3.014277219772339,5.607054233551025
2.1823959350585938,3.013153553009033,5.605829238891602
2.1823959350585938,3.013153553009033,5.605829238891602
2.1825506687164307,3.0131990909576416,5.606720447540283
2.1825506687164307,3.0131990909576416,5.606720447540283
2.1826441287994385,3.0136377811431885,5.609217166900635
2.181108236312866,3.0124921798706055,5.609708786010742
2.1812732219696045,3.013327121734619,5.61061954498291
2.1812732219696045,3.013327121734619,5.61061954498291
2.182793378829956,3.014695644378662,5.6135640144348145
2.182793378829956,3.014695644378662,5.6135640144348145
2.1837427616119385,3.014902353286743,5.6144585609436035
2.183537483215332,3.015024185180664,5.614672660827637
2.183537483215332,3.015024185180664,5.614672660827637
2.1848063468933105,3.017611265182495,5.618937969207764
2.1848063468933105,3.017611265182495,5.618937969207764
2.186582565307617,3.0188796520233154,5.62248420715332
2.185530424118042,3.0206186771392822,5.626957893371582
2.184884548187256,3.0206408500671387,5.628057479858398
2.184884548187256,3.0206408500671387,5.628057479858398
2.1872193813323975,3.022298574447632,5.630062103271484
2.1872193813323975,3.022298574447632,5.630062103271484
2.1874654293060303,3.021350860595703,5.627928733825684
2.185988664627075,3.0202090740203857,5.625314235687256
2.185988664627075,3.0202090740203857,5.625314235687256
2.1859219074249268,3.019763469696045,5.624199867248535
2.186573028564453,3.0201947689056396,5.625018119812012
2.186573028564453,3.0201947689056396,5.625018119812012
2.1870784759521484,3.0213093757629395,5.6292829513549805
2.1870784759521484,3.0213093757629395,5.6292829513549805
2.186699390411377,3.02197527885437,5.63083553314209
2.186699390411377,3.02197527885437,5.63083553314209
2.1864781379699707,3.0221192836761475,5.6319260597229
2.186711072921753,3.0214691162109375,5.631777286529541
2.186711072921753,3.0214691162109375,5.631777286529541
2.186974048614502,3.0209808349609375,5.631768226623535
2.1870977878570557,3.020941972732544,5.63373327255249
2.1870977878570557,3.020941972732544,5.63373327255249
2.1881942749023438,3.020480155944824,5.634476184844971
2.1881942749023438,3.020480155944824,5.634476184844971
2.1884984970092773,3.0206387042999268,5.635275840759277
2.1884984970092773,3.0206387042999268,5.635275840759277
2.1902081966400146,3.02213191986084,5.637385368347168
2.191091537475586,3.021963357925415,5.63766622543335
2.1908769607543945,3.0219061374664307,5.638301849365234
2.1908769607543945,3.0219061374664307,5.638301849365234
2.190595865249634,3.023667812347412,5.639617443084717
2.190595865249634,3.023667812347412,5.639617443084717
2.1912155151367188,3.022918224334717,5.637528419494629
2.190286874771118,3.0226426124572754,5.63657283782959
2.190286874771118,3.0226426124572754,5.63657283782959
2.189544439315796,3.0240304470062256,5.638346195220947
2.189544439315796,3.0240304470062256,5.638346195220947
2.1889803409576416,3.0241215229034424,5.640120029449463
2.186964511871338,3.0242438316345215,5.6419172286987305
2.186964511871338,3.0242438316345215,5.6419172286987305
2.1874563694000244,3.02490496635437,5.642209053039551
2.1874563694000244,3.02490496635437,5.642209053039551
2.1864564418792725,3.023751735687256,5.64146614074707
2.1845695972442627,3.0234873294830322,5.641262531280518
2.1845695972442627,3.0234873294830322,5.641262531280518
2.1854026317596436,3.025026798248291,5.644550800323486
2.1854026317596436,3.025026798248291,5.644550800323486
2.1856179237365723,3.0249781608581543,5.646191120147705
2.1831071376800537,3.0251286029815674,5.64713716506958
2.1831071376800537,3.0251286029815674,5.64713716506958
2.1840639114379883,3.0257601737976074,5.6468186378479
2.1840639114379883,3.0257601737976074,5.6468186378479
2.1842057704925537,3.025218963623047,5.645362377166748
2.183872699737549,3.0240910053253174,5.643146514892578
2.183872699737549,3.0240910053253174,5.643146514892578
2.183786392211914,3.02527117729187,5.64617395401001
2.1834158897399902,3.0256292819976807,5.6497321128845215
2.1834158897399902,3.0256292819976807,5.6497321128845215
2.183326482772827,3.0259082317352295,5.65256404876709
2.183326482772827,3.0259082317352295,5.65256404876709
2.183610439300537,3.0272035598754883,5.656186103820801
2.183610439300537,3.0272035598754883,5.656186103820801
2.184356927871704,3.0274083614349365,5.655992031097412
2.184551477432251,3.0277929306030273,5.654211044311523
2.184551477432251,3.0277929306030273,5.654211044311523
2.184762954711914,3.0291597843170166,5.654800891876221
2.184762954711914,3.0291597843170166,5.654800891876221
2.1824963092803955,3.0292580127716064,5.6556267738342285
2.1809964179992676,3.0293357372283936,5.656344413757324
2.1809964179992676,3.0293357372283936,5.656344413757324
2.182438373565674,3.031583786010742,5.661475658416748
2.182438373565674,3.031583786010742,5.661475658416748
2.182856798171997,3.032410144805908,5.665953636169434
2.1827685832977295,3.032360076904297,5.667450428009033
2.180241823196411,3.0335848331451416,5.673158168792725
2.180241823196411,3.0335848331451416,5.673158168792725
2.1819658279418945,3.034597396850586,5.674393177032471
2.1819658279418945,3.034597396850586,5.674393177032471
2.1830685138702393,3.034893035888672,5.675188064575195
2.182826280593872,3.034583806991577,5.674585819244385
2.18180513381958,3.0354554653167725,5.674368381500244
2.1823740005493164,3.0359930992126465,5.674261093139648
2.1823740005493164,3.0359930992126465,5.674261093139648
2.1821696758270264,3.0365355014801025,5.674435138702393
2.1821696758270264,3.0365355014801025,5.674435138702393
2.18099308013916,3.0377016067504883,5.677476406097412
2.18099308013916,3.0377016067504883,5.677476406097412
2.180673837661743,3.0377814769744873,5.6782450675964355
2.1796486377716064,3.0366129875183105,5.677070617675781
2.1796486377716064,3.0366129875183105,5.677070617675781
2.1772780418395996,3.0364444255828857,5.677606105804443
2.1772780418395996,3.0364444255828857,5.677606105804443
2.1777515411376953,3.036470413208008,5.678679466247559
2.177272081375122,3.0355324745178223,5.678687572479248
2.177272081375122,3.0355324745178223,5.678687572479248
2.1769556999206543,3.0363073348999023,5.679178237915039
2.1769556999206543,3.0363073348999023,5.679178237915039
2.1787376403808594,3.037236213684082,5.680620193481445
2.1782665252685547,3.037438154220581,5.682464122772217
2.1782665252685547,3.037438154220581,5.682464122772217
2.174325942993164,3.037437915802002,5.684309005737305
2.174325942993164,3.037437915802002,5.684309005737305
2.1763570308685303,3.0393097400665283,5.686950206756592
2.1763570308685303,3.0393097400665283,5.686950206756592
2.17531418800354,3.0392751693725586,5.689798831939697
2.172658920288086,3.0388104915618896,5.689942836761475
2.172658920288086,3.0388104915618896,5.689942836761475
2.1715259552001953,3.0395569801330566,5.690389156341553
2.1715259552001953,3.0395569801330566,5.690389156341553
2.171692371368408,3.0391669273376465,5.689482688903809
2.171373128890991,3.0390191078186035,5.689689636230469
2.1708879470825195,3.0400328636169434,5.692624092102051
2.170985698699951,3.0405938625335693,5.694000244140625
2.170985698699951,3.0405938625335693,5.694000244140625
2.170705795288086,3.039506196975708,5.694754600524902
2.170705795288086,3.039506196975708,5.694754600524902
2.169909954071045,3.0397756099700928,5.69557523727417
2.170076370239258,3.040555238723755,5.695144176483154
2.170076370239258,3.040555238723755,5.695144176483154
2.1704859733581543,3.039991617202759,5.692698001861572
2.170395612716675,3.0400662422180176,5.692154884338379
2.170395612716675,3.0400662422180176,5.692154884338379
2.1702516078948975,3.040853977203369,5.691401958465576
2.1702516078948975,3.040853977203369,5.691401958465576
2.170624256134033,3.0416338443756104,5.692407131195068
2.1699821949005127,3.0431711673736572,5.695740222930908
2.1695547103881836,3.0439858436584473,5.697725772857666
2.1695547103881836,3.0439858436584473,5.697725772857666
2.1684272289276123,3.044188976287842,5.69990873336792
2.1684272289276123,3.044188976287842,5.69990873336792
2.166517734527588,3.0446677207946777,5.702569961547852
2.1661536693573,3.045635938644409,5.704991340637207
2.1661083698272705,3.047076463699341,5.710253715515137
2.1661083698272705,3.047076463699341,5.710253715515137
2.164893865585327,3.0462706089019775,5.711587905883789
2.164893865585327,3.0462706089019775,5.711587905883789
2.1628377437591553,3.0467920303344727,5.715176582336426
2.16300106048584,3.0474467277526855,5.718635559082031
2.16300106048584,3.0474467277526855,5.718635559082031
2.1638975143432617,3.047130584716797,5.719636917114258
2.1638975143432617,3.047130584716797,5.719636917114258
2.1634786128997803,3.047459602355957,5.72186803817749
2.1634786128997803,3.047459602355957,5.72186803817749
2.163114547729492,3.047889232635498,5.724214553833008
2.1642727851867676,3.0491719245910645,5.727962017059326
2.1642727851867676,3.0491719245910645,5.727962017059326
2.1641645431518555,3.049166440963745,5.7307915687561035
2.1632585525512695,3.0496127605438232,5.733543872833252
2.1632585525512695,3.0496127605438232,5.733543872833252
2.162278413772583,3.0494399070739746,5.735386371612549
2.162278413772583,3.0494399070739746,5.735386371612549
2.161463737487793,3.0491302013397217,5.737265110015869
2.1618642807006836,3.050262451171875,5.74146032333374
2.1618642807006836,3.050262451171875,5.74146032333374
2.161468982696533,3.0505242347717285,5.745417594909668
2.161468982696533,3.0505242347717285,5.745417594909668
2.1599977016448975,3.050827741622925,5.7481608390808105
2.1599977016448975,3.050827741622925,5.7481608390808105
2.1617424488067627,3.052809953689575,5.7522053718566895
2.162224292755127,3.053792953491211,5.75583028793335
2.162224292755127,3.053792953491211,5.75583028793335
2.160539388656616,3.054652214050293,5.758147239685059
2.159480333328247,3.055077314376831,5.759737968444824
2.159480333328247,3.055077314376831,5.759737968444824
2.1610920429229736,3.057292938232422,5.762460231781006
2.1616737842559814,3.0577292442321777,5.763983249664307
2.1616737842559814,3.0577292442321777,5.763983249664307
2.159672498703003,3.0595884323120117,5.766421318054199
2.159672498703003,3.0595884323120117,5.766421318054199
2.159118413925171,3.0605971813201904,5.769271373748779
2.159118413925171,3.0605971813201904,5.769271373748779
2.1590542793273926,3.061493396759033,5.772240161895752
2.158385753631592,3.063101291656494,5.7764105796813965
2.158385753631592,3.063101291656494,5.7764105796813965
2.15781307220459,3.0636954307556152,5.779500961303711
2.15781307220459,3.0636954307556152,5.779500961303711
2.1562342643737793,3.064337968826294,5.780624866485596
2.1562342643737793,3.064337968826294,5.780624866485596
2.158820390701294,3.065868616104126,5.781686305999756
2.1577868461608887,3.0668416023254395,5.783953666687012
2.1577868461608887,3.0668416023254395,5.783953666687012
2.156330108642578,3.068293333053589,5.788538455963135
2.156330108642578,3.068293333053589,5.788538455963135
2.155376434326172,3.0717933177948,5.796989917755127
2.154933214187622,3.073615789413452,5.8010573387146
2.154933214187622,3.073615789413452,5.8010573387146
2.15653920173645,3.072219133377075,5.797443389892578
2.15653920173645,3.072219133377075,5.797443389892578
2.1558141708374023,3.0712015628814697,5.794712543487549
2.1558141708374023,3.0712015628814697,5.794712543487549
2.1557929515838623,3.0699069499969482,5.790218830108643
2.1557838916778564,3.069974184036255,5.7892680168151855
2.1551895141601562,3.070775032043457,5.790166854858398
2.1551895141601562,3.070775032043457,5.790166854858398
2.1556546688079834,3.0719335079193115,5.794449329376221
2.1556546688079834,3.0719335079193115,5.794449329376221
2.1407833099365234,3.064784526824951,5.804135322570801
2.1518232822418213,3.1007704734802246,5.855621337890625
2.1518232822418213,3.1007704734802246,5.855621337890625
