x,y,z
1.638545036315918,2.5465126037597656,3.1893348693847656
1.638545036315918,2.5465126037597656,3.1893348693847656
1.6364502906799316,2.545334577560425,3.1889240741729736
1.6364502906799316,2.545334577560425,3.1889240741729736
1.6357090473175049,2.5453906059265137,3.18973970413208
1.6357090473175049,2.5453906059265137,3.18973970413208
1.6338105201721191,2.541616678237915,3.194585084915161
1.6338105201721191,2.541616678237915,3.194585084915161
1.6321529150009155,2.5405771732330322,3.1995038986206055
1.6308759450912476,2.539764165878296,3.2006278038024902
1.6308759450912476,2.539764165878296,3.2006278038024902
1.6303790807724,2.536914110183716,3.203744649887085
1.6303790807724,2.536914110183716,3.203744649887085
1.632030963897705,2.5364696979522705,3.2032008171081543
1.630800724029541,2.536167621612549,3.2065024375915527
1.630800724029541,2.536167621612549,3.2065024375915527
1.6259139776229858,2.53098464012146,3.2164769172668457
1.6259139776229858,2.53098464012146,3.2164769172668457
1.624886393547058,2.531130075454712,3.220083236694336
1.6259300708770752,2.536839485168457,3.2190983295440674
1.6259300708770752,2.536839485168457,3.2190983295440674
1.6263737678527832,2.5409698486328125,3.2177610397338867
1.6263737678527832,2.5409698486328125,3.2177610397338867
1.6283499002456665,2.538559675216675,3.214371681213379
1.6310663223266602,2.536621332168579,3.209935188293457
1.6310663223266602,2.536621332168579,3.209935188293457
1.633952021598816,2.5309741497039795,3.205366611480713
1.633952021598816,2.5309741497039795,3.205366611480713
1.6349271535873413,2.5306341648101807,3.204393148422241
1.6370246410369873,2.529719352722168,3.199936866760254
1.6370246410369873,2.529719352722168,3.199936866760254
1.6382595300674438,2.5277011394500732,3.197645425796509
1.6382595300674438,2.5277011394500732,3.197645425796509
1.6410231590270996,2.525618553161621,3.1950249671936035
1.6390963792800903,2.520871877670288,3.199852228164673
1.6390963792800903,2.520871877670288,3.199852228164673
1.6418265104293823,2.521252155303955,3.196190118789673
1.6418265104293823,2.521252155303955,3.196190118789673
1.641353964805603,2.518601179122925,3.1928672790527344
1.642578125,2.519094228744507,3.1831908226013184
1.642578125,2.519094228744507,3.1831908226013184
1.6441304683685303,2.520557403564453,3.176495313644409
1.6435965299606323,2.52175235748291,3.1739933490753174
1.6435965299606323,2.52175235748291,3.1739933490753174
1.643714189529419,2.5172691345214844,3.1700708866119385
1.643714189529419,2.5172691345214844,3.1700708866119385
1.6421085596084595,2.516957998275757,3.173825979232788
1.6441752910614014,2.5200300216674805,3.1709301471710205
1.6441752910614014,2.5200300216674805,3.1709301471710205
1.6449313163757324,2.5206944942474365,3.169013261795044
1.6449313163757324,2.5206944942474365,3.169013261795044
1.6492328643798828,2.520911455154419,3.1617624759674072
1.6492328643798828,2.520911455154419,3.1617624759674072
1.6525704860687256,2.5193378925323486,3.1540980339050293
1.655600666999817,2.523512125015259,3.1485369205474854
1.655600666999817,2.523512125015259,3.1485369205474854
1.6558098793029785,2.522294759750366,3.147181272506714
1.6558098793029785,2.522294759750366,3.147181272506714
1.6574536561965942,2.521498918533325,3.1448092460632324
1.6623363494873047,2.523815631866455,3.137897253036499
1.6623363494873047,2.523815631866455,3.137897253036499
1.669773817062378,2.529256820678711,3.1240057945251465
1.669773817062378,2.529256820678711,3.1240057945251465
1.6665499210357666,2.530318260192871,3.1296255588531494
1.6675227880477905,2.532586097717285,3.129228115081787
1.6675227880477905,2.532586097717285,3.129228115081787
1.6672914028167725,2.530688762664795,3.130450963973999
1.6672914028167725,2.530688762664795,3.130450963973999
1.669917106628418,2.5334527492523193,3.1255688667297363
1.670620083808899,2.535212516784668,3.12311053276062
1.670620083808899,2.535212516784668,3.12311053276062
1.6709929704666138,2.53633713722229,3.1209657192230225
1.6709929704666138,2.53633713722229,3.1209657192230225
1.672010898590088,2.535762071609497,3.1209311485290527
1.6739355325698853,2.535524368286133,3.1176843643188477
1.6739355325698853,2.535524368286133,3.1176843643188477
1.673861026763916,2.5373916625976562,3.117445468902588
1.673861026763916,2.5373916625976562,3.117445468902588
1.6727527379989624,2.5353384017944336,3.1176676750183105
1.6739177703857422,2.5334832668304443,3.114816904067993
1.6739177703857422,2.5334832668304443,3.114816904067993
1.6738739013671875,2.532759428024292,3.113410711288452
1.6734591722488403,2.5326762199401855,3.111719846725464
1.6734591722488403,2.5326762199401855,3.111719846725464
1.673764705657959,2.5340442657470703,3.109924554824829
1.673764705657959,2.5340442657470703,3.109924554824829
1.6726009845733643,2.5337610244750977,3.110089063644409
1.6723912954330444,2.535839319229126,3.108743667602539
1.6723912954330444,2.535839319229126,3.108743667602539
1.6726720333099365,2.5379724502563477,3.1080451011657715
1.6726720333099365,2.5379724502563477,3.1080451011657715
1.6729750633239746,2.538644313812256,3.1056642532348633
1.6729750633239746,2.538644313812256,3.1056642532348633
1.6724270582199097,2.5366170406341553,3.106259346008301
1.6717464923858643,2.5345757007598877,3.1073966026306152
1.6717464923858643,2.5345757007598877,3.1073966026306152
1.6708686351776123,2.535090684890747,3.1087305545806885
1.6708686351776123,2.535090684890747,3.1087305545806885
1.669692039489746,2.5373904705047607,3.109966993331909
1.672088861465454,2.5404562950134277,3.1074602603912354
1.672088861465454,2.5404562950134277,3.1074602603912354
1.67410147190094,2.5449111461639404,3.1041064262390137
1.6745461225509644,2.5436651706695557,3.1037654876708984
1.6745461225509644,2.5436651706695557,3.1037654876708984
1.6769660711288452,2.5452566146850586,3.100984811782837
1.6769660711288452,2.5452566146850586,3.100984811782837
1.6780178546905518,2.545947551727295,3.098877429962158
1.6780178546905518,2.545947551727295,3.098877429962158
1.6793156862258911,2.5504322052001953,3.0951178073883057
1.6806340217590332,2.552572250366211,3.091811180114746
1.6806340217590332,2.552572250366211,3.091811180114746
1.681119441986084,2.5524423122406006,3.0922505855560303
1.681119441986084,2.5524423122406006,3.0922505855560303
1.682296633720398,2.5507993698120117,3.092132568359375
1.6808804273605347,2.551374912261963,3.092726707458496
1.6808804273605347,2.551374912261963,3.092726707458496
1.6835700273513794,2.5605523586273193,3.0869181156158447
1.6835700273513794,2.5605523586273193,3.0869181156158447
1.6834752559661865,2.5621750354766846,3.0876882076263428
1.6845495700836182,2.562253475189209,3.08740234375
1.6845495700836182,2.562253475189209,3.08740234375
1.6827588081359863,2.560436487197876,3.089366912841797
1.6827588081359863,2.560436487197876,3.089366912841797
1.6820390224456787,2.561434507369995,3.0896079540252686
1.6829402446746826,2.564713716506958,3.084534168243408
1.6829402446746826,2.564713716506958,3.084534168243408
1.6849395036697388,2.566359281539917,3.078895330429077
1.6849395036697388,2.566359281539917,3.078895330429077
1.6860560178756714,2.565868616104126,3.0762434005737305
1.6851537227630615,2.5665178298950195,3.076744794845581
1.6851537227630615,2.5665178298950195,3.076744794845581
1.6847662925720215,2.564685106277466,3.0779173374176025
1.6847662925720215,2.564685106277466,3.0779173374176025
1.6860185861587524,2.5636720657348633,3.0752718448638916
1.6887764930725098,2.5657715797424316,3.068056583404541
1.6887764930725098,2.5657715797424316,3.068056583404541
1.69039785861969,2.56790828704834,3.0631980895996094
1.69039785861969,2.56790828704834,3.0631980895996094
1.6903654336929321,2.565951347351074,3.0634195804595947
1.692097544670105,2.56486177444458,3.059974431991577
1.692097544670105,2.56486177444458,3.059974431991577
1.6917451620101929,2.5657858848571777,3.0588366985321045
1.6917451620101929,2.5657858848571777,3.0588366985321045
1.69114089012146,2.5675976276397705,3.057335138320923
1.6917228698730469,2.569361925125122,3.055922031402588
1.6917228698730469,2.569361925125122,3.055922031402588
1.6930720806121826,2.570516586303711,3.0527665615081787
1.6951360702514648,2.573293685913086,3.0493175983428955
1.6951360702514648,2.573293685913086,3.0493175983428955
1.6966551542282104,2.5759541988372803,3.044161319732666
1.6966551542282104,2.5759541988372803,3.044161319732666
1.6989834308624268,2.580077648162842,3.038727045059204
1.6986924409866333,2.5774662494659424,3.038990020751953
1.6986924409866333,2.5774662494659424,3.038990020751953
1.7024465799331665,2.5785980224609375,3.0325632095336914
1.7024465799331665,2.5785980224609375,3.0325632095336914
1.7031582593917847,2.5797033309936523,3.0303781032562256
1.7035226821899414,2.5785715579986572,3.0276920795440674
1.7035226821899414,2.5785715579986572,3.0276920795440674
1.7045491933822632,2.578967809677124,3.0236315727233887
1.7045491933822632,2.578967809677124,3.0236315727233887
1.7048141956329346,2.578889846801758,3.0210604667663574
1.7045942544937134,2.5795321464538574,3.0191986560821533
1.7045942544937134,2.5795321464538574,3.0191986560821533
1.7048025131225586,2.578158378601074,3.01816463470459
1.7048025131225586,2.578158378601074,3.01816463470459
1.7059954404830933,2.5779991149902344,3.0156819820404053
1.7055609226226807,2.5784764289855957,3.0165092945098877
1.7055609226226807,2.5784764289855957,3.0165092945098877
1.7059890031814575,2.5800626277923584,3.0169761180877686
1.7059890031814575,2.5800626277923584,3.0169761180877686
1.7068127393722534,2.5788254737854004,3.0178897380828857
1.7068127393722534,2.5788254737854004,3.0178897380828857
1.7076622247695923,2.5786492824554443,3.0181381702423096
1.7099533081054688,2.5812792778015137,3.0141923427581787
1.7099533081054688,2.5812792778015137,3.0141923427581787
1.712598443031311,2.58621883392334,3.0095162391662598
1.7135120630264282,2.5880937576293945,3.006967782974243
1.7135120630264282,2.5880937576293945,3.006967782974243
1.7155581712722778,2.5868632793426514,3.0046944618225098
1.7155581712722778,2.5868632793426514,3.0046944618225098
1.7153981924057007,2.5863234996795654,3.0041537284851074
1.7155359983444214,2.5900065898895264,3.00046443939209
1.7155359983444214,2.5900065898895264,3.00046443939209
1.7155786752700806,2.591313600540161,2.998410701751709
1.7155786752700806,2.591313600540161,2.998410701751709
1.7169665098190308,2.5924787521362305,2.993530511856079
1.7169665098190308,2.5924787521362305,2.993530511856079
1.7177348136901855,2.5937108993530273,2.9907519817352295
1.7184474468231201,2.5974936485290527,2.9871270656585693
1.7184474468231201,2.5974936485290527,2.9871270656585693
1.7176676988601685,2.597317695617676,2.9851558208465576
1.7181735038757324,2.5988521575927734,2.984117031097412
1.7181735038757324,2.5988521575927734,2.984117031097412
1.7184245586395264,2.599144697189331,2.983304500579834
1.7184245586395264,2.599144697189331,2.983304500579834
1.7194973230361938,2.6027748584747314,2.979865550994873
1.7194973230361938,2.6027748584747314,2.979865550994873
1.71967351436615,2.6029446125030518,2.979722499847412
1.719423532485962,2.602865219116211,2.979522705078125
1.719423532485962,2.602865219116211,2.979522705078125
1.719639539718628,2.6015682220458984,2.9783270359039307
1.719639539718628,2.6015682220458984,2.9783270359039307
1.7204670906066895,2.6050686836242676,2.9751694202423096
1.7201662063598633,2.6076557636260986,2.9740777015686035
1.7201662063598633,2.6076557636260986,2.9740777015686035
1.7203326225280762,2.608515501022339,2.9731862545013428
1.7203326225280762,2.608515501022339,2.9731862545013428
1.7209655046463013,2.610105037689209,2.9725215435028076
1.721139907836914,2.613591432571411,2.9695889949798584
1.721139907836914,2.613591432571411,2.9695889949798584
1.720791220664978,2.6177093982696533,2.9681427478790283
1.720791220664978,2.6177093982696533,2.9681427478790283
1.7216298580169678,2.6179568767547607,2.9665517807006836
1.7220571041107178,2.616988182067871,2.9660677909851074
1.7220571041107178,2.616988182067871,2.9660677909851074
1.7227377891540527,2.6189754009246826,2.9639346599578857
1.7214577198028564,2.622617483139038,2.9636809825897217
1.7214577198028564,2.622617483139038,2.9636809825897217
1.7220791578292847,2.6207947731018066,2.962480068206787
1.7220791578292847,2.6207947731018066,2.962480068206787
1.722841739654541,2.6181399822235107,2.9627654552459717
1.722801685333252,2.618525743484497,2.963207721710205
1.722801685333252,2.618525743484497,2.963207721710205
1.7221944332122803,2.6196699142456055,2.962116003036499
1.7221944332122803,2.6196699142456055,2.962116003036499
1.7224353551864624,2.6186211109161377,2.9615252017974854
1.7224353551864624,2.6186211109161377,2.9615252017974854
1.723698377609253,2.61894154548645,2.958714008331299
1.7238762378692627,2.6197524070739746,2.958284378051758
1.7238762378692627,2.6197524070739746,2.958284378051758
1.7247916460037231,2.6213104724884033,2.955669403076172
1.7247916460037231,2.6213104724884033,2.955669403076172
1.7243787050247192,2.620804786682129,2.955108880996704
1.7260693311691284,2.6216683387756348,2.953374147415161
1.7260693311691284,2.6216683387756348,2.953374147415161
1.7290775775909424,2.625324249267578,2.9467296600341797
1.7291173934936523,2.6299426555633545,2.9445648193359375
1.7291173934936523,2.6299426555633545,2.9445648193359375
1.727897047996521,2.636721611022949,2.9448392391204834
1.727897047996521,2.636721611022949,2.9448392391204834
1.72733473777771,2.6340765953063965,2.94510817527771
1.72733473777771,2.6340765953063965,2.94510817527771
1.7283451557159424,2.6318440437316895,2.9431841373443604
1.7298767566680908,2.633164167404175,2.9388978481292725
1.7298767566680908,2.633164167404175,2.9388978481292725
1.7303627729415894,2.636822462081909,2.9349894523620605
1.7303627729415894,2.636822462081909,2.9349894523620605
1.7316893339157104,2.6394197940826416,2.931504726409912
1.7327682971954346,2.638282060623169,2.9301233291625977
1.7327682971954346,2.638282060623169,2.9301233291625977
1.7323485612869263,2.637303352355957,2.931406021118164
1.7323485612869263,2.637303352355957,2.931406021118164
1.7317620515823364,2.635511636734009,2.9330594539642334
1.7324039936065674,2.635234832763672,2.932351589202881
1.7324039936065674,2.635234832763672,2.932351589202881
1.7335892915725708,2.635260581970215,2.9272115230560303
1.7335892915725708,2.635260581970215,2.9272115230560303
1.7334589958190918,2.635483980178833,2.9254465103149414
1.732146978378296,2.634483575820923,2.9283716678619385
1.732146978378296,2.634483575820923,2.9283716678619385
1.7321710586547852,2.6325221061706543,2.929373264312744
1.7321710586547852,2.6325221061706543,2.929373264312744
1.7317620515823364,2.6319377422332764,2.9312708377838135
1.7318800687789917,2.634121894836426,2.930201292037964
1.7318800687789917,2.634121894836426,2.930201292037964
1.7331546545028687,2.635042905807495,2.9266517162323
1.734042763710022,2.633517026901245,2.926487922668457
1.734042763710022,2.633517026901245,2.926487922668457
1.735116958618164,2.631981611251831,2.926523447036743
1.735116958618164,2.631981611251831,2.926523447036743
1.7353012561798096,2.632359504699707,2.926276683807373
1.7353012561798096,2.632359504699707,2.926276683807373
1.7357546091079712,2.6321938037872314,2.924314260482788
1.735327124595642,2.6299750804901123,2.9239137172698975
1.735327124595642,2.6299750804901123,2.9239137172698975
1.7369309663772583,2.6304149627685547,2.92120623588562
1.7369309663772583,2.6304149627685547,2.92120623588562
1.7374764680862427,2.632622718811035,2.919377326965332
1.7371021509170532,2.6329314708709717,2.9199020862579346
1.7368348836898804,2.6326282024383545,2.921142578125
1.7368348836898804,2.6326282024383545,2.921142578125
1.7377102375030518,2.6321990489959717,2.92051362991333
1.7377102375030518,2.6321990489959717,2.92051362991333
1.737395167350769,2.633260726928711,2.9199113845825195
1.737395167350769,2.633260726928711,2.9199113845825195
1.7372442483901978,2.63508677482605,2.9186558723449707
1.7372442483901978,2.63508677482605,2.9186558723449707
1.7371864318847656,2.6357295513153076,2.9174134731292725
1.7366571426391602,2.6352102756500244,2.9179227352142334
1.7366571426391602,2.6352102756500244,2.9179227352142334
1.7355046272277832,2.635282278060913,2.919316291809082
1.7355046272277832,2.635282278060913,2.919316291809082
1.734216570854187,2.637704372406006,2.9207217693328857
1.7336424589157104,2.636350393295288,2.9190573692321777
1.7336424589157104,2.636350393295288,2.9190573692321777
1.734370470046997,2.6374828815460205,2.9162371158599854
1.7347239255905151,2.638937473297119,2.9145138263702393
1.7347239255905151,2.638937473297119,2.9145138263702393
1.7349412441253662,2.6402223110198975,2.91312837600708
1.7349412441253662,2.6402223110198975,2.91312837600708
1.736375093460083,2.6409003734588623,2.910205602645874
1.736375093460083,2.6409003734588623,2.910205602645874
1.7363429069519043,2.6419665813446045,2.9098267555236816
1.7366465330123901,2.6405341625213623,2.909538507461548
1.7366465330123901,2.6405341625213623,2.909538507461548
1.7376549243927002,2.639369010925293,2.907902240753174
1.7376549243927002,2.639369010925293,2.907902240753174
1.7374073266983032,2.6403939723968506,2.906994342803955
1.736670732498169,2.6434578895568848,2.9064152240753174
1.736670732498169,2.6434578895568848,2.9064152240753174
1.7367053031921387,2.6425375938415527,2.9052436351776123
1.7381008863449097,2.642627000808716,2.9034812450408936
1.7381008863449097,2.642627000808716,2.9034812450408936
1.738157868385315,2.642263412475586,2.90360951423645
1.738157868385315,2.642263412475586,2.90360951423645
1.7380503416061401,2.6448259353637695,2.904352903366089
1.7380503416061401,2.6448259353637695,2.904352903366089
1.7384942770004272,2.6475558280944824,2.903996706008911
1.7390668392181396,2.649446487426758,2.902371406555176
1.7390668392181396,2.649446487426758,2.902371406555176
1.7413921356201172,2.649231433868408,2.8982431888580322
1.7413921356201172,2.649231433868408,2.8982431888580322
1.7426625490188599,2.651540756225586,2.8954052925109863
1.7426767349243164,2.653550148010254,2.893418073654175
1.7426767349243164,2.653550148010254,2.893418073654175
1.7436530590057373,2.653522491455078,2.890105962753296
1.7439765930175781,2.6549155712127686,2.888486862182617
1.7439765930175781,2.6549155712127686,2.888486862182617
1.7437942028045654,2.657160520553589,2.8865692615509033
1.7437942028045654,2.657160520553589,2.8865692615509033
1.7430522441864014,2.659334897994995,2.886618137359619
1.7430522441864014,2.659334897994995,2.886618137359619
1.7432646751403809,2.658125877380371,2.886072874069214
1.7430354356765747,2.657747268676758,2.8875904083251953
1.7430354356765747,2.657747268676758,2.8875904083251953
1.743013620376587,2.6581497192382812,2.887960195541382
1.743013620376587,2.6581497192382812,2.887960195541382
1.7425117492675781,2.6601457595825195,2.8878726959228516
1.742611289024353,2.6600501537323,2.8876285552978516
1.742611289024353,2.6600501537323,2.8876285552978516
1.742720603942871,2.6603949069976807,2.887887477874756
1.7429354190826416,2.6583900451660156,2.888622760772705
1.7429354190826416,2.6583900451660156,2.888622760772705
1.7440037727355957,2.6605162620544434,2.8867225646972656
1.7440037727355957,2.6605162620544434,2.8867225646972656
1.7440239191055298,2.6619837284088135,2.8859007358551025
1.744584560394287,2.6611945629119873,2.885519504547119
1.744584560394287,2.6611945629119873,2.885519504547119
1.7448207139968872,2.659590244293213,2.8853819370269775
1.7448207139968872,2.659590244293213,2.8853819370269775
1.744705080986023,2.659635543823242,2.884685516357422
1.744705080986023,2.659635543823242,2.884685516357422
1.7434380054473877,2.6645665168762207,2.8838441371917725
1.7433302402496338,2.6652650833129883,2.8819611072540283
1.7433302402496338,2.6652650833129883,2.8819611072540283
1.7441104650497437,2.6647307872772217,2.8805642127990723
1.7446647882461548,2.6629140377044678,2.880460739135742
1.7446647882461548,2.6629140377044678,2.880460739135742
1.7443394660949707,2.6646358966827393,2.8812291622161865
1.7443394660949707,2.6646358966827393,2.8812291622161865
1.7442580461502075,2.665395975112915,2.8805582523345947
1.7442580461502075,2.665395975112915,2.8805582523345947
1.7444427013397217,2.6660268306732178,2.87984299659729
1.745380163192749,2.6664462089538574,2.877401351928711
1.745380163192749,2.6664462089538574,2.877401351928711
1.7456245422363281,2.666025161743164,2.8775858879089355
1.7456245422363281,2.666025161743164,2.8775858879089355
1.7464935779571533,2.6663780212402344,2.8757405281066895
1.7474212646484375,2.669264316558838,2.8720645904541016
1.7474212646484375,2.669264316558838,2.8720645904541016
1.7479066848754883,2.6717922687530518,2.8690218925476074
1.7479066848754883,2.6717922687530518,2.8690218925476074
1.7498087882995605,2.672844886779785,2.864152431488037
1.7521792650222778,2.6736462116241455,2.8580381870269775
1.7521792650222778,2.6736462116241455,2.8580381870269775
1.7518061399459839,2.6729979515075684,2.8584723472595215
1.7518061399459839,2.6729979515075684,2.8584723472595215
1.7508481740951538,2.6751580238342285,2.8597004413604736
1.749161720275879,2.6773386001586914,2.862298011779785
1.749161720275879,2.6773386001586914,2.862298011779785
1.7488014698028564,2.6782209873199463,2.861778974533081
1.7482885122299194,2.6789467334747314,2.862579584121704
1.7482885122299194,2.6789467334747314,2.862579584121704
1.7474976778030396,2.67811918258667,2.8635780811309814
1.7474976778030396,2.67811918258667,2.8635780811309814
1.747470498085022,2.6795477867126465,2.861661434173584
1.747470498085022,2.6795477867126465,2.861661434173584
1.7472690343856812,2.6789116859436035,2.8603017330169678
1.7473095655441284,2.68003511428833,2.8586854934692383
1.7473095655441284,2.68003511428833,2.8586854934692383
1.746721625328064,2.6803834438323975,2.85810923576355
1.746721625328064,2.6803834438323975,2.85810923576355
1.7469749450683594,2.6791226863861084,2.8568708896636963
1.747074842453003,2.6799676418304443,2.856314182281494
1.747074842453003,2.6799676418304443,2.856314182281494
1.7455329895019531,2.6815690994262695,2.8584182262420654
1.7455329895019531,2.6815690994262695,2.8584182262420654
1.7457770109176636,2.679919719696045,2.8591856956481934
1.7461892366409302,2.6803855895996094,2.858996629714966
1.7461892366409302,2.6803855895996094,2.858996629714966
1.746509075164795,2.6835172176361084,2.8571345806121826
1.746509075164795,2.6835172176361084,2.8571345806121826
1.7470183372497559,2.6846461296081543,2.8566956520080566
1.7467052936553955,2.6829612255096436,2.859032392501831
1.7467052936553955,2.6829612255096436,2.859032392501831
1.7464851140975952,2.6830496788024902,2.8610541820526123
1.7464851140975952,2.6830496788024902,2.8610541820526123
1.7455097436904907,2.68619704246521,2.8629915714263916
1.7460397481918335,2.6862881183624268,2.8627543449401855
1.7460397481918335,2.6862881183624268,2.8627543449401855
1.74687659740448,2.686572790145874,2.8609185218811035
1.7483923435211182,2.6875786781311035,2.857426404953003
1.7483923435211182,2.6875786781311035,2.857426404953003
1.7499053478240967,2.687354564666748,2.853282928466797
1.7499053478240967,2.687354564666748,2.853282928466797
1.751562476158142,2.68896746635437,2.8479342460632324
1.7521098852157593,2.6917896270751953,2.8442983627319336
1.7521098852157593,2.6917896270751953,2.8442983627319336
1.7532241344451904,2.69002366065979,2.84079647064209
1.7532241344451904,2.69002366065979,2.84079647064209
1.7546523809432983,2.686441421508789,2.8373169898986816
1.7561030387878418,2.6856515407562256,2.8339309692382812
1.7561030387878418,2.6856515407562256,2.8339309692382812
1.756194829940796,2.6875414848327637,2.831855297088623
1.756194829940796,2.6875414848327637,2.831855297088623
1.7564690113067627,2.688314437866211,2.8299543857574463
1.7564690113067627,2.688314437866211,2.8299543857574463
1.7566384077072144,2.6888701915740967,2.8292295932769775
1.756587266921997,2.68778920173645,2.8292577266693115
1.756587266921997,2.68778920173645,2.8292577266693115
1.756156325340271,2.688397169113159,2.8318614959716797
1.7563115358352661,2.6892764568328857,2.8313467502593994
1.7563115358352661,2.6892764568328857,2.8313467502593994
1.7563581466674805,2.689383029937744,2.831134796142578
1.7563581466674805,2.689383029937744,2.831134796142578
1.7560890913009644,2.687885046005249,2.8327364921569824
1.7563681602478027,2.6882026195526123,2.832366466522217
1.7563681602478027,2.6882026195526123,2.832366466522217
1.7564793825149536,2.6897640228271484,2.8315086364746094
1.7564793825149536,2.6897640228271484,2.8315086364746094
1.7566269636154175,2.6905484199523926,2.8309779167175293
1.7566269636154175,2.6905484199523926,2.8309779167175293
1.7578699588775635,2.6886093616485596,2.8298778533935547
1.7593090534210205,2.688612699508667,2.8270468711853027
1.7593090534210205,2.688612699508667,2.8270468711853027
1.7606089115142822,2.693183422088623,2.8214962482452393
1.7614854574203491,2.6934947967529297,2.8169989585876465
1.7614854574203491,2.6934947967529297,2.8169989585876465
1.7622658014297485,2.691483736038208,2.816328525543213
1.7619624137878418,2.6883139610290527,2.8191397190093994
1.7619624137878418,2.6883139610290527,2.8191397190093994
1.7610735893249512,2.6872589588165283,2.8229405879974365
1.7610735893249512,2.6872589588165283,2.8229405879974365
1.7612508535385132,2.6873133182525635,2.823819637298584
1.7612508535385132,2.6873133182525635,2.823819637298584
1.7619317770004272,2.688702344894409,2.8208985328674316
1.7620474100112915,2.688636064529419,2.8197946548461914
1.7620474100112915,2.688636064529419,2.8197946548461914
1.7615607976913452,2.687918186187744,2.8223702907562256
1.7615607976913452,2.687918186187744,2.8223702907562256
1.7612800598144531,2.6875224113464355,2.824012279510498
1.7614079713821411,2.688319206237793,2.8236865997314453
1.7614079713821411,2.688319206237793,2.8236865997314453
1.7620251178741455,2.68884539604187,2.8218703269958496
1.7620251178741455,2.68884539604187,2.8218703269958496
1.7635934352874756,2.689119338989258,2.8183670043945312
1.7641853094100952,2.6903493404388428,2.816997766494751
1.7641853094100952,2.6903493404388428,2.816997766494751
1.763029932975769,2.691676616668701,2.8175315856933594
1.763029932975769,2.691676616668701,2.8175315856933594
1.7623717784881592,2.6897127628326416,2.8193938732147217
1.7623717784881592,2.6897127628326416,2.8193938732147217
1.762938380241394,2.6880314350128174,2.8189773559570312
1.7633470296859741,2.6903107166290283,2.8169071674346924
1.7633470296859741,2.6903107166290283,2.8169071674346924
1.7636271715164185,2.6927247047424316,2.814913749694824
1.7639704942703247,2.693466901779175,2.8126940727233887
1.7639704942703247,2.693466901779175,2.8126940727233887
1.7646117210388184,2.694049596786499,2.8101694583892822
1.7646117210388184,2.694049596786499,2.8101694583892822
1.7646452188491821,2.694844961166382,2.807891607284546
1.7649590969085693,2.695219039916992,2.804985761642456
1.7649590969085693,2.695219039916992,2.804985761642456
1.7648967504501343,2.6954245567321777,2.8032374382019043
1.7648967504501343,2.6954245567321777,2.8032374382019043
1.7648769617080688,2.694688081741333,2.803764581680298
1.7650146484375,2.6941516399383545,2.80470609664917
1.7650146484375,2.6941516399383545,2.80470609664917
1.765663504600525,2.6944172382354736,2.8033673763275146
1.765663504600525,2.6944172382354736,2.8033673763275146
1.7664681673049927,2.69924259185791,2.79905104637146
1.7655079364776611,2.7016441822052,2.7983767986297607
1.7655079364776611,2.7016441822052,2.7983767986297607
1.7651004791259766,2.704782485961914,2.797037363052368
1.7651004791259766,2.704782485961914,2.797037363052368
1.765716791152954,2.7065610885620117,2.795840263366699
1.7668533325195312,2.706655740737915,2.794750213623047
1.7668533325195312,2.706655740737915,2.794750213623047
1.766759991645813,2.706329345703125,2.7950925827026367
1.766759991645813,2.706329345703125,2.7950925827026367
1.7659095525741577,2.7066805362701416,2.7978427410125732
1.7658518552780151,2.7077600955963135,2.799686908721924
1.7658518552780151,2.7077600955963135,2.799686908721924
1.7663480043411255,2.7090816497802734,2.7992103099823
1.7663480043411255,2.7090816497802734,2.7992103099823
1.7659738063812256,2.7122037410736084,2.7993087768554688
1.7659738063812256,2.7122037410736084,2.7993087768554688
1.7659063339233398,2.711027145385742,2.8003804683685303
1.7658131122589111,2.7110400199890137,2.801295518875122
1.7658131122589111,2.7110400199890137,2.801295518875122
1.7651904821395874,2.713343620300293,2.801459312438965
1.7648446559906006,2.716874599456787,2.799215793609619
1.7648446559906006,2.716874599456787,2.799215793609619
1.7650152444839478,2.7174158096313477,2.7975409030914307
1.7650152444839478,2.7174158096313477,2.7975409030914307
1.764798879623413,2.717864990234375,2.797534942626953
1.764798879623413,2.717864990234375,2.797534942626953
1.7644065618515015,2.7186641693115234,2.7963807582855225
1.7652803659439087,2.7188117504119873,2.7951550483703613
1.7652803659439087,2.7188117504119873,2.7951550483703613
1.7660508155822754,2.7186803817749023,2.793196439743042
1.7668336629867554,2.720238447189331,2.7904434204101562
1.7668336629867554,2.720238447189331,2.7904434204101562
1.767964243888855,2.7219903469085693,2.7876837253570557
1.767964243888855,2.7219903469085693,2.7876837253570557
1.7675033807754517,2.7234833240509033,2.7887027263641357
1.767330527305603,2.7235019207000732,2.7900335788726807
1.767330527305603,2.7235019207000732,2.7900335788726807
1.767669677734375,2.723342180252075,2.7896838188171387
1.767669677734375,2.723342180252075,2.7896838188171387
1.7673134803771973,2.724163770675659,2.7877676486968994
1.7663986682891846,2.7264208793640137,2.788210391998291
1.7663986682891846,2.7264208793640137,2.788210391998291
1.7665231227874756,2.7252142429351807,2.7883973121643066
1.7665231227874756,2.7252142429351807,2.7883973121643066
1.7665493488311768,2.7231099605560303,2.7873423099517822
1.7667516469955444,2.7250919342041016,2.7854466438293457
1.7667516469955444,2.7250919342041016,2.7854466438293457
1.7671295404434204,2.726229190826416,2.784419059753418
1.7671295404434204,2.726229190826416,2.784419059753418
1.7684056758880615,2.723755121231079,2.7843220233917236
1.769102692604065,2.723895311355591,2.781827688217163
1.769102692604065,2.723895311355591,2.781827688217163
1.7693228721618652,2.728109359741211,2.7775309085845947
1.7693228721618652,2.728109359741211,2.7775309085845947
1.7703683376312256,2.728787660598755,2.7761967182159424
1.7710965871810913,2.727264165878296,2.776846408843994
1.7710965871810913,2.727264165878296,2.776846408843994
1.7720032930374146,2.7271888256073,2.776033639907837
1.7720032930374146,2.7271888256073,2.776033639907837
1.771445393562317,2.7286159992218018,2.7741522789001465
1.7710182666778564,2.7289247512817383,2.773299217224121
1.7710182666778564,2.7289247512817383,2.773299217224121
1.7711504697799683,2.729872465133667,2.7715585231781006
1.7711504697799683,2.729872465133667,2.7715585231781006
1.7716012001037598,2.7283291816711426,2.770167827606201
1.7716012001037598,2.7283291816711426,2.770167827606201
1.7719773054122925,2.727142572402954,2.767979145050049
1.7720240354537964,2.7267725467681885,2.767759084701538
1.7720240354537964,2.7267725467681885,2.767759084701538
1.7731921672821045,2.7279107570648193,2.765624523162842
1.7731921672821045,2.7279107570648193,2.765624523162842
1.7743281126022339,2.727694511413574,2.764326572418213
1.7758833169937134,2.7303578853607178,2.7606163024902344
1.7758833169937134,2.7303578853607178,2.7606163024902344
1.7762813568115234,2.734358787536621,2.758805990219116
1.7762161493301392,2.734175205230713,2.7594637870788574
1.7762161493301392,2.734175205230713,2.7594637870788574
1.7768700122833252,2.7323625087738037,2.7601733207702637
1.7768700122833252,2.7323625087738037,2.7601733207702637
1.7769657373428345,2.7306101322174072,2.7620081901550293
1.7766011953353882,2.7313051223754883,2.7595438957214355
1.7766011953353882,2.7313051223754883,2.7595438957214355
1.776329517364502,2.7319204807281494,2.7571489810943604
1.776329517364502,2.7319204807281494,2.7571489810943604
1.7766237258911133,2.7330758571624756,2.755521059036255
1.7766237258911133,2.7330758571624756,2.755521059036255
1.776991605758667,2.7337896823883057,2.753365993499756
1.776503086090088,2.7343766689300537,2.752136468887329
1.7764655351638794,2.7346930503845215,2.7512519359588623
1.7764655351638794,2.7346930503845215,2.7512519359588623
1.7762500047683716,2.7335541248321533,2.7518789768218994
1.7762500047683716,2.7335541248321533,2.7518789768218994
1.7756632566452026,2.7340288162231445,2.7523763179779053
1.7756632566452026,2.7340288162231445,2.7523763179779053
1.7748417854309082,2.7342538833618164,2.7535693645477295
1.7760616540908813,2.734903573989868,2.749992847442627
1.7760616540908813,2.734903573989868,2.749992847442627
1.7763559818267822,2.737947463989258,2.7495462894439697
1.7763559818267822,2.737947463989258,2.7495462894439697
1.776727557182312,2.7387092113494873,2.749178886413574
1.776727557182312,2.7387092113494873,2.749178886413574
1.777095079421997,2.7374284267425537,2.749532461166382
1.776228427886963,2.736330509185791,2.751145124435425
1.776228427886963,2.736330509185791,2.751145124435425
1.7757989168167114,2.737398147583008,2.7521111965179443
1.7758703231811523,2.7386884689331055,2.7513136863708496
1.7758703231811523,2.7386884689331055,2.7513136863708496
1.776920199394226,2.7384097576141357,2.7484793663024902
1.776920199394226,2.7384097576141357,2.7484793663024902
1.7774453163146973,2.7377591133117676,2.7464303970336914
1.7779526710510254,2.738621473312378,2.745934247970581
1.7779526710510254,2.738621473312378,2.745934247970581
1.7776273488998413,2.7399821281433105,2.7475497722625732
1.7776273488998413,2.7399821281433105,2.7475497722625732
1.7777228355407715,2.740711212158203,2.7473220825195312
1.7772976160049438,2.740410566329956,2.7480475902557373
1.7772976160049438,2.740410566329956,2.7480475902557373
1.7781579494476318,2.740708351135254,2.7461533546447754
1.7781579494476318,2.740708351135254,2.7461533546447754
1.778459072113037,2.7431459426879883,2.74401593208313
1.7789814472198486,2.742412567138672,2.742888927459717
1.7789814472198486,2.742412567138672,2.742888927459717
1.7802561521530151,2.7409162521362305,2.741612434387207
1.7802561521530151,2.7409162521362305,2.741612434387207
1.7809474468231201,2.7412726879119873,2.740363597869873
1.7807271480560303,2.7433600425720215,2.7385518550872803
1.7807271480560303,2.7433600425720215,2.7385518550872803
1.7807585000991821,2.7459096908569336,2.737168788909912
1.7807585000991821,2.7459096908569336,2.737168788909912
1.7819187641143799,2.7460904121398926,2.7337207794189453
1.782884955406189,2.7471091747283936,2.7303667068481445
1.782884955406189,2.7471091747283936,2.7303667068481445
1.7826085090637207,2.7473490238189697,2.7309017181396484
1.7826085090637207,2.7473490238189697,2.7309017181396484
1.7814812660217285,2.7478384971618652,2.7338662147521973
1.7804503440856934,2.7464489936828613,2.736022710800171
1.7804503440856934,2.7464489936828613,2.736022710800171
1.7802233695983887,2.744795083999634,2.7376668453216553
1.7802233695983887,2.744795083999634,2.7376668453216553
1.780640721321106,2.7451579570770264,2.7358367443084717
1.7806967496871948,2.746246099472046,2.734745740890503
1.7806967496871948,2.746246099472046,2.734745740890503
1.7799474000930786,2.7474496364593506,2.7354228496551514
1.7799474000930786,2.7474496364593506,2.7354228496551514
1.7796672582626343,2.7464375495910645,2.736149311065674
1.7807220220565796,2.7476441860198975,2.732797622680664
1.7807220220565796,2.7476441860198975,2.732797622680664
1.7819191217422485,2.7492949962615967,2.7281508445739746
1.7819191217422485,2.7492949962615967,2.7281508445739746
1.7821110486984253,2.7520813941955566,2.7259225845336914
1.7821110486984253,2.7520813941955566,2.7259225845336914
1.7824513912200928,2.752613067626953,2.7249555587768555
1.78327476978302,2.7506637573242188,2.7244277000427246
1.78327476978302,2.7506637573242188,2.7244277000427246
1.7835612297058105,2.7498629093170166,2.7246286869049072
1.7834532260894775,2.7527880668640137,2.723142623901367
1.7834532260894775,2.7527880668640137,2.723142623901367
1.7841861248016357,2.7523982524871826,2.719515085220337
1.7841861248016357,2.7523982524871826,2.719515085220337
1.7844599485397339,2.751329183578491,2.717646837234497
1.7844599485397339,2.751329183578491,2.717646837234497
1.7844101190567017,2.751131772994995,2.71691632270813
1.7844518423080444,2.752307176589966,2.7153737545013428
1.7844518423080444,2.752307176589966,2.7153737545013428
1.7847509384155273,2.753596782684326,2.714287281036377
1.7843595743179321,2.753331422805786,2.7154417037963867
1.7843595743179321,2.753331422805786,2.7154417037963867
1.7854437828063965,2.751192569732666,2.7151331901550293
1.7854437828063965,2.751192569732666,2.7151331901550293
1.785854458808899,2.752875328063965,2.714080572128296
1.7857921123504639,2.7540948390960693,2.7128548622131348
1.7857921123504639,2.7540948390960693,2.7128548622131348
1.7858643531799316,2.7546780109405518,2.711777925491333
1.7858643531799316,2.7546780109405518,2.711777925491333
1.7858712673187256,2.7532317638397217,2.7111146450042725
1.7859249114990234,2.7528491020202637,2.7119650840759277
1.7859249114990234,2.7528491020202637,2.7119650840759277
1.785132646560669,2.7524120807647705,2.7142231464385986
1.785132646560669,2.7524120807647705,2.7142231464385986
1.7850017547607422,2.7527852058410645,2.7144386768341064
1.785011887550354,2.7529401779174805,2.712944269180298
1.785011887550354,2.7529401779174805,2.712944269180298
1.7859110832214355,2.7531561851501465,2.7102086544036865
1.7859110832214355,2.7531561851501465,2.7102086544036865
1.786521315574646,2.7539448738098145,2.710672378540039
1.7871814966201782,2.7551021575927734,2.7101190090179443
1.7871814966201782,2.7551021575927734,2.7101190090179443
1.7878429889678955,2.756577968597412,2.708646297454834
1.7878429889678955,2.756577968597412,2.708646297454834
1.788003921508789,2.757026433944702,2.7084391117095947
1.788003921508789,2.757026433944702,2.7084391117095947
1.7880363464355469,2.7572262287139893,2.707888603210449
1.789005994796753,2.7576904296875,2.706132411956787
1.789005994796753,2.7576904296875,2.706132411956787
1.7887866497039795,2.759523630142212,2.706454277038574
1.7874284982681274,2.7595982551574707,2.7068705558776855
1.7874284982681274,2.7595982551574707,2.7068705558776855
1.7869489192962646,2.758892774581909,2.7085981369018555
1.7869489192962646,2.758892774581909,2.7085981369018555
1.7868338823318481,2.7582321166992188,2.7095091342926025
1.7865102291107178,2.75831937789917,2.710482358932495
1.7865102291107178,2.75831937789917,2.710482358932495
1.786478042602539,2.7570695877075195,2.7096569538116455
1.786478042602539,2.7570695877075195,2.7096569538116455
1.7870079278945923,2.7552807331085205,2.7091915607452393
1.7873129844665527,2.75443172454834,2.7092318534851074
1.7873129844665527,2.75443172454834,2.7092318534851074
1.787922739982605,2.756277561187744,2.7067453861236572
1.787922739982605,2.756277561187744,2.7067453861236572
1.7883743047714233,2.758904457092285,2.7036447525024414
1.7896523475646973,2.759355068206787,2.698054075241089
1.7896523475646973,2.759355068206787,2.698054075241089
1.790286898612976,2.761644124984741,2.6939446926116943
1.790286898612976,2.761644124984741,2.6939446926116943
1.7908250093460083,2.7629895210266113,2.690598726272583
1.7906856536865234,2.7643697261810303,2.689650058746338
1.7906856536865234,2.7643697261810303,2.689650058746338
1.7909284830093384,2.765655517578125,2.689481735229492
1.7914583683013916,2.7654573917388916,2.689641237258911
1.7914583683013916,2.7654573917388916,2.689641237258911
1.7915185689926147,2.7642745971679688,2.6907451152801514
1.7904305458068848,2.766787052154541,2.6947226524353027
1.7904305458068848,2.766787052154541,2.6947226524353027
1.7897706031799316,2.76627516746521,2.697307825088501
1.7897706031799316,2.76627516746521,2.697307825088501
1.7893478870391846,2.7648861408233643,2.699885368347168
1.7891398668289185,2.764744281768799,2.7008678913116455
1.7891398668289185,2.764744281768799,2.7008678913116455
1.7893400192260742,2.763766050338745,2.6999950408935547
1.7893400192260742,2.763766050338745,2.6999950408935547
1.7896764278411865,2.7659506797790527,2.697169303894043
1.7896764278411865,2.7659506797790527,2.697169303894043
1.789346694946289,2.7678067684173584,2.696607828140259
1.7898722887039185,2.767124652862549,2.6955196857452393
1.7898722887039185,2.767124652862549,2.6955196857452393
1.7904257774353027,2.766740560531616,2.694058418273926
1.7904257774353027,2.766740560531616,2.694058418273926
1.790756344795227,2.7676162719726562,2.6922414302825928
1.790756344795227,2.7676162719726562,2.6922414302825928
1.7903450727462769,2.7669050693511963,2.6927990913391113
1.7895927429199219,2.7667453289031982,2.6940486431121826
1.7895927429199219,2.7667453289031982,2.6940486431121826
1.78921639919281,2.7653706073760986,2.695958137512207
1.78921639919281,2.7653706073760986,2.695958137512207
1.7890303134918213,2.767031669616699,2.6956546306610107
1.7891591787338257,2.76881742477417,2.6943726539611816
1.7891591787338257,2.76881742477417,2.6943726539611816
1.7890459299087524,2.7702276706695557,2.6927759647369385
1.7890459299087524,2.7702276706695557,2.6927759647369385
1.789107084274292,2.769650936126709,2.692181348800659
1.789107084274292,2.769650936126709,2.692181348800659
1.7893601655960083,2.770094156265259,2.690013885498047
1.7905991077423096,2.770853042602539,2.6880288124084473
1.7905991077423096,2.770853042602539,2.6880288124084473
1.790113925933838,2.7709665298461914,2.6905033588409424
1.7899523973464966,2.7693376541137695,2.6918394565582275
1.7899523973464966,2.7693376541137695,2.6918394565582275
1.7898916006088257,2.767096757888794,2.693582057952881
1.7898916006088257,2.767096757888794,2.693582057952881
1.7898552417755127,2.7674074172973633,2.69331431388855
1.7902789115905762,2.7685604095458984,2.6901848316192627
1.7902789115905762,2.7685604095458984,2.6901848316192627
1.7913528680801392,2.770549774169922,2.6847500801086426
1.7913528680801392,2.770549774169922,2.6847500801086426
1.7919206619262695,2.771463632583618,2.6813278198242188
1.791521430015564,2.7722387313842773,2.6807451248168945
1.791521430015564,2.7722387313842773,2.6807451248168945
1.7913669347763062,2.772608995437622,2.680842399597168
1.7913669347763062,2.772608995437622,2.680842399597168
1.7908297777175903,2.7723066806793213,2.681475877761841
1.7904927730560303,2.7739691734313965,2.6804263591766357
1.7904927730560303,2.7739691734313965,2.6804263591766357
1.7907551527023315,2.775282859802246,2.6770169734954834
1.7907551527023315,2.775282859802246,2.6770169734954834
1.7921184301376343,2.7766611576080322,2.674203395843506
1.7919161319732666,2.779359817504883,2.673964500427246
1.7919161319732666,2.779359817504883,2.673964500427246
1.7925782203674316,2.7799832820892334,2.67206072807312
1.7925782203674316,2.7799832820892334,2.67206072807312
1.7932121753692627,2.779406785964966,2.670570135116577
1.7933799028396606,2.7818069458007812,2.6690518856048584
1.7933799028396606,2.7818069458007812,2.6690518856048584
1.7937990427017212,2.783841848373413,2.6665666103363037
1.7937990427017212,2.783841848373413,2.6665666103363037
1.795057773590088,2.783067226409912,2.664020299911499
1.7959842681884766,2.781789779663086,2.6624481678009033
1.7959842681884766,2.781789779663086,2.6624481678009033
1.795316219329834,2.781708002090454,2.6635875701904297
1.795316219329834,2.781708002090454,2.6635875701904297
1.795297622680664,2.780954122543335,2.6654751300811768
1.7948170900344849,2.7806975841522217,2.6675686836242676
1.7948170900344849,2.7806975841522217,2.6675686836242676
1.794539213180542,2.7798802852630615,2.6677536964416504
1.794539213180542,2.7798802852630615,2.6677536964416504
1.7951149940490723,2.782703399658203,2.6648190021514893
1.7960209846496582,2.7836813926696777,2.662654399871826
1.7960209846496582,2.7836813926696777,2.662654399871826
1.7973495721817017,2.781325340270996,2.6615641117095947
1.7973495721817017,2.781325340270996,2.6615641117095947
1.7984665632247925,2.780663251876831,2.659787178039551
1.7988663911819458,2.782008171081543,2.6563401222229004
1.7988663911819458,2.782008171081543,2.6563401222229004
1.7993624210357666,2.7854950428009033,2.6522982120513916
1.7993624210357666,2.7854950428009033,2.6522982120513916
1.800060510635376,2.7843241691589355,2.6505517959594727
1.8006129264831543,2.781677484512329,2.6507794857025146
1.8006129264831543,2.781677484512329,2.6507794857025146
1.8003863096237183,2.7810466289520264,2.6520776748657227
1.8003863096237183,2.7810466289520264,2.6520776748657227
1.8003262281417847,2.782508611679077,2.6511824131011963
1.8018226623535156,2.7817230224609375,2.6491451263427734
1.8018226623535156,2.7817230224609375,2.6491451263427734
1.8031413555145264,2.780156135559082,2.6466286182403564
1.8031413555145264,2.780156135559082,2.6466286182403564
1.803912878036499,2.7798051834106445,2.6459391117095947
1.8037620782852173,2.778813362121582,2.648413896560669
1.8037620782852173,2.778813362121582,2.648413896560669
1.8040320873260498,2.7763829231262207,2.649038553237915
1.8040320873260498,2.7763829231262207,2.649038553237915
1.8050340414047241,2.774754285812378,2.647028923034668
1.8055949211120605,2.776620388031006,2.641960859298706
1.8055949211120605,2.776620388031006,2.641960859298706
1.8067841529846191,2.7764737606048584,2.6378443241119385
1.8067841529846191,2.7764737606048584,2.6378443241119385
1.807456374168396,2.7751221656799316,2.6372296810150146
1.8070749044418335,2.773853302001953,2.6396243572235107
1.8070749044418335,2.773853302001953,2.6396243572235107
1.8066060543060303,2.7738025188446045,2.641360282897949
1.8066060543060303,2.7738025188446045,2.641360282897949
1.8064571619033813,2.7747790813446045,2.641026735305786
1.807186484336853,2.77354097366333,2.639007329940796
1.807186484336853,2.77354097366333,2.639007329940796
1.8086556196212769,2.773587703704834,2.6357038021087646
1.8086556196212769,2.773587703704834,2.6357038021087646
1.808735728263855,2.776492118835449,2.6338882446289062
1.8079698085784912,2.7775604724884033,2.6348519325256348
1.8079698085784912,2.7775604724884033,2.6348519325256348
1.8088542222976685,2.7768664360046387,2.63551664352417
1.8088542222976685,2.7768664360046387,2.63551664352417
1.8088575601577759,2.7765378952026367,2.637702226638794
1.808143138885498,2.780963182449341,2.6367878913879395
1.808143138885498,2.780963182449341,2.6367878913879395
1.807439923286438,2.7793726921081543,2.637850522994995
1.807439923286438,2.7793726921081543,2.637850522994995
1.8077467679977417,2.7783234119415283,2.6373491287231445
1.8076523542404175,2.7778050899505615,2.636181354522705
1.8076523542404175,2.7778050899505615,2.636181354522705
1.806414008140564,2.779947519302368,2.6350181102752686
1.806414008140564,2.779947519302368,2.6350181102752686
1.8070087432861328,2.780524253845215,2.632594347000122
1.8078124523162842,2.782438278198242,2.628386974334717
1.8078124523162842,2.782438278198242,2.628386974334717
1.807895541191101,2.7843098640441895,2.624817371368408
1.807895541191101,2.7843098640441895,2.624817371368408
1.8085087537765503,2.7844643592834473,2.6236932277679443
1.8077943325042725,2.7842702865600586,2.6272222995758057
1.8077943325042725,2.7842702865600586,2.6272222995758057
1.8079103231430054,2.7827634811401367,2.6282882690429688
1.8079103231430054,2.7827634811401367,2.6282882690429688
1.8082304000854492,2.7853617668151855,2.628084897994995
1.8087626695632935,2.7876625061035156,2.6251893043518066
1.8087626695632935,2.7876625061035156,2.6251893043518066
1.8094940185546875,2.7896387577056885,2.622286319732666
1.8094940185546875,2.7896387577056885,2.622286319732666
1.8100545406341553,2.790773630142212,2.619929075241089
1.8096790313720703,2.7915313243865967,2.6200506687164307
1.8096790313720703,2.7915313243865967,2.6200506687164307
1.8089869022369385,2.792630672454834,2.620631456375122
1.8089869022369385,2.792630672454834,2.620631456375122
1.808383822441101,2.7933762073516846,2.6213254928588867
1.8077657222747803,2.7940101623535156,2.620973587036133
1.8077657222747803,2.7940101623535156,2.620973587036133
1.8085079193115234,2.7965245246887207,2.616837739944458
1.8090251684188843,2.798513174057007,2.613416910171509
1.8090251684188843,2.798513174057007,2.613416910171509
1.810522437095642,2.797800064086914,2.6102848052978516
1.8110088109970093,2.7970645427703857,2.6086699962615967
1.8110088109970093,2.7970645427703857,2.6086699962615967
1.8107761144638062,2.798731565475464,2.60762357711792
1.8107761144638062,2.798731565475464,2.60762357711792
1.811227560043335,2.7997312545776367,2.6056878566741943
1.811227560043335,2.7997312545776367,2.6056878566741943
1.8121285438537598,2.7994585037231445,2.60404109954834
1.8125476837158203,2.798916816711426,2.603506088256836
1.8125476837158203,2.798916816711426,2.603506088256836
1.8127267360687256,2.798375129699707,2.6035842895507812
1.8127267360687256,2.798375129699707,2.6035842895507812
1.812604308128357,2.799273729324341,2.6030869483947754
1.812604308128357,2.799273729324341,2.6030869483947754
1.8124116659164429,2.8003413677215576,2.601567268371582
1.8122750520706177,2.7995734214782715,2.6008336544036865
1.8122750520706177,2.7995734214782715,2.6008336544036865
1.8128578662872314,2.7985634803771973,2.598142385482788
1.8128578662872314,2.7985634803771973,2.598142385482788
1.8130983114242554,2.7986974716186523,2.5961008071899414
1.8139821290969849,2.7982285022735596,2.592738389968872
1.8139821290969849,2.7982285022735596,2.592738389968872
1.815191626548767,2.7964274883270264,2.5911998748779297
1.815191626548767,2.7964274883270264,2.5911998748779297
1.8148738145828247,2.79723858833313,2.59199857711792
1.8138482570648193,2.7983670234680176,2.593820571899414
1.8138482570648193,2.7983670234680176,2.593820571899414
1.8137335777282715,2.796041965484619,2.5965723991394043
1.8137335777282715,2.796041965484619,2.5965723991394043
1.8148415088653564,2.7951505184173584,2.595736265182495
1.8153810501098633,2.7962119579315186,2.5922021865844727
1.8153810501098633,2.7962119579315186,2.5922021865844727
1.8155865669250488,2.796712636947632,2.5909392833709717
1.8155865669250488,2.796712636947632,2.5909392833709717
1.8155229091644287,2.795474052429199,2.5920569896698
1.8152884244918823,2.7931132316589355,2.5948104858398438
1.8152884244918823,2.7931132316589355,2.5948104858398438
1.815854549407959,2.7941102981567383,2.5922369956970215
1.815854549407959,2.7941102981567383,2.5922369956970215
1.817522406578064,2.7956199645996094,2.5864617824554443
1.8177876472473145,2.7967076301574707,2.5840251445770264
1.8177876472473145,2.7967076301574707,2.5840251445770264
1.8179776668548584,2.7943406105041504,2.585576295852661
1.8179776668548584,2.7943406105041504,2.585576295852661
1.8182554244995117,2.7939538955688477,2.585094451904297
1.8182015419006348,2.7950448989868164,2.584752082824707
1.8182015419006348,2.7950448989868164,2.584752082824707
1.8179843425750732,2.797766923904419,2.582855701446533
1.8185765743255615,2.798334836959839,2.581580400466919
1.8185765743255615,2.798334836959839,2.581580400466919
1.8186148405075073,2.797543525695801,2.5834810733795166
1.8186148405075073,2.797543525695801,2.5834810733795166
1.818975806236267,2.797848701477051,2.5833239555358887
1.818975806236267,2.797848701477051,2.5833239555358887
1.8187215328216553,2.801262378692627,2.582573175430298
1.8187947273254395,2.8012185096740723,2.5816352367401123
1.8187947273254395,2.8012185096740723,2.5816352367401123
1.8184363842010498,2.8008737564086914,2.581739664077759
1.8184363842010498,2.8008737564086914,2.581739664077759
1.8180315494537354,2.801361322402954,2.5808448791503906
1.8188766241073608,2.8032729625701904,2.5763309001922607
1.8188766241073608,2.8032729625701904,2.5763309001922607
1.8191609382629395,2.8043994903564453,2.574225425720215
1.8191609382629395,2.8043994903564453,2.574225425720215
1.8192639350891113,2.803562641143799,2.5744965076446533
1.8189386129379272,2.804227113723755,2.5732085704803467
1.8189386129379272,2.804227113723755,2.5732085704803467
1.8185043334960938,2.806187629699707,2.573082208633423
1.8185043334960938,2.806187629699707,2.573082208633423
1.8181726932525635,2.8087871074676514,2.5719869136810303
1.8187710046768188,2.809264898300171,2.5709586143493652
1.8187710046768188,2.809264898300171,2.5709586143493652
1.8192939758300781,2.808973789215088,2.569061040878296
1.8192939758300781,2.808973789215088,2.569061040878296
1.8196920156478882,2.809178113937378,2.5675208568573
1.8191498517990112,2.810238838195801,2.5675811767578125
1.8191498517990112,2.810238838195801,2.5675811767578125
1.8190661668777466,2.8092596530914307,2.5674073696136475
1.8190661668777466,2.8092596530914307,2.5674073696136475
1.8196789026260376,2.8088245391845703,2.565221071243286
1.8203095197677612,2.8088228702545166,2.5622308254241943
1.8203095197677612,2.8088228702545166,2.5622308254241943
1.8216958045959473,2.8099684715270996,2.559797763824463
1.8216958045959473,2.8099684715270996,2.559797763824463
1.8223365545272827,2.8113796710968018,2.5588560104370117
1.8233301639556885,2.8098177909851074,2.5580787658691406
1.8233301639556885,2.8098177909851074,2.5580787658691406
1.825628638267517,2.808588981628418,2.55417537689209
1.825628638267517,2.808588981628418,2.55417537689209
1.8269562721252441,2.8095245361328125,2.550887107849121
1.827965259552002,2.810359477996826,2.5472373962402344
1.827965259552002,2.810359477996826,2.5472373962402344
1.8286988735198975,2.81001353263855,2.5449819564819336
1.8286988735198975,2.81001353263855,2.5449819564819336
1.8290696144104004,2.808424711227417,2.5446999073028564
1.8289480209350586,2.8081068992614746,2.544428586959839
1.8289480209350586,2.8081068992614746,2.544428586959839
1.8285934925079346,2.808854341506958,2.5441181659698486
1.8285934925079346,2.808854341506958,2.5441181659698486
1.8291841745376587,2.8086740970611572,2.543142557144165
1.8298004865646362,2.8088467121124268,2.541515588760376
1.8298004865646362,2.8088467121124268,2.541515588760376
1.8303512334823608,2.8100249767303467,2.5397815704345703
1.8303512334823608,2.8100249767303467,2.5397815704345703
1.8316376209259033,2.8110601902008057,2.5357730388641357
1.8324474096298218,2.813302516937256,2.5327389240264893
1.8324474096298218,2.813302516937256,2.5327389240264893
1.8329200744628906,2.8140761852264404,2.531156539916992
1.8329200744628906,2.8140761852264404,2.531156539916992
1.8341175317764282,2.8146917819976807,2.5280325412750244
1.8340867757797241,2.815092086791992,2.525911808013916
1.8340867757797241,2.815092086791992,2.525911808013916
1.834129810333252,2.8167216777801514,2.5241103172302246
1.834129810333252,2.8167216777801514,2.5241103172302246
1.8339446783065796,2.8151628971099854,2.5242185592651367
1.8339892625808716,2.815216064453125,2.5237326622009277
1.8339892625808716,2.815216064453125,2.5237326622009277
1.833584189414978,2.816152811050415,2.5236079692840576
1.833584189414978,2.816152811050415,2.5236079692840576
1.8329267501831055,2.8164007663726807,2.525300979614258
1.832173466682434,2.8153975009918213,2.526580572128296
1.832173466682434,2.8153975009918213,2.526580572128296
1.8318437337875366,2.8161122798919678,2.5253639221191406
1.8318437337875366,2.8161122798919678,2.5253639221191406
1.832146167755127,2.817291498184204,2.522339105606079
1.8326847553253174,2.816710948944092,2.5205118656158447
1.8326847553253174,2.816710948944092,2.5205118656158447
1.8339043855667114,2.8171777725219727,2.5174527168273926
1.8339043855667114,2.8171777725219727,2.5174527168273926
1.833626389503479,2.819904088973999,2.5158984661102295
1.8347678184509277,2.820070743560791,2.5127315521240234
1.8347678184509277,2.820070743560791,2.5127315521240234
1.836667776107788,2.8207685947418213,2.508941173553467
1.836667776107788,2.8207685947418213,2.508941173553467
1.8371615409851074,2.823594093322754,2.5052073001861572
1.8368995189666748,2.825929641723633,2.5032947063446045
1.8368995189666748,2.825929641723633,2.5032947063446045
1.8372290134429932,2.825428009033203,2.5015056133270264
1.8372290134429932,2.825428009033203,2.5015056133270264
1.8372904062271118,2.8239707946777344,2.502957344055176
1.8366175889968872,2.8243296146392822,2.5052196979522705
1.8366175889968872,2.8243296146392822,2.5052196979522705
1.8356127738952637,2.8242640495300293,2.507951259613037
1.8356127738952637,2.8242640495300293,2.507951259613037
1.8350337743759155,2.824625015258789,2.509247064590454
1.8354830741882324,2.8254051208496094,2.5067481994628906
1.8354830741882324,2.8254051208496094,2.5067481994628906
1.8363959789276123,2.826517105102539,2.503937005996704
1.8363959789276123,2.826517105102539,2.503937005996704
1.836744785308838,2.8277907371520996,2.502479314804077
1.837015986442566,2.8281948566436768,2.5020155906677246
1.837015986442566,2.8281948566436768,2.5020155906677246
1.8366038799285889,2.8286561965942383,2.504621744155884
1.8366038799285889,2.8286561965942383,2.504621744155884
1.836733341217041,2.827671527862549,2.505970001220703
1.837519884109497,2.828650712966919,2.5025172233581543
1.837519884109497,2.828650712966919,2.5025172233581543
1.8381203413009644,2.831739902496338,2.4972610473632812
1.8381203413009644,2.831739902496338,2.4972610473632812
1.838114857673645,2.8317439556121826,2.496081590652466
1.8383400440216064,2.8311386108398438,2.4960944652557373
1.8383400440216064,2.8311386108398438,2.4960944652557373
1.838454008102417,2.830752372741699,2.49678897857666
1.838454008102417,2.830752372741699,2.49678897857666
1.837782382965088,2.8329646587371826,2.494727373123169
1.8384251594543457,2.834730863571167,2.4892969131469727
1.8384251594543457,2.834730863571167,2.4892969131469727
1.8397400379180908,2.8359665870666504,2.483395576477051
1.8397400379180908,2.8359665870666504,2.483395576477051
1.8408098220825195,2.838338851928711,2.4782638549804688
1.841630458831787,2.84102725982666,2.4743709564208984
1.841630458831787,2.84102725982666,2.4743709564208984
1.8425275087356567,2.842496395111084,2.4707276821136475
1.8425275087356567,2.842496395111084,2.4707276821136475
1.842771053314209,2.8429784774780273,2.4703516960144043
1.842771053314209,2.8429784774780273,2.4703516960144043
1.8427962064743042,2.8408846855163574,2.4713921546936035
1.84323251247406,2.8408894538879395,2.4719066619873047
1.84323251247406,2.8408894538879395,2.4719066619873047
1.8438138961791992,2.8439204692840576,2.4684548377990723
1.8438138961791992,2.8439204692840576,2.4684548377990723
1.844534993171692,2.8458523750305176,2.4660351276397705
1.844534993171692,2.8458523750305176,2.4660351276397705
1.8452234268188477,2.8449041843414307,2.465083360671997
1.846065640449524,2.8430068492889404,2.465388059616089
1.846065640449524,2.8430068492889404,2.465388059616089
1.8460248708724976,2.843327760696411,2.4666385650634766
1.8457272052764893,2.8426578044891357,2.466866970062256
1.8457272052764893,2.8426578044891357,2.466866970062256
1.8459173440933228,2.8421761989593506,2.46523118019104
1.8459173440933228,2.8421761989593506,2.46523118019104
1.846388816833496,2.8428845405578613,2.462664842605591
1.8462049961090088,2.843193531036377,2.461672306060791
1.8462049961090088,2.843193531036377,2.461672306060791
1.8471460342407227,2.8430862426757812,2.4588875770568848
1.8471460342407227,2.8430862426757812,2.4588875770568848
1.8477933406829834,2.8437459468841553,2.456533670425415
1.8480995893478394,2.843914747238159,2.454404592514038
1.8480995893478394,2.843914747238159,2.454404592514038
1.8487567901611328,2.843710422515869,2.4530858993530273
1.8487567901611328,2.843710422515869,2.4530858993530273
1.8494287729263306,2.8444526195526123,2.450019121170044
1.849643588066101,2.845785617828369,2.446878671646118
1.849643588066101,2.845785617828369,2.446878671646118
1.8499255180358887,2.8467071056365967,2.443429946899414
1.8499255180358887,2.8467071056365967,2.443429946899414
1.8502144813537598,2.846888303756714,2.4425249099731445
1.8512042760849,2.8459625244140625,2.4406399726867676
1.8512042760849,2.8459625244140625,2.4406399726867676
1.8517813682556152,2.847468614578247,2.4387850761413574
1.8517813682556152,2.847468614578247,2.4387850761413574
1.8513203859329224,2.8482980728149414,2.4373385906219482
1.8509905338287354,2.8484935760498047,2.436519145965576
1.8509905338287354,2.8484935760498047,2.436519145965576
1.8505626916885376,2.8484787940979004,2.437976360321045
1.8505626916885376,2.8484787940979004,2.437976360321045
1.8509528636932373,2.849334716796875,2.4356160163879395
1.8518891334533691,2.8517701625823975,2.429255962371826
1.8518891334533691,2.8517701625823975,2.429255962371826
1.852417230606079,2.852069616317749,2.426525592803955
1.852417230606079,2.852069616317749,2.426525592803955
1.8534283638000488,2.85196590423584,2.425370931625366
1.8540929555892944,2.8517143726348877,2.4239907264709473
1.8540929555892944,2.8517143726348877,2.4239907264709473
1.8541808128356934,2.8541014194488525,2.421987771987915
1.8541808128356934,2.8541014194488525,2.421987771987915
1.85463547706604,2.8571557998657227,2.418935537338257
1.8552265167236328,2.858732223510742,2.4168405532836914
1.8552265167236328,2.858732223510742,2.4168405532836914
1.8559833765029907,2.8587088584899902,2.415069818496704
1.8559833765029907,2.8587088584899902,2.415069818496704
1.8560603857040405,2.8602054119110107,2.4148120880126953
1.855751633644104,2.8619461059570312,2.4127819538116455
1.855751633644104,2.8619461059570312,2.4127819538116455
1.856313705444336,2.862616777420044,2.4101011753082275
1.856313705444336,2.862616777420044,2.4101011753082275
1.856544852256775,2.8621294498443604,2.408409357070923
1.8563249111175537,2.8635413646698,2.406498908996582
1.8563249111175537,2.8635413646698,2.406498908996582
1.8563594818115234,2.8665218353271484,2.4039316177368164
1.8563594818115234,2.8665218353271484,2.4039316177368164
1.8573832511901855,2.8657591342926025,2.4012064933776855
1.8573832511901855,2.8657591342926025,2.4012064933776855
1.858588457107544,2.864485263824463,2.398317337036133
1.8588321208953857,2.8652184009552,2.3967738151550293
1.8588321208953857,2.8652184009552,2.3967738151550293
1.8580412864685059,2.868396282196045,2.3961451053619385
1.8582710027694702,2.868896484375,2.394057273864746
1.8582710027694702,2.868896484375,2.394057273864746
1.859296202659607,2.869133949279785,2.3900070190429688
1.859296202659607,2.869133949279785,2.3900070190429688
1.8600391149520874,2.8691890239715576,2.386967182159424
1.8601731061935425,2.8711321353912354,2.385162591934204
1.8601731061935425,2.8711321353912354,2.385162591934204
1.8601741790771484,2.872234582901001,2.384420871734619
1.8601741790771484,2.872234582901001,2.384420871734619
1.860235333442688,2.8714420795440674,2.385279417037964
1.8607138395309448,2.871347427368164,2.384026050567627
1.8607138395309448,2.871347427368164,2.384026050567627
1.8613003492355347,2.8723368644714355,2.3817026615142822
1.8613003492355347,2.8723368644714355,2.3817026615142822
1.861749529838562,2.873047351837158,2.3795135021209717
1.8629956245422363,2.8711295127868652,2.377924919128418
1.8629956245422363,2.8711295127868652,2.377924919128418
1.8635839223861694,2.8696236610412598,2.3770053386688232
1.8635839223861694,2.8696236610412598,2.3770053386688232
1.8636293411254883,2.8706250190734863,2.3746325969696045
1.8635892868041992,2.8702592849731445,2.3733034133911133
1.8635892868041992,2.8702592849731445,2.3733034133911133
1.8644602298736572,2.8679754734039307,2.3725943565368652
1.8644602298736572,2.8679754734039307,2.3725943565368652
1.8652901649475098,2.8676044940948486,2.3720622062683105
1.8652901649475098,2.8676044940948486,2.3720622062683105
1.8649705648422241,2.8702237606048584,2.370558023452759
1.8654183149337769,2.8701443672180176,2.3683505058288574
1.8654183149337769,2.8701443672180176,2.3683505058288574
1.865761399269104,2.8692409992218018,2.3672256469726562
1.8664333820343018,2.870567798614502,2.36336612701416
1.8664333820343018,2.870567798614502,2.36336612701416
1.867297887802124,2.873422861099243,2.358210802078247
1.867297887802124,2.873422861099243,2.358210802078247
1.8681440353393555,2.876657485961914,2.354339361190796
1.8687175512313843,2.8769094944000244,2.3526554107666016
1.8687175512313843,2.8769094944000244,2.3526554107666016
1.8694121837615967,2.8748598098754883,2.352717399597168
1.8694121837615967,2.8748598098754883,2.352717399597168
1.8682383298873901,2.8772614002227783,2.3527839183807373
1.8675874471664429,2.8784401416778564,2.352461099624634
1.8675874471664429,2.8784401416778564,2.352461099624634
1.868034839630127,2.8768956661224365,2.3515210151672363
1.868034839630127,2.8768956661224365,2.3515210151672363
1.8685804605484009,2.877305030822754,2.3517704010009766
1.8692141771316528,2.8772470951080322,2.351219892501831
1.8692141771316528,2.8772470951080322,2.351219892501831
1.8689366579055786,2.8792943954467773,2.350679397583008
1.8689366579055786,2.8792943954467773,2.350679397583008
1.869767189025879,2.878960609436035,2.348600387573242
1.8697444200515747,2.8783044815063477,2.3466877937316895
1.8697444200515747,2.8783044815063477,2.3466877937316895
1.8694088459014893,2.8798446655273438,2.3458447456359863
1.8694088459014893,2.8798446655273438,2.3458447456359863
1.8688328266143799,2.8828372955322266,2.3447697162628174
1.869423270225525,2.882558822631836,2.343992233276367
1.869423270225525,2.882558822631836,2.343992233276367
1.870349407196045,2.8818018436431885,2.3408589363098145
1.870349407196045,2.8818018436431885,2.3408589363098145
1.870609164237976,2.8832054138183594,2.338204860687256
1.8700119256973267,2.884884834289551,2.3370001316070557
1.8700119256973267,2.884884834289551,2.3370001316070557
1.8704168796539307,2.886110782623291,2.3346433639526367
1.8704168796539307,2.886110782623291,2.3346433639526367
1.8713127374649048,2.885429859161377,2.3319084644317627
1.8720828294754028,2.8859105110168457,2.32855486869812
1.8720828294754028,2.8859105110168457,2.32855486869812
1.872249722480774,2.887636661529541,2.327298164367676
1.872249722480774,2.887636661529541,2.327298164367676
1.8727375268936157,2.8881499767303467,2.3255231380462646
1.8733360767364502,2.888094186782837,2.3239753246307373
1.8733360767364502,2.888094186782837,2.3239753246307373
1.8732490539550781,2.8904969692230225,2.3231256008148193
1.8732490539550781,2.8904969692230225,2.3231256008148193
1.872437834739685,2.8927125930786133,2.3246777057647705
1.8735061883926392,2.8908112049102783,2.323737144470215
1.8735061883926392,2.8908112049102783,2.323737144470215
1.874027967453003,2.8928205966949463,2.321749687194824
1.874027967453003,2.8928205966949463,2.321749687194824
1.8736053705215454,2.8969485759735107,2.318854808807373
1.8735250234603882,2.8988895416259766,2.3163371086120605
1.8735250234603882,2.8988895416259766,2.3163371086120605
1.8738868236541748,2.89837646484375,2.3139326572418213
1.8738868236541748,2.89837646484375,2.3139326572418213
1.874207615852356,2.899031162261963,2.310666799545288
1.873765468597412,2.902675151824951,2.3070428371429443
1.873765468597412,2.902675151824951,2.3070428371429443
1.874155879020691,2.902487277984619,2.3052680492401123
1.874155879020691,2.902487277984619,2.3052680492401123
1.874965786933899,2.9014344215393066,2.304490566253662
1.874965786933899,2.9014344215393066,2.304490566253662
1.8752881288528442,2.901937484741211,2.3033761978149414
1.8749096393585205,2.904855251312256,2.3034396171569824
1.8749096393585205,2.904855251312256,2.3034396171569824
1.8755451440811157,2.9056315422058105,2.303664445877075
1.8761707544326782,2.9063119888305664,2.3014307022094727
1.8761707544326782,2.9063119888305664,2.3014307022094727
1.8765125274658203,2.906489849090576,2.299797296524048
1.8765125274658203,2.906489849090576,2.299797296524048
1.8758199214935303,2.9069387912750244,2.2994985580444336
1.8753721714019775,2.9099457263946533,2.295652151107788
1.8753721714019775,2.9099457263946533,2.295652151107788
1.875775933265686,2.909228801727295,2.292436361312866
1.875775933265686,2.909228801727295,2.292436361312866
1.8771400451660156,2.909181833267212,2.288113832473755
1.8771400451660156,2.909181833267212,2.288113832473755
1.8772435188293457,2.9105145931243896,2.2863779067993164
1.8770337104797363,2.9124820232391357,2.2847695350646973
1.8770337104797363,2.9124820232391357,2.2847695350646973
1.877737283706665,2.9125163555145264,2.282702922821045
1.8790826797485352,2.9121687412261963,2.2787208557128906
1.8790826797485352,2.9121687412261963,2.2787208557128906
1.8794164657592773,2.914141893386841,2.275634765625
1.8794164657592773,2.914141893386841,2.275634765625
1.8788931369781494,2.9143691062927246,2.277813196182251
1.878633737564087,2.9129834175109863,2.280472993850708
1.878633737564087,2.9129834175109863,2.280472993850708
1.8785340785980225,2.912126064300537,2.280769109725952
1.8787188529968262,2.914846181869507,2.2765583992004395
1.8787188529968262,2.914846181869507,2.2765583992004395
1.879386305809021,2.915351152420044,2.2735185623168945
1.879386305809021,2.915351152420044,2.2735185623168945
1.8795241117477417,2.9161059856414795,2.271831512451172
1.879368543624878,2.9160966873168945,2.271923065185547
1.879368543624878,2.9160966873168945,2.271923065185547
1.879217505455017,2.9156646728515625,2.2700624465942383
1.879217505455017,2.9156646728515625,2.2700624465942383
1.8793420791625977,2.9171550273895264,2.2666919231414795
1.8793420791625977,2.9171550273895264,2.2666919231414795
1.879511833190918,2.9185962677001953,2.2634565830230713
1.8798067569732666,2.919198513031006,2.2604475021362305
1.8798067569732666,2.919198513031006,2.2604475021362305
1.8799352645874023,2.919678211212158,2.257239818572998
1.8799352645874023,2.919678211212158,2.257239818572998
1.8793171644210815,2.9226999282836914,2.2561798095703125
1.8793171644210815,2.9226999282836914,2.2561798095703125
1.8793882131576538,2.922015428543091,2.255977153778076
1.8805434703826904,2.9223439693450928,2.2549333572387695
1.8805434703826904,2.9223439693450928,2.2549333572387695
1.8804965019226074,2.9240176677703857,2.253970146179199
1.8796641826629639,2.9281835556030273,2.2530598640441895
1.8796641826629639,2.9281835556030273,2.2530598640441895
1.880893349647522,2.928090810775757,2.2500720024108887
1.880893349647522,2.928090810775757,2.2500720024108887
1.882063388824463,2.9274954795837402,2.2483270168304443
1.8822396993637085,2.928393840789795,2.2481682300567627
1.8822396993637085,2.928393840789795,2.2481682300567627
1.8811554908752441,2.9282004833221436,2.251070261001587
1.8811554908752441,2.9282004833221436,2.251070261001587
1.8808562755584717,2.9279870986938477,2.251945734024048
1.8815412521362305,2.9264588356018066,2.250440835952759
1.8815412521362305,2.9264588356018066,2.250440835952759
1.8817882537841797,2.928654193878174,2.2480173110961914
1.8818614482879639,2.92671275138855,2.2483341693878174
1.8818614482879639,2.92671275138855,2.2483341693878174
1.8821319341659546,2.9258177280426025,2.248699903488159
1.8821319341659546,2.9258177280426025,2.248699903488159
1.8822871446609497,2.9245381355285645,2.249209403991699
1.8822871446609497,2.9245381355285645,2.249209403991699
1.8825117349624634,2.925429344177246,2.2465267181396484
1.882043480873108,2.927617311477661,2.244385242462158
1.882043480873108,2.927617311477661,2.244385242462158
1.881928563117981,2.9278903007507324,2.243239402770996
1.881928563117981,2.9278903007507324,2.243239402770996
1.8821295499801636,2.9253439903259277,2.243539571762085
1.8819973468780518,2.924834728240967,2.2440762519836426
1.8819973468780518,2.924834728240967,2.2440762519836426
1.8814527988433838,2.9261136054992676,2.2439043521881104
1.8822002410888672,2.9256529808044434,2.242938995361328
1.8822002410888672,2.9256529808044434,2.242938995361328
1.8829429149627686,2.9245736598968506,2.2407870292663574
1.8829429149627686,2.9245736598968506,2.2407870292663574
1.8830534219741821,2.9266669750213623,2.2380661964416504
1.8830534219741821,2.9266669750213623,2.2380661964416504
1.882333755493164,2.930856227874756,2.2363035678863525
1.8830244541168213,2.930924892425537,2.2343573570251465
1.8830244541168213,2.930924892425537,2.2343573570251465
1.8839579820632935,2.929675340652466,2.23361873626709
1.8837114572525024,2.9324300289154053,2.2324671745300293
1.8837114572525024,2.9324300289154053,2.2324671745300293
1.8840349912643433,2.9333581924438477,2.2286999225616455
1.8846921920776367,2.9344325065612793,2.2264184951782227
1.8846921920776367,2.9344325065612793,2.2264184951782227
1.8849738836288452,2.933601140975952,2.2267909049987793
1.8842018842697144,2.9326539039611816,2.230818033218384
1.8842018842697144,2.9326539039611816,2.230818033218384
1.8834948539733887,2.932371139526367,2.2332406044006348
1.8834948539733887,2.932371139526367,2.2332406044006348
1.8833616971969604,2.9333815574645996,2.2318108081817627
1.8837238550186157,2.9351913928985596,2.2277140617370605
1.8837238550186157,2.9351913928985596,2.2277140617370605
1.8848154544830322,2.935211658477783,2.2226521968841553
1.8851784467697144,2.9375290870666504,2.2187728881835938
1.8851784467697144,2.9375290870666504,2.2187728881835938
1.884509801864624,2.939598560333252,2.219680070877075
1.884509801864624,2.939598560333252,2.219680070877075
1.8857440948486328,2.9400620460510254,2.2162249088287354
1.8860294818878174,2.940202236175537,2.2123379707336426
1.8860294818878174,2.940202236175537,2.2123379707336426
1.8861994743347168,2.941213369369507,2.2095556259155273
1.8861994743347168,2.941213369369507,2.2095556259155273
1.8862565755844116,2.9404609203338623,2.2113842964172363
1.8862565755844116,2.9404609203338623,2.2113842964172363
1.8865505456924438,2.9378137588500977,2.2154409885406494
1.8864859342575073,2.9377124309539795,2.2167601585388184
1.8864859342575073,2.9377124309539795,2.2167601585388184
1.8870598077774048,2.939384698867798,2.214320421218872
1.8870598077774048,2.939384698867798,2.214320421218872
1.8873461484909058,2.938908338546753,2.2110671997070312
1.8879634141921997,2.9391753673553467,2.2074224948883057
1.8879634141921997,2.9391753673553467,2.2074224948883057
1.8877758979797363,2.9401402473449707,2.2058112621307373
1.8877054452896118,2.9413599967956543,2.2035152912139893
1.8877054452896118,2.9413599967956543,2.2035152912139893
1.8877859115600586,2.9435620307922363,2.200821876525879
1.8885180950164795,2.941401243209839,2.2003958225250244
1.8885180950164795,2.941401243209839,2.2003958225250244
1.8889552354812622,2.942897319793701,2.20052433013916
1.8888338804244995,2.9449594020843506,2.199284315109253
1.8888338804244995,2.9449594020843506,2.199284315109253
1.8880717754364014,2.948359251022339,2.198341131210327
1.8880717754364014,2.948359251022339,2.198341131210327
1.888794183731079,2.9462907314300537,2.1960527896881104
1.8896069526672363,2.9454832077026367,2.194974422454834
1.8896069526672363,2.9454832077026367,2.194974422454834
1.8894635438919067,2.946885108947754,2.1942811012268066
1.888688325881958,2.9478185176849365,2.195535898208618
1.888688325881958,2.9478185176849365,2.195535898208618
1.8893013000488281,2.9475929737091064,2.195592164993286
1.8893013000488281,2.9475929737091064,2.195592164993286
1.889252781867981,2.947948455810547,2.1951823234558105
1.8892676830291748,2.950026035308838,2.1935505867004395
1.8892254829406738,2.950791597366333,2.193894386291504
1.8892254829406738,2.950791597366333,2.193894386291504
1.889032244682312,2.9506747722625732,2.1944966316223145
1.889032244682312,2.9506747722625732,2.1944966316223145
1.8894098997116089,2.9497640132904053,2.1938230991363525
1.8894098997116089,2.9497640132904053,2.1938230991363525
1.8893259763717651,2.950761318206787,2.191380739212036
1.8891270160675049,2.9521658420562744,2.188833713531494
1.8891270160675049,2.9521658420562744,2.188833713531494
1.8892498016357422,2.953620195388794,2.1861934661865234
1.890555739402771,2.9523050785064697,2.18397855758667
1.890555739402771,2.9523050785064697,2.18397855758667
1.8906828165054321,2.9518470764160156,2.1834616661071777
1.8906828165054321,2.9518470764160156,2.1834616661071777
1.889435887336731,2.9545130729675293,2.1841673851013184
1.8890334367752075,2.9533543586730957,2.1838109493255615
1.8890334367752075,2.9533543586730957,2.1838109493255615
1.8897490501403809,2.9527835845947266,2.1823103427886963
1.8897490501403809,2.9527835845947266,2.1823103427886963
1.8901458978652954,2.951714515686035,2.1811866760253906
1.890710711479187,2.9537506103515625,2.1770665645599365
1.890710711479187,2.9537506103515625,2.1770665645599365
1.8908582925796509,2.9543514251708984,2.1759533882141113
1.8908582925796509,2.9543514251708984,2.1759533882141113
1.8909262418746948,2.953552722930908,2.1757352352142334
1.891072154045105,2.951820135116577,2.1762919425964355
1.891072154045105,2.951820135116577,2.1762919425964355
1.890738844871521,2.953770637512207,2.1757144927978516
1.890738844871521,2.953770637512207,2.1757144927978516
1.8903740644454956,2.955261707305908,2.174105644226074
1.8903888463974,2.955127239227295,2.1733601093292236
1.8914040327072144,2.9539666175842285,2.1727259159088135
1.8914040327072144,2.9539666175842285,2.1727259159088135
1.8917534351348877,2.953885316848755,2.172711133956909
1.8909051418304443,2.955777168273926,2.1725831031799316
1.8909051418304443,2.955777168273926,2.1725831031799316
1.8915836811065674,2.955209970474243,2.1704788208007812
1.8915836811065674,2.955209970474243,2.1704788208007812
1.891983985900879,2.9556124210357666,2.165849447250366
1.8920950889587402,2.9632225036621094,2.1542859077453613
1.8920950889587402,2.9632225036621094,2.1542859077453613
1.8920327425003052,2.9663138389587402,2.148235559463501
1.8920327425003052,2.9663138389587402,2.148235559463501
1.8915727138519287,2.9662301540374756,2.153109073638916
1.8905706405639648,2.963625431060791,2.161600351333618
1.8905706405639648,2.963625431060791,2.161600351333618
1.8904474973678589,2.9623358249664307,2.1646111011505127
1.8904474973678589,2.9623358249664307,2.1646111011505127
1.8907910585403442,2.9656033515930176,2.159634590148926
1.8910918235778809,2.9694695472717285,2.152916669845581
1.8910918235778809,2.9694695472717285,2.152916669845581
1.8912307024002075,2.969968318939209,2.1518070697784424
1.8912307024002075,2.969968318939209,2.1518070697784424
1.8919905424118042,2.9688212871551514,2.1516239643096924
1.8918401002883911,2.969419002532959,2.1499619483947754
1.8918401002883911,2.969419002532959,2.1499619483947754
1.8910421133041382,2.9728198051452637,2.1473987102508545
1.8910421133041382,2.9728198051452637,2.1473987102508545
1.8909428119659424,2.9725677967071533,2.1438286304473877
1.8914762735366821,2.9728035926818848,2.140770673751831
1.8914762735366821,2.9728035926818848,2.140770673751831
1.8912612199783325,2.9740805625915527,2.138387680053711
1.8912612199783325,2.9740805625915527,2.138387680053711
1.890881061553955,2.9761250019073486,2.1380422115325928
1.8916072845458984,2.977058172225952,2.135685443878174
1.8916072845458984,2.977058172225952,2.135685443878174
1.8926763534545898,2.977064609527588,2.131939172744751
1.8926763534545898,2.977064609527588,2.131939172744751
1.8929665088653564,2.979215383529663,2.128756523132324
1.8931710720062256,2.9792678356170654,2.128774404525757
1.8931710720062256,2.9792678356170654,2.128774404525757
1.8937855958938599,2.978564977645874,2.1282379627227783
1.8937855958938599,2.978564977645874,2.1282379627227783
1.894366979598999,2.9763922691345215,2.128782033920288
1.895128607749939,2.975360870361328,2.130892038345337
1.895128607749939,2.975360870361328,2.130892038345337
1.8942939043045044,2.9774420261383057,2.1333436965942383
1.8942939043045044,2.9774420261383057,2.1333436965942383
1.8938177824020386,2.9796571731567383,2.1337218284606934
1.8944076299667358,2.979092597961426,2.1330647468566895
1.8944076299667358,2.979092597961426,2.1330647468566895
1.8950350284576416,2.9785704612731934,2.1320292949676514
1.896240234375,2.9799022674560547,2.128096342086792
1.896240234375,2.9799022674560547,2.128096342086792
1.8960129022598267,2.9806556701660156,2.1274869441986084
1.8960129022598267,2.9806556701660156,2.1274869441986084
1.8959275484085083,2.981935739517212,2.1258435249328613
1.8959802389144897,2.983396530151367,2.123147487640381
1.8964571952819824,2.9825191497802734,2.1190595626831055
1.8964571952819824,2.9825191497802734,2.1190595626831055
1.8958481550216675,2.9819202423095703,2.1180145740509033
1.8956263065338135,2.9828941822052,2.1159536838531494
1.8956263065338135,2.9828941822052,2.1159536838531494
1.895443320274353,2.9824745655059814,2.113513708114624
1.895443320274353,2.9824745655059814,2.113513708114624
1.895652413368225,2.9833180904388428,2.109971761703491
1.8954613208770752,2.9835903644561768,2.1104183197021484
1.8954613208770752,2.9835903644561768,2.1104183197021484
1.8949558734893799,2.9835643768310547,2.1113674640655518
1.8949558734893799,2.9835643768310547,2.1113674640655518
1.895526647567749,2.9827144145965576,2.1110730171203613
1.895185112953186,2.9852590560913086,2.1068308353424072
1.895185112953186,2.9852590560913086,2.1068308353424072
1.8944213390350342,2.988736629486084,2.102720022201538
1.8944213390350342,2.988736629486084,2.102720022201538
1.8957655429840088,2.9865593910217285,2.099545478820801
1.8960809707641602,2.987163543701172,2.099808931350708
1.8960809707641602,2.987163543701172,2.099808931350708
1.8950779438018799,2.9890801906585693,2.101057767868042
1.8950779438018799,2.9890801906585693,2.101057767868042
1.8945454359054565,2.9912283420562744,2.10138201713562
1.8956515789031982,2.991689920425415,2.0996956825256348
1.8956515789031982,2.991689920425415,2.0996956825256348
1.895957350730896,2.991987466812134,2.098924160003662
1.895957350730896,2.991987466812134,2.098924160003662
1.8955904245376587,2.9936275482177734,2.1002328395843506
1.896352767944336,2.9938840866088867,2.10019588470459
1.898011326789856,2.9919683933258057,2.0975100994110107
1.898011326789856,2.9919683933258057,2.0975100994110107
1.899354338645935,2.993208408355713,2.0926692485809326
1.899354338645935,2.993208408355713,2.0926692485809326
1.9001294374465942,2.9952406883239746,2.089630603790283
1.900868535041809,2.9953877925872803,2.088658332824707
1.900868535041809,2.9953877925872803,2.088658332824707
1.9013665914535522,2.994357109069824,2.0880396366119385
1.9011815786361694,2.9951107501983643,2.087500810623169
1.9011815786361694,2.9951107501983643,2.087500810623169
1.9017343521118164,2.994518756866455,2.0845139026641846
1.9017343521118164,2.994518756866455,2.0845139026641846
1.902788519859314,2.9950077533721924,2.0795366764068604
1.902788519859314,2.9950077533721924,2.0795366764068604
1.9031046628952026,2.9950966835021973,2.0775814056396484
1.9019051790237427,2.995260000228882,2.0775015354156494
1.9019051790237427,2.995260000228882,2.0775015354156494
1.9009920358657837,2.9956202507019043,2.0779871940612793
1.9009920358657837,2.9956202507019043,2.0779871940612793
1.9005426168441772,2.996772289276123,2.07600474357605
1.9008402824401855,2.997281551361084,2.071951150894165
1.9008402824401855,2.997281551361084,2.071951150894165
1.9017361402511597,2.9987800121307373,2.068528652191162
1.9017361402511597,2.9987800121307373,2.068528652191162
1.901180624961853,3.0017664432525635,2.0668742656707764
1.9008947610855103,3.0020430088043213,2.0674374103546143
1.9008947610855103,3.0020430088043213,2.0674374103546143
1.9013969898223877,3.000087022781372,2.0701913833618164
1.9013969898223877,3.000087022781372,2.0701913833618164
1.9002529382705688,3.000582456588745,2.0730855464935303
1.8985776901245117,3.0042760372161865,2.0741841793060303
1.8985776901245117,3.0042760372161865,2.0741841793060303
1.899277687072754,3.0021893978118896,2.072500705718994
1.8997702598571777,3.002859115600586,2.068997383117676
1.8997702598571777,3.002859115600586,2.068997383117676
1.8991385698318481,3.0052504539489746,2.06718111038208
1.8991385698318481,3.0052504539489746,2.06718111038208
1.897918462753296,3.007244348526001,2.069469690322876
1.897442102432251,3.0063397884368896,2.0717315673828125
1.897442102432251,3.0063397884368896,2.0717315673828125
1.897404670715332,3.005553722381592,2.071439266204834
1.897404670715332,3.005553722381592,2.071439266204834
1.8972796201705933,3.00915265083313,2.0679357051849365
1.8982484340667725,3.0080678462982178,2.064896821975708
1.8982484340667725,3.0080678462982178,2.064896821975708
1.8992626667022705,3.007209062576294,2.0633788108825684
1.8992626667022705,3.007209062576294,2.0633788108825684
1.8990693092346191,3.0085129737854004,2.063448190689087
1.8986833095550537,3.0099456310272217,2.0623559951782227
1.8986833095550537,3.0099456310272217,2.0623559951782227
1.898754358291626,3.0109646320343018,2.0611319541931152
1.8996179103851318,3.0101089477539062,2.05934739112854
1.8996179103851318,3.0101089477539062,2.05934739112854
1.8998336791992188,3.0111026763916016,2.059542417526245
1.898995280265808,3.0105743408203125,2.063328981399536
1.898995280265808,3.0105743408203125,2.063328981399536
1.8985527753829956,3.0104458332061768,2.066375732421875
1.898906946182251,3.0092039108276367,2.067883253097534
1.898906946182251,3.0092039108276367,2.067883253097534
1.8998475074768066,3.0103585720062256,2.0632293224334717
1.8998475074768066,3.0103585720062256,2.0632293224334717
1.900093674659729,3.0131144523620605,2.059229612350464
1.9004225730895996,3.0133111476898193,2.0577194690704346
1.9004225730895996,3.0133111476898193,2.0577194690704346
1.9013268947601318,3.011596202850342,2.0565853118896484
1.9019440412521362,3.0114872455596924,2.0538530349731445
1.9019440412521362,3.0114872455596924,2.0538530349731445
1.902438998222351,3.012366533279419,2.0497210025787354
1.903011441230774,3.011289119720459,2.048914670944214
1.903011441230774,3.011289119720459,2.048914670944214
1.902835726737976,3.0098683834075928,2.051557779312134
1.9023678302764893,3.0089221000671387,2.054342269897461
1.9023678302764893,3.0089221000671387,2.054342269897461
1.9025455713272095,3.00805926322937,2.0546703338623047
1.9025455713272095,3.00805926322937,2.0546703338623047
1.9029064178466797,3.008526563644409,2.0514748096466064
1.9035770893096924,3.0096678733825684,2.0469141006469727
1.9035770893096924,3.0096678733825684,2.0469141006469727
1.9041756391525269,3.007758140563965,2.043848752975464
1.9041756391525269,3.007758140563965,2.043848752975464
1.9045662879943848,3.0080740451812744,2.040398359298706
1.9037156105041504,3.009709119796753,2.039931058883667
1.9037156105041504,3.009709119796753,2.039931058883667
1.904514193534851,3.0083751678466797,2.038637399673462
1.904514193534851,3.0083751678466797,2.038637399673462
1.904725432395935,3.0081450939178467,2.0383501052856445
1.9031982421875,3.010350465774536,2.0396528244018555
1.9031982421875,3.010350465774536,2.0396528244018555
1.9021234512329102,3.0115559101104736,2.0405161380767822
1.9022756814956665,3.0123231410980225,2.0392818450927734
1.9022756814956665,3.0123231410980225,2.0392818450927734
1.9026118516921997,3.0121827125549316,2.0383224487304688
1.9026118516921997,3.0121827125549316,2.0383224487304688
1.901940107345581,3.0145792961120605,2.0390748977661133
1.9018352031707764,3.015551805496216,2.03891658782959
1.902209997177124,3.016832113265991,2.0380799770355225
1.902209997177124,3.016832113265991,2.0380799770355225
1.9027252197265625,3.017171859741211,2.0361554622650146
1.9027252197265625,3.017171859741211,2.0361554622650146
1.9035134315490723,3.018768310546875,2.0340468883514404
1.9033288955688477,3.020115852355957,2.0342061519622803
1.9033288955688477,3.020115852355957,2.0342061519622803
1.903860330581665,3.0176022052764893,2.0372650623321533
1.904617190361023,3.0168771743774414,2.0379536151885986
1.904617190361023,3.0168771743774414,2.0379536151885986
1.903935194015503,3.01896333694458,2.036566734313965
1.9032626152038574,3.0227854251861572,2.0341434478759766
1.9032626152038574,3.0227854251861572,2.0341434478759766
1.9038708209991455,3.0197248458862305,2.033722400665283
1.9038708209991455,3.0197248458862305,2.033722400665283
1.9047389030456543,3.018221855163574,2.0342509746551514
1.9043433666229248,3.0186209678649902,2.033392906188965
1.9043433666229248,3.0186209678649902,2.033392906188965
1.9037729501724243,3.020568370819092,2.0310091972351074
1.904639720916748,3.017780065536499,2.0286972522735596
1.904639720916748,3.017780065536499,2.0286972522735596
1.9054479598999023,3.018359661102295,2.0255813598632812
1.9051337242126465,3.019947052001953,2.02409291267395
1.9051337242126465,3.019947052001953,2.02409291267395
1.9058752059936523,3.0207223892211914,2.0184240341186523
1.9058752059936523,3.0207223892211914,2.0184240341186523
1.9056848287582397,3.021167039871216,2.015979528427124
1.9053621292114258,3.0207884311676025,2.0161538124084473
1.9053621292114258,3.0207884311676025,2.0161538124084473
1.9040095806121826,3.023026466369629,2.0172135829925537
1.9040095806121826,3.023026466369629,2.0172135829925537
1.9030790328979492,3.0240321159362793,2.0178654193878174
1.9030790328979492,3.0240321159362793,2.0178654193878174
1.9028784036636353,3.024855852127075,2.0166754722595215
1.9033424854278564,3.0255846977233887,2.014871120452881
1.9036858081817627,3.0260446071624756,2.0148532390594482
1.9036858081817627,3.0260446071624756,2.0148532390594482
1.903741717338562,3.0278046131134033,2.0141987800598145
1.903741717338562,3.0278046131134033,2.0141987800598145
1.90341317653656,3.0286712646484375,2.0146102905273438
1.9039216041564941,3.0280778408050537,2.0145227909088135
1.9039216041564941,3.0280778408050537,2.0145227909088135
1.9041718244552612,3.0286083221435547,2.0121777057647705
1.9043853282928467,3.029803514480591,2.010326623916626
1.9043853282928467,3.029803514480591,2.010326623916626
1.9055596590042114,3.0297956466674805,2.006809949874878
1.9059456586837769,3.029125690460205,2.0076539516448975
1.906043529510498,3.028535842895508,2.008871078491211
1.906043529510498,3.028535842895508,2.008871078491211
1.9063425064086914,3.027909994125366,2.008126974105835
1.9067142009735107,3.0272159576416016,2.005530595779419
1.9067142009735107,3.0272159576416016,2.005530595779419
1.9063807725906372,3.029153347015381,2.00506854057312
1.9065760374069214,3.028965711593628,2.0045666694641113
1.9065760374069214,3.028965711593628,2.0045666694641113
1.9079868793487549,3.026634693145752,2.0003669261932373
1.9079868793487549,3.026634693145752,2.0003669261932373
1.9083276987075806,3.0275323390960693,1.996857762336731
1.9074227809906006,3.0295920372009277,1.995779037475586
1.9074227809906006,3.0295920372009277,1.995779037475586
1.9065881967544556,3.0305371284484863,1.9957157373428345
1.9065101146697998,3.030519723892212,1.9952890872955322
1.9062504768371582,3.03145170211792,1.9947242736816406
1.9062504768371582,3.03145170211792,1.9947242736816406
1.906603217124939,3.03267502784729,1.9907031059265137
1.906603217124939,3.03267502784729,1.9907031059265137
1.9060441255569458,3.0367214679718018,1.9866554737091064
1.9061014652252197,3.039320945739746,1.9835857152938843
1.9061014652252197,3.039320945739746,1.9835857152938843
1.906868577003479,3.0383968353271484,1.9833896160125732
1.9068650007247925,3.03842830657959,1.9838885068893433
1.9068650007247925,3.03842830657959,1.9838885068893433
1.9055962562561035,3.0420827865600586,1.9848214387893677
1.9063031673431396,3.040792226791382,1.9827083349227905
1.9063031673431396,3.040792226791382,1.9827083349227905
1.9071615934371948,3.039716958999634,1.9811005592346191
1.9071615934371948,3.039716958999634,1.9811005592346191
1.9073671102523804,3.0400311946868896,1.9808064699172974
1.9073671102523804,3.0400311946868896,1.9808064699172974
1.9065815210342407,3.041532039642334,1.9834383726119995
1.9061744213104248,3.0390572547912598,1.985397219657898
1.9061744213104248,3.0390572547912598,1.985397219657898
1.907017469406128,3.038337469100952,1.983973741531372
1.9074736833572388,3.040060520172119,1.9805636405944824
1.9074736833572388,3.040060520172119,1.9805636405944824
1.9074264764785767,3.041100025177002,1.9795284271240234
1.9074264764785767,3.041100025177002,1.9795284271240234
1.9077486991882324,3.0414578914642334,1.9792417287826538
1.9089410305023193,3.038834810256958,1.9786723852157593
1.9089410305023193,3.038834810256958,1.9786723852157593
1.909474492073059,3.0399692058563232,1.9767065048217773
1.9093530178070068,3.041330337524414,1.97292959690094
1.9093530178070068,3.041330337524414,1.97292959690094
1.9092425107955933,3.0419723987579346,1.9722338914871216
1.90973699092865,3.039597749710083,1.9736822843551636
1.90973699092865,3.039597749710083,1.9736822843551636
1.9104021787643433,3.037351131439209,1.9765254259109497
1.9098154306411743,3.0376086235046387,1.9776535034179688
1.9098154306411743,3.0376086235046387,1.9776535034179688
1.908401370048523,3.0402517318725586,1.9783971309661865
1.908401370048523,3.0402517318725586,1.9783971309661865
1.9080463647842407,3.0393612384796143,1.9769848585128784
1.90801203250885,3.0384819507598877,1.9766225814819336
1.90801203250885,3.0384819507598877,1.9766225814819336
1.9087460041046143,3.0379748344421387,1.9732919931411743
1.9080514907836914,3.041651487350464,1.9695870876312256
1.9080514907836914,3.041651487350464,1.9695870876312256
1.907943844795227,3.042854070663452,1.9682326316833496
1.907943844795227,3.042854070663452,1.9682326316833496
1.9090567827224731,3.0399036407470703,1.9667572975158691
1.9096637964248657,3.0402674674987793,1.9667640924453735
1.9096637964248657,3.0402674674987793,1.9667640924453735
1.9095572233200073,3.040562152862549,1.9672863483428955
1.909199833869934,3.042182445526123,1.966506838798523
1.909199833869934,3.042182445526123,1.966506838798523
1.9093890190124512,3.0419647693634033,1.9649285078048706
1.9093890190124512,3.0419647693634033,1.9649285078048706
1.9096444845199585,3.0419936180114746,1.963550329208374
1.9095590114593506,3.041616201400757,1.9650228023529053
1.909941554069519,3.041814088821411,1.964978814125061
1.909941554069519,3.041814088821411,1.964978814125061
1.9104176759719849,3.04179310798645,1.9625678062438965
1.9104176759719849,3.04179310798645,1.9625678062438965
1.910841941833496,3.042055606842041,1.958216905593872
1.9099743366241455,3.043534994125366,1.9584474563598633
1.9099743366241455,3.043534994125366,1.9584474563598633
1.91007661819458,3.041562557220459,1.959432601928711
1.9112565517425537,3.0405569076538086,1.959236979484558
1.9112565517425537,3.0405569076538086,1.959236979484558
1.9113550186157227,3.042409896850586,1.9558210372924805
1.9113550186157227,3.042409896850586,1.9558210372924805
1.9111356735229492,3.0454394817352295,1.9531488418579102
1.9116700887680054,3.045664072036743,1.9512966871261597
1.9121204614639282,3.044025182723999,1.951405644416809
1.9121204614639282,3.044025182723999,1.951405644416809
1.9119808673858643,3.043734073638916,1.9532668590545654
1.9119808673858643,3.043734073638916,1.9532668590545654
1.911740779876709,3.04522967338562,1.955033779144287
1.911498785018921,3.0460047721862793,1.954878807067871
1.911498785018921,3.0460047721862793,1.954878807067871
1.9125953912734985,3.0458459854125977,1.9504785537719727
1.9128260612487793,3.047468423843384,1.950278401374817
1.9128260612487793,3.047468423843384,1.950278401374817
1.9130940437316895,3.0483992099761963,1.9503490924835205
1.9130991697311401,3.047898292541504,1.9507170915603638
1.91301691532135,3.0471885204315186,1.950547695159912
1.91301691532135,3.0471885204315186,1.950547695159912
1.9123822450637817,3.047288656234741,1.9512437582015991
1.9123822450637817,3.047288656234741,1.9512437582015991
1.9115935564041138,3.047959327697754,1.952610731124878
1.9112688302993774,3.047961473464966,1.9533144235610962
1.9112688302993774,3.047961473464966,1.9533144235610962
1.9110502004623413,3.048361301422119,1.9528870582580566
1.9110502004623413,3.048361301422119,1.9528870582580566
1.9100675582885742,3.0497868061065674,1.9531611204147339
1.9095072746276855,3.0500667095184326,1.955386996269226
1.9095072746276855,3.0500667095184326,1.955386996269226
1.9089809656143188,3.0493383407592773,1.9567599296569824
1.908774971961975,3.0497219562530518,1.9565380811691284
1.908774971961975,3.0497219562530518,1.9565380811691284
1.907861590385437,3.0512239933013916,1.9538127183914185
1.9075405597686768,3.0520083904266357,1.9524784088134766
1.9075405597686768,3.0520083904266357,1.9524784088134766
1.9079617261886597,3.0499556064605713,1.9518166780471802
1.9072046279907227,3.051093816757202,1.9526375532150269
1.9072046279907227,3.051093816757202,1.9526375532150269
1.9062658548355103,3.0521786212921143,1.953425645828247
1.9060384035110474,3.0530643463134766,1.9528858661651611
1.9060384035110474,3.0530643463134766,1.9528858661651611
1.9068373441696167,3.052915573120117,1.9498913288116455
1.9068373441696167,3.052915573120117,1.9498913288116455
1.9067425727844238,3.0536341667175293,1.9479056596755981
1.9064544439315796,3.0536904335021973,1.9489272832870483
1.9064544439315796,3.0536904335021973,1.9489272832870483
1.9067535400390625,3.052852153778076,1.9507534503936768
1.9067535400390625,3.052852153778076,1.9507534503936768
1.9071316719055176,3.0541818141937256,1.949105143547058
1.907163143157959,3.057002067565918,1.9453706741333008
1.907163143157959,3.057002067565918,1.9453706741333008
1.907535433769226,3.0576348304748535,1.9421043395996094
1.908461570739746,3.0575201511383057,1.9416911602020264
1.908461570739746,3.0575201511383057,1.9416911602020264
1.9087032079696655,3.0574097633361816,1.9413853883743286
1.908692717552185,3.060286283493042,1.9398266077041626
1.908692717552185,3.060286283493042,1.9398266077041626
1.9091399908065796,3.0611886978149414,1.9380279779434204
1.9100261926651,3.061112642288208,1.9368095397949219
1.9100261926651,3.061112642288208,1.9368095397949219
1.9105972051620483,3.059741735458374,1.9381961822509766
1.910639762878418,3.059645652770996,1.9392406940460205
1.910639762878418,3.059645652770996,1.9392406940460205
1.9103784561157227,3.059229612350464,1.939913272857666
1.9103784561157227,3.059229612350464,1.939913272857666
1.911252737045288,3.059156894683838,1.9359451532363892
1.9118752479553223,3.0590593814849854,1.9312447309494019
1.9118752479553223,3.0590593814849854,1.9312447309494019
1.911615252494812,3.0602641105651855,1.930328369140625
1.9111943244934082,3.0607755184173584,1.9307364225387573
1.9111943244934082,3.0607755184173584,1.9307364225387573
1.911890983581543,3.059145927429199,1.9313398599624634
1.911890983581543,3.059145927429199,1.9313398599624634
1.9121583700180054,3.0588319301605225,1.929975986480713
1.9121583700180054,3.0588319301605225,1.929975986480713
1.9121307134628296,3.060624122619629,1.9274150133132935
1.9125983715057373,3.0603911876678467,1.9253751039505005
1.9125983715057373,3.0603911876678467,1.9253751039505005
1.9135388135910034,3.0601727962493896,1.9242769479751587
1.9130042791366577,3.0613341331481934,1.9244056940078735
1.9130042791366577,3.0613341331481934,1.9244056940078735
1.9123257398605347,3.0637147426605225,1.9248006343841553
1.9123257398605347,3.0637147426605225,1.9248006343841553
1.9122288227081299,3.0627243518829346,1.9250156879425049
1.9127445220947266,3.062363862991333,1.9238475561141968
1.9127445220947266,3.062363862991333,1.9238475561141968
1.9117461442947388,3.0663421154022217,1.9229165315628052
1.9116555452346802,3.0646111965179443,1.9230585098266602
1.9116555452346802,3.0646111965179443,1.9230585098266602
1.9127882719039917,3.0623629093170166,1.9209307432174683
1.9127882719039917,3.0623629093170166,1.9209307432174683
1.9125946760177612,3.0648252964019775,1.9171512126922607
1.9116685390472412,3.0685997009277344,1.9148982763290405
1.9116685390472412,3.0685997009277344,1.9148982763290405
1.9121668338775635,3.0676825046539307,1.9130430221557617
1.9121668338775635,3.0676825046539307,1.9130430221557617
1.9118475914001465,3.067591905593872,1.9122225046157837
1.9113905429840088,3.0675458908081055,1.913230061531067
1.9107975959777832,3.068732500076294,1.9133349657058716
1.9107975959777832,3.068732500076294,1.9133349657058716
1.9106451272964478,3.068185329437256,1.9129031896591187
1.9106451272964478,3.068185329437256,1.9129031896591187
1.9108307361602783,3.0682239532470703,1.9100544452667236
1.910444974899292,3.0704832077026367,1.9068269729614258
1.910444974899292,3.0704832077026367,1.9068269729614258
1.9099866151809692,3.070373296737671,1.9061590433120728
1.9105157852172852,3.0691590309143066,1.907468318939209
1.9105157852172852,3.0691590309143066,1.907468318939209
1.9102133512496948,3.06860089302063,1.9091020822525024
1.9102133512496948,3.06860089302063,1.9091020822525024
1.9089921712875366,3.0702171325683594,1.910643219947815
1.9086970090866089,3.0712029933929443,1.9098224639892578
1.9086970090866089,3.0712029933929443,1.9098224639892578
1.9085805416107178,3.0734617710113525,1.9062581062316895
1.9084093570709229,3.0745081901550293,1.9044116735458374
1.9084093570709229,3.0745081901550293,1.9044116735458374
1.9079054594039917,3.077148199081421,1.903279185295105
1.907688856124878,3.0780789852142334,1.9042255878448486
1.907688856124878,3.0780789852142334,1.9042255878448486
1.9072474241256714,3.0786356925964355,1.9051034450531006
1.9072474241256714,3.0786356925964355,1.9051034450531006
1.907854676246643,3.0810434818267822,1.9024221897125244
1.9085744619369507,3.082273483276367,1.9002844095230103
1.9085744619369507,3.082273483276367,1.9002844095230103
1.9099401235580444,3.0808095932006836,1.8979449272155762
1.9099401235580444,3.0808095932006836,1.8979449272155762
1.9103484153747559,3.0820562839508057,1.8981139659881592
1.909853458404541,3.0838706493377686,1.8962711095809937
1.909853458404541,3.0838706493377686,1.8962711095809937
1.9096065759658813,3.085641384124756,1.8954381942749023
1.9104564189910889,3.0842010974884033,1.8931816816329956
1.9104564189910889,3.0842010974884033,1.8931816816329956
1.911597490310669,3.083139181137085,1.8912262916564941
1.911615252494812,3.083655595779419,1.890777587890625
1.911615252494812,3.083655595779419,1.890777587890625
1.9120543003082275,3.083249807357788,1.8901050090789795
1.913003921508789,3.08162522315979,1.8883494138717651
1.913003921508789,3.08162522315979,1.8883494138717651
1.9138624668121338,3.080932378768921,1.8855831623077393
1.9139927625656128,3.0837860107421875,1.8811016082763672
1.9139927625656128,3.0837860107421875,1.8811016082763672
1.9144537448883057,3.083587169647217,1.8770099878311157
1.9144537448883057,3.083587169647217,1.8770099878311157
1.9153223037719727,3.0822677612304688,1.8746001720428467
1.9151170253753662,3.0810577869415283,1.8777145147323608
1.9151170253753662,3.0810577869415283,1.8777145147323608
1.9130538702011108,3.0862090587615967,1.8807693719863892
1.9117660522460938,3.0889980792999268,1.8825081586837769
1.9107416868209839,3.090104341506958,1.884739637374878
1.911287546157837,3.089580774307251,1.8843222856521606
1.911287546157837,3.089580774307251,1.8843222856521606
1.911758542060852,3.0879552364349365,1.8837697505950928
1.9129071235656738,3.088735818862915,1.8821240663528442
1.9132729768753052,3.089015483856201,1.8806300163269043
1.9132729768753052,3.089015483856201,1.8806300163269043
1.912729263305664,3.0910966396331787,1.8791730403900146
1.9124115705490112,3.0878689289093018,1.8781553506851196
1.9123226404190063,3.0874581336975098,1.8774924278259277
1.9123226404190063,3.0874581336975098,1.8774924278259277
1.912868857383728,3.0857155323028564,1.873648762702942
1.912868857383728,3.0857155323028564,1.873648762702942
1.9127219915390015,3.08646821975708,1.871909737586975
1.9132907390594482,3.084122657775879,1.8723981380462646
1.9132907390594482,3.084122657775879,1.8723981380462646
1.913556456565857,3.083120584487915,1.8725943565368652
1.9136000871658325,3.0844192504882812,1.8714011907577515
1.9137150049209595,3.0860936641693115,1.8684636354446411
1.9137150049209595,3.0860936641693115,1.8684636354446411
1.91413152217865,3.0862765312194824,1.8658736944198608
1.9147095680236816,3.0858571529388428,1.8653849363327026
1.9147095680236816,3.0858571529388428,1.8653849363327026
1.9143662452697754,3.0863797664642334,1.8674923181533813
1.9135055541992188,3.088258981704712,1.869131088256836
1.9135055541992188,3.088258981704712,1.869131088256836
1.9125893115997314,3.086747169494629,1.8716108798980713
1.912658452987671,3.08591628074646,1.8704255819320679
1.9119751453399658,3.0867035388946533,1.8680062294006348
1.9115601778030396,3.0874128341674805,1.8657764196395874
1.9115601778030396,3.0874128341674805,1.8657764196395874
1.911622166633606,3.0912251472473145,1.8597060441970825
1.911594271659851,3.092212438583374,1.8576592206954956
1.912001371383667,3.0921974182128906,1.8563249111175537
1.912001371383667,3.0921974182128906,1.8563249111175537
1.9125206470489502,3.091402053833008,1.8558398485183716
1.912033200263977,3.093245506286621,1.856380820274353
1.912033200263977,3.093245506286621,1.856380820274353
1.9127306938171387,3.093212604522705,1.855605125427246
1.9134081602096558,3.092949628829956,1.8554965257644653
1.9134081602096558,3.092949628829956,1.8554965257644653
1.9134827852249146,3.092766761779785,1.8565075397491455
1.9130988121032715,3.0933632850646973,1.857369065284729
1.9126386642456055,3.0933926105499268,1.8577371835708618
1.9126386642456055,3.0933926105499268,1.8577371835708618
1.9119974374771118,3.093696117401123,1.857031226158142
1.912017583847046,3.0927698612213135,1.8570784330368042
1.9119127988815308,3.0927579402923584,1.8563182353973389
1.9119127988815308,3.0927579402923584,1.8563182353973389
1.9116953611373901,3.0923848152160645,1.8554507493972778
1.9115785360336304,3.094080924987793,1.856054425239563
1.9115785360336304,3.094080924987793,1.856054425239563
1.911714792251587,3.0936050415039062,1.855560064315796
1.911714792251587,3.0936050415039062,1.855560064315796
1.9117759466171265,3.0939207077026367,1.8550405502319336
1.911299228668213,3.0952212810516357,1.8550474643707275
1.911299228668213,3.0952212810516357,1.8550474643707275
1.910936951637268,3.096893310546875,1.8531240224838257
1.910936951637268,3.096893310546875,1.8531240224838257
1.9118369817733765,3.0964255332946777,1.852084994316101
1.9127124547958374,3.0964620113372803,1.8505057096481323
1.912568211555481,3.097581624984741,1.8504247665405273
1.912568211555481,3.097581624984741,1.8504247665405273
1.9129667282104492,3.0984623432159424,1.8498972654342651
1.9129717350006104,3.0989930629730225,1.8497902154922485
1.9129717350006104,3.0989930629730225,1.8497902154922485
1.9135916233062744,3.1009838581085205,1.846181869506836
1.913699984550476,3.1014888286590576,1.8453786373138428
1.913699984550476,3.1014888286590576,1.8453786373138428
1.9143656492233276,3.102161169052124,1.842634916305542
1.91510808467865,3.1043708324432373,1.8394346237182617
1.9153848886489868,3.103184223175049,1.8399701118469238
1.9153848886489868,3.103184223175049,1.8399701118469238
1.9161524772644043,3.100923776626587,1.8405859470367432
1.9161937236785889,3.09968638420105,1.8416030406951904
1.9154056310653687,3.100588321685791,1.8420833349227905
1.9154056310653687,3.100588321685791,1.8420833349227905
1.9153258800506592,3.100001573562622,1.8420432806015015
1.9153258800506592,3.100001573562622,1.8420432806015015
1.915974736213684,3.0990424156188965,1.8399598598480225
1.9163137674331665,3.0991008281707764,1.838752269744873
1.9157953262329102,3.1008217334747314,1.8369145393371582
1.9157953262329102,3.1008217334747314,1.8369145393371582
1.9150457382202148,3.100473165512085,1.836270809173584
1.9150457382202148,3.100473165512085,1.836270809173584
1.9146029949188232,3.09918212890625,1.8365907669067383
1.9143208265304565,3.0990912914276123,1.8374807834625244
1.9143208265304565,3.0990912914276123,1.8374807834625244
1.914026141166687,3.1002376079559326,1.8357813358306885
1.9144781827926636,3.1013870239257812,1.8335905075073242
1.9142636060714722,3.102524995803833,1.8324482440948486
1.9142636060714722,3.102524995803833,1.8324482440948486
1.914769172668457,3.1012845039367676,1.8327049016952515
1.9150444269180298,3.1006767749786377,1.8341598510742188
1.914820909500122,3.100590705871582,1.834312081336975
1.9139831066131592,3.101893663406372,1.8331328630447388
1.9139831066131592,3.101893663406372,1.8331328630447388
1.9132411479949951,3.103374719619751,1.8320627212524414
1.912877082824707,3.1035163402557373,1.8329707384109497
1.9124526977539062,3.1041781902313232,1.8340352773666382
1.9124526977539062,3.1041781902313232,1.8340352773666382
1.9105864763259888,3.105966329574585,1.8378208875656128
1.9098100662231445,3.106884717941284,1.839103102684021
1.910132646560669,3.105616331100464,1.8396440744400024
1.9098292589187622,3.1062729358673096,1.8381768465042114
1.9098292589187622,3.1062729358673096,1.8381768465042114
1.9096215963363647,3.1066174507141113,1.8365718126296997
1.9096215963363647,3.1066174507141113,1.8365718126296997
1.9101723432540894,3.105405569076538,1.8360941410064697
1.9101723432540894,3.105405569076538,1.8360941410064697
1.910538911819458,3.106593370437622,1.8381693363189697
1.9101283550262451,3.1073949337005615,1.8391343355178833
1.9104480743408203,3.106658458709717,1.8415862321853638
1.9104480743408203,3.106658458709717,1.8415862321853638
1.9098033905029297,3.1073501110076904,1.8450113534927368
1.9089070558547974,3.1089634895324707,1.8468706607818604
1.9089070558547974,3.1089634895324707,1.8468706607818604
1.909651756286621,3.10711932182312,1.8449875116348267
1.909651756286621,3.10711932182312,1.8449875116348267
1.9109619855880737,3.1048998832702637,1.8409870862960815
1.9112153053283691,3.105239152908325,1.8403122425079346
1.9109781980514526,3.106717586517334,1.8407936096191406
1.9109781980514526,3.106717586517334,1.8407936096191406
1.9108705520629883,3.1078014373779297,1.8405821323394775
1.9109556674957275,3.1088969707489014,1.8386330604553223
1.9109556674957275,3.1088969707489014,1.8386330604553223
1.9110610485076904,3.109961748123169,1.8362717628479004
1.9110610485076904,3.109961748123169,1.8362717628479004
1.9114629030227661,3.111743927001953,1.834919810295105
1.9114629030227661,3.111743927001953,1.834919810295105
1.912028193473816,3.110227584838867,1.8336946964263916
1.9129326343536377,3.1090009212493896,1.832537293434143
1.9129326343536377,3.1090009212493896,1.832537293434143
1.9128105640411377,3.110295534133911,1.8299769163131714
1.91232430934906,3.112478733062744,1.8279880285263062
1.91232430934906,3.112478733062744,1.8279880285263062
1.9122812747955322,3.112163543701172,1.8269881010055542
1.913144826889038,3.1107449531555176,1.8271764516830444
1.912920594215393,3.11090350151062,1.8277783393859863
1.912920594215393,3.11090350151062,1.8277783393859863
1.9129010438919067,3.110597610473633,1.8282142877578735
1.9133552312850952,3.1083321571350098,1.8282917737960815
1.9139056205749512,3.1069767475128174,1.8274518251419067
1.9139056205749512,3.1069767475128174,1.8274518251419067
1.9137846231460571,3.1075003147125244,1.8282209634780884
1.9137424230575562,3.10794997215271,1.8270747661590576
1.9142918586730957,3.1073179244995117,1.8254103660583496
1.9142918586730957,3.1073179244995117,1.8254103660583496
1.91421639919281,3.1078898906707764,1.8248302936553955
1.91421639919281,3.1078898906707764,1.8248302936553955
1.9141194820404053,3.1075594425201416,1.825079321861267
1.914088249206543,3.1080925464630127,1.8223375082015991
1.914088249206543,3.1080925464630127,1.8223375082015991
1.9137064218521118,3.1087758541107178,1.8194365501403809
1.9137064218521118,3.1087758541107178,1.8194365501403809
1.9128581285476685,3.1104748249053955,1.8166685104370117
1.9128581285476685,3.1104748249053955,1.8166685104370117
1.9130337238311768,3.111260175704956,1.8135313987731934
1.912706971168518,3.1126177310943604,1.811948299407959
1.912057638168335,3.1135895252227783,1.8114336729049683
1.912057638168335,3.1135895252227783,1.8114336729049683
1.9122830629348755,3.1129329204559326,1.8099983930587769
1.9122830629348755,3.1129329204559326,1.8099983930587769
1.9130151271820068,3.1115705966949463,1.8086978197097778
1.9132684469223022,3.1128432750701904,1.8059172630310059
1.9132684469223022,3.1128432750701904,1.8059172630310059
1.913217306137085,3.115372657775879,1.8045101165771484
1.912969946861267,3.116957187652588,1.80365788936615
1.9141535758972168,3.1148593425750732,1.8037537336349487
1.914575457572937,3.1142024993896484,1.8061237335205078
1.914575457572937,3.1142024993896484,1.8061237335205078
1.913747787475586,3.1154520511627197,1.8081612586975098
1.9133785963058472,3.1153440475463867,1.8101634979248047
1.9133785963058472,3.1153440475463867,1.8101634979248047
1.9143481254577637,3.113360643386841,1.8090091943740845
1.9143481254577637,3.113360643386841,1.8090091943740845
1.9150210618972778,3.1122562885284424,1.8063801527023315
1.9141650199890137,3.1145076751708984,1.8063709735870361
1.9141650199890137,3.1145076751708984,1.8063709735870361
1.9136921167373657,3.113710880279541,1.8089179992675781
1.9134608507156372,3.1122591495513916,1.8104472160339355
1.9134608507156372,3.1122591495513916,1.8104472160339355
1.9130536317825317,3.111466407775879,1.8106333017349243
1.9130536317825317,3.111466407775879,1.8106333017349243
1.912390112876892,3.1127586364746094,1.808982491493225
1.9121508598327637,3.1126298904418945,1.8097343444824219
1.9120029211044312,3.1114413738250732,1.8105465173721313
1.9123058319091797,3.11043381690979,1.810182809829712
1.9123058319091797,3.11043381690979,1.810182809829712
1.9115676879882812,3.1113641262054443,1.8092104196548462
1.910712480545044,3.113662004470825,1.8079403638839722
1.910712480545044,3.113662004470825,1.8079403638839722
1.9113997220993042,3.1119842529296875,1.806336522102356
1.9113997220993042,3.1119842529296875,1.806336522102356
1.9122875928878784,3.1133923530578613,1.8047339916229248
1.912400722503662,3.113748550415039,1.8047363758087158
1.9120837450027466,3.1158812046051025,1.804183006286621
1.9123731851577759,3.1169161796569824,1.8042064905166626
1.9123731851577759,3.1169161796569824,1.8042064905166626
1.912676215171814,3.1175570487976074,1.8044244050979614
1.9125934839248657,3.1187305450439453,1.8039685487747192
1.9124947786331177,3.121018409729004,1.8032044172286987
1.9124947786331177,3.121018409729004,1.8032044172286987
1.912800908088684,3.1213762760162354,1.8021512031555176
1.914202332496643,3.1201765537261963,1.799234390258789
1.914202332496643,3.1201765537261963,1.799234390258789
1.9142104387283325,3.1207306385040283,1.7985469102859497
1.913731336593628,3.1237494945526123,1.7968437671661377
1.9134044647216797,3.12544584274292,1.7954720258712769
1.9136525392532349,3.125959873199463,1.7928684949874878
1.9136525392532349,3.125959873199463,1.7928684949874878
1.9143054485321045,3.1246378421783447,1.7934510707855225
1.9142777919769287,3.125375986099243,1.7960999011993408
1.9142777919769287,3.125375986099243,1.7960999011993408
1.9137451648712158,3.1266136169433594,1.796979308128357
1.9144535064697266,3.1257362365722656,1.7949100732803345
1.915159821510315,3.1260886192321777,1.7936559915542603
1.915159821510315,3.1260886192321777,1.7936559915542603
1.9149816036224365,3.1286091804504395,1.7869055271148682
1.9144457578659058,3.1317250728607178,1.7848262786865234
1.9144457578659058,3.1317250728607178,1.7848262786865234
1.9153223037719727,3.1293935775756836,1.7831531763076782
1.9162440299987793,3.1280007362365723,1.7820156812667847
1.9162440299987793,3.1280007362365723,1.7820156812667847
1.9159494638442993,3.129240036010742,1.782999038696289
1.9156081676483154,3.1280007362365723,1.7830588817596436
1.9153852462768555,3.128199815750122,1.7827036380767822
1.9157088994979858,3.126969575881958,1.783250093460083
1.9157088994979858,3.126969575881958,1.783250093460083
1.9161744117736816,3.1256661415100098,1.783009648323059
1.9158194065093994,3.1269662380218506,1.783250093460083
1.9155969619750977,3.126546859741211,1.7834070920944214
1.9155969619750977,3.126546859741211,1.7834070920944214
1.9150035381317139,3.1264703273773193,1.7841116189956665
1.914944052696228,3.125607967376709,1.7845100164413452
1.9150478839874268,3.1254138946533203,1.7831658124923706
1.915126919746399,3.1254591941833496,1.7805171012878418
1.9148335456848145,3.126784324645996,1.7767267227172852
1.9148335456848145,3.126784324645996,1.7767267227172852
1.9145128726959229,3.1271448135375977,1.776600956916809
1.915827751159668,3.1252381801605225,1.7764348983764648
1.9168015718460083,3.123443126678467,1.7752822637557983
1.9168015718460083,3.123443126678467,1.7752822637557983
1.9156553745269775,3.127119779586792,1.774624228477478
1.9162623882293701,3.1266026496887207,1.7747565507888794
1.9162623882293701,3.1266026496887207,1.7747565507888794
1.9168274402618408,3.12628173828125,1.7742531299591064
1.917134165763855,3.1262011528015137,1.7741036415100098
1.9166252613067627,3.1275038719177246,1.7742739915847778
1.9161368608474731,3.128948211669922,1.7741003036499023
1.9161368608474731,3.128948211669922,1.7741003036499023
1.9154447317123413,3.1293091773986816,1.7732418775558472
1.9149359464645386,3.128836154937744,1.7739272117614746
1.9149359464645386,3.128836154937744,1.7739272117614746
1.9146850109100342,3.1291749477386475,1.7747547626495361
1.9139416217803955,3.12961483001709,1.774352788925171
1.9139416217803955,3.12961483001709,1.774352788925171
1.9136115312576294,3.1314587593078613,1.7746400833129883
1.913421630859375,3.1317152976989746,1.775046467781067
1.913421630859375,3.1317152976989746,1.775046467781067
1.9139848947525024,3.130363702774048,1.775410532951355
1.9139848947525024,3.130363702774048,1.775410532951355
1.9132071733474731,3.1339938640594482,1.7736384868621826
1.9132071733474731,3.1339938640594482,1.7736384868621826
1.913167119026184,3.135518789291382,1.7700105905532837
1.9137243032455444,3.135127544403076,1.7678942680358887
1.9137524366378784,3.1351656913757324,1.7679543495178223
1.9137524366378784,3.1351656913757324,1.7679543495178223
1.9134869575500488,3.135228157043457,1.7701255083084106
1.9133858680725098,3.1356372833251953,1.7707878351211548
1.913176417350769,3.136209011077881,1.7726123332977295
1.913560390472412,3.135174512863159,1.7741241455078125
1.913560390472412,3.135174512863159,1.7741241455078125
1.9134117364883423,3.1364119052886963,1.7729365825653076
1.9134117364883423,3.1364119052886963,1.7729365825653076
1.9130717515945435,3.1388463973999023,1.7704246044158936
1.9135417938232422,3.1367008686065674,1.7700968980789185
1.9144248962402344,3.1343772411346436,1.770270586013794
1.9144248962402344,3.1343772411346436,1.770270586013794
1.9140053987503052,3.135763168334961,1.7699816226959229
1.9131081104278564,3.13622784614563,1.7685015201568604
1.9131081104278564,3.13622784614563,1.7685015201568604
1.913694977760315,3.1357808113098145,1.764115333557129
1.9145816564559937,3.134687662124634,1.7609585523605347
1.9145816564559937,3.134687662124634,1.7609585523605347
1.9146596193313599,3.1356592178344727,1.7596557140350342
1.9143415689468384,3.1365740299224854,1.7593770027160645
1.9143415689468384,3.1365740299224854,1.7593770027160645
1.914088249206543,3.137242078781128,1.75946044921875
1.9149259328842163,3.136898994445801,1.757360577583313
1.9149259328842163,3.136898994445801,1.757360577583313
1.915704369544983,3.137338161468506,1.7545286417007446
1.915541410446167,3.1391119956970215,1.750272512435913
1.915541410446167,3.1391119956970215,1.750272512435913
1.9149054288864136,3.1399545669555664,1.7507656812667847
1.9148212671279907,3.139641761779785,1.7505673170089722
1.91435968875885,3.1399431228637695,1.751115083694458
1.91435968875885,3.1399431228637695,1.751115083694458
1.9132940769195557,3.143641710281372,1.7477471828460693
1.9129886627197266,3.1443276405334473,1.745169997215271
1.9129886627197266,3.1443276405334473,1.745169997215271
1.9135204553604126,3.1448285579681396,1.743570327758789
1.9135204553604126,3.1448285579681396,1.743570327758789
1.913857102394104,3.1454176902770996,1.7445712089538574
1.9136847257614136,3.146172523498535,1.7451586723327637
1.9136847257614136,3.146172523498535,1.7451586723327637
1.9130785465240479,3.1461353302001953,1.748026967048645
1.9135570526123047,3.1440234184265137,1.747363805770874
1.913655161857605,3.144834518432617,1.7462419271469116
1.913655161857605,3.144834518432617,1.7462419271469116
1.913791537284851,3.1452391147613525,1.7407896518707275
1.913791537284851,3.1452391147613525,1.7407896518707275
1.9137599468231201,3.1463587284088135,1.7358813285827637
1.9134676456451416,3.1470959186553955,1.7353309392929077
1.9151344299316406,3.1445119380950928,1.733624815940857
1.9151344299316406,3.1445119380950928,1.733624815940857
1.9154467582702637,3.144482135772705,1.731221079826355
1.9154467582702637,3.144482135772705,1.731221079826355
1.914318323135376,3.1481385231018066,1.7282133102416992
1.914151906967163,3.14890193939209,1.724713921546936
1.914151906967163,3.14890193939209,1.724713921546936
1.9151837825775146,3.148850440979004,1.7231602668762207
1.9151837825775146,3.148850440979004,1.7231602668762207
1.914739966392517,3.1512107849121094,1.7236900329589844
1.9139546155929565,3.1524817943573,1.7248384952545166
1.9133882522583008,3.1529181003570557,1.728366494178772
1.9133882522583008,3.1529181003570557,1.728366494178772
1.9139755964279175,3.153108596801758,1.7295129299163818
1.9139755964279175,3.153108596801758,1.7295129299163818
1.9139647483825684,3.1537556648254395,1.729102611541748
1.9137659072875977,3.154764175415039,1.7284938097000122
1.9134198427200317,3.1568870544433594,1.7273409366607666
1.9134198427200317,3.1568870544433594,1.7273409366607666
1.9123576879501343,3.15622878074646,1.7288953065872192
1.9123576879501343,3.15622878074646,1.7288953065872192
1.9117660522460938,3.1557157039642334,1.7282817363739014
1.9121395349502563,3.1558821201324463,1.727402925491333
1.9116829633712769,3.15828800201416,1.726175308227539
1.910875678062439,3.161518096923828,1.7220906019210815
1.910844087600708,3.1623613834381104,1.7200467586517334
1.910844087600708,3.1623613834381104,1.7200467586517334
1.912571907043457,3.160928249359131,1.7150300741195679
1.912571907043457,3.160928249359131,1.7150300741195679
1.9124315977096558,3.162304639816284,1.7138944864273071
1.912197232246399,3.1633267402648926,1.7138463258743286
1.9120783805847168,3.164316177368164,1.713700771331787
1.9120783805847168,3.164316177368164,1.713700771331787
1.9124623537063599,3.163086414337158,1.7128758430480957
1.912979006767273,3.1636650562286377,1.7113803625106812
1.912979006767273,3.1636650562286377,1.7113803625106812
1.9123679399490356,3.1659114360809326,1.7096518278121948
1.9132291078567505,3.16422176361084,1.708575963973999
1.9132291078567505,3.16422176361084,1.708575963973999
1.9137012958526611,3.16405987739563,1.7070555686950684
1.9133771657943726,3.1651840209960938,1.7061741352081299
1.9133771657943726,3.1651840209960938,1.7061741352081299
1.913151741027832,3.165393829345703,1.7052257061004639
1.9133350849151611,3.164964437484741,1.7046927213668823
1.9143894910812378,3.1633777618408203,1.7045392990112305
1.9143894910812378,3.1633777618408203,1.7045392990112305
1.914146900177002,3.1642372608184814,1.704533576965332
1.9136967658996582,3.1668035984039307,1.7056632041931152
1.9136967658996582,3.1668035984039307,1.7056632041931152
1.9151525497436523,3.1641016006469727,1.7057299613952637
1.916092872619629,3.163043737411499,1.7051998376846313
1.916092872619629,3.163043737411499,1.7051998376846313
1.9163988828659058,3.164574146270752,1.7028299570083618
1.9163988828659058,3.164574146270752,1.7028299570083618
1.9167897701263428,3.165158748626709,1.6976895332336426
1.9180375337600708,3.163407325744629,1.691129446029663
1.9195642471313477,3.1611361503601074,1.6872828006744385
1.9195642471313477,3.1611361503601074,1.6872828006744385
1.91963529586792,3.161574602127075,1.6852468252182007
1.918963074684143,3.1609914302825928,1.6842679977416992
1.918963074684143,3.1609914302825928,1.6842679977416992
1.9192907810211182,3.159818649291992,1.6857541799545288
1.9192907810211182,3.159818649291992,1.6857541799545288
1.9198330640792847,3.1581907272338867,1.6858564615249634
1.920259952545166,3.1583731174468994,1.685233235359192
1.92068612575531,3.1584320068359375,1.682369351387024
1.92068612575531,3.1584320068359375,1.682369351387024
1.9203696250915527,3.1597864627838135,1.6809430122375488
1.9198808670043945,3.1598117351531982,1.6810946464538574
1.9189972877502441,3.159815549850464,1.6856979131698608
1.9185715913772583,3.1592018604278564,1.6883763074874878
1.9185715913772583,3.1592018604278564,1.6883763074874878
1.9180456399917603,3.1593027114868164,1.6902209520339966
1.917274832725525,3.161358594894409,1.690773367881775
1.9175204038619995,3.1609086990356445,1.689892292022705
1.9177212715148926,3.1613636016845703,1.6876698732376099
1.9177212715148926,3.1613636016845703,1.6876698732376099
1.9172238111495972,3.162130355834961,1.6852061748504639
1.9172238111495972,3.162130355834961,1.6852061748504639
1.9167766571044922,3.16269850730896,1.6847665309906006
1.9164280891418457,3.162848949432373,1.6856513023376465
1.9164501428604126,3.1631040573120117,1.6837512254714966
1.9164501428604126,3.1631040573120117,1.6837512254714966
1.9159822463989258,3.1647441387176514,1.681276798248291
1.9159822463989258,3.1647441387176514,1.681276798248291
1.9156984090805054,3.1663317680358887,1.6789354085922241
1.9155718088150024,3.1679811477661133,1.6763522624969482
1.9155718088150024,3.1679811477661133,1.6763522624969482
1.9152319431304932,3.170706033706665,1.6716188192367554
1.915526032447815,3.171975612640381,1.6694236993789673
1.915526032447815,3.171975612640381,1.6694236993789673
1.915019154548645,3.176413059234619,1.664495825767517
1.9152469635009766,3.1762518882751465,1.6630486249923706
1.9157694578170776,3.176377296447754,1.6627378463745117
1.9156498908996582,3.17667293548584,1.6636818647384644
1.9156498908996582,3.17667293548584,1.6636818647384644
1.914474368095398,3.1789846420288086,1.6657936573028564
1.9149152040481567,3.1785714626312256,1.6644502878189087
1.9149152040481567,3.1785714626312256,1.6644502878189087
1.9151833057403564,3.178131341934204,1.663366675376892
1.9155395030975342,3.1785242557525635,1.6602472066879272
1.9154934883117676,3.1788341999053955,1.6598601341247559
1.9154934883117676,3.1788341999053955,1.6598601341247559
1.9161326885223389,3.1772689819335938,1.6606916189193726
1.9166171550750732,3.1766741275787354,1.6615217924118042
1.9163652658462524,3.1778061389923096,1.660589575767517
1.915453553199768,3.181260347366333,1.659459114074707
1.915453553199768,3.181260347366333,1.659459114074707
1.9159494638442993,3.179929494857788,1.6587178707122803
1.916937232017517,3.1770899295806885,1.6576871871948242
1.917401909828186,3.177987575531006,1.6566827297210693
1.9169989824295044,3.1800425052642822,1.6558454036712646
1.9165648221969604,3.1801881790161133,1.6538077592849731
1.9163354635238647,3.181715965270996,1.6510345935821533
1.918410062789917,3.1773717403411865,1.64301598072052
1.918410062789917,3.1773717403411865,1.64301598072052
1.9193365573883057,3.179231882095337,1.6373367309570312
1.9193365573883057,3.179231882095337,1.6373367309570312
1.9181797504425049,3.1822638511657715,1.6335666179656982
1.9175282716751099,3.1819112300872803,1.6352776288986206
1.9175282716751099,3.1819112300872803,1.6352776288986206
1.9182628393173218,3.1790454387664795,1.6391798257827759
1.9181311130523682,3.1800756454467773,1.6391979455947876
1.9181311130523682,3.1800756454467773,1.6391979455947876
1.9169261455535889,3.1826424598693848,1.6393965482711792
1.9178330898284912,3.1803619861602783,1.636957049369812
1.9186450242996216,3.179206609725952,1.6365330219268799
1.9186450242996216,3.179206609725952,1.6365330219268799
1.9187895059585571,3.180119514465332,1.634014368057251
1.9183181524276733,3.1810219287872314,1.6333484649658203
1.9181427955627441,3.181812047958374,1.6331064701080322
1.9181427955627441,3.181812047958374,1.6331064701080322
1.9194806814193726,3.1794533729553223,1.6307674646377563
1.9202449321746826,3.1788249015808105,1.6294524669647217
1.9203153848648071,3.180006742477417,1.6280909776687622
1.9208118915557861,3.1800410747528076,1.6278939247131348
1.920556664466858,3.180861234664917,1.6286919116973877
1.9209064245224,3.1800570487976074,1.6297099590301514
1.9217219352722168,3.178701639175415,1.627709150314331
1.922444462776184,3.1790947914123535,1.6268434524536133
1.922444462776184,3.1790947914123535,1.6268434524536133
1.9223980903625488,3.17972993850708,1.6258820295333862
1.9223980903625488,3.17972993850708,1.6258820295333862
1.9234110116958618,3.177478790283203,1.6263453960418701
1.9234110116958618,3.177478790283203,1.6263453960418701
1.9239152669906616,3.1768746376037598,1.6255549192428589
1.9239152669906616,3.1768746376037598,1.6255549192428589
1.9230425357818604,3.180349349975586,1.6248153448104858
1.9238858222961426,3.1776363849639893,1.6220721006393433
1.9241381883621216,3.177351713180542,1.6214946508407593
1.9241381883621216,3.177351713180542,1.6214946508407593
1.924228549003601,3.178868293762207,1.6204736232757568
1.9238303899765015,3.179435968399048,1.6207252740859985
1.923269271850586,3.1812450885772705,1.6221153736114502
1.922408938407898,3.1798062324523926,1.622225284576416
1.922402262687683,3.1798343658447266,1.6221253871917725
1.922402262687683,3.1798343658447266,1.6221253871917725
1.922431468963623,3.1806764602661133,1.6156600713729858
1.9221798181533813,3.1821351051330566,1.6121349334716797
1.9212552309036255,3.1831347942352295,1.612065315246582
1.9212552309036255,3.1831347942352295,1.612065315246582
1.9217805862426758,3.1804726123809814,1.6140522956848145
1.9217805862426758,3.1804726123809814,1.6140522956848145
1.9207998514175415,3.183823347091675,1.6154389381408691
1.9205269813537598,3.184119939804077,1.615126371383667
1.919663906097412,3.1874144077301025,1.6115391254425049
1.9199023246765137,3.1866390705108643,1.609607219696045
1.9199023246765137,3.1866390705108643,1.609607219696045
1.9205561876296997,3.1854705810546875,1.6082478761672974
1.9205561876296997,3.1854705810546875,1.6082478761672974
1.919628620147705,3.1870830059051514,1.61123788356781
1.919628620147705,3.1870830059051514,1.61123788356781
1.91911780834198,3.1899755001068115,1.608454704284668
1.9196603298187256,3.1894705295562744,1.6062943935394287
1.9200040102005005,3.1902804374694824,1.6006242036819458
1.9208855628967285,3.190169095993042,1.5965803861618042
1.92086660861969,3.1922011375427246,1.592954158782959
1.92086660861969,3.1922011375427246,1.592954158782959
1.921533226966858,3.1900103092193604,1.594111680984497
1.9220688343048096,3.188568115234375,1.5967164039611816
1.9220688343048096,3.188568115234375,1.5967164039611816
1.9216749668121338,3.188647508621216,1.597122073173523
1.9205118417739868,3.1908271312713623,1.5957589149475098
1.9205118417739868,3.1908271312713623,1.5957589149475098
1.9205633401870728,3.1902313232421875,1.5941379070281982
1.9207147359848022,3.1904232501983643,1.5941312313079834
1.9206843376159668,3.1911227703094482,1.5947035551071167
1.9201949834823608,3.1910033226013184,1.5960685014724731
1.9195669889450073,3.191398859024048,1.5974618196487427
1.919450044631958,3.1906468868255615,1.5977461338043213
1.9195284843444824,3.190059185028076,1.5970330238342285
1.9188411235809326,3.1905517578125,1.594131588935852
1.9186350107192993,3.190681219100952,1.5907001495361328
1.9187591075897217,3.191492795944214,1.5837541818618774
1.9184273481369019,3.1934916973114014,1.577845573425293
1.9184273481369019,3.1934916973114014,1.577845573425293
1.9187984466552734,3.192200183868408,1.575373888015747
1.9187984466552734,3.192200183868408,1.575373888015747
1.9184136390686035,3.192784309387207,1.5752495527267456
1.917844533920288,3.1938560009002686,1.5738502740859985
1.917844533920288,3.1938560009002686,1.5738502740859985
1.917472004890442,3.1946945190429688,1.5727760791778564
1.9174602031707764,3.194669723510742,1.5681824684143066
1.9177663326263428,3.1941354274749756,1.5675114393234253
1.9168643951416016,3.196214437484741,1.5670408010482788
1.9179067611694336,3.1959073543548584,1.5666632652282715
1.9179067611694336,3.1959073543548584,1.5666632652282715
1.9189131259918213,3.1958768367767334,1.5665738582611084
1.9189131259918213,3.1958768367767334,1.5665738582611084
1.9194060564041138,3.195608615875244,1.566263198852539
1.9196783304214478,3.19497013092041,1.565415620803833
1.92027747631073,3.1947712898254395,1.5635366439819336
1.9207868576049805,3.1956734657287598,1.5601274967193604
1.9207868576049805,3.1956734657287598,1.5601274967193604
1.9217585325241089,3.1953556537628174,1.5579169988632202
1.9217585325241089,3.1953556537628174,1.5579169988632202
1.922330379486084,3.195143222808838,1.5587358474731445
1.9223387241363525,3.1949422359466553,1.5597436428070068
1.9225307703018188,3.1938843727111816,1.5600167512893677
1.9225307703018188,3.1938843727111816,1.5600167512893677
1.921593427658081,3.192399740219116,1.5588529109954834
1.921112298965454,3.1928958892822266,1.558531403541565
1.9210776090621948,3.1924633979797363,1.5586130619049072
1.9219319820404053,3.1891183853149414,1.5589686632156372
1.9219319820404053,3.1891183853149414,1.5589686632156372
1.9219192266464233,3.1882967948913574,1.5585917234420776
1.9210286140441895,3.1894185543060303,1.5583852529525757
1.9210286140441895,3.1894185543060303,1.5583852529525757
1.9191752672195435,3.192772626876831,1.5572526454925537
1.919066309928894,3.192307949066162,1.5573934316635132
1.918959379196167,3.1925806999206543,1.555879831314087
1.9188354015350342,3.1921656131744385,1.554922342300415
1.9188354015350342,3.1921656131744385,1.554922342300415
1.9177299737930298,3.195833206176758,1.5545190572738647
1.9177473783493042,3.1957287788391113,1.5541269779205322
1.9177473783493042,3.1957287788391113,1.5541269779205322
1.9181276559829712,3.1970090866088867,1.5541387796401978
1.9181276559829712,3.1970090866088867,1.5541387796401978
1.9168288707733154,3.2020676136016846,1.5520894527435303
1.9170187711715698,3.201956033706665,1.5521999597549438
1.9173610210418701,3.201244831085205,1.5524382591247559
1.9173610210418701,3.201244831085205,1.5524382591247559
1.9180275201797485,3.201049327850342,1.5526834726333618
1.9180275201797485,3.201049327850342,1.5526834726333618
1.9171648025512695,3.2024543285369873,1.5520312786102295
1.9167940616607666,3.202843427658081,1.5556098222732544
1.9167940616607666,3.202843427658081,1.5556098222732544
1.9165656566619873,3.203822374343872,1.5564734935760498
1.9161062240600586,3.202436923980713,1.5558630228042603
1.916236162185669,3.2035439014434814,1.5526671409606934
1.916236162185669,3.2035439014434814,1.5526671409606934
1.9162284135818481,3.2045106887817383,1.552541732788086
1.9162284135818481,3.2045106887817383,1.552541732788086
1.916475772857666,3.203920841217041,1.5531809329986572
1.9163219928741455,3.204967498779297,1.5514870882034302
1.9164963960647583,3.2053239345550537,1.548621654510498
1.9164963960647583,3.2053239345550537,1.548621654510498
1.9170501232147217,3.206681251525879,1.5437952280044556
1.9170501232147217,3.206681251525879,1.5437952280044556
1.9182453155517578,3.2058706283569336,1.5417412519454956
1.9182453155517578,3.2058706283569336,1.5417412519454956
1.9183584451675415,3.2085165977478027,1.540184497833252
1.9183599948883057,3.2102060317993164,1.5381171703338623
1.9183599948883057,3.2102060317993164,1.5381171703338623
1.920196294784546,3.2075672149658203,1.5336567163467407
1.9204310178756714,3.2062976360321045,1.5320829153060913
1.9204310178756714,3.2062976360321045,1.5320829153060913
1.9201624393463135,3.207132339477539,1.529402256011963
1.9193040132522583,3.2073023319244385,1.5279512405395508
1.9193040132522583,3.2073023319244385,1.5279512405395508
1.920473337173462,3.20576810836792,1.523794174194336
1.920473337173462,3.20576810836792,1.523794174194336
1.9207323789596558,3.2081737518310547,1.521806001663208
1.9202570915222168,3.210545301437378,1.5196646451950073
1.920059084892273,3.212087869644165,1.5183625221252441
1.920059084892273,3.212087869644165,1.5183625221252441
1.920790195465088,3.2094786167144775,1.518774151802063
1.9213119745254517,3.209885835647583,1.520005226135254
1.9213119745254517,3.209885835647583,1.520005226135254
1.9211182594299316,3.2115299701690674,1.5192785263061523
1.9214673042297363,3.212017297744751,1.518537163734436
1.9214330911636353,3.211217164993286,1.5180584192276
1.9214330911636353,3.211217164993286,1.5180584192276
1.9210872650146484,3.211697578430176,1.5166783332824707
1.9207512140274048,3.211477279663086,1.5158073902130127
1.9207512140274048,3.211477279663086,1.5158073902130127
1.9203873872756958,3.211923837661743,1.514392614364624
1.92068350315094,3.2107367515563965,1.5155478715896606
1.92068350315094,3.2107367515563965,1.5155478715896606
1.921177864074707,3.2102601528167725,1.5162688493728638
1.921177864074707,3.2102601528167725,1.5162688493728638
1.91997230052948,3.215291738510132,1.5133490562438965
1.91997230052948,3.215291738510132,1.5133490562438965
1.9200741052627563,3.2158868312835693,1.5093885660171509
1.919785499572754,3.2165870666503906,1.5072201490402222
1.919785499572754,3.2165870666503906,1.5072201490402222
1.919724464416504,3.2172300815582275,1.503173828125
1.918736219406128,3.22074294090271,1.500645399093628
1.9186304807662964,3.2206497192382812,1.4998071193695068
1.9186304807662964,3.2206497192382812,1.4998071193695068
1.9183660745620728,3.220301389694214,1.499282956123352
1.9183660745620728,3.220301389694214,1.499282956123352
1.917412519454956,3.221220016479492,1.4977322816848755
1.9171379804611206,3.223634719848633,1.4983099699020386
1.9159364700317383,3.2272331714630127,1.4973820447921753
1.9159364700317383,3.2272331714630127,1.4973820447921753
1.9168225526809692,3.2262978553771973,1.4954167604446411
1.9173040390014648,3.226210832595825,1.4935020208358765
1.9165130853652954,3.2309114933013916,1.4890108108520508
1.9165130853652954,3.2309114933013916,1.4890108108520508
1.9157744646072388,3.232738733291626,1.4879353046417236
1.9158642292022705,3.2331132888793945,1.4870667457580566
1.9162993431091309,3.231853485107422,1.4874354600906372
1.9159355163574219,3.232236862182617,1.4883179664611816
1.9159355163574219,3.232236862182617,1.4883179664611816
1.914548635482788,3.2352230548858643,1.492584466934204
1.9150285720825195,3.233677864074707,1.4933834075927734
1.9156379699707031,3.2332053184509277,1.4920413494110107
1.9156379699707031,3.2332053184509277,1.4920413494110107
1.91640043258667,3.234532117843628,1.485410213470459
1.916378140449524,3.2352614402770996,1.4810508489608765
1.916378140449524,3.2352614402770996,1.4810508489608765
1.9159057140350342,3.2380402088165283,1.476388692855835
1.9162442684173584,3.237208127975464,1.4749212265014648
1.9162442684173584,3.237208127975464,1.4749212265014648
1.9167639017105103,3.2358250617980957,1.4732781648635864
1.9165887832641602,3.2367591857910156,1.4700316190719604
1.9164385795593262,3.2373132705688477,1.4678688049316406
1.9164385795593262,3.2373132705688477,1.4678688049316406
1.9168322086334229,3.237175703048706,1.465583324432373
1.917008876800537,3.2364113330841064,1.4654277563095093
1.917008876800537,3.2364113330841064,1.4654277563095093
1.9170429706573486,3.237269639968872,1.4671165943145752
1.9170429706573486,3.237269639968872,1.4671165943145752
1.9160534143447876,3.2383038997650146,1.4695476293563843
1.9157814979553223,3.2379093170166016,1.4702491760253906
1.9157814979553223,3.2379093170166016,1.4702491760253906
1.915784239768982,3.237708806991577,1.468697190284729
1.9159133434295654,3.2397892475128174,1.4641107320785522
1.9159133434295654,3.2397892475128174,1.4641107320785522
1.9160929918289185,3.240060567855835,1.4629329442977905
1.9162057638168335,3.239898681640625,1.462874174118042
1.9162057638168335,3.239898681640625,1.462874174118042
1.917442798614502,3.237051010131836,1.4637203216552734
1.9171403646469116,3.239082098007202,1.459976315498352
1.9167507886886597,3.241048812866211,1.4577484130859375
1.9172593355178833,3.239550828933716,1.4542526006698608
1.917712688446045,3.239187002182007,1.450387716293335
1.917712688446045,3.239187002182007,1.450387716293335
1.9188307523727417,3.2389261722564697,1.4471925497055054
1.9191631078720093,3.2401018142700195,1.4407402276992798
1.918781042098999,3.2416343688964844,1.43911612033844
1.918781042098999,3.2416343688964844,1.43911612033844
1.9194051027297974,3.242056369781494,1.436610460281372
1.919530987739563,3.241488456726074,1.4347344636917114
1.919530987739563,3.241488456726074,1.4347344636917114
1.9196056127548218,3.2414329051971436,1.4310590028762817
1.9196056127548218,3.2414329051971436,1.4310590028762817
1.9190552234649658,3.241946220397949,1.4317430257797241
1.9190552234649658,3.241946220397949,1.4317430257797241
1.9195739030838013,3.240893602371216,1.4341109991073608
1.9191670417785645,3.2419488430023193,1.4345532655715942
1.9191670417785645,3.2419488430023193,1.4345532655715942
1.9177385568618774,3.244481086730957,1.4322035312652588
1.9177385568618774,3.244481086730957,1.4322035312652588
1.9171924591064453,3.245086193084717,1.4305514097213745
1.9177335500717163,3.244431972503662,1.4295300245285034
1.9177335500717163,3.244431972503662,1.4295300245285034
1.9172866344451904,3.244884967803955,1.4307359457015991
1.9160809516906738,3.2466280460357666,1.4307430982589722
1.9160809516906738,3.2466280460357666,1.4307430982589722
1.9149523973464966,3.248513698577881,1.4304524660110474
1.9144072532653809,3.2491629123687744,1.4287251234054565
1.9143145084381104,3.2491626739501953,1.4257854223251343
1.9146479368209839,3.2501258850097656,1.4240763187408447
1.9146479368209839,3.2501258850097656,1.4240763187408447
1.9149118661880493,3.2512319087982178,1.4224050045013428
1.9153602123260498,3.250610828399658,1.422410011291504
1.9160069227218628,3.2507007122039795,1.4213488101959229
1.9160069227218628,3.2507007122039795,1.4213488101959229
1.9159024953842163,3.2533366680145264,1.4179290533065796
1.9165313243865967,3.253469944000244,1.4158973693847656
1.9165313243865967,3.253469944000244,1.4158973693847656
1.9173448085784912,3.2541539669036865,1.4094860553741455
1.91775643825531,3.256513833999634,1.4029873609542847
1.9178264141082764,3.25606369972229,1.401004672050476
1.9178264141082764,3.25606369972229,1.401004672050476
1.91771399974823,3.25701642036438,1.3972885608673096
1.9179919958114624,3.2571334838867188,1.3955392837524414
1.9179919958114624,3.2571334838867188,1.3955392837524414
1.9186022281646729,3.2571358680725098,1.3920531272888184
1.9182462692260742,3.257833480834961,1.3907051086425781
1.9182462692260742,3.257833480834961,1.3907051086425781
1.9169706106185913,3.259643077850342,1.3885141611099243
1.9169706106185913,3.259643077850342,1.3885141611099243
1.9177874326705933,3.2577521800994873,1.3874982595443726
1.918117880821228,3.2578482627868652,1.3879384994506836
1.918117880821228,3.2578482627868652,1.3879384994506836
1.9169899225234985,3.260650634765625,1.3871755599975586
1.9169899225234985,3.260650634765625,1.3871755599975586
1.9170372486114502,3.261333703994751,1.3858561515808105
1.9174717664718628,3.260404109954834,1.3844186067581177
1.9174717664718628,3.260404109954834,1.3844186067581177
1.9164471626281738,3.263204574584961,1.3832669258117676
1.9155738353729248,3.26466965675354,1.3839401006698608
1.9155738353729248,3.26466965675354,1.3839401006698608
1.9148013591766357,3.265810251235962,1.3842082023620605
1.9147034883499146,3.266141176223755,1.381414771080017
1.9145780801773071,3.266925811767578,1.3799229860305786
1.9145780801773071,3.266925811767578,1.3799229860305786
1.9133343696594238,3.271649122238159,1.375928521156311
1.9133343696594238,3.271649122238159,1.375928521156311
1.9142792224884033,3.2709085941314697,1.3730131387710571
1.9149665832519531,3.270723819732666,1.3696686029434204
1.9144291877746582,3.2724196910858154,1.3686647415161133
1.914064645767212,3.2732093334198,1.3660300970077515
1.914064645767212,3.2732093334198,1.3660300970077515
1.91424560546875,3.272841215133667,1.3650121688842773
1.9148772954940796,3.2725250720977783,1.3634759187698364
1.9151368141174316,3.273571729660034,1.3632593154907227
1.9151368141174316,3.273571729660034,1.3632593154907227
1.9144246578216553,3.2741265296936035,1.3605172634124756
1.9139729738235474,3.2755496501922607,1.3594623804092407
1.9146114587783813,3.2750158309936523,1.355901837348938
1.9149093627929688,3.2754738330841064,1.3526772260665894
1.9149093627929688,3.2754738330841064,1.3526772260665894
1.915413498878479,3.275200366973877,1.3457988500595093
1.915413498878479,3.275200366973877,1.3457988500595093
1.915112853050232,3.276481866836548,1.3454606533050537
1.916925311088562,3.2739524841308594,1.3464996814727783
1.916925311088562,3.2739524841308594,1.3464996814727783
1.917514443397522,3.2730069160461426,1.3459621667861938
1.9163891077041626,3.27665638923645,1.3450303077697754
1.916416049003601,3.2759664058685303,1.3447202444076538
1.916416049003601,3.2759664058685303,1.3447202444076538
1.9168355464935303,3.275362253189087,1.343645453453064
1.9171756505966187,3.274864435195923,1.3442437648773193
1.9171756505966187,3.274864435195923,1.3442437648773193
1.9167296886444092,3.276622772216797,1.344705581665039
1.9167296886444092,3.276622772216797,1.344705581665039
1.9160113334655762,3.2774906158447266,1.3445175886154175
1.9160282611846924,3.2779741287231445,1.3435940742492676
1.9160282611846924,3.2779741287231445,1.3435940742492676
1.915738821029663,3.278218984603882,1.3418538570404053
1.915384292602539,3.2787041664123535,1.3404169082641602
1.9134764671325684,3.283728837966919,1.334617257118225
1.9134764671325684,3.283728837966919,1.334617257118225
1.9141080379486084,3.28163743019104,1.3316137790679932
1.9139102697372437,3.282003164291382,1.329909086227417
1.9139102697372437,3.282003164291382,1.329909086227417
1.913131594657898,3.28425669670105,1.3271301984786987
1.913131594657898,3.28425669670105,1.3271301984786987
1.9122939109802246,3.2873692512512207,1.3233332633972168
1.9129796028137207,3.286919116973877,1.3215727806091309
1.9143177270889282,3.2853989601135254,1.3154942989349365
1.9146376848220825,3.2864036560058594,1.3136229515075684
1.9146023988723755,3.287700891494751,1.3120532035827637
1.9146023988723755,3.287700891494751,1.3120532035827637
1.9188480377197266,3.2780635356903076,1.321753978729248
1.9188480377197266,3.2780635356903076,1.321753978729248
1.922694444656372,3.2704522609710693,1.3375178575515747
1.9216171503067017,3.275419235229492,1.3422343730926514
