x,y,z
1.6140860319137573,2.5309858322143555,3.2106833457946777
1.6140860319137573,2.5309858322143555,3.2106833457946777
1.6155437231063843,2.531345844268799,3.209923267364502
1.614807367324829,2.531423330307007,3.209911584854126
1.614807367324829,2.531423330307007,3.209911584854126
1.61556077003479,2.5311410427093506,3.2102205753326416
1.616094946861267,2.531489610671997,3.2090904712677
1.616094946861267,2.531489610671997,3.2090904712677
1.6177924871444702,2.5310497283935547,3.2092175483703613
1.619094967842102,2.5303726196289062,3.211001396179199
1.6198434829711914,2.5293819904327393,3.213663101196289
1.6198434829711914,2.5293819904327393,3.213663101196289
1.6203913688659668,2.5293526649475098,3.213304281234741
1.6223725080490112,2.5282957553863525,3.215564489364624
1.6223725080490112,2.5282957553863525,3.215564489364624
1.6232243776321411,2.5275192260742188,3.217350721359253
1.6243953704833984,2.5270209312438965,3.2203569412231445
1.6243953704833984,2.5270209312438965,3.2203569412231445
1.6270631551742554,2.525925636291504,3.2208194732666016
1.6295733451843262,2.5254719257354736,3.2213034629821777
1.6295733451843262,2.5254719257354736,3.2213034629821777
1.6319165229797363,2.5249249935150146,3.2232861518859863
1.6317837238311768,2.52492094039917,3.2250866889953613
1.6319376230239868,2.525268077850342,3.2251510620117188
1.6319376230239868,2.525268077850342,3.2251510620117188
1.6341460943222046,2.5245838165283203,3.226378917694092
1.6357060670852661,2.5246448516845703,3.226773500442505
1.6357060670852661,2.5246448516845703,3.226773500442505
1.6370606422424316,2.5240869522094727,3.229266405105591
1.6390637159347534,2.523458242416382,3.2326200008392334
1.6390637159347534,2.523458242416382,3.2326200008392334
1.6417468786239624,2.5227298736572266,3.235690116882324
1.6418474912643433,2.522185802459717,3.237436056137085
1.6416685581207275,2.5218007564544678,3.2385451793670654
1.6416685581207275,2.5218007564544678,3.2385451793670654
1.6406941413879395,2.5217084884643555,3.239557981491089
1.641287922859192,2.5220186710357666,3.239614248275757
1.6435930728912354,2.5221762657165527,3.240159273147583
1.6435930728912354,2.5221762657165527,3.240159273147583
1.6446611881256104,2.5219645500183105,3.2411632537841797
1.6450440883636475,2.521831750869751,3.240854024887085
1.6449227333068848,2.5222456455230713,3.239365816116333
1.6449227333068848,2.5222456455230713,3.239365816116333
1.6455483436584473,2.522516965866089,3.2384698390960693
1.6457964181900024,2.523056983947754,3.2373321056365967
1.6457123756408691,2.5236408710479736,3.237197160720825
1.6457123756408691,2.5236408710479736,3.237197160720825
1.64661705493927,2.5232534408569336,3.2367327213287354
1.646942377090454,2.523597002029419,3.2372846603393555
1.646942377090454,2.523597002029419,3.2372846603393555
1.646734356880188,2.5240461826324463,3.236504316329956
1.6467548608779907,2.523902416229248,3.237839698791504
1.6467548608779907,2.523902416229248,3.237839698791504
1.6472773551940918,2.523993492126465,3.2382264137268066
1.6478908061981201,2.5234241485595703,3.239905595779419
1.6478908061981201,2.5234241485595703,3.239905595779419
1.6485683917999268,2.52290940284729,3.2409231662750244
1.6481205224990845,2.523432493209839,3.239943265914917
1.6481205224990845,2.523432493209839,3.239943265914917
1.645471215248108,2.5243935585021973,3.237740993499756
1.6449589729309082,2.524822235107422,3.233548641204834
1.6449589729309082,2.524822235107422,3.233548641204834
1.6448689699172974,2.5246622562408447,3.2341458797454834
1.6448904275894165,2.5247867107391357,3.235529899597168
1.6456691026687622,2.523606777191162,3.2395339012145996
1.6456691026687622,2.523606777191162,3.2395339012145996
1.6455391645431519,2.523757219314575,3.2378439903259277
1.644463062286377,2.523749351501465,3.237971067428589
1.644463062286377,2.523749351501465,3.237971067428589
1.6430003643035889,2.524301767349243,3.2377841472625732
1.6421951055526733,2.5250167846679688,3.2375986576080322
1.6421951055526733,2.5250167846679688,3.2375986576080322
1.6439217329025269,2.5245723724365234,3.239609956741333
1.6464717388153076,2.524216413497925,3.2423253059387207
1.6464717388153076,2.524216413497925,3.2423253059387207
1.6475685834884644,2.524186849594116,3.2455692291259766
1.6487382650375366,2.5238542556762695,3.2482657432556152
1.6487382650375366,2.5238542556762695,3.2482657432556152
1.649266242980957,2.5238821506500244,3.249250888824463
1.6500486135482788,2.5241644382476807,3.2493162155151367
1.6500486135482788,2.5241644382476807,3.2493162155151367
1.6510807275772095,2.5243637561798096,3.249864101409912
1.651582956314087,2.5245285034179688,3.25123929977417
1.651582956314087,2.5245285034179688,3.25123929977417
1.6528016328811646,2.524906873703003,3.251148223876953
1.6538687944412231,2.524855852127075,3.25076961517334
1.6553207635879517,2.524578809738159,3.252124309539795
1.6553207635879517,2.524578809738159,3.252124309539795
1.6556496620178223,2.524977445602417,3.252070188522339
1.656946063041687,2.5246217250823975,3.2545297145843506
1.656946063041687,2.5246217250823975,3.2545297145843506
1.65813148021698,2.5249152183532715,3.257417678833008
1.6588025093078613,2.5250964164733887,3.2592108249664307
1.6585469245910645,2.5255041122436523,3.260179281234741
1.6585785150527954,2.525646209716797,3.259883403778076
1.6585785150527954,2.525646209716797,3.259883403778076
1.6588428020477295,2.5254621505737305,3.2598049640655518
1.6588743925094604,2.5256941318511963,3.2615959644317627
1.6588743925094604,2.5256941318511963,3.2615959644317627
1.659701943397522,2.525477409362793,3.2643303871154785
1.6615238189697266,2.525526285171509,3.2656102180480957
1.6615238189697266,2.525526285171509,3.2656102180480957
1.6606993675231934,2.5251049995422363,3.2674577236175537
1.658301830291748,2.525148868560791,3.2684686183929443
1.658301830291748,2.525148868560791,3.2684686183929443
1.6558361053466797,2.5256459712982178,3.2698442935943604
1.6565133333206177,2.5258290767669678,3.2694814205169678
1.6565133333206177,2.5258290767669678,3.2694814205169678
1.657029390335083,2.5254032611846924,3.269486427307129
1.657981038093567,2.525172233581543,3.269031286239624
1.6573286056518555,2.5250651836395264,3.2699947357177734
1.6573286056518555,2.5250651836395264,3.2699947357177734
1.6562330722808838,2.5255606174468994,3.271845579147339
1.6569116115570068,2.5256059169769287,3.2749786376953125
1.657928228378296,2.5254571437835693,3.275913715362549
1.657928228378296,2.5254571437835693,3.275913715362549
1.6585042476654053,2.5254499912261963,3.2759206295013428
1.6575440168380737,2.525569438934326,3.2763900756835938
1.6575440168380737,2.525569438934326,3.2763900756835938
1.6570570468902588,2.526184558868408,3.276606321334839
1.6560959815979004,2.5264182090759277,3.2779552936553955
1.6560959815979004,2.5264182090759277,3.2779552936553955
1.6549036502838135,2.5264925956726074,3.279463291168213
1.654383897781372,2.526583433151245,3.281505584716797
1.654383897781372,2.526583433151245,3.281505584716797
1.6549968719482422,2.526542901992798,3.2822489738464355
1.6560934782028198,2.526089906692505,3.28378963470459
1.6560934782028198,2.526089906692505,3.28378963470459
1.656068205833435,2.5261452198028564,3.2841222286224365
1.6549714803695679,2.526437282562256,3.285276174545288
1.6549714803695679,2.526437282562256,3.285276174545288
1.6543852090835571,2.5266919136047363,3.286318778991699
1.6558177471160889,2.5262539386749268,3.2889065742492676
1.6558177471160889,2.5262539386749268,3.2889065742492676
1.6577647924423218,2.526052474975586,3.290616512298584
1.6590523719787598,2.526195764541626,3.2910819053649902
1.6590523719787598,2.526195764541626,3.2910819053649902
1.6599029302597046,2.525960922241211,3.2926931381225586
1.659971833229065,2.5260162353515625,3.2949881553649902
1.659971833229065,2.5260162353515625,3.2949881553649902
1.6602646112442017,2.5258235931396484,3.299053907394409
1.6625735759735107,2.5260276794433594,3.3011693954467773
1.6636465787887573,2.5264601707458496,3.3030078411102295
1.6636465787887573,2.5264601707458496,3.3030078411102295
1.6647497415542603,2.52677059173584,3.3042237758636475
1.6657910346984863,2.52693510055542,3.3067281246185303
1.6657910346984863,2.52693510055542,3.3067281246185303
1.6667745113372803,2.5267865657806396,3.3095240592956543
1.6688475608825684,2.52663516998291,3.311521053314209
1.6688475608825684,2.52663516998291,3.311521053314209
1.6693389415740967,2.526461362838745,3.3115041255950928
1.6681060791015625,2.526939630508423,3.30969500541687
1.6681060791015625,2.526939630508423,3.30969500541687
1.666141390800476,2.527205467224121,3.3101308345794678
1.66451895236969,2.5278568267822266,3.309626340866089
1.66451895236969,2.5278568267822266,3.309626340866089
1.6647785902023315,2.527423858642578,3.311192274093628
1.6644381284713745,2.527259111404419,3.3130459785461426
1.6639490127563477,2.5272114276885986,3.314671516418457
1.6639490127563477,2.5272114276885986,3.314671516418457
1.664508581161499,2.527522563934326,3.3147940635681152
1.6646862030029297,2.5274438858032227,3.3158185482025146
1.6636818647384644,2.527482032775879,3.3163065910339355
1.6636818647384644,2.527482032775879,3.3163065910339355
1.6632020473480225,2.527775287628174,3.315582513809204
1.6646897792816162,2.527465343475342,3.3171226978302
1.6646897792816162,2.527465343475342,3.3171226978302
1.6651370525360107,2.5272738933563232,3.3189735412597656
1.6651734113693237,2.527794599533081,3.3196523189544678
1.6651734113693237,2.527794599533081,3.3196523189544678
1.6638615131378174,2.528411388397217,3.3204286098480225
1.663265347480774,2.5287210941314697,3.321204423904419
1.663265347480774,2.5287210941314697,3.321204423904419
1.663801670074463,2.528585195541382,3.324084997177124
1.6653621196746826,2.528857707977295,3.327664852142334
1.6660395860671997,2.5292277336120605,3.328596830368042
1.6660395860671997,2.5292277336120605,3.328596830368042
1.6671974658966064,2.5294747352600098,3.3276607990264893
1.6670317649841309,2.5294127464294434,3.3268117904663086
1.6670317649841309,2.5294127464294434,3.3268117904663086
1.6666336059570312,2.5299463272094727,3.327354907989502
1.6670045852661133,2.530153751373291,3.329853057861328
1.6685091257095337,2.530362606048584,3.3314919471740723
1.6685091257095337,2.530362606048584,3.3314919471740723
1.6696035861968994,2.530381917953491,3.3326456546783447
1.6710140705108643,2.5305135250091553,3.333390951156616
1.6710140705108643,2.5305135250091553,3.333390951156616
1.6724040508270264,2.5301880836486816,3.3351833820343018
1.673850655555725,2.5300004482269287,3.3376638889312744
1.6748592853546143,2.5301475524902344,3.3407516479492188
1.6748592853546143,2.5301475524902344,3.3407516479492188
1.674720287322998,2.530994176864624,3.3433005809783936
1.6739649772644043,2.53185772895813,3.342874526977539
1.6739649772644043,2.53185772895813,3.342874526977539
1.674070954322815,2.5322318077087402,3.342912435531616
1.6752797365188599,2.5315921306610107,3.344005584716797
1.6752797365188599,2.5315921306610107,3.344005584716797
1.6753171682357788,2.531392812728882,3.3444645404815674
1.6757900714874268,2.5309300422668457,3.3461415767669678
1.6757900714874268,2.5309300422668457,3.3461415767669678
1.675489902496338,2.5309009552001953,3.34702467918396
1.6752269268035889,2.530524253845215,3.348146438598633
1.6752269268035889,2.530524253845215,3.348146438598633
1.6752570867538452,2.5307414531707764,3.3486790657043457
1.6747323274612427,2.5309882164001465,3.3486721515655518
1.6756227016448975,2.531463861465454,3.348306894302368
1.6756227016448975,2.531463861465454,3.348306894302368
1.6762255430221558,2.5319268703460693,3.3505373001098633
1.6766222715377808,2.531986713409424,3.3535141944885254
1.6766222715377808,2.531986713409424,3.3535141944885254
1.6784720420837402,2.5319418907165527,3.3548593521118164
1.6806342601776123,2.531620502471924,3.356433153152466
1.6806342601776123,2.531620502471924,3.356433153152466
1.6818755865097046,2.531487464904785,3.3589773178100586
1.6821781396865845,2.531644821166992,3.360595226287842
1.6821781396865845,2.531644821166992,3.360595226287842
1.6836012601852417,2.531222105026245,3.3623342514038086
1.6849572658538818,2.5312108993530273,3.362924337387085
1.6849572658538818,2.5312108993530273,3.362924337387085
1.6845585107803345,2.5312600135803223,3.36165714263916
1.6836323738098145,2.5310099124908447,3.3622236251831055
1.6836323738098145,2.5310099124908447,3.3622236251831055
1.6843990087509155,2.5313127040863037,3.362758159637451
1.6853419542312622,2.53104305267334,3.3641836643218994
1.6853419542312622,2.53104305267334,3.3641836643218994
1.6861844062805176,2.5310451984405518,3.3655991554260254
1.6850966215133667,2.5315513610839844,3.366586208343506
1.6850966215133667,2.5315513610839844,3.366586208343506
1.6832624673843384,2.5319950580596924,3.3654325008392334
1.6843258142471313,2.531589984893799,3.364908218383789
1.6861838102340698,2.5312228202819824,3.3675193786621094
1.6861838102340698,2.5312228202819824,3.3675193786621094
1.6879733800888062,2.531440258026123,3.370638847351074
1.689144253730774,2.5312228202819824,3.3740954399108887
1.689144253730774,2.5312228202819824,3.3740954399108887
1.6926873922348022,2.5307576656341553,3.3796136379241943
1.695448637008667,2.5304901599884033,3.3815455436706543
1.695448637008667,2.5304901599884033,3.3815455436706543
1.6975305080413818,2.5300800800323486,3.382436513900757
1.6970016956329346,2.5301454067230225,3.3822524547576904
1.6970016956329346,2.5301454067230225,3.3822524547576904
1.6970601081848145,2.530468463897705,3.382946252822876
1.6965614557266235,2.5307435989379883,3.3839564323425293
1.6965614557266235,2.5307435989379883,3.3839564323425293
1.6971369981765747,2.530883312225342,3.3836019039154053
1.6969712972640991,2.5307185649871826,3.3841936588287354
1.6969712972640991,2.5307185649871826,3.3841936588287354
1.69510817527771,2.531386613845825,3.3831112384796143
1.69403874874115,2.5319855213165283,3.382554769515991
1.69403874874115,2.5319855213165283,3.382554769515991
1.6938430070877075,2.5318450927734375,3.38187837600708
1.6934797763824463,2.5323824882507324,3.3816425800323486
1.6934797763824463,2.5323824882507324,3.3816425800323486
1.6912245750427246,2.533651828765869,3.381833553314209
1.6914414167404175,2.533724546432495,3.3828330039978027
1.6914414167404175,2.533724546432495,3.3828330039978027
1.6940090656280518,2.533416748046875,3.3859949111938477
1.695791244506836,2.533674478530884,3.388406276702881
1.69706392288208,2.5338878631591797,3.3919930458068848
1.69706392288208,2.5338878631591797,3.3919930458068848
1.6980310678482056,2.5344128608703613,3.391340494155884
1.6980310678482056,2.5344128608703613,3.391340494155884
1.6988579034805298,2.5345237255096436,3.3918044567108154
1.7004420757293701,2.5347964763641357,3.393193006515503
1.7004420757293701,2.5347964763641357,3.393193006515503
1.7024519443511963,2.534689426422119,3.396374464035034
1.7041189670562744,2.534921646118164,3.3979651927948
1.705358624458313,2.5355417728424072,3.3981008529663086
1.7070473432540894,2.5362417697906494,3.3984131813049316
1.7070473432540894,2.5362417697906494,3.3984131813049316
1.7081341743469238,2.536675453186035,3.3999414443969727
1.7061065435409546,2.538177251815796,3.4010682106018066
1.7061065435409546,2.538177251815796,3.4010682106018066
1.700255274772644,2.540757894515991,3.3980650901794434
1.6991983652114868,2.5407426357269287,3.396787166595459
1.6991983652114868,2.5407426357269287,3.396787166595459
1.700212001800537,2.5402185916900635,3.397454023361206
1.7028828859329224,2.5398788452148438,3.4013192653656006
1.7028828859329224,2.5398788452148438,3.4013192653656006
1.7064708471298218,2.5398032665252686,3.4043872356414795
1.7080895900726318,2.540400505065918,3.4059135913848877
1.7080895900726318,2.540400505065918,3.4059135913848877
1.7083555459976196,2.5417492389678955,3.406017303466797
1.7076351642608643,2.543174982070923,3.4050393104553223
1.7076351642608643,2.543174982070923,3.4050393104553223
1.7058669328689575,2.544440269470215,3.403533697128296
1.7054914236068726,2.5447793006896973,3.4031386375427246
1.7054914236068726,2.5447793006896973,3.4031386375427246
1.7065958976745605,2.5447661876678467,3.4025797843933105
1.706910252571106,2.5449442863464355,3.4033145904541016
1.706910252571106,2.5449442863464355,3.4033145904541016
1.7069978713989258,2.5449111461639404,3.406917095184326
1.7077608108520508,2.5451090335845947,3.4071009159088135
1.70803964138031,2.545419692993164,3.4060988426208496
1.70803964138031,2.545419692993164,3.4060988426208496
1.7075284719467163,2.545445680618286,3.4054431915283203
1.707289218902588,2.5457050800323486,3.4080493450164795
1.707289218902588,2.5457050800323486,3.4080493450164795
1.709612488746643,2.5455148220062256,3.4117259979248047
1.713876485824585,2.5452394485473633,3.41636323928833
1.713876485824585,2.5452394485473633,3.41636323928833
1.7150105237960815,2.5456793308258057,3.41831636428833
1.7151154279708862,2.5466065406799316,3.42073392868042
1.7151154279708862,2.5466065406799316,3.42073392868042
1.7147547006607056,2.547499179840088,3.422189235687256
1.714070439338684,2.5486178398132324,3.4240684509277344
1.712753415107727,2.549318790435791,3.424818754196167
1.712753415107727,2.549318790435791,3.424818754196167
1.7112163305282593,2.5504727363586426,3.424450397491455
1.708528995513916,2.551619052886963,3.4240872859954834
1.708528995513916,2.551619052886963,3.4240872859954834
1.7054411172866821,2.5529978275299072,3.4243996143341064
1.705068826675415,2.5532214641571045,3.4257242679595947
1.705068826675415,2.5532214641571045,3.4257242679595947
1.704541563987732,2.5534958839416504,3.4268760681152344
1.7034910917282104,2.553682804107666,3.427422523498535
1.7034910917282104,2.553682804107666,3.427422523498535
1.7023662328720093,2.5546586513519287,3.426795482635498
1.70183527469635,2.555853843688965,3.425961971282959
1.7015997171401978,2.55684232711792,3.4259729385375977
1.7015997171401978,2.55684232711792,3.4259729385375977
1.701952576637268,2.557978630065918,3.4275691509246826
1.701952576637268,2.557978630065918,3.4275691509246826
1.7031461000442505,2.5588326454162598,3.4312679767608643
1.7034711837768555,2.559757709503174,3.4333748817443848
1.7034711837768555,2.559757709503174,3.4333748817443848
1.7029415369033813,2.562197208404541,3.431947946548462
1.7034448385238647,2.5629029273986816,3.434141159057617
1.7034448385238647,2.5629029273986816,3.434141159057617
1.7032111883163452,2.5636587142944336,3.436497688293457
1.7041871547698975,2.565495014190674,3.437580108642578
1.7041871547698975,2.565495014190674,3.437580108642578
1.7042772769927979,2.566776990890503,3.4372501373291016
1.7050400972366333,2.565826654434204,3.4378435611724854
1.7050400972366333,2.565826654434204,3.4378435611724854
1.7052597999572754,2.5656356811523438,3.4394447803497314
1.7070170640945435,2.565176248550415,3.442746877670288
1.7070170640945435,2.565176248550415,3.442746877670288
1.7089289426803589,2.5651798248291016,3.4432103633880615
1.7102032899856567,2.565420150756836,3.444486618041992
1.7102032899856567,2.565420150756836,3.444486618041992
1.7101459503173828,2.5659420490264893,3.444579839706421
1.7103816270828247,2.566662549972534,3.4447832107543945
1.7103816270828247,2.566662549972534,3.4447832107543945
1.7113579511642456,2.5673418045043945,3.447279930114746
1.7135430574417114,2.5681021213531494,3.4465231895446777
1.7135430574417114,2.5681021213531494,3.4465231895446777
1.7111769914627075,2.56960129737854,3.4453952312469482
1.7098712921142578,2.570382833480835,3.4449539184570312
1.7093079090118408,2.5711746215820312,3.443545341491699
1.7097221612930298,2.5715174674987793,3.442788600921631
1.7097221612930298,2.5715174674987793,3.442788600921631
1.7103122472763062,2.572040319442749,3.4426183700561523
1.7089074850082397,2.5734989643096924,3.4426052570343018
1.7089074850082397,2.5734989643096924,3.4426052570343018
1.7086583375930786,2.574453592300415,3.4413976669311523
1.7096003293991089,2.575214385986328,3.4422852993011475
1.7096003293991089,2.575214385986328,3.4422852993011475
1.711942195892334,2.575528621673584,3.4456114768981934
1.7142328023910522,2.574746608734131,3.447789430618286
1.7142328023910522,2.574746608734131,3.447789430618286
1.7173043489456177,2.5747244358062744,3.4502577781677246
1.7173043489456177,2.5747244358062744,3.4502577781677246
1.7202929258346558,2.5750954151153564,3.4520363807678223
1.7233320474624634,2.575385808944702,3.454209804534912
1.7233320474624634,2.575385808944702,3.454209804534912
1.7245036363601685,2.575493097305298,3.456810235977173
1.7243540287017822,2.576117753982544,3.4585187435150146
1.7243540287017822,2.576117753982544,3.4585187435150146
1.7255477905273438,2.576453924179077,3.4583258628845215
1.726613998413086,2.5765066146850586,3.4579598903656006
1.726613998413086,2.5765066146850586,3.4579598903656006
1.726835012435913,2.5770797729492188,3.4589719772338867
1.726588487625122,2.5776729583740234,3.46280837059021
1.726588487625122,2.5776729583740234,3.46280837059021
1.7299879789352417,2.576944589614868,3.4624757766723633
1.731790542602539,2.577133893966675,3.462078332901001
1.731790542602539,2.577133893966675,3.462078332901001
1.732001781463623,2.577967643737793,3.4631574153900146
1.7310340404510498,2.579275369644165,3.462895154953003
1.7310340404510498,2.579275369644165,3.462895154953003
1.7295103073120117,2.5803885459899902,3.461954116821289
1.727041482925415,2.582043170928955,3.45935320854187
1.727041482925415,2.582043170928955,3.45935320854187
1.7274692058563232,2.582200050354004,3.460829734802246
1.7281099557876587,2.58296275138855,3.4630064964294434
1.7281099557876587,2.58296275138855,3.4630064964294434
1.7284342050552368,2.584003448486328,3.4648728370666504
1.7283687591552734,2.584510087966919,3.4637417793273926
1.7283687591552734,2.584510087966919,3.4637417793273926
1.7284775972366333,2.5844359397888184,3.4633517265319824
1.7274284362792969,2.5845417976379395,3.46124005317688
1.7274284362792969,2.5845417976379395,3.46124005317688
1.7268985509872437,2.5844180583953857,3.462402582168579
1.7275738716125488,2.584472417831421,3.4648778438568115
1.7275738716125488,2.584472417831421,3.4648778438568115
1.7286776304244995,2.5846304893493652,3.466461420059204
1.7289478778839111,2.5853512287139893,3.466651201248169
1.7289478778839111,2.5853512287139893,3.466651201248169
1.727773904800415,2.5860795974731445,3.4676759243011475
1.7272001504898071,2.5860652923583984,3.468616247177124
1.7272001504898071,2.5860652923583984,3.468616247177124
1.726994276046753,2.5863897800445557,3.4687750339508057
1.7272261381149292,2.5865983963012695,3.470107078552246
1.7272261381149292,2.5865983963012695,3.470107078552246
1.727033257484436,2.5869853496551514,3.4716808795928955
1.7265805006027222,2.587538003921509,3.4717421531677246
1.7265805006027222,2.587538003921509,3.4717421531677246
1.7273167371749878,2.5875508785247803,3.4719817638397217
1.7271844148635864,2.5877604484558105,3.472444534301758
1.7271844148635864,2.5877604484558105,3.472444534301758
1.7272838354110718,2.588263511657715,3.4741761684417725
1.729279637336731,2.58817195892334,3.4755120277404785
1.7298542261123657,2.58821177482605,3.4760191440582275
1.7298542261123657,2.58821177482605,3.4760191440582275
1.7302097082138062,2.5886244773864746,3.4776957035064697
1.7312477827072144,2.588681221008301,3.4798543453216553
1.7312477827072144,2.588681221008301,3.4798543453216553
1.7335376739501953,2.5890731811523438,3.4804396629333496
1.7335165739059448,2.5890750885009766,3.4803688526153564
1.7335165739059448,2.5890750885009766,3.4803688526153564
1.7345391511917114,2.589090347290039,3.4810826778411865
1.7347017526626587,2.5891783237457275,3.4831085205078125
1.7347017526626587,2.5891783237457275,3.4831085205078125
1.7363059520721436,2.5891873836517334,3.4843204021453857
1.7367609739303589,2.589515209197998,3.4843854904174805
1.7342243194580078,2.5906434059143066,3.4832065105438232
1.7342243194580078,2.5906434059143066,3.4832065105438232
1.7340043783187866,2.5908522605895996,3.4833555221557617
1.735316514968872,2.5908806324005127,3.4833428859710693
1.735316514968872,2.5908806324005127,3.4833428859710693
1.7380585670471191,2.5911307334899902,3.485658884048462
1.739924669265747,2.5912625789642334,3.4880316257476807
1.739924669265747,2.5912625789642334,3.4880316257476807
1.7416809797286987,2.5915088653564453,3.489788055419922
1.7430944442749023,2.5918753147125244,3.491400957107544
1.7430944442749023,2.5918753147125244,3.491400957107544
1.7431660890579224,2.5921242237091064,3.492767333984375
1.7437363862991333,2.592055559158325,3.493844747543335
1.7443557977676392,2.591803789138794,3.494056224822998
1.7443557977676392,2.591803789138794,3.494056224822998
1.7441205978393555,2.5918221473693848,3.4939019680023193
1.7437645196914673,2.5923266410827637,3.4936933517456055
1.745070219039917,2.5920796394348145,3.4953103065490723
1.745070219039917,2.5920796394348145,3.4953103065490723
1.74580979347229,2.5923984050750732,3.4950718879699707
1.7465683221817017,2.5925753116607666,3.49519681930542
1.7465683221817017,2.5925753116607666,3.49519681930542
1.7488079071044922,2.5921053886413574,3.496272563934326
1.7502121925354004,2.5920794010162354,3.4968862533569336
1.7502121925354004,2.5920794010162354,3.4968862533569336
1.7504644393920898,2.5926673412323,3.498332977294922
1.7513638734817505,2.592968463897705,3.499469041824341
1.7513638734817505,2.592968463897705,3.499469041824341
1.7528828382492065,2.5932748317718506,3.501368284225464
1.755654215812683,2.5936625003814697,3.503005027770996
1.755654215812683,2.5936625003814697,3.503005027770996
1.7576318979263306,2.593777894973755,3.505152940750122
1.7582201957702637,2.5942234992980957,3.505892515182495
1.7582201957702637,2.5942234992980957,3.505892515182495
1.7584104537963867,2.5947914123535156,3.5040574073791504
1.7583519220352173,2.5948705673217773,3.503068208694458
1.7583519220352173,2.5948705673217773,3.503068208694458
1.7598153352737427,2.5948522090911865,3.5043556690216064
1.7611944675445557,2.5950868129730225,3.5078132152557373
1.7611944675445557,2.5950868129730225,3.5078132152557373
1.76320481300354,2.5949559211730957,3.510024309158325
1.7630815505981445,2.5952038764953613,3.5104808807373047
1.7630815505981445,2.5952038764953613,3.5104808807373047
1.7633881568908691,2.5952439308166504,3.5103225708007812
1.7645751237869263,2.594829559326172,3.510166645050049
1.7645751237869263,2.594829559326172,3.510166645050049
1.7645223140716553,2.5949740409851074,3.5113532543182373
1.764441967010498,2.5955402851104736,3.5128939151763916
1.764441967010498,2.5955402851104736,3.5128939151763916
1.7648656368255615,2.595884323120117,3.512232780456543
1.7654953002929688,2.5960934162139893,3.5132575035095215
1.7654953002929688,2.5960934162139893,3.5132575035095215
1.7662091255187988,2.596489191055298,3.5150580406188965
1.7675589323043823,2.596834897994995,3.517549991607666
1.7675589323043823,2.596834897994995,3.517549991607666
1.768484354019165,2.5969667434692383,3.517652988433838
1.768965721130371,2.5973777770996094,3.5176448822021484
1.768965721130371,2.5973777770996094,3.5176448822021484
1.768947720527649,2.597879648208618,3.518223762512207
1.770365834236145,2.59794545173645,3.519427537918091
1.770365834236145,2.59794545173645,3.519427537918091
1.7717119455337524,2.598254680633545,3.521369218826294
1.7727373838424683,2.5987155437469482,3.5236334800720215
1.77334725856781,2.598926544189453,3.525822877883911
1.77334725856781,2.598926544189453,3.525822877883911
1.7756093740463257,2.599170446395874,3.528325080871582
1.778084635734558,2.5989294052124023,3.5306172370910645
1.778084635734558,2.5989294052124023,3.5306172370910645
1.7784404754638672,2.5988576412200928,3.5339267253875732
1.7796943187713623,2.5997061729431152,3.5380306243896484
1.7796943187713623,2.5997061729431152,3.5380306243896484
1.7790700197219849,2.600565195083618,3.53894305229187
1.7794615030288696,2.600808620452881,3.539769411087036
1.7794615030288696,2.600808620452881,3.539769411087036
1.7801203727722168,2.600680351257324,3.5407145023345947
1.781856894493103,2.600236415863037,3.5415799617767334
1.781856894493103,2.600236415863037,3.5415799617767334
1.7823116779327393,2.600450038909912,3.5416922569274902
1.7815568447113037,2.600731134414673,3.5418198108673096
1.7816851139068604,2.6011571884155273,3.5413994789123535
1.781807541847229,2.6015465259552,3.5429091453552246
1.782311201095581,2.6022093296051025,3.5440280437469482
1.782311201095581,2.6022093296051025,3.5440280437469482
1.7825696468353271,2.6025774478912354,3.5450656414031982
1.7834510803222656,2.602938652038574,3.546248197555542
1.7834510803222656,2.602938652038574,3.546248197555542
1.7830612659454346,2.603440999984741,3.5468530654907227
1.7822492122650146,2.603788375854492,3.5465073585510254
1.7822492122650146,2.603788375854492,3.5465073585510254
1.7824729681015015,2.60429048538208,3.5459229946136475
1.782524824142456,2.604595422744751,3.5462498664855957
1.782564640045166,2.604369640350342,3.545314311981201
1.782564640045166,2.604369640350342,3.545314311981201
1.783748745918274,2.6039223670959473,3.5456674098968506
1.7853617668151855,2.6035826206207275,3.5469889640808105
1.7853617668151855,2.6035826206207275,3.5469889640808105
1.786181926727295,2.603013515472412,3.5482542514801025
1.7861377000808716,2.603188991546631,3.54811692237854
1.785452127456665,2.6031131744384766,3.547300100326538
1.785452127456665,2.6031131744384766,3.547300100326538
1.7867814302444458,2.602623224258423,3.547790765762329
1.7867406606674194,2.6033449172973633,3.5483286380767822
1.7867406606674194,2.6033449172973633,3.5483286380767822
1.7868342399597168,2.6037893295288086,3.5507254600524902
1.7868342399597168,2.6037893295288086,3.5507254600524902
1.788439154624939,2.603825569152832,3.552116632461548
1.7896312475204468,2.6043033599853516,3.553133726119995
1.7896312475204468,2.6043033599853516,3.553133726119995
1.7895148992538452,2.6046323776245117,3.553941011428833
1.7896406650543213,2.6048359870910645,3.5558555126190186
1.7909579277038574,2.604685068130493,3.556243658065796
1.7909579277038574,2.604685068130493,3.556243658065796
1.791276216506958,2.6041347980499268,3.5569145679473877
1.7923846244812012,2.604097366333008,3.5582098960876465
1.7923846244812012,2.604097366333008,3.5582098960876465
1.7949538230895996,2.6043245792388916,3.560929298400879
1.7979811429977417,2.6043026447296143,3.5641727447509766
1.7979811429977417,2.6043026447296143,3.5641727447509766
1.798256516456604,2.6049795150756836,3.565418243408203
1.7971851825714111,2.605644702911377,3.5638725757598877
1.7971851825714111,2.605644702911377,3.5638725757598877
1.798384666442871,2.6055922508239746,3.5653536319732666
1.7986222505569458,2.606048345565796,3.5658998489379883
1.7997779846191406,2.606168746948242,3.5673837661743164
1.7997779846191406,2.606168746948242,3.5673837661743164
1.8011891841888428,2.6057450771331787,3.5683000087738037
1.8017569780349731,2.605811834335327,3.567901849746704
1.8017569780349731,2.605811834335327,3.567901849746704
1.801450252532959,2.606236457824707,3.5695688724517822
1.8027863502502441,2.6065943241119385,3.571465492248535
1.8027863502502441,2.6065943241119385,3.571465492248535
1.8021199703216553,2.6070241928100586,3.5730552673339844
1.8019623756408691,2.607248306274414,3.574145793914795
1.8027209043502808,2.6070902347564697,3.5744376182556152
1.8027209043502808,2.6070902347564697,3.5744376182556152
1.8027141094207764,2.607309341430664,3.5759437084198
1.8016729354858398,2.60783314704895,3.577389717102051
1.8016729354858398,2.60783314704895,3.577389717102051
1.7992818355560303,2.608607530593872,3.5796613693237305
1.8001195192337036,2.6095664501190186,3.5786194801330566
1.8001195192337036,2.6095664501190186,3.5786194801330566
1.8014007806777954,2.6088526248931885,3.577287197113037
1.8039958477020264,2.6081840991973877,3.576754331588745
1.8043289184570312,2.6078240871429443,3.5797410011291504
1.8043289184570312,2.6078240871429443,3.5797410011291504
1.804588794708252,2.6083786487579346,3.5811383724212646
1.802879810333252,2.608895778656006,3.580552101135254
1.802879810333252,2.608895778656006,3.580552101135254
1.804421305656433,2.609373092651367,3.580747127532959
1.8068064451217651,2.609283924102783,3.5837507247924805
1.8068064451217651,2.609283924102783,3.5837507247924805
1.807926058769226,2.6098368167877197,3.585441827774048
1.8087424039840698,2.610269069671631,3.586394786834717
1.8087424039840698,2.610269069671631,3.586394786834717
1.8080873489379883,2.6100447177886963,3.585899591445923
1.8057587146759033,2.6105501651763916,3.5853283405303955
1.8057587146759033,2.6105501651763916,3.5853283405303955
1.805671215057373,2.6103668212890625,3.5851187705993652
1.8073699474334717,2.6102259159088135,3.58638072013855
1.80902898311615,2.609912872314453,3.588299036026001
1.80902898311615,2.609912872314453,3.588299036026001
1.8095085620880127,2.6100640296936035,3.591510057449341
1.8104932308197021,2.6107304096221924,3.5929746627807617
1.8104932308197021,2.6107304096221924,3.5929746627807617
1.8115235567092896,2.611609697341919,3.5939176082611084
1.8114840984344482,2.612436294555664,3.5949900150299072
1.8114840984344482,2.612436294555664,3.5949900150299072
1.811100959777832,2.6132185459136963,3.596738338470459
1.8107140064239502,2.6138482093811035,3.5970358848571777
1.8107140064239502,2.6138482093811035,3.5970358848571777
1.8095004558563232,2.6140623092651367,3.597424030303955
1.8102425336837769,2.6135873794555664,3.597780704498291
1.8102425336837769,2.6135873794555664,3.597780704498291
1.8125271797180176,2.6133224964141846,3.599111557006836
1.8149189949035645,2.612915515899658,3.6012308597564697
1.8149189949035645,2.612915515899658,3.6012308597564697
1.8153246641159058,2.6131536960601807,3.6034679412841797
1.8172863721847534,2.6134769916534424,3.604365587234497
1.8172863721847534,2.6134769916534424,3.604365587234497
1.8183578252792358,2.613372802734375,3.6033995151519775
1.8177422285079956,2.613595724105835,3.602294445037842
1.8177422285079956,2.613595724105835,3.602294445037842
1.8173524141311646,2.613801956176758,3.6023221015930176
1.8167142868041992,2.613990306854248,3.60202956199646
1.8166896104812622,2.614140510559082,3.602412700653076
1.8166896104812622,2.614140510559082,3.602412700653076
1.8176225423812866,2.6138060092926025,3.6032516956329346
1.8178958892822266,2.6137917041778564,3.603597402572632
1.8178958892822266,2.6137917041778564,3.603597402572632
1.8175544738769531,2.6138012409210205,3.602247476577759
1.8169353008270264,2.6134791374206543,3.6015539169311523
1.8169353008270264,2.6134791374206543,3.6015539169311523
1.8175657987594604,2.613717794418335,3.601680278778076
1.8184560537338257,2.6137518882751465,3.6035778522491455
1.8184560537338257,2.6137518882751465,3.6035778522491455
1.8191113471984863,2.6139137744903564,3.6055073738098145
1.820868968963623,2.6140952110290527,3.6068358421325684
1.820868968963623,2.6140952110290527,3.6068358421325684
1.8208016157150269,2.614793539047241,3.6078948974609375
1.8201837539672852,2.615570306777954,3.6081337928771973
1.8201837539672852,2.615570306777954,3.6081337928771973
1.8198179006576538,2.6162784099578857,3.6091856956481934
1.820487141609192,2.617100954055786,3.6106064319610596
1.820487141609192,2.617100954055786,3.6106064319610596
1.8212133646011353,2.6173007488250732,3.6117494106292725
1.8211301565170288,2.6176908016204834,3.6121082305908203
1.8211301565170288,2.6176908016204834,3.6121082305908203
1.8213849067687988,2.6181933879852295,3.612436056137085
1.821298599243164,2.6182777881622314,3.6128299236297607
1.821298599243164,2.6182777881622314,3.6128299236297607
1.8200430870056152,2.6186680793762207,3.6135053634643555
1.8197622299194336,2.619331121444702,3.6161296367645264
1.8197622299194336,2.619331121444702,3.6161296367645264
1.8171628713607788,2.620105504989624,3.613741874694824
1.8166685104370117,2.6201491355895996,3.6141016483306885
1.8166685104370117,2.6201491355895996,3.6141016483306885
1.8196563720703125,2.619445323944092,3.6144979000091553
1.8224290609359741,2.6189913749694824,3.6183228492736816
1.8224290609359741,2.6189913749694824,3.6183228492736816
1.8239635229110718,2.619184732437134,3.6202027797698975
1.8245850801467896,2.619072914123535,3.620919704437256
1.8245850801467896,2.619072914123535,3.620919704437256
1.8246371746063232,2.6192071437835693,3.622135877609253
1.8238389492034912,2.619678497314453,3.6229934692382812
1.8238389492034912,2.619678497314453,3.6229934692382812
1.8238314390182495,2.620206117630005,3.6253111362457275
1.8237292766571045,2.620478630065918,3.6254217624664307
1.8237292766571045,2.620478630065918,3.6254217624664307
1.8238264322280884,2.6206562519073486,3.625384569168091
1.823803186416626,2.6207869052886963,3.626084566116333
1.823803186416626,2.6207869052886963,3.626084566116333
1.8242241144180298,2.6210432052612305,3.6273772716522217
1.824657678604126,2.6215310096740723,3.6289610862731934
1.824657678604126,2.6215310096740723,3.6289610862731934
1.8249684572219849,2.621878147125244,3.630323648452759
1.8253785371780396,2.6223886013031006,3.6308906078338623
1.8253785371780396,2.6223886013031006,3.6308906078338623
1.8255033493041992,2.6228208541870117,3.6336920261383057
1.8271702527999878,2.6232855319976807,3.63671612739563
1.828331470489502,2.6235134601593018,3.6374008655548096
1.828331470489502,2.6235134601593018,3.6374008655548096
1.8267568349838257,2.623211622238159,3.6387698650360107
1.8259212970733643,2.6237921714782715,3.6409144401550293
1.8259212970733643,2.6237921714782715,3.6409144401550293
1.824797511100769,2.624403238296509,3.6409103870391846
1.824797511100769,2.624403238296509,3.6409103870391846
1.8241024017333984,2.624110221862793,3.6401846408843994
1.8240277767181396,2.6234290599823,3.6387007236480713
1.8240277767181396,2.6234290599823,3.6387007236480713
1.8220791816711426,2.6235263347625732,3.638840675354004
1.8219112157821655,2.624044895172119,3.6397135257720947
1.8219112157821655,2.624044895172119,3.6397135257720947
1.8221721649169922,2.6243338584899902,3.640354633331299
1.8209617137908936,2.625049591064453,3.6409213542938232
1.8209617137908936,2.625049591064453,3.6409213542938232
1.8203917741775513,2.6254172325134277,3.6405489444732666
1.8214905261993408,2.625169515609741,3.640953302383423
1.8214905261993408,2.625169515609741,3.640953302383423
1.8251368999481201,2.6248607635498047,3.6452794075012207
1.8296524286270142,2.625075101852417,3.6526474952697754
1.8296524286270142,2.625075101852417,3.6526474952697754
1.8324702978134155,2.62548565864563,3.655452013015747
1.834062933921814,2.625556468963623,3.656564950942993
1.834062933921814,2.625556468963623,3.656564950942993
1.833537220954895,2.626070976257324,3.6571807861328125
1.8336181640625,2.626307249069214,3.6545889377593994
1.8336181640625,2.626307249069214,3.6545889377593994
1.832214593887329,2.625939130783081,3.6514134407043457
1.8318636417388916,2.6257293224334717,3.6529266834259033
1.8318636417388916,2.6257293224334717,3.6529266834259033
1.8327569961547852,2.6259613037109375,3.6527016162872314
1.833355188369751,2.625943422317505,3.6530325412750244
1.833355188369751,2.625943422317505,3.6530325412750244
1.834206461906433,2.6261374950408936,3.6550934314727783
1.8355382680892944,2.626539945602417,3.6586289405822754
1.8355382680892944,2.626539945602417,3.6586289405822754
1.8368252515792847,2.6277809143066406,3.662951707839966
1.8370376825332642,2.6286909580230713,3.6662404537200928
1.8370376825332642,2.6286909580230713,3.6662404537200928
1.8371834754943848,2.629243850708008,3.6667439937591553
1.8381845951080322,2.6293728351593018,3.667620897293091
1.8381845951080322,2.6293728351593018,3.667620897293091
1.8404669761657715,2.6296236515045166,3.669823408126831
1.8435801267623901,2.630098581314087,3.671443223953247
1.8438233137130737,2.6298537254333496,3.6726503372192383
1.8438233137130737,2.6298537254333496,3.6726503372192383
1.8427215814590454,2.629984140396118,3.673647880554199
1.8425416946411133,2.6301755905151367,3.673926830291748
1.8425416946411133,2.6301755905151367,3.673926830291748
1.8428192138671875,2.62990403175354,3.6766910552978516
1.844648003578186,2.6302003860473633,3.6785662174224854
1.844648003578186,2.6302003860473633,3.6785662174224854
1.8475278615951538,2.6304779052734375,3.680530548095703
1.8493483066558838,2.630606174468994,3.680086612701416
1.8493483066558838,2.630606174468994,3.680086612701416
1.8489482402801514,2.6304640769958496,3.680889844894409
1.8492035865783691,2.6309597492218018,3.6828010082244873
1.8492035865783691,2.6309597492218018,3.6828010082244873
1.8509252071380615,2.6309475898742676,3.685685873031616
1.8518511056900024,2.6308023929595947,3.6874752044677734
1.8518511056900024,2.6308023929595947,3.6874752044677734
1.8519303798675537,2.6311285495758057,3.689121961593628
1.8516947031021118,2.631147623062134,3.689656972885132
1.8516947031021118,2.631147623062134,3.689656972885132
1.8515280485153198,2.630837917327881,3.691213369369507
1.8516943454742432,2.6305389404296875,3.6912097930908203
1.8516943454742432,2.6305389404296875,3.6912097930908203
1.8514825105667114,2.6302692890167236,3.6916427612304688
1.850882887840271,2.629972219467163,3.6918153762817383
1.850882887840271,2.629972219467163,3.6918153762817383
1.8504838943481445,2.6295876502990723,3.6915247440338135
1.8509758710861206,2.629432201385498,3.6923015117645264
1.8509758710861206,2.629432201385498,3.6923015117645264
1.853525996208191,2.6295294761657715,3.6932802200317383
1.8554798364639282,2.6303093433380127,3.694658041000366
1.8556013107299805,2.6310842037200928,3.6953394412994385
1.8556013107299805,2.6310842037200928,3.6953394412994385
1.8564987182617188,2.6317803859710693,3.6976306438446045
1.8580896854400635,2.633352041244507,3.7003748416900635
1.8580896854400635,2.633352041244507,3.7003748416900635
1.8583900928497314,2.633725643157959,3.701988935470581
1.859491229057312,2.6339640617370605,3.7033286094665527
1.8607666492462158,2.6345460414886475,3.706719160079956
1.8607666492462158,2.6345460414886475,3.706719160079956
1.8606572151184082,2.6348681449890137,3.710345983505249
1.8612133264541626,2.635404586791992,3.711927890777588
1.8612133264541626,2.635404586791992,3.711927890777588
1.860946536064148,2.6354877948760986,3.7139105796813965
1.8604332208633423,2.63594388961792,3.715440511703491
1.8579250574111938,2.6361300945281982,3.713468551635742
1.8579250574111938,2.6361300945281982,3.713468551635742
1.8563346862792969,2.6356499195098877,3.712411403656006
1.8553869724273682,2.63539981842041,3.711843490600586
1.8553869724273682,2.63539981842041,3.711843490600586
1.8550550937652588,2.635554313659668,3.7117514610290527
1.8551454544067383,2.635948657989502,3.7128186225891113
1.8551454544067383,2.635948657989502,3.7128186225891113
1.8551937341690063,2.6368556022644043,3.713383197784424
1.855086326599121,2.636671781539917,3.7131991386413574
1.855086326599121,2.636671781539917,3.7131991386413574
1.8554091453552246,2.636434555053711,3.7135050296783447
1.857789158821106,2.6365230083465576,3.7165918350219727
1.857789158821106,2.6365230083465576,3.7165918350219727
1.8591728210449219,2.6370153427124023,3.719837188720703
1.8603490591049194,2.6374776363372803,3.72392201423645
1.8603490591049194,2.6374776363372803,3.72392201423645
1.861807107925415,2.6377904415130615,3.7252604961395264
1.862180471420288,2.638338565826416,3.724085807800293
1.862180471420288,2.638338565826416,3.724085807800293
1.863000750541687,2.6385655403137207,3.7250235080718994
1.8637666702270508,2.6389198303222656,3.7266008853912354
1.8637666702270508,2.6389198303222656,3.7266008853912354
1.8658488988876343,2.6392881870269775,3.727674961090088
1.8680087327957153,2.639125347137451,3.729442596435547
1.8680087327957153,2.639125347137451,3.729442596435547
1.8696894645690918,2.639172077178955,3.7313895225524902
1.8703665733337402,2.6394519805908203,3.732126474380493
1.8703665733337402,2.6394519805908203,3.732126474380493
1.871811032295227,2.639575958251953,3.733459234237671
1.8731508255004883,2.6396405696868896,3.7347965240478516
1.8731508255004883,2.6396405696868896,3.7347965240478516
1.8738396167755127,2.6401801109313965,3.7366724014282227
1.8731108903884888,2.640622854232788,3.7369582653045654
1.8731108903884888,2.640622854232788,3.7369582653045654
1.8720418214797974,2.640719175338745,3.735142230987549
1.8725892305374146,2.640516519546509,3.7354092597961426
1.8726060390472412,2.64072585105896,3.7351460456848145
1.8726060390472412,2.64072585105896,3.7351460456848145
1.8718827962875366,2.64131236076355,3.7350316047668457
1.8717411756515503,2.6419286727905273,3.7363619804382324
1.8717411756515503,2.6419286727905273,3.7363619804382324
1.871936559677124,2.643019199371338,3.7344260215759277
1.872196078300476,2.643195152282715,3.7348263263702393
1.872196078300476,2.643195152282715,3.7348263263702393
1.8728371858596802,2.6435956954956055,3.7370986938476562
1.8736969232559204,2.643883228302002,3.7394771575927734
1.8736969232559204,2.643883228302002,3.7394771575927734
1.8745849132537842,2.6442384719848633,3.741847276687622
1.8744126558303833,2.644533395767212,3.742398738861084
1.8744126558303833,2.644533395767212,3.742398738861084
1.8728632926940918,2.6452128887176514,3.7435004711151123
1.8705494403839111,2.6451525688171387,3.7445003986358643
1.8705494403839111,2.6451525688171387,3.7445003986358643
1.8704304695129395,2.6452085971832275,3.7459847927093506
1.8714237213134766,2.6452157497406006,3.747598648071289
1.8714237213134766,2.6452157497406006,3.747598648071289
1.872543215751648,2.644904136657715,3.748213529586792
1.8721638917922974,2.644758462905884,3.749720573425293
1.8721638917922974,2.644758462905884,3.749720573425293
1.8714491128921509,2.6447529792785645,3.7517893314361572
1.8724262714385986,2.6445629596710205,3.7513372898101807
1.8734147548675537,2.6441266536712646,3.751845121383667
1.8734147548675537,2.6441266536712646,3.751845121383667
1.8736780881881714,2.6441147327423096,3.753129720687866
1.8757683038711548,2.644104242324829,3.7549397945404053
1.8757683038711548,2.644104242324829,3.7549397945404053
1.877188801765442,2.644166946411133,3.755728244781494
1.8772287368774414,2.6443474292755127,3.7560062408447266
1.8772287368774414,2.6443474292755127,3.7560062408447266
1.8778318166732788,2.644887924194336,3.757124185562134
1.878271222114563,2.6449387073516846,3.758000612258911
1.878271222114563,2.6449387073516846,3.758000612258911
1.8769447803497314,2.645068883895874,3.755774974822998
1.8736660480499268,2.6457881927490234,3.7562427520751953
1.8762471675872803,2.645907163619995,3.7571747303009033
1.8762471675872803,2.645907163619995,3.7571747303009033
1.8779422044754028,2.6460721492767334,3.759182929992676
1.8782566785812378,2.64620041847229,3.760327100753784
1.8793268203735352,2.6463472843170166,3.7622220516204834
1.880598783493042,2.646630048751831,3.7643673419952393
1.880598783493042,2.646630048751831,3.7643673419952393
1.88204824924469,2.6471750736236572,3.7677292823791504
1.883410096168518,2.6473445892333984,3.7684154510498047
1.8823970556259155,2.6481196880340576,3.7686352729797363
1.8823970556259155,2.6481196880340576,3.7686352729797363
1.8810691833496094,2.6481423377990723,3.767559289932251
1.8804157972335815,2.6484992504119873,3.7678306102752686
1.8804157972335815,2.6484992504119873,3.7678306102752686
1.8799113035202026,2.6489219665527344,3.767885446548462
1.8787505626678467,2.6492536067962646,3.7681150436401367
1.8787505626678467,2.6492536067962646,3.7681150436401367
1.8782591819763184,2.649226427078247,3.7677009105682373
1.8787353038787842,2.6495096683502197,3.768488645553589
1.8787353038787842,2.6495096683502197,3.768488645553589
1.8796584606170654,2.6500344276428223,3.7711005210876465
1.8799222707748413,2.650712728500366,3.7744040489196777
1.8799222707748413,2.650712728500366,3.7744040489196777
1.8817172050476074,2.650723695755005,3.774923086166382
1.8824560642242432,2.650698661804199,3.7760446071624756
1.8824560642242432,2.650698661804199,3.7760446071624756
1.8827016353607178,2.6512320041656494,3.777021646499634
1.8829067945480347,2.651301145553589,3.777599811553955
1.8829067945480347,2.651301145553589,3.777599811553955
1.882755160331726,2.650636672973633,3.7776801586151123
1.8826618194580078,2.650763988494873,3.77838134765625
1.8826618194580078,2.650763988494873,3.77838134765625
1.8809462785720825,2.65118408203125,3.7791597843170166
1.880580186843872,2.6515254974365234,3.7779200077056885
1.880580186843872,2.6515254974365234,3.7779200077056885
1.8809130191802979,2.651001214981079,3.7773067951202393
1.8819303512573242,2.650550603866577,3.779207706451416
1.8827852010726929,2.650738000869751,3.781599998474121
1.8827852010726929,2.650738000869751,3.781599998474121
1.8838871717453003,2.6505634784698486,3.7822964191436768
1.8838871717453003,2.6505634784698486,3.7822964191436768
1.8848978281021118,2.6502904891967773,3.7839083671569824
1.8851076364517212,2.650123119354248,3.7856154441833496
1.8851076364517212,2.650123119354248,3.7856154441833496
1.886157512664795,2.6510112285614014,3.7874033451080322
1.8867461681365967,2.650996685028076,3.7883670330047607
1.886122703552246,2.651263952255249,3.7887704372406006
1.886122703552246,2.651263952255249,3.7887704372406006
1.8855345249176025,2.6519529819488525,3.788917064666748
1.886315941810608,2.651808738708496,3.7898426055908203
1.886315941810608,2.651808738708496,3.7898426055908203
1.8872709274291992,2.6516010761260986,3.788585901260376
1.8865141868591309,2.651453971862793,3.7890238761901855
1.8865141868591309,2.651453971862793,3.7890238761901855
1.8877242803573608,2.651540517807007,3.7917468547821045
1.8890721797943115,2.652385950088501,3.795581579208374
1.8890721797943115,2.652385950088501,3.795581579208374
1.8906309604644775,2.652783155441284,3.7964229583740234
1.8912830352783203,2.6523025035858154,3.797210931777954
1.8912830352783203,2.6523025035858154,3.797210931777954
1.8896863460540771,2.652103900909424,3.7963695526123047
1.888260006904602,2.652400016784668,3.79727840423584
1.888260006904602,2.652400016784668,3.79727840423584
1.8895295858383179,2.652453899383545,3.7980024814605713
1.8914695978164673,2.652190923690796,3.800053596496582
1.8914695978164673,2.652190923690796,3.800053596496582
1.8941140174865723,2.6523759365081787,3.8026890754699707
1.8964792490005493,2.652937412261963,3.8054447174072266
1.8964792490005493,2.652937412261963,3.8054447174072266
1.8969887495040894,2.652928590774536,3.8055524826049805
1.896268367767334,2.6527493000030518,3.802863836288452
1.8929591178894043,2.6533169746398926,3.8015873432159424
1.8929591178894043,2.6533169746398926,3.8015873432159424
1.892481803894043,2.6541600227355957,3.803340435028076
1.8935149908065796,2.6546928882598877,3.803986072540283
1.8935149908065796,2.6546928882598877,3.803986072540283
1.8945400714874268,2.6546332836151123,3.804413318634033
1.8957985639572144,2.654578924179077,3.8063178062438965
1.8966978788375854,2.654658794403076,3.8078439235687256
1.8966978788375854,2.654658794403076,3.8078439235687256
1.896156668663025,2.655190944671631,3.808842182159424
1.8951863050460815,2.655639886856079,3.808305501937866
1.8951863050460815,2.655639886856079,3.808305501937866
1.8941569328308105,2.6557419300079346,3.807466983795166
1.8947863578796387,2.656529664993286,3.8088016510009766
1.8947863578796387,2.656529664993286,3.8088016510009766
1.8950682878494263,2.656384229660034,3.810171127319336
1.895804524421692,2.65657639503479,3.8107314109802246
1.895804524421692,2.65657639503479,3.8107314109802246
1.8958393335342407,2.656963348388672,3.8122007846832275
1.896203637123108,2.6572134494781494,3.8127071857452393
1.896203637123108,2.6572134494781494,3.8127071857452393
1.8957126140594482,2.657637119293213,3.8141133785247803
1.8949674367904663,2.658134937286377,3.815619945526123
1.8949674367904663,2.658134937286377,3.815619945526123
1.8939580917358398,2.6584787368774414,3.816262722015381
1.8927799463272095,2.6588454246520996,3.816516399383545
1.8927799463272095,2.6588454246520996,3.816516399383545
1.8914977312088013,2.6593596935272217,3.816253423690796
1.8898576498031616,2.659762382507324,3.817422389984131
1.8898576498031616,2.659762382507324,3.817422389984131
1.8904274702072144,2.659571409225464,3.818544626235962
1.8912426233291626,2.6597506999969482,3.8204357624053955
1.8912426233291626,2.6597506999969482,3.8204357624053955
1.8923295736312866,2.659670352935791,3.822354316711426
1.8921005725860596,2.659729480743408,3.8251326084136963
1.8921005725860596,2.659729480743408,3.8251326084136963
1.8924890756607056,2.659630537033081,3.825979232788086
1.8930643796920776,2.6592438220977783,3.826124429702759
1.8930643796920776,2.6592438220977783,3.826124429702759
1.8933063745498657,2.6592936515808105,3.8277134895324707
1.8940210342407227,2.6594624519348145,3.8282217979431152
1.8940210342407227,2.6594624519348145,3.8282217979431152
1.893747329711914,2.6593847274780273,3.8279194831848145
1.8924100399017334,2.659269094467163,3.827693223953247
1.8924100399017334,2.659269094467163,3.827693223953247
1.8928478956222534,2.6591670513153076,3.8276784420013428
1.8935651779174805,2.6592657566070557,3.828248977661133
1.8945015668869019,2.6592164039611816,3.8295814990997314
1.8945015668869019,2.6592164039611816,3.8295814990997314
1.8950581550598145,2.659625768661499,3.8298416137695312
1.8960208892822266,2.6601009368896484,3.8311407566070557
1.8960208892822266,2.6601009368896484,3.8311407566070557
1.8959389925003052,2.6602859497070312,3.831817865371704
1.8970286846160889,2.659886360168457,3.8326823711395264
1.8970286846160889,2.659886360168457,3.8326823711395264
1.8979283571243286,2.6598973274230957,3.832963705062866
1.8982816934585571,2.660122871398926,3.834869623184204
1.8982816934585571,2.660122871398926,3.834869623184204
1.8975995779037476,2.6606478691101074,3.836392879486084
1.8977339267730713,2.6612961292266846,3.836851119995117
1.8977339267730713,2.6612961292266846,3.836851119995117
1.898722767829895,2.661726236343384,3.838850975036621
1.9003376960754395,2.6620349884033203,3.83998966217041
1.9003376960754395,2.6620349884033203,3.83998966217041
1.9013352394104004,2.662091016769409,3.8414230346679688
1.901011347770691,2.661993980407715,3.841099739074707
1.901011347770691,2.661993980407715,3.841099739074707
1.9008679389953613,2.661964178085327,3.841695547103882
1.9004987478256226,2.661898136138916,3.8412370681762695
1.9004987478256226,2.661898136138916,3.8412370681762695
1.900686502456665,2.6617836952209473,3.8412511348724365
1.900994896888733,2.661961317062378,3.842200756072998
1.900994896888733,2.661961317062378,3.842200756072998
1.9021245241165161,2.661464214324951,3.8426332473754883
1.9032728672027588,2.661895513534546,3.844221353530884
1.9032728672027588,2.661895513534546,3.844221353530884
1.9044075012207031,2.662602186203003,3.8465492725372314
1.905278205871582,2.6631147861480713,3.848032236099243
1.9050170183181763,2.663419246673584,3.8474152088165283
1.9050170183181763,2.663419246673584,3.8474152088165283
1.9043629169464111,2.6637792587280273,3.8472344875335693
1.9023760557174683,2.6641836166381836,3.8470778465270996
1.9023760557174683,2.6641836166381836,3.8470778465270996
1.9012216329574585,2.6645474433898926,3.8465795516967773
1.900183916091919,2.664726734161377,3.8455255031585693
1.899170994758606,2.6646437644958496,3.844574213027954
1.899170994758606,2.6646437644958496,3.844574213027954
1.8974171876907349,2.6647441387176514,3.84297776222229
1.8973175287246704,2.664909839630127,3.842747926712036
1.8973175287246704,2.664909839630127,3.842747926712036
1.89796781539917,2.6654162406921387,3.8452696800231934
1.8981698751449585,2.666059732437134,3.848914861679077
1.8988463878631592,2.6659514904022217,3.8496079444885254
1.8988463878631592,2.6659514904022217,3.8496079444885254
1.898592233657837,2.665825366973877,3.8496875762939453
1.8981198072433472,2.66580867767334,3.8515572547912598
1.8981198072433472,2.66580867767334,3.8515572547912598
1.8983149528503418,2.666245698928833,3.8513433933258057
1.8983149528503418,2.666245698928833,3.8513433933258057
1.8979471921920776,2.6662216186523438,3.8510589599609375
1.8978846073150635,2.666205406188965,3.8501851558685303
1.8978846073150635,2.666205406188965,3.8501851558685303
1.8983149528503418,2.6663053035736084,3.8510613441467285
1.8979830741882324,2.6666858196258545,3.8505008220672607
1.8982317447662354,2.6667122840881348,3.85094952583313
1.8982317447662354,2.6667122840881348,3.85094952583313
1.8971655368804932,2.666696548461914,3.849900722503662
1.8964134454727173,2.666734218597412,3.8501977920532227
1.8964134454727173,2.666734218597412,3.8501977920532227
1.8963985443115234,2.6669161319732666,3.8528199195861816
1.8962733745574951,2.666898012161255,3.85429048538208
1.8962733745574951,2.666898012161255,3.85429048538208
1.8975398540496826,2.6666486263275146,3.854644298553467
1.9002286195755005,2.666078567504883,3.8567938804626465
1.9002286195755005,2.666078567504883,3.8567938804626465
1.9011141061782837,2.666203498840332,3.8597261905670166
1.9020640850067139,2.667593002319336,3.862859010696411
1.9027981758117676,2.667699098587036,3.863354206085205
1.9027981758117676,2.667699098587036,3.863354206085205
1.9022408723831177,2.6673989295959473,3.8614909648895264
1.8997782468795776,2.6679272651672363,3.8625681400299072
1.8997782468795776,2.6679272651672363,3.8625681400299072
1.8985679149627686,2.6688079833984375,3.8635165691375732
1.8987935781478882,2.669528007507324,3.8668580055236816
1.8987935781478882,2.669528007507324,3.8668580055236816
1.9011534452438354,2.6695194244384766,3.8666720390319824
1.902320146560669,2.668909788131714,3.867917060852051
1.9028164148330688,2.6686642169952393,3.868859052658081
1.9028164148330688,2.6686642169952393,3.868859052658081
1.9025174379348755,2.668351888656616,3.8700509071350098
1.9029343128204346,2.66839861869812,3.869481325149536
1.9029343128204346,2.66839861869812,3.869481325149536
1.9047574996948242,2.6681830883026123,3.8705894947052
1.9060765504837036,2.6682498455047607,3.872521162033081
1.9060765504837036,2.6682498455047607,3.872521162033081
1.9064338207244873,2.6685736179351807,3.8724615573883057
1.9078137874603271,2.669036388397217,3.873648166656494
1.908953070640564,2.6692259311676025,3.874103546142578
1.908953070640564,2.6692259311676025,3.874103546142578
1.9093434810638428,2.669728994369507,3.8756473064422607
1.9102592468261719,2.669748306274414,3.877255439758301
1.9102592468261719,2.669748306274414,3.877255439758301
1.9108412265777588,2.6698968410491943,3.8785464763641357
1.91257643699646,2.669975757598877,3.8796756267547607
1.91257643699646,2.669975757598877,3.8796756267547607
1.9135137796401978,2.6700470447540283,3.882441997528076
1.9147727489471436,2.6702828407287598,3.8850209712982178
1.9151043891906738,2.670605421066284,3.8852343559265137
1.9151043891906738,2.670605421066284,3.8852343559265137
1.9141112565994263,2.670125961303711,3.883080244064331
1.9131852388381958,2.6698508262634277,3.882450580596924
1.9131852388381958,2.6698508262634277,3.882450580596924
1.9119185209274292,2.6702613830566406,3.883397340774536
1.9141346216201782,2.670229196548462,3.882863759994507
1.9141346216201782,2.670229196548462,3.882863759994507
1.914310336112976,2.67035174369812,3.8828094005584717
1.9152666330337524,2.6704068183898926,3.8838539123535156
1.9149757623672485,2.670858144760132,3.8844478130340576
1.9149757623672485,2.670858144760132,3.8844478130340576
1.915523648262024,2.6712658405303955,3.8859341144561768
1.9152909517288208,2.6718084812164307,3.8871498107910156
1.9152909517288208,2.6718084812164307,3.8871498107910156
1.9160486459732056,2.672373056411743,3.8879785537719727
1.9163470268249512,2.672006607055664,3.8877246379852295
1.9163470268249512,2.672006607055664,3.8877246379852295
1.9159775972366333,2.6715917587280273,3.887005567550659
1.9156550168991089,2.671403169631958,3.887488842010498
1.9156550168991089,2.671403169631958,3.887488842010498
1.9158140420913696,2.6715810298919678,3.8896148204803467
1.916316032409668,2.671823024749756,3.8905587196350098
1.91733717918396,2.6719720363616943,3.892711639404297
1.91733717918396,2.6719720363616943,3.892711639404297
1.9188941717147827,2.672029733657837,3.8924083709716797
1.9194055795669556,2.671984910964966,3.893845796585083
1.9194055795669556,2.671984910964966,3.893845796585083
1.9192957878112793,2.6721675395965576,3.894261360168457
1.9203232526779175,2.6722450256347656,3.8954713344573975
1.9203232526779175,2.6722450256347656,3.8954713344573975
1.9230046272277832,2.67289400100708,3.898658514022827
1.9241366386413574,2.673258066177368,3.9002561569213867
1.9241366386413574,2.673258066177368,3.9002561569213867
1.9226126670837402,2.673161506652832,3.8980207443237305
1.9197347164154053,2.673152446746826,3.8962130546569824
1.9197347164154053,2.673152446746826,3.8962130546569824
1.9167157411575317,2.6733415126800537,3.8943192958831787
1.9153387546539307,2.673553943634033,3.8942391872406006
1.9153387546539307,2.673553943634033,3.8942391872406006
1.9160410165786743,2.6739156246185303,3.8942649364471436
1.9164454936981201,2.674147367477417,3.8945956230163574
1.9164454936981201,2.674147367477417,3.8945956230163574
1.9183292388916016,2.674029588699341,3.89560604095459
1.9217205047607422,2.6732099056243896,3.8970274925231934
1.9217205047607422,2.6732099056243896,3.8970274925231934
1.9227405786514282,2.67342209815979,3.8985559940338135
1.9232587814331055,2.6735944747924805,3.9002583026885986
1.9232587814331055,2.6735944747924805,3.9002583026885986
1.9249377250671387,2.6741654872894287,3.9029459953308105
1.926375389099121,2.674790143966675,3.905142068862915
1.926375389099121,2.674790143966675,3.905142068862915
1.92805016040802,2.6748292446136475,3.906080484390259
1.9314340353012085,2.67459774017334,3.9071648120880127
1.9314340353012085,2.67459774017334,3.9071648120880127
1.9326200485229492,2.67464542388916,3.9086740016937256
1.9334708452224731,2.6751396656036377,3.911261558532715
1.9334708452224731,2.6751396656036377,3.911261558532715
1.935448408126831,2.6752755641937256,3.9126298427581787
1.9373878240585327,2.6746227741241455,3.9136111736297607
1.9373878240585327,2.6746227741241455,3.9136111736297607
1.9380314350128174,2.67454195022583,3.915337085723877
1.9387085437774658,2.67490553855896,3.917854070663452
1.9387085437774658,2.67490553855896,3.917854070663452
1.9396028518676758,2.674569845199585,3.918332576751709
1.9406213760375977,2.6748385429382324,3.9197022914886475
1.9406213760375977,2.6748385429382324,3.9197022914886475
1.9404582977294922,2.675128698348999,3.9201040267944336
1.9389785528182983,2.6753838062286377,3.919449806213379
1.9386869668960571,2.675685167312622,3.9181153774261475
1.9386869668960571,2.675685167312622,3.9181153774261475
1.9386112689971924,2.6755197048187256,3.917142868041992
1.938437581062317,2.67587947845459,3.918060302734375
1.938437581062317,2.67587947845459,3.918060302734375
1.9393004179000854,2.6766014099121094,3.9191243648529053
1.9405670166015625,2.6768672466278076,3.9200193881988525
1.9404491186141968,2.6773877143859863,3.9206807613372803
1.9404491186141968,2.6773877143859863,3.9206807613372803
1.9401065111160278,2.678076982498169,3.921225070953369
1.939823865890503,2.678060531616211,3.921050786972046
1.939823865890503,2.678060531616211,3.921050786972046
1.9405781030654907,2.6778504848480225,3.9216089248657227
1.9411351680755615,2.678318977355957,3.9248733520507812
1.9411351680755615,2.678318977355957,3.9248733520507812
1.9427410364151,2.678385019302368,3.926731824874878
1.9428592920303345,2.6783218383789062,3.927121639251709
1.942893624305725,2.677750587463379,3.9264445304870605
1.942893624305725,2.677750587463379,3.9264445304870605
1.9414699077606201,2.6775765419006348,3.9264590740203857
1.9404726028442383,2.6779253482818604,3.9266321659088135
1.9404726028442383,2.6779253482818604,3.9266321659088135
1.9403868913650513,2.6782045364379883,3.927861213684082
1.9409505128860474,2.6787939071655273,3.928901195526123
1.9409505128860474,2.6787939071655273,3.928901195526123
1.941144585609436,2.6793150901794434,3.9303150177001953
1.941126823425293,2.6799697875976562,3.9315972328186035
1.941126823425293,2.6799697875976562,3.9315972328186035
1.940624475479126,2.680598735809326,3.9311089515686035
1.9411566257476807,2.680487632751465,3.9312195777893066
1.9411566257476807,2.680487632751465,3.9312195777893066
1.9430384635925293,2.68064546585083,3.9328668117523193
1.943709373474121,2.6810381412506104,3.934576988220215
1.943709373474121,2.6810381412506104,3.934576988220215
1.945003867149353,2.6808905601501465,3.935744047164917
1.9464346170425415,2.680541515350342,3.9360647201538086
1.9464346170425415,2.680541515350342,3.9360647201538086
1.9468518495559692,2.6803882122039795,3.9377520084381104
1.9466605186462402,2.680523633956909,3.9390676021575928
1.9466605186462402,2.680523633956909,3.9390676021575928
1.947147011756897,2.680455446243286,3.9396815299987793
1.948012351989746,2.6800196170806885,3.9389729499816895
1.948012351989746,2.6800196170806885,3.9389729499816895
1.9476251602172852,2.6799991130828857,3.941343307495117
1.9480133056640625,2.6805341243743896,3.9419164657592773
1.9480133056640625,2.6805341243743896,3.9419164657592773
1.9487621784210205,2.680575370788574,3.942465305328369
1.9496766328811646,2.680758237838745,3.9435136318206787
1.9496766328811646,2.680758237838745,3.9435136318206787
1.950042486190796,2.68184494972229,3.945089101791382
1.9503424167633057,2.6824147701263428,3.946214437484741
1.9503424167633057,2.6824147701263428,3.946214437484741
1.9519696235656738,2.6828200817108154,3.9462499618530273
1.9522745609283447,2.683260679244995,3.947798252105713
1.9522745609283447,2.683260679244995,3.947798252105713
1.9524304866790771,2.6841988563537598,3.950629472732544
1.951433777809143,2.684483051300049,3.9507369995117188
1.951433777809143,2.684483051300049,3.9507369995117188
1.9495385885238647,2.684551239013672,3.9500484466552734
1.9501451253890991,2.684335231781006,3.9511005878448486
1.9515295028686523,2.6848015785217285,3.9530105590820312
1.9515295028686523,2.6848015785217285,3.9530105590820312
1.9525277614593506,2.6852636337280273,3.9549906253814697
1.9523260593414307,2.6847856044769287,3.954462766647339
1.9523260593414307,2.6847856044769287,3.954462766647339
1.951219916343689,2.6849076747894287,3.9538967609405518
1.951219916343689,2.6849076747894287,3.9538967609405518
1.9507043361663818,2.685088634490967,3.953794479370117
1.951133370399475,2.6853132247924805,3.9539647102355957
1.9519739151000977,2.6856751441955566,3.954500198364258
1.9519739151000977,2.6856751441955566,3.954500198364258
1.9527329206466675,2.6860127449035645,3.9555041790008545
1.9524458646774292,2.6861631870269775,3.955925941467285
1.9524458646774292,2.6861631870269775,3.955925941467285
1.951733112335205,2.6868488788604736,3.9567463397979736
1.9514691829681396,2.6875405311584473,3.957703113555908
1.9514691829681396,2.6875405311584473,3.957703113555908
1.9513710737228394,2.68730092048645,3.9577465057373047
1.951174259185791,2.687358856201172,3.959083318710327
1.951174259185791,2.687358856201172,3.959083318710327
1.9509752988815308,2.687753200531006,3.9614334106445312
1.9513400793075562,2.688170909881592,3.963449001312256
1.9513400793075562,2.688170909881592,3.963449001312256
1.9516524076461792,2.6878902912139893,3.9648756980895996
1.951736569404602,2.688049793243408,3.9679017066955566
1.951736569404602,2.688049793243408,3.9679017066955566
1.9507360458374023,2.6879377365112305,3.9674878120422363
1.9510691165924072,2.6867828369140625,3.9677624702453613
1.9510691165924072,2.6867828369140625,3.9677624702453613
1.951604962348938,2.6866226196289062,3.9684011936187744
1.9514580965042114,2.68692946434021,3.971047878265381
1.9514580965042114,2.68692946434021,3.971047878265381
1.9517124891281128,2.6877124309539795,3.970486879348755
1.9514280557632446,2.687948226928711,3.9702789783477783
1.9514280557632446,2.687948226928711,3.9702789783477783
1.9515379667282104,2.687633752822876,3.9691789150238037
1.9512014389038086,2.688035726547241,3.969832420349121
1.9512014389038086,2.688035726547241,3.969832420349121
1.9512971639633179,2.6891586780548096,3.969602346420288
1.9514881372451782,2.6894798278808594,3.969916582107544
1.9514881372451782,2.6894798278808594,3.969916582107544
1.9524329900741577,2.689976453781128,3.9699950218200684
1.952703833580017,2.6905055046081543,3.971280574798584
1.952703833580017,2.6905055046081543,3.971280574798584
1.9515444040298462,2.691204786300659,3.972064256668091
1.9512943029403687,2.691171169281006,3.9709370136260986
1.9512943029403687,2.691171169281006,3.9709370136260986
1.94960618019104,2.690480947494507,3.9710135459899902
1.9476908445358276,2.690871000289917,3.97123122215271
1.9476908445358276,2.690871000289917,3.97123122215271
1.9463952779769897,2.6911098957061768,3.9722020626068115
1.9462673664093018,2.6916728019714355,3.9718198776245117
1.9462673664093018,2.6916728019714355,3.9718198776245117
1.9466687440872192,2.6916863918304443,3.972161054611206
1.9478157758712769,2.6916146278381348,3.9721593856811523
1.9478157758712769,2.6916146278381348,3.9721593856811523
1.9484732151031494,2.6917219161987305,3.9736006259918213
1.9502300024032593,2.6913843154907227,3.9758546352386475
1.9502300024032593,2.6913843154907227,3.9758546352386475
1.9527266025543213,2.691653251647949,3.9795589447021484
1.9550713300704956,2.692182779312134,3.9828073978424072
1.956268072128296,2.692517042160034,3.9835922718048096
1.956268072128296,2.692517042160034,3.9835922718048096
1.9560158252716064,2.6921963691711426,3.9827051162719727
1.9547995328903198,2.6921980381011963,3.9836173057556152
1.9547995328903198,2.6921980381011963,3.9836173057556152
1.9553195238113403,2.692628860473633,3.9830548763275146
1.954801321029663,2.692885637283325,3.983252763748169
1.954801321029663,2.692885637283325,3.983252763748169
1.955507516860962,2.693502902984619,3.986740827560425
1.957486867904663,2.693850040435791,3.986180543899536
1.9586451053619385,2.6938278675079346,3.987328052520752
1.9586451053619385,2.6938278675079346,3.987328052520752
1.9586734771728516,2.693934202194214,3.9879252910614014
1.9585286378860474,2.6940033435821533,3.9886157512664795
1.958626389503479,2.6939916610717773,3.988983392715454
1.958626389503479,2.6939916610717773,3.988983392715454
1.9586466550827026,2.6944284439086914,3.9905645847320557
1.957598090171814,2.69461989402771,3.991377353668213
1.9562535285949707,2.694704294204712,3.990304708480835
1.9562535285949707,2.694704294204712,3.990304708480835
1.9562535285949707,2.69527530670166,3.9917151927948
1.9573205709457397,2.696246385574341,3.9928359985351562
1.9584256410598755,2.6966872215270996,3.9942784309387207
1.9584256410598755,2.6966872215270996,3.9942784309387207
1.9586447477340698,2.696620464324951,3.9953958988189697
1.9578936100006104,2.696533203125,3.9948508739471436
1.9579163789749146,2.6958773136138916,3.9952194690704346
1.9579163789749146,2.6958773136138916,3.9952194690704346
1.958817958831787,2.696124792098999,3.9969875812530518
1.9598196744918823,2.6962435245513916,3.9985239505767822
1.9607173204421997,2.6966092586517334,3.999880075454712
1.9607173204421997,2.6966092586517334,3.999880075454712
1.9599665403366089,2.696824789047241,4.000495433807373
1.9591141939163208,2.697057008743286,4.001159191131592
1.9591141939163208,2.697057008743286,4.001159191131592
1.95901620388031,2.696915864944458,4.00061559677124
1.958793044090271,2.696709632873535,4.000638484954834
1.9597856998443604,2.696916341781616,4.002396106719971
1.9597856998443604,2.696916341781616,4.002396106719971
1.9605728387832642,2.6972832679748535,4.004245281219482
1.9611895084381104,2.697941780090332,4.004846096038818
1.9611895084381104,2.697941780090332,4.004846096038818
1.9616024494171143,2.698167562484741,4.0057291984558105
1.961552381515503,2.697936534881592,4.005021572113037
1.9614826440811157,2.6978278160095215,4.006180763244629
1.9614826440811157,2.6978278160095215,4.006180763244629
1.9626121520996094,2.6979317665100098,4.007257461547852
1.9626747369766235,2.697974681854248,4.008212566375732
1.9626747369766235,2.697974681854248,4.008212566375732
1.962823510169983,2.698087692260742,4.008566856384277
1.9633888006210327,2.6979117393493652,4.009242057800293
1.9623243808746338,2.6980273723602295,4.009941577911377
1.9623243808746338,2.6980273723602295,4.009941577911377
1.9624977111816406,2.6981725692749023,4.010748863220215
1.9632712602615356,2.6983654499053955,4.010122299194336
1.962963342666626,2.6984305381774902,4.009732246398926
1.962664246559143,2.6988067626953125,4.011887073516846
1.962664246559143,2.6988067626953125,4.011887073516846
1.9639590978622437,2.6990530490875244,4.012418270111084
1.9654978513717651,2.6992626190185547,4.013879299163818
1.9648358821868896,2.699605941772461,4.014595031738281
1.9648358821868896,2.699605941772461,4.014595031738281
1.964127540588379,2.700176239013672,4.014622688293457
1.9643102884292603,2.7004194259643555,4.014346599578857
1.9643102884292603,2.7004194259643555,4.014346599578857
1.9643847942352295,2.7006053924560547,4.01518440246582
1.9648505449295044,2.70112681388855,4.016795635223389
1.9658797979354858,2.7013137340545654,4.017861366271973
1.9658797979354858,2.7013137340545654,4.017861366271973
1.9661756753921509,2.7011406421661377,4.018050193786621
1.966231346130371,2.701022148132324,4.018354415893555
1.966231346130371,2.701022148132324,4.018354415893555
1.965950608253479,2.7011754512786865,4.018200874328613
1.9662528038024902,2.7012526988983154,4.019504070281982
1.9662528038024902,2.7012526988983154,4.019504070281982
1.9662476778030396,2.7014880180358887,4.020815849304199
1.9668740034103394,2.7016654014587402,4.020476341247559
1.9668740034103394,2.7016654014587402,4.020476341247559
1.9666845798492432,2.701425075531006,4.019840717315674
1.966783881187439,2.701244354248047,4.01978874206543
1.966783881187439,2.701244354248047,4.01978874206543
1.9672691822052002,2.7016820907592773,4.020513534545898
1.968238353729248,2.7022387981414795,4.02106237411499
1.968238353729248,2.7022387981414795,4.02106237411499
1.9687830209732056,2.7023143768310547,4.0217814445495605
1.9681426286697388,2.702298402786255,4.021365642547607
1.9681426286697388,2.702298402786255,4.021365642547607
1.96868097782135,2.7027230262756348,4.023240566253662
1.9688342809677124,2.7028591632843018,4.023650169372559
1.9688342809677124,2.7028591632843018,4.023650169372559
1.969740867614746,2.702916383743286,4.024536609649658
1.9707032442092896,2.7024405002593994,4.025716781616211
1.9706910848617554,2.702901840209961,4.026787757873535
1.9706910848617554,2.702901840209961,4.026787757873535
1.970855951309204,2.7032148838043213,4.0278520584106445
1.971084475517273,2.7034623622894287,4.028510093688965
1.971084475517273,2.7034623622894287,4.028510093688965
1.971335768699646,2.7036643028259277,4.029097557067871
1.9705578088760376,2.7041525840759277,4.030807018280029
1.9705578088760376,2.7041525840759277,4.030807018280029
1.970121145248413,2.7045769691467285,4.030769348144531
1.9700655937194824,2.7044897079467773,4.030192852020264
1.9700655937194824,2.7044897079467773,4.030192852020264
1.9698379039764404,2.7043704986572266,4.030052661895752
1.9690773487091064,2.704502582550049,4.030263900756836
1.9690773487091064,2.704502582550049,4.030263900756836
1.969427227973938,2.704768180847168,4.030555248260498
1.969411849975586,2.705014944076538,4.0309576988220215
1.969411849975586,2.705014944076538,4.0309576988220215
1.9691108465194702,2.7048425674438477,4.029374122619629
1.9690755605697632,2.70483660697937,4.029951095581055
1.9690755605697632,2.70483660697937,4.029951095581055
1.9690678119659424,2.704972743988037,4.030406475067139
1.9687954187393188,2.7051966190338135,4.031161308288574
1.9687954187393188,2.7051966190338135,4.031161308288574
1.9687559604644775,2.7050623893737793,4.0301713943481445
1.968756914138794,2.7050604820251465,4.030477523803711
1.968756914138794,2.7050604820251465,4.030477523803711
1.9679172039031982,2.7049789428710938,4.03010892868042
1.968256950378418,2.7048985958099365,4.03076696395874
1.9689029455184937,2.7049176692962646,4.031556606292725
1.9689029455184937,2.7049176692962646,4.031556606292725
1.9698622226715088,2.7051620483398438,4.032899379730225
1.970362663269043,2.705185890197754,4.033925533294678
1.9711135625839233,2.7055227756500244,4.034373760223389
1.9711135625839233,2.7055227756500244,4.034373760223389
1.9723598957061768,2.705422878265381,4.035003662109375
1.9731268882751465,2.7051618099212646,4.035480976104736
1.9731268882751465,2.7051618099212646,4.035480976104736
1.971261739730835,2.7052299976348877,4.036129951477051
1.9691389799118042,2.705806016921997,4.035417556762695
1.9677759408950806,2.7061073780059814,4.0356764793396
1.9677759408950806,2.7061073780059814,4.0356764793396
1.9690179824829102,2.706519842147827,4.035384178161621
1.9708458185195923,2.7063162326812744,4.036502838134766
1.9726905822753906,2.7059082984924316,4.037214279174805
1.9726905822753906,2.7059082984924316,4.037214279174805
1.9728869199752808,2.705693483352661,4.038119316101074
1.9730476140975952,2.705906867980957,4.039313793182373
1.9730476140975952,2.705906867980957,4.039313793182373
1.974349856376648,2.7060816287994385,4.041268825531006
1.9762846231460571,2.7060861587524414,4.04233455657959
1.9762846231460571,2.7060861587524414,4.04233455657959
1.977316975593567,2.7060892581939697,4.043325901031494
1.9781177043914795,2.706324338912964,4.044262409210205
1.9781177043914795,2.706324338912964,4.044262409210205
1.9769463539123535,2.7067606449127197,4.046080112457275
1.976483702659607,2.7071216106414795,4.0452423095703125
1.9766850471496582,2.706873893737793,4.045267105102539
1.9766850471496582,2.706873893737793,4.045267105102539
1.9763925075531006,2.706728935241699,4.044918060302734
1.97516930103302,2.707063674926758,4.044766426086426
1.97516930103302,2.707063674926758,4.044766426086426
1.974787712097168,2.7069292068481445,4.0437469482421875
1.9747716188430786,2.7063348293304443,4.042713642120361
1.9747716188430786,2.7063348293304443,4.042713642120361
1.9748984575271606,2.7066285610198975,4.045381546020508
1.976863145828247,2.707371473312378,4.046717166900635
1.976863145828247,2.707371473312378,4.046717166900635
1.9784547090530396,2.70731520652771,4.0470452308654785
1.9797511100769043,2.7072150707244873,4.047245502471924
1.9797511100769043,2.7072150707244873,4.047245502471924
1.9794013500213623,2.7077927589416504,4.048602104187012
1.978601098060608,2.708341121673584,4.047626495361328
1.978601098060608,2.708341121673584,4.047626495361328
1.9780778884887695,2.708526611328125,4.04750394821167
1.9793680906295776,2.708919048309326,4.048069477081299
1.9793680906295776,2.708919048309326,4.048069477081299
1.9804092645645142,2.7092621326446533,4.049749851226807
1.9813469648361206,2.7094221115112305,4.050992012023926
1.9813469648361206,2.7094221115112305,4.050992012023926
1.9815369844436646,2.708831787109375,4.050016403198242
1.9809998273849487,2.708512783050537,4.0505876541137695
1.9809998273849487,2.708512783050537,4.0505876541137695
1.9806419610977173,2.708794593811035,4.0515899658203125
1.9810905456542969,2.7087557315826416,4.050815582275391
1.982369065284729,2.708409547805786,4.050920486450195
1.982369065284729,2.708409547805786,4.050920486450195
1.9830063581466675,2.708434581756592,4.051685333251953
1.9812525510787964,2.7086517810821533,4.0520243644714355
1.9812525510787964,2.7086517810821533,4.0520243644714355
1.9813956022262573,2.708772897720337,4.051295757293701
1.981164813041687,2.7088940143585205,4.051398754119873
1.981164813041687,2.7088940143585205,4.051398754119873
1.9805152416229248,2.708817720413208,4.050560474395752
1.9799449443817139,2.708838701248169,4.050909042358398
1.9799449443817139,2.708838701248169,4.050909042358398
1.9811607599258423,2.7087788581848145,4.051492691040039
1.9811607599258423,2.7087788581848145,4.051492691040039
1.9822074174880981,2.7087419033050537,4.05178165435791
1.981689691543579,2.7091193199157715,4.053576469421387
1.981689691543579,2.7091193199157715,4.053576469421387
1.9825788736343384,2.7089898586273193,4.05327844619751
1.9835904836654663,2.7088193893432617,4.053099155426025
1.9840675592422485,2.708786725997925,4.053092002868652
1.9840675592422485,2.708786725997925,4.053092002868652
1.9841333627700806,2.7094502449035645,4.053874969482422
1.9843623638153076,2.7101809978485107,4.054962635040283
1.9843623638153076,2.7101809978485107,4.054962635040283
1.9849942922592163,2.710672378540039,4.056125164031982
1.985877275466919,2.7110435962677,4.0568060874938965
1.985877275466919,2.7110435962677,4.0568060874938965
1.9859503507614136,2.711371421813965,4.057040691375732
1.9865866899490356,2.711549758911133,4.05721378326416
1.9865866899490356,2.711549758911133,4.05721378326416
1.986850619316101,2.7117538452148438,4.057404041290283
1.9852687120437622,2.7119624614715576,4.05825662612915
1.9852687120437622,2.7119624614715576,4.05825662612915
1.9843429327011108,2.7123067378997803,4.0591278076171875
1.9839401245117188,2.7117035388946533,4.055884838104248
1.9830776453018188,2.71108078956604,4.055868148803711
1.9830776453018188,2.71108078956604,4.055868148803711
1.9823857545852661,2.711557149887085,4.056798934936523
1.9818755388259888,2.7120702266693115,4.0577545166015625
1.9818755388259888,2.7120702266693115,4.0577545166015625
1.98251473903656,2.7121145725250244,4.058588981628418
1.9825832843780518,2.7122256755828857,4.05957555770874
1.9825832843780518,2.7122256755828857,4.05957555770874
1.981177806854248,2.7125608921051025,4.059413433074951
1.9810091257095337,2.711911678314209,4.058852672576904
1.9810091257095337,2.711911678314209,4.058852672576904
1.9814445972442627,2.710986375808716,4.058686256408691
1.9821075201034546,2.7111682891845703,4.0598673820495605
1.9821075201034546,2.7111682891845703,4.0598673820495605
1.9834564924240112,2.711475372314453,4.062273025512695
1.9856431484222412,2.7112650871276855,4.063015937805176
1.9856431484222412,2.7112650871276855,4.063015937805176
1.9864678382873535,2.710904598236084,4.063079833984375
1.9866539239883423,2.7108805179595947,4.064409255981445
1.9866539239883423,2.7108805179595947,4.064409255981445
1.987407922744751,2.7110612392425537,4.0646138191223145
1.9873650074005127,2.7113678455352783,4.065222263336182
1.9873650074005127,2.7113678455352783,4.065222263336182
1.9883949756622314,2.711378335952759,4.065739631652832
1.9890559911727905,2.711151599884033,4.065475940704346
1.9890559911727905,2.711151599884033,4.065475940704346
1.9883522987365723,2.7110390663146973,4.0655670166015625
1.9880695343017578,2.711026906967163,4.065814971923828
1.9880695343017578,2.711026906967163,4.065814971923828
1.9879200458526611,2.710845947265625,4.064865589141846
1.988558292388916,2.7115285396575928,4.065537452697754
1.988558292388916,2.7115285396575928,4.065537452697754
1.989319920539856,2.711871385574341,4.06662130355835
1.9896018505096436,2.712024211883545,4.066608428955078
1.9888283014297485,2.7113378047943115,4.065110683441162
1.9888283014297485,2.7113378047943115,4.065110683441162
1.9890211820602417,2.7113659381866455,4.064994812011719
1.9888367652893066,2.7120461463928223,4.066562175750732
1.9888367652893066,2.7120461463928223,4.066562175750732
1.989438772201538,2.712639331817627,4.067306995391846
1.990073800086975,2.712247371673584,4.067270278930664
1.990073800086975,2.712247371673584,4.067270278930664
1.9905227422714233,2.7117552757263184,4.065962314605713
1.989654302597046,2.7118005752563477,4.066376686096191
1.989654302597046,2.7118005752563477,4.066376686096191
1.9897381067276,2.7121713161468506,4.067377090454102
1.9902243614196777,2.712379217147827,4.067900657653809
1.9902243614196777,2.712379217147827,4.067900657653809
1.9913296699523926,2.7126808166503906,4.069008827209473
1.9925142526626587,2.7132411003112793,4.070080280303955
1.9925142526626587,2.7132411003112793,4.070080280303955
1.9927507638931274,2.713358163833618,4.070444107055664
1.9928793907165527,2.7139692306518555,4.072872161865234
1.9928793907165527,2.7139692306518555,4.072872161865234
1.9945275783538818,2.714401960372925,4.073652744293213
1.996097445487976,2.7144689559936523,4.075009822845459
1.996097445487976,2.7144689559936523,4.075009822845459
1.9962292909622192,2.7149643898010254,4.07637357711792
1.995644450187683,2.7156219482421875,4.076111793518066
1.995644450187683,2.7156219482421875,4.076111793518066
1.994765043258667,2.7153983116149902,4.075683116912842
1.995090365409851,2.7151970863342285,4.075112342834473
1.995090365409851,2.7151970863342285,4.075112342834473
1.9938416481018066,2.715261697769165,4.07674503326416
1.9932372570037842,2.715818405151367,4.077417850494385
1.99359929561615,2.716020345687866,4.077869892120361
1.99359929561615,2.716020345687866,4.077869892120361
1.9937187433242798,2.7162182331085205,4.077947616577148
1.992918848991394,2.716097116470337,4.078042030334473
1.992918848991394,2.716097116470337,4.078042030334473
1.993163824081421,2.7157187461853027,4.07822322845459
1.9931660890579224,2.71551251411438,4.078958511352539
1.9931660890579224,2.71551251411438,4.078958511352539
1.9945582151412964,2.715460777282715,4.079402446746826
1.996252179145813,2.715623378753662,4.0808916091918945
1.996252179145813,2.715623378753662,4.0808916091918945
1.9963295459747314,2.716069221496582,4.082880020141602
1.9964983463287354,2.7165005207061768,4.083017826080322
1.9965802431106567,2.716472625732422,4.0832319259643555
1.9965802431106567,2.716472625732422,4.0832319259643555
1.9982023239135742,2.7164793014526367,4.0842366218566895
1.9987441301345825,2.7172164916992188,4.087543487548828
1.9987441301345825,2.7172164916992188,4.087543487548828
2.0001609325408936,2.718087911605835,4.088621616363525
2.0011608600616455,2.718310832977295,4.089649200439453
2.000972270965576,2.718596935272217,4.089932918548584
2.000972270965576,2.718596935272217,4.089932918548584
2.0004806518554688,2.7186062335968018,4.090165615081787
2.000058650970459,2.718668222427368,4.090410232543945
2.000058650970459,2.718668222427368,4.090410232543945
2.0002596378326416,2.718810558319092,4.091098308563232
2.0005435943603516,2.718686580657959,4.091256618499756
2.0005435943603516,2.718686580657959,4.091256618499756
2.0011954307556152,2.7188057899475098,4.092243194580078
2.0018794536590576,2.7190330028533936,4.093932628631592
2.0018794536590576,2.7190330028533936,4.093932628631592
2.001538038253784,2.7192864418029785,4.094286918640137
2.0000152587890625,2.7189111709594727,4.094023704528809
2.0000152587890625,2.7189111709594727,4.094023704528809
1.99973726272583,2.718560218811035,4.093667030334473
1.9990161657333374,2.7182955741882324,4.093947887420654
1.9990161657333374,2.7182955741882324,4.093947887420654
1.9993197917938232,2.7187068462371826,4.0945658683776855
1.999406099319458,2.7188894748687744,4.0952653884887695
2.0008652210235596,2.7188432216644287,4.095508098602295
2.0008652210235596,2.7188432216644287,4.095508098602295
2.001235008239746,2.7194817066192627,4.098058223724365
2.000908374786377,2.7199442386627197,4.099478244781494
2.000908374786377,2.7199442386627197,4.099478244781494
2.001404047012329,2.7203195095062256,4.100240230560303
2.003251791000366,2.720769166946411,4.102568626403809
2.005124092102051,2.7216968536376953,4.105078220367432
2.005124092102051,2.7216968536376953,4.105078220367432
2.0046579837799072,2.7225184440612793,4.106810092926025
2.0032975673675537,2.7227940559387207,4.106664180755615
2.0032975673675537,2.7227940559387207,4.106664180755615
2.002248764038086,2.722214937210083,4.107198238372803
2.001896619796753,2.722446918487549,4.107917785644531
2.001896619796753,2.722446918487549,4.107917785644531
2.0024759769439697,2.722628116607666,4.109818935394287
2.00354266166687,2.722891092300415,4.110892295837402
2.00354266166687,2.722891092300415,4.110892295837402
2.0046491622924805,2.723304271697998,4.11271333694458
2.0053296089172363,2.7237155437469482,4.1137261390686035
2.0053296089172363,2.7237155437469482,4.1137261390686035
2.003209114074707,2.723916530609131,4.112720966339111
2.001214027404785,2.723815679550171,4.111186504364014
2.001214027404785,2.723815679550171,4.111186504364014
2.000020742416382,2.72379994392395,4.110758304595947
1.9997016191482544,2.7242233753204346,4.110023021697998
1.9997016191482544,2.7242233753204346,4.110023021697998
1.998518705368042,2.724487066268921,4.109794616699219
1.9976927042007446,2.724713087081909,4.110317707061768
1.9976927042007446,2.724713087081909,4.110317707061768
1.9970613718032837,2.72458553314209,4.109219551086426
1.9968780279159546,2.7240450382232666,4.1095147132873535
1.9968780279159546,2.7240450382232666,4.1095147132873535
1.9968960285186768,2.7238869667053223,4.109621047973633
1.9969924688339233,2.7238800525665283,4.110942363739014
1.9969924688339233,2.7238800525665283,4.110942363739014
1.9977997541427612,2.7244205474853516,4.1114678382873535
1.9983937740325928,2.7246153354644775,4.112489700317383
1.999297857284546,2.724855422973633,4.113852024078369
1.999297857284546,2.724855422973633,4.113852024078369
2.001828193664551,2.7254445552825928,4.115771293640137
2.0023953914642334,2.7259294986724854,4.116746425628662
2.0023953914642334,2.7259294986724854,4.116746425628662
2.001253128051758,2.7261054515838623,4.11651086807251
2.0009984970092773,2.72623348236084,4.116391658782959
2.0009984970092773,2.72623348236084,4.116391658782959
2.0005202293395996,2.7254769802093506,4.115652561187744
2.001675605773926,2.72552227973938,4.116919994354248
2.001675605773926,2.72552227973938,4.116919994354248
2.0021512508392334,2.725808620452881,4.118197441101074
2.0029137134552,2.726027011871338,4.118563175201416
2.0029137134552,2.726027011871338,4.118563175201416
2.0031912326812744,2.7256886959075928,4.118280410766602
2.0044398307800293,2.72538685798645,4.119121551513672
2.0044398307800293,2.72538685798645,4.119121551513672
2.004948616027832,2.7258658409118652,4.120151042938232
2.005695104598999,2.7260706424713135,4.121370315551758
2.005695104598999,2.7260706424713135,4.121370315551758
2.007004737854004,2.7253501415252686,4.119673728942871
2.0064890384674072,2.7248880863189697,4.119986534118652
2.005125045776367,2.7251546382904053,4.119805812835693
2.005125045776367,2.7251546382904053,4.119805812835693
2.004027843475342,2.725780487060547,4.121601581573486
2.005397319793701,2.7259342670440674,4.12035608291626
2.005397319793701,2.7259342670440674,4.12035608291626
2.0059213638305664,2.7261476516723633,4.122025012969971
2.0058608055114746,2.72654390335083,4.123172760009766
2.0058608055114746,2.72654390335083,4.123172760009766
2.0048186779022217,2.726961851119995,4.123716831207275
2.0051777362823486,2.726719379425049,4.123627662658691
2.0051777362823486,2.726719379425049,4.123627662658691
2.006819725036621,2.726508855819702,4.124029159545898
2.007645845413208,2.726532459259033,4.124582290649414
2.0083119869232178,2.7264182567596436,4.125460624694824
2.0083119869232178,2.7264182567596436,4.125460624694824
2.008965492248535,2.726301431655884,4.125426769256592
2.0089380741119385,2.7256264686584473,4.123744964599609
2.0089380741119385,2.7256264686584473,4.123744964599609
2.009700059890747,2.7257516384124756,4.124122142791748
2.009700059890747,2.7257516384124756,4.124122142791748
2.0105836391448975,2.726165294647217,4.124640464782715
2.012930393218994,2.726677894592285,4.126995086669922
2.0158660411834717,2.726642608642578,4.127845287322998
2.0158660411834717,2.726642608642578,4.127845287322998
2.0163376331329346,2.72686767578125,4.129076957702637
2.01566743850708,2.7270145416259766,4.129242897033691
2.01566743850708,2.7270145416259766,4.129242897033691
2.01515793800354,2.727215051651001,4.129291534423828
2.01515793800354,2.727215051651001,4.129291534423828
2.015310525894165,2.7273011207580566,4.1289777755737305
2.0161538124084473,2.7273311614990234,4.130216598510742
2.0162363052368164,2.727508783340454,4.131430625915527
2.0162363052368164,2.727508783340454,4.131430625915527
2.015768527984619,2.7276461124420166,4.131084442138672
2.0144684314727783,2.72760009765625,4.130147933959961
2.0144684314727783,2.72760009765625,4.130147933959961
2.0138561725616455,2.727919816970825,4.131033897399902
2.013826370239258,2.728957176208496,4.13248348236084
2.013826370239258,2.728957176208496,4.13248348236084
2.0139403343200684,2.7294702529907227,4.132816791534424
2.014836072921753,2.7294275760650635,4.133092880249023
2.0138795375823975,2.7290210723876953,4.132264614105225
2.0138795375823975,2.7290210723876953,4.132264614105225
2.0128962993621826,2.7290172576904297,4.133167743682861
2.012176513671875,2.729416608810425,4.134160041809082
2.012176513671875,2.729416608810425,4.134160041809082
2.0119433403015137,2.7297322750091553,4.134381294250488
2.011963129043579,2.7297098636627197,4.135451316833496
2.011963129043579,2.7297098636627197,4.135451316833496
2.012258768081665,2.729790449142456,4.135858535766602
2.0129075050354004,2.729541063308716,4.135534763336182
2.0129075050354004,2.729541063308716,4.135534763336182
2.012798309326172,2.729408025741577,4.136967182159424
2.0125129222869873,2.7298035621643066,4.137631893157959
2.0125129222869873,2.7298035621643066,4.137631893157959
2.011674165725708,2.729973077774048,4.138250350952148
2.011981248855591,2.7301278114318848,4.137134075164795
2.011981248855591,2.7301278114318848,4.137134075164795
2.011690855026245,2.730309009552002,4.13755989074707
2.0112528800964355,2.7305517196655273,4.137923240661621
2.0112528800964355,2.7305517196655273,4.137923240661621
2.0111641883850098,2.730940341949463,4.137698650360107
2.0108721256256104,2.731034755706787,4.137757301330566
2.0108721256256104,2.731034755706787,4.137757301330566
2.0101566314697266,2.731566905975342,4.138427257537842
2.0109293460845947,2.7329673767089844,4.141946315765381
2.0109293460845947,2.7329673767089844,4.141946315765381
2.0121402740478516,2.733428478240967,4.14341402053833
2.012468099594116,2.7338480949401855,4.145138740539551
2.012468099594116,2.7338480949401855,4.145138740539551
2.0142385959625244,2.7341318130493164,4.146808624267578
2.0143651962280273,2.734283447265625,4.149548053741455
2.0143651962280273,2.734283447265625,4.149548053741455
2.0153422355651855,2.7344791889190674,4.151421546936035
2.016930341720581,2.7349071502685547,4.153662204742432
2.0177323818206787,2.7346432209014893,4.153869152069092
2.0177323818206787,2.7346432209014893,4.153869152069092
2.01759934425354,2.734187126159668,4.154246807098389
2.0173535346984863,2.7340264320373535,4.153605937957764
2.0173535346984863,2.7340264320373535,4.153605937957764
2.0174899101257324,2.7341814041137695,4.1532135009765625
2.018497943878174,2.7338497638702393,4.153151512145996
2.018497943878174,2.7338497638702393,4.153151512145996
2.019240379333496,2.7343146800994873,4.154201984405518
2.019627809524536,2.734462022781372,4.15419864654541
2.019627809524536,2.734462022781372,4.15419864654541
2.0196657180786133,2.7344813346862793,4.155013084411621
2.019331932067871,2.7338552474975586,4.1541643142700195
2.019331932067871,2.7338552474975586,4.1541643142700195
2.0193493366241455,2.733654737472534,4.154525279998779
2.0193493366241455,2.733654737472534,4.154525279998779
2.0203685760498047,2.733511209487915,4.155186176300049
2.0217795372009277,2.733720541000366,4.1561784744262695
2.0217795372009277,2.733720541000366,4.1561784744262695
2.0204248428344727,2.7337567806243896,4.155925273895264
2.0194647312164307,2.7338078022003174,4.1561431884765625
2.0194647312164307,2.7338078022003174,4.1561431884765625
2.0176305770874023,2.7333881855010986,4.154021263122559
2.0168044567108154,2.7333192825317383,4.1532673835754395
2.0168044567108154,2.7333192825317383,4.1532673835754395
2.0178771018981934,2.7337236404418945,4.154406547546387
2.018695831298828,2.734309434890747,4.154841423034668
2.018695831298828,2.734309434890747,4.154841423034668
2.0182886123657227,2.734564781188965,4.154633522033691
2.0195586681365967,2.734673261642456,4.154623031616211
2.0195586681365967,2.734673261642456,4.154623031616211
2.019089460372925,2.734510898590088,4.155708312988281
2.018942356109619,2.7349894046783447,4.156517505645752
2.018942356109619,2.7349894046783447,4.156517505645752
2.019286870956421,2.7348790168762207,4.156347274780273
2.0195624828338623,2.7346062660217285,4.156515598297119
2.0195624828338623,2.7346062660217285,4.156515598297119
2.019693613052368,2.7347168922424316,4.1573004722595215
2.0198066234588623,2.7351632118225098,4.1587114334106445
2.0198066234588623,2.7351632118225098,4.1587114334106445
2.0208189487457275,2.7354090213775635,4.158675193786621
2.0234925746917725,2.735812187194824,4.160364627838135
2.0234925746917725,2.735812187194824,4.160364627838135
2.024613857269287,2.7361440658569336,4.161445140838623
2.0245416164398193,2.7365055084228516,4.161970615386963
2.0245416164398193,2.7365055084228516,4.161970615386963
2.0255961418151855,2.7368927001953125,4.163085460662842
2.0257837772369385,2.736802816390991,4.162754058837891
2.0257837772369385,2.736802816390991,4.162754058837891
2.0252647399902344,2.736602544784546,4.161553859710693
2.024791955947876,2.736959218978882,4.163537979125977
2.024791955947876,2.736959218978882,4.163537979125977
2.0248851776123047,2.737083673477173,4.163872241973877
2.0248851776123047,2.737083673477173,4.163872241973877
2.024832248687744,2.736922025680542,4.163440704345703
2.0261549949645996,2.736992597579956,4.165363311767578
2.0261549949645996,2.736992597579956,4.165363311767578
2.026792049407959,2.737133502960205,4.166614532470703
2.026618242263794,2.7376389503479004,4.167787075042725
2.027615547180176,2.737966775894165,4.168903827667236
2.027615547180176,2.737966775894165,4.168903827667236
2.027937889099121,2.737626075744629,4.168486595153809
2.0274300575256348,2.737521171569824,4.168023586273193
2.0286178588867188,2.737990140914917,4.170501708984375
2.0286178588867188,2.737990140914917,4.170501708984375
2.030625581741333,2.7384586334228516,4.170779705047607
2.030625581741333,2.7384586334228516,4.170779705047607
2.032139539718628,2.7390224933624268,4.17210578918457
2.0335693359375,2.739718198776245,4.174732685089111
2.0339515209198,2.7394795417785645,4.174771308898926
2.0339515209198,2.7394795417785645,4.174771308898926
2.032874822616577,2.7391207218170166,4.174066066741943
2.0312657356262207,2.7387607097625732,4.173130035400391
2.0312657356262207,2.7387607097625732,4.173130035400391
2.031242609024048,2.737849712371826,4.172174453735352
2.0328681468963623,2.738374710083008,4.174883842468262
2.0328681468963623,2.738374710083008,4.174883842468262
2.0350868701934814,2.7391114234924316,4.177502155303955
2.0358338356018066,2.7394931316375732,4.178269863128662
2.0358338356018066,2.7394931316375732,4.178269863128662
2.036346435546875,2.739980459213257,4.179038047790527
2.0366647243499756,2.7400615215301514,4.179879665374756
2.0366196632385254,2.7405200004577637,4.181518077850342
2.0366196632385254,2.7405200004577637,4.181518077850342
2.036848545074463,2.740598678588867,4.180994510650635
2.0368776321411133,2.740591049194336,4.181044578552246
2.0368776321411133,2.740591049194336,4.181044578552246
2.0371079444885254,2.7402536869049072,4.180776119232178
2.0365235805511475,2.740032196044922,4.181483268737793
2.0365235805511475,2.740032196044922,4.181483268737793
2.037130355834961,2.740316867828369,4.182042121887207
2.0371179580688477,2.7403388023376465,4.18274450302124
2.0371179580688477,2.7403388023376465,4.18274450302124
2.037933111190796,2.740222692489624,4.183291912078857
2.038297176361084,2.7403504848480225,4.1835036277771
2.038297176361084,2.7403504848480225,4.1835036277771
2.0389819145202637,2.740785837173462,4.1849188804626465
2.0389771461486816,2.741637706756592,4.186842441558838
2.0389771461486816,2.741637706756592,4.186842441558838
2.0395805835723877,2.74225115776062,4.186835765838623
2.039689064025879,2.742190361022949,4.187045574188232
2.039689064025879,2.742190361022949,4.187045574188232
2.0392308235168457,2.7428853511810303,4.188900947570801
2.038844108581543,2.743572473526001,4.188870906829834
2.0384039878845215,2.7436602115631104,4.189122676849365
2.0384039878845215,2.7436602115631104,4.189122676849365
2.03841233253479,2.7439258098602295,4.189841270446777
2.0378286838531494,2.744271993637085,4.189525127410889
2.0378286838531494,2.744271993637085,4.189525127410889
2.0377109050750732,2.744262456893921,4.1897382736206055
2.038444995880127,2.7443385124206543,4.1904497146606445
2.038444995880127,2.7443385124206543,4.1904497146606445
2.039058208465576,2.7444629669189453,4.190556526184082
2.039517879486084,2.7441952228546143,4.190898895263672
2.039517879486084,2.7441952228546143,4.190898895263672
2.0406494140625,2.744469165802002,4.192517280578613
2.0390465259552,2.7452616691589355,4.1944499015808105
2.0390465259552,2.7452616691589355,4.1944499015808105
2.038898468017578,2.7456166744232178,4.19249963760376
2.0400233268737793,2.7449076175689697,4.193105697631836
2.0400233268737793,2.7449076175689697,4.193105697631836
2.0407354831695557,2.744509220123291,4.193176746368408
2.040673017501831,2.744823932647705,4.194039344787598
2.041313886642456,2.7446038722991943,4.1936140060424805
2.041313886642456,2.7446038722991943,4.1936140060424805
2.0418877601623535,2.7443692684173584,4.1934003829956055
2.042045831680298,2.7444841861724854,4.194610118865967
2.042045831680298,2.7444841861724854,4.194610118865967
2.042682647705078,2.7450897693634033,4.196221828460693
2.0431318283081055,2.745058059692383,4.1967453956604
2.0431318283081055,2.745058059692383,4.1967453956604
2.0446090698242188,2.7448625564575195,4.197231769561768
2.0445516109466553,2.7451353073120117,4.198215007781982
2.0445806980133057,2.7457191944122314,4.199326038360596
2.0445806980133057,2.7457191944122314,4.199326038360596
2.044732093811035,2.746187925338745,4.200221538543701
2.0459752082824707,2.7460460662841797,4.199778079986572
2.0459752082824707,2.7460460662841797,4.199778079986572
2.0462543964385986,2.745699405670166,4.200170040130615
2.0463640689849854,2.7457332611083984,4.201380252838135
2.0463640689849854,2.7457332611083984,4.201380252838135
2.046912431716919,2.7457950115203857,4.201651096343994
2.0478174686431885,2.7461888790130615,4.202855110168457
2.0478174686431885,2.7461888790130615,4.202855110168457
2.0498480796813965,2.7464404106140137,4.204793453216553
2.0506341457366943,2.7465052604675293,4.206073760986328
2.0506341457366943,2.7465052604675293,4.206073760986328
2.0497968196868896,2.746450424194336,4.205714702606201
2.049617290496826,2.746023654937744,4.205201148986816
2.049617290496826,2.746023654937744,4.205201148986816
2.048703670501709,2.745382785797119,4.203668117523193
2.0482728481292725,2.74568247795105,4.203481674194336
2.047071933746338,2.745838165283203,4.2031097412109375
2.047071933746338,2.745838165283203,4.2031097412109375
2.0461769104003906,2.7456207275390625,4.201728343963623
2.047053813934326,2.7450878620147705,4.201671600341797
2.047053813934326,2.7450878620147705,4.201671600341797
2.047595977783203,2.7452290058135986,4.202213287353516
2.047623634338379,2.745967149734497,4.204372406005859
2.047623634338379,2.745967149734497,4.204372406005859
2.048173189163208,2.746431350708008,4.204234600067139
2.0480635166168213,2.7471394538879395,4.203754901885986
2.0480635166168213,2.7471394538879395,4.203754901885986
2.0470921993255615,2.7472939491271973,4.203433513641357
2.0462310314178467,2.747762680053711,4.203904151916504
2.0454628467559814,2.7473084926605225,4.203449249267578
2.0454628467559814,2.7473084926605225,4.203449249267578
2.0453414916992188,2.7472891807556152,4.203544616699219
2.04415225982666,2.747652053833008,4.204390525817871
2.04415225982666,2.747652053833008,4.204390525817871
2.0428214073181152,2.7479794025421143,4.203446865081787
2.041766881942749,2.7477853298187256,4.202416896820068
2.0424885749816895,2.747802734375,4.2025980949401855
2.0424885749816895,2.747802734375,4.2025980949401855
2.0423433780670166,2.747520685195923,4.201774597167969
2.0431125164031982,2.7470662593841553,4.202786922454834
2.0431125164031982,2.7470662593841553,4.202786922454834
2.0442495346069336,2.7469959259033203,4.203873157501221
2.045680284500122,2.7472054958343506,4.20584774017334
2.045680284500122,2.7472054958343506,4.20584774017334
2.0471584796905518,2.74769926071167,4.207790374755859
2.048145055770874,2.7476673126220703,4.208614349365234
2.048145055770874,2.7476673126220703,4.208614349365234
2.0496084690093994,2.7473440170288086,4.20866060256958
2.0501811504364014,2.7473413944244385,4.211363792419434
2.0501811504364014,2.7473413944244385,4.211363792419434
2.050501823425293,2.7480225563049316,4.213680267333984
2.0503671169281006,2.748514413833618,4.215458869934082
2.0503671169281006,2.748514413833618,4.215458869934082
2.052539110183716,2.7488222122192383,4.21552038192749
2.053406000137329,2.7486629486083984,4.215475082397461
2.053406000137329,2.7486629486083984,4.215475082397461
2.0525333881378174,2.748689651489258,4.215694904327393
2.053605794906616,2.7493631839752197,4.216679573059082
2.055406093597412,2.7493531703948975,4.216740608215332
2.055406093597412,2.7493531703948975,4.216740608215332
2.05747127532959,2.749647855758667,4.217862129211426
2.058791399002075,2.750093698501587,4.219874382019043
2.058791399002075,2.750093698501587,4.219874382019043
2.059096574783325,2.74985671043396,4.219204425811768
2.059328079223633,2.749493360519409,4.218532562255859
2.05983304977417,2.749213218688965,4.2184906005859375
2.05983304977417,2.749213218688965,4.2184906005859375
2.0598502159118652,2.749466896057129,4.219486236572266
2.0598931312561035,2.750351667404175,4.22101354598999
2.0598931312561035,2.750351667404175,4.22101354598999
2.0608415603637695,2.750389814376831,4.220937728881836
2.0600810050964355,2.74991512298584,4.220392227172852
2.0600810050964355,2.74991512298584,4.220392227172852
2.059890031814575,2.7504844665527344,4.220776557922363
2.0609169006347656,2.751267910003662,4.222898483276367
2.0615227222442627,2.751424789428711,4.222436428070068
2.0615227222442627,2.751424789428711,4.222436428070068
2.061891555786133,2.751915454864502,4.2238264083862305
2.0618739128112793,2.7521607875823975,4.224334239959717
2.0618739128112793,2.7521607875823975,4.224334239959717
2.0608437061309814,2.7519142627716064,4.2235026359558105
2.0609686374664307,2.7514548301696777,4.224114418029785
2.0609686374664307,2.7514548301696777,4.224114418029785
2.0608487129211426,2.751591444015503,4.224406719207764
2.0598390102386475,2.7520925998687744,4.225832462310791
2.0603723526000977,2.7525858879089355,4.224817752838135
2.0603723526000977,2.7525858879089355,4.224817752838135
2.060053586959839,2.7523365020751953,4.224246501922607
2.0585811138153076,2.7523252964019775,4.223753452301025
2.057996988296509,2.7530040740966797,4.224085807800293
2.057996988296509,2.7530040740966797,4.224085807800293
2.057706356048584,2.752686023712158,4.223384857177734
2.0565297603607178,2.7520406246185303,4.221156120300293
2.0554587841033936,2.752561330795288,4.2233781814575195
2.0554587841033936,2.752561330795288,4.2233781814575195
2.0552761554718018,2.753037929534912,4.224376201629639
2.0549497604370117,2.7529637813568115,4.224849700927734
2.055546522140503,2.752601146697998,4.224856376647949
2.055546522140503,2.752601146697998,4.224856376647949
2.055131196975708,2.75227427482605,4.22441291809082
2.0547068119049072,2.752969980239868,4.225253582000732
2.055817127227783,2.7534408569335938,4.226351261138916
2.0574216842651367,2.753589630126953,4.22733211517334
2.0574216842651367,2.753589630126953,4.22733211517334
2.0582704544067383,2.7534141540527344,4.227931499481201
2.0593249797821045,2.7534024715423584,4.228682518005371
2.0593249797821045,2.7534024715423584,4.228682518005371
2.0600013732910156,2.753174066543579,4.228579044342041
2.0608458518981934,2.752894163131714,4.229587078094482
2.0608458518981934,2.752894163131714,4.229587078094482
2.0621957778930664,2.7534549236297607,4.231892108917236
2.0640668869018555,2.753859281539917,4.2323689460754395
2.0640668869018555,2.753859281539917,4.2323689460754395
2.0652592182159424,2.754197597503662,4.234083652496338
2.065932273864746,2.75400710105896,4.234262943267822
2.066570997238159,2.753826379776001,4.234692573547363
2.066570997238159,2.753826379776001,4.234692573547363
2.068005084991455,2.7543981075286865,4.236084938049316
2.0688416957855225,2.754707098007202,4.236800670623779
2.0688416957855225,2.754707098007202,4.236800670623779
2.069063186645508,2.754683494567871,4.236600875854492
2.0694446563720703,2.754539728164673,4.236210346221924
2.0697951316833496,2.754363775253296,4.235879898071289
2.0697951316833496,2.754363775253296,4.235879898071289
2.0691020488739014,2.754168748855591,4.235490798950195
2.0691797733306885,2.754046678543091,4.235450267791748
2.0691797733306885,2.754046678543091,4.235450267791748
2.0690321922302246,2.7539432048797607,4.234854698181152
2.0687737464904785,2.7539994716644287,4.23476505279541
2.0687737464904785,2.7539994716644287,4.23476505279541
2.070176601409912,2.754572629928589,4.236924648284912
2.070176601409912,2.754572629928589,4.236924648284912
2.0715036392211914,2.7549378871917725,4.236935615539551
2.071883201599121,2.7546563148498535,4.2360992431640625
2.071883201599121,2.7546563148498535,4.2360992431640625
2.071744680404663,2.7548773288726807,4.236449241638184
2.071601629257202,2.755443811416626,4.236268043518066
2.071601629257202,2.755443811416626,4.236268043518066
2.0710954666137695,2.755598783493042,4.236264705657959
2.0715243816375732,2.7559971809387207,4.236757755279541
2.0715243816375732,2.7559971809387207,4.236757755279541
2.072376012802124,2.755866289138794,4.236527919769287
2.0716965198516846,2.755702495574951,4.236090660095215
2.0711846351623535,2.756228446960449,4.236956596374512
2.0711846351623535,2.756228446960449,4.236956596374512
2.072169065475464,2.7562880516052246,4.236499786376953
2.0716195106506348,2.7553751468658447,4.236106872558594
2.0716195106506348,2.7553751468658447,4.236106872558594
2.0726919174194336,2.755293607711792,4.236955642700195
2.0719475746154785,2.7555131912231445,4.238729953765869
2.0719475746154785,2.7555131912231445,4.238729953765869
2.0708184242248535,2.7553622722625732,4.237306118011475
2.070852518081665,2.755092144012451,4.236552715301514
2.070852518081665,2.755092144012451,4.236552715301514
2.0706422328948975,2.7548418045043945,4.235776424407959
2.0699386596679688,2.755580186843872,4.236867427825928
2.0699386596679688,2.755580186843872,4.236867427825928
2.069681406021118,2.756427526473999,4.237439155578613
2.070277214050293,2.7562637329101562,4.236226558685303
2.0696146488189697,2.755828380584717,4.235568523406982
2.0696146488189697,2.755828380584717,4.235568523406982
2.069518566131592,2.7561025619506836,4.236635684967041
2.069856882095337,2.7564408779144287,4.237493991851807
2.069856882095337,2.7564408779144287,4.237493991851807
2.07053279876709,2.7561745643615723,4.236745834350586
2.070253610610962,2.7556121349334717,4.237243175506592
2.070253610610962,2.7556121349334717,4.237243175506592
2.070472002029419,2.755464792251587,4.237741470336914
2.0696160793304443,2.7554337978363037,4.238533973693848
2.0696160793304443,2.7554337978363037,4.238533973693848
2.0699028968811035,2.7551562786102295,4.238463878631592
2.0702786445617676,2.754950761795044,4.2384796142578125
2.0702786445617676,2.754950761795044,4.2384796142578125
2.070049285888672,2.7549972534179688,4.239121437072754
2.070603609085083,2.7560408115386963,4.240289688110352
2.070603609085083,2.7560408115386963,4.240289688110352
2.071218252182007,2.7564139366149902,4.240310192108154
2.0716943740844727,2.7563743591308594,4.23994255065918
2.0717079639434814,2.757099151611328,4.241091251373291
2.0717079639434814,2.757099151611328,4.241091251373291
2.071683406829834,2.757302761077881,4.240633010864258
2.0726685523986816,2.757192611694336,4.240455627441406
2.0726685523986816,2.757192611694336,4.240455627441406
2.073298692703247,2.757122278213501,4.241053581237793
2.0738134384155273,2.757275342941284,4.242188930511475
2.0738134384155273,2.757275342941284,4.242188930511475
2.0737531185150146,2.757622718811035,4.243736743927002
2.07600736618042,2.7574093341827393,4.2441816329956055
2.07600736618042,2.7574093341827393,4.2441816329956055
2.0778002738952637,2.7573721408843994,4.246150016784668
2.079829692840576,2.758265733718872,4.248922824859619
2.079829692840576,2.758265733718872,4.248922824859619
2.081089735031128,2.7591607570648193,4.251559734344482
2.082141399383545,2.759509801864624,4.251952171325684
2.0825817584991455,2.759228229522705,4.252098560333252
2.0825817584991455,2.759228229522705,4.252098560333252
2.0827486515045166,2.758835792541504,4.2514872550964355
2.0827486515045166,2.758835792541504,4.2514872550964355
2.08203387260437,2.758861541748047,4.251486778259277
2.083131790161133,2.758774757385254,4.251890659332275
2.083131790161133,2.758774757385254,4.251890659332275
2.0853402614593506,2.7590720653533936,4.253397464752197
2.0858964920043945,2.7588887214660645,4.252901077270508
2.0858964920043945,2.7588887214660645,4.252901077270508
2.085045576095581,2.758901357650757,4.253653526306152
2.083326578140259,2.7588160037994385,4.253108978271484
2.083326578140259,2.7588160037994385,4.253108978271484
2.08372163772583,2.758310556411743,4.252202987670898
2.0848586559295654,2.7581756114959717,4.253401756286621
2.0860486030578613,2.759053945541382,4.254617691040039
2.0860486030578613,2.759053945541382,4.254617691040039
2.0852158069610596,2.7595908641815186,4.255530834197998
2.085904836654663,2.7597343921661377,4.254558563232422
2.0858354568481445,2.759486436843872,4.25485897064209
2.0858354568481445,2.759486436843872,4.25485897064209
2.0850837230682373,2.7597436904907227,4.254836559295654
2.0850212574005127,2.760653018951416,4.256157398223877
2.08575439453125,2.7605140209198,4.2556328773498535
2.08575439453125,2.7605140209198,4.2556328773498535
2.086764097213745,2.7603890895843506,4.255516529083252
2.0875649452209473,2.7611539363861084,4.25807523727417
2.0875649452209473,2.7611539363861084,4.25807523727417
2.0864791870117188,2.761051893234253,4.256943702697754
2.0848350524902344,2.7603416442871094,4.255488872528076
2.0848350524902344,2.7603416442871094,4.255488872528076
2.083327531814575,2.759580612182617,4.253852367401123
2.081723213195801,2.759331703186035,4.253504753112793
2.081723213195801,2.759331703186035,4.253504753112793
2.081301689147949,2.7598061561584473,4.25363302230835
2.082442283630371,2.7603464126586914,4.254961013793945
2.0822675228118896,2.7605700492858887,4.254209518432617
2.0822675228118896,2.7605700492858887,4.254209518432617
2.082089424133301,2.761025905609131,4.254433631896973
2.082089424133301,2.761025905609131,4.254433631896973
2.082355260848999,2.7610788345336914,4.254542827606201
2.0809221267700195,2.7607791423797607,4.253781795501709
2.0809221267700195,2.7607791423797607,4.253781795501709
2.0813024044036865,2.761246919631958,4.255270004272461
2.0822103023529053,2.7614240646362305,4.256072521209717
2.0822103023529053,2.7614240646362305,4.256072521209717
2.083362579345703,2.7616219520568848,4.256738662719727
2.083733081817627,2.760977268218994,4.25653076171875
2.083733081817627,2.760977268218994,4.25653076171875
2.0841927528381348,2.760782480239868,4.256906032562256
2.0838420391082764,2.7610952854156494,4.257964134216309
2.0838420391082764,2.7610952854156494,4.257964134216309
2.0857067108154297,2.7615134716033936,4.258800506591797
2.087437391281128,2.7612991333007812,4.259335994720459
2.0886595249176025,2.7614550590515137,4.259850025177002
2.0886595249176025,2.7614550590515137,4.259850025177002
2.0891599655151367,2.761908769607544,4.2608442306518555
2.08944034576416,2.7614662647247314,4.260498046875
2.08944034576416,2.7614662647247314,4.260498046875
2.0898571014404297,2.7612318992614746,4.260656833648682
2.090815782546997,2.76171612739563,4.263174057006836
2.090815782546997,2.76171612739563,4.263174057006836
2.092440366744995,2.7618823051452637,4.264028072357178
2.093641996383667,2.7617568969726562,4.264998912811279
2.093641996383667,2.7617568969726562,4.264998912811279
2.094459295272827,2.7615768909454346,4.265625
2.097494602203369,2.762739896774292,4.269443988800049
2.097494602203369,2.762739896774292,4.269443988800049
2.09849214553833,2.763477087020874,4.26993989944458
2.101123571395874,2.76425838470459,4.271770000457764
2.101123571395874,2.76425838470459,4.271770000457764
2.102656841278076,2.76405668258667,4.271810531616211
2.103714942932129,2.7644386291503906,4.274097442626953
2.103714942932129,2.7644386291503906,4.274097442626953
2.1045761108398438,2.7648141384124756,4.27532434463501
2.105656862258911,2.764866590499878,4.275815010070801
2.10719633102417,2.764876365661621,4.277271747589111
2.10719633102417,2.764876365661621,4.277271747589111
2.107523202896118,2.7649073600769043,4.278297424316406
2.1058499813079834,2.7647080421447754,4.278160572052002
2.1058499813079834,2.7647080421447754,4.278160572052002
2.1056549549102783,2.7644553184509277,4.2770891189575195
2.105956554412842,2.7641828060150146,4.276745796203613
2.105956554412842,2.7641828060150146,4.276745796203613
2.1070668697357178,2.764979362487793,4.279347896575928
2.108424186706543,2.7661097049713135,4.281291484832764
2.108424186706543,2.7661097049713135,4.281291484832764
2.1092586517333984,2.7663817405700684,4.281585216522217
2.1088080406188965,2.766596555709839,4.281922340393066
2.1088080406188965,2.766596555709839,4.281922340393066
2.1068921089172363,2.7666027545928955,4.280787944793701
2.107342004776001,2.7666327953338623,4.280498504638672
2.107342004776001,2.7666327953338623,4.280498504638672
2.1072800159454346,2.7665274143218994,4.279730319976807
2.107635021209717,2.7674360275268555,4.281493186950684
2.107635021209717,2.7674360275268555,4.281493186950684
2.1079962253570557,2.7684690952301025,4.282238006591797
2.107825517654419,2.76834774017334,4.282194137573242
2.107825517654419,2.76834774017334,4.282194137573242
2.1095645427703857,2.768045663833618,4.282143592834473
2.109159469604492,2.7680060863494873,4.283501148223877
2.109159469604492,2.7680060863494873,4.283501148223877
2.1093344688415527,2.768573522567749,4.284678936004639
2.1095054149627686,2.7693190574645996,4.286579132080078
2.1095054149627686,2.7693190574645996,4.286579132080078
2.1096339225769043,2.7694456577301025,4.285529613494873
2.1098172664642334,2.7691967487335205,4.28577184677124
2.1107571125030518,2.7699570655822754,4.2878570556640625
2.1107571125030518,2.7699570655822754,4.2878570556640625
2.111294746398926,2.770484685897827,4.289044380187988
2.1116650104522705,2.7711751461029053,4.289409160614014
2.1116650104522705,2.7711751461029053,4.289409160614014
2.1130433082580566,2.7718873023986816,4.291670799255371
2.113360643386841,2.7725281715393066,4.293609142303467
2.113360643386841,2.7725281715393066,4.293609142303467
2.114628553390503,2.7730023860931396,4.294466495513916
2.1167964935302734,2.7730824947357178,4.296491622924805
2.1167964935302734,2.7730824947357178,4.296491622924805
2.1174559593200684,2.7732369899749756,4.298438549041748
2.1195831298828125,2.773850202560425,4.301414966583252
2.120847702026367,2.7743160724639893,4.303003787994385
2.120847702026367,2.7743160724639893,4.303003787994385
2.1216166019439697,2.7740318775177,4.303231716156006
2.121450185775757,2.773369312286377,4.304025650024414
2.121450185775757,2.773369312286377,4.304025650024414
2.121751070022583,2.7734267711639404,4.304125785827637
2.1211178302764893,2.7733893394470215,4.305163383483887
2.1211178302764893,2.7733893394470215,4.305163383483887
2.1218297481536865,2.7733707427978516,4.305389404296875
2.1226959228515625,2.7736239433288574,4.305638313293457
2.1226959228515625,2.7736239433288574,4.305638313293457
2.122199773788452,2.7739298343658447,4.306355953216553
2.1224536895751953,2.7745022773742676,4.30763053894043
2.1224536895751953,2.7745022773742676,4.30763053894043
2.1236610412597656,2.7747037410736084,4.307791709899902
2.124037981033325,2.77492618560791,4.308053970336914
2.124037981033325,2.77492618560791,4.308053970336914
2.1240391731262207,2.7756097316741943,4.30964994430542
2.1247594356536865,2.7759592533111572,4.309206008911133
2.1247594356536865,2.7759592533111572,4.309206008911133
2.124173402786255,2.7763936519622803,4.31015682220459
2.1205172538757324,2.7763383388519287,4.309765338897705
2.119349241256714,2.7762398719787598,4.309986114501953
2.119349241256714,2.7762398719787598,4.309986114501953
2.1187291145324707,2.7762277126312256,4.309677600860596
2.1198019981384277,2.7769646644592285,4.312136650085449
2.1198019981384277,2.7769646644592285,4.312136650085449
2.1215901374816895,2.7778632640838623,4.314352512359619
2.1234405040740967,2.778602361679077,4.315340518951416
2.1242992877960205,2.7783238887786865,4.315892219543457
2.1242992877960205,2.7783238887786865,4.315892219543457
2.123828887939453,2.7779428958892822,4.3161139488220215
2.12418532371521,2.778200149536133,4.317050933837891
2.12418532371521,2.778200149536133,4.317050933837891
2.1253645420074463,2.7790088653564453,4.318926811218262
2.126777172088623,2.779531717300415,4.320584774017334
2.126777172088623,2.779531717300415,4.320584774017334
2.127781867980957,2.780243396759033,4.322127342224121
2.127781867980957,2.780243396759033,4.322127342224121
2.12766695022583,2.7802207469940186,4.322140693664551
2.126629114151001,2.7799789905548096,4.321731090545654
2.126629114151001,2.7799789905548096,4.321731090545654
2.125352382659912,2.780264139175415,4.321393013000488
2.125351667404175,2.779975652694702,4.320790767669678
2.125351667404175,2.779975652694702,4.320790767669678
2.1251654624938965,2.780179977416992,4.321069240570068
2.1246862411499023,2.7806637287139893,4.321864128112793
2.1246862411499023,2.7806637287139893,4.321864128112793
2.1245076656341553,2.781073570251465,4.322398662567139
2.1230294704437256,2.781284809112549,4.32276725769043
2.1230294704437256,2.781284809112549,4.32276725769043
2.121344566345215,2.781141519546509,4.322483062744141
2.1204373836517334,2.7805752754211426,4.321960926055908
2.1204373836517334,2.7805752754211426,4.321960926055908
2.120166301727295,2.780818223953247,4.322390079498291
2.121063232421875,2.7814295291900635,4.324460983276367
2.121063232421875,2.7814295291900635,4.324460983276367
2.1229074001312256,2.7816126346588135,4.324487686157227
2.1236069202423096,2.7813613414764404,4.325276851654053
2.1236069202423096,2.7813613414764404,4.325276851654053
2.1242270469665527,2.7819745540618896,4.327297687530518
2.1252808570861816,2.782557249069214,4.327881336212158
2.1252808570861816,2.782557249069214,4.327881336212158
2.126737594604492,2.7831175327301025,4.330000877380371
2.128041982650757,2.7835330963134766,4.3315863609313965
2.128153085708618,2.783215284347534,4.330905914306641
2.128153085708618,2.783215284347534,4.330905914306641
2.1267879009246826,2.7831032276153564,4.33072566986084
2.1265854835510254,2.782996892929077,4.331017017364502
2.1265854835510254,2.782996892929077,4.331017017364502
2.1284468173980713,2.782731533050537,4.331700325012207
2.1313014030456543,2.7833492755889893,4.335169792175293
2.1313014030456543,2.7833492755889893,4.335169792175293
2.134453535079956,2.7846055030822754,4.337177276611328
2.135854482650757,2.785299301147461,4.339158535003662
2.135854482650757,2.785299301147461,4.339158535003662
2.1377809047698975,2.785442590713501,4.338512897491455
2.1376967430114746,2.7851827144622803,4.338608741760254
2.1376967430114746,2.7851827144622803,4.338608741760254
2.1356756687164307,2.7851502895355225,4.338018417358398
2.1356353759765625,2.7855045795440674,4.33806037902832
2.136659622192383,2.7847559452056885,4.338014125823975
2.136659622192383,2.7847559452056885,4.338014125823975
2.137179374694824,2.784395694732666,4.337814807891846
2.1366450786590576,2.7849948406219482,4.34026575088501
2.1366450786590576,2.7849948406219482,4.34026575088501
2.1372530460357666,2.7849438190460205,4.339461326599121
2.1372530460357666,2.7849438190460205,4.339461326599121
2.137080669403076,2.7844247817993164,4.338672637939453
2.1367127895355225,2.784358501434326,4.338894844055176
2.1367127895355225,2.784358501434326,4.338894844055176
2.137052297592163,2.785294532775879,4.33993673324585
2.1374504566192627,2.785780191421509,4.340214729309082
2.1374504566192627,2.785780191421509,4.340214729309082
2.138054370880127,2.785794496536255,4.340311050415039
2.1388468742370605,2.7861592769622803,4.341816425323486
2.1388468742370605,2.7861592769622803,4.341816425323486
2.138343334197998,2.786318778991699,4.341622352600098
2.1379454135894775,2.786388874053955,4.34199857711792
2.139258861541748,2.7863640785217285,4.342540740966797
2.139258861541748,2.7863640785217285,4.342540740966797
2.14013671875,2.7865357398986816,4.343472957611084
2.1413211822509766,2.787081003189087,4.3452534675598145
2.1413211822509766,2.787081003189087,4.3452534675598145
2.140566349029541,2.7874839305877686,4.346248149871826
2.1394407749176025,2.7873263359069824,4.344966888427734
2.1394407749176025,2.7873263359069824,4.344966888427734
2.1395199298858643,2.7871906757354736,4.34478759765625
2.139714479446411,2.787688732147217,4.346399307250977
2.139714479446411,2.787688732147217,4.346399307250977
2.139878273010254,2.7885212898254395,4.347179889678955
2.1405820846557617,2.789179801940918,4.347430229187012
2.1405820846557617,2.789179801940918,4.347430229187012
2.141916036605835,2.7890031337738037,4.347411632537842
2.1426026821136475,2.7899699211120605,4.350740432739258
2.1430749893188477,2.7909529209136963,4.35194730758667
2.1430749893188477,2.7909529209136963,4.35194730758667
2.1432204246520996,2.790921688079834,4.352066516876221
2.1423068046569824,2.790783166885376,4.351719856262207
2.1423068046569824,2.790783166885376,4.351719856262207
2.141545534133911,2.7909975051879883,4.352597236633301
2.141615629196167,2.7915754318237305,4.354068756103516
2.141615629196167,2.7915754318237305,4.354068756103516
2.1429049968719482,2.791700839996338,4.354466438293457
2.144739866256714,2.7920799255371094,4.356590270996094
2.144739866256714,2.7920799255371094,4.356590270996094
2.145000696182251,2.792732000350952,4.358100414276123
2.1439905166625977,2.7930190563201904,4.358712196350098
2.1439905166625977,2.7930190563201904,4.358712196350098
2.1437551975250244,2.7929506301879883,4.356876373291016
2.143937349319458,2.7926435470581055,4.358068466186523
2.143937349319458,2.7926435470581055,4.358068466186523
2.1454474925994873,2.7934231758117676,4.3602705001831055
2.1473567485809326,2.7939233779907227,4.361809253692627
2.1473567485809326,2.7939233779907227,4.361809253692627
2.147639036178589,2.7935709953308105,4.3612895011901855
2.147603750228882,2.7938780784606934,4.361494541168213
2.147603750228882,2.7938780784606934,4.361494541168213
2.1480422019958496,2.7943758964538574,4.362699031829834
2.1485636234283447,2.794489622116089,4.362468719482422
2.1485636234283447,2.794489622116089,4.362468719482422
2.1495401859283447,2.7943880558013916,4.362631797790527
2.1498677730560303,2.7946901321411133,4.363611698150635
2.1498677730560303,2.7946901321411133,4.363611698150635
2.1494104862213135,2.794802665710449,4.363797664642334
2.149674892425537,2.7953853607177734,4.3640594482421875
2.149674892425537,2.7953853607177734,4.3640594482421875
2.1486523151397705,2.7948050498962402,4.362515449523926
2.147230625152588,2.794502019882202,4.3630218505859375
2.147230625152588,2.794502019882202,4.3630218505859375
2.147407054901123,2.795360565185547,4.364849090576172
2.1482632160186768,2.795585870742798,4.365853786468506
2.1482632160186768,2.795585870742798,4.365853786468506
2.148712635040283,2.7953989505767822,4.365316390991211
2.149509906768799,2.795555830001831,4.365472793579102
2.149509906768799,2.795555830001831,4.365472793579102
2.1483802795410156,2.795668363571167,4.365373134613037
2.1473135948181152,2.7952401638031006,4.3640456199646
2.1473135948181152,2.7952401638031006,4.3640456199646
2.148458957672119,2.7951548099517822,4.364388465881348
2.1505606174468994,2.795743703842163,4.365847110748291
2.1505606174468994,2.795743703842163,4.365847110748291
2.153069496154785,2.7971534729003906,4.369951248168945
2.1557154655456543,2.7980549335479736,4.371524810791016
2.1557154655456543,2.7980549335479736,4.371524810791016
2.1551296710968018,2.7978475093841553,4.371240615844727
2.1538889408111572,2.7967474460601807,4.369082450866699
2.1538889408111572,2.7967474460601807,4.369082450866699
2.154165744781494,2.7963943481445312,4.370473384857178
2.155120611190796,2.796380043029785,4.371292591094971
2.155120611190796,2.796380043029785,4.371292591094971
2.156426429748535,2.797429323196411,4.373488903045654
2.156907081604004,2.7985942363739014,4.374579906463623
2.156907081604004,2.7985942363739014,4.374579906463623
2.158752679824829,2.799285650253296,4.3748087882995605
2.1592466831207275,2.7990777492523193,4.374871730804443
2.1592466831207275,2.7990777492523193,4.374871730804443
2.159024238586426,2.7988226413726807,4.374024868011475
2.1588399410247803,2.7992300987243652,4.374906063079834
2.1588399410247803,2.7992300987243652,4.374906063079834
2.158412456512451,2.7997071743011475,4.375975131988525
2.158815622329712,2.800142526626587,4.376857757568359
2.158815622329712,2.800142526626587,4.376857757568359
2.160733222961426,2.8006012439727783,4.377919673919678
2.16064190864563,2.8000214099884033,4.378117561340332
2.16064190864563,2.8000214099884033,4.378117561340332
2.1594526767730713,2.7999227046966553,4.377760410308838
2.1578824520111084,2.799678087234497,4.377301216125488
2.1578824520111084,2.799678087234497,4.377301216125488
2.157782793045044,2.7993195056915283,4.3777360916137695
2.1588921546936035,2.799302339553833,4.378474712371826
2.1588921546936035,2.799302339553833,4.378474712371826
2.1602942943573,2.799818515777588,4.3804707527160645
2.160961151123047,2.8001863956451416,4.382010459899902
2.161543607711792,2.799853801727295,4.381607532501221
2.161543607711792,2.799853801727295,4.381607532501221
2.1611459255218506,2.798975944519043,4.3801164627075195
2.160435914993286,2.799710750579834,4.38185453414917
2.160435914993286,2.799710750579834,4.38185453414917
2.160789728164673,2.800452947616577,4.381842136383057
2.1619324684143066,2.800271511077881,4.381231307983398
2.1619324684143066,2.800271511077881,4.381231307983398
2.16357159614563,2.80057692527771,4.382824897766113
2.164273500442505,2.8014867305755615,4.384019374847412
2.164273500442505,2.8014867305755615,4.384019374847412
2.1656970977783203,2.8026301860809326,4.385896682739258
2.1689035892486572,2.803645133972168,4.386837482452393
2.1696243286132812,2.8036177158355713,4.3869476318359375
2.1696243286132812,2.8036177158355713,4.3869476318359375
2.1692514419555664,2.8034911155700684,4.386662483215332
2.1685194969177246,2.803602457046509,4.386734962463379
2.1685194969177246,2.803602457046509,4.386734962463379
2.168593168258667,2.8029513359069824,4.385891914367676
2.16864275932312,2.8024983406066895,4.385463714599609
2.16864275932312,2.8024983406066895,4.385463714599609
2.1700363159179688,2.80365252494812,4.388267993927002
2.171769142150879,2.8042280673980713,4.389361381530762
2.171769142150879,2.8042280673980713,4.389361381530762
2.172933578491211,2.8043882846832275,4.389705657958984
2.1739964485168457,2.803831100463867,4.389016628265381
2.1739964485168457,2.803831100463867,4.389016628265381
2.172929286956787,2.803325891494751,4.389196872711182
2.1713273525238037,2.8034753799438477,4.389074325561523
2.1713273525238037,2.8034753799438477,4.389074325561523
2.17183256149292,2.804086685180664,4.390089511871338
2.1727278232574463,2.803764820098877,4.389504909515381
2.1727278232574463,2.803764820098877,4.389504909515381
2.173251152038574,2.803709030151367,4.389641761779785
2.174144983291626,2.8038127422332764,4.390768051147461
2.174144983291626,2.8038127422332764,4.390768051147461
2.1747357845306396,2.804244041442871,4.392489433288574
2.177696466445923,2.8053343296051025,4.395358562469482
2.177696466445923,2.8053343296051025,4.395358562469482
2.1798834800720215,2.8061633110046387,4.396766185760498
2.17966890335083,2.806011438369751,4.3963093757629395
2.17966890335083,2.806011438369751,4.3963093757629395
2.1782641410827637,2.8062262535095215,4.3966546058654785
2.1786396503448486,2.806527614593506,4.3967413902282715
2.1786396503448486,2.806527614593506,4.3967413902282715
2.179130792617798,2.8066306114196777,4.39740514755249
2.17968487739563,2.806873321533203,4.398479461669922
2.17968487739563,2.806873321533203,4.398479461669922
2.1798081398010254,2.8069710731506348,4.399424076080322
2.1786415576934814,2.807018995285034,4.399835586547852
2.1786415576934814,2.807018995285034,4.399835586547852
2.1772758960723877,2.8068878650665283,4.399725437164307
2.1772916316986084,2.8065106868743896,4.399716854095459
2.174920082092285,2.8061485290527344,4.3989410400390625
2.174920082092285,2.8061485290527344,4.3989410400390625
2.1735734939575195,2.806104898452759,4.398947715759277
2.1735734939575195,2.806104898452759,4.398947715759277
2.1737937927246094,2.8049449920654297,4.397075653076172
2.173447608947754,2.8050501346588135,4.397665023803711
2.1737444400787354,2.806560754776001,4.400788307189941
2.1737444400787354,2.806560754776001,4.400788307189941
2.175293445587158,2.8074543476104736,4.40022087097168
2.1753408908843994,2.8074676990509033,4.399830341339111
2.1753408908843994,2.8074676990509033,4.399830341339111
2.1753780841827393,2.807687759399414,4.399684906005859
2.174984931945801,2.8078041076660156,4.399198055267334
2.1757075786590576,2.807666778564453,4.399590015411377
2.1757075786590576,2.807666778564453,4.399590015411377
2.17720890045166,2.8081014156341553,4.401375770568848
2.1779308319091797,2.8080272674560547,4.401702404022217
2.1779308319091797,2.8080272674560547,4.401702404022217
2.178351402282715,2.8078267574310303,4.403185844421387
2.1788318157196045,2.8080739974975586,4.403614521026611
2.1788318157196045,2.8080739974975586,4.403614521026611
2.179598808288574,2.8081932067871094,4.404250621795654
2.1811130046844482,2.808344841003418,4.405029296875
2.1811130046844482,2.808344841003418,4.405029296875
2.183056354522705,2.8093512058258057,4.406612396240234
2.183375835418701,2.8097925186157227,4.407603740692139
2.183375835418701,2.8097925186157227,4.407603740692139
2.1847565174102783,2.809969425201416,4.407464027404785
2.1858582496643066,2.809839963912964,4.408155918121338
2.185948371887207,2.8100032806396484,4.408594131469727
2.185948371887207,2.8100032806396484,4.408594131469727
2.186433792114258,2.810220241546631,4.409116268157959
2.186640739440918,2.8096742630004883,4.4089202880859375
2.186640739440918,2.8096742630004883,4.4089202880859375
2.187248945236206,2.8101632595062256,4.409924507141113
2.1885673999786377,2.8113133907318115,4.412459850311279
2.1885673999786377,2.8113133907318115,4.412459850311279
2.189605236053467,2.8113434314727783,4.412563800811768
2.1899573802948,2.8113455772399902,4.413211822509766
2.1894633769989014,2.8116307258605957,4.413913726806641
2.1894633769989014,2.8116307258605957,4.413913726806641
2.189574956893921,2.812187671661377,4.4143757820129395
2.1901984214782715,2.8123061656951904,4.414638042449951
2.1901984214782715,2.8123061656951904,4.414638042449951
2.1916511058807373,2.812817096710205,4.4157538414001465
2.192078113555908,2.813180923461914,4.416592121124268
2.192078113555908,2.813180923461914,4.416592121124268
2.1925718784332275,2.8133318424224854,4.41703987121582
2.1927297115325928,2.813213348388672,4.416981220245361
2.1927297115325928,2.813213348388672,4.416981220245361
2.1919755935668945,2.8127801418304443,4.416373252868652
2.1919140815734863,2.8133292198181152,4.4169230461120605
2.1919140815734863,2.8133292198181152,4.4169230461120605
2.1920459270477295,2.813509464263916,4.417303085327148
2.192380905151367,2.814366579055786,4.419347286224365
2.192380905151367,2.814366579055786,4.419347286224365
2.194556951522827,2.8144145011901855,4.419408321380615
2.196202039718628,2.8144750595092773,4.420736312866211
2.195816993713379,2.81496000289917,4.421871185302734
2.195816993713379,2.81496000289917,4.421871185302734
2.1959095001220703,2.8159639835357666,4.423421859741211
2.1953747272491455,2.8159408569335938,4.423015594482422
2.1953747272491455,2.8159408569335938,4.423015594482422
2.1942005157470703,2.8152453899383545,4.421736240386963
2.1935198307037354,2.8155951499938965,4.422998905181885
2.194650888442993,2.8156239986419678,4.423383712768555
2.194650888442993,2.8156239986419678,4.423383712768555
2.1956610679626465,2.8157763481140137,4.423774719238281
2.1957855224609375,2.816831588745117,4.426254749298096
2.1957855224609375,2.816831588745117,4.426254749298096
2.195838451385498,2.817725658416748,4.425677299499512
2.195218563079834,2.817817211151123,4.425889015197754
2.195218563079834,2.817817211151123,4.425889015197754
2.195486545562744,2.8177056312561035,4.425554275512695
2.195221424102783,2.817124843597412,4.425453186035156
2.195221424102783,2.817124843597412,4.425453186035156
2.1950490474700928,2.8173789978027344,4.426392078399658
2.195842742919922,2.817716360092163,4.427505970001221
2.196202039718628,2.8178870677948,4.427816867828369
2.196202039718628,2.8178870677948,4.427816867828369
2.1963698863983154,2.818211078643799,4.428562164306641
2.197700023651123,2.819150924682617,4.430572986602783
2.197700023651123,2.819150924682617,4.430572986602783
2.1990036964416504,2.8189356327056885,4.430135726928711
2.199504852294922,2.818624258041382,4.4307355880737305
2.199504852294922,2.818624258041382,4.4307355880737305
2.2018542289733887,2.819580554962158,4.432785987854004
2.2040185928344727,2.8197591304779053,4.433107852935791
2.2040185928344727,2.8197591304779053,4.433107852935791
2.205676794052124,2.820363998413086,4.435866832733154
2.208122730255127,2.820937395095825,4.437066078186035
2.208122730255127,2.820937395095825,4.437066078186035
2.210486888885498,2.8209774494171143,4.43733549118042
2.210330009460449,2.8217737674713135,4.438709259033203
2.210330009460449,2.8217737674713135,4.438709259033203
2.2107791900634766,2.822532892227173,4.439325332641602
2.210620403289795,2.8226723670959473,4.439233303070068
2.210620403289795,2.8226723670959473,4.439233303070068
2.2111847400665283,2.822551965713501,4.438636302947998
2.2119603157043457,2.82258939743042,4.440079689025879
2.2119603157043457,2.82258939743042,4.440079689025879
2.2127745151519775,2.823206663131714,4.4411163330078125
2.213690757751465,2.82375431060791,4.442080020904541
2.213690757751465,2.82375431060791,4.442080020904541
2.2154617309570312,2.824631452560425,4.443784236907959
2.2163403034210205,2.8254849910736084,4.4450907707214355
2.2163403034210205,2.8254849910736084,4.4450907707214355
2.2160451412200928,2.8267369270324707,4.446923732757568
2.217586040496826,2.826472282409668,4.446378231048584
2.217586040496826,2.826472282409668,4.446378231048584
2.218782424926758,2.825928211212158,4.447506427764893
2.220302104949951,2.8268883228302,4.449980735778809
2.220302104949951,2.8268883228302,4.449980735778809
2.221558094024658,2.827355146408081,4.450757026672363
2.2209503650665283,2.827308177947998,4.451462268829346
2.2209503650665283,2.827308177947998,4.451462268829346
2.220881462097168,2.8274636268615723,4.452006816864014
2.2218706607818604,2.8273937702178955,4.452130317687988
2.2217376232147217,2.8270716667175293,4.45310115814209
2.2217376232147217,2.8270716667175293,4.45310115814209
2.222740411758423,2.827721357345581,4.454721927642822
2.2242932319641113,2.8280720710754395,4.455671310424805
2.2242932319641113,2.8280720710754395,4.455671310424805
2.224853515625,2.8273441791534424,4.455769062042236
2.224979877471924,2.8277111053466797,4.456524848937988
2.224979877471924,2.8277111053466797,4.456524848937988
2.2257614135742188,2.8275506496429443,4.456318378448486
2.226142168045044,2.826982259750366,4.455565452575684
2.226763963699341,2.8283119201660156,4.457125186920166
2.226763963699341,2.8283119201660156,4.457125186920166
2.2284843921661377,2.8296446800231934,4.4596476554870605
2.23067569732666,2.829834222793579,4.45881986618042
2.2314412593841553,2.8302574157714844,4.460270881652832
2.2314412593841553,2.8302574157714844,4.460270881652832
2.2311620712280273,2.8306350708007812,4.460665702819824
2.2292160987854004,2.8306519985198975,4.460537433624268
2.228468894958496,2.8309378623962402,4.460080146789551
2.228468894958496,2.8309378623962402,4.460080146789551
2.2290024757385254,2.831174373626709,4.460442066192627
2.228912353515625,2.832056999206543,4.4620771408081055
2.228912353515625,2.832056999206543,4.4620771408081055
2.2288451194763184,2.833197593688965,4.463155269622803
2.2290422916412354,2.8331212997436523,4.46301794052124
2.2290422916412354,2.8331212997436523,4.46301794052124
2.2285313606262207,2.8322744369506836,4.461353778839111
2.227093458175659,2.8332042694091797,4.464104175567627
2.227093458175659,2.8332042694091797,4.464104175567627
2.2280828952789307,2.8342220783233643,4.464635372161865
2.2300941944122314,2.8346846103668213,4.46588134765625
2.2300941944122314,2.8346846103668213,4.46588134765625
2.233853578567505,2.835554361343384,4.46863317489624
2.2350800037384033,2.8362386226654053,4.470982551574707
2.2350800037384033,2.8362386226654053,4.470982551574707
2.2352232933044434,2.8361246585845947,4.471184253692627
2.235058069229126,2.8360447883605957,4.471036434173584
2.235058069229126,2.8360447883605957,4.471036434173584
2.2353336811065674,2.835875988006592,4.471415042877197
2.2353203296661377,2.836076498031616,4.472064018249512
2.2353203296661377,2.836076498031616,4.472064018249512
2.237028121948242,2.8367676734924316,4.473611831665039
2.239044666290283,2.836878776550293,4.474282741546631
2.2397422790527344,2.8371496200561523,4.475253105163574
2.2397422790527344,2.8371496200561523,4.475253105163574
2.240633964538574,2.8382389545440674,4.477556228637695
2.2414629459381104,2.8394644260406494,4.477759838104248
2.2414629459381104,2.8394644260406494,4.477759838104248
2.2418692111968994,2.839235305786133,4.477758884429932
2.243497610092163,2.8394815921783447,4.4787516593933105
2.243730306625366,2.8398404121398926,4.480433940887451
2.243730306625366,2.8398404121398926,4.480433940887451
2.2433440685272217,2.83971905708313,4.480982303619385
2.2433109283447266,2.839812755584717,4.481270790100098
2.2433109283447266,2.839812755584717,4.481270790100098
2.2437479496002197,2.840029239654541,4.481903553009033
2.2438578605651855,2.840820074081421,4.483506679534912
2.245166778564453,2.8411293029785156,4.484448432922363
2.245166778564453,2.8411293029785156,4.484448432922363
2.246994733810425,2.8405866622924805,4.483633995056152
2.2472569942474365,2.8407466411590576,4.485175132751465
2.2472569942474365,2.8407466411590576,4.485175132751465
2.248784303665161,2.8423802852630615,4.486433029174805
2.249924898147583,2.843055486679077,4.487725257873535
2.249924898147583,2.843055486679077,4.487725257873535
2.2516989707946777,2.8430519104003906,4.48680305480957
2.251858949661255,2.8427882194519043,4.486838340759277
2.251511812210083,2.842982053756714,4.4876298904418945
2.251511812210083,2.842982053756714,4.4876298904418945
2.2515640258789062,2.843226194381714,4.487799167633057
2.2520101070404053,2.8433761596679688,4.487841606140137
2.2520101070404053,2.8433761596679688,4.487841606140137
2.2533233165740967,2.843731164932251,4.488177299499512
2.2526683807373047,2.844139814376831,4.489450454711914
2.2526683807373047,2.844139814376831,4.489450454711914
2.2530124187469482,2.8442277908325195,4.489859104156494
2.25496768951416,2.844486951828003,4.490856170654297
2.25496768951416,2.844486951828003,4.490856170654297
2.25669002532959,2.8458869457244873,4.494034290313721
2.2584800720214844,2.8468852043151855,4.495023250579834
2.2584800720214844,2.8468852043151855,4.495023250579834
2.2590832710266113,2.848013401031494,4.496912479400635
2.2606029510498047,2.848388671875,4.497251033782959
2.2606029510498047,2.848388671875,4.497251033782959
2.2609355449676514,2.8481743335723877,4.498627662658691
2.26061749458313,2.84818696975708,4.499659061431885
2.26061749458313,2.84818696975708,4.499659061431885
2.2603890895843506,2.848439931869507,4.500557899475098
2.260155439376831,2.8489508628845215,4.501436710357666
2.260155439376831,2.8489508628845215,4.501436710357666
2.2602016925811768,2.8493878841400146,4.501841068267822
2.260713577270508,2.8498752117156982,4.502713203430176
2.260713577270508,2.8498752117156982,4.502713203430176
2.2604949474334717,2.849944591522217,4.502821922302246
2.2607853412628174,2.849968671798706,4.502852916717529
2.2607853412628174,2.849968671798706,4.502852916717529
2.2609617710113525,2.8501548767089844,4.502864837646484
2.26216983795166,2.8511769771575928,4.504902362823486
2.2649307250976562,2.852912664413452,4.508139610290527
2.2649307250976562,2.852912664413452,4.508139610290527
2.2668211460113525,2.853245735168457,4.509109020233154
2.268993616104126,2.853477716445923,4.509586811065674
2.268993616104126,2.853477716445923,4.509586811065674
2.269315719604492,2.8535382747650146,4.5110626220703125
2.2701897621154785,2.854253053665161,4.512320041656494
2.2701897621154785,2.854253053665161,4.512320041656494
2.271176815032959,2.8543708324432373,4.513011455535889
2.273625135421753,2.854907989501953,4.514822959899902
2.273625135421753,2.854907989501953,4.514822959899902
2.2749016284942627,2.8549511432647705,4.516239166259766
2.274287700653076,2.8548264503479004,4.516348838806152
2.274287700653076,2.8548264503479004,4.516348838806152
2.2742226123809814,2.8544487953186035,4.515394687652588
2.273709774017334,2.8535211086273193,4.5153913497924805
2.273709774017334,2.8535211086273193,4.5153913497924805
2.272993564605713,2.8532166481018066,4.514853477478027
2.2739646434783936,2.8542897701263428,4.516940593719482
2.2749509811401367,2.8548810482025146,4.516465187072754
2.2758476734161377,2.854886531829834,4.516824245452881
2.2758476734161377,2.854886531829834,4.516824245452881
2.276435136795044,2.8549413681030273,4.517033576965332
2.276435136795044,2.8549413681030273,4.517033576965332
2.2764556407928467,2.855651617050171,4.517940998077393
2.2770016193389893,2.855691909790039,4.518166542053223
2.2784945964813232,2.856252908706665,4.519183158874512
2.2784945964813232,2.856252908706665,4.519183158874512
2.2794904708862305,2.856238603591919,4.518557548522949
2.278796672821045,2.8562114238739014,4.518927097320557
2.278796672821045,2.8562114238739014,4.518927097320557
2.2781925201416016,2.856236696243286,4.518823146820068
2.278409004211426,2.8562803268432617,4.51858377456665
2.279371738433838,2.856658935546875,4.519829273223877
2.279371738433838,2.856658935546875,4.519829273223877
2.28021502494812,2.857295036315918,4.520618915557861
2.28025484085083,2.857410192489624,4.520323276519775
2.28025484085083,2.857410192489624,4.520323276519775
2.2792305946350098,2.8569276332855225,4.519800186157227
2.278851270675659,2.856963634490967,4.519710063934326
2.2783401012420654,2.8569235801696777,4.519388675689697
2.2783401012420654,2.8569235801696777,4.519388675689697
2.2795910835266113,2.8572535514831543,4.5201005935668945
2.28133225440979,2.8576931953430176,4.520994186401367
2.28133225440979,2.8576931953430176,4.520994186401367
2.2819936275482178,2.857895851135254,4.521409511566162
2.282195806503296,2.8588509559631348,4.523664474487305
2.282195806503296,2.8588509559631348,4.523664474487305
2.2809512615203857,2.85817551612854,4.522525787353516
2.279730796813965,2.8573272228240967,4.521101474761963
2.279730796813965,2.8573272228240967,4.521101474761963
2.2793691158294678,2.8570945262908936,4.521137237548828
2.2797727584838867,2.857815742492676,4.522301197052002
2.2798078060150146,2.858167886734009,4.522504806518555
2.2798078060150146,2.858167886734009,4.522504806518555
2.2804670333862305,2.858299732208252,4.521971225738525
2.2810604572296143,2.8582839965820312,4.522950172424316
2.2810604572296143,2.8582839965820312,4.522950172424316
2.2811787128448486,2.859299421310425,4.523843288421631
2.2806806564331055,2.8595573902130127,4.523853778839111
2.2806806564331055,2.8595573902130127,4.523853778839111
2.2796874046325684,2.8586649894714355,4.522186756134033
2.278489112854004,2.858628988265991,4.5220561027526855
2.278489112854004,2.858628988265991,4.5220561027526855
2.278700828552246,2.858994722366333,4.52272367477417
2.278618812561035,2.859177589416504,4.523055553436279
2.27901291847229,2.858515977859497,4.522347450256348
2.27901291847229,2.858515977859497,4.522347450256348
2.279815196990967,2.858325481414795,4.522403717041016
2.2797253131866455,2.859395742416382,4.525120735168457
2.2797253131866455,2.859395742416382,4.525120735168457
2.2821402549743652,2.860814094543457,4.525763511657715
2.2846007347106934,2.8613786697387695,4.52642822265625
2.2848262786865234,2.8610103130340576,4.525329113006592
2.2848262786865234,2.8610103130340576,4.525329113006592
2.2832212448120117,2.861527919769287,4.527384281158447
2.2825820446014404,2.8617236614227295,4.5281805992126465
2.2825820446014404,2.8617236614227295,4.5281805992126465
2.283853530883789,2.8617937564849854,4.52841329574585
2.2858099937438965,2.8623416423797607,4.529504776000977
2.2858099937438965,2.8623416423797607,4.529504776000977
2.286252737045288,2.8629119396209717,4.5309977531433105
2.2848682403564453,2.8622984886169434,4.529725551605225
2.2848682403564453,2.8622984886169434,4.529725551605225
2.28409481048584,2.8616085052490234,4.528743267059326
2.284635305404663,2.862527370452881,4.53001070022583
2.2885632514953613,2.863936424255371,4.533202648162842
2.2885632514953613,2.863936424255371,4.533202648162842
2.291083335876465,2.8649489879608154,4.535336971282959
2.2923004627227783,2.865246534347534,4.5356011390686035
2.2923004627227783,2.865246534347534,4.5356011390686035
2.2923638820648193,2.8647897243499756,4.535531520843506
2.292806386947632,2.8650267124176025,4.536459445953369
2.293048858642578,2.8651187419891357,4.537593841552734
2.293048858642578,2.8651187419891357,4.537593841552734
2.294095993041992,2.865239381790161,4.538554668426514
2.295612335205078,2.865535020828247,4.53961706161499
2.295612335205078,2.865535020828247,4.53961706161499
2.2953290939331055,2.866335868835449,4.541655540466309
2.2960524559020996,2.866013765335083,4.540281772613525
2.2960524559020996,2.866013765335083,4.540281772613525
2.2956783771514893,2.864381790161133,4.538127422332764
2.2948296070098877,2.8645994663238525,4.539917945861816
2.2948296070098877,2.8645994663238525,4.539917945861816
2.2964026927948,2.8660402297973633,4.54032039642334
2.298335075378418,2.866830825805664,4.541292190551758
2.298335075378418,2.866830825805664,4.541292190551758
2.2996883392333984,2.866948127746582,4.541013240814209
2.2986111640930176,2.867385149002075,4.541263103485107
2.2972123622894287,2.8667595386505127,4.53996467590332
2.2972123622894287,2.8667595386505127,4.53996467590332
2.297438621520996,2.8666110038757324,4.539546966552734
2.299269199371338,2.8670599460601807,4.540248394012451
2.299269199371338,2.8670599460601807,4.540248394012451
2.300220489501953,2.8678205013275146,4.542022705078125
2.3009426593780518,2.868558645248413,4.543100357055664
2.300381660461426,2.867694854736328,4.540816307067871
2.300381660461426,2.867694854736328,4.540816307067871
2.298771381378174,2.8665425777435303,4.540624141693115
2.299302577972412,2.8667874336242676,4.541214942932129
2.299302577972412,2.8667874336242676,4.541214942932129
2.30061936378479,2.867809772491455,4.543459415435791
2.302809476852417,2.867786169052124,4.542295455932617
2.302809476852417,2.867786169052124,4.542295455932617
2.303556203842163,2.867131471633911,4.542438983917236
2.304445743560791,2.8669841289520264,4.542888164520264
2.304445743560791,2.8669841289520264,4.542888164520264
2.304039478302002,2.8670597076416016,4.542595863342285
2.3070342540740967,2.8680102825164795,4.5438432693481445
2.3070342540740967,2.8680102825164795,4.5438432693481445
2.3083128929138184,2.86822772026062,4.5444254875183105
2.3068692684173584,2.868151903152466,4.5446953773498535
2.3062963485717773,2.8676087856292725,4.54328727722168
2.3062963485717773,2.8676087856292725,4.54328727722168
2.306244373321533,2.867194890975952,4.542681694030762
2.307265043258667,2.8677282333374023,4.543967247009277
2.3069868087768555,2.868192434310913,4.5441813468933105
2.3069868087768555,2.868192434310913,4.5441813468933105
2.306549310684204,2.868134021759033,4.544215202331543
2.305842638015747,2.868023157119751,4.543882369995117
2.305842638015747,2.868023157119751,4.543882369995117
2.3043808937072754,2.86757230758667,4.543551921844482
2.301814556121826,2.866809844970703,4.5420308113098145
2.301557779312134,2.8669800758361816,4.54176664352417
2.301557779312134,2.8669800758361816,4.54176664352417
2.301280975341797,2.867323398590088,4.542261123657227
2.30117130279541,2.868452548980713,4.542571067810059
2.30117130279541,2.868452548980713,4.542571067810059
2.30229115486145,2.867940902709961,4.5412750244140625
2.302755355834961,2.867401123046875,4.541319370269775
2.302755355834961,2.867401123046875,4.541319370269775
2.3023061752319336,2.8683929443359375,4.542547702789307
2.302560329437256,2.8694040775299072,4.543780326843262
2.302560329437256,2.8694040775299072,4.543780326843262
2.303316116333008,2.8692591190338135,4.5424675941467285
2.3031349182128906,2.869513750076294,4.544259071350098
2.3031349182128906,2.869513750076294,4.544259071350098
2.3018686771392822,2.8698384761810303,4.544501781463623
2.3012964725494385,2.8696038722991943,4.5439043045043945
2.3015031814575195,2.8697144985198975,4.544099807739258
2.3015031814575195,2.8697144985198975,4.544099807739258
2.3022844791412354,2.870560646057129,4.545182704925537
2.302368402481079,2.870882272720337,4.545427322387695
2.3036251068115234,2.8702945709228516,4.543417930603027
2.3036251068115234,2.8702945709228516,4.543417930603027
2.3022265434265137,2.8694398403167725,4.543807029724121
2.3021626472473145,2.869999647140503,4.544896602630615
2.3021626472473145,2.869999647140503,4.544896602630615
2.304403305053711,2.8710250854492188,4.546770095825195
2.305708408355713,2.871143341064453,4.546728610992432
2.305708408355713,2.871143341064453,4.546728610992432
2.305523157119751,2.8710439205169678,4.546438694000244
2.306065559387207,2.871431350708008,4.546536445617676
2.306065559387207,2.871431350708008,4.546536445617676
2.3059961795806885,2.8710412979125977,4.547206878662109
2.306215524673462,2.870986223220825,4.547825813293457
2.3079068660736084,2.8713905811309814,4.548675060272217
2.3079068660736084,2.8713905811309814,4.548675060272217
2.3091022968292236,2.871504545211792,4.549830436706543
2.3091022968292236,2.871504545211792,4.549830436706543
2.3095884323120117,2.8718948364257812,4.550716400146484
2.3115055561065674,2.8720879554748535,4.551520347595215
2.31294584274292,2.8726634979248047,4.553557872772217
2.31294584274292,2.8726634979248047,4.553557872772217
2.314028024673462,2.8737072944641113,4.554927825927734
2.313725709915161,2.873807668685913,4.554771900177002
2.313725709915161,2.873807668685913,4.554771900177002
2.31227970123291,2.8733017444610596,4.553304672241211
2.312753915786743,2.873586893081665,4.553328990936279
2.312753915786743,2.873586893081665,4.553328990936279
2.3143067359924316,2.874227523803711,4.55397891998291
2.3150534629821777,2.8747174739837646,4.55470085144043
2.3159689903259277,2.8753533363342285,4.556081295013428
2.3159689903259277,2.8753533363342285,4.556081295013428
2.3159937858581543,2.8755362033843994,4.555913925170898
2.3161377906799316,2.875095844268799,4.555013179779053
2.3161377906799316,2.875095844268799,4.555013179779053
2.315685510635376,2.875277042388916,4.557775497436523
2.316606283187866,2.8754453659057617,4.558415412902832
2.316606283187866,2.8754453659057617,4.558415412902832
2.3174962997436523,2.875300645828247,4.558426856994629
2.3173813819885254,2.875730276107788,4.5598368644714355
2.317150592803955,2.8759799003601074,4.559321403503418
2.317150592803955,2.8759799003601074,4.559321403503418
2.316136121749878,2.8754470348358154,4.55889368057251
2.3163857460021973,2.875561237335205,4.559776782989502
2.3163857460021973,2.875561237335205,4.559776782989502
2.317359447479248,2.8764402866363525,4.560822010040283
2.31776762008667,2.876971960067749,4.561300754547119
2.31776762008667,2.876971960067749,4.561300754547119
2.3191494941711426,2.8771262168884277,4.561036109924316
2.3178136348724365,2.8772614002227783,4.561573028564453
2.3178136348724365,2.8772614002227783,4.561573028564453
2.3173744678497314,2.8779096603393555,4.561313152313232
2.3173396587371826,2.877896547317505,4.560792922973633
2.3162474632263184,2.877431869506836,4.561248779296875
2.315136432647705,2.8768229484558105,4.560793876647949
2.315136432647705,2.8768229484558105,4.560793876647949
2.3153841495513916,2.8766090869903564,4.560833930969238
2.3155517578125,2.876955270767212,4.5619797706604
2.3157472610473633,2.8777856826782227,4.562699794769287
2.3157472610473633,2.8777856826782227,4.562699794769287
2.315854072570801,2.878108501434326,4.563042163848877
2.3159987926483154,2.87762451171875,4.5618109703063965
2.3159987926483154,2.87762451171875,4.5618109703063965
2.3148577213287354,2.8777377605438232,4.562341690063477
2.314945936203003,2.877892017364502,4.562479019165039
2.314945936203003,2.877892017364502,4.562479019165039
2.316208839416504,2.878420829772949,4.563593864440918
2.3162970542907715,2.8788657188415527,4.563647270202637
2.3165335655212402,2.8790924549102783,4.5641255378723145
2.3165335655212402,2.8790924549102783,4.5641255378723145
2.317033529281616,2.879195213317871,4.56439208984375
2.3176519870758057,2.8786911964416504,4.564293384552002
2.3176519870758057,2.8786911964416504,4.564293384552002
2.319253444671631,2.8788959980010986,4.566425323486328
2.321376085281372,2.8802928924560547,4.5693440437316895
2.321376085281372,2.8802928924560547,4.5693440437316895
2.3229451179504395,2.8811450004577637,4.571138381958008
2.324974775314331,2.882065534591675,4.57210111618042
2.326249837875366,2.8820199966430664,4.572545051574707
2.326249837875366,2.8820199966430664,4.572545051574707
2.326413154602051,2.8812642097473145,4.571955680847168
2.326551675796509,2.881458282470703,4.572971820831299
2.326551675796509,2.881458282470703,4.572971820831299
2.328240394592285,2.8819878101348877,4.57358980178833
2.329719066619873,2.882326126098633,4.574508190155029
2.329719066619873,2.882326126098633,4.574508190155029
2.3304789066314697,2.8835012912750244,4.577032089233398
2.331514596939087,2.884157419204712,4.577385425567627
2.331514596939087,2.884157419204712,4.577385425567627
2.332127332687378,2.8839728832244873,4.577453136444092
2.332911968231201,2.884180784225464,4.578135967254639
2.3332533836364746,2.884162187576294,4.579203128814697
2.3332533836364746,2.884162187576294,4.579203128814697
2.3327603340148926,2.884397506713867,4.579498767852783
2.332453489303589,2.884536027908325,4.579509258270264
2.332453489303589,2.884536027908325,4.579509258270264
2.3330187797546387,2.8846511840820312,4.578711032867432
2.3329784870147705,2.8847107887268066,4.578469753265381
2.3329784870147705,2.8847107887268066,4.578469753265381
2.3339948654174805,2.885638952255249,4.579875469207764
2.3356540203094482,2.8858635425567627,4.579163551330566
2.3356540203094482,2.8858635425567627,4.579163551330566
2.3364109992980957,2.8860175609588623,4.578639984130859
2.3372116088867188,2.886723756790161,4.579681396484375
2.3372116088867188,2.886723756790161,4.579681396484375
2.3366241455078125,2.8868956565856934,4.579401016235352
2.335800886154175,2.885746955871582,4.577605724334717
2.335800886154175,2.885746955871582,4.577605724334717
2.336118698120117,2.885904312133789,4.577835559844971
2.336676836013794,2.886854648590088,4.579880714416504
2.336676836013794,2.886854648590088,4.579880714416504
2.337484836578369,2.8873469829559326,4.580698490142822
2.3384337425231934,2.887197494506836,4.581214904785156
2.3393828868865967,2.8874526023864746,4.582665920257568
2.3393828868865967,2.8874526023864746,4.582665920257568
2.340055465698242,2.8879024982452393,4.583746433258057
2.340747117996216,2.887585401535034,4.583237171173096
2.340747117996216,2.887585401535034,4.583237171173096
2.339977979660034,2.88688063621521,4.582457542419434
2.339695692062378,2.8878698348999023,4.5832977294921875
2.339695692062378,2.8878698348999023,4.5832977294921875
2.340709924697876,2.8890392780303955,4.584305763244629
2.342217206954956,2.8891234397888184,4.5847039222717285
2.342217206954956,2.8891234397888184,4.5847039222717285
2.342770576477051,2.889127492904663,4.585291385650635
2.3420934677124023,2.8895578384399414,4.585538864135742
2.341426134109497,2.8899450302124023,4.586023807525635
2.341426134109497,2.8899450302124023,4.586023807525635
2.3417088985443115,2.8898873329162598,4.5852227210998535
2.3425655364990234,2.890249490737915,4.586119651794434
2.3425655364990234,2.890249490737915,4.586119651794434
2.3429365158081055,2.89052414894104,4.586451530456543
2.3426146507263184,2.8906610012054443,4.586689472198486
2.3426146507263184,2.8906610012054443,4.586689472198486
2.341045618057251,2.889545440673828,4.58598518371582
2.340306043624878,2.8887619972229004,4.58568811416626
2.340306043624878,2.8887619972229004,4.58568811416626
2.3414688110351562,2.8898251056671143,4.589127063751221
2.3437161445617676,2.890974760055542,4.589973449707031
2.345590829849243,2.891305685043335,4.59005880355835
2.345590829849243,2.891305685043335,4.59005880355835
2.3462905883789062,2.890841484069824,4.5893778800964355
2.345031976699829,2.890470027923584,4.589480400085449
2.345031976699829,2.890470027923584,4.589480400085449
2.344634771347046,2.8911030292510986,4.589849472045898
2.345925807952881,2.891841411590576,4.5908637046813965
2.345925807952881,2.891841411590576,4.5908637046813965
2.3484132289886475,2.8932816982269287,4.592926025390625
2.3509230613708496,2.8946001529693604,4.594804763793945
2.3542051315307617,2.8957037925720215,4.5977349281311035
2.3542051315307617,2.8957037925720215,4.5977349281311035
2.356443405151367,2.896453619003296,4.5993170738220215
2.356499195098877,2.897035837173462,4.600344657897949
2.356499195098877,2.897035837173462,4.600344657897949
2.3560657501220703,2.8967504501342773,4.600224018096924
2.3567721843719482,2.895792245864868,4.598713397979736
2.356896162033081,2.8959453105926514,4.601145267486572
2.356896162033081,2.8959453105926514,4.601145267486572
2.358671188354492,2.8968679904937744,4.602044582366943
2.359126091003418,2.897378921508789,4.603358268737793
2.359126091003418,2.897378921508789,4.603358268737793
2.3598690032958984,2.8973913192749023,4.602902889251709
2.35971736907959,2.896974563598633,4.602626800537109
2.35971736907959,2.896974563598633,4.602626800537109
2.359304428100586,2.8968892097473145,4.602575778961182
2.359461545944214,2.8973090648651123,4.603351593017578
2.359461545944214,2.8973090648651123,4.603351593017578
2.3598744869232178,2.897571086883545,4.603235244750977
2.3604328632354736,2.8977155685424805,4.603329181671143
2.3604328632354736,2.8977155685424805,4.603329181671143
2.362095594406128,2.898513078689575,4.604428291320801
2.3614377975463867,2.898207902908325,4.603904724121094
2.3614377975463867,2.898207902908325,4.603904724121094
2.360368490219116,2.8980026245117188,4.60382604598999
2.3604087829589844,2.89794659614563,4.6038594245910645
2.3604087829589844,2.89794659614563,4.6038594245910645
2.3612327575683594,2.8980014324188232,4.6039509773254395
2.362459659576416,2.899228572845459,4.605900764465332
2.3635334968566895,2.900606155395508,4.608174800872803
2.3635334968566895,2.900606155395508,4.608174800872803
2.364654064178467,2.9002442359924316,4.607076168060303
2.3643691539764404,2.8998916149139404,4.607921123504639
2.365313768386841,2.9003984928131104,4.608639717102051
2.365313768386841,2.9003984928131104,4.608639717102051
2.3661043643951416,2.9015285968780518,4.6109089851379395
2.3683042526245117,2.903231143951416,4.612217903137207
2.3707761764526367,2.904296636581421,4.613391876220703
2.3707761764526367,2.904296636581421,4.613391876220703
2.372375726699829,2.9052350521087646,4.614842891693115
2.3726236820220947,2.906454086303711,4.616090297698975
2.3726236820220947,2.906454086303711,4.616090297698975
2.372941732406616,2.906909227371216,4.616121768951416
2.372178792953491,2.9067628383636475,4.615512371063232
2.372178792953491,2.9067628383636475,4.615512371063232
2.371133327484131,2.9069159030914307,4.615887641906738
2.370548963546753,2.9073565006256104,4.616627216339111
2.370621919631958,2.907846212387085,4.617386817932129
2.370621919631958,2.907846212387085,4.617386817932129
2.371655225753784,2.908362865447998,4.618143558502197
2.372398853302002,2.908745765686035,4.619064807891846
2.372398853302002,2.908745765686035,4.619064807891846
2.3736910820007324,2.909348249435425,4.620590686798096
2.3745477199554443,2.909928321838379,4.621992111206055
2.375347852706909,2.9100403785705566,4.622518062591553
2.375347852706909,2.9100403785705566,4.622518062591553
2.3779730796813965,2.9105966091156006,4.624451637268066
2.3798136711120605,2.91166615486145,4.626750946044922
2.3798136711120605,2.91166615486145,4.626750946044922
2.380105495452881,2.910733461380005,4.625245094299316
2.3785970211029053,2.9102396965026855,4.625699043273926
2.3785970211029053,2.9102396965026855,4.625699043273926
2.3779592514038086,2.910163164138794,4.626090049743652
2.3792648315429688,2.910961866378784,4.627825736999512
2.3792648315429688,2.910961866378784,4.627825736999512
2.380458354949951,2.9114575386047363,4.628254413604736
2.3823513984680176,2.9123151302337646,4.629143238067627
2.382934093475342,2.9126710891723633,4.629669189453125
2.382934093475342,2.9126710891723633,4.629669189453125
2.3841211795806885,2.9137587547302246,4.630983829498291
2.385006904602051,2.9139292240142822,4.63161039352417
2.3851263523101807,2.913219928741455,4.630906105041504
2.3851263523101807,2.913219928741455,4.630906105041504
2.385896921157837,2.9138166904449463,4.6314592361450195
2.386831045150757,2.9143476486206055,4.631904602050781
2.386831045150757,2.9143476486206055,4.631904602050781
2.388338565826416,2.9148550033569336,4.632897853851318
2.3890156745910645,2.9146628379821777,4.632739067077637
2.3890156745910645,2.9146628379821777,4.632739067077637
2.3888161182403564,2.914715528488159,4.632568359375
2.389159679412842,2.9152846336364746,4.6331353187561035
2.389159679412842,2.9152846336364746,4.6331353187561035
2.390536069869995,2.9158918857574463,4.633623123168945
2.391746997833252,2.9159464836120605,4.63419771194458
2.391746997833252,2.9159464836120605,4.63419771194458
2.3923089504241943,2.916041851043701,4.634866714477539
2.391597032546997,2.915761947631836,4.63490629196167
2.391597032546997,2.915761947631836,4.63490629196167
2.391249418258667,2.916071653366089,4.634881019592285
2.391881227493286,2.9163625240325928,4.635575771331787
2.391881227493286,2.9163625240325928,4.635575771331787
2.3937220573425293,2.9170703887939453,4.636854648590088
2.3944973945617676,2.9174180030822754,4.637811183929443
2.3954575061798096,2.9183731079101562,4.6394171714782715
2.3954575061798096,2.9183731079101562,4.6394171714782715
2.3962600231170654,2.918492317199707,4.640169620513916
2.3970985412597656,2.9180166721343994,4.640509605407715
2.3970985412597656,2.9180166721343994,4.640509605407715
2.394484043121338,2.917419910430908,4.639781951904297
2.392993450164795,2.917369842529297,4.639403343200684
2.392993450164795,2.917369842529297,4.639403343200684
2.39223313331604,2.91770076751709,4.639492034912109
2.394680976867676,2.91886830329895,4.641021251678467
2.394680976867676,2.91886830329895,4.641021251678467
2.3960728645324707,2.9193837642669678,4.64206075668335
2.394922971725464,2.9198715686798096,4.6430583000183105
2.394922971725464,2.9198715686798096,4.6430583000183105
2.394242286682129,2.919295072555542,4.641168594360352
2.3942136764526367,2.918914318084717,4.641032695770264
2.3942136764526367,2.918914318084717,4.641032695770264
2.3945529460906982,2.9197936058044434,4.643242835998535
2.396747350692749,2.921248197555542,4.643949508666992
2.3972456455230713,2.9211504459381104,4.643458843231201
2.3972456455230713,2.9211504459381104,4.643458843231201
2.3964526653289795,2.921072244644165,4.643266677856445
2.3947064876556396,2.920536994934082,4.642452716827393
2.3947064876556396,2.920536994934082,4.642452716827393
2.3930039405822754,2.920584201812744,4.642088413238525
2.3930039405822754,2.920584201812744,4.642088413238525
2.3922417163848877,2.9207212924957275,4.642336368560791
2.39266037940979,2.921062707901001,4.643006801605225
2.39266037940979,2.921062707901001,4.643006801605225
2.394113779067993,2.921782970428467,4.6440534591674805
2.395077705383301,2.9223198890686035,4.645626544952393
2.395077705383301,2.9223198890686035,4.645626544952393
2.3965115547180176,2.9229953289031982,4.647494792938232
2.3995673656463623,2.9238176345825195,4.649479389190674
2.4014525413513184,2.924372434616089,4.650394916534424
2.4014525413513184,2.924372434616089,4.650394916534424
2.403355598449707,2.9250199794769287,4.652218341827393
2.403355598449707,2.9250199794769287,4.652218341827393
2.4045214653015137,2.925446033477783,4.6538543701171875
2.4050116539001465,2.9255869388580322,4.655028343200684
2.405141830444336,2.925539970397949,4.655478000640869
2.405141830444336,2.925539970397949,4.655478000640869
2.4051222801208496,2.9258697032928467,4.656595706939697
2.4051222801208496,2.9258697032928467,4.656595706939697
2.4054460525512695,2.926478147506714,4.656336784362793
2.4069643020629883,2.9276351928710938,4.657756805419922
2.4069643020629883,2.9276351928710938,4.657756805419922
2.410118341445923,2.928769111633301,4.659526348114014
2.411351442337036,2.9293673038482666,4.6603922843933105
2.4117369651794434,2.929903030395508,4.660721778869629
2.4117369651794434,2.929903030395508,4.660721778869629
2.411391258239746,2.9298720359802246,4.660407066345215
2.411391258239746,2.9298720359802246,4.660407066345215
2.410276174545288,2.9287359714508057,4.659262657165527
2.409939765930176,2.928724765777588,4.65908145904541
2.409939765930176,2.928724765777588,4.65908145904541
2.410710573196411,2.9297804832458496,4.661214828491211
2.4116170406341553,2.929945945739746,4.661355972290039
2.4116170406341553,2.929945945739746,4.661355972290039
2.4122262001037598,2.9297068119049072,4.662117958068848
2.4117236137390137,2.929410219192505,4.662210464477539
2.4117236137390137,2.929410219192505,4.662210464477539
2.410539388656616,2.929456949234009,4.663121700286865
2.411592721939087,2.9300949573516846,4.66327428817749
2.4125630855560303,2.9300408363342285,4.663585662841797
2.4125630855560303,2.9300408363342285,4.663585662841797
2.4131083488464355,2.9297497272491455,4.66388463973999
2.4132299423217773,2.930342435836792,4.664724826812744
2.4132299423217773,2.930342435836792,4.664724826812744
2.413217544555664,2.9301486015319824,4.664236545562744
2.4140660762786865,2.9298436641693115,4.664363384246826
2.415853977203369,2.930612325668335,4.666047096252441
2.415853977203369,2.930612325668335,4.666047096252441
2.418560028076172,2.9317774772644043,4.666750431060791
2.418560028076172,2.9317774772644043,4.666750431060791
2.4212467670440674,2.933760166168213,4.67045783996582
2.4230406284332275,2.934499502182007,4.671173572540283
2.4230406284332275,2.934499502182007,4.671173572540283
2.4237544536590576,2.934859037399292,4.670958518981934
2.421778678894043,2.934154510498047,4.669903755187988
2.421778678894043,2.934154510498047,4.669903755187988
2.419325590133667,2.9334535598754883,4.6690673828125
2.4186322689056396,2.933539390563965,4.668740749359131
2.4186322689056396,2.933539390563965,4.668740749359131
2.4191253185272217,2.9340341091156006,4.6692609786987305
2.4193623065948486,2.9351003170013428,4.671030044555664
2.4192452430725098,2.935675859451294,4.670870304107666
2.4192452430725098,2.935675859451294,4.670870304107666
2.4186172485351562,2.9359652996063232,4.670140743255615
2.416627883911133,2.9355897903442383,4.669427871704102
2.416627883911133,2.9355897903442383,4.669427871704102
2.416337728500366,2.936175584793091,4.670045375823975
2.4157278537750244,2.9366447925567627,4.670296669006348
2.414846181869507,2.936192750930786,4.669885158538818
2.414846181869507,2.936192750930786,4.669885158538818
2.414980173110962,2.9359428882598877,4.669688701629639
2.414118528366089,2.9351863861083984,4.669788837432861
2.414118528366089,2.9351863861083984,4.669788837432861
2.413911819458008,2.935330629348755,4.670355319976807
2.415404796600342,2.936173915863037,4.671798229217529
2.415404796600342,2.936173915863037,4.671798229217529
2.4166622161865234,2.9352593421936035,4.671577453613281
2.416438102722168,2.9352943897247314,4.671982765197754
2.416438102722168,2.9352943897247314,4.671982765197754
2.4165658950805664,2.935617208480835,4.673051357269287
2.4175667762756348,2.9354496002197266,4.672735214233398
2.4175667762756348,2.9354496002197266,4.672735214233398
2.4174044132232666,2.935054063796997,4.672908306121826
2.4185307025909424,2.9356892108917236,4.6742939949035645
2.4185307025909424,2.9356892108917236,4.6742939949035645
2.4194324016571045,2.9366939067840576,4.675544738769531
2.420518398284912,2.9368340969085693,4.674872398376465
2.420518398284912,2.9368340969085693,4.674872398376465
2.4211323261260986,2.9366466999053955,4.674679756164551
2.4199471473693848,2.9362404346466064,4.674670696258545
2.4199471473693848,2.9362404346466064,4.674670696258545
2.419426441192627,2.936728000640869,4.674314975738525
2.419785976409912,2.9370574951171875,4.674596786499023
2.419785976409912,2.9370574951171875,4.674596786499023
2.421396017074585,2.9377942085266113,4.675821781158447
2.422434091567993,2.939210891723633,4.677672863006592
2.422434091567993,2.939210891723633,4.677672863006592
2.4238409996032715,2.93989634513855,4.677954196929932
2.424652099609375,2.9393229484558105,4.677305698394775
2.4248127937316895,2.9391610622406006,4.67807149887085
2.4248127937316895,2.9391610622406006,4.67807149887085
2.425936222076416,2.9398880004882812,4.67972469329834
2.425936222076416,2.9398880004882812,4.67972469329834
2.426356554031372,2.9408366680145264,4.6816725730896
2.4281694889068604,2.9413516521453857,4.682150363922119
2.4292221069335938,2.9409070014953613,4.682508945465088
2.4292221069335938,2.9409070014953613,4.682508945465088
2.429582357406616,2.941309928894043,4.683238983154297
2.4294698238372803,2.9423131942749023,4.685329437255859
2.4294698238372803,2.9423131942749023,4.685329437255859
2.431175708770752,2.942906618118286,4.684731960296631
2.4324703216552734,2.942925214767456,4.685110092163086
2.4324703216552734,2.942925214767456,4.685110092163086
2.432756185531616,2.9438512325286865,4.68717622756958
2.4335503578186035,2.944647789001465,4.6868896484375
2.4335503578186035,2.944647789001465,4.6868896484375
2.434936761856079,2.945211172103882,4.6874003410339355
2.436612129211426,2.945732831954956,4.6881937980651855
2.436612129211426,2.945732831954956,4.6881937980651855
2.4366445541381836,2.9469990730285645,4.690342903137207
2.436414957046509,2.9473979473114014,4.689765453338623
2.436414957046509,2.9473979473114014,4.689765453338623
2.4368233680725098,2.9467878341674805,4.689540863037109
2.4379823207855225,2.946812152862549,4.691195011138916
2.4379823207855225,2.946812152862549,4.691195011138916
2.439046859741211,2.9482650756835938,4.692061424255371
2.4414658546447754,2.9497592449188232,4.693983554840088
2.4414658546447754,2.9497592449188232,4.693983554840088
2.4441709518432617,2.950449228286743,4.694974899291992
2.44455623626709,2.9506235122680664,4.696353912353516
2.443812370300293,2.9502995014190674,4.696237564086914
2.443812370300293,2.9502995014190674,4.696237564086914
2.4424195289611816,2.9500441551208496,4.696443557739258
2.4425930976867676,2.9502077102661133,4.696229934692383
2.4425930976867676,2.9502077102661133,4.696229934692383
2.442671060562134,2.950416088104248,4.696127414703369
2.442671060562134,2.950416088104248,4.696127414703369
2.4435088634490967,2.9516050815582275,4.698503494262695
2.4439163208007812,2.952549934387207,4.699448108673096
2.444528102874756,2.9522433280944824,4.699023246765137
2.444528102874756,2.9522433280944824,4.699023246765137
2.4440906047821045,2.9517743587493896,4.698835372924805
2.443336248397827,2.952259063720703,4.700277805328369
2.443336248397827,2.952259063720703,4.700277805328369
2.443652868270874,2.9522628784179688,4.699965476989746
2.444762945175171,2.9521920680999756,4.700527667999268
2.444762945175171,2.9521920680999756,4.700527667999268
2.4458413124084473,2.9525835514068604,4.702065467834473
2.4465086460113525,2.953556537628174,4.702858924865723
2.4465086460113525,2.953556537628174,4.702858924865723
2.4469568729400635,2.9537744522094727,4.702879428863525
2.4476163387298584,2.9537651538848877,4.703492164611816
2.4479615688323975,2.9543161392211914,4.704711437225342
2.4479615688323975,2.9543161392211914,4.704711437225342
2.449138879776001,2.955503225326538,4.7049336433410645
2.449138879776001,2.955503225326538,4.7049336433410645
2.450713872909546,2.956209897994995,4.706323623657227
2.4516184329986572,2.95625901222229,4.706702709197998
2.4528286457061768,2.957932233810425,4.7089762687683105
2.4528286457061768,2.957932233810425,4.7089762687683105
2.4543023109436035,2.9588630199432373,4.710402488708496
2.455056667327881,2.9595115184783936,4.711627960205078
2.455056667327881,2.9595115184783936,4.711627960205078
2.4558498859405518,2.959667444229126,4.711358070373535
2.4565792083740234,2.959174871444702,4.7114715576171875
2.4557130336761475,2.958998441696167,4.7123003005981445
2.4557130336761475,2.958998441696167,4.7123003005981445
2.456345319747925,2.958768367767334,4.711916446685791
2.457237958908081,2.958728551864624,4.711415767669678
2.457237958908081,2.958728551864624,4.711415767669678
2.457815647125244,2.95871639251709,4.7119293212890625
2.457815647125244,2.95871639251709,4.7119293212890625
2.457921266555786,2.959789752960205,4.713767051696777
2.4582278728485107,2.959726572036743,4.712217807769775
2.4577791690826416,2.959015130996704,4.711735725402832
2.4577791690826416,2.959015130996704,4.711735725402832
2.458533525466919,2.9592044353485107,4.712871074676514
2.4594199657440186,2.9597768783569336,4.713580131530762
2.4594199657440186,2.9597768783569336,4.713580131530762
2.4603030681610107,2.9605579376220703,4.714902400970459
2.4626576900482178,2.961219072341919,4.715765476226807
2.4626576900482178,2.961219072341919,4.715765476226807
2.4639666080474854,2.961719274520874,4.71639347076416
2.465585231781006,2.9629476070404053,4.717341899871826
2.4671759605407715,2.9634976387023926,4.7183709144592285
2.4671759605407715,2.9634976387023926,4.7183709144592285
2.467787504196167,2.963909864425659,4.718512535095215
2.4685513973236084,2.9647209644317627,4.718344211578369
2.4685513973236084,2.9647209644317627,4.718344211578369
2.4677734375,2.9648098945617676,4.7187418937683105
2.4669127464294434,2.963961601257324,4.717262268066406
2.4669127464294434,2.963961601257324,4.717262268066406
2.4671027660369873,2.964113473892212,4.717640399932861
2.467294454574585,2.9649617671966553,4.718790054321289
2.467294454574585,2.9649617671966553,4.718790054321289
2.4677603244781494,2.965639591217041,4.719433784484863
2.4681906700134277,2.96655535697937,4.719160079956055
2.4681906700134277,2.96655535697937,4.719160079956055
2.4684336185455322,2.966642379760742,4.719723701477051
2.4673492908477783,2.966527223587036,4.720221996307373
2.4673492908477783,2.966527223587036,4.720221996307373
2.4672036170959473,2.9673233032226562,4.720965385437012
2.467780590057373,2.967442512512207,4.721400737762451
2.467780590057373,2.967442512512207,4.721400737762451
2.46848201751709,2.967569589614868,4.722230911254883
2.4696686267852783,2.968364715576172,4.723733425140381
2.4696686267852783,2.968364715576172,4.723733425140381
2.470254421234131,2.9687299728393555,4.723752021789551
2.4706833362579346,2.9681754112243652,4.723528861999512
2.4706833362579346,2.9681754112243652,4.723528861999512
2.471593141555786,2.968384027481079,4.724581241607666
2.472787380218506,2.9694924354553223,4.725889682769775
2.472787380218506,2.9694924354553223,4.725889682769775
2.4729456901550293,2.9702634811401367,4.727331161499023
2.4740073680877686,2.970529794692993,4.727387428283691
2.4740073680877686,2.970529794692993,4.727387428283691
2.474226236343384,2.969921112060547,4.727435111999512
2.4732441902160645,2.9700088500976562,4.7275390625
2.472452163696289,2.970937967300415,4.729528427124023
2.472452163696289,2.970937967300415,4.729528427124023
2.471605062484741,2.9718923568725586,4.729873180389404
2.4721062183380127,2.973222017288208,4.7311296463012695
2.4721062183380127,2.973222017288208,4.7311296463012695
2.4728991985321045,2.9739866256713867,4.732587814331055
2.473384380340576,2.9741945266723633,4.733058929443359
2.473384380340576,2.9741945266723633,4.733058929443359
2.4742674827575684,2.974153995513916,4.733436107635498
2.4749462604522705,2.9740209579467773,4.733587265014648
2.4753994941711426,2.974454164505005,4.734982013702393
2.4753994941711426,2.974454164505005,4.734982013702393
2.4758718013763428,2.97531795501709,4.73567533493042
2.4769070148468018,2.9760537147521973,4.736609935760498
2.4769070148468018,2.9760537147521973,4.736609935760498
2.4772024154663086,2.9759082794189453,4.7365899085998535
2.476696252822876,2.97586989402771,4.737064838409424
2.476696252822876,2.97586989402771,4.737064838409424
2.4772684574127197,2.9762511253356934,4.7380475997924805
2.4776384830474854,2.9763989448547363,4.739171504974365
2.4776384830474854,2.9763989448547363,4.739171504974365
2.4789271354675293,2.9769697189331055,4.739201545715332
2.481020212173462,2.9780263900756836,4.740444660186768
2.4812803268432617,2.9788191318511963,4.742317199707031
2.4812803268432617,2.9788191318511963,4.742317199707031
2.4824352264404297,2.978623628616333,4.741598129272461
2.4829752445220947,2.9785215854644775,4.741631031036377
2.4829752445220947,2.9785215854644775,4.741631031036377
2.4822142124176025,2.9784555435180664,4.741838455200195
2.4822142124176025,2.9784555435180664,4.741838455200195
2.482111692428589,2.979041814804077,4.74287223815918
2.4831762313842773,2.9792115688323975,4.74221658706665
2.4831762313842773,2.9792115688323975,4.74221658706665
2.4837472438812256,2.97900652885437,4.742586612701416
2.4824490547180176,2.9794700145721436,4.744314670562744
2.4824490547180176,2.9794700145721436,4.744314670562744
2.4834115505218506,2.979548931121826,4.743480682373047
2.483891248703003,2.9795265197753906,4.7434983253479
2.483891248703003,2.9795265197753906,4.7434983253479
2.4838483333587646,2.980236291885376,4.745003700256348
2.4848873615264893,2.981013298034668,4.744594573974609
2.4848873615264893,2.981013298034668,4.744594573974609
2.4840118885040283,2.980111598968506,4.744131088256836
2.4826626777648926,2.979686737060547,4.743812084197998
2.4826626777648926,2.979686737060547,4.743812084197998
2.481670618057251,2.978940963745117,4.743053436279297
2.48069429397583,2.9786458015441895,4.7423996925354
2.48069429397583,2.9786458015441895,4.7423996925354
2.480680227279663,2.979311466217041,4.7431440353393555
2.480661153793335,2.979363203048706,4.742920398712158
2.480661153793335,2.979363203048706,4.742920398712158
2.480752944946289,2.9789624214172363,4.742212295532227
2.4807002544403076,2.9789295196533203,4.7420549392700195
2.4807002544403076,2.9789295196533203,4.7420549392700195
2.479785442352295,2.9790072441101074,4.742950439453125
2.479785442352295,2.9790072441101074,4.742950439453125
2.479764223098755,2.979353904724121,4.743031024932861
2.4809019565582275,2.980070114135742,4.7429890632629395
2.481494188308716,2.9804751873016357,4.743741512298584
2.481494188308716,2.9804751873016357,4.743741512298584
2.481849193572998,2.981567621231079,4.745004177093506
2.4823501110076904,2.982240676879883,4.745168685913086
2.4823501110076904,2.982240676879883,4.745168685913086
2.482020378112793,2.9815046787261963,4.744861125946045
2.4825832843780518,2.9808132648468018,4.745020389556885
2.4825832843780518,2.9808132648468018,4.745020389556885
2.4844295978546143,2.982086420059204,4.747294902801514
2.4859580993652344,2.98278546333313,4.748326301574707
2.48703932762146,2.983039379119873,4.74887228012085
2.48703932762146,2.983039379119873,4.74887228012085
2.4874231815338135,2.9825994968414307,4.748501300811768
2.4848132133483887,2.9817323684692383,4.747005939483643
2.4848132133483887,2.9817323684692383,4.747005939483643
2.483582019805908,2.981890916824341,4.747774124145508
2.4861299991607666,2.982419013977051,4.747430324554443
2.487478733062744,2.982786178588867,4.747777938842773
2.487478733062744,2.982786178588867,4.747777938842773
2.4879205226898193,2.9838461875915527,4.749990463256836
2.4879205226898193,2.9838461875915527,4.749990463256836
2.488389253616333,2.9841039180755615,4.749369144439697
2.4880030155181885,2.982668876647949,4.748489856719971
2.4879510402679443,2.9823572635650635,4.748297691345215
2.4879510402679443,2.9823572635650635,4.748297691345215
2.48869252204895,2.982950448989868,4.749568939208984
2.4898393154144287,2.9837353229522705,4.749768257141113
2.4898393154144287,2.9837353229522705,4.749768257141113
2.490375280380249,2.9845409393310547,4.749919414520264
2.490844488143921,2.9843716621398926,4.749577045440674
2.490844488143921,2.9843716621398926,4.749577045440674
2.4904086589813232,2.98419189453125,4.75015926361084
2.490743637084961,2.985321044921875,4.7506890296936035
2.491572856903076,2.985255241394043,4.750711917877197
2.491572856903076,2.985255241394043,4.750711917877197
2.4908902645111084,2.9838993549346924,4.749733924865723
2.491410970687866,2.9841291904449463,4.749764919281006
2.491410970687866,2.9841291904449463,4.749764919281006
2.491586446762085,2.9844729900360107,4.751006126403809
2.4927783012390137,2.984602212905884,4.7508978843688965
2.4927783012390137,2.984602212905884,4.7508978843688965
2.493644952774048,2.9844138622283936,4.750068187713623
2.4941444396972656,2.984287977218628,4.750171661376953
2.4934074878692627,2.9851181507110596,4.752135276794434
2.4934074878692627,2.9851181507110596,4.752135276794434
2.493929624557495,2.9855878353118896,4.751248359680176
2.494471311569214,2.9853203296661377,4.751104831695557
2.494471311569214,2.9853203296661377,4.751104831695557
2.493886947631836,2.9849765300750732,4.751547336578369
2.4933035373687744,2.98517107963562,4.751571178436279
2.4933035373687744,2.98517107963562,4.751571178436279
2.4937984943389893,2.985119581222534,4.7512526512146
2.495058059692383,2.985697031021118,4.752359867095947
2.495058059692383,2.985697031021118,4.752359867095947
2.496915102005005,2.9871490001678467,4.752595901489258
2.497485876083374,2.9872779846191406,4.752911567687988
2.497485876083374,2.9872779846191406,4.752911567687988
2.4972236156463623,2.987483263015747,4.753577709197998
2.4974172115325928,2.9873855113983154,4.753458499908447
2.4974172115325928,2.9873855113983154,4.753458499908447
2.497144937515259,2.9878666400909424,4.754117488861084
2.4968056678771973,2.9889743328094482,4.754988670349121
2.4968056678771973,2.9889743328094482,4.754988670349121
2.4961960315704346,2.989605665206909,4.755268096923828
2.496647596359253,2.9899520874023438,4.7545576095581055
2.496647596359253,2.9899520874023438,4.7545576095581055
2.4958345890045166,2.9890048503875732,4.75390100479126
2.4944396018981934,2.989246129989624,4.754633903503418
2.4944396018981934,2.989246129989624,4.754633903503418
2.494093418121338,2.9895803928375244,4.754467010498047
2.4947621822357178,2.9899120330810547,4.754303932189941
2.4947621822357178,2.9899120330810547,4.754303932189941
2.4952218532562256,2.989867687225342,4.754606246948242
2.49465274810791,2.989816188812256,4.755275726318359
2.4940035343170166,2.988924026489258,4.754021644592285
2.4940035343170166,2.988924026489258,4.754021644592285
2.49406099319458,2.9877872467041016,4.7530837059021
2.4941861629486084,2.987588405609131,4.754175186157227
2.4941861629486084,2.987588405609131,4.754175186157227
2.4955966472625732,2.9890615940093994,4.75564432144165
2.496840238571167,2.9903883934020996,4.7566752433776855
2.496840238571167,2.9903883934020996,4.7566752433776855
2.498372793197632,2.9904470443725586,4.7559332847595215
2.497746467590332,2.9899981021881104,4.75631046295166
2.497746467590332,2.9899981021881104,4.75631046295166
2.497241973876953,2.9897310733795166,4.756209373474121
2.4975533485412598,2.990269899368286,4.757857799530029
2.4975533485412598,2.990269899368286,4.757857799530029
2.4993605613708496,2.9906723499298096,4.75768518447876
2.5007593631744385,2.990908145904541,4.757959365844727
2.5007593631744385,2.990908145904541,4.757959365844727
2.501068115234375,2.9911346435546875,4.7585883140563965
2.5022783279418945,2.992021083831787,4.759757995605469
2.5022783279418945,2.992021083831787,4.759757995605469
2.5050270557403564,2.9926960468292236,4.760092258453369
2.5071539878845215,2.993027687072754,4.7609052658081055
2.5068700313568115,2.9930355548858643,4.761631488800049
2.5068700313568115,2.9930355548858643,4.761631488800049
2.5063657760620117,2.993574857711792,4.760839939117432
2.5058040618896484,2.9928903579711914,4.760388374328613
2.5058040618896484,2.9928903579711914,4.760388374328613
2.5063772201538086,2.992783546447754,4.760502815246582
2.5061399936676025,2.9927375316619873,4.761050701141357
2.5061399936676025,2.9927375316619873,4.761050701141357
2.5061657428741455,2.992887496948242,4.760639190673828
2.506317138671875,2.9926743507385254,4.760791301727295
2.506317138671875,2.9926743507385254,4.760791301727295
2.507291555404663,2.9928572177886963,4.7614665031433105
2.5082619190216064,2.9937973022460938,4.761993885040283
2.5083110332489014,2.99367094039917,4.762272834777832
2.5083110332489014,2.99367094039917,4.762272834777832
2.5082056522369385,2.992367744445801,4.760775089263916
2.507931709289551,2.9922966957092285,4.761348724365234
2.5086967945098877,2.9933040142059326,4.762042999267578
2.5086967945098877,2.9933040142059326,4.762042999267578
2.509289264678955,2.993880271911621,4.762873649597168
2.510805130004883,2.9940738677978516,4.76295280456543
2.511414051055908,2.9942402839660645,4.7629899978637695
2.511414051055908,2.9942402839660645,4.7629899978637695
2.511223316192627,2.994670867919922,4.764233589172363
2.511528730392456,2.995349884033203,4.764616012573242
2.5116305351257324,2.995806932449341,4.764260292053223
2.5116305351257324,2.995806932449341,4.764260292053223
2.5113742351531982,2.995832920074463,4.76453161239624
2.511021375656128,2.996182680130005,4.765776634216309
2.511021375656128,2.996182680130005,4.765776634216309
2.5103206634521484,2.9958126544952393,4.7649431228637695
2.509829521179199,2.9950966835021973,4.764612674713135
2.509829521179199,2.9950966835021973,4.764612674713135
2.509274482727051,2.9955010414123535,4.766191005706787
2.510019540786743,2.9969754219055176,4.766364574432373
2.510019540786743,2.9969754219055176,4.766364574432373
2.5113136768341064,2.998347043991089,4.767437934875488
2.5140483379364014,2.99988055229187,4.768960952758789
2.5140483379364014,2.99988055229187,4.768960952758789
2.5146539211273193,3.0005557537078857,4.76951789855957
2.5132052898406982,3.0004262924194336,4.769517421722412
2.5132052898406982,3.0004262924194336,4.769517421722412
2.511331081390381,2.9998340606689453,4.769094467163086
2.5107035636901855,2.9991917610168457,4.768383979797363
2.5107035636901855,2.9991917610168457,4.768383979797363
2.5102319717407227,2.9992010593414307,4.769036769866943
2.511143207550049,3.0003323554992676,4.771471977233887
2.512399196624756,3.000713348388672,4.772253036499023
2.512399196624756,3.000713348388672,4.772253036499023
2.5131940841674805,3.0003561973571777,4.7721848487854
2.5135934352874756,3.000011682510376,4.772162914276123
2.5135934352874756,3.000011682510376,4.772162914276123
2.513307571411133,3.0002472400665283,4.773631572723389
2.5143232345581055,3.000784397125244,4.773017406463623
2.5143232345581055,3.000784397125244,4.773017406463623
2.5165958404541016,3.0009756088256836,4.773262023925781
2.5176713466644287,3.000758409500122,4.773819446563721
2.5176713466644287,3.000758409500122,4.773819446563721
2.516814708709717,3.0011308193206787,4.774280071258545
2.5171446800231934,3.001171350479126,4.773279190063477
2.5171446800231934,3.001171350479126,4.773279190063477
2.5172743797302246,3.0015511512756348,4.774336338043213
2.5182244777679443,3.002572536468506,4.775112152099609
2.5182244777679443,3.002572536468506,4.775112152099609
2.5198113918304443,3.0033373832702637,4.7750983238220215
2.520071029663086,3.0032055377960205,4.775278568267822
2.520071029663086,3.0032055377960205,4.775278568267822
2.5199103355407715,3.003278970718384,4.775639057159424
2.5209667682647705,3.00335431098938,4.7754645347595215
2.5209667682647705,3.00335431098938,4.7754645347595215
2.522995710372925,3.004096031188965,4.776663780212402
2.5255281925201416,3.0064356327056885,4.780639171600342
2.5255281925201416,3.0064356327056885,4.780639171600342
2.527891159057617,3.00744891166687,4.780296325683594
2.5291566848754883,3.007232427597046,4.780318737030029
2.5291566848754883,3.007232427597046,4.780318737030029
2.528897523880005,3.0069496631622314,4.7805352210998535
2.528609275817871,3.0071873664855957,4.780491352081299
2.527684450149536,3.0063023567199707,4.779975414276123
2.527684450149536,3.0063023567199707,4.779975414276123
2.527883529663086,3.0067434310913086,4.781205177307129
2.528813600540161,3.0076801776885986,4.782106876373291
2.5293362140655518,3.0080671310424805,4.78178071975708
2.5293362140655518,3.0080671310424805,4.78178071975708
2.529137372970581,3.0074617862701416,4.781622409820557
2.529137372970581,3.0074617862701416,4.781622409820557
2.528690814971924,3.0071356296539307,4.782346725463867
2.5290372371673584,3.0078351497650146,4.783226490020752
2.5290372371673584,3.0078351497650146,4.783226490020752
2.5304741859436035,3.00905704498291,4.784599781036377
2.5326621532440186,3.009577989578247,4.784992218017578
2.5327720642089844,3.0094997882843018,4.785202503204346
2.5327720642089844,3.0094997882843018,4.785202503204346
2.531576633453369,3.009403944015503,4.784595012664795
2.5306692123413086,3.008500814437866,4.783928871154785
2.5306692123413086,3.008500814437866,4.783928871154785
2.5294084548950195,3.007704734802246,4.783542633056641
2.528930425643921,3.007805347442627,4.783138751983643
2.528930425643921,3.007805347442627,4.783138751983643
2.5295612812042236,3.00858211517334,4.784460067749023
2.528775691986084,3.008913040161133,4.784815788269043
2.528775691986084,3.008913040161133,4.784815788269043
2.528216600418091,3.008948802947998,4.784024715423584
2.5272228717803955,3.008450984954834,4.78372049331665
2.5272228717803955,3.008450984954834,4.78372049331665
2.5250604152679443,3.0075459480285645,4.783597946166992
2.52470326423645,3.0079824924468994,4.783011436462402
2.52470326423645,3.0079824924468994,4.783011436462402
2.525346279144287,3.0086116790771484,4.78318977355957
2.525789260864258,3.008107900619507,4.782711029052734
2.525789260864258,3.008107900619507,4.782711029052734
2.5245394706726074,3.007690906524658,4.782598972320557
2.522834300994873,3.0075647830963135,4.782506465911865
2.522834300994873,3.0075647830963135,4.782506465911865
2.521512985229492,3.007441520690918,4.782909393310547
2.521693706512451,3.006924629211426,4.782261371612549
2.521693706512451,3.006924629211426,4.782261371612549
2.5223820209503174,3.0065228939056396,4.7818803787231445
2.5233001708984375,3.0063698291778564,4.782570838928223
2.5233001708984375,3.0063698291778564,4.782570838928223
2.5227229595184326,3.007645845413208,4.78520393371582
2.5244221687316895,3.0075807571411133,4.782938003540039
2.525319814682007,3.007431745529175,4.783346652984619
2.525319814682007,3.007431745529175,4.783346652984619
2.5242440700531006,3.008418083190918,4.786249160766602
2.5261659622192383,3.009767770767212,4.78523063659668
2.5261659622192383,3.009767770767212,4.78523063659668
2.527340888977051,3.0102005004882812,4.785523891448975
2.529162645339966,3.0102009773254395,4.78572940826416
2.529162645339966,3.0102009773254395,4.78572940826416
2.530221939086914,3.011735200881958,4.787749290466309
2.5317203998565674,3.0131256580352783,4.788266181945801
2.5317203998565674,3.0131256580352783,4.788266181945801
2.5331997871398926,3.0138487815856934,4.789608955383301
2.5349581241607666,3.0143914222717285,4.790121555328369
2.5349581241607666,3.0143914222717285,4.790121555328369
2.535245418548584,3.0152149200439453,4.790863990783691
2.535245418548584,3.0152149200439453,4.790863990783691
2.5355629920959473,3.0161547660827637,4.792273044586182
2.5374109745025635,3.0162606239318848,4.792003631591797
2.5374109745025635,3.0162606239318848,4.792003631591797
2.538139820098877,3.016108989715576,4.792920112609863
2.539212703704834,3.01692533493042,4.79348087310791
2.539212703704834,3.01692533493042,4.79348087310791
2.5396976470947266,3.0174920558929443,4.794595241546631
2.540078639984131,3.017364263534546,4.793476581573486
2.540078639984131,3.017364263534546,4.793476581573486
2.540525197982788,3.017200469970703,4.79399299621582
2.5400638580322266,3.017423629760742,4.795392990112305
2.5400638580322266,3.017423629760742,4.795392990112305
2.539942741394043,3.0175821781158447,4.795409202575684
2.5407536029815674,3.0175042152404785,4.7950568199157715
2.5407536029815674,3.0175042152404785,4.7950568199157715
2.541398525238037,3.017491340637207,4.7954301834106445
2.5420069694519043,3.0185365676879883,4.797438144683838
2.5432088375091553,3.019040107727051,4.796572208404541
2.5432088375091553,3.019040107727051,4.796572208404541
2.5438365936279297,3.018892765045166,4.796627998352051
2.5441110134124756,3.0189664363861084,4.797366142272949
2.5441110134124756,3.0189664363861084,4.797366142272949
2.5451741218566895,3.0204696655273438,4.79791784286499
2.5458781719207764,3.0213124752044678,4.799147605895996
2.5458781719207764,3.0213124752044678,4.799147605895996
2.5482676029205322,3.0227785110473633,4.801211833953857
2.5498902797698975,3.0231754779815674,4.8018670082092285
2.5498902797698975,3.0231754779815674,4.8018670082092285
2.5488901138305664,3.0227127075195312,4.802360534667969
2.5473711490631104,3.022552728652954,4.803061485290527
2.5473711490631104,3.022552728652954,4.803061485290527
2.5468943119049072,3.022050380706787,4.802136421203613
2.5468900203704834,3.021682024002075,4.802060604095459
2.547576665878296,3.0224711894989014,4.803476810455322
2.5474045276641846,3.0229766368865967,4.804337978363037
2.5474045276641846,3.0229766368865967,4.804337978363037
2.547482490539551,3.023188591003418,4.803038120269775
2.5480892658233643,3.0237138271331787,4.803948402404785
2.54785418510437,3.023721933364868,4.8046183586120605
2.547126531600952,3.0237252712249756,4.804871082305908
2.547126531600952,3.0237252712249756,4.804871082305908
2.5473361015319824,3.023799180984497,4.804030418395996
2.547687292098999,3.0236618518829346,4.804372787475586
2.547511339187622,3.0242624282836914,4.8061723709106445
2.547511339187622,3.0242624282836914,4.8061723709106445
2.5489344596862793,3.0252530574798584,4.805676460266113
2.5494441986083984,3.0258395671844482,4.806537628173828
2.550302028656006,3.0263142585754395,4.805889129638672
2.551403284072876,3.027092218399048,4.807130336761475
2.5516722202301025,3.028298854827881,4.809327602386475
2.5526537895202637,3.0281598567962646,4.808328628540039
2.55303692817688,3.0281527042388916,4.809025764465332
2.55303692817688,3.0281527042388916,4.809025764465332
2.5524485111236572,3.029071807861328,4.810934543609619
2.5535333156585693,3.030282497406006,4.811596393585205
2.555947780609131,3.030909776687622,4.811570167541504
2.5573713779449463,3.0309903621673584,4.812554359436035
2.5573713779449463,3.0309903621673584,4.812554359436035
2.557938814163208,3.0324079990386963,4.816523551940918
2.5598068237304688,3.0335919857025146,4.817183017730713
2.562243700027466,3.034449577331543,4.8184356689453125
2.562243700027466,3.034449577331543,4.8184356689453125
2.565267324447632,3.034968137741089,4.819042682647705
2.565387487411499,3.0359694957733154,4.8204522132873535
2.5654096603393555,3.0361592769622803,4.820000171661377
2.5654096603393555,3.0361592769622803,4.820000171661377
2.565272808074951,3.034801959991455,4.818543910980225
2.5650417804718018,3.033485174179077,4.817944526672363
2.5659689903259277,3.034794807434082,4.818800926208496
2.5659689903259277,3.034794807434082,4.818800926208496
2.5667524337768555,3.036158561706543,4.821109771728516
2.5689640045166016,3.0366506576538086,4.82060432434082
2.5695202350616455,3.037081480026245,4.821409225463867
2.5692245960235596,3.037759780883789,4.822487831115723
2.5692245960235596,3.037759780883789,4.822487831115723
2.5687975883483887,3.0376245975494385,4.822351932525635
2.568957805633545,3.037182331085205,4.8220720291137695
2.568957805633545,3.037182331085205,4.8220720291137695
2.5710010528564453,3.0380935668945312,4.823399543762207
2.57106876373291,3.0394680500030518,4.826184272766113
2.57106876373291,3.0394680500030518,4.826184272766113
2.571850061416626,3.039241075515747,4.82455587387085
2.5731165409088135,3.0388073921203613,4.824550628662109
2.5727505683898926,3.038409471511841,4.824699401855469
2.5727505683898926,3.038409471511841,4.824699401855469
2.5728960037231445,3.039027214050293,4.825361251831055
2.574488639831543,3.040036916732788,4.82558012008667
2.574488639831543,3.040036916732788,4.82558012008667
2.575796604156494,3.040520429611206,4.826681137084961
2.5767529010772705,3.0414059162139893,4.828017234802246
2.5767529010772705,3.0414059162139893,4.828017234802246
2.5779266357421875,3.0422799587249756,4.828192234039307
2.5787384510040283,3.0423696041107178,4.82861852645874
2.5787384510040283,3.0423696041107178,4.82861852645874
2.579796075820923,3.0436153411865234,4.831038475036621
2.582024335861206,3.045555591583252,4.832334995269775
2.582024335861206,3.045555591583252,4.832334995269775
2.583181142807007,3.046969175338745,4.833608627319336
2.58347749710083,3.046992063522339,4.833699703216553
2.582611083984375,3.045889139175415,4.8329758644104
2.582611083984375,3.045889139175415,4.8329758644104
2.581346273422241,3.0457682609558105,4.832520484924316
2.580996036529541,3.046546697616577,4.8341803550720215
2.580996036529541,3.046546697616577,4.8341803550720215
2.581672191619873,3.046781301498413,4.833831787109375
2.581850290298462,3.0468804836273193,4.834170818328857
2.581850290298462,3.0468804836273193,4.834170818328857
2.5815532207489014,3.047545909881592,4.835229396820068
2.5810861587524414,3.0481045246124268,4.83599853515625
2.5810861587524414,3.0481045246124268,4.83599853515625
2.581512689590454,3.048318386077881,4.835803031921387
2.5824944972991943,3.048970937728882,4.836949348449707
2.5825445652008057,3.0491414070129395,4.837929725646973
2.582610607147217,3.0499651432037354,4.839378833770752
2.582610607147217,3.0499651432037354,4.839378833770752
2.5819921493530273,3.0498945713043213,4.838674068450928
2.5816030502319336,3.0493006706237793,4.838285446166992
2.5816030502319336,3.0493006706237793,4.838285446166992
2.5812864303588867,3.0492122173309326,4.839244842529297
2.582498550415039,3.0503411293029785,4.839567184448242
2.582498550415039,3.0503411293029785,4.839567184448242
2.582982063293457,3.0508530139923096,4.840960502624512
2.5845565795898438,3.051643133163452,4.841341018676758
2.5845565795898438,3.051643133163452,4.841341018676758
2.5854451656341553,3.0522944927215576,4.841811656951904
2.5860414505004883,3.0528523921966553,4.8427605628967285
2.5860414505004883,3.0528523921966553,4.8427605628967285
2.586573600769043,3.0532708168029785,4.8436808586120605
2.5867228507995605,3.0537149906158447,4.843602180480957
2.5867228507995605,3.0537149906158447,4.843602180480957
2.58726167678833,3.053105592727661,4.843993663787842
2.5868942737579346,3.0536186695098877,4.846325874328613
2.5879411697387695,3.053321361541748,4.845040798187256
2.5879411697387695,3.053321361541748,4.845040798187256
2.5885744094848633,3.0531747341156006,4.845034599304199
2.5885744094848633,3.0531747341156006,4.845034599304199
2.590017080307007,3.054065465927124,4.84722900390625
2.5925683975219727,3.05553936958313,4.848109722137451
2.594284772872925,3.0562174320220947,4.847253322601318
2.594284772872925,3.0562174320220947,4.847253322601318
2.5964853763580322,3.057236909866333,4.848715305328369
2.597072124481201,3.0575432777404785,4.848954677581787
2.597072124481201,3.0575432777404785,4.848954677581787
2.59710431098938,3.057196617126465,4.848443508148193
2.5967259407043457,3.0567665100097656,4.848356246948242
2.5967259407043457,3.0567665100097656,4.848356246948242
2.595679998397827,3.0561559200286865,4.848888397216797
2.595731258392334,3.056628704071045,4.84902811050415
2.595731258392334,3.056628704071045,4.84902811050415
2.596090793609619,3.05700945854187,4.849684238433838
2.59592866897583,3.056079387664795,4.849135875701904
2.5959153175354004,3.0559535026550293,4.849648475646973
2.5959153175354004,3.0559535026550293,4.849648475646973
2.597209930419922,3.057387351989746,4.850424289703369
2.598188877105713,3.058255434036255,4.8519511222839355
2.598188877105713,3.058255434036255,4.8519511222839355
2.5995523929595947,3.05873441696167,4.8514323234558105
2.599874258041382,3.0583336353302,4.850965976715088
2.5986292362213135,3.0583670139312744,4.851398468017578
2.5986292362213135,3.0583670139312744,4.851398468017578
2.598818778991699,3.058791160583496,4.851639270782471
2.5999910831451416,3.058776378631592,4.850936412811279
2.5999910831451416,3.058776378631592,4.850936412811279
2.6006739139556885,3.05881404876709,4.851079940795898
2.6011931896209717,3.059866428375244,4.852632999420166
2.6005232334136963,3.0599188804626465,4.851770877838135
2.599679946899414,3.0593388080596924,4.851244926452637
2.599679946899414,3.0593388080596924,4.851244926452637
2.599677801132202,3.059589147567749,4.852108001708984
2.6013102531433105,3.0611517429351807,4.8535919189453125
2.6013102531433105,3.0611517429351807,4.8535919189453125
2.602839231491089,3.0627799034118652,4.854430198669434
2.6040525436401367,3.064061403274536,4.856438636779785
2.6040525436401367,3.064061403274536,4.856438636779785
2.605595350265503,3.0650274753570557,4.8567399978637695
2.605663776397705,3.065380811691284,4.856593132019043
2.605663776397705,3.065380811691284,4.856593132019043
2.604609251022339,3.0654666423797607,4.856940746307373
2.6036391258239746,3.0657150745391846,4.858025550842285
2.6036391258239746,3.0657150745391846,4.858025550842285
2.604005813598633,3.066488265991211,4.858275413513184
2.605041027069092,3.066869020462036,4.859384536743164
2.6048805713653564,3.0668365955352783,4.860442161560059
2.6048805713653564,3.0668365955352783,4.860442161560059
2.6043028831481934,3.066255807876587,4.859752178192139
2.6046011447906494,3.065822124481201,4.859609603881836
2.6046011447906494,3.065822124481201,4.859609603881836
2.6040236949920654,3.0652589797973633,4.85977840423584
2.6032612323760986,3.065246820449829,4.860389709472656
2.6032612323760986,3.065246820449829,4.860389709472656
2.603351593017578,3.0662553310394287,4.8599958419799805
2.604429006576538,3.0664284229278564,4.860678672790527
2.604429006576538,3.0664284229278564,4.860678672790527
2.6060662269592285,3.0668418407440186,4.861684322357178
2.6082446575164795,3.068777322769165,4.863080978393555
2.6082446575164795,3.068777322769165,4.863080978393555
2.609438896179199,3.0700979232788086,4.864076137542725
2.610147714614868,3.070451259613037,4.864065647125244
2.610147714614868,3.070451259613037,4.864065647125244
2.6101880073547363,3.0698537826538086,4.863162040710449
2.60994815826416,3.0700902938842773,4.862946510314941
2.60994815826416,3.0700902938842773,4.862946510314941
2.610342264175415,3.0698633193969727,4.862884521484375
2.6109209060668945,3.0697150230407715,4.8627543449401855
2.6109209060668945,3.0697150230407715,4.8627543449401855
2.612560272216797,3.0711214542388916,4.863689422607422
2.613311290740967,3.072528123855591,4.8659162521362305
2.6151371002197266,3.072859048843384,4.864635944366455
2.6151371002197266,3.072859048843384,4.864635944366455
2.615272045135498,3.072542428970337,4.8646559715271
2.615007162094116,3.0734400749206543,4.865509033203125
2.615007162094116,3.0734400749206543,4.865509033203125
2.6162381172180176,3.0744152069091797,4.8662495613098145
2.6189658641815186,3.07523775100708,4.867917537689209
2.6189658641815186,3.07523775100708,4.867917537689209
2.623605966567993,3.0779309272766113,4.8712568283081055
2.625581741333008,3.080034017562866,4.87462043762207
2.625581741333008,3.080034017562866,4.87462043762207
2.6262571811676025,3.07912015914917,4.873014450073242
2.625347852706909,3.0775957107543945,4.872300148010254
2.625347852706909,3.0775957107543945,4.872300148010254
2.623441219329834,3.0762410163879395,4.8718061447143555
2.6225996017456055,3.0765013694763184,4.872282028198242
2.6225996017456055,3.0765013694763184,4.872282028198242
2.623298168182373,3.077373504638672,4.873492240905762
2.624904155731201,3.077869176864624,4.874694347381592
2.624904155731201,3.077869176864624,4.874694347381592
2.6253273487091064,3.0778369903564453,4.875392913818359
2.6249923706054688,3.078248977661133,4.875302314758301
2.6251161098480225,3.078511953353882,4.875729560852051
2.6251161098480225,3.078511953353882,4.875729560852051
2.6255180835723877,3.078129291534424,4.875650882720947
2.6270153522491455,3.0795986652374268,4.87592887878418
2.6270153522491455,3.0795986652374268,4.87592887878418
2.626966714859009,3.08088755607605,4.876541614532471
2.6246323585510254,3.0806236267089844,4.876388072967529
2.6246323585510254,3.0806236267089844,4.876388072967529
2.6257588863372803,3.079667091369629,4.874146938323975
2.6254396438598633,3.0789904594421387,4.874531269073486
2.6254396438598633,3.0789904594421387,4.874531269073486
2.623335361480713,3.0803627967834473,4.8780059814453125
2.6243135929107666,3.081372022628784,4.876169681549072
2.6243135929107666,3.081372022628784,4.876169681549072
2.625361680984497,3.081007957458496,4.875650882720947
2.625181198120117,3.0810129642486572,4.87611722946167
2.625181198120117,3.0810129642486572,4.87611722946167
2.6236276626586914,3.0817673206329346,4.877448558807373
2.6233434677124023,3.0826380252838135,4.876770496368408
2.6233434677124023,3.0826380252838135,4.876770496368408
2.6232993602752686,3.0821564197540283,4.877102375030518
2.6240346431732178,3.082700729370117,4.878807544708252
2.6257500648498535,3.083756923675537,4.8807454109191895
2.6257500648498535,3.083756923675537,4.8807454109191895
2.626357316970825,3.0855953693389893,4.883878231048584
2.627204418182373,3.0865702629089355,4.886022090911865
2.627204418182373,3.0865702629089355,4.886022090911865
2.627105712890625,3.085874319076538,4.884583473205566
2.6259472370147705,3.0858144760131836,4.884238243103027
2.6259472370147705,3.0858144760131836,4.884238243103027
2.624722719192505,3.086000442504883,4.885166168212891
2.625722885131836,3.0859315395355225,4.883664608001709
2.625722885131836,3.0859315395355225,4.883664608001709
2.6267826557159424,3.0862367153167725,4.8843207359313965
2.627530336380005,3.0872583389282227,4.8859076499938965
2.627469301223755,3.0876564979553223,4.886801719665527
2.627469301223755,3.0876564979553223,4.886801719665527
2.6276769638061523,3.0878751277923584,4.886826515197754
2.628236770629883,3.0885136127471924,4.887138843536377
2.628236770629883,3.0885136127471924,4.887138843536377
2.6295320987701416,3.089113712310791,4.8883209228515625
2.6299848556518555,3.0892128944396973,4.888890743255615
2.6299848556518555,3.0892128944396973,4.888890743255615
2.6299052238464355,3.08880352973938,4.888515949249268
2.6295413970947266,3.087580442428589,4.888134479522705
2.6295413970947266,3.087580442428589,4.888134479522705
2.6301941871643066,3.0888404846191406,4.889704704284668
2.6318764686584473,3.0898923873901367,4.888840675354004
2.6318764686584473,3.0898923873901367,4.888840675354004
2.6315507888793945,3.0897810459136963,4.889206886291504
2.6331989765167236,3.090383529663086,4.8885955810546875
2.6331989765167236,3.090383529663086,4.8885955810546875
2.6335532665252686,3.090579032897949,4.888544082641602
2.6336798667907715,3.0912461280822754,4.889140605926514
2.6336798667907715,3.0912461280822754,4.889140605926514
2.6348183155059814,3.0917882919311523,4.889286518096924
2.6351635456085205,3.091435670852661,4.8894124031066895
2.6351635456085205,3.091435670852661,4.8894124031066895
2.6356546878814697,3.092515707015991,4.890221118927002
2.6356546878814697,3.092515707015991,4.890221118927002
2.6369097232818604,3.094190835952759,4.892845153808594
2.638493537902832,3.093823194503784,4.892324447631836
2.639101266860962,3.092919111251831,4.892533302307129
2.639101266860962,3.092919111251831,4.892533302307129
2.6389970779418945,3.0935816764831543,4.894545078277588
2.6389970779418945,3.0935816764831543,4.894545078277588
2.6403989791870117,3.0946805477142334,4.894296646118164
2.6426706314086914,3.0960192680358887,4.894260883331299
2.6426706314086914,3.0960192680358887,4.894260883331299
2.644007682800293,3.0968329906463623,4.895284652709961
2.644690990447998,3.097132682800293,4.895437717437744
2.6446452140808105,3.0970423221588135,4.895169734954834
2.6446452140808105,3.0970423221588135,4.895169734954834
2.644423484802246,3.09682035446167,4.895367622375488
2.644759178161621,3.0968399047851562,4.896082401275635
2.644759178161621,3.0968399047851562,4.896082401275635
2.644470691680908,3.0969738960266113,4.895988941192627
2.6436192989349365,3.0966665744781494,4.895379066467285
2.6436192989349365,3.0966665744781494,4.895379066467285
2.6414265632629395,3.0955312252044678,4.894845485687256
2.6402828693389893,3.095431327819824,4.894776344299316
2.6402828693389893,3.095431327819824,4.894776344299316
2.641145706176758,3.0958290100097656,4.894071578979492
2.6416938304901123,3.0960590839385986,4.894936561584473
2.6416938304901123,3.0960590839385986,4.894936561584473
2.641868829727173,3.0966174602508545,4.895872116088867
2.6422231197357178,3.0975897312164307,4.8954668045043945
2.6422231197357178,3.0975897312164307,4.8954668045043945
2.6425211429595947,3.0979461669921875,4.8962273597717285
2.643332004547119,3.097870349884033,4.896321773529053
2.643332004547119,3.097870349884033,4.896321773529053
2.6431825160980225,3.0986313819885254,4.897230625152588
2.6422390937805176,3.0989162921905518,4.897842884063721
2.6424479484558105,3.099151611328125,4.898434162139893
2.6424479484558105,3.099151611328125,4.898434162139893
2.6431360244750977,3.099858045578003,4.899567127227783
2.6431360244750977,3.099858045578003,4.899567127227783
2.6446144580841064,3.101262331008911,4.900482654571533
2.6464664936065674,3.104156017303467,4.904954433441162
2.6464664936065674,3.104156017303467,4.904954433441162
2.648669958114624,3.1046910285949707,4.904921531677246
2.650315284729004,3.1048033237457275,4.905579090118408
2.6497366428375244,3.1053466796875,4.906798839569092
2.6497366428375244,3.1053466796875,4.906798839569092
2.648911476135254,3.1053967475891113,4.906940937042236
2.649075508117676,3.105412244796753,4.906304359436035
2.649075508117676,3.105412244796753,4.906304359436035
2.6492538452148438,3.1050057411193848,4.906521320343018
2.6495773792266846,3.1059012413024902,4.909133434295654
2.6495773792266846,3.1059012413024902,4.909133434295654
2.6509032249450684,3.107408046722412,4.909582138061523
2.652360677719116,3.108147144317627,4.910311698913574
2.652360677719116,3.108147144317627,4.910311698913574
2.6524760723114014,3.1078503131866455,4.910769939422607
2.6524927616119385,3.108729600906372,4.911197185516357
2.6524927616119385,3.108729600906372,4.911197185516357
2.6528124809265137,3.109330177307129,4.911064147949219
2.6525869369506836,3.109625816345215,4.912182331085205
2.6525869369506836,3.109625816345215,4.912182331085205
2.653930902481079,3.1091983318328857,4.911140441894531
2.6544651985168457,3.10949444770813,4.911654949188232
2.6544651985168457,3.10949444770813,4.911654949188232
2.6540985107421875,3.1106483936309814,4.913593292236328
2.654431104660034,3.111703634262085,4.914437294006348
2.654431104660034,3.111703634262085,4.914437294006348
2.6558985710144043,3.111395835876465,4.9139604568481445
2.6563260555267334,3.111224412918091,4.914564609527588
2.6563260555267334,3.111224412918091,4.914564609527588
2.655665874481201,3.112308979034424,4.917604446411133
2.6573729515075684,3.1120998859405518,4.915961742401123
2.6573729515075684,3.1120998859405518,4.915961742401123
2.6585400104522705,3.1119635105133057,4.916338920593262
2.659029245376587,3.112400770187378,4.918217658996582
2.6604151725769043,3.11276912689209,4.91733980178833
2.6604151725769043,3.11276912689209,4.91733980178833
2.6622097492218018,3.1131978034973145,4.917550563812256
2.6626501083374023,3.1137123107910156,4.919198036193848
2.6626501083374023,3.1137123107910156,4.919198036193848
2.6625630855560303,3.1125314235687256,4.917430877685547
2.6620521545410156,3.1122353076934814,4.9167256355285645
2.6620521545410156,3.1122353076934814,4.9167256355285645
2.6614596843719482,3.112567186355591,4.917581558227539
2.661344051361084,3.112532138824463,4.917202949523926
2.661344051361084,3.112532138824463,4.917202949523926
2.661815881729126,3.1129093170166016,4.916756629943848
2.6623764038085938,3.113008975982666,4.916758060455322
2.6623764038085938,3.113008975982666,4.916758060455322
2.660876989364624,3.1130757331848145,4.918149948120117
2.660848617553711,3.1127119064331055,4.91644811630249
2.660848617553711,3.1127119064331055,4.91644811630249
2.660386085510254,3.112963914871216,4.915802001953125
2.658121347427368,3.1126866340637207,4.916659355163574
2.6577072143554688,3.1128287315368652,4.915652751922607
2.657897710800171,3.112405300140381,4.915183067321777
2.657897710800171,3.112405300140381,4.915183067321777
2.6563689708709717,3.1123147010803223,4.916192054748535
2.6563689708709717,3.1123147010803223,4.916192054748535
2.656026840209961,3.1127114295959473,4.916172027587891
2.6561477184295654,3.1120452880859375,4.915101528167725
2.6551740169525146,3.112144708633423,4.915493488311768
2.6551740169525146,3.112144708633423,4.915493488311768
2.6548197269439697,3.113450765609741,4.917634010314941
2.6575849056243896,3.1146910190582275,4.916834831237793
2.6575849056243896,3.1146910190582275,4.916834831237793
2.6599462032318115,3.115212917327881,4.918273448944092
2.6606733798980713,3.1172378063201904,4.9223785400390625
2.6606733798980713,3.1172378063201904,4.9223785400390625
2.6625304222106934,3.11855149269104,4.921116352081299
2.66279673576355,3.1180288791656494,4.920385360717773
2.66279673576355,3.1180288791656494,4.920385360717773
2.662407398223877,3.1176512241363525,4.920450210571289
2.661961555480957,3.1180455684661865,4.920462608337402
2.661961555480957,3.1180455684661865,4.920462608337402
2.663425922393799,3.1187827587127686,4.921231746673584
2.6648499965667725,3.1197128295898438,4.922719955444336
2.6662192344665527,3.1196136474609375,4.922702312469482
2.6662192344665527,3.1196136474609375,4.922702312469482
2.6668620109558105,3.1197445392608643,4.923548221588135
2.6674067974090576,3.1202638149261475,4.9242448806762695
2.6674067974090576,3.1202638149261475,4.9242448806762695
2.66728138923645,3.1208417415618896,4.925868034362793
2.6688125133514404,3.121612071990967,4.924860954284668
2.6688125133514404,3.121612071990967,4.924860954284668
2.67098069190979,3.1220269203186035,4.925468921661377
2.6720550060272217,3.122837781906128,4.927638053894043
2.6720550060272217,3.122837781906128,4.927638053894043
2.6723008155822754,3.123614549636841,4.927952766418457
2.673269033432007,3.1237263679504395,4.927212715148926
2.673269033432007,3.1237263679504395,4.927212715148926
2.673840284347534,3.122669219970703,4.926933765411377
2.672755241394043,3.124513864517212,4.930893898010254
2.672755241394043,3.124513864517212,4.930893898010254
2.6740245819091797,3.1256749629974365,4.929313659667969
2.675450086593628,3.1257317066192627,4.930062294006348
2.675450086593628,3.1257317066192627,4.930062294006348
2.6758739948272705,3.1261351108551025,4.931388854980469
2.6766748428344727,3.127429246902466,4.931282997131348
2.6766748428344727,3.127429246902466,4.931282997131348
2.676555871963501,3.1273443698883057,4.931059837341309
2.6773664951324463,3.1269402503967285,4.930546760559082
2.677262783050537,3.126648426055908,4.931370735168457
2.677262783050537,3.126648426055908,4.931370735168457
2.6778037548065186,3.127309799194336,4.931560039520264
2.678077459335327,3.1277167797088623,4.932940483093262
2.678077459335327,3.1277167797088623,4.932940483093262
2.6792068481445312,3.1274397373199463,4.931990146636963
2.6794087886810303,3.1274893283843994,4.93168306350708
2.6794087886810303,3.1274893283843994,4.93168306350708
2.679722785949707,3.12794828414917,4.932897567749023
2.679875135421753,3.1284897327423096,4.9331159591674805
2.679875135421753,3.1284897327423096,4.9331159591674805
2.6805810928344727,3.1278469562530518,4.932353496551514
2.6812171936035156,3.1281542778015137,4.932890892028809
2.6812171936035156,3.1281542778015137,4.932890892028809
2.6813464164733887,3.12968111038208,4.935460090637207
2.6837103366851807,3.1316592693328857,4.935218811035156
2.6837103366851807,3.1316592693328857,4.935218811035156
2.6870596408843994,3.133945941925049,4.938197612762451
2.6878085136413574,3.134073495864868,4.938936233520508
2.6878085136413574,3.134073495864868,4.938936233520508
2.6859734058380127,3.132998466491699,4.938333034515381
2.683699607849121,3.132061243057251,4.937197685241699
2.683699607849121,3.132061243057251,4.937197685241699
2.6829278469085693,3.1316585540771484,4.937845230102539
2.6840269565582275,3.132499933242798,4.9385905265808105
2.6840269565582275,3.132499933242798,4.9385905265808105
2.686307668685913,3.1346065998077393,4.938745975494385
2.6866228580474854,3.1357667446136475,4.940376281738281
2.6866228580474854,3.1357667446136475,4.940376281738281
2.6871888637542725,3.1359593868255615,4.938945293426514
2.6868202686309814,3.135334014892578,4.939154148101807
2.6868202686309814,3.135334014892578,4.939154148101807
2.686030626296997,3.1356358528137207,4.939572334289551
2.6853699684143066,3.1365346908569336,4.9410271644592285
2.6853699684143066,3.1365346908569336,4.9410271644592285
2.6868896484375,3.1373348236083984,4.940048694610596
2.6888604164123535,3.1384284496307373,4.941473960876465
2.6888604164123535,3.1384284496307373,4.941473960876465
2.690019369125366,3.1398956775665283,4.943741321563721
2.6910715103149414,3.1405651569366455,4.94401216506958
2.6910715103149414,3.1405651569366455,4.94401216506958
2.6920394897460938,3.141488552093506,4.945112705230713
2.692866563796997,3.1425938606262207,4.947042465209961
2.694025754928589,3.1438424587249756,4.949307918548584
2.694025754928589,3.1438424587249756,4.949307918548584
2.694957971572876,3.145308494567871,4.950195789337158
2.694957971572876,3.145308494567871,4.950195789337158
2.696427345275879,3.1459925174713135,4.951540946960449
2.6970958709716797,3.1456570625305176,4.952184677124023
2.6970958709716797,3.1456570625305176,4.952184677124023
2.698082685470581,3.1474335193634033,4.954940319061279
2.6998331546783447,3.1495394706726074,4.956446170806885
2.703587055206299,3.1509206295013428,4.957275867462158
2.703587055206299,3.1509206295013428,4.957275867462158
2.706169843673706,3.1526546478271484,4.9597649574279785
2.7071993350982666,3.1539480686187744,4.960002899169922
2.7068347930908203,3.153599500656128,4.960390090942383
2.7068347930908203,3.153599500656128,4.960390090942383
2.7065279483795166,3.153052806854248,4.960939407348633
2.7081329822540283,3.155003070831299,4.9625115394592285
2.7081329822540283,3.155003070831299,4.9625115394592285
2.712510347366333,3.1594648361206055,4.969301700592041
2.7167177200317383,3.1613519191741943,4.972594738006592
2.7167177200317383,3.1613519191741943,4.972594738006592
2.720959424972534,3.1632652282714844,4.973869323730469
2.7213294506073,3.163583993911743,4.9740986824035645
2.7208404541015625,3.163353443145752,4.973896503448486
2.7208404541015625,3.163353443145752,4.973896503448486
2.7201664447784424,3.1624789237976074,4.972486972808838
2.7198681831359863,3.162044048309326,4.972258567810059
2.7198681831359863,3.162044048309326,4.972258567810059
2.7201013565063477,3.162041425704956,4.973080635070801
2.7205159664154053,3.162623167037964,4.9728827476501465
2.7205159664154053,3.162623167037964,4.9728827476501465
2.7213492393493652,3.162825345993042,4.9728169441223145
2.72131609916687,3.162667989730835,4.97357702255249
2.721412181854248,3.16241192817688,4.973205089569092
2.721412181854248,3.16241192817688,4.973205089569092
2.721672773361206,3.1634669303894043,4.973611831665039
2.721672773361206,3.1634669303894043,4.973611831665039
2.7219364643096924,3.1643593311309814,4.975026607513428
2.724066734313965,3.164562225341797,4.974522113800049
2.7256815433502197,3.166095495223999,4.975858688354492
2.7256815433502197,3.166095495223999,4.975858688354492
2.7270686626434326,3.168259620666504,4.9774169921875
2.7293334007263184,3.1697213649749756,4.978042125701904
2.7293334007263184,3.1697213649749756,4.978042125701904
2.731441020965576,3.1710190773010254,4.978684902191162
2.7368831634521484,3.1752381324768066,4.9821367263793945
2.7368831634521484,3.1752381324768066,4.9821367263793945
2.7352328300476074,3.17475962638855,4.982667446136475
2.7352328300476074,3.17475962638855,4.982667446136475
2.7360951900482178,3.1759419441223145,4.983639717102051
2.7362093925476074,3.1754982471466064,4.983419895172119
2.7358922958374023,3.175387144088745,4.983596324920654
2.734705686569214,3.1754956245422363,4.9840569496154785
2.734705686569214,3.1754956245422363,4.9840569496154785
2.734645366668701,3.175774097442627,4.9842000007629395
2.734574317932129,3.175821542739868,4.984853267669678
2.734574317932129,3.175821542739868,4.984853267669678
2.7352969646453857,3.1756393909454346,4.985376834869385
2.7354934215545654,3.1763381958007812,4.985986232757568
2.7354934215545654,3.1763381958007812,4.985986232757568
2.735499858856201,3.1771841049194336,4.986632823944092
2.7355523109436035,3.1780757904052734,4.988289833068848
2.736253261566162,3.178229808807373,4.986894130706787
2.736253261566162,3.178229808807373,4.986894130706787
2.7372448444366455,3.1784448623657227,4.987339496612549
2.73664927482605,3.1791152954101562,4.989168167114258
2.73664927482605,3.1791152954101562,4.989168167114258
2.7374675273895264,3.179671049118042,4.988439559936523
2.737525463104248,3.1791698932647705,4.988076210021973
2.7363569736480713,3.1789352893829346,4.988822937011719
2.7363569736480713,3.1789352893829346,4.988822937011719
2.7350895404815674,3.1781601905822754,4.988011360168457
2.7350895404815674,3.1781601905822754,4.988011360168457
2.7352144718170166,3.1784186363220215,4.9889912605285645
2.7352235317230225,3.1797733306884766,4.990805625915527
2.737478256225586,3.181270122528076,4.991652011871338
2.737478256225586,3.181270122528076,4.991652011871338
2.7389042377471924,3.1819827556610107,4.992074489593506
2.738987922668457,3.182542324066162,4.992075443267822
2.738987922668457,3.182542324066162,4.992075443267822
2.736797571182251,3.18214750289917,4.992658615112305
2.7378768920898438,3.1823570728302,4.992035388946533
2.7378768920898438,3.1823570728302,4.992035388946533
2.740666627883911,3.1836702823638916,4.993259429931641
2.740666627883911,3.1836702823638916,4.993259429931641
2.742210865020752,3.1856603622436523,4.996517658233643
2.7442221641540527,3.186668634414673,4.996392250061035
2.745516538619995,3.186728000640869,4.99713659286499
2.745516538619995,3.186728000640869,4.99713659286499
2.744957447052002,3.186640977859497,4.997824192047119
2.7450473308563232,3.1872506141662598,4.999204158782959
2.7450473308563232,3.1872506141662598,4.999204158782959
2.746926784515381,3.188959836959839,5.00011682510376
2.7505383491516113,3.1925179958343506,5.00501823425293
2.7505383491516113,3.1925179958343506,5.00501823425293
2.7553937435150146,3.1949849128723145,5.0081257820129395
2.7575490474700928,3.1957225799560547,5.0083327293396
2.7575490474700928,3.1957225799560547,5.0083327293396
2.757967233657837,3.1961636543273926,5.008162498474121
2.75665283203125,3.196070432662964,5.009244918823242
2.7568624019622803,3.195638418197632,5.007060527801514
2.7568624019622803,3.195638418197632,5.007060527801514
2.7574493885040283,3.1952624320983887,5.0066447257995605
2.7581279277801514,3.195946455001831,5.008421897888184
2.7581279277801514,3.195946455001831,5.008421897888184
2.7595300674438477,3.197866678237915,5.009979248046875
2.762284517288208,3.1994147300720215,5.009191989898682
2.762284517288208,3.1994147300720215,5.009191989898682
2.763643264770508,3.1998462677001953,5.010105133056641
2.763885021209717,3.1997830867767334,5.010826587677002
2.763885021209717,3.1997830867767334,5.010826587677002
2.7643163204193115,3.200589656829834,5.010708332061768
2.7649617195129395,3.200734853744507,5.011164665222168
2.766984224319458,3.200942277908325,5.011768817901611
2.766984224319458,3.200942277908325,5.011768817901611
2.768785238265991,3.2028350830078125,5.013355731964111
2.770566940307617,3.2046639919281006,5.013818740844727
2.770566940307617,3.2046639919281006,5.013818740844727
2.772291660308838,3.2062747478485107,5.016003608703613
2.7737672328948975,3.207029104232788,5.015987396240234
2.7737672328948975,3.207029104232788,5.015987396240234
2.7734341621398926,3.206462860107422,5.015904903411865
2.7716994285583496,3.2062268257141113,5.016800403594971
2.7716994285583496,3.2062268257141113,5.016800403594971
2.772477626800537,3.206294059753418,5.016298770904541
2.7726426124572754,3.2062511444091797,5.01701021194458
2.7726426124572754,3.2062511444091797,5.01701021194458
2.772141218185425,3.207165241241455,5.0189971923828125
2.7729740142822266,3.208392381668091,5.020583152770996
2.7729740142822266,3.208392381668091,5.020583152770996
2.7755672931671143,3.2105090618133545,5.022034645080566
2.7778632640838623,3.212053060531616,5.023519039154053
2.7778632640838623,3.212053060531616,5.023519039154053
2.779501438140869,3.2131052017211914,5.025470733642578
2.780717611312866,3.2151262760162354,5.0261664390563965
2.780717611312866,3.2151262760162354,5.0261664390563965
2.7813711166381836,3.216458559036255,5.026172637939453
2.7823147773742676,3.216914415359497,5.02711820602417
2.7823147773742676,3.216914415359497,5.02711820602417
2.783535957336426,3.218339443206787,5.028863430023193
2.785290002822876,3.2201240062713623,5.029201984405518
2.785792827606201,3.2204489707946777,5.03009557723999
2.785792827606201,3.2204489707946777,5.03009557723999
2.786372423171997,3.22072434425354,5.030759334564209
2.7879600524902344,3.22147798538208,5.031003475189209
2.7879600524902344,3.22147798538208,5.031003475189209
2.7916436195373535,3.223897933959961,5.0340576171875
2.7941997051239014,3.226145029067993,5.037411689758301
2.7941997051239014,3.226145029067993,5.037411689758301
2.7963297367095947,3.2262346744537354,5.035315036773682
2.796049118041992,3.2250864505767822,5.035512447357178
2.793985605239868,3.2247514724731445,5.03722620010376
2.793985605239868,3.2247514724731445,5.03722620010376
2.79347562789917,3.225071668624878,5.036210536956787
2.794329881668091,3.2249341011047363,5.036016941070557
2.794329881668091,3.2249341011047363,5.036016941070557
2.796598196029663,3.226832389831543,5.038478374481201
2.7986347675323486,3.2289812564849854,5.040143013000488
2.7986347675323486,3.2289812564849854,5.040143013000488
2.800624132156372,3.229992389678955,5.03884220123291
2.8028669357299805,3.2315027713775635,5.040694236755371
2.803837776184082,3.232611656188965,5.041855335235596
2.803837776184082,3.232611656188965,5.041855335235596
2.8039932250976562,3.232269048690796,5.041138172149658
2.803823709487915,3.2325098514556885,5.04169225692749
2.803823709487915,3.2325098514556885,5.04169225692749
2.8036935329437256,3.2322845458984375,5.042548179626465
2.803032159805298,3.232290506362915,5.042583465576172
2.803032159805298,3.232290506362915,5.042583465576172
2.8034074306488037,3.23209810256958,5.0422868728637695
2.805004835128784,3.2328436374664307,5.0433807373046875
2.805004835128784,3.2328436374664307,5.0433807373046875
2.805612325668335,3.233957052230835,5.044273853302002
2.8075051307678223,3.2344906330108643,5.04384708404541
2.8081657886505127,3.2345328330993652,5.044700622558594
2.8081657886505127,3.2345328330993652,5.044700622558594
2.8074095249176025,3.2344970703125,5.0454816818237305
2.807973861694336,3.2346835136413574,5.0445451736450195
2.807973861694336,3.2346835136413574,5.0445451736450195
2.808131694793701,3.234780788421631,5.044878005981445
2.8094966411590576,3.236036539077759,5.046473026275635
2.8094966411590576,3.236036539077759,5.046473026275635
2.810371160507202,3.237474203109741,5.047066688537598
2.8105530738830566,3.23750901222229,5.047163486480713
2.8105530738830566,3.23750901222229,5.047163486480713
2.810598850250244,3.2375986576080322,5.048574924468994
2.812610387802124,3.239443778991699,5.0489912033081055
2.812610387802124,3.239443778991699,5.0489912033081055
2.8141744136810303,3.241011619567871,5.04970121383667
2.8158137798309326,3.242879867553711,5.051753520965576
2.8180854320526123,3.2445528507232666,5.052163600921631
2.8180854320526123,3.2445528507232666,5.052163600921631
2.8194894790649414,3.245058536529541,5.052688121795654
2.818812370300293,3.245556592941284,5.053770065307617
2.818812370300293,3.245556592941284,5.053770065307617
2.81886625289917,3.2458863258361816,5.0540771484375
2.818756103515625,3.245450019836426,5.054086685180664
2.818756103515625,3.245450019836426,5.054086685180664
2.8190219402313232,3.246652603149414,5.055779933929443
2.8202171325683594,3.2491939067840576,5.059218406677246
2.8202171325683594,3.2491939067840576,5.059218406677246
2.8224730491638184,3.2504754066467285,5.058221817016602
2.8271186351776123,3.2532057762145996,5.060242176055908
2.8271186351776123,3.2532057762145996,5.060242176055908
2.829169750213623,3.2555463314056396,5.062889099121094
2.8300893306732178,3.257307767868042,5.062814712524414
2.8300893306732178,3.257307767868042,5.062814712524414
2.830953598022461,3.258160352706909,5.062801361083984
2.8326234817504883,3.258286952972412,5.063359260559082
2.8326234817504883,3.258286952972412,5.063359260559082
2.8328983783721924,3.2593042850494385,5.0662360191345215
2.834265947341919,3.260512351989746,5.065915584564209
2.834265947341919,3.260512351989746,5.065915584564209
2.8362722396850586,3.2613418102264404,5.06736946105957
2.837824821472168,3.262892007827759,5.069950103759766
2.8397481441497803,3.2649481296539307,5.070569038391113
2.8397481441497803,3.2649481296539307,5.070569038391113
2.8405656814575195,3.2655439376831055,5.07153844833374
2.8423030376434326,3.2660250663757324,5.072836399078369
2.8423030376434326,3.2660250663757324,5.072836399078369
2.843343734741211,3.266737461090088,5.073573589324951
2.84429931640625,3.268010377883911,5.074078559875488
2.845346689224243,3.2694549560546875,5.075895309448242
2.845346689224243,3.2694549560546875,5.075895309448242
2.8475341796875,3.2710628509521484,5.076557159423828
2.849337339401245,3.272538423538208,5.077332973480225
2.849337339401245,3.272538423538208,5.077332973480225
2.8508849143981934,3.27449369430542,5.079598903656006
2.8519740104675293,3.2755820751190186,5.0800042152404785
2.8519740104675293,3.2755820751190186,5.0800042152404785
2.8530378341674805,3.276583433151245,5.080172061920166
2.854076623916626,3.2784554958343506,5.081583023071289
2.854076623916626,3.2784554958343506,5.081583023071289
2.854466199874878,3.2793209552764893,5.082179069519043
2.8559041023254395,3.279275417327881,5.081971645355225
2.8559041023254395,3.279275417327881,5.081971645355225
2.8563249111175537,3.2797648906707764,5.083439350128174
2.8578431606292725,3.2821242809295654,5.087059020996094
2.8578431606292725,3.2821242809295654,5.087059020996094
2.860370397567749,3.2833704948425293,5.086734771728516
2.8631646633148193,3.2849655151367188,5.087899684906006
2.8631646633148193,3.2849655151367188,5.087899684906006
2.8653690814971924,3.2864692211151123,5.089744567871094
2.8660805225372314,3.286667585372925,5.0906901359558105
2.86789870262146,3.2882070541381836,5.091180324554443
2.86789870262146,3.2882070541381836,5.091180324554443
2.8689212799072266,3.2888541221618652,5.092520236968994
2.8689212799072266,3.2888541221618652,5.092520236968994
2.869905471801758,3.2889950275421143,5.092926502227783
2.870150089263916,3.2891294956207275,5.093671798706055
2.870150089263916,3.2891294956207275,5.093671798706055
2.8694419860839844,3.28922438621521,5.094547271728516
2.8699915409088135,3.288522720336914,5.09470272064209
2.870614528656006,3.2888619899749756,5.095786094665527
2.870614528656006,3.2888619899749756,5.095786094665527
2.871152400970459,3.289193630218506,5.095965385437012
2.8713769912719727,3.2902324199676514,5.098633766174316
2.8741307258605957,3.291464328765869,5.097976207733154
2.8741307258605957,3.291464328765869,5.097976207733154
2.8761484622955322,3.2928097248077393,5.098459720611572
2.877584934234619,3.2946510314941406,5.101274013519287
2.877584934234619,3.2946510314941406,5.101274013519287
2.878216028213501,3.2955291271209717,5.100971698760986
2.8779642581939697,3.2955987453460693,5.100522041320801
2.8779642581939697,3.2955987453460693,5.100522041320801
2.8777031898498535,3.2963335514068604,5.101656913757324
2.8774847984313965,3.298053026199341,5.103500843048096
2.8774847984313965,3.298053026199341,5.103500843048096
2.8778042793273926,3.298025369644165,5.101714611053467
2.87874698638916,3.29831600189209,5.10243558883667
2.87874698638916,3.29831600189209,5.10243558883667
2.878042697906494,3.2995333671569824,5.105251312255859
2.8775854110717773,3.3004467487335205,5.10468053817749
2.8775854110717773,3.3004467487335205,5.10468053817749
2.878887176513672,3.301348924636841,5.105074882507324
2.8810882568359375,3.302260637283325,5.106390953063965
2.8810882568359375,3.302260637283325,5.106390953063965
2.8804073333740234,3.302598476409912,5.107435703277588
2.8801958560943604,3.3022663593292236,5.106785774230957
2.8801958560943604,3.3022663593292236,5.106785774230957
2.8799002170562744,3.3017423152923584,5.1078267097473145
2.87960147857666,3.301253318786621,5.108678817749023
2.87960147857666,3.301253318786621,5.108678817749023
2.880760669708252,3.3027689456939697,5.109347820281982
2.8822202682495117,3.3048641681671143,5.111859321594238
2.8822202682495117,3.3048641681671143,5.111859321594238
2.885016918182373,3.3060548305511475,5.112236499786377
2.8882195949554443,3.3079426288604736,5.112987041473389
2.8882195949554443,3.3079426288604736,5.112987041473389
2.889397621154785,3.308840274810791,5.113439083099365
2.8883910179138184,3.308521270751953,5.114778518676758
2.889493465423584,3.3096718788146973,5.113547325134277
2.889493465423584,3.3096718788146973,5.113547325134277
2.8905417919158936,3.3093695640563965,5.1135969161987305
2.890434980392456,3.309375762939453,5.115178108215332
2.890434980392456,3.309375762939453,5.115178108215332
2.8910341262817383,3.3108901977539062,5.116270065307617
2.892469882965088,3.312028646469116,5.115493297576904
2.892469882965088,3.312028646469116,5.115493297576904
2.8943417072296143,3.312901496887207,5.117214202880859
2.895646095275879,3.313875436782837,5.118461608886719
2.895646095275879,3.313875436782837,5.118461608886719
2.8959248065948486,3.3140828609466553,5.117856025695801
2.8963301181793213,3.3137872219085693,5.118191242218018
2.8963301181793213,3.3137872219085693,5.118191242218018
2.8968703746795654,3.314044237136841,5.119351863861084
2.897674798965454,3.315079927444458,5.11945915222168
2.897674798965454,3.315079927444458,5.11945915222168
2.8993091583251953,3.3171005249023438,5.119955539703369
2.901966094970703,3.31848406791687,5.121006488800049
2.901966094970703,3.31848406791687,5.121006488800049
2.9032905101776123,3.3185458183288574,5.120953559875488
2.903597593307495,3.3196847438812256,5.121496200561523
2.903597593307495,3.3196847438812256,5.121496200561523
2.9031310081481934,3.320770263671875,5.123854637145996
2.9046528339385986,3.3212153911590576,5.1230058670043945
2.9046528339385986,3.3212153911590576,5.1230058670043945
2.905698537826538,3.321423292160034,5.1234259605407715
2.9070119857788086,3.323237657546997,5.125612258911133
2.9070119857788086,3.323237657546997,5.125612258911133
2.9078314304351807,3.3253262042999268,5.127934455871582
2.9112563133239746,3.3269245624542236,5.127734184265137
2.9112563133239746,3.3269245624542236,5.127734184265137
2.9134483337402344,3.328352689743042,5.1287736892700195
2.9137723445892334,3.330394983291626,5.131703853607178
2.9137723445892334,3.330394983291626,5.131703853607178
2.9147789478302,3.3323934078216553,5.130636692047119
2.9150969982147217,3.332618474960327,5.130797386169434
2.9150969982147217,3.332618474960327,5.130797386169434
2.915339946746826,3.332641363143921,5.131356239318848
2.915739059448242,3.333279609680176,5.132681846618652
2.915739059448242,3.333279609680176,5.132681846618652
2.9165124893188477,3.333876609802246,5.132824897766113
2.9173922538757324,3.3347008228302,5.1344404220581055
2.9173922538757324,3.3347008228302,5.1344404220581055
2.9182398319244385,3.3357701301574707,5.135883808135986
2.9200899600982666,3.337000608444214,5.13577938079834
2.9200899600982666,3.337000608444214,5.13577938079834
2.921286106109619,3.3384850025177,5.1371588706970215
2.921286106109619,3.3384850025177,5.1371588706970215
2.922131299972534,3.33939528465271,5.137661457061768
2.922065019607544,3.337855815887451,5.1371588706970215
2.922065019607544,3.337855815887451,5.1371588706970215
2.920330047607422,3.33707332611084,5.137357234954834
2.9192230701446533,3.3380000591278076,5.139781951904297
2.920590877532959,3.338608741760254,5.137787342071533
2.920590877532959,3.338608741760254,5.137787342071533
2.9220221042633057,3.3386476039886475,5.137578964233398
2.9226832389831543,3.3393611907958984,5.138949871063232
2.9226832389831543,3.3393611907958984,5.138949871063232
2.922445058822632,3.341170072555542,5.140425682067871
2.924417495727539,3.342226028442383,5.140164852142334
2.924417495727539,3.342226028442383,5.140164852142334
2.9266653060913086,3.344061851501465,5.141997337341309
2.927550792694092,3.345745801925659,5.143863201141357
2.927550792694092,3.345745801925659,5.143863201141357
2.9292094707489014,3.3465259075164795,5.142794609069824
2.928828001022339,3.3462228775024414,5.143092155456543
2.928828001022339,3.3462228775024414,5.143092155456543
2.9289374351501465,3.3466029167175293,5.14462947845459
2.930105209350586,3.3478245735168457,5.145062446594238
2.930105209350586,3.3478245735168457,5.145062446594238
2.931671142578125,3.34956431388855,5.145731449127197
2.932162284851074,3.350492477416992,5.147213935852051
2.932162284851074,3.350492477416992,5.147213935852051
2.932647228240967,3.351011037826538,5.147279739379883
2.9337260723114014,3.3515830039978027,5.147461891174316
2.9337260723114014,3.3515830039978027,5.147461891174316
2.93487548828125,3.3534228801727295,5.149535655975342
2.9358325004577637,3.3544201850891113,5.149224758148193
2.9358325004577637,3.3544201850891113,5.149224758148193
2.9368443489074707,3.355257034301758,5.149407863616943
2.937964677810669,3.3567018508911133,5.150819301605225
2.9399726390838623,3.358888626098633,5.1526570320129395
2.9399726390838623,3.358888626098633,5.1526570320129395
2.9423248767852783,3.3610079288482666,5.154041767120361
2.944441795349121,3.3634698390960693,5.155755996704102
2.944441795349121,3.3634698390960693,5.155755996704102
2.9462802410125732,3.3646609783172607,5.157124042510986
2.9473445415496826,3.365152359008789,5.1572489738464355
2.9473445415496826,3.365152359008789,5.1572489738464355
2.948432445526123,3.3663201332092285,5.1582159996032715
2.9495697021484375,3.3682963848114014,5.1611175537109375
2.9495697021484375,3.3682963848114014,5.1611175537109375
2.951770305633545,3.369248151779175,5.1605610847473145
2.9538285732269287,3.3707008361816406,5.161751747131348
2.9538285732269287,3.3707008361816406,5.161751747131348
2.9551963806152344,3.3730313777923584,5.164501667022705
2.958958625793457,3.3755335807800293,5.164621353149414
2.958958625793457,3.3755335807800293,5.164621353149414
2.960111618041992,3.376566171646118,5.1656622886657715
2.9604313373565674,3.3780834674835205,5.16740608215332
2.9604313373565674,3.3780834674835205,5.16740608215332
2.9595651626586914,3.376786947250366,5.166446685791016
2.957885980606079,3.3756089210510254,5.167141914367676
2.957179546356201,3.3757333755493164,5.167482376098633
2.957179546356201,3.3757333755493164,5.167482376098633
2.9584593772888184,3.376085042953491,5.168461799621582
2.961742401123047,3.3767483234405518,5.168167591094971
2.961742401123047,3.3767483234405518,5.168167591094971
2.963906764984131,3.379067897796631,5.169783115386963
2.9635729789733887,3.3815300464630127,5.173332691192627
2.9635729789733887,3.3815300464630127,5.173332691192627
2.9651498794555664,3.381880760192871,5.172028541564941
2.9663193225860596,3.382272720336914,5.172850131988525
2.9663193225860596,3.382272720336914,5.172850131988525
2.9666900634765625,3.3850622177124023,5.176258087158203
2.967697858810425,3.387645721435547,5.178583145141602
2.967697858810425,3.387645721435547,5.178583145141602
2.971597909927368,3.3914592266082764,5.180826663970947
2.9744796752929688,3.394352436065674,5.182618141174316
2.9744796752929688,3.394352436065674,5.182618141174316
2.975188970565796,3.395509958267212,5.184312343597412
2.976101875305176,3.3962454795837402,5.183053970336914
2.976101875305176,3.3962454795837402,5.183053970336914
2.977034091949463,3.396488904953003,5.183080673217773
2.9780147075653076,3.3974692821502686,5.18472957611084
2.9780147075653076,3.3974692821502686,5.18472957611084
2.9788174629211426,3.398618698120117,5.185013294219971
2.9804840087890625,3.399702310562134,5.184410572052002
2.9804840087890625,3.399702310562134,5.184410572052002
2.9828336238861084,3.4005181789398193,5.185433387756348
2.9863946437835693,3.403844118118286,5.188784122467041
2.9887373447418213,3.4069783687591553,5.1915669441223145
2.9887373447418213,3.4069783687591553,5.1915669441223145
2.9905405044555664,3.4089412689208984,5.193133354187012
2.992180585861206,3.409590005874634,5.191880702972412
2.992180585861206,3.409590005874634,5.191880702972412
2.9922635555267334,3.4100558757781982,5.192765712738037
2.9904935359954834,3.4096646308898926,5.193028926849365
2.9904935359954834,3.4096646308898926,5.193028926849365
2.990002155303955,3.407877206802368,5.19200325012207
2.9899771213531494,3.4060683250427246,5.192503929138184
2.9899771213531494,3.4060683250427246,5.192503929138184
2.989266872406006,3.4038639068603516,5.1924357414245605
