x,y,z
1.9808320999145508,2.636906385421753,3.4028141498565674
1.980654239654541,2.6377158164978027,3.402157783508301
1.9839016199111938,2.638343095779419,3.402735471725464
1.9839016199111938,2.638343095779419,3.402735471725464
1.9906082153320312,2.640305995941162,3.4032626152038574
1.9906082153320312,2.640305995941162,3.4032626152038574
1.9927245378494263,2.642055034637451,3.401514768600464
1.9984043836593628,2.6429734230041504,3.4022107124328613
1.9984043836593628,2.6429734230041504,3.4022107124328613
1.998964786529541,2.644355297088623,3.4003868103027344
1.998964786529541,2.644355297088623,3.4003868103027344
2.0016140937805176,2.6452009677886963,3.4001569747924805
2.000298023223877,2.6458098888397217,3.3992087841033936
2.000298023223877,2.6458098888397217,3.3992087841033936
2.0014684200286865,2.6458845138549805,3.399631977081299
2.0014684200286865,2.6458845138549805,3.399631977081299
2.0008630752563477,2.646611213684082,3.3976454734802246
2.00447416305542,2.647352457046509,3.396195650100708
2.00447416305542,2.647352457046509,3.396195650100708
1.9985268115997314,2.6463801860809326,3.393763542175293
1.9965492486953735,2.645158052444458,3.3922455310821533
1.9890820980072021,2.6440956592559814,3.391136407852173
1.9890820980072021,2.6440956592559814,3.391136407852173
1.9959220886230469,2.6451942920684814,3.3934571743011475
1.9959220886230469,2.6451942920684814,3.3934571743011475
1.998075246810913,2.6471025943756104,3.3941116333007812
2.003373146057129,2.6485748291015625,3.395799398422241
2.003373146057129,2.6485748291015625,3.395799398422241
2.0014734268188477,2.6495442390441895,3.3944060802459717
2.0053746700286865,2.6511166095733643,3.392979860305786
2.0053746700286865,2.6511166095733643,3.392979860305786
2.0017917156219482,2.650561571121216,3.392638921737671
2.005394220352173,2.651636838912964,3.3936545848846436
2.005394220352173,2.651636838912964,3.3936545848846436
2.0045576095581055,2.652168035507202,3.3922271728515625
2.0048019886016846,2.652402877807617,3.391010046005249
2.0048019886016846,2.652402877807617,3.391010046005249
2.0013089179992676,2.6519815921783447,3.389528512954712
2.0034313201904297,2.650966167449951,3.3917183876037598
2.0034313201904297,2.650966167449951,3.3917183876037598
2.004077196121216,2.6508166790008545,3.392873525619507
2.0063278675079346,2.6512694358825684,3.394441604614258
2.0063278675079346,2.6512694358825684,3.394441604614258
2.0053625106811523,2.652001142501831,3.393491506576538
2.0106213092803955,2.6524293422698975,3.395151138305664
2.0106213092803955,2.6524293422698975,3.395151138305664
2.0071470737457275,2.6526668071746826,3.393784284591675
2.0086302757263184,2.65325927734375,3.3928627967834473
2.0086302757263184,2.65325927734375,3.3928627967834473
2.007402181625366,2.654223918914795,3.3911173343658447
2.0101981163024902,2.6549251079559326,3.3925845623016357
2.0124635696411133,2.655709743499756,3.3935794830322266
2.0124635696411133,2.655709743499756,3.3935794830322266
2.012307643890381,2.656264305114746,3.393334150314331
2.013370990753174,2.65689754486084,3.3928539752960205
2.013370990753174,2.65689754486084,3.3928539752960205
2.0115795135498047,2.657705783843994,3.391136646270752
2.011411666870117,2.657057523727417,3.391554832458496
2.011411666870117,2.657057523727417,3.391554832458496
2.0096774101257324,2.6566009521484375,3.392878770828247
2.0096774101257324,2.6566009521484375,3.392878770828247
2.0095393657684326,2.6563899517059326,3.393618106842041
2.007624864578247,2.6558785438537598,3.3930516242980957
2.007624864578247,2.6558785438537598,3.3930516242980957
2.0081467628479004,2.655686855316162,3.3928062915802
2.009082555770874,2.6554782390594482,3.3931188583374023
2.0083529949188232,2.6558194160461426,3.393341302871704
2.0083529949188232,2.6558194160461426,3.393341302871704
2.0112979412078857,2.6565780639648438,3.3943684101104736
2.0129971504211426,2.6577725410461426,3.395076036453247
2.0129971504211426,2.6577725410461426,3.395076036453247
2.0143420696258545,2.6586380004882812,3.395233631134033
2.0174474716186523,2.6592295169830322,3.3948562145233154
2.0174474716186523,2.6592295169830322,3.3948562145233154
2.016953468322754,2.660222053527832,3.3929860591888428
2.014981269836426,2.6603262424468994,3.39163875579834
2.014981269836426,2.6603262424468994,3.39163875579834
2.0167396068573,2.6598894596099854,3.393040418624878
2.0153086185455322,2.659853935241699,3.393021821975708
2.0173985958099365,2.659672498703003,3.3957903385162354
2.0164947509765625,2.6600069999694824,3.3953287601470947
2.0164947509765625,2.6600069999694824,3.3953287601470947
2.017937660217285,2.6602466106414795,3.395656108856201
2.017937660217285,2.6602466106414795,3.395656108856201
2.0174150466918945,2.661245346069336,3.393561840057373
2.0175299644470215,2.661564826965332,3.3930509090423584
2.0177438259124756,2.661242961883545,3.394193410873413
2.0177438259124756,2.661242961883545,3.394193410873413
2.021111011505127,2.661547899246216,3.396883964538574
2.0235979557037354,2.662583112716675,3.3974056243896484
2.0235979557037354,2.662583112716675,3.3974056243896484
2.025726556777954,2.6631243228912354,3.3983731269836426
2.0268714427948,2.663285970687866,3.3990700244903564
2.0268714427948,2.663285970687866,3.3990700244903564
2.026380777359009,2.6630594730377197,3.399000406265259
2.027463436126709,2.663318157196045,3.3985774517059326
2.0267345905303955,2.6636743545532227,3.3976049423217773
2.0267345905303955,2.6636743545532227,3.3976049423217773
2.0290915966033936,2.663486957550049,3.3996286392211914
2.0290915966033936,2.663486957550049,3.3996286392211914
2.0309319496154785,2.6638545989990234,3.4011783599853516
2.034909725189209,2.6646487712860107,3.4030990600585938
2.034909725189209,2.6646487712860107,3.4030990600585938
2.0350303649902344,2.664666175842285,3.4031505584716797
2.036092519760132,2.6648168563842773,3.403418779373169
2.036092519760132,2.6648168563842773,3.403418779373169
2.0355758666992188,2.664997100830078,3.4031426906585693
2.037440299987793,2.6654272079467773,3.4032182693481445
2.037440299987793,2.6654272079467773,3.4032182693481445
2.038524627685547,2.665792226791382,3.40344500541687
2.038524627685547,2.665792226791382,3.40344500541687
2.040207862854004,2.6658408641815186,3.4046435356140137
2.0411365032196045,2.66636061668396,3.404895544052124
2.0411365032196045,2.66636061668396,3.404895544052124
2.0418663024902344,2.666862964630127,3.4049878120422363
2.0418663024902344,2.666862964630127,3.4049878120422363
2.0416603088378906,2.6673054695129395,3.404174327850342
2.043707847595215,2.667611837387085,3.405745029449463
2.043707847595215,2.667611837387085,3.405745029449463
2.04543399810791,2.6687819957733154,3.4061026573181152
2.0472190380096436,2.669588565826416,3.406135082244873
2.048445224761963,2.6700503826141357,3.4060614109039307
2.048445224761963,2.6700503826141357,3.4060614109039307
2.04691219329834,2.669874668121338,3.4056973457336426
2.04691219329834,2.669874668121338,3.4056973457336426
2.0462770462036133,2.6693098545074463,3.405430316925049
2.0449676513671875,2.6693692207336426,3.4045348167419434
2.0449676513671875,2.6693692207336426,3.4045348167419434
2.0466904640197754,2.6695985794067383,3.4052553176879883
2.0475807189941406,2.6704940795898438,3.4055209159851074
2.0475807189941406,2.6704940795898438,3.4055209159851074
2.048307418823242,2.670846700668335,3.4055168628692627
2.0480785369873047,2.6706554889678955,3.4056174755096436
2.0475404262542725,2.6712327003479004,3.405168294906616
2.0475404262542725,2.6712327003479004,3.405168294906616
2.0499370098114014,2.6720528602600098,3.4057650566101074
2.0527184009552,2.6730387210845947,3.407588481903076
2.0527184009552,2.6730387210845947,3.407588481903076
2.0554919242858887,2.673798084259033,3.4093708992004395
2.058156728744507,2.674396276473999,3.4112443923950195
2.0588338375091553,2.6751558780670166,3.410860776901245
2.0588338375091553,2.6751558780670166,3.410860776901245
2.0600194931030273,2.6757562160491943,3.410688877105713
2.060695171356201,2.6758339405059814,3.4114553928375244
2.060695171356201,2.6758339405059814,3.4114553928375244
2.061211347579956,2.6758170127868652,3.4122731685638428
2.061211347579956,2.6758170127868652,3.4122731685638428
2.061898708343506,2.67600417137146,3.412912130355835
2.062133312225342,2.675977945327759,3.411383867263794
2.062133312225342,2.675977945327759,3.411383867263794
2.0596256256103516,2.6758008003234863,3.4092278480529785
2.0578343868255615,2.6748147010803223,3.4098238945007324
2.0578343868255615,2.6748147010803223,3.4098238945007324
2.0571746826171875,2.674433469772339,3.410029649734497
2.057110071182251,2.6744349002838135,3.4102272987365723
2.0588481426239014,2.675082206726074,3.4095327854156494
2.0588481426239014,2.675082206726074,3.4095327854156494
2.0592401027679443,2.675593614578247,3.4088292121887207
2.058807373046875,2.675530195236206,3.4090449810028076
2.058807373046875,2.675530195236206,3.4090449810028076
2.0591676235198975,2.676048755645752,3.40924072265625
2.0591676235198975,2.676048755645752,3.40924072265625
2.05968976020813,2.676440954208374,3.409804582595825
2.0614383220672607,2.6776938438415527,3.4083425998687744
2.0614383220672607,2.6776938438415527,3.4083425998687744
2.061976194381714,2.6777946949005127,3.4084508419036865
2.061976194381714,2.6777946949005127,3.4084508419036865
2.0617430210113525,2.6777396202087402,3.4084630012512207
2.063825845718384,2.6781702041625977,3.4094393253326416
2.063825845718384,2.6781702041625977,3.4094393253326416
2.06390380859375,2.6785762310028076,3.40993070602417
2.06390380859375,2.6785762310028076,3.40993070602417
2.06571364402771,2.6789462566375732,3.410397529602051
2.0646450519561768,2.6788182258605957,3.4096100330352783
2.0646450519561768,2.6788182258605957,3.4096100330352783
2.0631375312805176,2.6781764030456543,3.409518241882324
2.06265926361084,2.6777102947235107,3.409926652908325
2.06265926361084,2.6777102947235107,3.409926652908325
2.061399221420288,2.6769864559173584,3.410620927810669
2.060398817062378,2.6762592792510986,3.410635232925415
2.0589189529418945,2.6758453845977783,3.410459280014038
2.0589189529418945,2.6758453845977783,3.410459280014038
2.059093952178955,2.675837993621826,3.410403251647949
2.059994697570801,2.6762404441833496,3.410357713699341
2.059994697570801,2.6762404441833496,3.410357713699341
2.062300205230713,2.6768381595611572,3.4108829498291016
2.0588765144348145,2.676307201385498,3.4095897674560547
2.0588765144348145,2.676307201385498,3.4095897674560547
2.0555543899536133,2.6748292446136475,3.4088385105133057
2.0555543899536133,2.6748292446136475,3.4088385105133057
2.053581476211548,2.6742405891418457,3.40763783454895
2.053581476211548,2.6742405891418457,3.40763783454895
2.054741382598877,2.674806594848633,3.408890962600708
2.0557291507720947,2.6756398677825928,3.40954852104187
2.0557291507720947,2.6756398677825928,3.40954852104187
2.0577874183654785,2.6761133670806885,3.410738945007324
2.0580320358276367,2.6774230003356934,3.4086496829986572
2.0580320358276367,2.6774230003356934,3.4086496829986572
2.058310031890869,2.677760124206543,3.4082412719726562
2.059616804122925,2.6776537895202637,3.4096617698669434
2.059616804122925,2.6776537895202637,3.4096617698669434
2.0595436096191406,2.6780242919921875,3.4104809761047363
2.0614187717437744,2.6780920028686523,3.4130442142486572
2.0614187717437744,2.6780920028686523,3.4130442142486572
2.0612597465515137,2.6787781715393066,3.4128003120422363
2.063325881958008,2.679331064224243,3.4139249324798584
2.0630788803100586,2.679649591445923,3.4137306213378906
2.0630788803100586,2.679649591445923,3.4137306213378906
2.0647366046905518,2.679743766784668,3.4140303134918213
2.066148519515991,2.679887533187866,3.4152965545654297
2.066554307937622,2.680175542831421,3.415391683578491
2.066554307937622,2.680175542831421,3.415391683578491
2.0676727294921875,2.6804168224334717,3.415768623352051
2.068185567855835,2.680656671524048,3.4151713848114014
2.068185567855835,2.680656671524048,3.4151713848114014
2.0685198307037354,2.6807241439819336,3.415377616882324
2.069575071334839,2.680535316467285,3.4164202213287354
2.069575071334839,2.680535316467285,3.4164202213287354
2.070518732070923,2.6802144050598145,3.4181597232818604
2.070518732070923,2.6802144050598145,3.4181597232818604
2.070788860321045,2.680412530899048,3.4184091091156006
2.0714569091796875,2.679918050765991,3.4197189807891846
2.0714569091796875,2.679918050765991,3.4197189807891846
2.0700607299804688,2.679760217666626,3.4188361167907715
2.069685935974121,2.679650068283081,3.4177615642547607
2.0706772804260254,2.6797282695770264,3.4178452491760254
2.0706772804260254,2.6797282695770264,3.4178452491760254
2.0707926750183105,2.6799495220184326,3.4177815914154053
2.0707926750183105,2.6799495220184326,3.4177815914154053
2.0724833011627197,2.680034637451172,3.4189453125
2.0721328258514404,2.680112838745117,3.418792724609375
2.071880340576172,2.6801185607910156,3.4186818599700928
2.071880340576172,2.6801185607910156,3.4186818599700928
2.0734024047851562,2.6812098026275635,3.4170429706573486
2.0734024047851562,2.6812098026275635,3.4170429706573486
2.0729427337646484,2.6813836097717285,3.4176480770111084
2.0729427337646484,2.6813836097717285,3.4176480770111084
2.0751702785491943,2.6817119121551514,3.4193503856658936
2.0739285945892334,2.681617021560669,3.4198384284973145
2.0750248432159424,2.682603120803833,3.419720411300659
2.0750248432159424,2.682603120803833,3.419720411300659
2.073848009109497,2.683134078979492,3.4175431728363037
2.0754873752593994,2.6832470893859863,3.4180808067321777
2.0754873752593994,2.6832470893859863,3.4180808067321777
2.075695753097534,2.683217763900757,3.418085813522339
2.076019287109375,2.682878017425537,3.4188010692596436
2.077134847640991,2.6830978393554688,3.4189445972442627
2.077134847640991,2.6830978393554688,3.4189445972442627
2.076448440551758,2.6833155155181885,3.418590545654297
2.0775856971740723,2.683431386947632,3.4191431999206543
2.0767550468444824,2.6835153102874756,3.4185738563537598
2.0767550468444824,2.6835153102874756,3.4185738563537598
2.077791690826416,2.6838583946228027,3.418544292449951
2.077803134918213,2.684715509414673,3.417621374130249
2.077803134918213,2.684715509414673,3.417621374130249
2.079840660095215,2.685133934020996,3.4180517196655273
2.079840660095215,2.685133934020996,3.4180517196655273
2.077423334121704,2.6844382286071777,3.418487310409546
2.0781376361846924,2.684467077255249,3.4186646938323975
2.0786831378936768,2.6851816177368164,3.4175398349761963
2.0791940689086914,2.685302972793579,3.417513608932495
2.0791940689086914,2.685302972793579,3.417513608932495
2.0802676677703857,2.6855907440185547,3.4178688526153564
2.0802676677703857,2.6855907440185547,3.4178688526153564
2.0814507007598877,2.685983657836914,3.4189419746398926
2.081876277923584,2.686220407485962,3.4191391468048096
2.081861734390259,2.6865246295928955,3.4190142154693604
2.081861734390259,2.6865246295928955,3.4190142154693604
2.0841522216796875,2.687654495239258,3.4192605018615723
2.085953950881958,2.6887247562408447,3.419045925140381
2.086488962173462,2.6887271404266357,3.419588804244995
2.086488962173462,2.6887271404266357,3.419588804244995
2.0859436988830566,2.688768148422241,3.4190311431884766
2.08616042137146,2.6889543533325195,3.4184632301330566
2.08616042137146,2.6889543533325195,3.4184632301330566
2.0869507789611816,2.6894779205322266,3.4186549186706543
2.0869507789611816,2.6894779205322266,3.4186549186706543
2.090125560760498,2.6903843879699707,3.419919490814209
2.090092420578003,2.6904749870300293,3.4208972454071045
2.090092420578003,2.6904749870300293,3.4208972454071045
2.09232759475708,2.6910247802734375,3.4212934970855713
2.09232759475708,2.6910247802734375,3.4212934970855713
2.0914649963378906,2.691439151763916,3.4196131229400635
2.092670440673828,2.6915204524993896,3.4200079441070557
2.092670440673828,2.6915204524993896,3.4200079441070557
2.0938546657562256,2.6918094158172607,3.4207072257995605
2.0940356254577637,2.691993236541748,3.4207353591918945
2.0940356254577637,2.691993236541748,3.4207353591918945
2.0934386253356934,2.6921446323394775,3.4197611808776855
2.0934386253356934,2.6921446323394775,3.4197611808776855
2.0924651622772217,2.691591262817383,3.419668674468994
2.0926473140716553,2.6919639110565186,3.4191946983337402
2.0926473140716553,2.6919639110565186,3.4191946983337402
2.0942718982696533,2.692176103591919,3.420785665512085
2.095700740814209,2.692305564880371,3.4224894046783447
2.095841407775879,2.692314624786377,3.422464609146118
2.095841407775879,2.692314624786377,3.422464609146118
2.0945236682891846,2.6918251514434814,3.4218900203704834
2.0934298038482666,2.691474437713623,3.4215147495269775
2.0934298038482666,2.691474437713623,3.4215147495269775
2.0932247638702393,2.691086769104004,3.4227042198181152
2.093426465988159,2.6906979084014893,3.425173759460449
2.093426465988159,2.6906979084014893,3.425173759460449
2.0958142280578613,2.69136643409729,3.4265713691711426
2.0966556072235107,2.6915338039398193,3.4252970218658447
2.0960166454315186,2.691476821899414,3.4242665767669678
2.0960166454315186,2.691476821899414,3.4242665767669678
2.094437837600708,2.690617084503174,3.4241063594818115
2.0930731296539307,2.6901605129241943,3.4239187240600586
2.0930731296539307,2.6901605129241943,3.4239187240600586
2.093323230743408,2.690540075302124,3.4234273433685303
2.093323230743408,2.690540075302124,3.4234273433685303
2.093853235244751,2.691263198852539,3.422365427017212
2.092496633529663,2.6908159255981445,3.4211905002593994
2.092496633529663,2.6908159255981445,3.4211905002593994
2.0913076400756836,2.6901168823242188,3.421628713607788
2.0913076400756836,2.6901168823242188,3.421628713607788
2.093576431274414,2.6914148330688477,3.420715093612671
2.0953288078308105,2.6924946308135986,3.4199705123901367
2.0953288078308105,2.6924946308135986,3.4199705123901367
2.0944442749023438,2.692564010620117,3.418651580810547
2.0898029804229736,2.691624641418457,3.4162886142730713
2.0898029804229736,2.691624641418457,3.4162886142730713
2.0882833003997803,2.69079852104187,3.4161882400512695
2.0880508422851562,2.6907191276550293,3.4156296253204346
2.0896155834198,2.6915123462677,3.4162278175354004
2.0896155834198,2.6915123462677,3.4162278175354004
2.0930240154266357,2.6919498443603516,3.4189116954803467
2.0949978828430176,2.6931748390197754,3.419252395629883
2.0961408615112305,2.6936075687408447,3.419267177581787
2.0961408615112305,2.6936075687408447,3.419267177581787
2.0959677696228027,2.6937031745910645,3.4187705516815186
2.0959677696228027,2.6937031745910645,3.4187705516815186
2.096461296081543,2.693638801574707,3.4195761680603027
2.0974974632263184,2.6935672760009766,3.421205759048462
2.099696159362793,2.6945462226867676,3.4211606979370117
2.099696159362793,2.6945462226867676,3.4211606979370117
2.1016547679901123,2.695465087890625,3.4210236072540283
2.1053049564361572,2.696298360824585,3.4226791858673096
2.1053049564361572,2.696298360824585,3.4226791858673096
2.107158660888672,2.697396755218506,3.422821283340454
2.109391450881958,2.698723793029785,3.4231162071228027
2.109391450881958,2.698723793029785,3.4231162071228027
2.1105141639709473,2.6992244720458984,3.423048734664917
2.110438585281372,2.6998534202575684,3.422255754470825
2.1112685203552246,2.700428009033203,3.422468662261963
2.1112685203552246,2.700428009033203,3.422468662261963
2.110924482345581,2.701258659362793,3.421351432800293
2.112095594406128,2.7021639347076416,3.4200735092163086
2.112095594406128,2.7021639347076416,3.4200735092163086
2.1125595569610596,2.7021522521972656,3.420725107192993
2.113006591796875,2.702460289001465,3.4205119609832764
2.113006591796875,2.702460289001465,3.4205119609832764
2.112670421600342,2.702462673187256,3.4199845790863037
2.112670421600342,2.702462673187256,3.4199845790863037
2.112025499343872,2.7012674808502197,3.421776294708252
2.1128320693969727,2.700991630554199,3.4232823848724365
2.1128320693969727,2.700991630554199,3.4232823848724365
2.113804578781128,2.701392412185669,3.423657178878784
2.1148245334625244,2.7017030715942383,3.4237027168273926
2.1148245334625244,2.7017030715942383,3.4237027168273926
2.1153054237365723,2.701944351196289,3.4234931468963623
2.113886833190918,2.7015905380249023,3.4231841564178467
2.1143605709075928,2.701714277267456,3.4233756065368652
2.1143605709075928,2.701714277267456,3.4233756065368652
2.115015745162964,2.701451063156128,3.4248485565185547
2.1146037578582764,2.701902151107788,3.424569606781006
2.1146037578582764,2.701902151107788,3.424569606781006
2.1139297485351562,2.701826572418213,3.4237537384033203
2.1139297485351562,2.701826572418213,3.4237537384033203
2.112112283706665,2.701632499694824,3.42289662361145
2.112166404724121,2.7014899253845215,3.422731399536133
2.112166404724121,2.7014899253845215,3.422731399536133
2.112445592880249,2.7016873359680176,3.422595262527466
2.1119985580444336,2.7018063068389893,3.4216115474700928
2.1119985580444336,2.7018063068389893,3.4216115474700928
2.112255811691284,2.702256441116333,3.4205822944641113
2.111236572265625,2.701878309249878,3.420701026916504
2.1114706993103027,2.7023098468780518,3.419725179672241
2.1114706993103027,2.7023098468780518,3.419725179672241
2.1111836433410645,2.7027320861816406,3.4184346199035645
2.111368179321289,2.7028634548187256,3.4182496070861816
2.111368179321289,2.7028634548187256,3.4182496070861816
2.11094069480896,2.702744483947754,3.4186458587646484
2.11094069480896,2.702744483947754,3.4186458587646484
2.1117656230926514,2.703341245651245,3.4184021949768066
2.1117656230926514,2.703341245651245,3.4184021949768066
2.11429762840271,2.704531669616699,3.418023109436035
2.114806890487671,2.7048678398132324,3.4186325073242188
2.114806890487671,2.7048678398132324,3.4186325073242188
2.1170246601104736,2.7051987648010254,3.4198596477508545
2.1175830364227295,2.7061002254486084,3.418466091156006
2.1175830364227295,2.7061002254486084,3.418466091156006
2.1189870834350586,2.7063305377960205,3.418292999267578
2.1185355186462402,2.7064435482025146,3.417693853378296
2.1185355186462402,2.7064435482025146,3.417693853378296
2.11869740486145,2.7065536975860596,3.4175236225128174
2.1187212467193604,2.706860065460205,3.4166502952575684
2.1187212467193604,2.706860065460205,3.4166502952575684
2.121168375015259,2.707573890686035,3.4167418479919434
2.121168375015259,2.707573890686035,3.4167418479919434
2.1213338375091553,2.7079660892486572,3.4163687229156494
2.1249074935913086,2.70953369140625,3.4166500568389893
2.1249074935913086,2.70953369140625,3.4166500568389893
2.1264407634735107,2.7107789516448975,3.416275978088379
2.1264407634735107,2.7107789516448975,3.416275978088379
2.1282732486724854,2.7119436264038086,3.4165802001953125
2.1296660900115967,2.712423086166382,3.4171335697174072
2.1296660900115967,2.712423086166382,3.4171335697174072
2.130291700363159,2.712937355041504,3.417278289794922
2.1297457218170166,2.7134511470794678,3.4166626930236816
2.1300337314605713,2.713651418685913,3.4164414405822754
2.1300337314605713,2.713651418685913,3.4164414405822754
2.1299314498901367,2.713881254196167,3.4168028831481934
2.131760358810425,2.713890790939331,3.418264150619507
2.131760358810425,2.713890790939331,3.418264150619507
2.132629632949829,2.714493751525879,3.4180638790130615
2.131890296936035,2.7138354778289795,3.4182322025299072
2.131890296936035,2.7138354778289795,3.4182322025299072
2.1309902667999268,2.713205575942993,3.418412446975708
2.129420042037964,2.712421417236328,3.4189398288726807
2.129420042037964,2.712421417236328,3.4189398288726807
2.129150629043579,2.711963653564453,3.419003486633301
2.1299116611480713,2.712610960006714,3.4186599254608154
2.131779909133911,2.712618350982666,3.4195051193237305
2.131779909133911,2.712618350982666,3.4195051193237305
2.1315371990203857,2.71250581741333,3.419905424118042
2.1302366256713867,2.712029218673706,3.41963791847229
2.1302366256713867,2.712029218673706,3.41963791847229
2.129302740097046,2.7119038105010986,3.4182510375976562
2.1294102668762207,2.7120625972747803,3.4178526401519775
2.130788803100586,2.7122230529785156,3.4193851947784424
2.130788803100586,2.7122230529785156,3.4193851947784424
2.1320834159851074,2.7124242782592773,3.420715093612671
2.1323513984680176,2.7129249572753906,3.4200127124786377
2.1323513984680176,2.7129249572753906,3.4200127124786377
2.1315054893493652,2.7127764225006104,3.419066905975342
2.1304409503936768,2.712097406387329,3.4188292026519775
2.1299731731414795,2.712449550628662,3.4183990955352783
2.1299731731414795,2.712449550628662,3.4183990955352783
2.131507158279419,2.7128117084503174,3.4196712970733643
2.131916046142578,2.7136611938476562,3.419302463531494
2.1340510845184326,2.7149555683135986,3.4185545444488525
2.1340510845184326,2.7149555683135986,3.4185545444488525
2.134596586227417,2.7155821323394775,3.4175140857696533
2.134596586227417,2.7155821323394775,3.4175140857696533
2.1340677738189697,2.715780019760132,3.4173271656036377
2.130263566970825,2.7140536308288574,3.4179463386535645
2.1277966499328613,2.7133946418762207,3.4165072441101074
2.1277966499328613,2.7133946418762207,3.4165072441101074
2.127563953399658,2.7134244441986084,3.4156641960144043
2.129209041595459,2.7146806716918945,3.4146955013275146
2.129209041595459,2.7146806716918945,3.4146955013275146
2.1314165592193604,2.7156593799591064,3.4160425662994385
2.1336116790771484,2.7164316177368164,3.4175825119018555
2.135556936264038,2.717041015625,3.4187614917755127
2.135556936264038,2.717041015625,3.4187614917755127
2.1361472606658936,2.7174391746520996,3.4186766147613525
2.1360018253326416,2.716820001602173,3.4191818237304688
2.1360018253326416,2.716820001602173,3.4191818237304688
2.134904384613037,2.7161648273468018,3.419743776321411
2.134904384613037,2.7161648273468018,3.419743776321411
2.1353600025177,2.716123342514038,3.4196228981018066
2.1350302696228027,2.7164814472198486,3.418691396713257
2.1350302696228027,2.7164814472198486,3.418691396713257
2.1349241733551025,2.716792106628418,3.4191701412200928
2.133648633956909,2.7162857055664062,3.419034004211426
2.133648633956909,2.7162857055664062,3.419034004211426
2.1331794261932373,2.7157645225524902,3.419086217880249
2.1324963569641113,2.715357780456543,3.419525384902954
2.1324963569641113,2.715357780456543,3.419525384902954
2.1316630840301514,2.714665651321411,3.42075252532959
2.1315393447875977,2.7147769927978516,3.4208264350891113
2.1315393447875977,2.7147769927978516,3.4208264350891113
2.13228440284729,2.7146260738372803,3.4208645820617676
2.13228440284729,2.7146260738372803,3.4208645820617676
2.1337404251098633,2.714747905731201,3.421337366104126
2.134373903274536,2.714895248413086,3.421393394470215
2.134373903274536,2.714895248413086,3.421393394470215
2.135298252105713,2.715210437774658,3.4201927185058594
2.135298252105713,2.715210437774658,3.4201927185058594
2.134880304336548,2.7153685092926025,3.4184324741363525
2.1351799964904785,2.714815378189087,3.419083595275879
2.1351799964904785,2.714815378189087,3.419083595275879
2.136767864227295,2.715209722518921,3.419283866882324
2.136767864227295,2.715209722518921,3.419283866882324
2.1380302906036377,2.7157232761383057,3.4191954135894775
2.139615058898926,2.7167603969573975,3.418198585510254
2.139615058898926,2.7167603969573975,3.418198585510254
2.139495611190796,2.7171006202697754,3.4182212352752686
2.139495611190796,2.7171006202697754,3.4182212352752686
2.1387438774108887,2.717031955718994,3.418658494949341
2.139416217803955,2.7177786827087402,3.4181549549102783
2.139416217803955,2.7177786827087402,3.4181549549102783
2.140843152999878,2.7188103199005127,3.417088031768799
2.140866279602051,2.719294786453247,3.4161548614501953
2.140866279602051,2.719294786453247,3.4161548614501953
2.140284538269043,2.7191884517669678,3.416273832321167
2.139885663986206,2.719363212585449,3.41568660736084
2.1406924724578857,2.7200472354888916,3.415252208709717
2.1406924724578857,2.7200472354888916,3.415252208709717
2.142153263092041,2.71992826461792,3.417052984237671
2.1438803672790527,2.7202978134155273,3.418013095855713
2.1438803672790527,2.7202978134155273,3.418013095855713
2.1462483406066895,2.7211601734161377,3.4183220863342285
2.146373987197876,2.721466302871704,3.4178378582000732
2.146373987197876,2.721466302871704,3.4178378582000732
2.146575927734375,2.7214550971984863,3.4176604747772217
2.146016836166382,2.7216248512268066,3.4179835319519043
2.1456475257873535,2.7214581966400146,3.418715238571167
2.1456475257873535,2.7214581966400146,3.418715238571167
2.146552801132202,2.722695827484131,3.4169864654541016
2.146552801132202,2.722695827484131,3.4169864654541016
2.1478939056396484,2.7231247425079346,3.417695999145508
2.149122953414917,2.7230775356292725,3.4195969104766846
2.1489107608795166,2.7230279445648193,3.4191150665283203
2.1489107608795166,2.7230279445648193,3.4191150665283203
2.1482536792755127,2.7230477333068848,3.4175477027893066
2.1494014263153076,2.7234013080596924,3.4166481494903564
2.1494014263153076,2.7234013080596924,3.4166481494903564
2.1495091915130615,2.723412036895752,3.417072296142578
2.1505870819091797,2.7231943607330322,3.4192183017730713
2.1505870819091797,2.7231943607330322,3.4192183017730713
2.1518824100494385,2.7239341735839844,3.418541669845581
2.1538121700286865,2.724888801574707,3.4184038639068604
2.1538121700286865,2.724888801574707,3.4184038639068604
2.1540327072143555,2.7252352237701416,3.418517827987671
2.155451536178589,2.7251899242401123,3.420374631881714
2.155451536178589,2.7251899242401123,3.420374631881714
2.155848741531372,2.725342273712158,3.4212756156921387
2.159059524536133,2.7262678146362305,3.4233334064483643
2.159059524536133,2.7262678146362305,3.4233334064483643
2.1607725620269775,2.726670265197754,3.423959732055664
2.1607725620269775,2.726670265197754,3.423959732055664
2.1621501445770264,2.7268905639648438,3.4247963428497314
2.161708116531372,2.7268104553222656,3.4248149394989014
2.161708116531372,2.7268104553222656,3.4248149394989014
2.162221908569336,2.727072238922119,3.4250473976135254
2.1623706817626953,2.727217197418213,3.4255306720733643
2.1642744541168213,2.728168249130249,3.4263131618499756
2.1642744541168213,2.728168249130249,3.4263131618499756
2.1645267009735107,2.727999448776245,3.4270336627960205
2.1645267009735107,2.727999448776245,3.4270336627960205
2.1637113094329834,2.7267861366271973,3.4280855655670166
2.163461923599243,2.726393699645996,3.4271833896636963
2.163461923599243,2.726393699645996,3.4271833896636963
2.1625888347625732,2.7260780334472656,3.4266464710235596
2.1616337299346924,2.7255263328552246,3.426793336868286
2.1616337299346924,2.7255263328552246,3.426793336868286
2.160630464553833,2.725144863128662,3.426846742630005
2.1596996784210205,2.7250046730041504,3.426365375518799
2.1596996784210205,2.7250046730041504,3.426365375518799
2.1591925621032715,2.7254698276519775,3.4249370098114014
2.158414125442505,2.725938081741333,3.4241411685943604
2.158414125442505,2.725938081741333,3.4241411685943604
2.157421827316284,2.7257027626037598,3.4242451190948486
2.157421827316284,2.7257027626037598,3.4242451190948486
2.1569788455963135,2.7259888648986816,3.4240193367004395
2.1580440998077393,2.7267799377441406,3.423579692840576
2.1588573455810547,2.727372169494629,3.4231784343719482
2.1588573455810547,2.727372169494629,3.4231784343719482
2.1590514183044434,2.7280898094177246,3.4229226112365723
2.1603286266326904,2.7286782264709473,3.4233462810516357
2.1603286266326904,2.7286782264709473,3.4233462810516357
2.16039776802063,2.7286863327026367,3.4235754013061523
2.159972667694092,2.728489398956299,3.4235997200012207
2.159972667694092,2.728489398956299,3.4235997200012207
2.1602416038513184,2.728945732116699,3.422271490097046
2.159684181213379,2.728285312652588,3.4220073223114014
2.158980369567871,2.727952480316162,3.4219272136688232
2.158980369567871,2.727952480316162,3.4219272136688232
2.1580111980438232,2.7274277210235596,3.422437906265259
2.1595468521118164,2.727672576904297,3.4233763217926025
2.1595468521118164,2.727672576904297,3.4233763217926025
2.160257577896118,2.7283527851104736,3.4228687286376953
2.160257577896118,2.7283527851104736,3.4228687286376953
2.1606028079986572,2.728111743927002,3.422628879547119
2.1592307090759277,2.7272701263427734,3.4226720333099365
2.1592307090759277,2.7272701263427734,3.4226720333099365
2.158139944076538,2.7268123626708984,3.422452449798584
2.158139944076538,2.7268123626708984,3.422452449798584
2.158249855041504,2.7262511253356934,3.422349452972412
2.158249855041504,2.7262511253356934,3.422349452972412
2.1584558486938477,2.726198196411133,3.4223740100860596
2.1594979763031006,2.7263033390045166,3.422974109649658
2.1594979763031006,2.7263033390045166,3.422974109649658
2.159888982772827,2.726264715194702,3.4235117435455322
2.160606861114502,2.7272074222564697,3.4227776527404785
2.160606861114502,2.7272074222564697,3.4227776527404785
2.1604840755462646,2.727421998977661,3.4224579334259033
2.1604840755462646,2.727421998977661,3.4224579334259033
2.1615991592407227,2.7273664474487305,3.423478364944458
2.161609649658203,2.7269201278686523,3.4252493381500244
2.161609649658203,2.7269201278686523,3.4252493381500244
2.1620702743530273,2.726581335067749,3.4263854026794434
2.1620702743530273,2.726581335067749,3.4263854026794434
2.161574125289917,2.7265830039978027,3.4255940914154053
2.161698818206787,2.726184129714966,3.4260733127593994
2.161698818206787,2.726184129714966,3.4260733127593994
2.161486864089966,2.726020336151123,3.4266772270202637
2.1618528366088867,2.726043462753296,3.427478790283203
2.1618528366088867,2.726043462753296,3.427478790283203
2.1636979579925537,2.7273452281951904,3.4270856380462646
2.164289951324463,2.7274928092956543,3.427394390106201
2.164289951324463,2.7274928092956543,3.427394390106201
2.1647748947143555,2.7278318405151367,3.4275453090667725
2.166102886199951,2.729156732559204,3.4267282485961914
2.16591215133667,2.729631185531616,3.426398277282715
2.16591215133667,2.729631185531616,3.426398277282715
2.1667373180389404,2.7304770946502686,3.4252688884735107
2.1663670539855957,2.7306766510009766,3.424868583679199
2.1663670539855957,2.7306766510009766,3.424868583679199
2.167011022567749,2.73056697845459,3.425734043121338
2.167011022567749,2.73056697845459,3.425734043121338
2.167369842529297,2.730682849884033,3.425910234451294
2.1685760021209717,2.7312045097351074,3.4260995388031006
2.169548511505127,2.731802463531494,3.425248622894287
2.1703155040740967,2.7321431636810303,3.424712896347046
2.1703155040740967,2.7321431636810303,3.424712896347046
2.1679842472076416,2.7315664291381836,3.4230129718780518
2.167055130004883,2.7306222915649414,3.423865556716919
2.167055130004883,2.7306222915649414,3.423865556716919
2.1670548915863037,2.7305264472961426,3.4242498874664307
2.1676950454711914,2.7307868003845215,3.424884080886841
2.1676950454711914,2.7307868003845215,3.424884080886841
2.16855525970459,2.730933427810669,3.42549729347229
2.16855525970459,2.730933427810669,3.42549729347229
2.1690802574157715,2.7310707569122314,3.425875425338745
2.168959379196167,2.730736255645752,3.4260456562042236
2.168959379196167,2.730736255645752,3.4260456562042236
2.168928623199463,2.730574131011963,3.4265592098236084
2.168928623199463,2.730574131011963,3.4265592098236084
2.1702651977539062,2.7314276695251465,3.4257380962371826
2.1721224784851074,2.732028007507324,3.425917863845825
2.1721224784851074,2.732028007507324,3.425917863845825
2.1736936569213867,2.7327942848205566,3.4263393878936768
2.1739957332611084,2.7327466011047363,3.4266340732574463
2.1739957332611084,2.7327466011047363,3.4266340732574463
2.1739559173583984,2.732609510421753,3.425999641418457
2.1739559173583984,2.732609510421753,3.425999641418457
2.174774646759033,2.732746124267578,3.4260094165802
2.174774646759033,2.732746124267578,3.4260094165802
2.1755528450012207,2.7326900959014893,3.426905632019043
2.1752710342407227,2.7330455780029297,3.4264678955078125
2.1752796173095703,2.7333078384399414,3.4259209632873535
2.1752796173095703,2.7333078384399414,3.4259209632873535
2.1735618114471436,2.734055519104004,3.423654556274414
2.1736795902252197,2.7345051765441895,3.423278570175171
2.1736795902252197,2.7345051765441895,3.423278570175171
2.172948122024536,2.7350013256073,3.4225237369537354
2.172948122024536,2.7350013256073,3.4225237369537354
2.1731667518615723,2.7351176738739014,3.423137903213501
2.1721882820129395,2.7345824241638184,3.423387289047241
2.1721882820129395,2.7345824241638184,3.423387289047241
2.1703450679779053,2.734135866165161,3.422232151031494
2.1703450679779053,2.734135866165161,3.422232151031494
2.1691055297851562,2.733798027038574,3.421808958053589
2.168484687805176,2.733260154724121,3.422996997833252
2.168484687805176,2.733260154724121,3.422996997833252
2.168503761291504,2.73297381401062,3.4240119457244873
2.168503761291504,2.73297381401062,3.4240119457244873
2.168241262435913,2.7333788871765137,3.423328161239624
2.1682701110839844,2.7328174114227295,3.424107789993286
2.1682701110839844,2.7328174114227295,3.424107789993286
2.167307138442993,2.731670379638672,3.4254980087280273
2.167307138442993,2.731670379638672,3.4254980087280273
2.1670117378234863,2.731166124343872,3.4267449378967285
2.1668765544891357,2.7312231063842773,3.427030563354492
2.1668765544891357,2.7312231063842773,3.427030563354492
2.1664540767669678,2.730862617492676,3.427732467651367
2.1664540767669678,2.730862617492676,3.427732467651367
2.1650679111480713,2.730539083480835,3.427743673324585
2.1637542247772217,2.7301127910614014,3.4274754524230957
2.1637542247772217,2.7301127910614014,3.4274754524230957
2.1637794971466064,2.730536460876465,3.4265148639678955
2.1637794971466064,2.730536460876465,3.4265148639678955
2.1653151512145996,2.731919527053833,3.4254510402679443
2.1647117137908936,2.731271505355835,3.426935911178589
2.1647117137908936,2.731271505355835,3.426935911178589
2.1633195877075195,2.7304842472076416,3.4268314838409424
2.1633195877075195,2.7304842472076416,3.4268314838409424
2.161750316619873,2.729703426361084,3.4261691570281982
2.1614365577697754,2.7295453548431396,3.425509452819824
2.1614365577697754,2.7295453548431396,3.425509452819824
2.163499593734741,2.7294576168060303,3.4279026985168457
2.163499593734741,2.7294576168060303,3.4279026985168457
2.1649112701416016,2.729764938354492,3.42889142036438
2.1664936542510986,2.730419158935547,3.429105043411255
2.1664936542510986,2.730419158935547,3.429105043411255
2.165900945663452,2.7305991649627686,3.4279348850250244
2.165900945663452,2.7305991649627686,3.4279348850250244
2.168442964553833,2.7315499782562256,3.428001642227173
2.1717867851257324,2.7326457500457764,3.4296629428863525
2.1717867851257324,2.7326457500457764,3.4296629428863525
2.174323797225952,2.733686923980713,3.4300851821899414
2.1763103008270264,2.7346956729888916,3.429755449295044
2.1767220497131348,2.7350378036499023,3.4287118911743164
2.1767220497131348,2.7350378036499023,3.4287118911743164
2.1760640144348145,2.73494029045105,3.4289770126342773
2.176161050796509,2.734644889831543,3.430028200149536
2.176161050796509,2.734644889831543,3.430028200149536
2.1784493923187256,2.735988140106201,3.4302234649658203
2.1801865100860596,2.7362067699432373,3.430457830429077
2.1801865100860596,2.7362067699432373,3.430457830429077
2.1793529987335205,2.73577618598938,3.4300718307495117
2.1793529987335205,2.73577618598938,3.4300718307495117
2.178006172180176,2.7342755794525146,3.431361436843872
2.1770787239074707,2.7339789867401123,3.4308724403381348
2.1770787239074707,2.7339789867401123,3.4308724403381348
2.178736686706543,2.7345428466796875,3.4312260150909424
2.178736686706543,2.7345428466796875,3.4312260150909424
2.1818301677703857,2.7352423667907715,3.4337565898895264
2.1824629306793213,2.735297441482544,3.4344184398651123
2.1824629306793213,2.735297441482544,3.4344184398651123
2.1835334300994873,2.7358760833740234,3.4339451789855957
2.1835334300994873,2.7358760833740234,3.4339451789855957
2.1839919090270996,2.7365341186523438,3.4326560497283936
2.18544340133667,2.737278938293457,3.4341394901275635
2.18544340133667,2.737278938293457,3.4341394901275635
2.1859662532806396,2.7378079891204834,3.4345602989196777
2.1859662532806396,2.7378079891204834,3.4345602989196777
2.185861110687256,2.7381181716918945,3.434661626815796
2.1856508255004883,2.7383692264556885,3.4338409900665283
2.1856508255004883,2.7383692264556885,3.4338409900665283
2.18559193611145,2.738196611404419,3.4336118698120117
2.1854257583618164,2.737557888031006,3.4354283809661865
2.1854257583618164,2.737557888031006,3.4354283809661865
2.185016393661499,2.7379167079925537,3.434601306915283
2.185016393661499,2.7379167079925537,3.434601306915283
2.1842472553253174,2.7379229068756104,3.4337775707244873
2.183957815170288,2.7379047870635986,3.4335274696350098
2.183957815170288,2.7379047870635986,3.4335274696350098
2.1836140155792236,2.7376747131347656,3.4334371089935303
2.1846187114715576,2.738149642944336,3.4335885047912598
2.1852340698242188,2.737999439239502,3.434344530105591
2.1852340698242188,2.737999439239502,3.434344530105591
2.1853678226470947,2.738154649734497,3.4339921474456787
2.1855175495147705,2.738247871398926,3.4334609508514404
2.1855175495147705,2.738247871398926,3.4334609508514404
2.1865286827087402,2.738631248474121,3.4335246086120605
2.1865286827087402,2.738631248474121,3.4335246086120605
2.1877005100250244,2.739387273788452,3.433511972427368
2.1892733573913574,2.7401068210601807,3.4344961643218994
2.1892733573913574,2.7401068210601807,3.4344961643218994
2.1897857189178467,2.741450071334839,3.4334590435028076
2.190129041671753,2.7418360710144043,3.432710886001587
2.190129041671753,2.7418360710144043,3.432710886001587
2.18851900100708,2.7413880825042725,3.431781768798828
2.1877894401550293,2.7412686347961426,3.4316210746765137
2.1871368885040283,2.741046905517578,3.431410551071167
2.1871368885040283,2.741046905517578,3.431410551071167
2.1880886554718018,2.7417304515838623,3.431750535964966
2.189152956008911,2.7420761585235596,3.431966781616211
2.189152956008911,2.7420761585235596,3.431966781616211
2.188661813735962,2.741938829421997,3.4317917823791504
2.1884448528289795,2.7415502071380615,3.4318456649780273
2.1884448528289795,2.7415502071380615,3.4318456649780273
2.1874759197235107,2.7410731315612793,3.430955171585083
2.1874759197235107,2.7410731315612793,3.430955171585083
2.1874608993530273,2.7408578395843506,3.430452585220337
2.1878325939178467,2.7409298419952393,3.4308462142944336
2.1878325939178467,2.7409298419952393,3.4308462142944336
2.1879870891571045,2.7408969402313232,3.4316048622131348
2.1885571479797363,2.7404894828796387,3.43298602104187
2.1888582706451416,2.7405338287353516,3.433711051940918
2.1888582706451416,2.7405338287353516,3.433711051940918
2.1901533603668213,2.741156816482544,3.433908700942993
2.1910996437072754,2.7416718006134033,3.434565305709839
2.1911191940307617,2.741405725479126,3.4360246658325195
2.1911191940307617,2.741405725479126,3.4360246658325195
2.190812826156616,2.741055965423584,3.4364731311798096
2.190631866455078,2.740856170654297,3.4372262954711914
2.190631866455078,2.740856170654297,3.4372262954711914
2.190234899520874,2.7405290603637695,3.437972068786621
2.190371513366699,2.7402095794677734,3.4394474029541016
2.190371513366699,2.7402095794677734,3.4394474029541016
2.1912639141082764,2.7403438091278076,3.440814733505249
2.1923446655273438,2.7408430576324463,3.4409608840942383
2.1923446655273438,2.7408430576324463,3.4409608840942383
2.1924033164978027,2.7410216331481934,3.4406237602233887
2.1924033164978027,2.7410216331481934,3.4406237602233887
2.1919972896575928,2.74099063873291,3.44040584564209
2.189743757247925,2.7401375770568848,3.4404044151306152
2.189743757247925,2.7401375770568848,3.4404044151306152
2.189023017883301,2.739790916442871,3.4404280185699463
2.189023017883301,2.739790916442871,3.4404280185699463
2.188490152359009,2.7395336627960205,3.440537214279175
2.189689874649048,2.7400078773498535,3.4406278133392334
2.189689874649048,2.7400078773498535,3.4406278133392334
2.189587354660034,2.7396297454833984,3.44045352935791
2.189587354660034,2.7396297454833984,3.44045352935791
2.189526081085205,2.739474296569824,3.4401907920837402
2.189526081085205,2.739474296569824,3.4401907920837402
2.1899211406707764,2.739356517791748,3.439911365509033
2.191939115524292,2.7396297454833984,3.4410147666931152
2.191939115524292,2.7396297454833984,3.4410147666931152
2.1943724155426025,2.7403829097747803,3.442298412322998
2.197160482406616,2.741394519805908,3.443138360977173
2.197160482406616,2.741394519805908,3.443138360977173
2.200134515762329,2.742840051651001,3.4437026977539062
2.200134515762329,2.742840051651001,3.4437026977539062
2.2008955478668213,2.743381977081299,3.443311929702759
2.2009129524230957,2.743096113204956,3.4439709186553955
2.2009129524230957,2.743096113204956,3.4439709186553955
2.2007036209106445,2.7436039447784424,3.443248748779297
2.2007036209106445,2.7436039447784424,3.443248748779297
2.2012643814086914,2.7444331645965576,3.443258285522461
2.2015492916107178,2.7450060844421387,3.44335675239563
2.201911687850952,2.7453572750091553,3.443774461746216
2.201911687850952,2.7453572750091553,3.443774461746216
2.2023544311523438,2.7452402114868164,3.4445347785949707
2.2023544311523438,2.7452402114868164,3.4445347785949707
2.2025160789489746,2.745299816131592,3.444575548171997
2.202136516571045,2.744621515274048,3.44482421875
2.201774835586548,2.744117498397827,3.4455432891845703
2.201774835586548,2.744117498397827,3.4455432891845703
2.2026894092559814,2.744173288345337,3.445990800857544
2.206111431121826,2.7456820011138916,3.4464781284332275
2.206111431121826,2.7456820011138916,3.4464781284332275
2.2085165977478027,2.7463622093200684,3.4476611614227295
2.2085165977478027,2.7463622093200684,3.4476611614227295
2.2087693214416504,2.746302843093872,3.447850227355957
2.207146406173706,2.7462666034698486,3.4463043212890625
2.207146406173706,2.7462666034698486,3.4463043212890625
2.2065646648406982,2.7462716102600098,3.445460557937622
2.2065646648406982,2.7462716102600098,3.445460557937622
2.2063112258911133,2.7463772296905518,3.4455080032348633
2.207441568374634,2.74709415435791,3.44502329826355
2.207441568374634,2.74709415435791,3.44502329826355
2.2065963745117188,2.7470107078552246,3.4443576335906982
2.2061214447021484,2.7464492321014404,3.4440090656280518
2.2061214447021484,2.7464492321014404,3.4440090656280518
2.2045958042144775,2.7461535930633545,3.4435760974884033
2.204782724380493,2.7464284896850586,3.442963123321533
2.204782724380493,2.7464284896850586,3.442963123321533
2.204627513885498,2.7468252182006836,3.442060947418213
2.204627513885498,2.7468252182006836,3.442060947418213
2.2060930728912354,2.7476134300231934,3.4422762393951416
2.2091963291168213,2.7488574981689453,3.4437012672424316
2.2091963291168213,2.7488574981689453,3.4437012672424316
2.2103238105773926,2.7497751712799072,3.442868709564209
2.2103238105773926,2.7497751712799072,3.442868709564209
2.209642171859741,2.7498371601104736,3.441439151763916
2.208576202392578,2.7494091987609863,3.440685510635376
2.208576202392578,2.7494091987609863,3.440685510635376
2.207639694213867,2.748711347579956,3.440995931625366
2.207639694213867,2.748711347579956,3.440995931625366
2.2079617977142334,2.7487704753875732,3.4417145252227783
2.208312749862671,2.7487633228302,3.442171573638916
2.208312749862671,2.7487633228302,3.442171573638916
2.2089524269104004,2.7493748664855957,3.441802978515625
2.2079203128814697,2.7485339641571045,3.441500663757324
2.2079203128814697,2.7485339641571045,3.441500663757324
2.206043004989624,2.7479255199432373,3.4402599334716797
2.2049849033355713,2.7480344772338867,3.439181327819824
2.2049849033355713,2.7480344772338867,3.439181327819824
2.205592155456543,2.748629570007324,3.438912868499756
2.207346200942993,2.749652862548828,3.4391000270843506
2.207346200942993,2.749652862548828,3.4391000270843506
2.20878267288208,2.7500224113464355,3.4394314289093018
2.2092044353485107,2.7502434253692627,3.4392249584198
2.207627296447754,2.7495322227478027,3.438284158706665
2.207627296447754,2.7495322227478027,3.438284158706665
2.2053287029266357,2.748506546020508,3.4371895790100098
2.203653335571289,2.747586727142334,3.4367599487304688
2.203653335571289,2.747586727142334,3.4367599487304688
2.202841281890869,2.747375965118408,3.437084197998047
2.202841281890869,2.747375965118408,3.437084197998047
2.2027652263641357,2.747770071029663,3.4375011920928955
2.2027652263641357,2.747770071029663,3.4375011920928955
2.203566789627075,2.7485830783843994,3.436924695968628
2.2030763626098633,2.7487120628356934,3.4372658729553223
2.2030763626098633,2.7487120628356934,3.4372658729553223
2.2022032737731934,2.748399496078491,3.436960220336914
2.2022032737731934,2.748399496078491,3.436960220336914
2.20233416557312,2.7485783100128174,3.4363906383514404
2.2034053802490234,2.7488553524017334,3.4365532398223877
2.2034053802490234,2.7488553524017334,3.4365532398223877
2.204756736755371,2.748990535736084,3.4378061294555664
2.205517053604126,2.749100923538208,3.438650131225586
2.205517053604126,2.749100923538208,3.438650131225586
2.205606460571289,2.7489163875579834,3.4390411376953125
2.206347942352295,2.7491614818573,3.4388527870178223
2.206347942352295,2.7491614818573,3.4388527870178223
2.207261562347412,2.7500052452087402,3.437631368637085
2.207261562347412,2.7500052452087402,3.437631368637085
2.2090463638305664,2.750333070755005,3.438596725463867
2.2105278968811035,2.750807762145996,3.4400062561035156
2.2105278968811035,2.750807762145996,3.4400062561035156
2.212174654006958,2.7513012886047363,3.4414126873016357
2.212174654006958,2.7513012886047363,3.4414126873016357
2.213060140609741,2.752174139022827,3.4401822090148926
2.212416172027588,2.7519519329071045,3.4396188259124756
2.212416172027588,2.7519519329071045,3.4396188259124756
2.211616277694702,2.7517948150634766,3.439730167388916
2.2128143310546875,2.7521538734436035,3.4415132999420166
2.2128143310546875,2.7521538734436035,3.4415132999420166
2.215068817138672,2.753037691116333,3.4429714679718018
2.215068817138672,2.753037691116333,3.4429714679718018
2.217532157897949,2.7541072368621826,3.4437167644500732
2.2191383838653564,2.754995584487915,3.443871021270752
2.2191383838653564,2.754995584487915,3.443871021270752
2.220350980758667,2.7556028366088867,3.4441912174224854
2.2209455966949463,2.7564311027526855,3.443408250808716
2.2209455966949463,2.7564311027526855,3.443408250808716
2.221970558166504,2.7570695877075195,3.442927598953247
2.221970558166504,2.7570695877075195,3.442927598953247
2.222296714782715,2.757171392440796,3.443525791168213
2.222503423690796,2.7572925090789795,3.444241523742676
2.223348379135132,2.757768392562866,3.4445667266845703
2.223348379135132,2.757768392562866,3.4445667266845703
2.223318099975586,2.7582621574401855,3.44290828704834
2.2234044075012207,2.758613109588623,3.4415228366851807
2.2234044075012207,2.758613109588623,3.4415228366851807
2.223072052001953,2.7582755088806152,3.442352533340454
2.223072052001953,2.7582755088806152,3.442352533340454
2.224228858947754,2.7584314346313477,3.443333864212036
2.2250900268554688,2.7593994140625,3.4422850608825684
2.2250900268554688,2.7593994140625,3.4422850608825684
2.2259840965270996,2.759697675704956,3.442192554473877
2.2259840965270996,2.759697675704956,3.442192554473877
2.225809335708618,2.759979248046875,3.4415247440338135
2.2261557579040527,2.760160207748413,3.441241979598999
2.2261557579040527,2.760160207748413,3.441241979598999
2.2262392044067383,2.758911371231079,3.4427595138549805
2.2262392044067383,2.758911371231079,3.4427595138549805
2.2256357669830322,2.7588493824005127,3.442138195037842
2.2257988452911377,2.759232759475708,3.4413650035858154
2.2257988452911377,2.759232759475708,3.4413650035858154
2.225468397140503,2.7593021392822266,3.441317081451416
2.225468397140503,2.7593021392822266,3.441317081451416
2.224646806716919,2.7586703300476074,3.442023992538452
2.224299907684326,2.75842547416687,3.441453218460083
2.224299907684326,2.75842547416687,3.441453218460083
2.2258925437927246,2.7589569091796875,3.441558837890625
2.2258925437927246,2.7589569091796875,3.441558837890625
2.228231191635132,2.758826494216919,3.444612503051758
2.228397846221924,2.758486032485962,3.4462435245513916
2.228397846221924,2.758486032485962,3.4462435245513916
2.2258894443511963,2.7575883865356445,3.446218729019165
2.2258894443511963,2.7575883865356445,3.446218729019165
2.2243733406066895,2.7573940753936768,3.4453296661376953
2.2235491275787354,2.757267475128174,3.445370674133301
2.2235491275787354,2.757267475128174,3.445370674133301
2.2242014408111572,2.757359027862549,3.4462032318115234
2.2242014408111572,2.757359027862549,3.4462032318115234
2.222691059112549,2.756127119064331,3.4470765590667725
2.2205424308776855,2.755875587463379,3.4451639652252197
2.2205424308776855,2.755875587463379,3.4451639652252197
2.2197070121765137,2.7555673122406006,3.4444661140441895
2.2197070121765137,2.7555673122406006,3.4444661140441895
2.219752311706543,2.755476474761963,3.4452311992645264
2.220125198364258,2.7561402320861816,3.445220947265625
2.220125198364258,2.7561402320861816,3.445220947265625
2.220348358154297,2.756514310836792,3.4446470737457275
2.220348358154297,2.756514310836792,3.4446470737457275
2.223273992538452,2.7575485706329346,3.445124626159668
2.224843740463257,2.7579665184020996,3.4466817378997803
2.224843740463257,2.7579665184020996,3.4466817378997803
2.224909782409668,2.757977247238159,3.4469759464263916
2.224909782409668,2.757977247238159,3.4469759464263916
2.224545478820801,2.757916212081909,3.44612193107605
2.224545478820801,2.757916212081909,3.44612193107605
2.225114107131958,2.757859468460083,3.446739435195923
2.2263028621673584,2.758631944656372,3.4470062255859375
2.2263028621673584,2.758631944656372,3.4470062255859375
2.228259801864624,2.759183168411255,3.4477295875549316
2.227964401245117,2.7592482566833496,3.446962833404541
2.227964401245117,2.7592482566833496,3.446962833404541
2.2284677028656006,2.759502649307251,3.446153402328491
2.2284677028656006,2.759502649307251,3.446153402328491
2.229288101196289,2.7597315311431885,3.4461917877197266
2.229553461074829,2.7596373558044434,3.4469571113586426
2.229553461074829,2.7596373558044434,3.4469571113586426
2.232118844985962,2.7611403465270996,3.446744918823242
2.232118844985962,2.7611403465270996,3.446744918823242
2.2339606285095215,2.7621216773986816,3.446805000305176
2.2350094318389893,2.762619733810425,3.446514368057251
2.2350094318389893,2.762619733810425,3.446514368057251
2.2346181869506836,2.7626123428344727,3.445842981338501
2.2346181869506836,2.7626123428344727,3.445842981338501
2.2357404232025146,2.7636566162109375,3.4451029300689697
2.2373030185699463,2.7645437717437744,3.4448866844177246
2.2373030185699463,2.7645437717437744,3.4448866844177246
2.2382662296295166,2.764960289001465,3.4451680183410645
2.2382662296295166,2.764960289001465,3.4451680183410645
2.239882230758667,2.7653086185455322,3.4456422328948975
2.2404356002807617,2.765563488006592,3.4459872245788574
2.2404356002807617,2.765563488006592,3.4459872245788574
2.2414355278015137,2.766073703765869,3.445194721221924
2.2414355278015137,2.766073703765869,3.445194721221924
2.241779327392578,2.7661314010620117,3.4452500343322754
2.2412304878234863,2.7658653259277344,3.4457414150238037
2.2412304878234863,2.7658653259277344,3.4457414150238037
2.2405710220336914,2.765839099884033,3.4451587200164795
2.2405710220336914,2.765839099884033,3.4451587200164795
2.240931749343872,2.766428232192993,3.4446239471435547
2.2416017055511475,2.7665956020355225,3.444269895553589
2.2416017055511475,2.7665956020355225,3.444269895553589
2.241420269012451,2.7663350105285645,3.444723606109619
2.241420269012451,2.7663350105285645,3.444723606109619
2.2416982650756836,2.766090154647827,3.445544719696045
2.2426459789276123,2.76692795753479,3.4457197189331055
2.2426459789276123,2.76692795753479,3.4457197189331055
2.2432570457458496,2.766861915588379,3.446774959564209
2.2432570457458496,2.766861915588379,3.446774959564209
2.243485689163208,2.7670466899871826,3.4469940662384033
2.2435781955718994,2.7669026851654053,3.4471495151519775
2.2435781955718994,2.7669026851654053,3.4471495151519775
2.241712808609009,2.7662012577056885,3.446608781814575
2.241712808609009,2.7662012577056885,3.446608781814575
2.238539457321167,2.7655606269836426,3.4438681602478027
2.2365357875823975,2.7649099826812744,3.444540023803711
2.2365357875823975,2.7649099826812744,3.444540023803711
2.2350449562072754,2.7641680240631104,3.4461476802825928
2.2350449562072754,2.7641680240631104,3.4461476802825928
2.2352421283721924,2.7642815113067627,3.447427988052368
2.235994338989258,2.764523506164551,3.4473445415496826
2.235994338989258,2.764523506164551,3.4473445415496826
2.2357711791992188,2.763784170150757,3.448253870010376
2.2357711791992188,2.763784170150757,3.448253870010376
2.23456072807312,2.762838840484619,3.4492244720458984
2.2343249320983887,2.7623846530914307,3.4495530128479004
2.2343249320983887,2.7623846530914307,3.4495530128479004
2.2351043224334717,2.7621569633483887,3.4499924182891846
2.2351043224334717,2.7621569633483887,3.4499924182891846
2.2367680072784424,2.762458562850952,3.4512369632720947
2.2384414672851562,2.762432336807251,3.4526989459991455
2.2384414672851562,2.762432336807251,3.4526989459991455
2.239464044570923,2.763071060180664,3.4524037837982178
2.240910768508911,2.7640926837921143,3.451387405395508
2.240910768508911,2.7640926837921143,3.451387405395508
2.2412290573120117,2.763949394226074,3.452923536300659
2.2412290573120117,2.763949394226074,3.452923536300659
2.24314546585083,2.7641444206237793,3.4550013542175293
2.243903160095215,2.764216899871826,3.4556832313537598
2.243903160095215,2.764216899871826,3.4556832313537598
2.2453885078430176,2.764754056930542,3.4558660984039307
2.2458276748657227,2.764758586883545,3.4563815593719482
2.2458276748657227,2.764758586883545,3.4563815593719482
2.246148109436035,2.7645840644836426,3.456805944442749
2.2462172508239746,2.7649142742156982,3.455939292907715
2.2462172508239746,2.7649142742156982,3.455939292907715
2.246222734451294,2.765072822570801,3.4551610946655273
2.246000051498413,2.7650139331817627,3.454841375350952
2.246000051498413,2.7650139331817627,3.454841375350952
2.247136116027832,2.765881299972534,3.454761505126953
2.2486722469329834,2.7667148113250732,3.455329418182373
2.2486722469329834,2.7667148113250732,3.455329418182373
2.250363826751709,2.768160820007324,3.453956365585327
2.250363826751709,2.768160820007324,3.453956365585327
2.250040054321289,2.769061326980591,3.451833963394165
2.2492568492889404,2.768813133239746,3.4520554542541504
2.2492568492889404,2.768813133239746,3.4520554542541504
2.2482264041900635,2.7680158615112305,3.4533770084381104
2.2482264041900635,2.7680158615112305,3.4533770084381104
2.2490944862365723,2.76906418800354,3.4520537853240967
2.250483989715576,2.769757032394409,3.451970100402832
2.250483989715576,2.769757032394409,3.451970100402832
2.251052141189575,2.769963502883911,3.452484369277954
2.251052141189575,2.769963502883911,3.452484369277954
2.2505249977111816,2.7695531845092773,3.452453374862671
2.249884605407715,2.7690343856811523,3.451671838760376
2.249884605407715,2.7690343856811523,3.451671838760376
2.2501461505889893,2.769146203994751,3.451289176940918
2.2501461505889893,2.769146203994751,3.451289176940918
2.2524421215057373,2.770000457763672,3.451610803604126
2.252869129180908,2.769981861114502,3.452450752258301
2.252869129180908,2.769981861114502,3.452450752258301
2.251739025115967,2.7699413299560547,3.451784372329712
2.251739025115967,2.7699413299560547,3.451784372329712
2.25142240524292,2.7700917720794678,3.4510979652404785
2.251758337020874,2.7706003189086914,3.4515533447265625
2.2536401748657227,2.771270990371704,3.4532933235168457
2.2536401748657227,2.771270990371704,3.4532933235168457
2.25506591796875,2.772066593170166,3.45367169380188
2.25506591796875,2.772066593170166,3.45367169380188
2.256457567214966,2.772587537765503,3.453573703765869
2.257197141647339,2.7728893756866455,3.4534645080566406
2.257901430130005,2.7726376056671143,3.4543330669403076
2.257901430130005,2.7726376056671143,3.4543330669403076
2.2571282386779785,2.7719762325286865,3.454878091812134
2.2571215629577637,2.7719717025756836,3.455035448074341
2.2571215629577637,2.7719717025756836,3.455035448074341
2.2596168518066406,2.7727444171905518,3.4568381309509277
2.2596168518066406,2.7727444171905518,3.4568381309509277
2.2595181465148926,2.7714626789093018,3.460890531539917
2.2608723640441895,2.7709574699401855,3.4640626907348633
2.2608723640441895,2.7709574699401855,3.4640626907348633
2.2637784481048584,2.772946834564209,3.464860200881958
2.2637784481048584,2.772946834564209,3.464860200881958
2.265709638595581,2.774056911468506,3.4654107093811035
2.2660040855407715,2.7740135192871094,3.467116117477417
2.2660040855407715,2.7740135192871094,3.467116117477417
2.265366554260254,2.77504563331604,3.466244697570801
2.265366554260254,2.77504563331604,3.466244697570801
2.264862537384033,2.7760438919067383,3.464060068130493
2.2641797065734863,2.7757585048675537,3.463393449783325
2.2641797065734863,2.7757585048675537,3.463393449783325
2.2610859870910645,2.774183750152588,3.4641919136047363
2.2610859870910645,2.774183750152588,3.4641919136047363
2.257997989654541,2.772956371307373,3.4636905193328857
2.2577126026153564,2.772581100463867,3.463327169418335
2.2577126026153564,2.772581100463867,3.463327169418335
2.2568392753601074,2.7724030017852783,3.4630789756774902
2.2568392753601074,2.7724030017852783,3.4630789756774902
2.256247043609619,2.772090435028076,3.463268995285034
2.2563929557800293,2.7723844051361084,3.4628725051879883
2.256577968597412,2.772757053375244,3.4623658657073975
2.256577968597412,2.772757053375244,3.4623658657073975
2.257603645324707,2.773000478744507,3.4621810913085938
2.2576634883880615,2.772329807281494,3.463287830352783
2.257854461669922,2.7717366218566895,3.4640002250671387
2.257854461669922,2.7717366218566895,3.4640002250671387
2.257605791091919,2.771475315093994,3.4643261432647705
2.257605791091919,2.771475315093994,3.4643261432647705
2.2592267990112305,2.772547721862793,3.4632091522216797
2.2602858543395996,2.773017168045044,3.4630637168884277
2.2602858543395996,2.773017168045044,3.4630637168884277
2.260449171066284,2.772688150405884,3.463951826095581
2.2601866722106934,2.772343635559082,3.464385747909546
2.2601866722106934,2.772343635559082,3.464385747909546
2.2598133087158203,2.7725346088409424,3.463473320007324
2.2598133087158203,2.7725346088409424,3.463473320007324
2.2610063552856445,2.772339105606079,3.465505838394165
2.2611966133117676,2.7728147506713867,3.465297222137451
2.261775016784668,2.7732746601104736,3.464632272720337
2.261775016784668,2.7732746601104736,3.464632272720337
2.2598917484283447,2.772528648376465,3.4634060859680176
2.2598917484283447,2.772528648376465,3.4634060859680176
2.258239984512329,2.772040843963623,3.462730646133423
2.257551908493042,2.7715325355529785,3.4632675647735596
2.257551908493042,2.7715325355529785,3.4632675647735596
2.2580108642578125,2.7718191146850586,3.4633638858795166
2.258758068084717,2.7723283767700195,3.463221788406372
2.258758068084717,2.7723283767700195,3.463221788406372
2.25951886177063,2.7724504470825195,3.4638004302978516
2.2595393657684326,2.7723662853240967,3.4635510444641113
2.2595393657684326,2.7723662853240967,3.4635510444641113
2.2578582763671875,2.771754264831543,3.4627742767333984
2.257596969604492,2.771519184112549,3.4622466564178467
2.2572226524353027,2.7717292308807373,3.4625394344329834
2.2572226524353027,2.7717292308807373,3.4625394344329834
2.2572546005249023,2.7715518474578857,3.463815927505493
2.257352590560913,2.772012710571289,3.4633257389068604
2.257352590560913,2.772012710571289,3.4633257389068604
2.258667469024658,2.7725613117218018,3.4634437561035156
2.2593612670898438,2.7728090286254883,3.4643070697784424
2.2593612670898438,2.7728090286254883,3.4643070697784424
2.261521339416504,2.7738730907440186,3.464970350265503
2.261521339416504,2.7738730907440186,3.464970350265503
2.2620368003845215,2.7744500637054443,3.465212821960449
2.263336420059204,2.7748186588287354,3.465771198272705
2.263336420059204,2.7748186588287354,3.465771198272705
2.2632133960723877,2.774545431137085,3.466015100479126
2.2632133960723877,2.774545431137085,3.466015100479126
2.263547658920288,2.774322271347046,3.466822385787964
2.26485538482666,2.7746195793151855,3.467406749725342
2.26485538482666,2.7746195793151855,3.467406749725342
2.2645671367645264,2.7750141620635986,3.465860605239868
2.2645671367645264,2.7750141620635986,3.465860605239868
2.264455556869507,2.775350332260132,3.465055227279663
2.2653770446777344,2.77561092376709,3.4656050205230713
2.2667276859283447,2.776393175125122,3.466521978378296
2.2667276859283447,2.776393175125122,3.466521978378296
2.2676591873168945,2.7767186164855957,3.4674034118652344
2.267592430114746,2.7775800228118896,3.4657537937164307
2.267592430114746,2.7775800228118896,3.4657537937164307
2.2677252292633057,2.7775092124938965,3.4663002490997314
2.268138885498047,2.777514934539795,3.4673807621002197
2.268138885498047,2.777514934539795,3.4673807621002197
2.269176483154297,2.7772765159606934,3.4695849418640137
2.269176483154297,2.7772765159606934,3.4695849418640137
2.269937038421631,2.7773003578186035,3.468883752822876
2.269937038421631,2.7773003578186035,3.468883752822876
2.2712056636810303,2.777744770050049,3.4684157371520996
2.271536350250244,2.777299642562866,3.4689629077911377
2.271536350250244,2.777299642562866,3.4689629077911377
2.271763801574707,2.7768189907073975,3.4689018726348877
2.271763801574707,2.7768189907073975,3.4689018726348877
2.2724080085754395,2.776987314224243,3.46858286857605
2.2731215953826904,2.7773044109344482,3.468744993209839
2.2731215953826904,2.7773044109344482,3.468744993209839
2.275353193283081,2.7785422801971436,3.469233751296997
2.2752254009246826,2.7787630558013916,3.469303846359253
2.2752254009246826,2.7787630558013916,3.469303846359253
2.2748587131500244,2.778404951095581,3.469452142715454
2.273113489151001,2.7781941890716553,3.468775749206543
2.273113489151001,2.7781941890716553,3.468775749206543
2.273308515548706,2.778446674346924,3.4688515663146973
2.273308515548706,2.778446674346924,3.4688515663146973
2.274606227874756,2.7788503170013428,3.470278263092041
2.274033784866333,2.7786622047424316,3.4708638191223145
2.274033784866333,2.7786622047424316,3.4708638191223145
2.2745742797851562,2.778451681137085,3.4716944694519043
2.2745742797851562,2.778451681137085,3.4716944694519043
2.2738454341888428,2.7779717445373535,3.4718360900878906
2.2726049423217773,2.777092218399048,3.4724836349487305
2.2726049423217773,2.777092218399048,3.4724836349487305
2.2736644744873047,2.7774860858917236,3.474008560180664
2.2736644744873047,2.7774860858917236,3.474008560180664
2.2744946479797363,2.777926445007324,3.4746720790863037
2.275116443634033,2.7781479358673096,3.4753894805908203
2.275116443634033,2.7781479358673096,3.4753894805908203
2.276033639907837,2.7784945964813232,3.4758057594299316
2.276033639907837,2.7784945964813232,3.4758057594299316
2.276034116744995,2.778191566467285,3.476773738861084
2.2760472297668457,2.778207540512085,3.4764459133148193
2.2760472297668457,2.778207540512085,3.4764459133148193
2.2772324085235596,2.778984308242798,3.475731372833252
2.2772324085235596,2.778984308242798,3.475731372833252
2.277479410171509,2.779054880142212,3.4763729572296143
2.2771382331848145,2.7789108753204346,3.4765546321868896
2.2771382331848145,2.7789108753204346,3.4765546321868896
2.2767858505249023,2.778563976287842,3.47597599029541
2.2765097618103027,2.7784717082977295,3.4749321937561035
2.2765097618103027,2.7784717082977295,3.4749321937561035
2.2772035598754883,2.7782773971557617,3.475536823272705
2.2772035598754883,2.7782773971557617,3.475536823272705
2.2784712314605713,2.7784790992736816,3.4759089946746826
2.2784712314605713,2.7784790992736816,3.4759089946746826
2.280181884765625,2.779083013534546,3.47579288482666
2.281047821044922,2.7791287899017334,3.4762768745422363
2.281047821044922,2.7791287899017334,3.4762768745422363
2.281543731689453,2.7796413898468018,3.475877285003662
2.281543731689453,2.7796413898468018,3.475877285003662
2.283010721206665,2.7801623344421387,3.4764244556427
2.2845804691314697,2.780963182449341,3.4768452644348145
2.2845804691314697,2.780963182449341,3.4768452644348145
2.2872884273529053,2.782404899597168,3.4767556190490723
2.2872884273529053,2.782404899597168,3.4767556190490723
2.286994457244873,2.7825632095336914,3.4763593673706055
2.286552906036377,2.782320261001587,3.4767699241638184
2.286552906036377,2.782320261001587,3.4767699241638184
2.2855591773986816,2.782421827316284,3.475619316101074
2.2855591773986816,2.782421827316284,3.475619316101074
2.2861621379852295,2.782677412033081,3.4757320880889893
2.2862093448638916,2.782975196838379,3.4755992889404297
2.2862093448638916,2.782975196838379,3.4755992889404297
2.286816120147705,2.7831101417541504,3.4762463569641113
2.286816120147705,2.7831101417541504,3.4762463569641113
2.28647780418396,2.7834689617156982,3.4751503467559814
2.2874927520751953,2.7837867736816406,3.4751570224761963
2.2874927520751953,2.7837867736816406,3.4751570224761963
2.288187265396118,2.7841200828552246,3.4757871627807617
2.288187265396118,2.7841200828552246,3.4757871627807617
2.2924675941467285,2.785895824432373,3.4766623973846436
2.294114351272583,2.7867069244384766,3.477480411529541
2.294114351272583,2.7867069244384766,3.477480411529541
2.2960500717163086,2.787468910217285,3.47830867767334
2.2966628074645996,2.7878780364990234,3.47776198387146
2.2966628074645996,2.7878780364990234,3.47776198387146
2.2968060970306396,2.788252592086792,3.477273941040039
2.296633720397949,2.7881674766540527,3.477315902709961
2.2969741821289062,2.788330554962158,3.47757887840271
2.2969741821289062,2.788330554962158,3.47757887840271
2.2966716289520264,2.788442611694336,3.4779984951019287
2.2966716289520264,2.788442611694336,3.4779984951019287
2.2969369888305664,2.7886955738067627,3.478281259536743
2.2961292266845703,2.788393020629883,3.478206157684326
2.2961292266845703,2.788393020629883,3.478206157684326
2.295642614364624,2.787810802459717,3.4789834022521973
2.2943520545959473,2.7869887351989746,3.479344367980957
2.2943520545959473,2.7869887351989746,3.479344367980957
2.2937135696411133,2.7863452434539795,3.4798638820648193
2.2936785221099854,2.7861251831054688,3.4801313877105713
2.2936785221099854,2.7861251831054688,3.4801313877105713
2.2949302196502686,2.7865822315216064,3.4805638790130615
2.2975008487701416,2.7875349521636963,3.481795310974121
2.298323154449463,2.788006067276001,3.481985569000244
2.298323154449463,2.788006067276001,3.481985569000244
2.2975900173187256,2.787447214126587,3.4824306964874268
2.296644687652588,2.787074089050293,3.481476306915283
2.296644687652588,2.787074089050293,3.481476306915283
2.2950127124786377,2.7863824367523193,3.4803647994995117
2.2950127124786377,2.7863824367523193,3.4803647994995117
2.2940165996551514,2.786024332046509,3.4802165031433105
2.293172597885132,2.7855048179626465,3.48061466217041
2.293172597885132,2.7855048179626465,3.48061466217041
2.2928760051727295,2.7855725288391113,3.4798741340637207
2.2928760051727295,2.7855725288391113,3.4798741340637207
2.292962074279785,2.7856428623199463,3.4796924591064453
2.2932071685791016,2.7854952812194824,3.4810359477996826
2.2932071685791016,2.7854952812194824,3.4810359477996826
2.295257091522217,2.7867300510406494,3.4813201427459717
2.295257091522217,2.7867300510406494,3.4813201427459717
2.2960174083709717,2.787655830383301,3.4819560050964355
2.296036720275879,2.787588119506836,3.482194185256958
2.296036720275879,2.787588119506836,3.482194185256958
2.2959682941436768,2.78719162940979,3.483128070831299
2.2959682941436768,2.78719162940979,3.483128070831299
2.296398639678955,2.7868635654449463,3.4836554527282715
2.2967851161956787,2.7867372035980225,3.4844954013824463
2.29913330078125,2.787828207015991,3.484128952026367
2.29913330078125,2.787828207015991,3.484128952026367
2.300137519836426,2.788027286529541,3.4844183921813965
2.3008205890655518,2.787564992904663,3.4859201908111572
2.3008205890655518,2.787564992904663,3.4859201908111572
2.3001046180725098,2.7868709564208984,3.486537218093872
2.3001046180725098,2.7868709564208984,3.486537218093872
2.299793004989624,2.7874937057495117,3.485640525817871
2.299793004989624,2.7874937057495117,3.485640525817871
2.299199104309082,2.787715196609497,3.4843461513519287
2.2982277870178223,2.787132740020752,3.4847817420959473
2.2982277870178223,2.787132740020752,3.4847817420959473
2.2983181476593018,2.7874417304992676,3.4846582412719727
2.2986772060394287,2.7877166271209717,3.4846880435943604
2.2986772060394287,2.7877166271209717,3.4846880435943604
2.2999024391174316,2.788135290145874,3.4850714206695557
2.2999024391174316,2.788135290145874,3.4850714206695557
2.300271987915039,2.7882864475250244,3.485957622528076
2.300271987915039,2.7882864475250244,3.485957622528076
2.3010826110839844,2.788346767425537,3.4871206283569336
2.30185866355896,2.788809299468994,3.487480401992798
2.30185866355896,2.788809299468994,3.487480401992798
2.3042876720428467,2.7897565364837646,3.488086700439453
2.3042876720428467,2.7897565364837646,3.488086700439453
2.3049726486206055,2.7901134490966797,3.488654136657715
2.3054962158203125,2.790071487426758,3.4898831844329834
2.3054962158203125,2.790071487426758,3.4898831844329834
2.3065333366394043,2.790586233139038,3.4895873069763184
2.3061764240264893,2.7907021045684814,3.487977981567383
2.3061764240264893,2.7907021045684814,3.487977981567383
2.305729866027832,2.7906742095947266,3.487567186355591
2.3059418201446533,2.7906222343444824,3.4870569705963135
2.3059418201446533,2.7906222343444824,3.4870569705963135
2.3057174682617188,2.7904603481292725,3.4871816635131836
2.3067240715026855,2.791130781173706,3.4866116046905518
2.3071460723876953,2.791123867034912,3.486346483230591
2.3071460723876953,2.791123867034912,3.486346483230591
2.308391571044922,2.7913053035736084,3.4869344234466553
2.309169292449951,2.791761875152588,3.4869725704193115
2.309169292449951,2.791761875152588,3.4869725704193115
2.309431791305542,2.7915689945220947,3.4876134395599365
2.309950351715088,2.791865110397339,3.486903190612793
2.309950351715088,2.791865110397339,3.486903190612793
2.3110151290893555,2.7929866313934326,3.4860401153564453
2.3110151290893555,2.7929866313934326,3.4860401153564453
2.3131635189056396,2.794323205947876,3.4868156909942627
2.3159337043762207,2.795377731323242,3.4893245697021484
2.3159337043762207,2.795377731323242,3.4893245697021484
2.3177130222320557,2.797147512435913,3.489751100540161
2.3177130222320557,2.797147512435913,3.489751100540161
2.3194313049316406,2.798433542251587,3.489423990249634
2.3192954063415527,2.7985944747924805,3.4893369674682617
2.3192954063415527,2.7985944747924805,3.4893369674682617
2.3195419311523438,2.7984418869018555,3.4904279708862305
2.3189303874969482,2.798377513885498,3.4894659519195557
2.3189303874969482,2.798377513885498,3.4894659519195557
2.318211555480957,2.7980334758758545,3.488640069961548
2.318211555480957,2.7980334758758545,3.488640069961548
2.3184850215911865,2.798135995864868,3.4881319999694824
2.319453477859497,2.7983641624450684,3.4892899990081787
2.319453477859497,2.7983641624450684,3.4892899990081787
2.320739984512329,2.7986013889312744,3.4905898571014404
2.321925640106201,2.7989389896392822,3.4908063411712646
2.323057174682617,2.7992405891418457,3.491299629211426
2.323057174682617,2.7992405891418457,3.491299629211426
2.322509527206421,2.799098491668701,3.4909732341766357
2.322509527206421,2.799098491668701,3.4909732341766357
2.322845697402954,2.799558162689209,3.4907867908477783
2.3239355087280273,2.800302505493164,3.490910053253174
2.3239355087280273,2.800302505493164,3.490910053253174
2.3240702152252197,2.800358772277832,3.4909133911132812
2.3240702152252197,2.800358772277832,3.4909133911132812
2.323471784591675,2.800227165222168,3.4900431632995605
2.322415590286255,2.7998201847076416,3.4896671772003174
2.322415590286255,2.7998201847076416,3.4896671772003174
2.3195033073425293,2.798969030380249,3.488823175430298
2.319183349609375,2.7989249229431152,3.4886820316314697
2.319183349609375,2.7989249229431152,3.4886820316314697
2.318415880203247,2.7988853454589844,3.4887359142303467
2.318660020828247,2.7992300987243652,3.488980770111084
2.318660020828247,2.7992300987243652,3.488980770111084
2.3191630840301514,2.7997703552246094,3.488882064819336
2.3191630840301514,2.7997703552246094,3.488882064819336
2.320812463760376,2.8006269931793213,3.4890735149383545
2.320566177368164,2.800112009048462,3.489243745803833
2.320727586746216,2.7993171215057373,3.491398572921753
2.320727586746216,2.7993171215057373,3.491398572921753
2.3199470043182373,2.7986855506896973,3.4920248985290527
2.3199470043182373,2.7986855506896973,3.4920248985290527
2.3203134536743164,2.7983627319335938,3.491649627685547
2.3214993476867676,2.7986209392547607,3.4913175106048584
2.3214993476867676,2.7986209392547607,3.4913175106048584
2.3221147060394287,2.798151969909668,3.492765426635742
2.3221147060394287,2.798151969909668,3.492765426635742
2.323946714401245,2.7990763187408447,3.492408514022827
2.3261733055114746,2.799928665161133,3.492283582687378
2.3261733055114746,2.799928665161133,3.492283582687378
2.3272175788879395,2.800342082977295,3.492152690887451
2.327877998352051,2.8004491329193115,3.4935593605041504
2.327877998352051,2.8004491329193115,3.4935593605041504
2.328166961669922,2.800262212753296,3.49397349357605
2.328166961669922,2.800262212753296,3.49397349357605
2.3296098709106445,2.801453113555908,3.4923105239868164
2.3300046920776367,2.8019165992736816,3.492459297180176
2.3300046920776367,2.8019165992736816,3.492459297180176
2.3314929008483887,2.8023037910461426,3.49397349357605
2.332205295562744,2.8025991916656494,3.494675397872925
2.332205295562744,2.8025991916656494,3.494675397872925
2.3314223289489746,2.803194284439087,3.4936060905456543
2.3316078186035156,2.8039979934692383,3.4921011924743652
2.3316078186035156,2.8039979934692383,3.4921011924743652
2.3317337036132812,2.8041014671325684,3.4924871921539307
2.3317337036132812,2.8041014671325684,3.4924871921539307
2.3317532539367676,2.8042778968811035,3.49293851852417
2.332186698913574,2.8047289848327637,3.492827892303467
2.332186698913574,2.8047289848327637,3.492827892303467
2.3331284523010254,2.8053138256073,3.4922306537628174
2.335815906524658,2.8061532974243164,3.4929869174957275
2.335815906524658,2.8061532974243164,3.4929869174957275
2.337458372116089,2.806499719619751,3.4954047203063965
2.337458372116089,2.806499719619751,3.4954047203063965
2.3388466835021973,2.807596206665039,3.4948740005493164
2.338916540145874,2.808135986328125,3.493638515472412
2.338916540145874,2.808135986328125,3.493638515472412
2.337584972381592,2.8078057765960693,3.4926235675811768
2.337584972381592,2.8078057765960693,3.4926235675811768
2.335987091064453,2.806657075881958,3.493504285812378
2.3371164798736572,2.8075032234191895,3.4931046962738037
2.3371164798736572,2.8075032234191895,3.4931046962738037
2.339279890060425,2.8086535930633545,3.4930479526519775
2.3413984775543213,2.809365749359131,3.495006561279297
2.3413984775543213,2.809365749359131,3.495006561279297
2.3417346477508545,2.8097119331359863,3.494903802871704
2.3418614864349365,2.8095853328704834,3.494727849960327
2.3418614864349365,2.8095853328704834,3.494727849960327
2.340747356414795,2.8090758323669434,3.4941625595092773
2.340747356414795,2.8090758323669434,3.4941625595092773
2.34167742729187,2.809554100036621,3.494962215423584
2.343142509460449,2.810407876968384,3.4958102703094482
2.343142509460449,2.810407876968384,3.4958102703094482
2.344118356704712,2.8110179901123047,3.496201753616333
2.344118356704712,2.8110179901123047,3.496201753616333
2.3449950218200684,2.8119592666625977,3.495316743850708
2.34525728225708,2.8119964599609375,3.4960641860961914
2.34525728225708,2.8119964599609375,3.4960641860961914
2.3457279205322266,2.8121774196624756,3.496901035308838
2.3457655906677246,2.8122990131378174,3.496762752532959
2.3457655906677246,2.8122990131378174,3.496762752532959
2.3470916748046875,2.8126425743103027,3.4971752166748047
2.3470916748046875,2.8126425743103027,3.4971752166748047
2.3476619720458984,2.8127152919769287,3.4974772930145264
2.3475611209869385,2.811944007873535,3.4981141090393066
2.3475611209869385,2.811944007873535,3.4981141090393066
2.3465096950531006,2.8115713596343994,3.4979076385498047
2.3465096950531006,2.8115713596343994,3.4979076385498047
2.3472793102264404,2.8117332458496094,3.4985485076904297
2.348839521408081,2.812232732772827,3.500441789627075
2.348839521408081,2.812232732772827,3.500441789627075
2.3513875007629395,2.8134207725524902,3.502448320388794
2.352985143661499,2.814014434814453,3.503821611404419
2.352985143661499,2.814014434814453,3.503821611404419
2.3537821769714355,2.814180850982666,3.504335641860962
2.3537821769714355,2.814180850982666,3.504335641860962
2.35312557220459,2.8140416145324707,3.5041399002075195
2.3532090187072754,2.8136823177337646,3.505014181137085
2.3532090187072754,2.8136823177337646,3.505014181137085
2.3525378704071045,2.8130829334259033,3.506169319152832
2.3525378704071045,2.8130829334259033,3.506169319152832
2.3535006046295166,2.813385009765625,3.5068624019622803
2.3535006046295166,2.813385009765625,3.5068624019622803
2.3541014194488525,2.813667058944702,3.5077707767486572
2.3539469242095947,2.8133721351623535,3.5085885524749756
2.3539469242095947,2.8133721351623535,3.5085885524749756
2.3532354831695557,2.81320858001709,3.5090155601501465
2.3537075519561768,2.8133273124694824,3.509002923965454
2.3537075519561768,2.8133273124694824,3.509002923965454
2.354227304458618,2.813730001449585,3.5085959434509277
2.355665683746338,2.814079761505127,3.5095412731170654
2.355665683746338,2.814079761505127,3.5095412731170654
2.3555660247802734,2.813732147216797,3.5100953578948975
2.3555660247802734,2.813732147216797,3.5100953578948975
2.3568384647369385,2.8144824504852295,3.508754253387451
2.357226848602295,2.8140854835510254,3.508955955505371
2.357226848602295,2.8140854835510254,3.508955955505371
2.3581292629241943,2.8143928050994873,3.5096535682678223
2.3581292629241943,2.8143928050994873,3.5096535682678223
2.3598597049713135,2.8151276111602783,3.5102081298828125
2.360588312149048,2.81640625,3.5098140239715576
2.360588312149048,2.81640625,3.5098140239715576
2.3610787391662598,2.817706823348999,3.508584499359131
2.3610787391662598,2.817706823348999,3.508584499359131
2.3614046573638916,2.8180365562438965,3.5084164142608643
2.3619141578674316,2.8186020851135254,3.5081212520599365
2.3619141578674316,2.8186020851135254,3.5081212520599365
2.3628597259521484,2.8190793991088867,3.508573293685913
2.3628597259521484,2.8190793991088867,3.508573293685913
2.364549398422241,2.819685220718384,3.5086112022399902
2.3657188415527344,2.8203630447387695,3.508908271789551
2.3657188415527344,2.8203630447387695,3.508908271789551
2.3666441440582275,2.8204448223114014,3.509779930114746
2.3666441440582275,2.8204448223114014,3.509779930114746
2.368036985397339,2.821080207824707,3.5102999210357666
2.368806838989258,2.8220934867858887,3.5087814331054688
2.368806838989258,2.8220934867858887,3.5087814331054688
2.3690147399902344,2.8223445415496826,3.5074832439422607
2.3688488006591797,2.8222010135650635,3.507641315460205
2.3688488006591797,2.8222010135650635,3.507641315460205
2.3699426651000977,2.8228042125701904,3.5081140995025635
2.3699426651000977,2.8228042125701904,3.5081140995025635
2.371351480484009,2.824472188949585,3.5066611766815186
2.3715341091156006,2.8247931003570557,3.505808115005493
2.3715341091156006,2.8247931003570557,3.505808115005493
2.371457099914551,2.8246865272521973,3.505810022354126
2.3721117973327637,2.8250975608825684,3.50589919090271
2.3721117973327637,2.8250975608825684,3.50589919090271
2.3737070560455322,2.8258962631225586,3.506232976913452
2.3737070560455322,2.8258962631225586,3.506232976913452
2.374988555908203,2.826760768890381,3.506474733352661
2.376572370529175,2.8282060623168945,3.505979537963867
2.376572370529175,2.8282060623168945,3.505979537963867
2.3770132064819336,2.82818341255188,3.506502866744995
2.376952886581421,2.828115701675415,3.506298780441284
2.376952886581421,2.828115701675415,3.506298780441284
2.377295732498169,2.8284645080566406,3.505511522293091
2.3771111965179443,2.8283331394195557,3.505157709121704
2.3771111965179443,2.8283331394195557,3.505157709121704
2.3767807483673096,2.8277227878570557,3.5053505897521973
2.3767807483673096,2.8277227878570557,3.5053505897521973
2.3766629695892334,2.827362060546875,3.5052480697631836
2.3782083988189697,2.8276853561401367,3.504754066467285
2.3782083988189697,2.8276853561401367,3.504754066467285
2.379204273223877,2.8279826641082764,3.50532603263855
2.379204273223877,2.8279826641082764,3.50532603263855
2.3791158199310303,2.8278980255126953,3.5058681964874268
2.3789114952087402,2.8281168937683105,3.5065531730651855
2.3789114952087402,2.8281168937683105,3.5065531730651855
2.3787989616394043,2.828155517578125,3.5069689750671387
2.3776602745056152,2.828061580657959,3.50667405128479
2.3776602745056152,2.828061580657959,3.50667405128479
2.378622055053711,2.828850269317627,3.507336378097534
2.378622055053711,2.828850269317627,3.507336378097534
2.3789706230163574,2.8290719985961914,3.5085911750793457
2.380725145339966,2.8300275802612305,3.5098750591278076
2.38175106048584,2.830509901046753,3.510033130645752
2.38175106048584,2.830509901046753,3.510033130645752
2.3823153972625732,2.8302271366119385,3.511367082595825
2.3823153972625732,2.8302271366119385,3.511367082595825
2.382488489151001,2.830010414123535,3.5125744342803955
2.381970167160034,2.8297598361968994,3.512789011001587
2.381970167160034,2.8297598361968994,3.512789011001587
2.383009433746338,2.8300468921661377,3.5131354331970215
2.383657455444336,2.8302412033081055,3.51401686668396
2.383657455444336,2.8302412033081055,3.51401686668396
2.38334321975708,2.8298046588897705,3.515408754348755
2.38334321975708,2.8298046588897705,3.515408754348755
2.3832602500915527,2.829739570617676,3.516489267349243
2.3832602500915527,2.829739570617676,3.516489267349243
2.383829116821289,2.8298699855804443,3.517232894897461
2.385413646697998,2.830803632736206,3.517552614212036
2.385413646697998,2.830803632736206,3.517552614212036
2.387455701828003,2.8311572074890137,3.519261360168457
2.388482093811035,2.8315024375915527,3.5201640129089355
2.388482093811035,2.8315024375915527,3.5201640129089355
2.3885881900787354,2.8314549922943115,3.5202949047088623
2.388331413269043,2.831310272216797,3.5204036235809326
2.388331413269043,2.831310272216797,3.5204036235809326
2.3886609077453613,2.8313441276550293,3.5208680629730225
2.3895087242126465,2.8317184448242188,3.5216026306152344
2.3895087242126465,2.8317184448242188,3.5216026306152344
2.3905575275421143,2.8329362869262695,3.5209670066833496
2.3905575275421143,2.8329362869262695,3.5209670066833496
2.3905177116394043,2.8329880237579346,3.5207996368408203
2.3909237384796143,2.832864284515381,3.521129608154297
2.3909237384796143,2.832864284515381,3.521129608154297
2.3919687271118164,2.833814859390259,3.5203068256378174
2.3919687271118164,2.833814859390259,3.5203068256378174
2.394707679748535,2.835106611251831,3.520822286605835
2.396482229232788,2.8356008529663086,3.522235631942749
2.396482229232788,2.8356008529663086,3.522235631942749
2.397934675216675,2.836390495300293,3.5229058265686035
2.397934675216675,2.836390495300293,3.5229058265686035
2.3977773189544678,2.8362326622009277,3.5229735374450684
2.398512601852417,2.8366456031799316,3.5217702388763428
2.398512601852417,2.8366456031799316,3.5217702388763428
2.3986706733703613,2.8365607261657715,3.521817207336426
2.3986706733703613,2.8365607261657715,3.521817207336426
2.3985447883605957,2.837233781814575,3.5224995613098145
2.399291515350342,2.837552785873413,3.523883819580078
2.399291515350342,2.837552785873413,3.523883819580078
2.4013073444366455,2.8389203548431396,3.5239756107330322
2.4013073444366455,2.8389203548431396,3.5239756107330322
2.40266752243042,2.8399851322174072,3.5243241786956787
2.4052352905273438,2.8410439491271973,3.526355504989624
2.4052352905273438,2.8410439491271973,3.526355504989624
2.4060850143432617,2.8416337966918945,3.5262296199798584
2.4060850143432617,2.8416337966918945,3.5262296199798584
2.4069623947143555,2.8419957160949707,3.5253055095672607
2.406733751296997,2.8417229652404785,3.5250296592712402
2.406733751296997,2.8417229652404785,3.5250296592712402
2.407952308654785,2.842216968536377,3.5253560543060303
2.407952308654785,2.842216968536377,3.5253560543060303
2.4100916385650635,2.84287691116333,3.5270256996154785
2.4106016159057617,2.8435873985290527,3.5263540744781494
2.4106016159057617,2.8435873985290527,3.5263540744781494
2.409741163253784,2.843742847442627,3.52384614944458
2.409741163253784,2.843742847442627,3.52384614944458
2.40800404548645,2.8426156044006348,3.524075746536255
2.4074923992156982,2.842233896255493,3.524709939956665
2.4074923992156982,2.842233896255493,3.524709939956665
2.4072182178497314,2.842177152633667,3.5248661041259766
2.4072182178497314,2.842177152633667,3.5248661041259766
2.409851312637329,2.843890905380249,3.5247740745544434
2.4113900661468506,2.84460186958313,3.5256829261779785
2.412201404571533,2.8445653915405273,3.5279595851898193
2.412201404571533,2.8445653915405273,3.5279595851898193
2.4124653339385986,2.8451526165008545,3.5271377563476562
2.4124653339385986,2.8451526165008545,3.5271377563476562
2.4123899936676025,2.845446825027466,3.5266001224517822
2.4123899936676025,2.845446825027466,3.5266001224517822
2.4120500087738037,2.845402956008911,3.5272817611694336
2.412977933883667,2.845787525177002,3.529482841491699
2.412977933883667,2.845787525177002,3.529482841491699
2.4134109020233154,2.8459348678588867,3.530210018157959
2.4126620292663574,2.8455686569213867,3.5303566455841064
2.4126620292663574,2.8455686569213867,3.5303566455841064
2.412076950073242,2.845280885696411,3.5299839973449707
2.412076950073242,2.845280885696411,3.5299839973449707
2.411911725997925,2.8444042205810547,3.531693458557129
2.412701368331909,2.8444321155548096,3.533240556716919
2.412701368331909,2.8444321155548096,3.533240556716919
2.4136831760406494,2.8450918197631836,3.533583641052246
2.4136831760406494,2.8450918197631836,3.533583641052246
2.4146249294281006,2.8449389934539795,3.5350632667541504
2.4146249294281006,2.8449389934539795,3.5350632667541504
2.4142870903015137,2.8447704315185547,3.5353121757507324
2.4152088165283203,2.845118284225464,3.535297393798828
2.4152088165283203,2.845118284225464,3.535297393798828
2.416701316833496,2.845757007598877,3.535947561264038
2.416701316833496,2.845757007598877,3.535947561264038
2.4176571369171143,2.846543312072754,3.5366413593292236
2.419877767562866,2.8469831943511963,3.5390312671661377
2.419877767562866,2.8469831943511963,3.5390312671661377
2.420085906982422,2.8476858139038086,3.5377023220062256
2.421090602874756,2.848175287246704,3.5364489555358887
2.421090602874756,2.848175287246704,3.5364489555358887
2.4211223125457764,2.8483924865722656,3.535978317260742
2.42227840423584,2.8483693599700928,3.537869930267334
2.42227840423584,2.8483693599700928,3.537869930267334
2.422832489013672,2.848958730697632,3.5375823974609375
2.424851179122925,2.8500821590423584,3.537099838256836
2.424851179122925,2.8500821590423584,3.537099838256836
2.4261093139648438,2.850921154022217,3.536275863647461
2.425741195678711,2.8506672382354736,3.536705493927002
2.425741195678711,2.8506672382354736,3.536705493927002
2.4257824420928955,2.8505518436431885,3.5365211963653564
2.4259235858917236,2.85056471824646,3.536229133605957
2.4259235858917236,2.85056471824646,3.536229133605957
2.4285976886749268,2.8516499996185303,3.537851333618164
2.4285976886749268,2.8516499996185303,3.537851333618164
2.4301517009735107,2.8526506423950195,3.5393192768096924
2.430781364440918,2.853753089904785,3.5380730628967285
2.430781364440918,2.853753089904785,3.5380730628967285
2.430724859237671,2.8540759086608887,3.536947727203369
2.4300384521484375,2.8536505699157715,3.5363948345184326
2.4300384521484375,2.8536505699157715,3.5363948345184326
2.431157112121582,2.853599786758423,3.538384199142456
2.431157112121582,2.853599786758423,3.538384199142456
2.431173324584961,2.854572057723999,3.53855037689209
2.432453155517578,2.855724334716797,3.537627935409546
2.432453155517578,2.855724334716797,3.537627935409546
2.4313576221466064,2.8554584980010986,3.537083625793457
2.4313576221466064,2.8554584980010986,3.537083625793457
2.4313268661499023,2.855282783508301,3.537280797958374
2.4313998222351074,2.8555777072906494,3.5371499061584473
2.4313998222351074,2.8555777072906494,3.5371499061584473
2.4338245391845703,2.8567755222320557,3.5381112098693848
2.436478853225708,2.8578693866729736,3.5400257110595703
2.436478853225708,2.8578693866729736,3.5400257110595703
2.4384615421295166,2.858962059020996,3.5407259464263916
2.4384615421295166,2.858962059020996,3.5407259464263916
2.439377784729004,2.859586477279663,3.5404555797576904
2.439377784729004,2.859586477279663,3.5404555797576904
2.4403488636016846,2.860295057296753,3.539376974105835
2.4402074813842773,2.860059976577759,3.540165424346924
2.4402074813842773,2.860059976577759,3.540165424346924
2.4414596557617188,2.860293388366699,3.541527509689331
2.4414596557617188,2.860293388366699,3.541527509689331
2.441096544265747,2.8605103492736816,3.540675401687622
2.4414522647857666,2.860724925994873,3.5402464866638184
2.4414522647857666,2.860724925994873,3.5402464866638184
2.4427731037139893,2.861301898956299,3.540707588195801
2.4427731037139893,2.861301898956299,3.540707588195801
2.4447338581085205,2.862199544906616,3.541926145553589
2.4458553791046143,2.8632123470306396,3.5415778160095215
2.4458553791046143,2.8632123470306396,3.5415778160095215
2.444873094558716,2.863193988800049,3.540395736694336
2.444873094558716,2.863193988800049,3.540395736694336
2.443758487701416,2.862700939178467,3.540060043334961
2.443049907684326,2.8621137142181396,3.5406038761138916
2.443049907684326,2.8621137142181396,3.5406038761138916
2.4439446926116943,2.862506866455078,3.5401601791381836
2.4439446926116943,2.862506866455078,3.5401601791381836
2.4445884227752686,2.863025188446045,3.539935350418091
2.445646047592163,2.863178253173828,3.5411527156829834
2.445646047592163,2.863178253173828,3.5411527156829834
2.4464142322540283,2.863579034805298,3.5412540435791016
2.4464142322540283,2.863579034805298,3.5412540435791016
2.446159839630127,2.863337278366089,3.5411412715911865
2.4462151527404785,2.8631627559661865,3.54079270362854
2.4462151527404785,2.8631627559661865,3.54079270362854
2.445188522338867,2.8628761768341064,3.541095733642578
2.445188522338867,2.8628761768341064,3.541095733642578
2.444007635116577,2.8624110221862793,3.541567802429199
2.4431841373443604,2.862147092819214,3.541715145111084
2.4431841373443604,2.862147092819214,3.541715145111084
2.443308115005493,2.862027168273926,3.542428493499756
2.443308115005493,2.862027168273926,3.542428493499756
2.4429147243499756,2.8623597621917725,3.5425124168395996
2.443645715713501,2.862661600112915,3.5435447692871094
2.443645715713501,2.862661600112915,3.5435447692871094
2.443850517272949,2.863029718399048,3.5445165634155273
2.443850517272949,2.863029718399048,3.5445165634155273
2.4451279640197754,2.863847494125366,3.545046806335449
2.445979595184326,2.8643081188201904,3.5453927516937256
2.445979595184326,2.8643081188201904,3.5453927516937256
2.446265697479248,2.8638391494750977,3.5471484661102295
2.446265697479248,2.8638391494750977,3.5471484661102295
2.4461448192596436,2.862882614135742,3.5487618446350098
2.446211814880371,2.8627307415008545,3.5490570068359375
2.446211814880371,2.8627307415008545,3.5490570068359375
2.447361946105957,2.8632705211639404,3.5495100021362305
2.447361946105957,2.8632705211639404,3.5495100021362305
2.4476940631866455,2.8632633686065674,3.5504872798919678
2.447220802307129,2.862731456756592,3.5514378547668457
2.447220802307129,2.862731456756592,3.5514378547668457
2.447469711303711,2.8626787662506104,3.5513134002685547
2.447469711303711,2.8626787662506104,3.5513134002685547
2.448601484298706,2.8631820678710938,3.551654577255249
2.451906442642212,2.864450216293335,3.5524990558624268
2.451906442642212,2.864450216293335,3.5524990558624268
2.453362464904785,2.8649487495422363,3.553809642791748
2.453362464904785,2.8649487495422363,3.553809642791748
2.4546990394592285,2.8656506538391113,3.5533223152160645
2.454782247543335,2.8659467697143555,3.552548885345459
2.454782247543335,2.8659467697143555,3.552548885345459
2.4544363021850586,2.8656082153320312,3.5527491569519043
2.4544363021850586,2.8656082153320312,3.5527491569519043
2.455136299133301,2.865428924560547,3.5540900230407715
2.457292079925537,2.8669161796569824,3.554032325744629
2.457292079925537,2.8669161796569824,3.554032325744629
2.4590344429016113,2.8681395053863525,3.553727865219116
2.4590344429016113,2.8681395053863525,3.553727865219116
2.459940195083618,2.8688178062438965,3.553283452987671
2.459502696990967,2.868868827819824,3.552717447280884
2.459502696990967,2.868868827819824,3.552717447280884
2.45939564704895,2.868952989578247,3.552154064178467
2.45939564704895,2.868952989578247,3.552154064178467
2.4600136280059814,2.869203567504883,3.5522267818450928
2.4611306190490723,2.870128631591797,3.5518174171447754
2.4611306190490723,2.870128631591797,3.5518174171447754
2.4629271030426025,2.8713181018829346,3.5521082878112793
2.4629271030426025,2.8713181018829346,3.5521082878112793
2.4639217853546143,2.8719193935394287,3.5521819591522217
2.4659907817840576,2.873060464859009,3.551464796066284
2.4659907817840576,2.873060464859009,3.551464796066284
2.4670321941375732,2.873582363128662,3.551706552505493
2.4670321941375732,2.873582363128662,3.551706552505493
2.4684157371520996,2.8746495246887207,3.5519821643829346
2.4688634872436523,2.8752729892730713,3.551668643951416
2.4688634872436523,2.8752729892730713,3.551668643951416
2.470186471939087,2.876429796218872,3.5517139434814453
2.470186471939087,2.876429796218872,3.5517139434814453
2.470550298690796,2.876734972000122,3.5513010025024414
2.47186279296875,2.877284049987793,3.551661252975464
2.47186279296875,2.877284049987793,3.551661252975464
2.4715962409973145,2.8771495819091797,3.551492929458618
2.4715962409973145,2.8771495819091797,3.551492929458618
2.470994472503662,2.8768725395202637,3.551194667816162
2.4702019691467285,2.876678705215454,3.5504181385040283
2.4702019691467285,2.876678705215454,3.5504181385040283
2.4705779552459717,2.876925230026245,3.5509226322174072
2.471832513809204,2.8781704902648926,3.551198720932007
2.471832513809204,2.8781704902648926,3.551198720932007
2.4731671810150146,2.8789279460906982,3.5518100261688232
2.4731671810150146,2.8789279460906982,3.5518100261688232
2.4734363555908203,2.8792033195495605,3.551790475845337
2.4735159873962402,2.878927707672119,3.551830768585205
2.4735159873962402,2.878927707672119,3.551830768585205
2.4736969470977783,2.8790290355682373,3.552022695541382
2.4736969470977783,2.8790290355682373,3.552022695541382
2.473949670791626,2.878645896911621,3.5534048080444336
2.4744019508361816,2.8791098594665527,3.5532405376434326
2.4751596450805664,2.879232406616211,3.5531742572784424
2.4751596450805664,2.879232406616211,3.5531742572784424
2.4769582748413086,2.8799915313720703,3.5539610385894775
2.4769582748413086,2.8799915313720703,3.5539610385894775
2.477055072784424,2.8797245025634766,3.5547990798950195
2.475996255874634,2.8792879581451416,3.5543453693389893
2.475996255874634,2.8792879581451416,3.5543453693389893
2.475905179977417,2.8791747093200684,3.553886651992798
2.475905179977417,2.8791747093200684,3.553886651992798
2.474956512451172,2.878809928894043,3.553392171859741
2.475294828414917,2.879516363143921,3.552950143814087
2.475935220718384,2.879986524581909,3.5529797077178955
2.475935220718384,2.879986524581909,3.5529797077178955
2.4764456748962402,2.8802685737609863,3.5533692836761475
2.476304531097412,2.8803656101226807,3.554049015045166
2.476304531097412,2.8803656101226807,3.554049015045166
2.4751429557800293,2.8800761699676514,3.5544309616088867
2.4751429557800293,2.8800761699676514,3.5544309616088867
2.474959135055542,2.8800737857818604,3.5550055503845215
2.4753801822662354,2.8807127475738525,3.554670572280884
2.4753801822662354,2.8807127475738525,3.554670572280884
2.476637840270996,2.8812105655670166,3.5549309253692627
2.476637840270996,2.8812105655670166,3.5549309253692627
2.477820873260498,2.8819172382354736,3.555849313735962
2.4783060550689697,2.8820736408233643,3.5565078258514404
2.4783060550689697,2.8820736408233643,3.5565078258514404
2.479020118713379,2.8823859691619873,3.5563101768493652
2.480307102203369,2.8831639289855957,3.55653977394104
2.4811761379241943,2.8835980892181396,3.5577943325042725
2.4811761379241943,2.8835980892181396,3.5577943325042725
2.482644557952881,2.884385347366333,3.557513475418091
2.482644557952881,2.884385347366333,3.557513475418091
2.4838669300079346,2.8856027126312256,3.5562491416931152
2.485092878341675,2.88637113571167,3.556288003921509
2.485092878341675,2.88637113571167,3.556288003921509
2.485792875289917,2.88693904876709,3.557188034057617
2.485792875289917,2.88693904876709,3.557188034057617
2.487192153930664,2.8880116939544678,3.5572457313537598
2.4881820678710938,2.8892581462860107,3.5562148094177246
2.4881820678710938,2.8892581462860107,3.5562148094177246
2.4888157844543457,2.8894906044006348,3.5563762187957764
2.4888157844543457,2.8894906044006348,3.5563762187957764
2.4894309043884277,2.8897674083709717,3.5566084384918213
2.4897377490997314,2.890038251876831,3.5569682121276855
2.4907257556915283,2.8905951976776123,3.5574522018432617
2.4907257556915283,2.8905951976776123,3.5574522018432617
2.4927713871002197,2.891806125640869,3.5575828552246094
2.4927713871002197,2.891806125640869,3.5575828552246094
2.497066020965576,2.8939175605773926,3.5596425533294678
2.4986519813537598,2.894650936126709,3.561586856842041
2.4986519813537598,2.894650936126709,3.561586856842041
2.5004942417144775,2.8955440521240234,3.561927080154419
2.5016205310821533,2.8966193199157715,3.5609354972839355
2.5016205310821533,2.8966193199157715,3.5609354972839355
2.501699447631836,2.8965976238250732,3.5613410472869873
2.501699447631836,2.8965976238250732,3.5613410472869873
2.5021533966064453,2.8968746662139893,3.5616166591644287
2.502556085586548,2.897169351577759,3.561476469039917
2.502556085586548,2.897169351577759,3.561476469039917
2.5041213035583496,2.898324966430664,3.560673952102661
2.504398822784424,2.898247241973877,3.5607216358184814
2.505498170852661,2.898508310317993,3.5615179538726807
2.505498170852661,2.898508310317993,3.5615179538726807
2.50640869140625,2.8989784717559814,3.561918258666992
2.5074567794799805,2.8995935916900635,3.5619094371795654
2.5074567794799805,2.8995935916900635,3.5619094371795654
2.507449150085449,2.8996074199676514,3.5616445541381836
2.5079355239868164,2.899714946746826,3.5620577335357666
2.5079355239868164,2.899714946746826,3.5620577335357666
2.508847236633301,2.899972677230835,3.5634021759033203
2.5100417137145996,2.9006991386413574,3.562946319580078
2.5100417137145996,2.9006991386413574,3.562946319580078
2.510540008544922,2.9012322425842285,3.562690258026123
2.509341239929199,2.9001028537750244,3.5639827251434326
2.509341239929199,2.9001028537750244,3.5639827251434326
2.5084755420684814,2.899994373321533,3.5630478858947754
2.5084755420684814,2.899994373321533,3.5630478858947754
2.5080692768096924,2.900062084197998,3.5620148181915283
2.508662223815918,2.900240898132324,3.5624685287475586
2.508662223815918,2.900240898132324,3.5624685287475586
2.5091805458068848,2.9003987312316895,3.5638387203216553
2.509769916534424,2.900987148284912,3.564706325531006
2.509769916534424,2.900987148284912,3.564706325531006
2.5097289085388184,2.9010355472564697,3.564944267272949
2.5097289085388184,2.9010355472564697,3.564944267272949
2.5094635486602783,2.901059150695801,3.565248966217041
2.510040760040283,2.9012091159820557,3.565945625305176
2.510040760040283,2.9012091159820557,3.565945625305176
2.510057210922241,2.90105938911438,3.5666513442993164
2.510932445526123,2.9013359546661377,3.56699275970459
2.510932445526123,2.9013359546661377,3.56699275970459
2.5110092163085938,2.901667356491089,3.56684947013855
2.5110092163085938,2.901667356491089,3.56684947013855
2.511199474334717,2.9012973308563232,3.567997694015503
2.511474609375,2.901304006576538,3.5687215328216553
2.511474609375,2.901304006576538,3.5687215328216553
2.512327194213867,2.9018328189849854,3.5692665576934814
2.512327194213867,2.9018328189849854,3.5692665576934814
2.5129525661468506,2.9021127223968506,3.568952798843384
2.5133395195007324,2.902531385421753,3.5684292316436768
2.513669967651367,2.902533769607544,3.5683393478393555
2.51431941986084,2.9027841091156006,3.5682008266448975
2.51431941986084,2.9027841091156006,3.5682008266448975
2.5151519775390625,2.9033236503601074,3.5676958560943604
2.5151519775390625,2.9033236503601074,3.5676958560943604
2.5166172981262207,2.9036784172058105,3.5681698322296143
2.518465280532837,2.9048776626586914,3.5684056282043457
2.518465280532837,2.9048776626586914,3.5684056282043457
2.5194129943847656,2.9057726860046387,3.5682220458984375
2.5194129943847656,2.9057726860046387,3.5682220458984375
2.5200908184051514,2.9063570499420166,3.567936658859253
2.520501136779785,2.9064104557037354,3.5691163539886475
2.520501136779785,2.9064104557037354,3.5691163539886475
2.5219736099243164,2.9068031311035156,3.5709147453308105
2.5224623680114746,2.907827854156494,3.570186138153076
2.5224623680114746,2.907827854156494,3.570186138153076
2.523374319076538,2.9086754322052,3.5703909397125244
2.523374319076538,2.9086754322052,3.5703909397125244
2.5235798358917236,2.908940076828003,3.5705859661102295
2.5248684883117676,2.9097836017608643,3.571028709411621
2.5248684883117676,2.9097836017608643,3.571028709411621
2.5258781909942627,2.910580635070801,3.5706982612609863
2.526824951171875,2.9109859466552734,3.5710320472717285
2.526824951171875,2.9109859466552734,3.5710320472717285
2.5283126831054688,2.9114558696746826,3.572293281555176
2.5296924114227295,2.9122936725616455,3.5724594593048096
2.5296924114227295,2.9122936725616455,3.5724594593048096
2.5321593284606934,2.913853645324707,3.572425127029419
2.5321593284606934,2.913853645324707,3.572425127029419
2.533564329147339,2.9147374629974365,3.5723369121551514
2.5345335006713867,2.914933204650879,3.573608875274658
2.5345335006713867,2.914933204650879,3.573608875274658
2.536062717437744,2.915957450866699,3.5734643936157227
2.536062717437744,2.915957450866699,3.5734643936157227
2.5373613834381104,2.9172723293304443,3.57308292388916
2.5399208068847656,2.9189343452453613,3.5740702152252197
2.5399208068847656,2.9189343452453613,3.5740702152252197
2.5408949851989746,2.9200923442840576,3.574521541595459
2.5408949851989746,2.9200923442840576,3.574521541595459
2.5432891845703125,2.9214401245117188,3.5749471187591553
2.5433690547943115,2.9218733310699463,3.574167013168335
2.5433690547943115,2.9218733310699463,3.574167013168335
2.542457342147827,2.9211478233337402,3.5752367973327637
2.542457342147827,2.9211478233337402,3.5752367973327637
2.5430541038513184,2.9214775562286377,3.575556993484497
2.5426764488220215,2.9215331077575684,3.5756618976593018
2.5426764488220215,2.9215331077575684,3.5756618976593018
2.542811155319214,2.921661853790283,3.5761964321136475
2.5426056385040283,2.921802282333374,3.575369358062744
2.5426056385040283,2.921802282333374,3.575369358062744
2.542163133621216,2.921584367752075,3.575796365737915
2.5420336723327637,2.9213743209838867,3.576364755630493
2.5420336723327637,2.9213743209838867,3.576364755630493
2.542457342147827,2.921905279159546,3.576751470565796
2.542457342147827,2.921905279159546,3.576751470565796
2.542975425720215,2.922508478164673,3.5771050453186035
2.543290138244629,2.922564744949341,3.5781421661376953
2.543290138244629,2.922564744949341,3.5781421661376953
2.542349338531494,2.9222145080566406,3.5781936645507812
2.541614532470703,2.9216954708099365,3.5772652626037598
2.541614532470703,2.9216954708099365,3.5772652626037598
2.541085958480835,2.9213976860046387,3.5768299102783203
2.541085958480835,2.9213976860046387,3.5768299102783203
2.5412757396698,2.921133279800415,3.578356981277466
2.5417730808258057,2.921705722808838,3.5791895389556885
2.5417730808258057,2.921705722808838,3.5791895389556885
2.5433571338653564,2.9224956035614014,3.5798473358154297
2.5433571338653564,2.9224956035614014,3.5798473358154297
2.5427637100219727,2.9218873977661133,3.5805695056915283
2.5425195693969727,2.922348976135254,3.580084800720215
2.5425195693969727,2.922348976135254,3.580084800720215
2.5416393280029297,2.922079086303711,3.580026865005493
2.5404582023620605,2.9214718341827393,3.5813491344451904
2.5404582023620605,2.9214718341827393,3.5813491344451904
2.5409348011016846,2.921645164489746,3.5822010040283203
2.5409348011016846,2.921645164489746,3.5822010040283203
2.541555881500244,2.92218017578125,3.5821547508239746
2.541555881500244,2.92218017578125,3.5821547508239746
2.5421054363250732,2.922861337661743,3.5818324089050293
2.541752338409424,2.922322988510132,3.583176374435425
2.541752338409424,2.922322988510132,3.583176374435425
2.541288375854492,2.9216911792755127,3.58383846282959
2.5425727367401123,2.922442674636841,3.5837318897247314
2.5425727367401123,2.922442674636841,3.5837318897247314
2.543353319168091,2.922348737716675,3.5842862129211426
2.543353319168091,2.922348737716675,3.5842862129211426
2.544426202774048,2.922703981399536,3.5859596729278564
2.546051263809204,2.923583984375,3.5866754055023193
2.546051263809204,2.923583984375,3.5866754055023193
2.5488319396972656,2.9252970218658447,3.586965322494507
2.5488319396972656,2.9252970218658447,3.586965322494507
2.5504186153411865,2.9271132946014404,3.5869035720825195
2.5518715381622314,2.9283409118652344,3.5881712436676025
2.5518715381622314,2.9283409118652344,3.5881712436676025
2.55424427986145,2.929811954498291,3.5902767181396484
2.55424427986145,2.929811954498291,3.5902767181396484
2.5563886165618896,2.931523323059082,3.5910863876342773
2.559004068374634,2.9335150718688965,3.5906829833984375
2.559004068374634,2.9335150718688965,3.5906829833984375
2.5601325035095215,2.9343652725219727,3.5899200439453125
2.5601325035095215,2.9343652725219727,3.5899200439453125
2.5593466758728027,2.933518648147583,3.589968204498291
2.560131072998047,2.933753490447998,3.5896174907684326
2.560131072998047,2.933753490447998,3.5896174907684326
2.5601329803466797,2.934121608734131,3.5889649391174316
2.562922477722168,2.9357171058654785,3.59061861038208
2.562922477722168,2.9357171058654785,3.59061861038208
2.565687656402588,2.937234878540039,3.5920910835266113
2.565687656402588,2.937234878540039,3.5920910835266113
2.567423105239868,2.9384758472442627,3.5923688411712646
2.568798542022705,2.9393694400787354,3.5918540954589844
2.568798542022705,2.9393694400787354,3.5918540954589844
2.567981719970703,2.938798427581787,3.5915796756744385
2.567981719970703,2.938798427581787,3.5915796756744385
2.5677614212036133,2.938664436340332,3.592681884765625
2.567841053009033,2.9391720294952393,3.5920839309692383
2.567841053009033,2.9391720294952393,3.5920839309692383
2.5670483112335205,2.9391067028045654,3.5903873443603516
2.5670483112335205,2.9391067028045654,3.5903873443603516
2.5674633979797363,2.939136505126953,3.589888572692871
2.568359851837158,2.9392459392547607,3.5909759998321533
2.568359851837158,2.9392459392547607,3.5909759998321533
2.570119857788086,2.940230131149292,3.5911943912506104
2.5709927082061768,2.940847635269165,3.5910048484802246
2.5709927082061768,2.940847635269165,3.5910048484802246
2.5720856189727783,2.941443920135498,3.5913286209106445
2.5720856189727783,2.941443920135498,3.5913286209106445
2.5729455947875977,2.941696882247925,3.5919108390808105
2.573460817337036,2.9413092136383057,3.5924363136291504
2.573460817337036,2.9413092136383057,3.5924363136291504
2.57405686378479,2.941585063934326,3.5920307636260986
2.57405686378479,2.941585063934326,3.5920307636260986
2.5751254558563232,2.9419586658477783,3.5926427841186523
2.575932264328003,2.9426913261413574,3.5937418937683105
2.575932264328003,2.9426913261413574,3.5937418937683105
2.5772922039031982,2.943711996078491,3.5946109294891357
2.5774450302124023,2.944554567337036,3.5933315753936768
2.5774450302124023,2.944554567337036,3.5933315753936768
2.5788767337799072,2.945462703704834,3.5936901569366455
2.5788767337799072,2.945462703704834,3.5936901569366455
2.5794239044189453,2.9455461502075195,3.5943663120269775
2.579362154006958,2.945028305053711,3.595712423324585
2.579362154006958,2.945028305053711,3.595712423324585
2.581932783126831,2.9466772079467773,3.596142292022705
2.581932783126831,2.9466772079467773,3.596142292022705
2.581904649734497,2.947035551071167,3.5963478088378906
2.583188772201538,2.9475038051605225,3.5980265140533447
2.583188772201538,2.9475038051605225,3.5980265140533447
2.583705425262451,2.9476640224456787,3.5998618602752686
2.584240436553955,2.9484493732452393,3.599905490875244
2.584240436553955,2.9484493732452393,3.599905490875244
2.5849645137786865,2.9493014812469482,3.6003286838531494
2.5851922035217285,2.949525833129883,3.6014089584350586
2.5851922035217285,2.949525833129883,3.6014089584350586
2.5858583450317383,2.949730157852173,3.602660894393921
2.5858583450317383,2.949730157852173,3.602660894393921
2.586711883544922,2.9503071308135986,3.6037535667419434
2.5881776809692383,2.951220989227295,3.6044342517852783
2.5881776809692383,2.951220989227295,3.6044342517852783
2.5891947746276855,2.9508066177368164,3.6079673767089844
2.5891947746276855,2.9508066177368164,3.6079673767089844
2.591179847717285,2.95154070854187,3.6097705364227295
2.5948984622955322,2.9536142349243164,3.6114745140075684
2.5948984622955322,2.9536142349243164,3.6114745140075684
2.597984790802002,2.9550445079803467,3.6133627891540527
2.600613594055176,2.9557199478149414,3.615766763687134
2.600613594055176,2.9557199478149414,3.615766763687134
2.6023294925689697,2.9566643238067627,3.6168954372406006
2.604379653930664,2.958057403564453,3.617130756378174
2.604379653930664,2.958057403564453,3.617130756378174
2.6060256958007812,2.9591407775878906,3.618504285812378
2.608452558517456,2.960599422454834,3.6202425956726074
2.608452558517456,2.960599422454834,3.6202425956726074
2.6108744144439697,2.962036609649658,3.621617317199707
2.6108744144439697,2.962036609649658,3.621617317199707
2.613069772720337,2.9632644653320312,3.6222853660583496
2.614630699157715,2.9638724327087402,3.6231606006622314
2.614630699157715,2.9638724327087402,3.6231606006622314
2.6156885623931885,2.964289426803589,3.6242809295654297
2.617205858230591,2.9653642177581787,3.623821496963501
2.617205858230591,2.9653642177581787,3.623821496963501
2.6189658641815186,2.9665253162384033,3.6245548725128174
2.6198582649230957,2.9669227600097656,3.6262729167938232
2.6198582649230957,2.9669227600097656,3.6262729167938232
2.621218204498291,2.9680120944976807,3.6266143321990967
2.6226301193237305,2.969501256942749,3.6251957416534424
2.6226301193237305,2.969501256942749,3.6251957416534424
2.6246259212493896,2.9709208011627197,3.626246452331543
2.626447916030884,2.971672773361206,3.6297359466552734
2.626447916030884,2.971672773361206,3.6297359466552734
2.629004955291748,2.973879337310791,3.630455493927002
2.6312317848205566,2.975749969482422,3.6304123401641846
2.6312317848205566,2.975749969482422,3.6304123401641846
2.632859468460083,2.9769675731658936,3.6310324668884277
2.6337101459503174,2.9773941040039062,3.632160186767578
2.6337101459503174,2.9773941040039062,3.632160186767578
2.634075880050659,2.977649688720703,3.6323912143707275
2.634075880050659,2.977649688720703,3.6323912143707275
2.6352505683898926,2.9786763191223145,3.6318411827087402
2.637277126312256,2.9799282550811768,3.632457733154297
2.637277126312256,2.9799282550811768,3.632457733154297
2.639420747756958,2.9811484813690186,3.634181261062622
2.641935348510742,2.982985258102417,3.6342356204986572
2.641935348510742,2.982985258102417,3.6342356204986572
2.6430037021636963,2.983938694000244,3.6339075565338135
2.643768787384033,2.984386444091797,3.6350948810577393
2.643768787384033,2.984386444091797,3.6350948810577393
2.6443371772766113,2.9847371578216553,3.635983943939209
2.645474910736084,2.9860169887542725,3.634936571121216
2.645474910736084,2.9860169887542725,3.634936571121216
2.6457018852233887,2.986638069152832,3.6339049339294434
2.646822214126587,2.987187623977661,3.634596824645996
2.6463234424591064,2.986861228942871,3.6348636150360107
2.6463234424591064,2.986861228942871,3.6348636150360107
2.6461803913116455,2.986832618713379,3.6337575912475586
2.6461803913116455,2.986832618713379,3.6337575912475586
2.6466000080108643,2.986948251724243,3.6335270404815674
2.6481215953826904,2.9871444702148438,3.636273145675659
2.6481215953826904,2.9871444702148438,3.636273145675659
2.6496963500976562,2.9880824089050293,3.6370530128479004
2.652925729751587,2.990175724029541,3.6369576454162598
2.6542131900787354,2.9912917613983154,3.637057065963745
2.6542131900787354,2.9912917613983154,3.637057065963745
2.655836343765259,2.991664171218872,3.639793872833252
2.655613899230957,2.992177724838257,3.6403141021728516
2.655613899230957,2.992177724838257,3.6403141021728516
2.6568121910095215,2.9927875995635986,3.641164779663086
2.657045602798462,2.9930152893066406,3.6409072875976562
2.657045602798462,2.9930152893066406,3.6409072875976562
2.6573987007141113,2.9927732944488525,3.6416313648223877
2.6577541828155518,2.992983341217041,3.641752243041992
2.6577541828155518,2.992983341217041,3.641752243041992
2.658567428588867,2.9931986331939697,3.6422247886657715
2.6590490341186523,2.9940505027770996,3.6425771713256836
2.6590490341186523,2.9940505027770996,3.6425771713256836
2.659956216812134,2.9949607849121094,3.6437227725982666
2.6606783866882324,2.995389223098755,3.6445958614349365
2.6606783866882324,2.995389223098755,3.6445958614349365
2.6614480018615723,2.9960241317749023,3.6453654766082764
2.6612515449523926,2.995857000350952,3.6465792655944824
2.6612515449523926,2.995857000350952,3.6465792655944824
2.661700487136841,2.996016025543213,3.6472415924072266
2.6621241569519043,2.996349573135376,3.648020029067993
2.6621241569519043,2.996349573135376,3.648020029067993
2.663114547729492,2.9969491958618164,3.650014638900757
2.664207696914673,2.997755289077759,3.6511242389678955
2.664207696914673,2.997755289077759,3.6511242389678955
2.665905714035034,2.999116897583008,3.6514816284179688
2.6670899391174316,2.999664783477783,3.652707576751709
2.6670899391174316,2.999664783477783,3.652707576751709
2.6683506965637207,3.0002834796905518,3.653215169906616
2.671398878097534,3.002251148223877,3.654301881790161
2.673635959625244,3.0034120082855225,3.655362129211426
2.673635959625244,3.0034120082855225,3.655362129211426
2.676900863647461,3.005349636077881,3.656744956970215
2.678414821624756,3.0061986446380615,3.657766103744507
2.678414821624756,3.0061986446380615,3.657766103744507
2.6804795265197754,3.007237672805786,3.657803773880005
2.6809167861938477,3.0070948600769043,3.6576461791992188
2.6809167861938477,3.0070948600769043,3.6576461791992188
2.681960344314575,3.007620096206665,3.6576340198516846
2.683758497238159,3.008275032043457,3.6586294174194336
2.683758497238159,3.008275032043457,3.6586294174194336
2.684929609298706,3.009740114212036,3.6592140197753906
2.685110569000244,3.0104100704193115,3.6597189903259277
2.685110569000244,3.0104100704193115,3.6597189903259277
2.685288667678833,3.0111310482025146,3.6596357822418213
2.685319662094116,3.012080430984497,3.6591787338256836
2.685319662094116,3.012080430984497,3.6591787338256836
2.68528151512146,3.012519359588623,3.658784866333008
2.686645030975342,3.013634204864502,3.659789800643921
2.686645030975342,3.013634204864502,3.659789800643921
2.6887197494506836,3.015289783477783,3.660372257232666
2.6887197494506836,3.015289783477783,3.660372257232666
2.690444231033325,3.016228199005127,3.660996675491333
2.6921167373657227,3.017317533493042,3.662339925765991
2.6921167373657227,3.017317533493042,3.662339925765991
2.6947338581085205,3.0191428661346436,3.662978172302246
2.698495864868164,3.0212559700012207,3.6648623943328857
2.698495864868164,3.0212559700012207,3.6648623943328857
2.70237135887146,3.0237462520599365,3.666675567626953
2.704465389251709,3.0253350734710693,3.6668763160705566
2.704465389251709,3.0253350734710693,3.6668763160705566
2.7057321071624756,3.0264532566070557,3.667149066925049
2.7052948474884033,3.0261478424072266,3.667741060256958
2.7052948474884033,3.0261478424072266,3.667741060256958
2.704082489013672,3.0253639221191406,3.6674914360046387
2.703444004058838,3.0249977111816406,3.6671128273010254
2.703444004058838,3.0249977111816406,3.6671128273010254
2.7031948566436768,3.0245859622955322,3.6668896675109863
2.703103542327881,3.0243630409240723,3.66790771484375
2.703103542327881,3.0243630409240723,3.66790771484375
2.703294277191162,3.0248513221740723,3.667194366455078
2.702922821044922,3.0246713161468506,3.6667346954345703
2.702922821044922,3.0246713161468506,3.6667346954345703
2.703169822692871,3.0246193408966064,3.6673977375030518
2.7041327953338623,3.0254721641540527,3.6673009395599365
2.7041327953338623,3.0254721641540527,3.6673009395599365
2.705909490585327,3.0265002250671387,3.668178081512451
2.7068569660186768,3.0270307064056396,3.6682562828063965
2.7068569660186768,3.0270307064056396,3.6682562828063965
2.7073793411254883,3.0270726680755615,3.6680426597595215
2.7070207595825195,3.0268032550811768,3.6683290004730225
2.7070207595825195,3.0268032550811768,3.6683290004730225
2.7064006328582764,3.026550054550171,3.6684789657592773
2.7059836387634277,3.026071548461914,3.6688504219055176
2.7059836387634277,3.026071548461914,3.6688504219055176
2.7068963050842285,3.0266027450561523,3.6689610481262207
2.707869291305542,3.0275931358337402,3.669529438018799
2.707869291305542,3.0275931358337402,3.669529438018799
2.708960771560669,3.0283777713775635,3.6707494258880615
2.708960771560669,3.0283777713775635,3.6707494258880615
2.7088446617126465,3.0285651683807373,3.671147108078003
2.7086377143859863,3.0286850929260254,3.671618700027466
2.7086377143859863,3.0286850929260254,3.671618700027466
2.70811128616333,3.028454542160034,3.671851396560669
2.7088048458099365,3.0290119647979736,3.6723520755767822
2.7088048458099365,3.0290119647979736,3.6723520755767822
2.710510492324829,3.029757022857666,3.6738905906677246
2.712151527404785,3.0307559967041016,3.6754209995269775
2.712151527404785,3.0307559967041016,3.6754209995269775
2.715547800064087,3.032939910888672,3.6770071983337402
2.7179718017578125,3.034477710723877,3.678288698196411
2.7179718017578125,3.034477710723877,3.678288698196411
2.7202627658843994,3.0364344120025635,3.679886817932129
2.7217953205108643,3.037447214126587,3.6815311908721924
2.7224340438842773,3.038438320159912,3.6812891960144043
2.7224340438842773,3.038438320159912,3.6812891960144043
2.7227134704589844,3.038933038711548,3.6805331707000732
2.7238941192626953,3.0396182537078857,3.6808583736419678
2.7238941192626953,3.0396182537078857,3.6808583736419678
2.725268840789795,3.0404505729675293,3.6819467544555664
2.727815628051758,3.0418293476104736,3.683053493499756
2.727815628051758,3.0418293476104736,3.683053493499756
2.7303175926208496,3.043459415435791,3.683809995651245
2.7303175926208496,3.043459415435791,3.683809995651245
2.7339258193969727,3.0458245277404785,3.684893846511841
2.735191822052002,3.046377658843994,3.6863439083099365
2.736997604370117,3.047524929046631,3.686579942703247
2.736997604370117,3.047524929046631,3.686579942703247
2.7375741004943848,3.048234224319458,3.6849944591522217
2.7361674308776855,3.04728102684021,3.6853463649749756
2.7361674308776855,3.04728102684021,3.6853463649749756
2.7358057498931885,3.0469372272491455,3.6862282752990723
2.7351884841918945,3.046370506286621,3.6860952377319336
2.7351884841918945,3.046370506286621,3.6860952377319336
2.7357547283172607,3.0472209453582764,3.684706926345825
2.7368359565734863,3.04793643951416,3.685323476791382
2.7368359565734863,3.04793643951416,3.685323476791382
2.7375285625457764,3.048344373703003,3.686915397644043
2.7375285625457764,3.048344373703003,3.686915397644043
2.7388908863067627,3.0495760440826416,3.6872105598449707
2.7397546768188477,3.050710439682007,3.6864123344421387
2.7397546768188477,3.050710439682007,3.6864123344421387
2.7404544353485107,3.0512313842773438,3.6870622634887695
2.741852045059204,3.052001476287842,3.6890199184417725
2.741852045059204,3.052001476287842,3.6890199184417725
2.7440242767333984,3.0537161827087402,3.689244508743286
2.7455556392669678,3.0548484325408936,3.6890947818756104
2.7455556392669678,3.0548484325408936,3.6890947818756104
2.7459511756896973,3.0550084114074707,3.6897168159484863
2.7468535900115967,3.055605173110962,3.6907331943511963
2.7468535900115967,3.055605173110962,3.6907331943511963
2.747936725616455,3.0565240383148193,3.691274642944336
2.747936725616455,3.0565240383148193,3.691274642944336
2.7483105659484863,3.05682110786438,3.691478729248047
2.748603343963623,3.0569400787353516,3.691699266433716
2.7488155364990234,3.0570859909057617,3.6918740272521973
2.7488155364990234,3.0570859909057617,3.6918740272521973
2.7490475177764893,3.057323932647705,3.6921873092651367
2.7500932216644287,3.057779312133789,3.6933703422546387
2.7500932216644287,3.057779312133789,3.6933703422546387
2.7500412464141846,3.0587384700775146,3.6935582160949707
2.7511565685272217,3.059830665588379,3.6941802501678467
2.7511565685272217,3.059830665588379,3.6941802501678467
2.7518506050109863,3.0604476928710938,3.695093870162964
2.7518818378448486,3.060690402984619,3.6954147815704346
2.7518818378448486,3.060690402984619,3.6954147815704346
2.7519266605377197,3.0608577728271484,3.6956849098205566
2.7514352798461914,3.060588836669922,3.696110248565674
2.7519259452819824,3.0604898929595947,3.6977264881134033
2.7519259452819824,3.0604898929595947,3.6977264881134033
2.752962827682495,3.0606794357299805,3.6988365650177
2.755568742752075,3.0622408390045166,3.700162410736084
2.755568742752075,3.0622408390045166,3.700162410736084
2.7578673362731934,3.0633819103240967,3.7017834186553955
2.759254217147827,3.0637412071228027,3.7029764652252197
2.759254217147827,3.0637412071228027,3.7029764652252197
2.7600605487823486,3.064068555831909,3.703784942626953
2.7614216804504395,3.064892053604126,3.7049338817596436
2.7614216804504395,3.064892053604126,3.7049338817596436
2.763908863067627,3.0664000511169434,3.7076687812805176
2.765909194946289,3.068408966064453,3.7083325386047363
2.765909194946289,3.068408966064453,3.7083325386047363
2.7680447101593018,3.0706536769866943,3.7068262100219727
2.7671148777008057,3.0703365802764893,3.7070889472961426
2.7671148777008057,3.0703365802764893,3.7070889472961426
2.7670209407806396,3.0701537132263184,3.70812726020813
2.7670209407806396,3.0701537132263184,3.70812726020813
2.7658579349517822,3.069160223007202,3.7081007957458496
2.7670278549194336,3.069551706314087,3.708956003189087
2.7684593200683594,3.0701935291290283,3.7095072269439697
2.7684593200683594,3.0701935291290283,3.7095072269439697
2.769975185394287,3.0710301399230957,3.7099013328552246
2.770857334136963,3.0713307857513428,3.7101821899414062
2.770857334136963,3.0713307857513428,3.7101821899414062
2.7715744972229004,3.071741819381714,3.7105495929718018
2.7715744972229004,3.071741819381714,3.7105495929718018
2.772554636001587,3.072643995285034,3.7107787132263184
2.7743024826049805,3.073591470718384,3.712082624435425
2.7743024826049805,3.073591470718384,3.712082624435425
2.7772934436798096,3.076148748397827,3.71252179145813
2.779787302017212,3.0786242485046387,3.7124128341674805
2.779787302017212,3.0786242485046387,3.7124128341674805
2.7814321517944336,3.080018997192383,3.7128894329071045
2.7817935943603516,3.080989122390747,3.713038921356201
2.7817935943603516,3.080989122390747,3.713038921356201
2.7810354232788086,3.080800771713257,3.712297201156616
2.781140089035034,3.080770254135132,3.7117297649383545
2.781140089035034,3.080770254135132,3.7117297649383545
2.781463384628296,3.080477237701416,3.7121593952178955
2.781924247741699,3.080967903137207,3.712864875793457
2.781924247741699,3.080967903137207,3.712864875793457
2.782238483428955,3.081146001815796,3.713137149810791
2.7830522060394287,3.0819251537323,3.7127065658569336
2.7830522060394287,3.0819251537323,3.7127065658569336
2.7850801944732666,3.083284616470337,3.7134642601013184
2.7861580848693848,3.084179401397705,3.7140305042266846
2.7861580848693848,3.084179401397705,3.7140305042266846
2.7888007164001465,3.0860185623168945,3.715113878250122
2.7900846004486084,3.0874886512756348,3.714343786239624
2.7900846004486084,3.0874886512756348,3.714343786239624
2.79054856300354,3.088277578353882,3.7142176628112793
2.7906086444854736,3.0882904529571533,3.7148308753967285
2.7906086444854736,3.0882904529571533,3.7148308753967285
2.7906033992767334,3.08851957321167,3.7143704891204834
2.791294813156128,3.088771343231201,3.713819980621338
2.791294813156128,3.088771343231201,3.713819980621338
2.791316032409668,3.0887539386749268,3.7132790088653564
2.7923717498779297,3.0891287326812744,3.7131805419921875
2.7923717498779297,3.0891287326812744,3.7131805419921875
2.7916483879089355,3.0885584354400635,3.7124404907226562
2.79082989692688,3.088238000869751,3.7120635509490967
2.79082989692688,3.088238000869751,3.7120635509490967
2.7906932830810547,3.0881965160369873,3.712414503097534
2.79109263420105,3.0890748500823975,3.713031530380249
2.79109263420105,3.0890748500823975,3.713031530380249
2.7920029163360596,3.0901029109954834,3.713285207748413
2.7920050621032715,3.090534210205078,3.712811231613159
2.7920050621032715,3.090534210205078,3.712811231613159
2.7915256023406982,3.0901801586151123,3.714285373687744
2.7920784950256348,3.09077525138855,3.7150838375091553
2.7921175956726074,3.091022491455078,3.715461254119873
2.7921175956726074,3.091022491455078,3.715461254119873
2.7931299209594727,3.091597080230713,3.7159860134124756
2.794405698776245,3.0918452739715576,3.71720814704895
2.794405698776245,3.0918452739715576,3.71720814704895
2.795760154724121,3.092446804046631,3.7189316749572754
2.7962417602539062,3.0926287174224854,3.7197022438049316
2.7962417602539062,3.0926287174224854,3.7197022438049316
2.798048734664917,3.093961477279663,3.7200214862823486
2.7994296550750732,3.0951616764068604,3.7205188274383545
2.8001797199249268,3.095480442047119,3.7222394943237305
2.8001797199249268,3.095480442047119,3.7222394943237305
2.8004612922668457,3.0960116386413574,3.722100257873535
2.8009865283966064,3.0965754985809326,3.7210276126861572
2.8009865283966064,3.0965754985809326,3.7210276126861572
2.802248477935791,3.097583770751953,3.7208263874053955
2.803088426589966,3.097362756729126,3.7229816913604736
2.803088426589966,3.097362756729126,3.7229816913604736
2.8035778999328613,3.0977344512939453,3.7228689193725586
2.803558349609375,3.0978457927703857,3.72204327583313
2.803558349609375,3.0978457927703857,3.72204327583313
2.8043277263641357,3.0980701446533203,3.7224392890930176
2.8041374683380127,3.0981504917144775,3.7222297191619873
2.8041374683380127,3.0981504917144775,3.7222297191619873
2.806826591491699,3.1000888347625732,3.7230191230773926
2.8098766803741455,3.102428436279297,3.724329710006714
2.8118841648101807,3.104701519012451,3.724787712097168
2.8118841648101807,3.104701519012451,3.724787712097168
2.814180850982666,3.1069042682647705,3.724863290786743
2.815375566482544,3.108013153076172,3.7250497341156006
2.815375566482544,3.108013153076172,3.7250497341156006
2.817293882369995,3.1095199584960938,3.725618362426758
2.8178300857543945,3.110323667526245,3.7261853218078613
2.8178300857543945,3.110323667526245,3.7261853218078613
2.819052219390869,3.1113245487213135,3.726936101913452
2.819607973098755,3.1121208667755127,3.7267632484436035
2.819607973098755,3.1121208667755127,3.7267632484436035
2.820103406906128,3.1124777793884277,3.727468490600586
2.821842908859253,3.1136488914489746,3.7280313968658447
2.822617292404175,3.1140637397766113,3.728104591369629
2.822617292404175,3.1140637397766113,3.728104591369629
2.822763442993164,3.114008903503418,3.7284927368164062
2.8237478733062744,3.114577054977417,3.7284610271453857
2.8237478733062744,3.114577054977417,3.7284610271453857
2.8243143558502197,3.1150760650634766,3.7286226749420166
2.825934648513794,3.1167120933532715,3.728564977645874
2.825934648513794,3.1167120933532715,3.728564977645874
2.8275537490844727,3.1179378032684326,3.729156255722046
2.8287413120269775,3.1189558506011963,3.7289845943450928
2.8287413120269775,3.1189558506011963,3.7289845943450928
2.8289661407470703,3.1191518306732178,3.7288706302642822
2.8293616771698,3.119582176208496,3.729219436645508
2.8293616771698,3.119582176208496,3.729219436645508
2.829496145248413,3.1197187900543213,3.729647636413574
2.830350160598755,3.120424747467041,3.729963541030884
2.830350160598755,3.120424747467041,3.729963541030884
2.8307130336761475,3.120359420776367,3.730318069458008
2.8318560123443604,3.120945692062378,3.7308013439178467
2.8318560123443604,3.120945692062378,3.7308013439178467
2.832265853881836,3.12115216255188,3.7308409214019775
2.832451581954956,3.1212949752807617,3.731337785720825
2.832451581954956,3.1212949752807617,3.731337785720825
2.832308292388916,3.121670961380005,3.7312450408935547
2.8326313495635986,3.1219282150268555,3.731691598892212
2.832808017730713,3.1229164600372314,3.7309253215789795
2.832808017730713,3.1229164600372314,3.7309253215789795
2.8339529037475586,3.123572826385498,3.731893539428711
2.834312915802002,3.1235458850860596,3.7328410148620605
2.834312915802002,3.1235458850860596,3.7328410148620605
2.8340535163879395,3.1234889030456543,3.7322680950164795
2.8343355655670166,3.1239452362060547,3.7327914237976074
2.8343355655670166,3.1239452362060547,3.7327914237976074
2.835688352584839,3.1247847080230713,3.7345480918884277
2.836712598800659,3.1259984970092773,3.735318183898926
2.8386433124542236,3.1270525455474854,3.7359695434570312
2.8386433124542236,3.1270525455474854,3.7359695434570312
2.838108777999878,3.1261942386627197,3.7365951538085938
2.837402582168579,3.124990463256836,3.736975908279419
2.8365437984466553,3.124116897583008,3.7369208335876465
2.8365437984466553,3.124116897583008,3.7369208335876465
2.836193323135376,3.1238842010498047,3.7370803356170654
2.8375604152679443,3.1246755123138428,3.737900495529175
2.8375604152679443,3.1246755123138428,3.737900495529175
2.8382668495178223,3.125812292098999,3.7383060455322266
2.8390562534332275,3.126406669616699,3.7393746376037598
2.8390562534332275,3.126406669616699,3.7393746376037598
2.839761734008789,3.1263620853424072,3.7415833473205566
2.840839385986328,3.127446413040161,3.740826368331909
2.840839385986328,3.127446413040161,3.740826368331909
2.841677188873291,3.1280131340026855,3.7411696910858154
2.8418729305267334,3.1279380321502686,3.742725372314453
2.8418729305267334,3.1279380321502686,3.742725372314453
2.842989683151245,3.129026412963867,3.7429232597351074
2.8429534435272217,3.129014730453491,3.7427914142608643
2.8439598083496094,3.1295673847198486,3.7426838874816895
2.8439598083496094,3.1295673847198486,3.7426838874816895
2.844334840774536,3.129432201385498,3.743309497833252
2.844888210296631,3.129932165145874,3.743523359298706
2.844888210296631,3.129932165145874,3.743523359298706
2.8458573818206787,3.130547046661377,3.74363374710083
2.846513509750366,3.130902051925659,3.744375705718994
2.846513509750366,3.130902051925659,3.744375705718994
2.848466396331787,3.1333673000335693,3.744802951812744
2.851015567779541,3.135789155960083,3.7451703548431396
2.851015567779541,3.135789155960083,3.7451703548431396
2.8536953926086426,3.138145923614502,3.745351791381836
2.854886770248413,3.1390576362609863,3.7454161643981934
2.854491710662842,3.1387267112731934,3.745903491973877
2.854491710662842,3.1387267112731934,3.745903491973877
2.852609872817993,3.137274742126465,3.74540638923645
2.8514950275421143,3.1366524696350098,3.7437758445739746
2.850874662399292,3.136347532272339,3.743328094482422
2.850874662399292,3.136347532272339,3.743328094482422
2.8516807556152344,3.1371822357177734,3.7438302040100098
2.852012872695923,3.1376359462738037,3.7440097332000732
2.852012872695923,3.1376359462738037,3.7440097332000732
2.8525054454803467,3.138484001159668,3.7433416843414307
2.8525664806365967,3.1390938758850098,3.7425718307495117
2.8525664806365967,3.1390938758850098,3.7425718307495117
2.854593276977539,3.1408708095550537,3.7429287433624268
2.8557982444763184,3.142432928085327,3.7432663440704346
2.8557982444763184,3.142432928085327,3.7432663440704346
2.8572471141815186,3.143641471862793,3.743110179901123
2.857104539871216,3.143665075302124,3.7420992851257324
2.857178211212158,3.143069267272949,3.7426397800445557
2.857178211212158,3.143069267272949,3.7426397800445557
2.8568923473358154,3.142380714416504,3.742882251739502
2.8576135635375977,3.1424503326416016,3.743720293045044
2.8576135635375977,3.1424503326416016,3.743720293045044
2.8583409786224365,3.1428043842315674,3.7433831691741943
2.8583922386169434,3.1423583030700684,3.74432110786438
2.8583922386169434,3.1423583030700684,3.74432110786438
2.8582584857940674,3.1417429447174072,3.7448551654815674
2.8590166568756104,3.142133951187134,3.7447304725646973
2.8590166568756104,3.142133951187134,3.7447304725646973
2.8593335151672363,3.1428520679473877,3.7439658641815186
2.8591432571411133,3.1431057453155518,3.7451882362365723
2.8591432571411133,3.1431057453155518,3.7451882362365723
2.861931085586548,3.145061492919922,3.747800827026367
2.8644156455993652,3.1478071212768555,3.7493820190429688
2.866013526916504,3.149402618408203,3.7504055500030518
2.866013526916504,3.149402618408203,3.7504055500030518
2.867131233215332,3.1505587100982666,3.751176118850708
2.8676846027374268,3.151264190673828,3.751411199569702
2.8676846027374268,3.151264190673828,3.751411199569702
2.867783784866333,3.1510133743286133,3.7525405883789062
2.8677477836608887,3.1505675315856934,3.753927707672119
2.8677477836608887,3.1505675315856934,3.753927707672119
2.8674843311309814,3.1505467891693115,3.7534549236297607
2.867628335952759,3.1500332355499268,3.7543036937713623
2.867628335952759,3.1500332355499268,3.7543036937713623
2.8676931858062744,3.1496236324310303,3.7553045749664307
2.868746519088745,3.150261402130127,3.7563250064849854
2.868746519088745,3.150261402130127,3.7563250064849854
2.8705546855926514,3.151156187057495,3.7582106590270996
2.871366500854492,3.152181625366211,3.7595109939575195
2.8730154037475586,3.153277635574341,3.761841297149658
2.8730154037475586,3.153277635574341,3.761841297149658
2.875434160232544,3.1554465293884277,3.7632062435150146
2.8771448135375977,3.1572189331054688,3.7642979621887207
2.8771448135375977,3.1572189331054688,3.7642979621887207
2.8782429695129395,3.1583712100982666,3.7653074264526367
2.879655361175537,3.1597747802734375,3.7662312984466553
2.879655361175537,3.1597747802734375,3.7662312984466553
2.8801472187042236,3.1606054306030273,3.766068935394287
2.8815345764160156,3.161865472793579,3.76567006111145
2.8815345764160156,3.161865472793579,3.76567006111145
2.882922887802124,3.1625516414642334,3.7666897773742676
2.8836288452148438,3.162963628768921,3.7676470279693604
2.885315179824829,3.1641931533813477,3.767892360687256
2.885315179824829,3.1641931533813477,3.767892360687256
2.8873419761657715,3.165950298309326,3.768244981765747
2.8891549110412598,3.1678519248962402,3.768824338912964
2.8900022506713867,3.1691792011260986,3.769080877304077
2.8900022506713867,3.1691792011260986,3.769080877304077
2.8919548988342285,3.1711461544036865,3.7682716846466064
2.8936173915863037,3.173060417175293,3.765854597091675
2.8936173915863037,3.173060417175293,3.765854597091675
2.893937826156616,3.173896551132202,3.763807535171509
2.894000768661499,3.174025297164917,3.763249397277832
2.894000768661499,3.174025297164917,3.763249397277832
2.8938679695129395,3.1737635135650635,3.763800621032715
2.8949334621429443,3.1751210689544678,3.7632033824920654
2.8949334621429443,3.1751210689544678,3.7632033824920654
2.896360397338867,3.1765830516815186,3.763262987136841
2.896568775177002,3.1767995357513428,3.7642223834991455
2.896568775177002,3.1767995357513428,3.7642223834991455
2.8957560062408447,3.176358699798584,3.7634687423706055
2.895339250564575,3.176151990890503,3.7626535892486572
2.895339250564575,3.176151990890503,3.7626535892486572
2.8964126110076904,3.1769707202911377,3.7625322341918945
2.8978097438812256,3.177664279937744,3.7646303176879883
2.8978097438812256,3.177664279937744,3.7646303176879883
2.898911476135254,3.1786868572235107,3.7648937702178955
2.8993630409240723,3.1792078018188477,3.764007091522217
2.898772954940796,3.1785199642181396,3.7632803916931152
2.898772954940796,3.1785199642181396,3.7632803916931152
2.897886276245117,3.177541971206665,3.7642993927001953
2.898231267929077,3.178029775619507,3.764608383178711
2.898231267929077,3.178029775619507,3.764608383178711
2.900254726409912,3.180018901824951,3.7640278339385986
2.9012248516082764,3.180272102355957,3.7649598121643066
2.9012248516082764,3.180272102355957,3.7649598121643066
2.900996685028076,3.1797893047332764,3.7657055854797363
2.900721549987793,3.17923641204834,3.765502691268921
2.900721549987793,3.17923641204834,3.765502691268921
2.9002435207366943,3.178868293762207,3.764892816543579
2.9006857872009277,3.1794605255126953,3.7654099464416504
2.9006857872009277,3.1794605255126953,3.7654099464416504
2.9014763832092285,3.180150270462036,3.7656495571136475
2.9017157554626465,3.1801908016204834,3.766221761703491
2.9017157554626465,3.1801908016204834,3.766221761703491
2.9015045166015625,3.1797332763671875,3.7659590244293213
2.9008572101593018,3.179135322570801,3.766515016555786
2.9011595249176025,3.179102897644043,3.7682442665100098
2.9011595249176025,3.179102897644043,3.7682442665100098
2.9017786979675293,3.1797754764556885,3.769409418106079
2.9033918380737305,3.1808745861053467,3.7718892097473145
2.9033918380737305,3.1808745861053467,3.7718892097473145
2.904428005218506,3.181839942932129,3.7731544971466064
2.9050302505493164,3.18206787109375,3.774273633956909
2.9050302505493164,3.18206787109375,3.774273633956909
2.9058847427368164,3.1824159622192383,3.7748425006866455
2.9061615467071533,3.1822917461395264,3.776221752166748
2.9066596031188965,3.1818201541900635,3.7786521911621094
2.9066596031188965,3.1818201541900635,3.7786521911621094
2.9076156616210938,3.1819565296173096,3.781843900680542
2.907709836959839,3.181702136993408,3.784640312194824
2.907709836959839,3.181702136993408,3.784640312194824
2.909562587738037,3.1835086345672607,3.7859959602355957
2.911046028137207,3.1849048137664795,3.7862143516540527
2.912907361984253,3.1863389015197754,3.7879130840301514
2.912907361984253,3.1863389015197754,3.7879130840301514
2.9134976863861084,3.1867170333862305,3.79001784324646
2.9149861335754395,3.1883726119995117,3.791188955307007
2.9149861335754395,3.1883726119995117,3.791188955307007
2.916276454925537,3.1895182132720947,3.791834592819214
2.916663408279419,3.1899988651275635,3.792090892791748
2.916663408279419,3.1899988651275635,3.792090892791748
2.917268991470337,3.1902356147766113,3.793778657913208
2.9168007373809814,3.1900553703308105,3.793764114379883
2.9168007373809814,3.1900553703308105,3.793764114379883
2.9164106845855713,3.1897730827331543,3.7938785552978516
2.917583465576172,3.1904828548431396,3.7950899600982666
2.917583465576172,3.1904828548431396,3.7950899600982666
2.917585611343384,3.190249443054199,3.7955477237701416
2.9198458194732666,3.1921606063842773,3.7952466011047363
2.920487403869629,3.1929612159729004,3.7939603328704834
2.920487403869629,3.1929612159729004,3.7939603328704834
2.9215481281280518,3.193990707397461,3.7949397563934326
2.922921657562256,3.1952879428863525,3.7964460849761963
2.922921657562256,3.1952879428863525,3.7964460849761963
2.9242937564849854,3.1970367431640625,3.796109437942505
2.9249579906463623,3.198683738708496,3.7950263023376465
2.9249579906463623,3.198683738708496,3.7950263023376465
2.9247887134552,3.1989364624023438,3.794605016708374
2.9247519969940186,3.1989710330963135,3.794904947280884
2.9246037006378174,3.199533462524414,3.7942726612091064
2.9246037006378174,3.199533462524414,3.7942726612091064
2.924544334411621,3.1999173164367676,3.793452024459839
2.9263713359832764,3.2016000747680664,3.7940454483032227
2.9267587661743164,3.2019219398498535,3.794790744781494
2.9267587661743164,3.2019219398498535,3.794790744781494
2.928560495376587,3.2033066749572754,3.7948646545410156
2.929694890975952,3.204379081726074,3.794253349304199
2.929694890975952,3.204379081726074,3.794253349304199
2.9298791885375977,3.2044665813446045,3.794269561767578
2.930994749069214,3.2054061889648438,3.7948265075683594
2.930994749069214,3.2054061889648438,3.7948265075683594
2.9311153888702393,3.2054412364959717,3.7949612140655518
2.9330484867095947,3.207205295562744,3.7946133613586426
2.9330484867095947,3.207205295562744,3.7946133613586426
2.9333555698394775,3.2072629928588867,3.794548988342285
2.933821678161621,3.207129716873169,3.7949790954589844
2.933732271194458,3.2067930698394775,3.794766902923584
2.933610200881958,3.206303834915161,3.7940924167633057
2.933610200881958,3.206303834915161,3.7940924167633057
2.9343459606170654,3.206724166870117,3.7942068576812744
2.934762716293335,3.206854820251465,3.795407772064209
2.934803009033203,3.207165241241455,3.795623540878296
2.934803009033203,3.207165241241455,3.795623540878296
2.9360194206237793,3.2078945636749268,3.79608416557312
2.9353532791137695,3.2073590755462646,3.7969589233398438
2.9353532791137695,3.2073590755462646,3.7969589233398438
2.934612512588501,3.206735372543335,3.797966480255127
2.9351322650909424,3.2076151371002197,3.7983388900756836
2.9351322650909424,3.2076151371002197,3.7983388900756836
2.9362802505493164,3.2087740898132324,3.798816204071045
2.938286304473877,3.2102608680725098,3.800579309463501
2.938286304473877,3.2102608680725098,3.800579309463501
2.939271926879883,3.211271047592163,3.802119731903076
2.9402143955230713,3.211864948272705,3.803497314453125
2.9418342113494873,3.2130322456359863,3.8046302795410156
2.9418342113494873,3.2130322456359863,3.8046302795410156
2.942934036254883,3.213839054107666,3.8062946796417236
2.9441723823547363,3.2146685123443604,3.8081166744232178
2.9441723823547363,3.2146685123443604,3.8081166744232178
2.9449968338012695,3.2151646614074707,3.8085296154022217
2.945253610610962,3.2151296138763428,3.808560609817505
2.9453158378601074,3.2147469520568848,3.8101494312286377
2.9453158378601074,3.2147469520568848,3.8101494312286377
2.9449994564056396,3.2147443294525146,3.8115792274475098
2.9455554485321045,3.2156410217285156,3.8117012977600098
2.9455554485321045,3.2156410217285156,3.8117012977600098
2.9457099437713623,3.215817451477051,3.811854600906372
2.945969820022583,3.2161946296691895,3.8119559288024902
2.945969820022583,3.2161946296691895,3.8119559288024902
2.9464426040649414,3.216606378555298,3.8123674392700195
2.946718454360962,3.217064380645752,3.812040328979492
2.947910785675049,3.2180349826812744,3.8120310306549072
2.947910785675049,3.2180349826812744,3.8120310306549072
2.9485886096954346,3.218256950378418,3.813122272491455
2.949613094329834,3.2191295623779297,3.812018871307373
2.949613094329834,3.2191295623779297,3.812018871307373
2.950528383255005,3.2195091247558594,3.8106472492218018
2.951617956161499,3.2200968265533447,3.8115153312683105
2.951617956161499,3.2200968265533447,3.8115153312683105
2.9519853591918945,3.220067262649536,3.813096284866333
2.953411102294922,3.2225120067596436,3.8124210834503174
2.953411102294922,3.2225120067596436,3.8124210834503174
2.954932928085327,3.224095344543457,3.8117024898529053
2.956904649734497,3.2255091667175293,3.8132333755493164
2.956904649734497,3.2255091667175293,3.8132333755493164
2.9573280811309814,3.22645902633667,3.8131704330444336
2.958289384841919,3.2274136543273926,3.8131585121154785
2.958289384841919,3.2274136543273926,3.8131585121154785
2.9591574668884277,3.2283313274383545,3.8131282329559326
2.9611685276031494,3.2302803993225098,3.815328598022461
2.9611685276031494,3.2302803993225098,3.815328598022461
2.9623732566833496,3.2321255207061768,3.815373182296753
2.964317560195923,3.234269380569458,3.8150033950805664
2.964317560195923,3.234269380569458,3.8150033950805664
2.9640979766845703,3.2343456745147705,3.814394474029541
2.963282585144043,3.2333576679229736,3.8145382404327393
2.962033271789551,3.2318778038024902,3.8139266967773438
2.962033271789551,3.2318778038024902,3.8139266967773438
2.961440086364746,3.2309768199920654,3.813687324523926
2.961724281311035,3.2313129901885986,3.813478946685791
2.961724281311035,3.2313129901885986,3.813478946685791
2.9628703594207764,3.2322845458984375,3.8144302368164062
2.963918447494507,3.2330501079559326,3.8153350353240967
2.963918447494507,3.2330501079559326,3.8153350353240967
2.964216709136963,3.2337379455566406,3.8151869773864746
2.9631741046905518,3.2330727577209473,3.8152823448181152
2.9631741046905518,3.2330727577209473,3.8152823448181152
2.964005470275879,3.2337868213653564,3.8152501583099365
2.964181900024414,3.233961582183838,3.8159217834472656
2.964181900024414,3.233961582183838,3.8159217834472656
2.964752674102783,3.234508752822876,3.816680431365967
2.9660239219665527,3.2356910705566406,3.816300868988037
2.9660239219665527,3.2356910705566406,3.816300868988037
2.966275930404663,3.2355074882507324,3.816699743270874
2.964916467666626,3.2339589595794678,3.8175888061523438
2.964916467666626,3.2339589595794678,3.8175888061523438
2.964080572128296,3.2329466342926025,3.818089485168457
2.964398145675659,3.233370304107666,3.817430019378662
2.964398145675659,3.233370304107666,3.817430019378662
2.9652154445648193,3.233945846557617,3.8179221153259277
2.9662256240844727,3.2349443435668945,3.8187198638916016
2.9662256240844727,3.2349443435668945,3.8187198638916016
2.967067003250122,3.235492706298828,3.819502115249634
2.968090534210205,3.236154317855835,3.8197877407073975
2.968090534210205,3.236154317855835,3.8197877407073975
2.968505382537842,3.2363996505737305,3.820448398590088
2.9685657024383545,3.2360055446624756,3.822009801864624
2.9685657024383545,3.2360055446624756,3.822009801864624
2.969020128250122,3.2364301681518555,3.8223068714141846
2.9700613021850586,3.2372312545776367,3.822105646133423
2.9700613021850586,3.2372312545776367,3.822105646133423
2.9702489376068115,3.237521171569824,3.822652578353882
2.9712584018707275,3.2382025718688965,3.8251430988311768
2.9712982177734375,3.2391409873962402,3.8249175548553467
2.9712982177734375,3.2391409873962402,3.8249175548553467
2.9727065563201904,3.2408783435821533,3.8247969150543213
2.973381519317627,3.2418251037597656,3.825016975402832
2.973381519317627,3.2418251037597656,3.825016975402832
2.97409725189209,3.2424705028533936,3.825843572616577
2.9753596782684326,3.2434518337249756,3.8258280754089355
2.9753596782684326,3.2434518337249756,3.8258280754089355
2.976461172103882,3.244472026824951,3.8251147270202637
2.9777324199676514,3.2448697090148926,3.8265533447265625
2.9777324199676514,3.2448697090148926,3.8265533447265625
2.977926254272461,3.2453744411468506,3.826963186264038
2.979206085205078,3.246281385421753,3.826474189758301
2.979206085205078,3.246281385421753,3.826474189758301
2.9801859855651855,3.2470924854278564,3.8253695964813232
2.9811248779296875,3.247631549835205,3.826575994491577
2.9811248779296875,3.247631549835205,3.826575994491577
2.981724739074707,3.2483348846435547,3.827888011932373
2.98404860496521,3.2508625984191895,3.8277900218963623
2.984994649887085,3.252415180206299,3.8267593383789062
2.984994649887085,3.252415180206299,3.8267593383789062
2.9856374263763428,3.253260374069214,3.8272316455841064
2.9860854148864746,3.253692865371704,3.827887535095215
2.9860854148864746,3.253692865371704,3.827887535095215
2.9865853786468506,3.254267454147339,3.826937675476074
2.9872853755950928,3.2546448707580566,3.826730251312256
2.9872853755950928,3.2546448707580566,3.826730251312256
2.9888501167297363,3.255758047103882,3.827995777130127
2.9900472164154053,3.2565245628356934,3.828946590423584
2.9900472164154053,3.2565245628356934,3.828946590423584
2.9912447929382324,3.257391929626465,3.829144239425659
2.992288827896118,3.2585020065307617,3.828704357147217
2.992288827896118,3.2585020065307617,3.828704357147217
2.994701862335205,3.2604575157165527,3.8301801681518555
2.9957492351531982,3.2619447708129883,3.831449031829834
2.9957492351531982,3.2619447708129883,3.831449031829834
2.9960525035858154,3.262784719467163,3.832468032836914
2.9962408542633057,3.263583183288574,3.8317036628723145
2.9962408542633057,3.263583183288574,3.8317036628723145
2.9959261417388916,3.263566255569458,3.8318724632263184
2.9958484172821045,3.263704299926758,3.832508087158203
2.9958484172821045,3.263704299926758,3.832508087158203
2.9962055683135986,3.2639925479888916,3.8333253860473633
2.9957799911499023,3.264169216156006,3.8325912952423096
2.9957799911499023,3.264169216156006,3.8325912952423096
2.9958600997924805,3.264326572418213,3.8322231769561768
2.9958600997924805,3.264326572418213,3.8322231769561768
2.996713876724243,3.265134811401367,3.832834005355835
2.997209310531616,3.2656493186950684,3.833793878555298
2.997209310531616,3.2656493186950684,3.833793878555298
2.997450113296509,3.2658557891845703,3.833738327026367
2.997464418411255,3.26601505279541,3.83335280418396
2.99706768989563,3.2655117511749268,3.834270477294922
2.99706768989563,3.2655117511749268,3.834270477294922
2.9972469806671143,3.2658092975616455,3.834444284439087
2.9970078468322754,3.2654097080230713,3.834906816482544
2.9970078468322754,3.2654097080230713,3.834906816482544
2.997502088546753,3.265664577484131,3.835167407989502
2.9975173473358154,3.2649099826812744,3.836026191711426
2.9975173473358154,3.2649099826812744,3.836026191711426
2.9974019527435303,3.2649922370910645,3.836463689804077
2.998194456100464,3.265721082687378,3.8371529579162598
2.998194456100464,3.265721082687378,3.8371529579162598
2.9987738132476807,3.266327381134033,3.8379480838775635
2.9995269775390625,3.2671749591827393,3.8385708332061768
2.9995269775390625,3.2671749591827393,3.8385708332061768
2.9999678134918213,3.2673492431640625,3.8403818607330322
3.000887870788574,3.268540859222412,3.8399670124053955
3.000887870788574,3.268540859222412,3.8399670124053955
3.0014984607696533,3.268995761871338,3.8399758338928223
3.001163959503174,3.2687108516693115,3.840808391571045
3.001163959503174,3.2687108516693115,3.840808391571045
3.0008881092071533,3.2684807777404785,3.8433563709259033
3.0008881092071533,3.2684807777404785,3.8433563709259033
3.000663995742798,3.2692055702209473,3.8431246280670166
3.000800848007202,3.269341468811035,3.8434269428253174
3.000800848007202,3.269341468811035,3.8434269428253174
3.001420259475708,3.2699313163757324,3.8442766666412354
3.0021865367889404,3.270355701446533,3.845734119415283
3.0021865367889404,3.270355701446533,3.845734119415283
3.003451347351074,3.2710790634155273,3.847304105758667
3.005270004272461,3.2727301120758057,3.8480067253112793
3.005270004272461,3.2727301120758057,3.8480067253112793
3.0075490474700928,3.27433443069458,3.8490757942199707
3.009533643722534,3.2759900093078613,3.849226713180542
3.009533643722534,3.2759900093078613,3.849226713180542
3.0122740268707275,3.278212308883667,3.849013566970825
3.014308214187622,3.279306173324585,3.849855422973633
3.014308214187622,3.279306173324585,3.849855422973633
3.015516996383667,3.2802534103393555,3.850416660308838
3.0169215202331543,3.281289577484131,3.8507683277130127
3.0169215202331543,3.281289577484131,3.8507683277130127
3.0183043479919434,3.2823128700256348,3.850557804107666
3.019714117050171,3.2840471267700195,3.8498713970184326
3.0213980674743652,3.2859649658203125,3.85020112991333
3.0213980674743652,3.2859649658203125,3.85020112991333
3.0238051414489746,3.287929058074951,3.8517444133758545
3.0259008407592773,3.2904856204986572,3.852083683013916
3.0259008407592773,3.2904856204986572,3.852083683013916
3.0282068252563477,3.2936086654663086,3.8523170948028564
3.029601812362671,3.2948737144470215,3.8536624908447266
3.029601812362671,3.2948737144470215,3.8536624908447266
3.0306079387664795,3.2960453033447266,3.8542568683624268
3.031860113143921,3.297147750854492,3.8542327880859375
3.031860113143921,3.297147750854492,3.8542327880859375
3.032711982727051,3.2980384826660156,3.854376792907715
3.033437490463257,3.29848575592041,3.8561501502990723
3.033437490463257,3.29848575592041,3.8561501502990723
3.0335452556610107,3.298938035964966,3.8562800884246826
3.0329461097717285,3.298572540283203,3.856159210205078
3.0329461097717285,3.298572540283203,3.856159210205078
3.0329813957214355,3.298757791519165,3.855775833129883
3.0329813957214355,3.298757791519165,3.855775833129883
3.0317912101745605,3.2978780269622803,3.8564846515655518
3.031386613845825,3.2978575229644775,3.8570024967193604
3.03267240524292,3.2991652488708496,3.8574390411376953
3.03267240524292,3.2991652488708496,3.8574390411376953
3.0335047245025635,3.3004300594329834,3.857649087905884
3.0338759422302246,3.301255464553833,3.857717990875244
3.0338759422302246,3.301255464553833,3.857717990875244
3.035322904586792,3.302485704421997,3.8580784797668457
3.035322904586792,3.302485704421997,3.8580784797668457
3.0360591411590576,3.303286552429199,3.8571548461914062
3.0368332862854004,3.303537368774414,3.8581032752990723
3.0368332862854004,3.303537368774414,3.8581032752990723
3.037418842315674,3.3041586875915527,3.8592114448547363
3.038444757461548,3.305424213409424,3.858954668045044
3.038444757461548,3.305424213409424,3.858954668045044
3.0389227867126465,3.3058574199676514,3.8587093353271484
3.0393242835998535,3.3059003353118896,3.859034538269043
3.0393242835998535,3.3059003353118896,3.859034538269043
3.0389797687530518,3.3052220344543457,3.859873056411743
3.039428234100342,3.3054940700531006,3.859503746032715
3.039428234100342,3.3054940700531006,3.859503746032715
3.0391006469726562,3.305772066116333,3.8586153984069824
3.0407345294952393,3.3072636127471924,3.8597865104675293
3.041290760040283,3.3078746795654297,3.8609941005706787
3.04182767868042,3.308742046356201,3.8601491451263428
3.04182767868042,3.308742046356201,3.8601491451263428
3.0421011447906494,3.3087105751037598,3.8602449893951416
3.0421011447906494,3.3087105751037598,3.8602449893951416
3.041808605194092,3.3077690601348877,3.8623647689819336
3.041659355163574,3.3078126907348633,3.8629720211029053
3.042003631591797,3.3083853721618652,3.8629345893859863
3.042003631591797,3.3083853721618652,3.8629345893859863
3.0431172847747803,3.309852123260498,3.862421989440918
3.0431172847747803,3.309852123260498,3.862421989440918
3.044027090072632,3.3105056285858154,3.8634400367736816
3.043323278427124,3.3098948001861572,3.863682508468628
3.043541431427002,3.3098318576812744,3.864011287689209
3.043541431427002,3.3098318576812744,3.864011287689209
3.0431573390960693,3.309809923171997,3.8637356758117676
3.044170379638672,3.310462713241577,3.8652186393737793
3.044170379638672,3.310462713241577,3.8652186393737793
3.0452442169189453,3.311478853225708,3.86649227142334
3.0460824966430664,3.31255841255188,3.866604804992676
3.0460824966430664,3.31255841255188,3.866604804992676
3.047426462173462,3.3130462169647217,3.8674137592315674
3.047849178314209,3.313382863998413,3.868436336517334
3.047849178314209,3.313382863998413,3.868436336517334
3.048595905303955,3.313951015472412,3.869363307952881
3.0493524074554443,3.315108299255371,3.868870735168457
3.0493524074554443,3.315108299255371,3.868870735168457
3.049816846847534,3.3163816928863525,3.8686840534210205
3.050309419631958,3.3171238899230957,3.8701395988464355
3.050309419631958,3.3171238899230957,3.8701395988464355
3.050729274749756,3.3181161880493164,3.8690903186798096
3.050729274749756,3.3181161880493164,3.8690903186798096
3.052004098892212,3.319355010986328,3.8685526847839355
3.0534985065460205,3.3205983638763428,3.868751287460327
3.0552210807800293,3.3218624591827393,3.8693745136260986
3.0552210807800293,3.3218624591827393,3.8693745136260986
3.0565435886383057,3.3227341175079346,3.869821071624756
3.0575199127197266,3.3236827850341797,3.869739294052124
3.0575199127197266,3.3236827850341797,3.869739294052124
3.058807611465454,3.324965715408325,3.869509220123291
3.059868812561035,3.326301097869873,3.8696112632751465
3.0601391792297363,3.3266212940216064,3.8701863288879395
3.0601391792297363,3.3266212940216064,3.8701863288879395
3.060689926147461,3.3274991512298584,3.8702776432037354
3.0618667602539062,3.328792095184326,3.869900941848755
3.0618667602539062,3.328792095184326,3.869900941848755
3.062727212905884,3.3298940658569336,3.8705263137817383
3.0633363723754883,3.3304617404937744,3.872189521789551
3.0633363723754883,3.3304617404937744,3.872189521789551
3.064044237136841,3.331808567047119,3.8717598915100098
3.064044237136841,3.331808567047119,3.8717598915100098
3.064979314804077,3.3331170082092285,3.871425151824951
3.065476655960083,3.3337371349334717,3.871807336807251
3.065476655960083,3.3337371349334717,3.871807336807251
3.0664710998535156,3.3344874382019043,3.873152256011963
3.0671541690826416,3.3353171348571777,3.8734257221221924
3.0671541690826416,3.3353171348571777,3.8734257221221924
3.0682458877563477,3.3365092277526855,3.873544692993164
3.0686073303222656,3.3369266986846924,3.8733530044555664
3.0689282417297363,3.3368749618530273,3.873769521713257
3.0689282417297363,3.3368749618530273,3.873769521713257
3.069540500640869,3.337416648864746,3.8738765716552734
3.069964647293091,3.337506055831909,3.8748414516448975
3.069964647293091,3.337506055831909,3.8748414516448975
3.0702102184295654,3.3380167484283447,3.874357223510742
3.0706305503845215,3.338613986968994,3.8740129470825195
3.0706305503845215,3.338613986968994,3.8740129470825195
3.070585012435913,3.338423490524292,3.8746650218963623
3.0707154273986816,3.3387703895568848,3.875516414642334
3.0707154273986816,3.3387703895568848,3.875516414642334
3.0714123249053955,3.339789628982544,3.8758113384246826
3.072144031524658,3.3404221534729004,3.876154661178589
3.072144031524658,3.3404221534729004,3.876154661178589
3.072450637817383,3.3401618003845215,3.877366065979004
3.0725221633911133,3.339718818664551,3.877579927444458
3.0725221633911133,3.339718818664551,3.877579927444458
3.0723490715026855,3.3393473625183105,3.8776776790618896
3.0727686882019043,3.3392348289489746,3.87833309173584
3.0722954273223877,3.3389322757720947,3.8794078826904297
3.0722954273223877,3.3389322757720947,3.8794078826904297
3.0724267959594727,3.3392012119293213,3.8794634342193604
3.072284698486328,3.3390872478485107,3.878528356552124
3.0725913047790527,3.338676929473877,3.8794968128204346
3.0725913047790527,3.338676929473877,3.8794968128204346
3.0730323791503906,3.3390209674835205,3.879606008529663
3.0740456581115723,3.3399319648742676,3.8801894187927246
3.0740456581115723,3.3399319648742676,3.8801894187927246
3.074965715408325,3.340589761734009,3.882047653198242
3.0745270252227783,3.3408548831939697,3.8825039863586426
3.0745270252227783,3.3408548831939697,3.8825039863586426
3.0755181312561035,3.3416614532470703,3.8834071159362793
3.076082468032837,3.3424859046936035,3.8836188316345215
3.076082468032837,3.3424859046936035,3.8836188316345215
3.077035427093506,3.343632221221924,3.884312629699707
3.0777406692504883,3.3445305824279785,3.8851144313812256
3.0777406692504883,3.3445305824279785,3.8851144313812256
3.078554630279541,3.3457021713256836,3.884881019592285
3.079679489135742,3.346977472305298,3.8846919536590576
3.080124616622925,3.3473117351531982,3.8849434852600098
3.080124616622925,3.3473117351531982,3.8849434852600098
3.0802085399627686,3.34708309173584,3.886047124862671
3.08089542388916,3.3477187156677246,3.885760545730591
3.08089542388916,3.3477187156677246,3.885760545730591
3.0814969539642334,3.3483128547668457,3.8850607872009277
3.0817008018493652,3.3477509021759033,3.8875958919525146
3.0817008018493652,3.3477509021759033,3.8875958919525146
3.0824077129364014,3.3505327701568604,3.887831926345825
3.0832362174987793,3.3519742488861084,3.887032985687256
3.0832362174987793,3.3519742488861084,3.887032985687256
3.084556818008423,3.353670835494995,3.8866708278656006
3.0851025581359863,3.3545055389404297,3.8864545822143555
3.0851025581359863,3.3545055389404297,3.8864545822143555
3.085411548614502,3.3546152114868164,3.886474609375
3.0864627361297607,3.3554329872131348,3.886685609817505
3.0864627361297607,3.3554329872131348,3.886685609817505
3.08742356300354,3.35616397857666,3.8866522312164307
3.0880367755889893,3.3569419384002686,3.887315273284912
3.08788800239563,3.3568215370178223,3.8876442909240723
3.08788800239563,3.3568215370178223,3.8876442909240723
3.088811159133911,3.3575146198272705,3.8875858783721924
3.0891120433807373,3.357678174972534,3.886441707611084
3.0891120433807373,3.357678174972534,3.886441707611084
3.089475154876709,3.35766339302063,3.887226104736328
3.0897088050842285,3.357771396636963,3.888113021850586
3.0897088050842285,3.357771396636963,3.888113021850586
3.089752674102783,3.358851909637451,3.886997938156128
3.090100049972534,3.3597991466522217,3.886441946029663
3.090100049972534,3.3597991466522217,3.886441946029663
3.0908563137054443,3.3605639934539795,3.886282205581665
3.091031312942505,3.3601837158203125,3.8867688179016113
3.091031312942505,3.3601837158203125,3.8867688179016113
3.090433359146118,3.3598384857177734,3.8855178356170654
3.090433359146118,3.3598384857177734,3.8855178356170654
3.090090751647949,3.3595283031463623,3.884506940841675
3.0905497074127197,3.359996795654297,3.8846659660339355
3.092106342315674,3.361828327178955,3.885063648223877
3.092106342315674,3.361828327178955,3.885063648223877
3.092754602432251,3.362368583679199,3.8856606483459473
3.0932540893554688,3.362884521484375,3.8855092525482178
3.094045877456665,3.363534927368164,3.8850479125976562
3.094045877456665,3.363534927368164,3.8850479125976562
3.0942771434783936,3.3640432357788086,3.8853814601898193
3.0947012901306152,3.364332675933838,3.8870599269866943
3.0947012901306152,3.364332675933838,3.8870599269866943
3.0950675010681152,3.3652913570404053,3.8871421813964844
3.095261335372925,3.365785837173462,3.8866214752197266
3.095261335372925,3.365785837173462,3.8866214752197266
3.0949063301086426,3.3656809329986572,3.886256694793701
3.095066547393799,3.3656673431396484,3.8873889446258545
3.095066547393799,3.3656673431396484,3.8873889446258545
3.0954110622406006,3.3658387660980225,3.8874735832214355
3.0962917804718018,3.366959810256958,3.88803768157959
3.0962917804718018,3.366959810256958,3.88803768157959
3.0982046127319336,3.3690333366394043,3.889829158782959
3.1002559661865234,3.3707022666931152,3.8920834064483643
3.1002559661865234,3.3707022666931152,3.8920834064483643
3.102091073989868,3.372218132019043,3.8938698768615723
3.103864908218384,3.3741440773010254,3.894597291946411
3.103864908218384,3.3741440773010254,3.894597291946411
3.1050949096679688,3.375408172607422,3.8955039978027344
3.1051218509674072,3.37569522857666,3.897372007369995
3.1051218509674072,3.37569522857666,3.897372007369995
3.10664439201355,3.377115488052368,3.8995182514190674
3.107020378112793,3.377699613571167,3.900031566619873
3.107020378112793,3.377699613571167,3.900031566619873
3.1085896492004395,3.378666639328003,3.901498556137085
3.1096179485321045,3.3792202472686768,3.9027063846588135
3.1096179485321045,3.3792202472686768,3.9027063846588135
3.1106348037719727,3.379624843597412,3.9040865898132324
3.1109488010406494,3.3793258666992188,3.9047300815582275
3.1109488010406494,3.3793258666992188,3.9047300815582275
3.112154006958008,3.3801848888397217,3.905818223953247
3.1126673221588135,3.380449056625366,3.906320333480835
3.1126673221588135,3.380449056625366,3.906320333480835
3.1138815879821777,3.3817296028137207,3.905928134918213
3.1143507957458496,3.382293462753296,3.905972957611084
3.1143507957458496,3.382293462753296,3.905972957611084
3.1148083209991455,3.3827004432678223,3.907572031021118
3.1148808002471924,3.383491039276123,3.9081168174743652
3.1148808002471924,3.383491039276123,3.9081168174743652
3.1146583557128906,3.383589029312134,3.907956600189209
3.11428165435791,3.3831560611724854,3.907939910888672
3.11428165435791,3.3831560611724854,3.907939910888672
3.1149063110351562,3.383618116378784,3.9086873531341553
3.116612195968628,3.3860206604003906,3.9087276458740234
3.116612195968628,3.3860206604003906,3.9087276458740234
3.1175296306610107,3.3873465061187744,3.908785104751587
3.118462562561035,3.3882150650024414,3.9098622798919678
3.118462562561035,3.3882150650024414,3.9098622798919678
3.1183252334594727,3.3886797428131104,3.9091761112213135
3.1181435585021973,3.3885421752929688,3.9083425998687744
3.1181435585021973,3.3885421752929688,3.9083425998687744
3.1186952590942383,3.3894083499908447,3.906677007675171
3.1196961402893066,3.390326976776123,3.9069526195526123
3.1196961402893066,3.390326976776123,3.9069526195526123
3.120743751525879,3.3917593955993652,3.907841920852661
3.121694803237915,3.39279842376709,3.9090452194213867
3.121694803237915,3.39279842376709,3.9090452194213867
3.122478485107422,3.394644021987915,3.9073379039764404
3.124098777770996,3.3963894844055176,3.9071173667907715
3.124098777770996,3.3963894844055176,3.9071173667907715
3.124161720275879,3.3964107036590576,3.907756805419922
3.1252083778381348,3.397284984588623,3.9083237648010254
3.1252083778381348,3.397284984588623,3.9083237648010254
3.1252403259277344,3.3973453044891357,3.907719135284424
3.126059055328369,3.3980867862701416,3.9073591232299805
3.126059055328369,3.3980867862701416,3.9073591232299805
3.1266560554504395,3.3982739448547363,3.9078266620635986
3.1262285709381104,3.3973231315612793,3.9072682857513428
3.1262285709381104,3.3973231315612793,3.9072682857513428
3.1274373531341553,3.3983266353607178,3.906949043273926
3.129063606262207,3.39973521232605,3.9076406955718994
3.129063606262207,3.39973521232605,3.9076406955718994
3.1294054985046387,3.4009225368499756,3.908254861831665
3.1304636001586914,3.403526782989502,3.908484935760498
3.131685256958008,3.4051570892333984,3.908496141433716
3.131685256958008,3.4051570892333984,3.908496141433716
3.1329991817474365,3.40665602684021,3.9090497493743896
3.133652448654175,3.407090902328491,3.90979266166687
3.133652448654175,3.407090902328491,3.90979266166687
3.133129119873047,3.4064056873321533,3.9108686447143555
3.1335103511810303,3.4064278602600098,3.911465883255005
3.1336474418640137,3.4064600467681885,3.9115147590637207
3.1336474418640137,3.4064600467681885,3.9115147590637207
3.1333978176116943,3.405604839324951,3.9123547077178955
3.1327664852142334,3.404534101486206,3.9140000343322754
3.1327664852142334,3.404534101486206,3.9140000343322754
3.132582187652588,3.404447555541992,3.913480281829834
3.1327998638153076,3.4045755863189697,3.9140923023223877
3.1327998638153076,3.4045755863189697,3.9140923023223877
3.134324550628662,3.4059417247772217,3.917301893234253
3.1349174976348877,3.4071450233459473,3.918468475341797
3.136744260787964,3.4095423221588135,3.91879940032959
3.136744260787964,3.4095423221588135,3.91879940032959
3.137958526611328,3.410722017288208,3.919199228286743
3.138611316680908,3.410792112350464,3.921344757080078
3.138611316680908,3.410792112350464,3.921344757080078
3.1402313709259033,3.4120776653289795,3.923251152038574
3.1416821479797363,3.413362503051758,3.924633502960205
3.1416821479797363,3.413362503051758,3.924633502960205
3.1431641578674316,3.4145305156707764,3.926642417907715
3.1438333988189697,3.415498971939087,3.9281368255615234
3.1438333988189697,3.415498971939087,3.9281368255615234
3.145390272140503,3.417433738708496,3.928591251373291
3.145785331726074,3.418261766433716,3.9269309043884277
3.145785331726074,3.418261766433716,3.9269309043884277
3.1468429565429688,3.4190149307250977,3.9279539585113525
3.147675037384033,3.41990327835083,3.9287376403808594
3.147675037384033,3.41990327835083,3.9287376403808594
3.148411750793457,3.4203336238861084,3.9298877716064453
3.1479439735412598,3.42010498046875,3.9293031692504883
3.1479439735412598,3.42010498046875,3.9293031692504883
3.1478734016418457,3.4203672409057617,3.9293570518493652
3.1476895809173584,3.420022487640381,3.9290900230407715
3.1476895809173584,3.420022487640381,3.9290900230407715
3.149294137954712,3.420846939086914,3.929935932159424
3.1491317749023438,3.4207775592803955,3.929135799407959
3.1495039463043213,3.421241283416748,3.929067373275757
3.1495039463043213,3.421241283416748,3.929067373275757
3.1495461463928223,3.4212701320648193,3.9288392066955566
3.1498348712921143,3.421463966369629,3.9286060333251953
3.150221824645996,3.421875476837158,3.9275476932525635
3.1503381729125977,3.421576976776123,3.927402973175049
3.1507163047790527,3.4216482639312744,3.92758846282959
3.1507163047790527,3.4216482639312744,3.92758846282959
3.1510722637176514,3.4225356578826904,3.9276607036590576
3.1518454551696777,3.4236767292022705,3.926980495452881
3.1518454551696777,3.4236767292022705,3.926980495452881
3.1525821685791016,3.4246180057525635,3.926239013671875
3.1523163318634033,3.424952268600464,3.9260988235473633
3.1523163318634033,3.424952268600464,3.9260988235473633
3.152433156967163,3.425588607788086,3.9264755249023438
3.153233051300049,3.426870346069336,3.9266130924224854
3.153233051300049,3.426870346069336,3.9266130924224854
3.153445243835449,3.427764654159546,3.9266929626464844
3.153812885284424,3.428788900375366,3.926788568496704
3.153812885284424,3.428788900375366,3.926788568496704
3.1547861099243164,3.4301655292510986,3.9272091388702393
3.155261278152466,3.431049346923828,3.926950216293335
3.155261278152466,3.431049346923828,3.926950216293335
3.1569414138793945,3.4331307411193848,3.9275717735290527
3.1573925018310547,3.4337525367736816,3.9287633895874023
3.158021926879883,3.434852123260498,3.929004430770874
3.1588375568389893,3.4353811740875244,3.9293527603149414
3.1588375568389893,3.4353811740875244,3.9293527603149414
3.159931182861328,3.4365522861480713,3.9291458129882812
3.160654306411743,3.436800003051758,3.929483413696289
3.160654306411743,3.436800003051758,3.929483413696289
3.1603567600250244,3.4359326362609863,3.929635524749756
3.1602532863616943,3.4357900619506836,3.93001651763916
3.1602532863616943,3.4357900619506836,3.93001651763916
3.16007924079895,3.4353911876678467,3.9304308891296387
3.1603944301605225,3.4362130165100098,3.930353879928589
3.1603944301605225,3.4362130165100098,3.930353879928589
3.1610469818115234,3.4372594356536865,3.9304661750793457
3.162330389022827,3.438328981399536,3.9325523376464844
3.162792682647705,3.439164400100708,3.933211326599121
3.162792682647705,3.439164400100708,3.933211326599121
3.16331148147583,3.4394659996032715,3.9332430362701416
3.1630916595458984,3.439053773880005,3.933574676513672
3.1630916595458984,3.439053773880005,3.933574676513672
3.1634361743927,3.4390969276428223,3.9349844455718994
3.1634361743927,3.4390969276428223,3.9349844455718994
3.163302183151245,3.438814401626587,3.935591220855713
3.164045810699463,3.4396157264709473,3.93620228767395
3.164045810699463,3.4396157264709473,3.93620228767395
3.1646528244018555,3.440099000930786,3.937307834625244
3.165173292160034,3.440485715866089,3.938352346420288
3.165173292160034,3.440485715866089,3.938352346420288
3.165875196456909,3.4411046504974365,3.9390194416046143
3.1666886806488037,3.442128896713257,3.9392852783203125
3.1666886806488037,3.442128896713257,3.9392852783203125
3.1683826446533203,3.444091558456421,3.940217971801758
3.169363498687744,3.4453251361846924,3.940979480743408
3.169363498687744,3.4453251361846924,3.940979480743408
3.171032190322876,3.4473488330841064,3.9408156871795654
3.1714670658111572,3.4480581283569336,3.9391801357269287
3.1714670658111572,3.4480581283569336,3.9391801357269287
3.1728484630584717,3.4487881660461426,3.9404733180999756
3.1742970943450928,3.4501492977142334,3.942373752593994
3.1742970943450928,3.4501492977142334,3.942373752593994
3.1754584312438965,3.451432704925537,3.94293475151062
3.176783561706543,3.4534945487976074,3.942401170730591
3.178406000137329,3.4554450511932373,3.942779302597046
3.178406000137329,3.4554450511932373,3.942779302597046
3.1799745559692383,3.4571633338928223,3.9441821575164795
3.181187629699707,3.458953380584717,3.9442272186279297
3.181187629699707,3.458953380584717,3.9442272186279297
3.1823201179504395,3.4599685668945312,3.944721221923828
3.18379282951355,3.46128511428833,3.945286512374878
3.18379282951355,3.46128511428833,3.945286512374878
3.184476375579834,3.462312936782837,3.945425271987915
3.185732126235962,3.463632345199585,3.945380687713623
3.185732126235962,3.463632345199585,3.945380687713623
3.1862783432006836,3.4641637802124023,3.9446141719818115
3.186851739883423,3.4645841121673584,3.945981502532959
3.186851739883423,3.4645841121673584,3.945981502532959
3.1864004135131836,3.4650626182556152,3.945854663848877
3.1865410804748535,3.4654273986816406,3.9459404945373535
3.187329053878784,3.4663846492767334,3.9456076622009277
3.187329053878784,3.4663846492767334,3.9456076622009277
3.187035083770752,3.465862274169922,3.9459285736083984
3.1868574619293213,3.4657042026519775,3.9465010166168213
3.1868574619293213,3.4657042026519775,3.9465010166168213
3.1866650581359863,3.4656970500946045,3.9462437629699707
3.187321424484253,3.466928243637085,3.9464011192321777
3.187321424484253,3.466928243637085,3.9464011192321777
3.187041997909546,3.4675824642181396,3.9463181495666504
3.188213586807251,3.469048023223877,3.946859836578369
3.188213586807251,3.469048023223877,3.946859836578369
3.1887686252593994,3.4701225757598877,3.9471852779388428
3.189201831817627,3.4705965518951416,3.947049856185913
3.189201831817627,3.4705965518951416,3.947049856185913
3.189504861831665,3.4709603786468506,3.9466781616210938
3.1894516944885254,3.471360206604004,3.9468095302581787
3.1894516944885254,3.471360206604004,3.9468095302581787
3.19073486328125,3.472907781600952,3.9475059509277344
3.1910674571990967,3.473227024078369,3.9485390186309814
3.191930055618286,3.4741995334625244,3.9491488933563232
3.191930055618286,3.4741995334625244,3.9491488933563232
3.1914587020874023,3.473625898361206,3.9491822719573975
3.19079327583313,3.4728341102600098,3.949449062347412
3.19079327583313,3.4728341102600098,3.949449062347412
3.1909494400024414,3.4728949069976807,3.9491748809814453
3.1908395290374756,3.4723308086395264,3.9499611854553223
3.1913797855377197,3.472836971282959,3.9508752822875977
3.1913797855377197,3.472836971282959,3.9508752822875977
3.192307472229004,3.473484516143799,3.951791286468506
3.1935136318206787,3.4742774963378906,3.953183650970459
3.1935136318206787,3.4742774963378906,3.953183650970459
3.19427490234375,3.4751148223876953,3.9533627033233643
3.1951210498809814,3.4759459495544434,3.953601598739624
3.1951210498809814,3.4759459495544434,3.953601598739624
3.1954379081726074,3.4763944149017334,3.955662250518799
3.196883201599121,3.478071689605713,3.956780195236206
3.196883201599121,3.478071689605713,3.956780195236206
3.1970748901367188,3.4785234928131104,3.9563851356506348
3.1966447830200195,3.477402687072754,3.9559731483459473
3.1966447830200195,3.477402687072754,3.9559731483459473
3.1968934535980225,3.476978302001953,3.9560234546661377
3.1962695121765137,3.4764459133148193,3.955543279647827
3.1962695121765137,3.4764459133148193,3.955543279647827
3.1976675987243652,3.47798228263855,3.955472230911255
3.1988396644592285,3.4797375202178955,3.9553189277648926
3.1988396644592285,3.4797375202178955,3.9553189277648926
3.1985390186309814,3.4795455932617188,3.9561874866485596
3.198838233947754,3.4800243377685547,3.9554946422576904
3.198838233947754,3.4800243377685547,3.9554946422576904
3.199558734893799,3.480778217315674,3.9547109603881836
3.1998391151428223,3.48158597946167,3.9557251930236816
3.1998391151428223,3.48158597946167,3.9557251930236816
3.200345039367676,3.482051372528076,3.9572646617889404
3.2007055282592773,3.4827098846435547,3.9562458992004395
3.2007055282592773,3.4827098846435547,3.9562458992004395
3.200453758239746,3.4825680255889893,3.95500111579895
3.2008142471313477,3.4825375080108643,3.954775094985962
3.2008142471313477,3.4825375080108643,3.954775094985962
3.2008907794952393,3.482046604156494,3.9557063579559326
3.201111078262329,3.4823851585388184,3.955090045928955
3.201111078262329,3.4823851585388184,3.955090045928955
3.2016382217407227,3.483328342437744,3.954982280731201
3.203141689300537,3.4850432872772217,3.9555513858795166
3.203990936279297,3.4865193367004395,3.9565796852111816
3.203990936279297,3.4865193367004395,3.9565796852111816
3.205317735671997,3.4886515140533447,3.9562554359436035
3.206372022628784,3.4901371002197266,3.9561314582824707
3.206372022628784,3.4901371002197266,3.9561314582824707
3.2072887420654297,3.4915850162506104,3.9571497440338135
3.2080066204071045,3.492819309234619,3.9575388431549072
3.2080066204071045,3.492819309234619,3.9575388431549072
3.208116292953491,3.49300479888916,3.957357406616211
3.207181215286255,3.4919967651367188,3.9562065601348877
3.207181215286255,3.4919967651367188,3.9562065601348877
3.206827163696289,3.4906890392303467,3.956805467605591
3.2060160636901855,3.489280939102173,3.9569034576416016
3.2060160636901855,3.489280939102173,3.9569034576416016
3.206904411315918,3.4898617267608643,3.9571549892425537
3.206782341003418,3.4896256923675537,3.957470655441284
3.206782341003418,3.4896256923675537,3.957470655441284
3.2079274654388428,3.4908604621887207,3.957587242126465
3.208772659301758,3.491678476333618,3.958437442779541
3.208772659301758,3.491678476333618,3.958437442779541
3.2090775966644287,3.492136001586914,3.9579360485076904
3.2089014053344727,3.4914417266845703,3.957740068435669
3.2089014053344727,3.4914417266845703,3.957740068435669
3.2080867290496826,3.49035382270813,3.9578418731689453
3.20827317237854,3.490652084350586,3.958773136138916
3.20827317237854,3.490652084350586,3.958773136138916
3.208496570587158,3.4915099143981934,3.959080219268799
3.2088704109191895,3.492058277130127,3.9596896171569824
3.2088704109191895,3.492058277130127,3.9596896171569824
3.2089266777038574,3.492168426513672,3.9602255821228027
3.2089083194732666,3.492321729660034,3.9610435962677
3.2089083194732666,3.492321729660034,3.9610435962677
3.2090864181518555,3.492449998855591,3.961395025253296
3.2091338634490967,3.492335319519043,3.9623358249664307
3.2091338634490967,3.492335319519043,3.9623358249664307
3.2088465690612793,3.492326498031616,3.9630861282348633
3.2085647583007812,3.4919545650482178,3.963499069213867
3.2085647583007812,3.4919545650482178,3.963499069213867
3.2078053951263428,3.491018533706665,3.96510910987854
3.20686936378479,3.490556001663208,3.965235948562622
3.2058727741241455,3.490112543106079,3.965507984161377
3.2058727741241455,3.490112543106079,3.965507984161377
3.2058138847351074,3.489875078201294,3.966677188873291
3.20735764503479,3.4912614822387695,3.969992160797119
3.20735764503479,3.4912614822387695,3.969992160797119
3.2091057300567627,3.493344306945801,3.9708590507507324
3.211419105529785,3.4957895278930664,3.971785306930542
3.211419105529785,3.4957895278930664,3.971785306930542
3.2131361961364746,3.4973325729370117,3.9750425815582275
3.21551775932312,3.499833822250366,3.9800167083740234
3.21551775932312,3.499833822250366,3.9800167083740234
3.2165656089782715,3.5016062259674072,3.9807775020599365
3.21752667427063,3.502794027328491,3.9806928634643555
3.21752667427063,3.502794027328491,3.9806928634643555
3.2181615829467773,3.502892017364502,3.9829788208007812
3.2182393074035645,3.503035306930542,3.9838414192199707
3.2182393074035645,3.503035306930542,3.9838414192199707
3.219059944152832,3.503704309463501,3.984405994415283
3.2203826904296875,3.504978895187378,3.9848549365997314
3.2203826904296875,3.504978895187378,3.9848549365997314
3.221963882446289,3.506781816482544,3.9870805740356445
3.223205804824829,3.50835919380188,3.988891363143921
3.223205804824829,3.50835919380188,3.988891363143921
3.2245492935180664,3.5101168155670166,3.9896345138549805
3.225615978240967,3.511556625366211,3.989335536956787
3.225615978240967,3.511556625366211,3.989335536956787
3.226090431213379,3.512037515640259,3.9905216693878174
3.227067232131958,3.5127105712890625,3.9925856590270996
3.227067232131958,3.5127105712890625,3.9925856590270996
3.227325916290283,3.513824462890625,3.9927804470062256
3.2278952598571777,3.5149788856506348,3.993227243423462
3.2278952598571777,3.5149788856506348,3.993227243423462
3.2291696071624756,3.5163967609405518,3.99489426612854
3.2307138442993164,3.518285036087036,3.9944891929626465
3.2319719791412354,3.519519329071045,3.9940786361694336
3.2319719791412354,3.519519329071045,3.9940786361694336
3.2330031394958496,3.520458936691284,3.995331287384033
3.23332142829895,3.5208659172058105,3.996595621109009
3.23332142829895,3.5208659172058105,3.996595621109009
3.2334656715393066,3.521815299987793,3.9963319301605225
3.234689235687256,3.5234031677246094,3.995793104171753
3.234689235687256,3.5234031677246094,3.995793104171753
3.235414505004883,3.5244364738464355,3.9956953525543213
3.236417055130005,3.5256333351135254,3.9965479373931885
3.236417055130005,3.5256333351135254,3.9965479373931885
3.2371370792388916,3.526651620864868,3.9969496726989746
3.238211154937744,3.5279481410980225,3.997720241546631
3.238211154937744,3.5279481410980225,3.997720241546631
3.238616704940796,3.5300557613372803,3.99837327003479
3.239889144897461,3.53139328956604,3.9986910820007324
3.239889144897461,3.53139328956604,3.9986910820007324
3.2418951988220215,3.533616065979004,3.998605966567993
3.243560314178467,3.5352659225463867,3.998753309249878
3.243560314178467,3.5352659225463867,3.998753309249878
3.244619846343994,3.5370960235595703,3.9994008541107178
3.2461090087890625,3.539144277572632,4.0007171630859375
3.2461090087890625,3.539144277572632,4.0007171630859375
3.2464330196380615,3.540005683898926,4.001037120819092
3.2466087341308594,3.540417194366455,4.000974655151367
3.2466087341308594,3.540417194366455,4.000974655151367
3.2465262413024902,3.5397744178771973,4.001718044281006
3.247143507003784,3.5400211811065674,4.002368927001953
3.2486727237701416,3.541510820388794,4.0026655197143555
3.2486727237701416,3.541510820388794,4.0026655197143555
3.2503316402435303,3.54353404045105,4.003306865692139
3.2533226013183594,3.5468547344207764,4.005199909210205
3.2533226013183594,3.5468547344207764,4.005199909210205
3.2556636333465576,3.54963755607605,4.006292343139648
3.258075714111328,3.5532195568084717,4.006997108459473
3.258075714111328,3.5532195568084717,4.006997108459473
3.260279655456543,3.555973529815674,4.007429599761963
3.2618870735168457,3.5574746131896973,4.008579730987549
3.2618870735168457,3.5574746131896973,4.008579730987549
3.261767864227295,3.5574536323547363,4.00919771194458
3.2606797218322754,3.556300640106201,4.0102715492248535
3.2605972290039062,3.556783437728882,4.009568214416504
3.2605972290039062,3.556783437728882,4.009568214416504
3.2609050273895264,3.557548999786377,4.010201930999756
3.2616398334503174,3.558372735977173,4.01085901260376
3.2616398334503174,3.558372735977173,4.01085901260376
3.262310028076172,3.558969259262085,4.012698650360107
3.2632672786712646,3.559494972229004,4.013412952423096
3.2632672786712646,3.559494972229004,4.013412952423096
3.263897657394409,3.5601062774658203,4.013835906982422
3.2653956413269043,3.5614306926727295,4.014733791351318
3.2653956413269043,3.5614306926727295,4.014733791351318
3.265922784805298,3.5621447563171387,4.016424179077148
3.2671849727630615,3.564035654067993,4.017579078674316
3.2687289714813232,3.5658161640167236,4.01812219619751
3.2687289714813232,3.5658161640167236,4.01812219619751
3.26947021484375,3.5664665699005127,4.020016670227051
3.26947021484375,3.5664665699005127,4.020016670227051
3.2705700397491455,3.568462610244751,4.021082401275635
3.27121901512146,3.5696921348571777,4.022635459899902
3.27121901512146,3.5696921348571777,4.022635459899902
3.2717833518981934,3.570789098739624,4.023733139038086
3.271803140640259,3.570765972137451,4.024996757507324
3.271803140640259,3.570765972137451,4.024996757507324
3.2713727951049805,3.570197105407715,4.025572776794434
3.271404266357422,3.570237159729004,4.026290416717529
3.271404266357422,3.570237159729004,4.026290416717529
3.2714736461639404,3.5710129737854004,4.026544570922852
3.272765636444092,3.5733256340026855,4.02617883682251
3.272765636444092,3.5733256340026855,4.02617883682251
3.27420973777771,3.575291156768799,4.02681827545166
3.274902820587158,3.576306104660034,4.0276947021484375
3.274902820587158,3.576306104660034,4.0276947021484375
3.275998115539551,3.577068567276001,4.027914524078369
3.2768807411193848,3.5779836177825928,4.028426647186279
3.278761863708496,3.5796918869018555,4.030756950378418
3.278761863708496,3.5796918869018555,4.030756950378418
3.280130624771118,3.5814828872680664,4.0308918952941895
3.2810685634613037,3.5828022956848145,4.030459403991699
3.2810685634613037,3.5828022956848145,4.030459403991699
3.2810604572296143,3.5825178623199463,4.02942419052124
3.280941963195801,3.581853151321411,4.02897310256958
3.280941963195801,3.581853151321411,4.02897310256958
3.28084397315979,3.5810329914093018,4.028209686279297
3.2817223072052,3.5818402767181396,4.027983665466309
3.2817223072052,3.5818402767181396,4.027983665466309
3.2832987308502197,3.584691286087036,4.028235912322998
3.284226417541504,3.587202548980713,4.028064727783203
3.285917043685913,3.589305877685547,4.029391765594482
3.285917043685913,3.589305877685547,4.029391765594482
3.2871484756469727,3.591547727584839,4.029595851898193
3.2871484756469727,3.591547727584839,4.029595851898193
3.2882487773895264,3.593595027923584,4.0291266441345215
3.2889044284820557,3.59476375579834,4.0297393798828125
3.2892074584960938,3.5954604148864746,4.030426502227783
3.2892074584960938,3.5954604148864746,4.030426502227783
3.2895452976226807,3.5964419841766357,4.029877185821533
3.28963303565979,3.596921682357788,4.029967784881592
3.28963303565979,3.596921682357788,4.029967784881592
3.2892165184020996,3.5966389179229736,4.030327796936035
3.2889485359191895,3.596508741378784,4.0307488441467285
3.2889485359191895,3.596508741378784,4.0307488441467285
3.290395975112915,3.5979013442993164,4.030828952789307
3.291499137878418,3.5990097522735596,4.03127384185791
3.291499137878418,3.5990097522735596,4.03127384185791
3.292586326599121,3.600024700164795,4.031951904296875
3.2943115234375,3.602189302444458,4.032474994659424
3.2943115234375,3.602189302444458,4.032474994659424
3.296018123626709,3.604133367538452,4.032689571380615
3.2981395721435547,3.606125593185425,4.034034252166748
3.2981395721435547,3.606125593185425,4.034034252166748
3.298739433288574,3.6062605381011963,4.034989356994629
3.2998130321502686,3.607172966003418,4.035436630249023
3.300084352493286,3.6072075366973877,4.034538269042969
3.300084352493286,3.6072075366973877,4.034538269042969
3.29974102973938,3.6076033115386963,4.034822940826416
3.299363613128662,3.6074819564819336,4.035635948181152
3.299363613128662,3.6074819564819336,4.035635948181152
3.3000903129577637,3.608546495437622,4.036660671234131
3.3007850646972656,3.609844923019409,4.037561893463135
3.300546169281006,3.611278533935547,4.0389533042907715
3.300546169281006,3.611278533935547,4.0389533042907715
3.301623582839966,3.6129913330078125,4.040261745452881
3.3021321296691895,3.613917350769043,4.040962219238281
3.3021321296691895,3.613917350769043,4.040962219238281
3.3033320903778076,3.615220308303833,4.041367053985596
3.304190158843994,3.6160972118377686,4.0418806076049805
3.304190158843994,3.6160972118377686,4.0418806076049805
3.3050334453582764,3.6166067123413086,4.043185234069824
3.306262254714966,3.617126226425171,4.044754981994629
3.306262254714966,3.617126226425171,4.044754981994629
3.3080837726593018,3.6188228130340576,4.045406818389893
3.310173749923706,3.6207633018493652,4.046191692352295
3.3113551139831543,3.62235689163208,4.0483598709106445
3.3113551139831543,3.62235689163208,4.0483598709106445
3.312932252883911,3.624784231185913,4.0498809814453125
3.3150391578674316,3.627288818359375,4.0512824058532715
3.3150391578674316,3.627288818359375,4.0512824058532715
3.3163228034973145,3.629493236541748,4.052206039428711
3.317577600479126,3.6313259601593018,4.0545806884765625
3.317577600479126,3.6313259601593018,4.0545806884765625
3.3185298442840576,3.6327056884765625,4.0562591552734375
3.3198952674865723,3.6350693702697754,4.057122707366943
3.3198952674865723,3.6350693702697754,4.057122707366943
3.3209187984466553,3.6368298530578613,4.058056831359863
3.3217742443084717,3.6382877826690674,4.058526515960693
3.3217742443084717,3.6382877826690674,4.058526515960693
3.3230788707733154,3.640049934387207,4.059593200683594
3.324183940887451,3.641939640045166,4.060447692871094
3.324183940887451,3.641939640045166,4.060447692871094
3.324953556060791,3.642927885055542,4.061020374298096
3.3243918418884277,3.6421658992767334,4.061824798583984
3.3243918418884277,3.6421658992767334,4.061824798583984
3.3239777088165283,3.641505479812622,4.062142372131348
3.3234808444976807,3.641042709350586,4.061884880065918
3.3234808444976807,3.641042709350586,4.061884880065918
3.323410987854004,3.6407365798950195,4.061918258666992
3.3241145610809326,3.6415457725524902,4.062460899353027
3.3241145610809326,3.6415457725524902,4.062460899353027
3.324699640274048,3.642545223236084,4.062875747680664
3.3258211612701416,3.643998384475708,4.063767910003662
3.3258767127990723,3.6443281173706055,4.063869953155518
3.3258767127990723,3.6443281173706055,4.063869953155518
3.326127529144287,3.6451499462127686,4.062720775604248
3.326742172241211,3.6458098888397217,4.062601089477539
3.326742172241211,3.6458098888397217,4.062601089477539
3.3277428150177,3.6470065116882324,4.064045429229736
3.3281667232513428,3.6475090980529785,4.062858581542969
3.3281667232513428,3.6475090980529785,4.062858581542969
3.328242301940918,3.6473278999328613,4.0627031326293945
3.328202962875366,3.6469173431396484,4.062325477600098
3.328202962875366,3.6469173431396484,4.062325477600098
3.328385829925537,3.6476035118103027,4.062162399291992
3.3292760848999023,3.649158000946045,4.061980724334717
3.3292760848999023,3.649158000946045,4.061980724334717
3.330855369567871,3.6512675285339355,4.062467098236084
3.3306784629821777,3.6514816284179688,4.063094615936279
3.3305954933166504,3.6523027420043945,4.062475204467773
3.3305954933166504,3.6523027420043945,4.062475204467773
3.3309152126312256,3.65293550491333,4.061156749725342
3.330933094024658,3.6532015800476074,4.060757160186768
3.330933094024658,3.6532015800476074,4.060757160186768
3.331643581390381,3.654548406600952,4.061729431152344
3.332613945007324,3.655653953552246,4.0629448890686035
3.332613945007324,3.655653953552246,4.0629448890686035
3.3323960304260254,3.655672550201416,4.062650680541992
3.3328423500061035,3.655428409576416,4.061878681182861
3.3316750526428223,3.6534438133239746,4.061307430267334
3.3316750526428223,3.6534438133239746,4.061307430267334
3.3321242332458496,3.653622627258301,4.062291622161865
3.3331103324890137,3.6547272205352783,4.062886714935303
3.3331103324890137,3.6547272205352783,4.062886714935303
3.3336117267608643,3.6558339595794678,4.062193393707275
3.333986520767212,3.655944585800171,4.062744140625
3.3336822986602783,3.655350685119629,4.063571929931641
3.3336822986602783,3.655350685119629,4.063571929931641
3.3337645530700684,3.6555726528167725,4.063379764556885
3.3341033458709717,3.65619158744812,4.063533306121826
3.335207462310791,3.6580810546875,4.06415319442749
3.335207462310791,3.6580810546875,4.06415319442749
3.3352067470550537,3.6590263843536377,4.065587997436523
3.3360252380371094,3.6598896980285645,4.06644344329834
3.3371903896331787,3.661374092102051,4.0653395652771
3.3371903896331787,3.661374092102051,4.0653395652771
3.3368101119995117,3.6606431007385254,4.065767288208008
3.3361148834228516,3.6600606441497803,4.066386699676514
3.3361148834228516,3.6600606441497803,4.066386699676514
3.33555269241333,3.659210681915283,4.066535472869873
3.3364100456237793,3.659893751144409,4.067208290100098
3.3364100456237793,3.659893751144409,4.067208290100098
3.337479829788208,3.660640001296997,4.0677809715271
3.338029384613037,3.660872459411621,4.068770408630371
3.338029384613037,3.660872459411621,4.068770408630371
3.3388166427612305,3.6614623069763184,4.069753646850586
3.3393969535827637,3.6618077754974365,4.070323467254639
3.3404204845428467,3.662877321243286,4.0712151527404785
3.3404204845428467,3.662877321243286,4.0712151527404785
3.3410050868988037,3.6635329723358154,4.0719380378723145
3.34159255027771,3.6647861003875732,4.072096347808838
3.342318534851074,3.6657936573028564,4.071364879608154
3.342318534851074,3.6657936573028564,4.071364879608154
3.3427648544311523,3.666051149368286,4.071743965148926
3.3423514366149902,3.6657016277313232,4.0722432136535645
3.341981887817383,3.6655328273773193,4.0716552734375
3.3421006202697754,3.665644884109497,4.0707197189331055
3.3421006202697754,3.665644884109497,4.0707197189331055
3.3425984382629395,3.6662333011627197,4.070277690887451
3.343093156814575,3.667526960372925,4.070140361785889
3.3449952602386475,3.670227289199829,4.070379257202148
3.3449952602386475,3.670227289199829,4.070379257202148
3.345672845840454,3.671619415283203,4.0701446533203125
3.3474504947662354,3.6743056774139404,4.0713419914245605
3.3474504947662354,3.6743056774139404,4.0713419914245605
3.348381757736206,3.675935983657837,4.072479248046875
3.350128173828125,3.678593873977661,4.072800159454346
3.3501579761505127,3.6790878772735596,4.072011470794678
3.3501579761505127,3.6790878772735596,4.072011470794678
3.350416898727417,3.6795103549957275,4.072599411010742
3.3508989810943604,3.6802055835723877,4.073481559753418
3.3508989810943604,3.6802055835723877,4.073481559753418
3.3519017696380615,3.6816513538360596,4.073305130004883
3.3524904251098633,3.682756185531616,4.073704242706299
3.3535616397857666,3.684513807296753,4.074638366699219
3.3535616397857666,3.684513807296753,4.074638366699219
3.354260206222534,3.686089515686035,4.076186180114746
3.354666233062744,3.6874043941497803,4.07662296295166
3.355172872543335,3.6882569789886475,4.076661586761475
3.355172872543335,3.6882569789886475,4.076661586761475
3.354680299758911,3.6880927085876465,4.075735092163086
3.355358600616455,3.688567876815796,4.076271057128906
3.355358600616455,3.688567876815796,4.076271057128906
3.3559560775756836,3.6892945766448975,4.0769734382629395
3.3569321632385254,3.6908657550811768,4.076828479766846
3.3580286502838135,3.6921145915985107,4.077052593231201
3.3580286502838135,3.6921145915985107,4.077052593231201
3.357992649078369,3.6919305324554443,4.0769853591918945
3.3577303886413574,3.6912097930908203,4.077777862548828
3.3577303886413574,3.6912097930908203,4.077777862548828
3.356933355331421,3.689412832260132,4.0780487060546875
3.3575050830841064,3.6893625259399414,4.077337741851807
3.3574931621551514,3.6891531944274902,4.077692031860352
3.3574931621551514,3.6891531944274902,4.077692031860352
3.3577418327331543,3.6892716884613037,4.079479217529297
3.3581793308258057,3.6899824142456055,4.079262733459473
3.3581793308258057,3.6899824142456055,4.079262733459473
3.3584508895874023,3.6905252933502197,4.079250812530518
3.3591294288635254,3.691420793533325,4.081059455871582
3.3593966960906982,3.692248821258545,4.082889080047607
3.3593966960906982,3.692248821258545,4.082889080047607
3.360124349594116,3.693354845046997,4.082980155944824
3.360764503479004,3.693995237350464,4.082096576690674
3.360764503479004,3.693995237350464,4.082096576690674
3.3602235317230225,3.6925644874572754,4.083296775817871
3.3594257831573486,3.692441940307617,4.0838212966918945
3.3593122959136963,3.6923630237579346,4.084202289581299
3.3593122959136963,3.6923630237579346,4.084202289581299
3.359739303588867,3.693236827850342,4.0829644203186035
3.360572099685669,3.6934876441955566,4.083705902099609
3.360572099685669,3.6934876441955566,4.083705902099609
3.361119031906128,3.6943304538726807,4.084347248077393
3.3611505031585693,3.694464921951294,4.084214210510254
3.3611505031585693,3.694464921951294,4.084214210510254
3.361311197280884,3.694127082824707,4.084849834442139
3.3610494136810303,3.693369150161743,4.084477424621582
3.3610494136810303,3.693369150161743,4.084477424621582
3.3618195056915283,3.693636655807495,4.086056232452393
3.3623597621917725,3.695404291152954,4.0851054191589355
3.3623597621917725,3.695404291152954,4.0851054191589355
3.3635435104370117,3.6976611614227295,4.084874153137207
3.364595651626587,3.6993532180786133,4.085887432098389
3.364595651626587,3.6993532180786133,4.085887432098389
3.3646395206451416,3.700031042098999,4.086524963378906
3.365139961242676,3.7011966705322266,4.086709499359131
3.3656744956970215,3.702226161956787,4.08633279800415
3.3656744956970215,3.702226161956787,4.08633279800415
3.36653733253479,3.703878879547119,4.087465763092041
3.3672103881835938,3.705801248550415,4.087865352630615
3.3672103881835938,3.705801248550415,4.087865352630615
3.3673853874206543,3.7062478065490723,4.0874247550964355
3.367661714553833,3.7063066959381104,4.086845397949219
3.367661714553833,3.7063066959381104,4.086845397949219
3.368504285812378,3.7070584297180176,4.086857795715332
3.3693389892578125,3.7079250812530518,4.087740898132324
3.3693389892578125,3.7079250812530518,4.087740898132324
3.371189832687378,3.7105917930603027,4.088536739349365
3.3728206157684326,3.7122950553894043,4.088809013366699
3.3728206157684326,3.7122950553894043,4.088809013366699
3.374302625656128,3.714416027069092,4.089360237121582
3.375202178955078,3.715681791305542,4.090153217315674
3.375202178955078,3.715681791305542,4.090153217315674
3.3758256435394287,3.7167608737945557,4.089731216430664
3.3751542568206787,3.716805934906006,4.089617729187012
3.3751542568206787,3.716805934906006,4.089617729187012
3.3746352195739746,3.71628475189209,4.089471817016602
3.373293399810791,3.714986562728882,4.089600563049316
3.3734917640686035,3.715930938720703,4.089223861694336
3.3734917640686035,3.715930938720703,4.089223861694336
3.3733091354370117,3.715970993041992,4.089200496673584
3.3733091354370117,3.715970993041992,4.089200496673584
3.373061418533325,3.7160134315490723,4.089617729187012
3.3734171390533447,3.7164244651794434,4.089901924133301
3.373757839202881,3.7166309356689453,4.0899200439453125
3.373757839202881,3.7166309356689453,4.0899200439453125
3.37436842918396,3.7172915935516357,4.089602947235107
3.374584913253784,3.717254877090454,4.090268611907959
3.374584913253784,3.717254877090454,4.090268611907959
3.3752400875091553,3.7181618213653564,4.091302871704102
3.3758182525634766,3.7186734676361084,4.092667102813721
3.3758182525634766,3.7186734676361084,4.092667102813721
3.3763434886932373,3.7190332412719727,4.092601776123047
3.3767340183258057,3.719241142272949,4.0930914878845215
3.3767340183258057,3.719241142272949,4.0930914878845215
3.3774447441101074,3.7199370861053467,4.094132423400879
3.3777475357055664,3.7205450534820557,4.094766616821289
3.3777475357055664,3.7205450534820557,4.094766616821289
3.37880277633667,3.7225136756896973,4.095672130584717
3.3794913291931152,3.7233388423919678,4.096648216247559
3.3794913291931152,3.7233388423919678,4.096648216247559
3.3798320293426514,3.723566770553589,4.097635746002197
3.3804116249084473,3.7241060733795166,4.098517894744873
3.3804116249084473,3.7241060733795166,4.098517894744873
3.3808367252349854,3.724485158920288,4.098934650421143
3.38154935836792,3.7250468730926514,4.100211143493652
3.38154935836792,3.7250468730926514,4.100211143493652
3.3819305896759033,3.7262699604034424,4.1020660400390625
3.382680654525757,3.728116512298584,4.104595184326172
3.382680654525757,3.728116512298584,4.104595184326172
3.3843319416046143,3.730494260787964,4.1061224937438965
3.385545253753662,3.732715368270874,4.10699987411499
3.386514663696289,3.734480142593384,4.10862922668457
3.386514663696289,3.734480142593384,4.10862922668457
3.3860743045806885,3.733903646469116,4.109311103820801
3.3861935138702393,3.7340705394744873,4.109466075897217
3.3861935138702393,3.7340705394744873,4.109466075897217
3.3866021633148193,3.733402967453003,4.1103034019470215
3.387284278869629,3.733503580093384,4.111370086669922
3.388878345489502,3.7349958419799805,4.111888885498047
3.388878345489502,3.7349958419799805,4.111888885498047
3.389420986175537,3.7351303100585938,4.111001014709473
3.3894734382629395,3.7360689640045166,4.110249042510986
3.3894734382629395,3.7360689640045166,4.110249042510986
3.389596700668335,3.73625111579895,4.110726356506348
3.3897945880889893,3.7368297576904297,4.110344886779785
3.3897945880889893,3.7368297576904297,4.110344886779785
3.3892476558685303,3.7361702919006348,4.109731197357178
3.389491558074951,3.7361245155334473,4.109891891479492
3.389491558074951,3.7361245155334473,4.109891891479492
3.3893649578094482,3.7358927726745605,4.109597682952881
3.3897480964660645,3.736868143081665,4.109745025634766
3.3897480964660645,3.736868143081665,4.109745025634766
3.3899056911468506,3.7375097274780273,4.110297203063965
3.390899181365967,3.739140033721924,4.110612392425537
3.390899181365967,3.739140033721924,4.110612392425537
3.3906452655792236,3.7402586936950684,4.110074043273926
3.391160726547241,3.7416791915893555,4.109466075897217
3.391160726547241,3.7416791915893555,4.109466075897217
3.391721725463867,3.7430238723754883,4.108840465545654
3.392475128173828,3.7442715167999268,4.1098432540893555
3.392475128173828,3.7442715167999268,4.1098432540893555
3.3924083709716797,3.7448244094848633,4.110168933868408
3.393098831176758,3.745879650115967,4.110095500946045
3.393098831176758,3.745879650115967,4.110095500946045
3.3931469917297363,3.745896100997925,4.109148025512695
3.3933045864105225,3.745896100997925,4.108985424041748
3.3933045864105225,3.745896100997925,4.108985424041748
3.3935627937316895,3.7463393211364746,4.108714580535889
3.394641160964966,3.7478089332580566,4.108536243438721
3.394641160964966,3.7478089332580566,4.108536243438721
3.394853115081787,3.7489140033721924,4.107854843139648
3.394853115081787,3.7489140033721924,4.107854843139648
3.3953397274017334,3.7499802112579346,4.107978343963623
3.3957533836364746,3.7509498596191406,4.1084113121032715
3.3972926139831543,3.7524125576019287,4.108185291290283
3.3972926139831543,3.7524125576019287,4.108185291290283
3.3977560997009277,3.7527363300323486,4.108361721038818
3.3987276554107666,3.753884792327881,4.109683513641357
3.3987276554107666,3.753884792327881,4.109683513641357
3.399409294128418,3.754723310470581,4.109838008880615
3.400758981704712,3.755967140197754,4.109588623046875
3.400758981704712,3.755967140197754,4.109588623046875
3.4012668132781982,3.7561988830566406,4.109594345092773
3.4015238285064697,3.755657911300659,4.110811233520508
3.4015238285064697,3.755657911300659,4.110811233520508
3.4014813899993896,3.755323886871338,4.111469745635986
3.4015016555786133,3.755629062652588,4.11189079284668
3.4015016555786133,3.755629062652588,4.11189079284668
3.4025471210479736,3.7572929859161377,4.112196445465088
3.4025471210479736,3.7572929859161377,4.112196445465088
3.402524948120117,3.7582473754882812,4.113741874694824
3.4030113220214844,3.759448528289795,4.115011215209961
3.4037015438079834,3.7608656883239746,4.114835739135742
3.4037015438079834,3.7608656883239746,4.114835739135742
3.403672933578491,3.7612357139587402,4.115221977233887
3.4034194946289062,3.761512279510498,4.116123199462891
3.4034194946289062,3.761512279510498,4.116123199462891
3.4027276039123535,3.7611372470855713,4.116644859313965
3.4030840396881104,3.7617759704589844,4.116898536682129
3.4030840396881104,3.7617759704589844,4.116898536682129
3.4037399291992188,3.762235403060913,4.118178844451904
3.404323101043701,3.762876033782959,4.120110034942627
3.404323101043701,3.762876033782959,4.120110034942627
3.40584135055542,3.764314651489258,4.121932506561279
3.4071946144104004,3.7657501697540283,4.123108386993408
3.4071946144104004,3.7657501697540283,4.123108386993408
3.408994197845459,3.768707513809204,4.124502658843994
3.4096462726593018,3.7699577808380127,4.125133514404297
3.4096462726593018,3.7699577808380127,4.125133514404297
3.4117014408111572,3.7719478607177734,4.125852108001709
3.4120943546295166,3.7720189094543457,4.125871658325195
3.4127109050750732,3.7722361087799072,4.126380920410156
3.4127109050750732,3.7722361087799072,4.126380920410156
3.412393569946289,3.771662712097168,4.1267313957214355
3.4123804569244385,3.7710094451904297,4.126319885253906
3.4123804569244385,3.7710094451904297,4.126319885253906
3.412707805633545,3.7710037231445312,4.125821590423584
3.41334867477417,3.771193742752075,4.126236438751221
3.41334867477417,3.771193742752075,4.126236438751221
3.413877010345459,3.7721846103668213,4.126528739929199
3.41386079788208,3.7725448608398438,4.126826763153076
3.41386079788208,3.7725448608398438,4.126826763153076
3.413560390472412,3.772334098815918,4.126141548156738
3.4124531745910645,3.7712059020996094,4.1257429122924805
3.4124531745910645,3.7712059020996094,4.1257429122924805
3.4124155044555664,3.771357297897339,4.1252875328063965
3.413562536239624,3.7731385231018066,4.124284267425537
3.413562536239624,3.7731385231018066,4.124284267425537
3.4145901203155518,3.775214195251465,4.125370025634766
3.4145820140838623,3.7760491371154785,4.126567363739014
3.4145820140838623,3.7760491371154785,4.126567363739014
3.4148387908935547,3.776660680770874,4.1265482902526855
3.41410493850708,3.7762770652770996,4.125036239624023
3.41410493850708,3.7762770652770996,4.125036239624023
3.414401054382324,3.776082754135132,4.1253743171691895
3.4143784046173096,3.7761919498443604,4.126199245452881
3.4143784046173096,3.7761919498443604,4.126199245452881
3.415067195892334,3.7772252559661865,4.126534938812256
3.4151017665863037,3.778031587600708,4.126203536987305
3.4151017665863037,3.778031587600708,4.126203536987305
3.4161217212677,3.7795310020446777,4.125807762145996
3.4171195030212402,3.7808678150177,4.126830101013184
3.4171195030212402,3.7808678150177,4.126830101013184
3.4177331924438477,3.7824747562408447,4.125985145568848
3.4187872409820557,3.7836878299713135,4.124816417694092
3.4191176891326904,3.784080743789673,4.123716354370117
3.4191176891326904,3.784080743789673,4.123716354370117
3.419567346572876,3.7847208976745605,4.124727249145508
3.419567346572876,3.7847208976745605,4.124727249145508
3.4192371368408203,3.7844300270080566,4.1251349449157715
3.419584274291992,3.7851552963256836,4.123721122741699
3.419729471206665,3.78523588180542,4.12434196472168
3.419729471206665,3.78523588180542,4.12434196472168
3.4189834594726562,3.7841525077819824,4.125118732452393
3.4189834594726562,3.7841525077819824,4.125118732452393
3.418666362762451,3.7838690280914307,4.124826908111572
3.418644428253174,3.784332275390625,4.1244282722473145
3.418644428253174,3.784332275390625,4.1244282722473145
3.4193897247314453,3.785202741622925,4.124910831451416
3.4203081130981445,3.7864208221435547,4.125968933105469
3.4209375381469727,3.7873311042785645,4.126309871673584
3.4209375381469727,3.7873311042785645,4.126309871673584
3.421280860900879,3.7874464988708496,4.125813961029053
3.4206461906433105,3.786456346511841,4.126007556915283
3.4206461906433105,3.786456346511841,4.126007556915283
3.4203107357025146,3.7856290340423584,4.127219200134277
3.419902801513672,3.785811424255371,4.126683235168457
3.419902801513672,3.785811424255371,4.126683235168457
3.42055082321167,3.7868714332580566,4.127067565917969
3.4211556911468506,3.7877039909362793,4.128581523895264
3.4211556911468506,3.7877039909362793,4.128581523895264
3.42069149017334,3.7879319190979004,4.129543304443359
3.4204468727111816,3.788665294647217,4.129460334777832
3.4204468727111816,3.788665294647217,4.129460334777832
3.4210703372955322,3.789994478225708,4.129426956176758
3.421858549118042,3.7920520305633545,4.130438327789307
3.4235005378723145,3.7949135303497314,4.1320366859436035
3.4235005378723145,3.7949135303497314,4.1320366859436035
3.4242517948150635,3.796163558959961,4.1339240074157715
3.4242517948150635,3.796163558959961,4.1339240074157715
3.42533802986145,3.798442840576172,4.134180545806885
3.4263298511505127,3.799365520477295,4.135237216949463
3.4263298511505127,3.799365520477295,4.135237216949463
3.4271316528320312,3.799673080444336,4.1370134353637695
3.4277100563049316,3.800374746322632,4.139036178588867
3.427814245223999,3.800755739212036,4.140049457550049
3.427814245223999,3.800755739212036,4.140049457550049
3.428555965423584,3.801704168319702,4.140615463256836
3.4290080070495605,3.8019254207611084,4.141042709350586
3.4290080070495605,3.8019254207611084,4.141042709350586
3.429649591445923,3.8020098209381104,4.142280101776123
3.4301018714904785,3.8016715049743652,4.142836093902588
3.4301018714904785,3.8016715049743652,4.142836093902588
3.4306206703186035,3.802041530609131,4.142822742462158
3.430708646774292,3.8017449378967285,4.143332481384277
3.430417776107788,3.8014402389526367,4.143112659454346
3.430417776107788,3.8014402389526367,4.143112659454346
3.430407762527466,3.801085948944092,4.141778945922852
3.4303083419799805,3.8005285263061523,4.141549587249756
3.4303083419799805,3.8005285263061523,4.141549587249756
3.430154800415039,3.8005030155181885,4.142051696777344
3.4300951957702637,3.8012027740478516,4.141784191131592
3.4300951957702637,3.8012027740478516,4.141784191131592
3.4309909343719482,3.8024206161499023,4.141291618347168
3.4314346313476562,3.8032431602478027,4.140953063964844
3.4314346313476562,3.8032431602478027,4.140953063964844
3.4315366744995117,3.803807258605957,4.140720367431641
3.4319541454315186,3.8042092323303223,4.141077995300293
3.4319541454315186,3.8042092323303223,4.141077995300293
3.432938814163208,3.805309534072876,4.142413139343262
3.4338839054107666,3.80733060836792,4.142971992492676
3.4338839054107666,3.80733060836792,4.142971992492676
3.434699773788452,3.809054136276245,4.142272472381592
3.435490369796753,3.810734987258911,4.139371395111084
3.435490369796753,3.810734987258911,4.139371395111084
3.435934543609619,3.8107922077178955,4.138680458068848
3.4353671073913574,3.8096792697906494,4.139569282531738
3.4353671073913574,3.8096792697906494,4.139569282531738
3.4348154067993164,3.808415651321411,4.140857219696045
3.434242010116577,3.807255506515503,4.139913558959961
3.434242010116577,3.807255506515503,4.139913558959961
3.4346911907196045,3.807770252227783,4.1395134925842285
3.4357123374938965,3.809572696685791,4.139565467834473
3.4357123374938965,3.809572696685791,4.139565467834473
3.4360554218292236,3.810868740081787,4.140029430389404
3.4359476566314697,3.811556339263916,4.140092372894287
3.435563802719116,3.811422348022461,4.139303684234619
3.435563802719116,3.811422348022461,4.139303684234619
3.4354567527770996,3.811796188354492,4.138759613037109
3.4353349208831787,3.811796188354492,4.139759063720703
3.4353349208831787,3.811796188354492,4.139759063720703
3.435667037963867,3.8127260208129883,4.139576435089111
3.4356906414031982,3.8129491806030273,4.1386027336120605
3.4356746673583984,3.812281847000122,4.138711452484131
3.4356746673583984,3.812281847000122,4.138711452484131
3.435319185256958,3.811575174331665,4.139050006866455
3.4352738857269287,3.811446189880371,4.139244079589844
3.4352738857269287,3.811446189880371,4.139244079589844
3.435482978820801,3.811744213104248,4.138548851013184
3.435879707336426,3.811774730682373,4.1383891105651855
3.435879707336426,3.811774730682373,4.1383891105651855
3.4357430934906006,3.8116488456726074,4.138591766357422
3.4357900619506836,3.8118937015533447,4.138511657714844
3.4362001419067383,3.8127403259277344,4.139443874359131
3.4362001419067383,3.8127403259277344,4.139443874359131
3.437011480331421,3.8138771057128906,4.140579700469971
3.4384429454803467,3.8159518241882324,4.142197132110596
3.4384429454803467,3.8159518241882324,4.142197132110596
3.4400734901428223,3.81846284866333,4.14214563369751
3.4409561157226562,3.8195199966430664,4.14259672164917
3.440366268157959,3.8181798458099365,4.143674850463867
3.440366268157959,3.8181798458099365,4.143674850463867
3.4396705627441406,3.8173305988311768,4.144473552703857
3.4391355514526367,3.8167622089385986,4.145445823669434
3.4391355514526367,3.8167622089385986,4.145445823669434
3.4399802684783936,3.8182482719421387,4.146017074584961
3.4399802684783936,3.8182482719421387,4.146017074584961
3.440721035003662,3.8195548057556152,4.147785186767578
3.4412879943847656,3.819929838180542,4.149425983428955
3.441636085510254,3.8201355934143066,4.149925708770752
3.441636085510254,3.8201355934143066,4.149925708770752
3.4412765502929688,3.819283962249756,4.149980545043945
3.4412801265716553,3.81943678855896,4.150749683380127
3.4412801265716553,3.81943678855896,4.150749683380127
3.4413001537323,3.8196301460266113,4.151590824127197
3.441699743270874,3.8209056854248047,4.151061534881592
3.441699743270874,3.8209056854248047,4.151061534881592
3.442439317703247,3.8222496509552,4.150590419769287
3.442824363708496,3.823343276977539,4.151378154754639
3.442824363708496,3.823343276977539,4.151378154754639
3.443754196166992,3.825161933898926,4.152791976928711
3.444535970687866,3.8265535831451416,4.1520256996154785
3.444535970687866,3.8265535831451416,4.1520256996154785
3.445775270462036,3.827402114868164,4.151823043823242
3.446230411529541,3.827451705932617,4.151976585388184
3.4467360973358154,3.8276023864746094,4.1525444984436035
3.4467360973358154,3.8276023864746094,4.1525444984436035
3.446744680404663,3.8284788131713867,4.152749061584473
3.446744680404663,3.8284788131713867,4.152749061584473
3.447685956954956,3.8302347660064697,4.152754783630371
3.4487812519073486,3.8322019577026367,4.152807712554932
3.449523448944092,3.8331100940704346,4.153882026672363
3.449523448944092,3.8331100940704346,4.153882026672363
3.4500021934509277,3.8338119983673096,4.153717041015625
3.45023250579834,3.8337514400482178,4.153748989105225
3.45023250579834,3.8337514400482178,4.153748989105225
3.4494471549987793,3.833498239517212,4.154213905334473
3.4488582611083984,3.833106517791748,4.154054164886475
3.4488582611083984,3.833106517791748,4.154054164886475
3.448955774307251,3.8331732749938965,4.153340816497803
3.4497108459472656,3.8339827060699463,4.153683662414551
3.4497108459472656,3.8339827060699463,4.153683662414551
3.449563503265381,3.834573984146118,4.153937816619873
3.4497411251068115,3.8351855278015137,4.154007911682129
3.4497411251068115,3.8351855278015137,4.154007911682129
3.450261354446411,3.8363285064697266,4.153634071350098
3.450552225112915,3.8365769386291504,4.154020309448242
3.450552225112915,3.8365769386291504,4.154020309448242
3.4511263370513916,3.8378653526306152,4.154599189758301
3.451639175415039,3.839132308959961,4.154782295227051
3.451639175415039,3.839132308959961,4.154782295227051
3.4520273208618164,3.840022087097168,4.1547675132751465
3.4523098468780518,3.8402085304260254,4.153980731964111
3.4523098468780518,3.8402085304260254,4.153980731964111
3.45222806930542,3.8395979404449463,4.154191017150879
3.452392339706421,3.8395237922668457,4.154470920562744
3.452392339706421,3.8395237922668457,4.154470920562744
3.4526398181915283,3.839679002761841,4.154644966125488
3.4533143043518066,3.840635299682617,4.154271602630615
3.4533143043518066,3.840635299682617,4.154271602630615
3.4544544219970703,3.841808557510376,4.154473781585693
3.4548768997192383,3.8421497344970703,4.154531955718994
3.4548768997192383,3.8421497344970703,4.154531955718994
3.454611301422119,3.8415162563323975,4.15466833114624
3.454113245010376,3.840672492980957,4.1531596183776855
3.4533324241638184,3.8396897315979004,4.153464317321777
3.4533324241638184,3.8396897315979004,4.153464317321777
3.453840494155884,3.8404173851013184,4.15377950668335
3.4547579288482666,3.8414969444274902,4.154680252075195
3.4547579288482666,3.8414969444274902,4.154680252075195
3.4553654193878174,3.8426873683929443,4.154408931732178
3.4554030895233154,3.84301495552063,4.154513835906982
3.4554030895233154,3.84301495552063,4.154513835906982
3.4550986289978027,3.8425607681274414,4.1555328369140625
3.4552152156829834,3.8436548709869385,4.1551642417907715
3.4552152156829834,3.8436548709869385,4.1551642417907715
3.4550650119781494,3.843981981277466,4.155001640319824
3.455087423324585,3.844038248062134,4.154601097106934
3.455087423324585,3.844038248062134,4.154601097106934
3.4549968242645264,3.8436224460601807,4.15447998046875
3.4552502632141113,3.8431620597839355,4.155435562133789
3.4552502632141113,3.8431620597839355,4.155435562133789
3.4559669494628906,3.8440446853637695,4.15602445602417
3.4567108154296875,3.845014810562134,4.156968116760254
3.4567108154296875,3.845014810562134,4.156968116760254
3.456742525100708,3.8457412719726562,4.15762186050415
3.457613706588745,3.847080707550049,4.1581244468688965
3.457613706588745,3.847080707550049,4.1581244468688965
3.457609176635742,3.847079038619995,4.159077167510986
3.457545518875122,3.84737229347229,4.158968925476074
3.457545518875122,3.84737229347229,4.158968925476074
3.458564519882202,3.8484303951263428,4.159667491912842
3.458561658859253,3.8483617305755615,4.160107612609863
3.458561658859253,3.8483617305755615,4.160107612609863
3.458477735519409,3.848613977432251,4.16109037399292
3.4581997394561768,3.848804473876953,4.160211563110352
3.4581997394561768,3.848804473876953,4.160211563110352
3.458449125289917,3.849116563796997,4.158376693725586
3.4584462642669678,3.8486547470092773,4.158567428588867
3.457819700241089,3.847782611846924,4.158734321594238
3.457819700241089,3.847782611846924,4.158734321594238
3.457808017730713,3.8474106788635254,4.158388137817383
3.458207845687866,3.84773325920105,4.158386707305908
3.458207845687866,3.84773325920105,4.158386707305908
3.4592180252075195,3.8486955165863037,4.158784866333008
3.4598281383514404,3.8497211933135986,4.15951681137085
3.4598281383514404,3.8497211933135986,4.15951681137085
3.461286783218384,3.851933002471924,4.159074783325195
3.4626288414001465,3.85339617729187,4.158984184265137
3.4626288414001465,3.85339617729187,4.158984184265137
3.4630770683288574,3.854776382446289,4.159210681915283
3.46415638923645,3.8568203449249268,4.159496307373047
3.46415638923645,3.8568203449249268,4.159496307373047
3.464198589324951,3.857666254043579,4.158409118652344
3.464010238647461,3.8576695919036865,4.158275604248047
3.4628424644470215,3.8557276725769043,4.1586594581604
3.4628424644470215,3.8557276725769043,4.1586594581604
3.46272873878479,3.855473518371582,4.158714771270752
3.4631803035736084,3.856491804122925,4.158303737640381
3.4631803035736084,3.856491804122925,4.158303737640381
3.4638688564300537,3.858076572418213,4.158143520355225
3.4650373458862305,3.860194206237793,4.158788204193115
3.4650373458862305,3.860194206237793,4.158788204193115
3.4655160903930664,3.8611369132995605,4.158937931060791
3.466620445251465,3.8627703189849854,4.15898323059082
3.466620445251465,3.8627703189849854,4.15898323059082
3.4670584201812744,3.863115072250366,4.1586809158325195
3.4676403999328613,3.8629679679870605,4.16018533706665
3.4676403999328613,3.8629679679870605,4.16018533706665
3.467477798461914,3.8627681732177734,4.160398483276367
3.4678332805633545,3.863426685333252,4.159849643707275
3.468198776245117,3.864208936691284,4.1598944664001465
3.468198776245117,3.864208936691284,4.1598944664001465
3.4685566425323486,3.8643760681152344,4.160327434539795
3.4682393074035645,3.863588809967041,4.160766124725342
3.4682393074035645,3.863588809967041,4.160766124725342
3.468226671218872,3.8632402420043945,4.160575866699219
3.4681739807128906,3.8632524013519287,4.160341262817383
3.4681739807128906,3.8632524013519287,4.160341262817383
3.468153238296509,3.863910675048828,4.160423278808594
3.4686405658721924,3.864853620529175,4.160569190979004
3.4686405658721924,3.864853620529175,4.160569190979004
3.468234062194824,3.865574359893799,4.16068696975708
3.468522310256958,3.8660073280334473,4.160244464874268
3.468522310256958,3.8660073280334473,4.160244464874268
3.4689650535583496,3.8668131828308105,4.160423755645752
3.4691779613494873,3.8675038814544678,4.1608195304870605
3.4691779613494873,3.8675038814544678,4.1608195304870605
3.4693403244018555,3.8687446117401123,4.161037445068359
3.4693381786346436,3.868865966796875,4.16127872467041
3.4693381786346436,3.868865966796875,4.16127872467041
3.4697558879852295,3.869243860244751,4.160594940185547
3.469670534133911,3.86894154548645,4.160519123077393
3.469670534133911,3.86894154548645,4.160519123077393
3.4692790508270264,3.868562698364258,4.161273956298828
3.4692459106445312,3.8691482543945312,4.161422252655029
3.4692459106445312,3.8691482543945312,4.161422252655029
3.469789981842041,3.870117425918579,4.161302089691162
3.4711716175079346,3.8725996017456055,4.161954402923584
3.4711716175079346,3.8725996017456055,4.161954402923584
3.474519968032837,3.8785035610198975,4.161556243896484
3.475050210952759,3.878828763961792,4.162813663482666
3.475022792816162,3.877918243408203,4.1635212898254395
3.475022792816162,3.877918243408203,4.1635212898254395
3.474452257156372,3.87644624710083,4.164738655090332
3.47456955909729,3.8767893314361572,4.1657304763793945
3.47456955909729,3.8767893314361572,4.1657304763793945
3.4743237495422363,3.8774971961975098,4.167309284210205
3.475498914718628,3.879063367843628,4.16847562789917
3.475498914718628,3.879063367843628,4.16847562789917
3.4769184589385986,3.880894660949707,4.170358657836914
3.4776594638824463,3.8820817470550537,4.17133092880249
3.4776594638824463,3.8820817470550537,4.17133092880249
3.478186845779419,3.882383346557617,4.17142915725708
3.4783103466033936,3.882107973098755,4.170897483825684
3.4783103466033936,3.882107973098755,4.170897483825684
3.4789066314697266,3.8819973468780518,4.171726226806641
3.479224681854248,3.882603406906128,4.172393798828125
3.479224681854248,3.882603406906128,4.172393798828125
3.4803099632263184,3.883931875228882,4.171714782714844
3.479858636856079,3.8838741779327393,4.171371936798096
3.479858636856079,3.8838741779327393,4.171371936798096
3.4794790744781494,3.8838577270507812,4.1719069480896
3.478991985321045,3.882803201675415,4.172163009643555
3.478991985321045,3.882803201675415,4.172163009643555
3.4793853759765625,3.8831112384796143,4.171014785766602
3.479868173599243,3.883478879928589,4.170662879943848
3.479868173599243,3.883478879928589,4.170662879943848
3.4808614253997803,3.8848414421081543,4.171589374542236
3.4815096855163574,3.885908842086792,4.172502040863037
3.4815096855163574,3.885908842086792,4.172502040863037
3.4820199012756348,3.8869874477386475,4.171842098236084
3.482814311981201,3.8885703086853027,4.171216011047363
3.482814311981201,3.8885703086853027,4.171216011047363
3.4837353229522705,3.8899028301239014,4.171675682067871
3.4839470386505127,3.8907742500305176,4.17207145690918
3.4839470386505127,3.8907742500305176,4.17207145690918
3.4846389293670654,3.8921732902526855,4.172030925750732
3.484941244125366,3.893098831176758,4.171520709991455
3.484941244125366,3.893098831176758,4.171520709991455
3.484853506088257,3.8944358825683594,4.173000335693359
3.4848105907440186,3.8950998783111572,4.173922061920166
3.4848105907440186,3.8950998783111572,4.173922061920166
3.485715389251709,3.8969502449035645,4.174671173095703
3.486227035522461,3.897996425628662,4.173715114593506
3.486227035522461,3.897996425628662,4.173715114593506
3.4867215156555176,3.8985540866851807,4.1743483543396
3.4867734909057617,3.898456573486328,4.175474643707275
3.4867734909057617,3.898456573486328,4.175474643707275
3.4872829914093018,3.8990464210510254,4.175388813018799
3.4878969192504883,3.8995778560638428,4.175385475158691
3.488701105117798,3.901088237762451,4.176021575927734
3.488701105117798,3.901088237762451,4.176021575927734
3.48901629447937,3.9018194675445557,4.176110744476318
3.4896175861358643,3.9026710987091064,4.175041198730469
3.4896175861358643,3.9026710987091064,4.175041198730469
3.49017071723938,3.903111219406128,4.1753082275390625
3.4905717372894287,3.9036052227020264,4.1758928298950195
3.4905717372894287,3.9036052227020264,4.1758928298950195
3.4905529022216797,3.9038407802581787,4.176539897918701
3.49080753326416,3.9048447608947754,4.176577091217041
3.49080753326416,3.9048447608947754,4.176577091217041
3.491619825363159,3.905937433242798,4.176113128662109
3.4921162128448486,3.9064629077911377,4.176386833190918
3.4921162128448486,3.9064629077911377,4.176386833190918
3.4921493530273438,3.907174825668335,4.177232265472412
3.491760730743408,3.9073266983032227,4.177530288696289
3.491760730743408,3.9073266983032227,4.177530288696289
3.492109537124634,3.908623695373535,4.176756381988525
3.4920082092285156,3.908094882965088,4.178106307983398
3.4920082092285156,3.908094882965088,4.178106307983398
3.4918291568756104,3.907585382461548,4.178159236907959
3.4918291568756104,3.907585382461548,4.178159236907959
3.49196720123291,3.9074912071228027,4.176624298095703
3.4919040203094482,3.906256675720215,4.177450656890869
3.4921958446502686,3.9061601161956787,4.178264141082764
3.4921958446502686,3.9061601161956787,4.178264141082764
3.492780923843384,3.906613826751709,4.179714202880859
3.493425130844116,3.9074225425720215,4.18042516708374
3.493425130844116,3.9074225425720215,4.18042516708374
3.4939379692077637,3.9083569049835205,4.180527210235596
3.49452805519104,3.9090051651000977,4.1807708740234375
3.49452805519104,3.9090051651000977,4.1807708740234375
3.494812250137329,3.909259796142578,4.181162357330322
3.4960055351257324,3.9106481075286865,4.181426048278809
3.4960055351257324,3.9106481075286865,4.181426048278809
3.496256113052368,3.910475730895996,4.182177543640137
3.4960243701934814,3.909932851791382,4.182121753692627
3.4960243701934814,3.909932851791382,4.182121753692627
3.4963748455047607,3.9105255603790283,4.1822686195373535
3.4963748455047607,3.9105255603790283,4.1822686195373535
3.49625825881958,3.9108641147613525,4.182999610900879
3.4973037242889404,3.9127235412597656,4.184589385986328
3.4973037242889404,3.9127235412597656,4.184589385986328
3.4978253841400146,3.9142181873321533,4.184130668640137
3.498551368713379,3.914674997329712,4.184076309204102
3.498551368713379,3.914674997329712,4.184076309204102
3.4983561038970947,3.9139909744262695,4.183786392211914
3.497981548309326,3.9130492210388184,4.184371471405029
3.497999668121338,3.912663221359253,4.183891773223877
3.497999668121338,3.912663221359253,4.183891773223877
3.4983878135681152,3.9131410121917725,4.183521270751953
3.4991848468780518,3.9140563011169434,4.1846232414245605
3.4993720054626465,3.9151031970977783,4.184277534484863
3.4993720054626465,3.9151031970977783,4.184277534484863
3.500211715698242,3.9166805744171143,4.183156967163086
3.5006065368652344,3.917125701904297,4.181656360626221
3.5006065368652344,3.917125701904297,4.181656360626221
3.500744104385376,3.9177825450897217,4.181860446929932
3.5008151531219482,3.9189980030059814,4.182015419006348
3.5008151531219482,3.9189980030059814,4.182015419006348
3.5015275478363037,3.920358180999756,4.181539535522461
3.5015275478363037,3.920358180999756,4.181539535522461
3.502314567565918,3.921684503555298,4.181152820587158
3.502318859100342,3.9217824935913086,4.181380271911621
3.502364158630371,3.9219107627868652,4.182177543640137
3.502364158630371,3.9219107627868652,4.182177543640137
3.5025856494903564,3.922278642654419,4.181759834289551
3.502943515777588,3.922131299972534,4.181854248046875
3.502943515777588,3.922131299972534,4.181854248046875
3.5031628608703613,3.9227893352508545,4.182021141052246
3.503960371017456,3.9242515563964844,4.183638095855713
3.503960371017456,3.9242515563964844,4.183638095855713
3.504509449005127,3.926198720932007,4.183906078338623
3.505244016647339,3.9273147583007812,4.183748245239258
3.505244016647339,3.9273147583007812,4.183748245239258
3.5057804584503174,3.9281742572784424,4.184168815612793
3.5056416988372803,3.9286088943481445,4.184825420379639
3.5055646896362305,3.9287455081939697,4.184840679168701
3.5055646896362305,3.9287455081939697,4.184840679168701
3.505838632583618,3.9290196895599365,4.1843647956848145
3.505838632583618,3.9290196895599365,4.1843647956848145
3.5063416957855225,3.929170608520508,4.184871196746826
3.506166458129883,3.929408550262451,4.18510627746582
3.506166458129883,3.929408550262451,4.18510627746582
3.5061733722686768,3.9297094345092773,4.184972286224365
3.506321907043457,3.9299561977386475,4.184260368347168
3.506321907043457,3.9299561977386475,4.184260368347168
3.5059914588928223,3.9297094345092773,4.184581756591797
3.5061583518981934,3.9300732612609863,4.184673309326172
3.5061583518981934,3.9300732612609863,4.184673309326172
3.506953716278076,3.931378126144409,4.185217380523682
3.507730007171631,3.9324331283569336,4.185976505279541
3.507730007171631,3.9324331283569336,4.185976505279541
3.5085785388946533,3.934229612350464,4.186221122741699
3.508927822113037,3.9351789951324463,4.187033653259277
3.5085930824279785,3.93581485748291,4.18801736831665
3.5085930824279785,3.93581485748291,4.18801736831665
3.5079684257507324,3.935659408569336,4.1887054443359375
3.50787615776062,3.935697555541992,4.188814163208008
3.50787615776062,3.935697555541992,4.188814163208008
3.5078482627868652,3.935537338256836,4.188741207122803
3.5085630416870117,3.93585205078125,4.1893630027771
3.5092697143554688,3.9366354942321777,4.189955234527588
3.5092697143554688,3.9366354942321777,4.189955234527588
3.510301113128662,3.9379990100860596,4.190871238708496
3.5109403133392334,3.9393503665924072,4.191028594970703
3.5109403133392334,3.9393503665924072,4.191028594970703
3.5120437145233154,3.940385580062866,4.191041946411133
3.5133883953094482,3.941690444946289,4.191383361816406
3.5133883953094482,3.941690444946289,4.191383361816406
3.5147287845611572,3.9422006607055664,4.194174766540527
3.5158510208129883,3.9451186656951904,4.194279670715332
3.5158510208129883,3.9451186656951904,4.194279670715332
3.514038324356079,3.941499710083008,4.196945667266846
3.514417886734009,3.9411604404449463,4.198912620544434
3.5154595375061035,3.942316770553589,4.198752403259277
3.5154595375061035,3.942316770553589,4.198752403259277
3.517954111099243,3.946730375289917,4.1988372802734375
3.5204250812530518,3.9517500400543213,4.201785564422607
3.5204250812530518,3.9517500400543213,4.201785564422607
3.5209598541259766,3.9537904262542725,4.203462600708008
3.521962881088257,3.9556326866149902,4.2037200927734375
3.521962881088257,3.9556326866149902,4.2037200927734375
3.5218424797058105,3.955272674560547,4.202646732330322
3.5216517448425293,3.9546959400177,4.203403472900391
3.5216517448425293,3.9546959400177,4.203403472900391
3.521214485168457,3.9547274112701416,4.20381498336792
3.520972728729248,3.9539692401885986,4.204399585723877
3.520972728729248,3.9539692401885986,4.204399585723877
3.521127223968506,3.9540979862213135,4.20261812210083
3.5224828720092773,3.955134391784668,4.200608730316162
3.5237624645233154,3.9561333656311035,4.200974941253662
3.5237624645233154,3.9561333656311035,4.200974941253662
3.5255699157714844,3.959040403366089,4.201866626739502
3.526287078857422,3.961090326309204,4.201272487640381
3.526287078857422,3.961090326309204,4.201272487640381
3.5276899337768555,3.963315486907959,4.201622009277344
3.528010368347168,3.9638261795043945,4.201544284820557
3.528010368347168,3.9638261795043945,4.201544284820557
3.528759241104126,3.9646997451782227,4.201287269592285
3.529348373413086,3.9653351306915283,4.2012786865234375
3.529348373413086,3.9653351306915283,4.2012786865234375
3.530576705932617,3.9668426513671875,4.202225685119629
3.530381441116333,3.9675207138061523,4.202696800231934
3.530381441116333,3.9675207138061523,4.202696800231934
3.530515193939209,3.9685232639312744,4.2019429206848145
3.5306894779205322,3.968472957611084,4.201757431030273
3.5306894779205322,3.968472957611084,4.201757431030273
3.530449867248535,3.968433380126953,4.201269626617432
3.530531644821167,3.967698097229004,4.200488090515137
3.530531644821167,3.967698097229004,4.200488090515137
3.530745506286621,3.9676618576049805,4.199840545654297
3.531358480453491,3.968848943710327,4.200456619262695
3.531290054321289,3.9696648120880127,4.200173854827881
3.531290054321289,3.9696648120880127,4.200173854827881
3.5322673320770264,3.9710867404937744,4.199228763580322
3.5332412719726562,3.972512722015381,4.198636531829834
3.5332412719726562,3.972512722015381,4.198636531829834
3.5336761474609375,3.9734745025634766,4.199467182159424
3.533903121948242,3.9746201038360596,4.199908256530762
3.533903121948242,3.9746201038360596,4.199908256530762
3.5346086025238037,3.9763565063476562,4.1995530128479
3.5352859497070312,3.9772794246673584,4.199939727783203
3.5352859497070312,3.9772794246673584,4.199939727783203
3.535738229751587,3.9782018661499023,4.200358867645264
3.536325454711914,3.978912591934204,4.200591564178467
3.536325454711914,3.978912591934204,4.200591564178467
3.5370302200317383,3.9792072772979736,4.201058387756348
3.5373618602752686,3.9793477058410645,4.2012200355529785
3.5373618602752686,3.9793477058410645,4.2012200355529785
3.537205934524536,3.9787795543670654,4.2020158767700195
3.5369489192962646,3.9784748554229736,4.2021613121032715
3.537285566329956,3.9790539741516113,4.202661037445068
3.537285566329956,3.9790539741516113,4.202661037445068
3.537400007247925,3.979649782180786,4.203296184539795
3.5379154682159424,3.980738401412964,4.204148769378662
3.5379154682159424,3.980738401412964,4.204148769378662
3.538407802581787,3.9814021587371826,4.2056379318237305
3.5382680892944336,3.9815824031829834,4.206106185913086
3.5382680892944336,3.9815824031829834,4.206106185913086
3.5384223461151123,3.981646776199341,4.20596170425415
3.5388948917388916,3.981278657913208,4.206782817840576
3.5388948917388916,3.981278657913208,4.206782817840576
3.539957046508789,3.9828760623931885,4.207802772521973
3.54150390625,3.9848954677581787,4.210402488708496
3.54150390625,3.9848954677581787,4.210402488708496
3.5437028408050537,3.9881980419158936,4.211723804473877
3.5463485717773438,3.992290496826172,4.213170051574707
3.5463485717773438,3.992290496826172,4.213170051574707
3.5480048656463623,3.995023488998413,4.2143235206604
3.549042224884033,3.997199058532715,4.216169834136963
3.549042224884033,3.997199058532715,4.216169834136963
3.54927134513855,3.999068021774292,4.217794418334961
3.550358772277832,4.001144886016846,4.218544006347656
3.550358772277832,4.001144886016846,4.218544006347656
3.5512583255767822,4.002685070037842,4.219252109527588
3.5520875453948975,4.003472328186035,4.2205586433410645
3.553415298461914,4.0045270919799805,4.221841812133789
3.553415298461914,4.0045270919799805,4.221841812133789
3.5540850162506104,4.005339622497559,4.22234582901001
3.554523468017578,4.005688667297363,4.222980976104736
3.554523468017578,4.005688667297363,4.222980976104736
3.5545215606689453,4.005546569824219,4.223560810089111
3.5554213523864746,4.006620407104492,4.22372579574585
3.5554213523864746,4.006620407104492,4.22372579574585
3.5562827587127686,4.007662773132324,4.223690986633301
3.556006908416748,4.008574485778809,4.223777770996094
3.556006908416748,4.008574485778809,4.223777770996094
3.5557444095611572,4.00856876373291,4.224372386932373
3.5555849075317383,4.0095367431640625,4.223517417907715
3.555321455001831,4.010049343109131,4.223109722137451
3.555321455001831,4.010049343109131,4.223109722137451
3.555262327194214,4.010120868682861,4.223174095153809
3.55556321144104,4.010547161102295,4.223618507385254
3.55556321144104,4.010547161102295,4.223618507385254
3.5553359985351562,4.010890007019043,4.223270893096924
3.555664300918579,4.011626243591309,4.223327159881592
3.5567734241485596,4.013591766357422,4.223721027374268
3.5567734241485596,4.013591766357422,4.223721027374268
3.5580146312713623,4.015219211578369,4.224942207336426
3.5587124824523926,4.016947269439697,4.224918365478516
3.5587124824523926,4.016947269439697,4.224918365478516
3.559908628463745,4.018998622894287,4.225131511688232
3.5609641075134277,4.020775318145752,4.2261152267456055
3.5609641075134277,4.020775318145752,4.2261152267456055
3.561060905456543,4.022706031799316,4.22636604309082
3.5615897178649902,4.0251898765563965,4.227268218994141
3.5615897178649902,4.0251898765563965,4.227268218994141
3.5627715587615967,4.028808116912842,4.226275444030762
3.5636425018310547,4.031521320343018,4.227012634277344
3.5636425018310547,4.031521320343018,4.227012634277344
3.5648953914642334,4.0342326164245605,4.227619171142578
3.565643787384033,4.035525798797607,4.22808837890625
3.565643787384033,4.035525798797607,4.22808837890625
3.565934896469116,4.036199569702148,4.227683067321777
3.566065788269043,4.036046028137207,4.227579593658447
3.566065788269043,4.036046028137207,4.227579593658447
3.566587209701538,4.0365447998046875,4.22800874710083
3.567222833633423,4.037654876708984,4.228583335876465
3.5677225589752197,4.038786888122559,4.228570461273193
3.5677225589752197,4.038786888122559,4.228570461273193
3.568450927734375,4.039940357208252,4.22912073135376
3.568587303161621,4.040188789367676,4.230140209197998
3.568587303161621,4.040188789367676,4.230140209197998
3.5685672760009766,4.040452480316162,4.230306625366211
3.569030523300171,4.040832042694092,4.2306294441223145
3.569030523300171,4.040832042694092,4.2306294441223145
3.5696465969085693,4.041409015655518,4.231794834136963
3.5690348148345947,4.04069185256958,4.232260704040527
3.5688328742980957,4.040530204772949,4.232463836669922
3.5688328742980957,4.040530204772949,4.232463836669922
3.5691049098968506,4.040748119354248,4.232398986816406
3.569124460220337,4.041263580322266,4.232095718383789
3.569124460220337,4.041263580322266,4.232095718383789
3.5692195892333984,4.041375637054443,4.232794284820557
3.5694315433502197,4.0419020652771,4.234570026397705
3.5694315433502197,4.0419020652771,4.234570026397705
3.5703485012054443,4.044267177581787,4.234476089477539
3.571460485458374,4.046452045440674,4.2350263595581055
3.571460485458374,4.046452045440674,4.2350263595581055
3.5721964836120605,4.0481414794921875,4.236336708068848
3.5725438594818115,4.049264907836914,4.23789119720459
3.5725438594818115,4.049264907836914,4.23789119720459
3.572868824005127,4.049722671508789,4.238549709320068
3.5739119052886963,4.0509934425354,4.23890495300293
3.5748002529144287,4.05188512802124,4.239780426025391
3.5748002529144287,4.05188512802124,4.239780426025391
3.5753674507141113,4.052452087402344,4.241872787475586
3.575697898864746,4.053476333618164,4.241932392120361
3.575697898864746,4.053476333618164,4.241932392120361
3.5764756202697754,4.054859161376953,4.241950035095215
3.577806234359741,4.057647228240967,4.243076324462891
3.577806234359741,4.057647228240967,4.243076324462891
3.578464984893799,4.059671878814697,4.243930816650391
3.579585313796997,4.061684608459473,4.243578910827637
3.579585313796997,4.061684608459473,4.243578910827637
3.5804696083068848,4.062768459320068,4.242982864379883
3.5809032917022705,4.064094543457031,4.244266510009766
3.5809032917022705,4.064094543457031,4.244266510009766
3.581024646759033,4.065135478973389,4.245309829711914
3.581716299057007,4.066826343536377,4.244208812713623
3.582197666168213,4.068183898925781,4.243863582611084
3.582197666168213,4.068183898925781,4.243863582611084
3.5824027061462402,4.0692362785339355,4.24462366104126
3.582719087600708,4.069982528686523,4.245790004730225
3.582719087600708,4.069982528686523,4.245790004730225
3.5826621055603027,4.070686340332031,4.245198726654053
3.5828118324279785,4.071072578430176,4.245327472686768
3.5828118324279785,4.071072578430176,4.245327472686768
3.583024263381958,4.071173191070557,4.245986461639404
3.5830612182617188,4.0716753005981445,4.246561050415039
3.5840044021606445,4.073310375213623,4.245802402496338
3.5840044021606445,4.073310375213623,4.245802402496338
3.5848138332366943,4.0744147300720215,4.245550155639648
3.585069179534912,4.0746026039123535,4.247200012207031
3.585069179534912,4.0746026039123535,4.247200012207031
3.5851645469665527,4.075778961181641,4.2471022605896
3.5862042903900146,4.0775299072265625,4.246536731719971
3.5862042903900146,4.0775299072265625,4.246536731719971
3.586656093597412,4.078225135803223,4.24660587310791
3.58665132522583,4.077920913696289,4.246866226196289
3.58665132522583,4.077920913696289,4.246866226196289
3.585639238357544,4.076740741729736,4.246519088745117
3.584763526916504,4.074925899505615,4.245530605316162
3.584763526916504,4.074925899505615,4.245530605316162
3.5850682258605957,4.0756025314331055,4.2455668449401855
3.5852243900299072,4.0763444900512695,4.24633264541626
3.5852243900299072,4.0763444900512695,4.24633264541626
3.5865728855133057,4.0789713859558105,4.2472968101501465
3.5869088172912598,4.079626560211182,4.247550010681152
3.5869088172912598,4.079626560211182,4.247550010681152
3.587284803390503,4.080618381500244,4.247127532958984
3.5871694087982178,4.079919815063477,4.246769905090332
3.5871694087982178,4.079919815063477,4.246769905090332
3.5873258113861084,4.0794901847839355,4.246768474578857
3.5872044563293457,4.0796027183532715,4.246610164642334
3.5874249935150146,4.080437660217285,4.24678897857666
3.5874249935150146,4.080437660217285,4.24678897857666
3.5879597663879395,4.0814900398254395,4.247034549713135
3.58772873878479,4.081810474395752,4.247040271759033
3.58772873878479,4.081810474395752,4.247040271759033
3.5873594284057617,4.081862449645996,4.247226715087891
3.5870516300201416,4.081295013427734,4.247379302978516
3.5870516300201416,4.081295013427734,4.247379302978516
3.5866780281066895,4.081294536590576,4.247778415679932
3.586815595626831,4.0820183753967285,4.248676776885986
3.586815595626831,4.0820183753967285,4.248676776885986
3.587085247039795,4.082710266113281,4.249159812927246
3.5875818729400635,4.083088397979736,4.2499003410339355
3.5875818729400635,4.083088397979736,4.2499003410339355
3.5877158641815186,4.08306360244751,4.25129508972168
3.5879557132720947,4.082977771759033,4.251387596130371
3.5879557132720947,4.082977771759033,4.251387596130371
3.588193893432617,4.082467555999756,4.251404762268066
3.588256359100342,4.082656383514404,4.251857280731201
3.588256359100342,4.082656383514404,4.251857280731201
3.58817982673645,4.083125114440918,4.252161502838135
3.5885510444641113,4.083878040313721,4.252060413360596
3.5885510444641113,4.083878040313721,4.252060413360596
3.589387893676758,4.085060119628906,4.252480506896973
3.5894455909729004,4.085174083709717,4.252623081207275
3.5895559787750244,4.085346221923828,4.252601146697998
3.5895559787750244,4.085346221923828,4.252601146697998
3.5906026363372803,4.08671236038208,4.252676010131836
3.5914177894592285,4.087579250335693,4.253445625305176
3.5914177894592285,4.087579250335693,4.253445625305176
3.5921778678894043,4.0886616706848145,4.253782272338867
3.5920724868774414,4.0881829261779785,4.254209041595459
3.5920724868774414,4.0881829261779785,4.254209041595459
3.592808485031128,4.088785648345947,4.253541946411133
3.593330144882202,4.089535713195801,4.25300931930542
3.593330144882202,4.089535713195801,4.25300931930542
3.5934689044952393,4.089618682861328,4.253882884979248
3.593240976333618,4.0911149978637695,4.253377914428711
3.593240976333618,4.0911149978637695,4.253377914428711
3.5930919647216797,4.091895580291748,4.253113269805908
3.5928831100463867,4.091892719268799,4.252798080444336
3.5928831100463867,4.091892719268799,4.252798080444336
3.592761754989624,4.0923991203308105,4.252706527709961
3.5926859378814697,4.093338966369629,4.252758502960205
3.5931437015533447,4.094662666320801,4.2530341148376465
3.5931437015533447,4.094662666320801,4.2530341148376465
3.5935981273651123,4.095749378204346,4.253312110900879
3.5941109657287598,4.097690105438232,4.253519535064697
3.5948994159698486,4.0998029708862305,4.254082202911377
3.5948994159698486,4.0998029708862305,4.254082202911377
3.5956506729125977,4.101963520050049,4.254026412963867
3.5962882041931152,4.103073596954346,4.253678321838379
3.5967013835906982,4.103066921234131,4.254357814788818
3.5967013835906982,4.103066921234131,4.254357814788818
3.597266435623169,4.103930950164795,4.254664421081543
3.598201036453247,4.10513973236084,4.255513668060303
3.598201036453247,4.10513973236084,4.255513668060303
3.598336935043335,4.105393409729004,4.25571346282959
3.598891496658325,4.10593318939209,4.255798816680908
3.598891496658325,4.10593318939209,4.255798816680908
3.5986688137054443,4.105386257171631,4.255721569061279
3.598497152328491,4.1054253578186035,4.256147861480713
3.598497152328491,4.1054253578186035,4.256147861480713
3.598907947540283,4.106114387512207,4.25615119934082
3.5996198654174805,4.107630729675293,4.256746768951416
3.5996198654174805,4.107630729675293,4.256746768951416
3.6000163555145264,4.109097003936768,4.255962371826172
3.600620985031128,4.110448837280273,4.256703853607178
3.600620985031128,4.110448837280273,4.256703853607178
3.601834297180176,4.113393306732178,4.258293151855469
3.6025125980377197,4.116097450256348,4.259629249572754
3.6025125980377197,4.116097450256348,4.259629249572754
3.6032235622406006,4.119312286376953,4.260083198547363
3.603532314300537,4.120544910430908,4.258655071258545
3.603532314300537,4.120544910430908,4.258655071258545
3.6043038368225098,4.12043571472168,4.259430885314941
3.6037988662719727,4.119319438934326,4.259615421295166
3.60379958152771,4.119004726409912,4.260231018066406
3.60379958152771,4.119004726409912,4.260231018066406
3.6039130687713623,4.119292736053467,4.261044502258301
3.6042368412017822,4.119758605957031,4.2625603675842285
3.6042368412017822,4.119758605957031,4.2625603675842285
3.605008840560913,4.121222019195557,4.26392936706543
3.605278253555298,4.121508598327637,4.264371395111084
3.605278253555298,4.121508598327637,4.264371395111084
3.6055946350097656,4.120841026306152,4.265928268432617
3.6060585975646973,4.120944499969482,4.266715049743652
3.6060585975646973,4.120944499969482,4.266715049743652
3.6065526008605957,4.120733737945557,4.267014026641846
3.607048749923706,4.120246410369873,4.267999649047852
3.607048749923706,4.120246410369873,4.267999649047852
3.6067135334014893,4.120213508605957,4.267973899841309
3.6069400310516357,4.11998176574707,4.267808437347412
3.6069400310516357,4.11998176574707,4.267808437347412
3.6064836978912354,4.1186747550964355,4.26710319519043
3.606257915496826,4.117839813232422,4.267193794250488
3.606257915496826,4.117839813232422,4.267193794250488
3.606142997741699,4.117238521575928,4.268024444580078
3.6066079139709473,4.1185431480407715,4.268792629241943
3.6066079139709473,4.1185431480407715,4.268792629241943
3.606753349304199,4.120359897613525,4.268220901489258
3.607941150665283,4.122685432434082,4.2686991691589355
3.607941150665283,4.122685432434082,4.2686991691589355
3.608419179916382,4.123899936676025,4.269567012786865
3.608647108078003,4.1250410079956055,4.26814603805542
3.608647108078003,4.1250410079956055,4.26814603805542
3.608717203140259,4.125740051269531,4.267098903656006
3.6087825298309326,4.126224517822266,4.267797470092773
3.6087825298309326,4.126224517822266,4.267797470092773
3.6088125705718994,4.127653121948242,4.267757415771484
3.6089532375335693,4.129225730895996,4.267109394073486
3.609060525894165,4.129824638366699,4.26664400100708
3.609060525894165,4.129824638366699,4.26664400100708
3.608708381652832,4.129247188568115,4.2667460441589355
3.6088480949401855,4.129683971405029,4.266488552093506
3.6088480949401855,4.129683971405029,4.266488552093506
3.6089694499969482,4.1302900314331055,4.265880107879639
3.6094119548797607,4.131760597229004,4.265898704528809
3.609894275665283,4.132707595825195,4.265756607055664
3.609894275665283,4.132707595825195,4.265756607055664
3.6103603839874268,4.133543014526367,4.26564359664917
3.611158609390259,4.135037899017334,4.265046119689941
3.611158609390259,4.135037899017334,4.265046119689941
3.610942840576172,4.133986473083496,4.265019416809082
3.6107451915740967,4.133530139923096,4.265100479125977
3.6107451915740967,4.133530139923096,4.265100479125977
3.610713005065918,4.133158206939697,4.265557289123535
3.6106741428375244,4.132488250732422,4.2652506828308105
3.6109299659729004,4.132178783416748,4.265326976776123
3.6109299659729004,4.132178783416748,4.265326976776123
3.6115663051605225,4.133251667022705,4.266359806060791
3.611654758453369,4.13413143157959,4.267228603363037
3.6115729808807373,4.134853839874268,4.266557693481445
3.6115729808807373,4.134853839874268,4.266557693481445
3.6118593215942383,4.135144233703613,4.266212463378906
3.6120965480804443,4.135196685791016,4.266225337982178
3.6120965480804443,4.135196685791016,4.266225337982178
3.6123123168945312,4.135464191436768,4.266904354095459
3.6123995780944824,4.135371208190918,4.267425060272217
3.6123995780944824,4.135371208190918,4.267425060272217
3.6123175621032715,4.134683132171631,4.267195224761963
3.6123876571655273,4.134959697723389,4.267672538757324
3.6123876571655273,4.134959697723389,4.267672538757324
3.6121058464050293,4.135426998138428,4.268281936645508
3.612574338912964,4.136591911315918,4.269022464752197
3.6125857830047607,4.137300491333008,4.269099712371826
3.6125857830047607,4.137300491333008,4.269099712371826
3.6126222610473633,4.13775634765625,4.269766807556152
3.6127305030822754,4.138158798217773,4.2704033851623535
3.6127305030822754,4.138158798217773,4.2704033851623535
3.613166570663452,4.139093399047852,4.270427227020264
3.6138360500335693,4.140200614929199,4.271565914154053
3.6138360500335693,4.140200614929199,4.271565914154053
3.6143789291381836,4.140895366668701,4.272035121917725
3.6148290634155273,4.141058444976807,4.27250862121582
3.6148290634155273,4.141058444976807,4.27250862121582
3.6153109073638916,4.141624927520752,4.27226448059082
3.6158037185668945,4.141779899597168,4.271948337554932
3.6160647869110107,4.141723155975342,4.272558689117432
3.6160647869110107,4.141723155975342,4.272558689117432
3.615985155105591,4.142385482788086,4.272983551025391
3.6159260272979736,4.142927646636963,4.272861003875732
3.6162445545196533,4.143648624420166,4.271493434906006
3.6162445545196533,4.143648624420166,4.271493434906006
3.6164603233337402,4.143470764160156,4.271768569946289
3.6164603233337402,4.143470764160156,4.271768569946289
3.616199016571045,4.142944812774658,4.272215366363525
3.6163084506988525,4.1431121826171875,4.272987365722656
3.616607427597046,4.1438798904418945,4.271791934967041
3.616607427597046,4.1438798904418945,4.271791934967041
3.6170122623443604,4.144593715667725,4.272078990936279
3.6173272132873535,4.145540237426758,4.273360729217529
3.6173272132873535,4.145540237426758,4.273360729217529
3.617102861404419,4.145560264587402,4.272913932800293
3.617102861404419,4.145560264587402,4.272913932800293
3.6174747943878174,4.145576000213623,4.271973609924316
3.6171395778656006,4.145384788513184,4.271562576293945
3.6171395778656006,4.145384788513184,4.271562576293945
3.616941213607788,4.145387649536133,4.272644996643066
3.6172609329223633,4.146667957305908,4.272446155548096
3.6179957389831543,4.14762020111084,4.272287845611572
3.6179957389831543,4.14762020111084,4.272287845611572
3.6185271739959717,4.148313522338867,4.27249813079834
3.6185271739959717,4.148313522338867,4.27249813079834
3.6185050010681152,4.147817134857178,4.273046016693115
3.6184749603271484,4.14811897277832,4.272792339324951
3.619086265563965,4.148866653442383,4.2726006507873535
3.619086265563965,4.148866653442383,4.2726006507873535
3.619615316390991,4.14933443069458,4.273219108581543
3.6197712421417236,4.149628639221191,4.27275276184082
3.619863986968994,4.149947166442871,4.271945953369141
3.619863986968994,4.149947166442871,4.271945953369141
3.6198654174804688,4.149705410003662,4.271584510803223
3.6193575859069824,4.14965295791626,4.27156400680542
3.6193575859069824,4.14965295791626,4.27156400680542
3.619490623474121,4.150789260864258,4.271716117858887
3.620274305343628,4.152840614318848,4.271728515625
3.620274305343628,4.152840614318848,4.271728515625
3.6209604740142822,4.154263019561768,4.271824359893799
3.6211695671081543,4.155547142028809,4.272251605987549
3.6211695671081543,4.155547142028809,4.272251605987549
3.621105909347534,4.155650615692139,4.2726826667785645
3.620856761932373,4.155333042144775,4.272594451904297
3.620856761932373,4.155333042144775,4.272594451904297
3.6208627223968506,4.155649662017822,4.272981643676758
3.620694637298584,4.15493106842041,4.274351596832275
3.6209633350372314,4.155330657958984,4.27450704574585
3.6209633350372314,4.155330657958984,4.27450704574585
3.6211605072021484,4.154922008514404,4.273954391479492
3.6211605072021484,4.154922008514404,4.273954391479492
3.6212778091430664,4.1548237800598145,4.273916721343994
3.621255397796631,4.154600143432617,4.275534152984619
3.621032953262329,4.154890537261963,4.275485515594482
3.621032953262329,4.154890537261963,4.275485515594482
3.6209664344787598,4.154745578765869,4.275722980499268
3.621121644973755,4.154391765594482,4.275754451751709
3.621121644973755,4.154391765594482,4.275754451751709
3.6215298175811768,4.154613971710205,4.2761430740356445
3.621971607208252,4.154566764831543,4.276519775390625
3.621971607208252,4.154566764831543,4.276519775390625
3.622743844985962,4.155290126800537,4.277579307556152
3.6234958171844482,4.15553092956543,4.279270172119141
3.6234958171844482,4.15553092956543,4.279270172119141
3.62357497215271,4.155092239379883,4.280323028564453
3.624037981033325,4.155129909515381,4.280322551727295
3.624037981033325,4.155129909515381,4.280322551727295
3.62448787689209,4.154418468475342,4.280383110046387
3.6243436336517334,4.154385566711426,4.281020641326904
3.6243436336517334,4.154385566711426,4.281020641326904
3.6235151290893555,4.154223918914795,4.281224727630615
3.623321533203125,4.15405797958374,4.280673980712891
3.623321533203125,4.15405797958374,4.280673980712891
3.623459815979004,4.154717922210693,4.28007173538208
3.623109817504883,4.155305862426758,4.28006649017334
3.623109817504883,4.155305862426758,4.28006649017334
3.6234333515167236,4.1560587882995605,4.280282974243164
3.6235320568084717,4.156802654266357,4.28004789352417
3.6235320568084717,4.156802654266357,4.28004789352417
3.6240074634552,4.157975673675537,4.280118942260742
3.6244900226593018,4.158828258514404,4.281399250030518
3.6244900226593018,4.158828258514404,4.281399250030518
3.6252496242523193,4.160260200500488,4.280322074890137
3.625947952270508,4.160584926605225,4.280097007751465
3.625947952270508,4.160584926605225,4.280097007751465
3.6258699893951416,4.160297870635986,4.280544281005859
3.626145124435425,4.16057825088501,4.2809929847717285
3.626145124435425,4.16057825088501,4.2809929847717285
3.626159906387329,4.16179084777832,4.279969692230225
3.6263763904571533,4.1623945236206055,4.279575824737549
3.6263763904571533,4.1623945236206055,4.279575824737549
3.626826047897339,4.163013458251953,4.279935836791992
3.6269407272338867,4.163279056549072,4.279532432556152
3.6269407272338867,4.163279056549072,4.279532432556152
3.627883195877075,4.164735317230225,4.279374122619629
3.628502607345581,4.166055679321289,4.279134750366211
3.628502607345581,4.166055679321289,4.279134750366211
3.6289331912994385,4.1673455238342285,4.2795023918151855
3.6288297176361084,4.167983531951904,4.279369354248047
3.6288297176361084,4.167983531951904,4.279369354248047
3.6291542053222656,4.168399810791016,4.27799654006958
3.6289303302764893,4.167713642120361,4.277829647064209
3.6289303302764893,4.167713642120361,4.277829647064209
3.6286864280700684,4.167832851409912,4.2790727615356445
3.628805160522461,4.168869972229004,4.279834270477295
3.628805160522461,4.168869972229004,4.279834270477295
3.6296334266662598,4.171148300170898,4.279246807098389
3.6298434734344482,4.171938896179199,4.279210090637207
3.6298434734344482,4.171938896179199,4.279210090637207
3.6297435760498047,4.171962738037109,4.279285430908203
3.6295552253723145,4.171496868133545,4.279441833496094
3.629728078842163,4.1714253425598145,4.278802394866943
3.629728078842163,4.1714253425598145,4.278802394866943
3.6295430660247803,4.171242713928223,4.278934478759766
3.629857301712036,4.1719794273376465,4.279376029968262
3.629857301712036,4.1719794273376465,4.279376029968262
3.629840135574341,4.172438621520996,4.279372215270996
3.629840135574341,4.172438621520996,4.279372215270996
3.630122423171997,4.173205852508545,4.278663635253906
3.630080461502075,4.172863006591797,4.278409957885742
3.6298861503601074,4.172220706939697,4.279111385345459
3.6298861503601074,4.172220706939697,4.279111385345459
3.6298158168792725,4.171876907348633,4.2793755531311035
3.6298978328704834,4.172062397003174,4.2792134284973145
3.6298978328704834,4.172062397003174,4.2792134284973145
3.630077838897705,4.172175884246826,4.278815269470215
3.630138397216797,4.171648979187012,4.278870582580566
3.6300063133239746,4.171087741851807,4.2784318923950195
3.6300063133239746,4.171087741851807,4.2784318923950195
3.63043212890625,4.171075820922852,4.278144836425781
3.6306254863739014,4.171555042266846,4.278427600860596
3.6306254863739014,4.171555042266846,4.278427600860596
3.6304078102111816,4.1712212562561035,4.2782301902771
3.6302313804626465,4.1700944900512695,4.277566909790039
3.6302313804626465,4.1700944900512695,4.277566909790039
3.6299960613250732,4.168854236602783,4.278177738189697
3.6298954486846924,4.16924524307251,4.278785705566406
3.6298954486846924,4.16924524307251,4.278785705566406
3.6298904418945312,4.169200897216797,4.279679775238037
3.6301960945129395,4.169967174530029,4.27985954284668
3.6301960945129395,4.169967174530029,4.27985954284668
3.630614757537842,4.170740604400635,4.2806477546691895
3.630493402481079,4.170663833618164,4.281357765197754
3.630493402481079,4.170663833618164,4.281357765197754
3.630575180053711,4.170959949493408,4.281554222106934
3.630716323852539,4.170698165893555,4.28187370300293
3.630716323852539,4.170698165893555,4.28187370300293
3.6305882930755615,4.169717788696289,4.281704425811768
3.631056547164917,4.170532703399658,4.281857013702393
3.631056547164917,4.170532703399658,4.281857013702393
3.6313517093658447,4.171506881713867,4.281397342681885
3.6313796043395996,4.172060489654541,4.280823230743408
3.6313796043395996,4.172060489654541,4.280823230743408
3.6312811374664307,4.171637535095215,4.280714511871338
3.6311893463134766,4.17164421081543,4.280577182769775
3.6311893463134766,4.17164421081543,4.280577182769775
3.6313838958740234,4.172780513763428,4.279367446899414
3.6313838958740234,4.172780513763428,4.279367446899414
3.6312122344970703,4.172776699066162,4.279181003570557
3.6312255859375,4.173421382904053,4.280327320098877
3.630831480026245,4.174404144287109,4.279808044433594
3.630831480026245,4.174404144287109,4.279808044433594
3.631016969680786,4.175693511962891,4.279479503631592
3.6313087940216064,4.176786422729492,4.279850959777832
3.6313087940216064,4.176786422729492,4.279850959777832
3.631746530532837,4.177010536193848,4.281041145324707
3.6320559978485107,4.176879405975342,4.281295299530029
3.6320559978485107,4.176879405975342,4.281295299530029
3.632246732711792,4.176944255828857,4.280837535858154
3.6326324939727783,4.1771016120910645,4.28147554397583
3.6326324939727783,4.1771016120910645,4.28147554397583
3.6333820819854736,4.178219795227051,4.281459808349609
3.6341805458068848,4.179457187652588,4.281402111053467
3.6341805458068848,4.179457187652588,4.281402111053467
3.634753704071045,4.1803789138793945,4.2819132804870605
3.6347525119781494,4.18076753616333,4.2811760902404785
3.6347525119781494,4.18076753616333,4.2811760902404785
3.634694814682007,4.1809210777282715,4.280608654022217
3.6348161697387695,4.181201457977295,4.280239582061768
3.6348161697387695,4.181201457977295,4.280239582061768
3.6348910331726074,4.182352542877197,4.279941082000732
3.634909152984619,4.183538913726807,4.280315399169922
3.634909152984619,4.183538913726807,4.280315399169922
3.63515305519104,4.184136867523193,4.279890537261963
3.6352224349975586,4.183963775634766,4.279285907745361
3.6352224349975586,4.183963775634766,4.279285907745361
3.6351418495178223,4.183351993560791,4.279050827026367
3.635394334793091,4.183497428894043,4.278703212738037
3.635394334793091,4.183497428894043,4.278703212738037
3.635794162750244,4.184001445770264,4.278658866882324
3.6360528469085693,4.184512138366699,4.278530120849609
3.6360528469085693,4.184512138366699,4.278530120849609
3.636855125427246,4.185786724090576,4.278498649597168
3.6366219520568848,4.184981346130371,4.279709339141846
3.6366219520568848,4.184981346130371,4.279709339141846
3.6364247798919678,4.184914588928223,4.279929161071777
3.636582374572754,4.186252593994141,4.279778957366943
3.636582374572754,4.186252593994141,4.279778957366943
3.636939764022827,4.187747955322266,4.279970169067383
3.6368486881256104,4.1891937255859375,4.28100061416626
3.6368486881256104,4.1891937255859375,4.28100061416626
3.6369388103485107,4.190255641937256,4.281717777252197
3.6370012760162354,4.190684795379639,4.281715393066406
3.6370208263397217,4.19050931930542,4.28260612487793
3.636960506439209,4.1901726722717285,4.2837018966674805
3.636960506439209,4.1901726722717285,4.2837018966674805
3.6376757621765137,4.1909308433532715,4.284435272216797
3.6385064125061035,4.1916823387146,4.285314083099365
3.6385064125061035,4.1916823387146,4.285314083099365
3.639591693878174,4.192728519439697,4.286447048187256
3.640404224395752,4.193171501159668,4.287076950073242
3.640404224395752,4.193171501159668,4.287076950073242
3.641296148300171,4.193902969360352,4.287633419036865
3.6421072483062744,4.194728374481201,4.286636829376221
3.6421072483062744,4.194728374481201,4.286636829376221
3.642130136489868,4.194278717041016,4.285904407501221
3.6422481536865234,4.193966388702393,4.286128520965576
3.6422481536865234,4.193966388702393,4.286128520965576
3.6425442695617676,4.194080352783203,4.28645133972168
3.642974376678467,4.194456100463867,4.285634994506836
3.6432671546936035,4.194655895233154,4.285080909729004
3.6432671546936035,4.194655895233154,4.285080909729004
3.643486976623535,4.194853782653809,4.285459518432617
3.643314838409424,4.195141315460205,4.285635948181152
3.643314838409424,4.195141315460205,4.285635948181152
3.643242359161377,4.195311546325684,4.2856764793396
3.6434903144836426,4.196200847625732,4.285167217254639
3.6434903144836426,4.196200847625732,4.285167217254639
3.6441595554351807,4.197822093963623,4.285340309143066
3.6441967487335205,4.199149131774902,4.286073207855225
3.6441967487335205,4.199149131774902,4.286073207855225
3.6445741653442383,4.20004940032959,4.285820960998535
3.644975185394287,4.199427127838135,4.283989429473877
3.644975185394287,4.199427127838135,4.283989429473877
3.644930839538574,4.199221611022949,4.2833051681518555
3.645315647125244,4.200143337249756,4.283999919891357
3.645315647125244,4.200143337249756,4.283999919891357
3.6458325386047363,4.202020168304443,4.28306245803833
3.646705150604248,4.203550338745117,4.283256530761719
3.646705150604248,4.203550338745117,4.283256530761719
3.647096633911133,4.204404354095459,4.2832512855529785
3.646946668624878,4.2042036056518555,4.283441066741943
3.646946668624878,4.2042036056518555,4.283441066741943
3.64682936668396,4.204456329345703,4.282814979553223
3.6470189094543457,4.205143451690674,4.282770156860352
3.6470189094543457,4.205143451690674,4.282770156860352
3.647613525390625,4.2067036628723145,4.28297758102417
3.647735834121704,4.2078118324279785,4.283663272857666
3.647735834121704,4.2078118324279785,4.283663272857666
3.6477210521698,4.208294868469238,4.283926486968994
3.6477651596069336,4.208281517028809,4.2827887535095215
3.6477651596069336,4.208281517028809,4.2827887535095215
3.647815227508545,4.207420825958252,4.283173561096191
3.6481363773345947,4.207875728607178,4.2836527824401855
3.6481363773345947,4.207875728607178,4.2836527824401855
3.6484100818634033,4.20853328704834,4.284383773803711
3.6488583087921143,4.209897041320801,4.283890247344971
3.6488583087921143,4.209897041320801,4.283890247344971
3.6491663455963135,4.210608005523682,4.284882545471191
3.6492977142333984,4.211005210876465,4.28560209274292
3.6492977142333984,4.211005210876465,4.28560209274292
3.6493215560913086,4.211049556732178,4.285689830780029
3.6495511531829834,4.211343288421631,4.285192966461182
3.6495511531829834,4.211343288421631,4.285192966461182
3.64947509765625,4.211119174957275,4.285218238830566
3.650061845779419,4.211944103240967,4.285160541534424
3.650061845779419,4.211944103240967,4.285160541534424
3.6503567695617676,4.21156644821167,4.285905361175537
3.650045156478882,4.210489273071289,4.286123275756836
3.650045156478882,4.210489273071289,4.286123275756836
3.6503920555114746,4.210253715515137,4.285402774810791
3.6506543159484863,4.210356712341309,4.284764289855957
3.650514841079712,4.2100653648376465,4.285244464874268
3.650514841079712,4.2100653648376465,4.285244464874268
3.65010666847229,4.209320545196533,4.285682201385498
3.6501286029815674,4.209493637084961,4.285637378692627
3.6501286029815674,4.209493637084961,4.285637378692627
3.6500308513641357,4.209372043609619,4.2863664627075195
3.649745464324951,4.209211826324463,4.287622451782227
3.649745464324951,4.209211826324463,4.287622451782227
3.649933099746704,4.2098870277404785,4.288346767425537
3.650238275527954,4.210423469543457,4.288265705108643
3.650238275527954,4.210423469543457,4.288265705108643
3.6506080627441406,4.211040019989014,4.288507461547852
3.65080189704895,4.2109150886535645,4.289294719696045
3.65093731880188,4.210824489593506,4.289985179901123
3.65093731880188,4.210824489593506,4.289985179901123
3.6514549255371094,4.210350036621094,4.290543556213379
3.6517820358276367,4.210789203643799,4.290664196014404
3.6517820358276367,4.210789203643799,4.290664196014404
3.6518216133117676,4.211320877075195,4.291449069976807
3.651611566543579,4.212151527404785,4.291150093078613
3.651611566543579,4.212151527404785,4.291150093078613
3.6519527435302734,4.212859630584717,4.290543556213379
3.6520907878875732,4.212846279144287,4.2902374267578125
3.6520907878875732,4.212846279144287,4.2902374267578125
3.652268648147583,4.21250581741333,4.290894031524658
3.6527838706970215,4.213299751281738,4.290957927703857
3.6527838706970215,4.213299751281738,4.290957927703857
3.653540849685669,4.214728355407715,4.291265964508057
3.653912305831909,4.215450286865234,4.290759563446045
3.653912305831909,4.215450286865234,4.290759563446045
3.6542208194732666,4.216054439544678,4.290708541870117
3.6542165279388428,4.2153801918029785,4.289437770843506
3.6542165279388428,4.2153801918029785,4.289437770843506
3.6543679237365723,4.21548318862915,4.2900896072387695
3.654057264328003,4.2159423828125,4.290297985076904
3.654057264328003,4.2159423828125,4.290297985076904
3.654020071029663,4.216495513916016,4.291080951690674
3.6542487144470215,4.218497276306152,4.290711402893066
3.6542487144470215,4.218497276306152,4.290711402893066
3.654609441757202,4.219458103179932,4.291076183319092
3.6553103923797607,4.221317291259766,4.29277229309082
3.6553103923797607,4.221317291259766,4.29277229309082
3.6561286449432373,4.2232160568237305,4.293161869049072
3.657076835632324,4.224423408508301,4.29246187210083
3.657076835632324,4.224423408508301,4.29246187210083
3.657712459564209,4.224887371063232,4.292592525482178
3.657835006713867,4.224608421325684,4.293805122375488
3.657835006713867,4.224608421325684,4.293805122375488
3.6580617427825928,4.225235462188721,4.2930707931518555
3.6589558124542236,4.225583076477051,4.292041778564453
3.6589558124542236,4.225583076477051,4.292041778564453
3.659198522567749,4.225045204162598,4.292026996612549
3.659318447113037,4.225255012512207,4.293183326721191
3.659318447113037,4.225255012512207,4.293183326721191
3.659675121307373,4.225610256195068,4.291725158691406
3.660895347595215,4.226952075958252,4.289893627166748
3.660895347595215,4.226952075958252,4.289893627166748
3.661128520965576,4.2283711433410645,4.2908172607421875
3.6608924865722656,4.229031562805176,4.290893077850342
3.6608924865722656,4.229031562805176,4.290893077850342
3.6610541343688965,4.229172229766846,4.290301322937012
3.6606674194335938,4.228296279907227,4.29005241394043
3.6606674194335938,4.228296279907227,4.29005241394043
3.6606571674346924,4.228977203369141,4.290390968322754
3.6608200073242188,4.229343891143799,4.291162014007568
3.6608200073242188,4.229343891143799,4.291162014007568
3.661273956298828,4.230410575866699,4.291186332702637
3.661456823348999,4.230270862579346,4.291773796081543
3.661456823348999,4.230270862579346,4.291773796081543
3.6616339683532715,4.230542182922363,4.291819095611572
3.66171932220459,4.230432510375977,4.291838645935059
3.66171932220459,4.230432510375977,4.291838645935059
3.6617190837860107,4.230024337768555,4.291402816772461
3.661679744720459,4.2297186851501465,4.291158676147461
3.661679744720459,4.2297186851501465,4.291158676147461
3.661525249481201,4.229124546051025,4.291007995605469
3.6612298488616943,4.228399276733398,4.290876388549805
3.6614954471588135,4.228877067565918,4.2913641929626465
3.6614954471588135,4.228877067565918,4.2913641929626465
3.66147780418396,4.22892427444458,4.292172431945801
3.661674737930298,4.22941780090332,4.2933349609375
3.661674737930298,4.22941780090332,4.2933349609375
3.6622512340545654,4.231034278869629,4.293169021606445
3.662504196166992,4.231380462646484,4.294276714324951
3.662504196166992,4.231380462646484,4.294276714324951
3.6627743244171143,4.232006072998047,4.295833587646484
3.6632909774780273,4.233466625213623,4.295456886291504
3.6632909774780273,4.233466625213623,4.295456886291504
3.6637253761291504,4.234735012054443,4.295768737792969
3.6638832092285156,4.23525333404541,4.296633720397949
3.6639649868011475,4.235256195068359,4.2979044914245605
3.6639649868011475,4.235256195068359,4.2979044914245605
3.6646265983581543,4.2360968589782715,4.2980875968933105
3.665403366088867,4.237072467803955,4.299014091491699
3.665403366088867,4.237072467803955,4.299014091491699
3.6656835079193115,4.236844539642334,4.300536632537842
3.665888786315918,4.238274097442627,4.301701068878174
3.6662404537200928,4.239466190338135,4.301995277404785
3.6662404537200928,4.239466190338135,4.301995277404785
3.666571617126465,4.240152359008789,4.301349639892578
3.666571617126465,4.240152359008789,4.301349639892578
3.6662380695343018,4.2392191886901855,4.301316738128662
3.6658687591552734,4.237911701202393,4.301747798919678
3.6658687591552734,4.237911701202393,4.301747798919678
3.6659555435180664,4.237941265106201,4.302124500274658
3.6664516925811768,4.239287853240967,4.301663398742676
3.6664516925811768,4.239287853240967,4.301663398742676
3.666682243347168,4.240291118621826,4.301825523376465
3.6673107147216797,4.242260456085205,4.303394317626953
3.6673107147216797,4.242260456085205,4.303394317626953
3.6675353050231934,4.243391990661621,4.302766799926758
3.6679821014404297,4.243959903717041,4.302093982696533
3.6679821014404297,4.243959903717041,4.302093982696533
3.668382406234741,4.244106769561768,4.3019022941589355
3.6687419414520264,4.244192123413086,4.302478313446045
3.6687419414520264,4.244192123413086,4.302478313446045
3.6691055297851562,4.245291709899902,4.302187442779541
3.669747829437256,4.246853351593018,4.302104473114014
3.669747829437256,4.246853351593018,4.302104473114014
3.6704699993133545,4.2483134269714355,4.30234956741333
3.670386552810669,4.24837589263916,4.302474021911621
3.670386552810669,4.24837589263916,4.302474021911621
3.670435667037964,4.248380661010742,4.302168846130371
3.6711032390594482,4.248946666717529,4.301895618438721
3.671267509460449,4.24898099899292,4.3022003173828125
3.671267509460449,4.24898099899292,4.3022003173828125
3.6713902950286865,4.250121116638184,4.302210330963135
3.671624183654785,4.250594615936279,4.302169322967529
3.671624183654785,4.250594615936279,4.302169322967529
3.6720197200775146,4.251603126525879,4.301690578460693
3.672186851501465,4.2517991065979,4.301824569702148
3.672186851501465,4.2517991065979,4.301824569702148
3.672285318374634,4.251669883728027,4.302326202392578
3.6729178428649902,4.252918720245361,4.302938938140869
3.6729178428649902,4.252918720245361,4.302938938140869
3.6735870838165283,4.2542805671691895,4.303129196166992
3.6735870838165283,4.2542805671691895,4.303129196166992
3.674121379852295,4.255321502685547,4.303603649139404
3.6742069721221924,4.255096912384033,4.304183483123779
3.6749818325042725,4.255429267883301,4.3041911125183105
3.6749818325042725,4.255429267883301,4.3041911125183105
3.6747379302978516,4.255858898162842,4.304460048675537
3.675246000289917,4.256991863250732,4.305305004119873
3.675246000289917,4.256991863250732,4.305305004119873
3.6754872798919678,4.25749397277832,4.304823875427246
3.6751904487609863,4.257588863372803,4.304380893707275
3.6751904487609863,4.257588863372803,4.304380893707275
3.6751468181610107,4.257831573486328,4.304508686065674
3.675152063369751,4.258203029632568,4.304563045501709
3.675152063369751,4.258203029632568,4.304563045501709
3.6751790046691895,4.259528160095215,4.303770542144775
3.675537109375,4.260479927062988,4.303884506225586
3.675537109375,4.260479927062988,4.303884506225586
3.6756327152252197,4.260493278503418,4.3043131828308105
3.6751420497894287,4.259944915771484,4.303646564483643
3.675379514694214,4.260510444641113,4.303150653839111
3.675379514694214,4.260510444641113,4.303150653839111
3.675697088241577,4.261110782623291,4.304246425628662
3.6756622791290283,4.261970520019531,4.304501056671143
3.6756622791290283,4.261970520019531,4.304501056671143
3.6756796836853027,4.262190818786621,4.304131031036377
3.6760027408599854,4.262635231018066,4.304511547088623
3.6760027408599854,4.262635231018066,4.304511547088623
3.6761322021484375,4.263202667236328,4.304417133331299
3.676112413406372,4.263189792633057,4.304886341094971
3.676034450531006,4.2633867263793945,4.3051886558532715
3.676034450531006,4.2633867263793945,4.3051886558532715
3.6759119033813477,4.26330041885376,4.305429935455322
3.6759345531463623,4.263079643249512,4.306029319763184
3.6764354705810547,4.263552665710449,4.306496620178223
3.676934242248535,4.263924598693848,4.307349681854248
3.677489757537842,4.2638702392578125,4.307483673095703
3.6786727905273438,4.264360427856445,4.307608604431152
3.6789627075195312,4.263673305511475,4.307948112487793
3.6785943508148193,4.262162685394287,4.308032512664795
3.6785943508148193,4.262162685394287,4.308032512664795
3.6781153678894043,4.260499000549316,4.308348655700684
3.6782050132751465,4.260293483734131,4.308465003967285
3.678697109222412,4.261109352111816,4.307598114013672
3.678697109222412,4.261109352111816,4.307598114013672
3.6786909103393555,4.262774467468262,4.308047771453857
3.678727388381958,4.264433860778809,4.308680057525635
3.678727388381958,4.264433860778809,4.308680057525635
3.6786890029907227,4.265229225158691,4.307443618774414
3.679388999938965,4.265958309173584,4.307093620300293
3.679388999938965,4.265958309173584,4.307093620300293
3.6792192459106445,4.265349388122559,4.307718276977539
3.6792843341827393,4.265230655670166,4.308249473571777
3.6792843341827393,4.265230655670166,4.308249473571777
3.6796622276306152,4.265195369720459,4.307109832763672
3.679840087890625,4.265985488891602,4.306373119354248
3.679840087890625,4.265985488891602,4.306373119354248
3.6799654960632324,4.266289710998535,4.307061672210693
3.6800644397735596,4.267434120178223,4.30757474899292
3.6800644397735596,4.267434120178223,4.30757474899292
3.680271625518799,4.269032001495361,4.307156562805176
3.6807093620300293,4.270049571990967,4.306646347045898
3.6807093620300293,4.270049571990967,4.306646347045898
3.6808810234069824,4.270188331604004,4.307226657867432
3.6802778244018555,4.26954984664917,4.306782245635986
3.6802778244018555,4.26954984664917,4.306782245635986
3.6793344020843506,4.266770839691162,4.307180881500244
3.678326368331909,4.264018535614014,4.305110931396484
3.678326368331909,4.264018535614014,4.305110931396484
3.6794302463531494,4.26443338394165,4.30604362487793
3.68021821975708,4.2677717208862305,4.307729244232178
3.681053400039673,4.270686626434326,4.309695243835449
3.6810719966888428,4.272691249847412,4.308010578155518
3.6810719966888428,4.272691249847412,4.308010578155518
3.6812403202056885,4.27262544631958,4.30730676651001
3.6811413764953613,4.271876335144043,4.306769371032715
3.6811413764953613,4.271876335144043,4.306769371032715
3.681581497192383,4.2721052169799805,4.3078436851501465
3.6816351413726807,4.272965908050537,4.3077778816223145
3.6819052696228027,4.27365255355835,4.307676315307617
3.6819052696228027,4.27365255355835,4.307676315307617
3.6824021339416504,4.2745680809021,4.30748987197876
3.6821320056915283,4.275196075439453,4.307089805603027
3.6821320056915283,4.275196075439453,4.307089805603027
3.682175636291504,4.276560306549072,4.306986331939697
3.6823372840881348,4.277268409729004,4.306604385375977
3.6823372840881348,4.277268409729004,4.306604385375977
3.6818666458129883,4.276023864746094,4.305971622467041
3.6814446449279785,4.274880886077881,4.305947780609131
3.6814446449279785,4.274880886077881,4.305947780609131
3.6814663410186768,4.274494647979736,4.305853843688965
3.6818008422851562,4.274919509887695,4.3056511878967285
3.6818008422851562,4.274919509887695,4.3056511878967285
3.6822009086608887,4.276313304901123,4.305057048797607
3.682438850402832,4.276411533355713,4.305558681488037
3.682438850402832,4.276411533355713,4.305558681488037
3.6824331283569336,4.275531768798828,4.305441379547119
3.682562828063965,4.27419900894165,4.305416107177734
3.682562828063965,4.27419900894165,4.305416107177734
3.682173728942871,4.273044109344482,4.306209564208984
3.6821212768554688,4.272974967956543,4.307998180389404
3.6821212768554688,4.272974967956543,4.307998180389404
3.68243145942688,4.274086952209473,4.306736469268799
3.683730125427246,4.276198387145996,4.306665897369385
3.684234857559204,4.277514934539795,4.307803630828857
3.684234857559204,4.277514934539795,4.307803630828857
3.6841089725494385,4.2772111892700195,4.3084540367126465
3.6838419437408447,4.276242733001709,4.30844259262085
3.6838419437408447,4.276242733001709,4.30844259262085
3.6838817596435547,4.276493072509766,4.308725357055664
3.6845037937164307,4.278599739074707,4.310031890869141
3.6845037937164307,4.278599739074707,4.310031890869141
3.685513973236084,4.281428337097168,4.310770511627197
3.6864240169525146,4.283298492431641,4.312044620513916
3.6864240169525146,4.283298492431641,4.312044620513916
3.6874117851257324,4.285175800323486,4.31294059753418
3.687561273574829,4.285080909729004,4.313345432281494
3.6873555183410645,4.283610820770264,4.313848495483398
3.6873555183410645,4.283610820770264,4.313848495483398
3.687422513961792,4.28300666809082,4.313966751098633
3.687833309173584,4.283062934875488,4.3138556480407715
3.687833309173584,4.283062934875488,4.3138556480407715
3.6889355182647705,4.2838239669799805,4.314000606536865
3.6899139881134033,4.284672260284424,4.314656734466553
3.6899139881134033,4.284672260284424,4.314656734466553
3.6898536682128906,4.2840399742126465,4.314905643463135
3.6898791790008545,4.2835588455200195,4.314655303955078
3.6898791790008545,4.2835588455200195,4.314655303955078
3.690251350402832,4.283952236175537,4.3139967918396
3.691030740737915,4.285487651824951,4.314777374267578
3.691030740737915,4.285487651824951,4.314777374267578
3.691401720046997,4.28767728805542,4.314888954162598
3.692333221435547,4.290477752685547,4.3147873878479
3.692333221435547,4.290477752685547,4.3147873878479
3.692810535430908,4.292195796966553,4.3150482177734375
3.6926188468933105,4.293075084686279,4.315731048583984
3.6923201084136963,4.293494701385498,4.315679550170898
3.6923201084136963,4.293494701385498,4.315679550170898
3.692265748977661,4.294006824493408,4.3159708976745605
3.692185163497925,4.295163631439209,4.31616735458374
3.692185163497925,4.295163631439209,4.31616735458374
3.692525863647461,4.2961249351501465,4.316492557525635
3.6926991939544678,4.2968268394470215,4.316990375518799
3.6926991939544678,4.2968268394470215,4.316990375518799
3.6929614543914795,4.2979512214660645,4.317318916320801
3.693152666091919,4.299648284912109,4.31724214553833
3.693152666091919,4.299648284912109,4.31724214553833
3.6940181255340576,4.300998210906982,4.317763328552246
3.694852352142334,4.301991939544678,4.318115234375
3.694852352142334,4.301991939544678,4.318115234375
3.6958131790161133,4.30269193649292,4.318170547485352
3.695643424987793,4.302207946777344,4.317965507507324
3.695643424987793,4.302207946777344,4.317965507507324
3.695539712905884,4.301633358001709,4.318098545074463
3.6958138942718506,4.301466464996338,4.317639350891113
3.6958138942718506,4.301466464996338,4.317639350891113
3.6962976455688477,4.301971912384033,4.317373275756836
3.6975836753845215,4.304105281829834,4.317623138427734
3.6975836753845215,4.304105281829834,4.317623138427734
3.6980552673339844,4.305495262145996,4.317326545715332
3.6984100341796875,4.306582450866699,4.317225456237793
3.699150323867798,4.307506561279297,4.3177361488342285
3.699150323867798,4.307506561279297,4.3177361488342285
3.699470043182373,4.30759859085083,4.31761360168457
3.6996021270751953,4.307773590087891,4.317538261413574
3.6996021270751953,4.307773590087891,4.317538261413574
3.6996655464172363,4.308353424072266,4.318467617034912
3.6999571323394775,4.309309482574463,4.3186726570129395
3.6999571323394775,4.309309482574463,4.3186726570129395
3.699712038040161,4.309392929077148,4.31765604019165
3.6992976665496826,4.309041500091553,4.317925930023193
3.6992976665496826,4.309041500091553,4.317925930023193
3.6990764141082764,4.308688163757324,4.318728446960449
3.6990764141082764,4.308688163757324,4.318728446960449
3.69905948638916,4.308822154998779,4.318006992340088
3.6991381645202637,4.3095011711120605,4.317871570587158
3.698849678039551,4.308971881866455,4.319456577301025
3.698849678039551,4.308971881866455,4.319456577301025
3.69827938079834,4.3090949058532715,4.3193039894104
3.69827938079834,4.3090949058532715,4.3193039894104
3.69840669631958,4.309415340423584,4.3189239501953125
3.6990127563476562,4.31113338470459,4.319455623626709
3.699402093887329,4.312588691711426,4.31962251663208
3.699402093887329,4.312588691711426,4.31962251663208
3.6994330883026123,4.31296443939209,4.320249080657959
3.6992340087890625,4.312276840209961,4.3215179443359375
3.6992340087890625,4.312276840209961,4.3215179443359375
3.69911527633667,4.311480522155762,4.321682453155518
3.699282169342041,4.31149435043335,4.322603225708008
3.699282169342041,4.31149435043335,4.322603225708008
3.6994338035583496,4.31281852722168,4.324100494384766
3.699847459793091,4.314270496368408,4.3251261711120605
3.699847459793091,4.314270496368408,4.3251261711120605
3.700594663619995,4.315999984741211,4.324239730834961
3.7011988162994385,4.317160606384277,4.324633598327637
3.7011988162994385,4.317160606384277,4.324633598327637
3.7019641399383545,4.318271636962891,4.325753688812256
3.7032244205474854,4.319387435913086,4.327294826507568
3.7032244205474854,4.319387435913086,4.327294826507568
3.7041819095611572,4.319994926452637,4.327243804931641
3.7049953937530518,4.320847511291504,4.327574253082275
3.7049953937530518,4.320847511291504,4.327574253082275
3.7051751613616943,4.320732593536377,4.32861852645874
3.705360174179077,4.320649147033691,4.328066349029541
3.7056612968444824,4.320127964019775,4.32782506942749
3.7056612968444824,4.320127964019775,4.32782506942749
3.7063629627227783,4.320821285247803,4.330379009246826
3.706195592880249,4.322182655334473,4.330632209777832
3.706195592880249,4.322182655334473,4.330632209777832
3.706427574157715,4.324142932891846,4.330018043518066
3.7070529460906982,4.32543420791626,4.3293137550354
3.7070529460906982,4.32543420791626,4.3293137550354
3.7071659564971924,4.326244354248047,4.329110622406006
3.706454277038574,4.325746059417725,4.328917026519775
3.706385850906372,4.325425624847412,4.328864097595215
3.706271171569824,4.325055122375488,4.328161239624023
3.706271171569824,4.325055122375488,4.328161239624023
3.707000732421875,4.327371120452881,4.328667163848877
3.70815372467041,4.330462455749512,4.3297295570373535
3.70815372467041,4.330462455749512,4.3297295570373535
3.708859920501709,4.33266019821167,4.328439712524414
3.7101593017578125,4.335816383361816,4.330487251281738
3.7101593017578125,4.335816383361816,4.330487251281738
3.7098000049591064,4.335926532745361,4.331242084503174
3.710131883621216,4.336772918701172,4.332475185394287
3.710131883621216,4.336772918701172,4.332475185394287
3.7099246978759766,4.337114334106445,4.332331657409668
3.7102463245391846,4.337207794189453,4.332167148590088
3.7102463245391846,4.337207794189453,4.332167148590088
3.7106668949127197,4.337472915649414,4.332411289215088
3.7106668949127197,4.337472915649414,4.332411289215088
3.7118337154388428,4.338332653045654,4.334167003631592
3.711056709289551,4.333191394805908,4.335483551025391
3.711056709289551,4.333191394805908,4.335483551025391
