x,y,z
2.014723062515259,2.6355574131011963,3.3824126720428467
2.0230531692504883,2.6285347938537598,3.3937265872955322
2.028588056564331,2.6270508766174316,3.3964266777038574
2.028588056564331,2.6270508766174316,3.3964266777038574
2.0284271240234375,2.625870704650879,3.396359443664551
2.0205602645874023,2.636342763900757,3.392087936401367
2.0182230472564697,2.6394753456115723,3.3926689624786377
2.0157790184020996,2.6361441612243652,3.3924126625061035
2.0085344314575195,2.6413795948028564,3.385626792907715
2.007410764694214,2.640531539916992,3.3845467567443848
2.0052011013031006,2.6390578746795654,3.3809564113616943
2.0044147968292236,2.639237880706787,3.3796238899230957
2.014983892440796,2.627375602722168,3.3902626037597656
2.014508008956909,2.6275713443756104,3.387153148651123
2.012726068496704,2.6296141147613525,3.3825042247772217
2.011579751968384,2.626171350479126,3.380462646484375
2.0068371295928955,2.6312386989593506,3.3760740756988525
2.010179281234741,2.626575231552124,3.378483533859253
2.009974718093872,2.630220651626587,3.3781068325042725
2.008958101272583,2.636186361312866,3.3792316913604736
2.01601243019104,2.630927085876465,3.3863964080810547
2.0159921646118164,2.631272792816162,3.3845133781433105
2.0162546634674072,2.631901979446411,3.3849127292633057
2.0139145851135254,2.628920555114746,3.3803341388702393
2.012777328491211,2.622009754180908,3.378650426864624
2.0089004039764404,2.6256892681121826,3.3769748210906982
2.0044608116149902,2.6289169788360596,3.3732447624206543
2.004343271255493,2.626242160797119,3.3738760948181152
1.9956496953964233,2.637223958969116,3.3679678440093994
1.9992491006851196,2.628126382827759,3.3689968585968018
2.008864641189575,2.619297504425049,3.3781418800354004
2.0041253566741943,2.626420259475708,3.3712687492370605
2.0018277168273926,2.6288676261901855,3.369215488433838
2.0016419887542725,2.630075454711914,3.3699827194213867
1.993882417678833,2.6392908096313477,3.363034248352051
1.9977670907974243,2.6316165924072266,3.366767168045044
1.9968470335006714,2.6333789825439453,3.3666322231292725
1.999937653541565,2.6288492679595947,3.368157386779785
2.0030243396759033,2.6266841888427734,3.37101411819458
2.0030243396759033,2.6266841888427734,3.37101411819458
2.001411199569702,2.6278982162475586,3.369340658187866
2.005551815032959,2.622875928878784,3.3731703758239746
2.0037789344787598,2.6257591247558594,3.3722128868103027
2.0021538734436035,2.6259653568267822,3.3711862564086914
2.0016415119171143,2.625711441040039,3.371587038040161
2.0016415119171143,2.625711441040039,3.371587038040161
1.9969149827957153,2.627715826034546,3.3650717735290527
1.996807336807251,2.6269800662994385,3.365997314453125
1.996807336807251,2.6269800662994385,3.365997314453125
1.9998149871826172,2.624448537826538,3.369337797164917
1.9998149871826172,2.624448537826538,3.369337797164917
1.9987223148345947,2.6264309883117676,3.3679800033569336
2.0018908977508545,2.620769739151001,3.3711941242218018
2.0013785362243652,2.620750904083252,3.3699707984924316
1.9969897270202637,2.623915910720825,3.36474609375
1.9969897270202637,2.623915910720825,3.36474609375
1.9956722259521484,2.623812437057495,3.363513708114624
1.9940497875213623,2.625239849090576,3.3623268604278564
1.9952205419540405,2.6214396953582764,3.3620426654815674
1.9952205419540405,2.6214396953582764,3.3620426654815674
1.9952561855316162,2.6191329956054688,3.3589084148406982
1.9952561855316162,2.6191329956054688,3.3589084148406982
1.9922593832015991,2.6193277835845947,3.354675531387329
1.9917051792144775,2.6171610355377197,3.3539419174194336
1.9858752489089966,2.6213479042053223,3.3492603302001953
1.9858752489089966,2.6213479042053223,3.3492603302001953
1.987351894378662,2.6166865825653076,3.3500185012817383
1.985920786857605,2.6178030967712402,3.3475589752197266
1.985920786857605,2.6178030967712402,3.3475589752197266
1.9874038696289062,2.614971876144409,3.348740339279175
1.9874038696289062,2.614971876144409,3.348740339279175
1.9880205392837524,2.615346670150757,3.3496384620666504
1.9899351596832275,2.6149468421936035,3.352372169494629
1.9899351596832275,2.6149468421936035,3.352372169494629
1.9886410236358643,2.616015911102295,3.351511240005493
1.987736463546753,2.616272211074829,3.3508503437042236
1.9875911474227905,2.6168601512908936,3.35074782371521
1.9920133352279663,2.6135149002075195,3.3533406257629395
1.9920133352279663,2.6135149002075195,3.3533406257629395
1.9929684400558472,2.6129698753356934,3.3531713485717773
1.9994086027145386,2.6117610931396484,3.3594751358032227
1.9994086027145386,2.6117610931396484,3.3594751358032227
2.002283811569214,2.6100780963897705,3.361539602279663
2.004127025604248,2.6087379455566406,3.362649440765381
2.0040855407714844,2.608557939529419,3.3630805015563965
2.0042693614959717,2.608243942260742,3.363759994506836
2.0042693614959717,2.608243942260742,3.363759994506836
2.0065014362335205,2.607372999191284,3.3649561405181885
2.009597063064575,2.6035845279693604,3.3656797409057617
2.009597063064575,2.6035845279693604,3.3656797409057617
2.0088226795196533,2.603348731994629,3.3652331829071045
2.0088226795196533,2.603348731994629,3.3652331829071045
2.006211280822754,2.605175256729126,3.3644750118255615
1.9999333620071411,2.6082260608673096,3.3612325191497803
1.9999333620071411,2.6082260608673096,3.3612325191497803
1.9953174591064453,2.610894203186035,3.3590872287750244
1.9947774410247803,2.6108078956604004,3.359215497970581
1.9942841529846191,2.610410690307617,3.359292507171631
1.9923961162567139,2.6109609603881836,3.35673451423645
1.9922025203704834,2.6118996143341064,3.3566436767578125
1.9922025203704834,2.6118996143341064,3.3566436767578125
1.9884521961212158,2.615875244140625,3.3554043769836426
1.9884521961212158,2.615875244140625,3.3554043769836426
1.9893934726715088,2.61372971534729,3.355490207672119
1.9883489608764648,2.615335702896118,3.3536455631256104
1.9883489608764648,2.615335702896118,3.3536455631256104
1.9855960607528687,2.6209497451782227,3.3534088134765625
1.984247088432312,2.6228907108306885,3.352551221847534
1.984247088432312,2.6228907108306885,3.352551221847534
1.9823668003082275,2.6246399879455566,3.3514416217803955
1.9823668003082275,2.6246399879455566,3.3514416217803955
1.9811310768127441,2.62726092338562,3.350928783416748
1.9809085130691528,2.6273553371429443,3.3509862422943115
1.9809085130691528,2.6273553371429443,3.3509862422943115
1.9771769046783447,2.6303281784057617,3.3483846187591553
1.974898099899292,2.632469654083252,3.346937656402588
1.9738110303878784,2.6330111026763916,3.345881938934326
1.9738110303878784,2.6330111026763916,3.345881938934326
1.9708367586135864,2.634007453918457,3.344249725341797
1.9708846807479858,2.6342408657073975,3.3470284938812256
1.9708846807479858,2.6342408657073975,3.3470284938812256
1.9685518741607666,2.6413214206695557,3.34904146194458
1.9692201614379883,2.6382269859313965,3.351348638534546
1.9692201614379883,2.6382269859313965,3.351348638534546
1.9650661945343018,2.6410651206970215,3.349867105484009
1.9629700183868408,2.6408934593200684,3.347825527191162
1.9629700183868408,2.6408934593200684,3.347825527191162
1.9606249332427979,2.6420204639434814,3.3454744815826416
1.9597963094711304,2.642122983932495,3.3451900482177734
1.9597963094711304,2.642122983932495,3.3451900482177734
1.9580961465835571,2.6446290016174316,3.3466007709503174
1.9580961465835571,2.6446290016174316,3.3466007709503174
1.9533931016921997,2.646688222885132,3.3450419902801514
1.9503661394119263,2.64784836769104,3.3442342281341553
1.9446625709533691,2.6506526470184326,3.340474843978882
1.9419738054275513,2.65372633934021,3.339531183242798
1.9392274618148804,2.656404733657837,3.339552402496338
1.9392274618148804,2.656404733657837,3.339552402496338
1.9383041858673096,2.6562399864196777,3.338536500930786
1.9383667707443237,2.6589584350585938,3.3387866020202637
1.9383667707443237,2.6589584350585938,3.3387866020202637
1.9374524354934692,2.6609740257263184,3.338834524154663
1.9365559816360474,2.6644177436828613,3.3396620750427246
1.9347896575927734,2.6663978099823,3.3396198749542236
1.9347896575927734,2.6663978099823,3.3396198749542236
1.9325487613677979,2.668846607208252,3.338526487350464
1.9308747053146362,2.6703572273254395,3.3370614051818848
1.9308747053146362,2.6703572273254395,3.3370614051818848
1.932207465171814,2.6692028045654297,3.3377933502197266
1.9347031116485596,2.668743848800659,3.3398098945617676
1.936184287071228,2.667788505554199,3.3409976959228516
1.936184287071228,2.667788505554199,3.3409976959228516
1.935256004333496,2.668613910675049,3.338796854019165
1.9361035823822021,2.6671195030212402,3.3384454250335693
1.9361035823822021,2.6671195030212402,3.3384454250335693
1.933979868888855,2.6685268878936768,3.3353898525238037
1.934241771697998,2.668477773666382,3.336247444152832
1.93306303024292,2.670834541320801,3.3359272480010986
1.93306303024292,2.670834541320801,3.3359272480010986
1.9338340759277344,2.6701529026031494,3.3370957374572754
1.933611273765564,2.6693477630615234,3.336926221847534
1.9361984729766846,2.6670873165130615,3.3400251865386963
1.9357481002807617,2.6677913665771484,3.3405377864837646
1.9349465370178223,2.6683545112609863,3.340367317199707
1.9349465370178223,2.6683545112609863,3.340367317199707
1.9336000680923462,2.6675944328308105,3.3392505645751953
1.9336000680923462,2.6675944328308105,3.3392505645751953
1.9335072040557861,2.6656594276428223,3.338108777999878
1.9335072040557861,2.6656594276428223,3.338108777999878
1.9329383373260498,2.668694257736206,3.3382036685943604
1.9310524463653564,2.6706221103668213,3.337202787399292
1.9310524463653564,2.6706221103668213,3.337202787399292
1.930942416191101,2.669456720352173,3.3369147777557373
1.9300731420516968,2.6706185340881348,3.335906744003296
1.9300731420516968,2.6706185340881348,3.335906744003296
1.928350806236267,2.6722941398620605,3.3347325325012207
1.9269731044769287,2.672752618789673,3.334118366241455
1.9269731044769287,2.672752618789673,3.334118366241455
1.9254189729690552,2.675286054611206,3.3346283435821533
1.9260410070419312,2.6742327213287354,3.3343827724456787
1.9260410070419312,2.6742327213287354,3.3343827724456787
1.9268141984939575,2.6728155612945557,3.3347129821777344
1.926363468170166,2.673227548599243,3.334620237350464
1.923577070236206,2.675907850265503,3.33447003364563
1.9224653244018555,2.6756858825683594,3.3338615894317627
1.9224653244018555,2.6756858825683594,3.3338615894317627
1.9203122854232788,2.6756343841552734,3.3309974670410156
1.9203652143478394,2.6768670082092285,3.3312087059020996
1.9220786094665527,2.6751790046691895,3.3321495056152344
1.9236400127410889,2.674943208694458,3.33363938331604
1.9236400127410889,2.674943208694458,3.33363938331604
1.924978256225586,2.675846815109253,3.336153984069824
1.9256837368011475,2.675640106201172,3.335775136947632
1.926453709602356,2.6752607822418213,3.3362910747528076
1.9270883798599243,2.6758615970611572,3.3358304500579834
1.926571011543274,2.6766326427459717,3.3363866806030273
1.926571011543274,2.6766326427459717,3.3363866806030273
1.9225144386291504,2.6799914836883545,3.3345136642456055
1.9193861484527588,2.680419683456421,3.332324743270874
1.9193861484527588,2.680419683456421,3.332324743270874
1.9189472198486328,2.680095911026001,3.3316097259521484
1.919468879699707,2.6793861389160156,3.332016706466675
1.9184001684188843,2.681105613708496,3.3323311805725098
1.9188919067382812,2.68159818649292,3.3341150283813477
1.9165656566619873,2.682307004928589,3.331941604614258
1.9166369438171387,2.681684970855713,3.3321316242218018
1.9156882762908936,2.6847639083862305,3.332388401031494
1.9161263704299927,2.6852405071258545,3.3340725898742676
1.9169285297393799,2.6852359771728516,3.335516929626465
1.9169285297393799,2.6852359771728516,3.335516929626465
1.9167574644088745,2.6849050521850586,3.3358092308044434
1.918350100517273,2.6822128295898438,3.3369100093841553
1.9190908670425415,2.6821048259735107,3.337510347366333
1.9192613363265991,2.683182716369629,3.3391497135162354
1.9192613363265991,2.683182716369629,3.3391497135162354
1.9183815717697144,2.6862704753875732,3.340169906616211
1.9186732769012451,2.685298442840576,3.34049129486084
1.918884515762329,2.684556245803833,3.3402347564697266
1.918884515762329,2.684556245803833,3.3402347564697266
1.9182114601135254,2.688061237335205,3.341549873352051
1.915601134300232,2.690739393234253,3.3409347534179688
1.915601134300232,2.690739393234253,3.3409347534179688
1.9149408340454102,2.691166877746582,3.3399956226348877
1.9147224426269531,2.691039562225342,3.3387081623077393
1.9137920141220093,2.6920793056488037,3.3374412059783936
1.913387417793274,2.6933887004852295,3.3376641273498535
1.914324402809143,2.6925265789031982,3.3375942707061768
1.91487717628479,2.69238018989563,3.3370466232299805
1.91487717628479,2.69238018989563,3.3370466232299805
1.9156605005264282,2.6930243968963623,3.3370046615600586
1.9156605005264282,2.6930243968963623,3.3370046615600586
1.9120832681655884,2.6942362785339355,3.3334696292877197
1.9097687005996704,2.6969666481018066,3.332099437713623
1.9097687005996704,2.6969666481018066,3.332099437713623
1.9129362106323242,2.69293212890625,3.331951141357422
1.9162847995758057,2.689680337905884,3.3332056999206543
1.9183104038238525,2.6893513202667236,3.3335728645324707
1.9153835773468018,2.689936637878418,3.3337996006011963
1.9073338508605957,2.6970860958099365,3.3290703296661377
1.900882363319397,2.6981120109558105,3.3250176906585693
1.8993258476257324,2.69804048538208,3.323793888092041
1.8993258476257324,2.69804048538208,3.323793888092041
1.898157000541687,2.6970953941345215,3.322361469268799
1.898157000541687,2.6970953941345215,3.322361469268799
1.8981513977050781,2.6961963176727295,3.322643995285034
1.898017168045044,2.6964242458343506,3.322753429412842
1.896714687347412,2.696667432785034,3.321655035018921
1.8955823183059692,2.697486639022827,3.3215534687042236
1.8955823183059692,2.697486639022827,3.3215534687042236
1.8910573720932007,2.7011492252349854,3.3198182582855225
1.8907277584075928,2.702599048614502,3.321037769317627
1.8911322355270386,2.702348470687866,3.320247173309326
1.8911322355270386,2.702348470687866,3.320247173309326
1.8931190967559814,2.7006032466888428,3.321213722229004
1.8946726322174072,2.701815366744995,3.3245725631713867
1.8946726322174072,2.701815366744995,3.3245725631713867
1.8947761058807373,2.700594663619995,3.324942111968994
1.8947761058807373,2.700594663619995,3.324942111968994
1.8945344686508179,2.701964855194092,3.3252203464508057
1.894181728363037,2.7005443572998047,3.3251664638519287
1.8914562463760376,2.7027525901794434,3.3236160278320312
1.891029715538025,2.702179431915283,3.3227202892303467
1.890207052230835,2.7034413814544678,3.3221542835235596
1.8920111656188965,2.7023236751556396,3.3231422901153564
1.8920111656188965,2.7023236751556396,3.3231422901153564
1.891528606414795,2.703234910964966,3.321930170059204
1.8920613527297974,2.703115463256836,3.322748899459839
1.8934766054153442,2.701957941055298,3.3230178356170654
1.8934766054153442,2.701957941055298,3.3230178356170654
1.8933449983596802,2.701404333114624,3.3218278884887695
1.8923293352127075,2.702694892883301,3.321028232574463
1.8916521072387695,2.7033510208129883,3.3215298652648926
1.8915892839431763,2.705200433731079,3.3223135471343994
1.8915892839431763,2.705200433731079,3.3223135471343994
1.8934601545333862,2.7030389308929443,3.322183132171631
1.8934601545333862,2.7030389308929443,3.322183132171631
1.893175721168518,2.704667091369629,3.322178363800049
1.893432378768921,2.7045533657073975,3.322711229324341
1.892690658569336,2.704525947570801,3.3221960067749023
1.8921061754226685,2.704987049102783,3.321653127670288
1.8903958797454834,2.705779790878296,3.319554567337036
1.8892327547073364,2.7043192386627197,3.318443775177002
1.8866188526153564,2.7058794498443604,3.3171212673187256
1.8846813440322876,2.7064781188964844,3.3156497478485107
1.8833366632461548,2.7077362537384033,3.315033197402954
1.8820022344589233,2.707076072692871,3.312659978866577
1.8807218074798584,2.706234931945801,3.31062388420105
1.8805428743362427,2.7071969509124756,3.31030535697937
1.8815641403198242,2.707710027694702,3.3119657039642334
1.8812241554260254,2.7072479724884033,3.311836004257202
1.881412148475647,2.7074356079101562,3.311539649963379
1.881412148475647,2.7074356079101562,3.311539649963379
1.8808646202087402,2.707244396209717,3.3111627101898193
1.8808646202087402,2.707244396209717,3.3111627101898193
1.8789504766464233,2.70988130569458,3.310872793197632
1.8780759572982788,2.708784341812134,3.3110694885253906
1.8759084939956665,2.710106134414673,3.3096489906311035
1.8759084939956665,2.710106134414673,3.3096489906311035
1.8735872507095337,2.7105565071105957,3.3083770275115967
1.872619867324829,2.7116551399230957,3.307905435562134
1.872619867324829,2.7116551399230957,3.307905435562134
1.8738404512405396,2.7117788791656494,3.309664249420166
1.8735966682434082,2.7119433879852295,3.309359073638916
1.8736971616744995,2.71229887008667,3.3103835582733154
1.8736928701400757,2.7128007411956787,3.310976266860962
1.8727562427520752,2.7129948139190674,3.310366630554199
1.8723851442337036,2.712411403656006,3.309959650039673
1.8723851442337036,2.712411403656006,3.309959650039673
1.8724617958068848,2.7136404514312744,3.310765504837036
1.8721857070922852,2.7155568599700928,3.3133528232574463
1.871813416481018,2.716190814971924,3.314223289489746
1.871813416481018,2.716190814971924,3.314223289489746
1.8714568614959717,2.7178292274475098,3.31482195854187
1.8707797527313232,2.719367742538452,3.3147270679473877
1.870853066444397,2.720219850540161,3.315239667892456
1.8714299201965332,2.721914529800415,3.3166019916534424
1.872540831565857,2.7219018936157227,3.3177731037139893
1.872540831565857,2.7219018936157227,3.3177731037139893
1.8716317415237427,2.7244012355804443,3.3173506259918213
1.8716317415237427,2.7244012355804443,3.3173506259918213
1.8696691989898682,2.725036382675171,3.3158206939697266
1.8671866655349731,2.726088285446167,3.313551902770996
1.8671866655349731,2.726088285446167,3.313551902770996
1.865447759628296,2.7295949459075928,3.31329607963562
1.865447759628296,2.7295949459075928,3.31329607963562
1.8642356395721436,2.7277839183807373,3.310239791870117
1.865831971168518,2.726858615875244,3.3118934631347656
1.8662145137786865,2.7264983654022217,3.3121562004089355
1.8662145137786865,2.7264983654022217,3.3121562004089355
1.8643513917922974,2.7247846126556396,3.3077445030212402
1.8639076948165894,2.72480845451355,3.3073599338531494
1.8612170219421387,2.7254815101623535,3.3058488368988037
1.8584777116775513,2.7277565002441406,3.304424524307251
1.8550221920013428,2.724470853805542,3.2988014221191406
1.8550221920013428,2.724470853805542,3.2988014221191406
1.8552216291427612,2.7255468368530273,3.299657106399536
1.8534269332885742,2.7268009185791016,3.298116683959961
1.851353406906128,2.7288424968719482,3.297508955001831
1.851353406906128,2.7288424968719482,3.297508955001831
1.8502017259597778,2.7286925315856934,3.295858860015869
1.8486311435699463,2.7294065952301025,3.293518304824829
1.8486311435699463,2.7294065952301025,3.293518304824829
1.8478463888168335,2.730168342590332,3.2928624153137207
1.8453322649002075,2.7318522930145264,3.290731430053711
1.8444393873214722,2.7314796447753906,3.289787530899048
1.8433269262313843,2.732614278793335,3.2896783351898193
1.8443325757980347,2.7305290699005127,3.2900550365448
1.8443325757980347,2.7305290699005127,3.2900550365448
1.8467090129852295,2.728929281234741,3.291921377182007
1.8469407558441162,2.7282464504241943,3.292168617248535
1.8472448587417603,2.72879695892334,3.2926669120788574
1.8472448587417603,2.72879695892334,3.2926669120788574
1.846205711364746,2.7294559478759766,3.2918283939361572
1.8474701642990112,2.7294979095458984,3.292097568511963
1.8476089239120483,2.729191541671753,3.2917215824127197
1.8476089239120483,2.729191541671753,3.2917215824127197
1.8485459089279175,2.7294037342071533,3.29239821434021
1.8485459089279175,2.7294037342071533,3.29239821434021
1.8480114936828613,2.730163335800171,3.292790412902832
1.8476500511169434,2.729509115219116,3.2921526432037354
1.8476731777191162,2.7287323474884033,3.291356325149536
1.8461586236953735,2.7301876544952393,3.289999485015869
1.8427311182022095,2.7306902408599854,3.2879438400268555
1.8415595293045044,2.7321836948394775,3.2874860763549805
1.8415595293045044,2.7321836948394775,3.2874860763549805
1.8421716690063477,2.729614496231079,3.286585569381714
1.8421716690063477,2.729614496231079,3.286585569381714
1.8405464887619019,2.729893445968628,3.2848477363586426
1.838320255279541,2.730332374572754,3.2842204570770264
1.83676278591156,2.73299241065979,3.2840588092803955
1.83676278591156,2.73299241065979,3.2840588092803955
1.8375461101531982,2.7297873497009277,3.283209800720215
1.8375461101531982,2.7297873497009277,3.283209800720215
1.836176872253418,2.731940269470215,3.2822701930999756
1.8346138000488281,2.7330453395843506,3.2809083461761475
1.8346138000488281,2.7330453395843506,3.2809083461761475
1.8332295417785645,2.734318494796753,3.2795932292938232
1.8339866399765015,2.734318256378174,3.279914140701294
1.8339866399765015,2.734318256378174,3.279914140701294
1.8352694511413574,2.733487606048584,3.280513286590576
1.835260033607483,2.7342429161071777,3.2807061672210693
1.835260033607483,2.7342429161071777,3.2807061672210693
1.8351695537567139,2.7331981658935547,3.279775381088257
1.8352559804916382,2.73256516456604,3.2795817852020264
1.8351675271987915,2.732311487197876,3.2790517807006836
1.8338044881820679,2.7335286140441895,3.279043674468994
1.8338044881820679,2.7335286140441895,3.279043674468994
1.8334715366363525,2.733273983001709,3.27903413772583
1.8334715366363525,2.733273983001709,3.27903413772583
1.8318679332733154,2.7339539527893066,3.278118371963501
1.8318679332733154,2.7339539527893066,3.278118371963501
1.8281811475753784,2.7369587421417236,3.277240037918091
1.8281811475753784,2.7369587421417236,3.277240037918091
1.8254681825637817,2.739989995956421,3.276885986328125
1.8254681825637817,2.739989995956421,3.276885986328125
1.823127269744873,2.7408010959625244,3.27512526512146
1.8209686279296875,2.7428414821624756,3.2741875648498535
1.8209686279296875,2.7428414821624756,3.2741875648498535
1.8194268941879272,2.7441511154174805,3.2739439010620117
1.818792700767517,2.744786500930786,3.273724317550659
1.8188345432281494,2.7452642917633057,3.274174690246582
1.81877863407135,2.7455577850341797,3.2743139266967773
1.81877863407135,2.7455577850341797,3.2743139266967773
1.8200185298919678,2.7456672191619873,3.2758376598358154
1.8207273483276367,2.74550461769104,3.2752737998962402
1.8207273483276367,2.74550461769104,3.2752737998962402
1.8211523294448853,2.7453818321228027,3.275927782058716
1.820031762123108,2.747739791870117,3.2764053344726562
1.820031762123108,2.747739791870117,3.2764053344726562
1.820996880531311,2.74841046333313,3.277846336364746
1.820996880531311,2.74841046333313,3.277846336364746
1.8232823610305786,2.745985984802246,3.2775232791900635
1.8232823610305786,2.745985984802246,3.2775232791900635
1.8255696296691895,2.7465732097625732,3.280324935913086
1.8255696296691895,2.7465732097625732,3.280324935913086
1.8253313302993774,2.7460787296295166,3.2806687355041504
1.8260364532470703,2.745877504348755,3.2811732292175293
1.8280795812606812,2.7454845905303955,3.2823026180267334
1.8288977146148682,2.7450098991394043,3.283095121383667
1.8288977146148682,2.7450098991394043,3.283095121383667
1.8295745849609375,2.7454657554626465,3.283777952194214
1.8295745849609375,2.7454657554626465,3.283777952194214
1.8301241397857666,2.744969367980957,3.28399920463562
1.8305569887161255,2.7447142601013184,3.2844767570495605
1.8305569887161255,2.7447142601013184,3.2844767570495605
1.8296988010406494,2.745060682296753,3.2846994400024414
1.8296988010406494,2.745060682296753,3.2846994400024414
1.8265368938446045,2.747929811477661,3.282008171081543
1.825994849205017,2.747556447982788,3.2818996906280518
1.825994849205017,2.747556447982788,3.2818996906280518
1.8250839710235596,2.7472376823425293,3.2803337574005127
1.8263416290283203,2.745774745941162,3.2819812297821045
1.8268640041351318,2.746860980987549,3.283191680908203
1.8268640041351318,2.746860980987549,3.283191680908203
1.8258082866668701,2.745405435562134,3.283512830734253
1.8241701126098633,2.745795488357544,3.282174825668335
1.8213746547698975,2.745241165161133,3.2795279026031494
1.8198570013046265,2.7466354370117188,3.2790322303771973
1.81931734085083,2.7473018169403076,3.279207706451416
1.81931734085083,2.7473018169403076,3.279207706451416
1.8181874752044678,2.748831272125244,3.2798006534576416
1.8174091577529907,2.7499783039093018,3.279345989227295
1.8174091577529907,2.7499783039093018,3.279345989227295
1.814505934715271,2.7524983882904053,3.2775232791900635
1.8129823207855225,2.7532200813293457,3.2761504650115967
1.8107837438583374,2.756237745285034,3.273742914199829
1.8107837438583374,2.756237745285034,3.273742914199829
1.8091939687728882,2.757737874984741,3.2718493938446045
1.8069206476211548,2.7597315311431885,3.2700371742248535
1.8058340549468994,2.7605514526367188,3.270089626312256
1.8058340549468994,2.7605514526367188,3.270089626312256
1.8039063215255737,2.7628560066223145,3.2700397968292236
1.805919885635376,2.760206460952759,3.2709224224090576
1.805919885635376,2.760206460952759,3.2709224224090576
1.8063373565673828,2.7600622177124023,3.2708733081817627
1.8063373565673828,2.7600622177124023,3.2708733081817627
1.804775595664978,2.761608362197876,3.2708740234375
1.8033812046051025,2.763112783432007,3.270592451095581
1.8033812046051025,2.763112783432007,3.270592451095581
1.8022655248641968,2.763909101486206,3.2698259353637695
1.8010220527648926,2.764143228530884,3.269205093383789
1.8010220527648926,2.764143228530884,3.269205093383789
1.797439694404602,2.7663466930389404,3.267883777618408
1.7957755327224731,2.7674639225006104,3.2673847675323486
1.7960408926010132,2.7670552730560303,3.2679524421691895
1.7960408926010132,2.7670552730560303,3.2679524421691895
1.7975857257843018,2.7655460834503174,3.2681782245635986
1.798018217086792,2.7682509422302246,3.270775079727173
1.798018217086792,2.7682509422302246,3.270775079727173
1.7968517541885376,2.7690787315368652,3.2712607383728027
1.7952442169189453,2.7699596881866455,3.2701945304870605
1.7942794561386108,2.7709085941314697,3.2693796157836914
1.7942488193511963,2.7710506916046143,3.2692370414733887
1.7942488193511963,2.7710506916046143,3.2692370414733887
1.7969781160354614,2.7716028690338135,3.2707090377807617
1.7976189851760864,2.77064847946167,3.270530939102173
1.7994791269302368,2.7701504230499268,3.272381067276001
1.7994791269302368,2.7701504230499268,3.272381067276001
1.7970935106277466,2.7727255821228027,3.271237850189209
1.7947999238967896,2.771793842315674,3.2692365646362305
1.793988823890686,2.7722256183624268,3.268528699874878
1.793988823890686,2.7722256183624268,3.268528699874878
1.7937270402908325,2.7727763652801514,3.2682316303253174
1.7933740615844727,2.7728681564331055,3.2674896717071533
1.7938401699066162,2.770817995071411,3.2664225101470947
1.7938401699066162,2.770817995071411,3.2664225101470947
1.7920823097229004,2.770925283432007,3.2653136253356934
1.790937900543213,2.7718346118927,3.265774726867676
1.790937900543213,2.7718346118927,3.265774726867676
1.7881760597229004,2.7729623317718506,3.263176441192627
1.7881760597229004,2.7729623317718506,3.263176441192627
1.7872474193572998,2.7719268798828125,3.261876106262207
1.7871087789535522,2.7716827392578125,3.2614026069641113
1.7871087789535522,2.7716827392578125,3.2614026069641113
1.7874430418014526,2.7721142768859863,3.2613813877105713
1.7890894412994385,2.7710933685302734,3.261953830718994
1.7888778448104858,2.7717604637145996,3.261848211288452
1.7888778448104858,2.7717604637145996,3.261848211288452
1.7883881330490112,2.772566795349121,3.2619259357452393
1.7854632139205933,2.775343894958496,3.260772943496704
1.7854632139205933,2.775343894958496,3.260772943496704
1.7851247787475586,2.7760140895843506,3.2602367401123047
1.7854632139205933,2.7745535373687744,3.259727716445923
1.7843468189239502,2.777860164642334,3.2597923278808594
1.7843468189239502,2.777860164642334,3.2597923278808594
1.783851146697998,2.7780380249023438,3.260124444961548
1.782421350479126,2.7788851261138916,3.2585854530334473
1.782421350479126,2.7788851261138916,3.2585854530334473
1.782185435295105,2.778776168823242,3.258258581161499
1.782244086265564,2.779334783554077,3.258594274520874
1.7834787368774414,2.7792651653289795,3.260185718536377
1.7818957567214966,2.7799763679504395,3.259770631790161
1.7818957567214966,2.7799763679504395,3.259770631790161
1.7794806957244873,2.7813262939453125,3.2592837810516357
1.7794806957244873,2.7813262939453125,3.2592837810516357
1.777132272720337,2.781726837158203,3.257924795150757
1.7762967348098755,2.781888961791992,3.258086919784546
1.776139736175537,2.781573534011841,3.2583506107330322
1.776139736175537,2.781573534011841,3.2583506107330322
1.7760447263717651,2.7824292182922363,3.259617567062378
1.7760447263717651,2.7824292182922363,3.259617567062378
1.7783596515655518,2.780048370361328,3.2608482837677
1.7783596515655518,2.780048370361328,3.2608482837677
1.7789119482040405,2.7799506187438965,3.261976957321167
1.778911828994751,2.782418727874756,3.2620577812194824
1.7792513370513916,2.7832319736480713,3.262648344039917
1.7792513370513916,2.7832319736480713,3.262648344039917
1.7805964946746826,2.784341812133789,3.2639708518981934
1.7802897691726685,2.783918857574463,3.2635350227355957
1.7800366878509521,2.784759759902954,3.264275550842285
1.7800366878509521,2.784759759902954,3.264275550842285
1.779781699180603,2.7840769290924072,3.263652801513672
1.7793430089950562,2.7833642959594727,3.262779951095581
1.7793430089950562,2.7833642959594727,3.262779951095581
1.7800031900405884,2.783937454223633,3.264163017272949
1.7797726392745972,2.7846450805664062,3.2645809650421143
1.7797726392745972,2.7846450805664062,3.2645809650421143
1.7786014080047607,2.7853949069976807,3.2636196613311768
1.7763038873672485,2.7863292694091797,3.2613608837127686
1.7746895551681519,2.787774085998535,3.260725259780884
1.773445963859558,2.7886791229248047,3.260117530822754
1.773445963859558,2.7886791229248047,3.260117530822754
1.77427339553833,2.78813099861145,3.259998321533203
1.774591326713562,2.7877438068389893,3.2601006031036377
1.774591326713562,2.7877438068389893,3.2601006031036377
1.7740525007247925,2.788156270980835,3.2593085765838623
1.7740525007247925,2.788156270980835,3.2593085765838623
1.7734129428863525,2.788731336593628,3.2588162422180176
1.7716132402420044,2.788881540298462,3.256627321243286
1.7716132402420044,2.788881540298462,3.256627321243286
1.7725870609283447,2.7896289825439453,3.2583119869232178
1.7725870609283447,2.7896289825439453,3.2583119869232178
1.771263837814331,2.790433883666992,3.257241725921631
1.768294095993042,2.792537212371826,3.256186008453369
1.768294095993042,2.792537212371826,3.256186008453369
1.7677483558654785,2.793203115463257,3.257211923599243
1.7677483558654785,2.793203115463257,3.257211923599243
1.7680381536483765,2.792731761932373,3.2581381797790527
1.7680381536483765,2.792731761932373,3.2581381797790527
1.767128825187683,2.7945730686187744,3.2583682537078857
1.764374852180481,2.7967872619628906,3.257169485092163
1.764374852180481,2.7967872619628906,3.257169485092163
1.7606052160263062,2.8004839420318604,3.2553956508636475
1.7593153715133667,2.8020570278167725,3.2550339698791504
1.7593153715133667,2.8020570278167725,3.2550339698791504
1.7577041387557983,2.8033297061920166,3.2537953853607178
1.7561854124069214,2.8034443855285645,3.252406120300293
1.7554817199707031,2.8037374019622803,3.251569986343384
1.7554817199707031,2.8037374019622803,3.251569986343384
1.7531864643096924,2.8039257526397705,3.2500317096710205
1.7523242235183716,2.8050999641418457,3.249872922897339
1.7523242235183716,2.8050999641418457,3.249872922897339
1.751534104347229,2.8060052394866943,3.2496328353881836
1.751534104347229,2.8060052394866943,3.2496328353881836
1.7509770393371582,2.8045098781585693,3.2481448650360107
1.7505115270614624,2.8045413494110107,3.247684955596924
1.7505115270614624,2.8045413494110107,3.247684955596924
1.750251054763794,2.8056905269622803,3.2483081817626953
1.7500404119491577,2.8057572841644287,3.248286724090576
1.7500404119491577,2.8057572841644287,3.248286724090576
1.750002145767212,2.804750919342041,3.2480924129486084
1.7482448816299438,2.8064682483673096,3.2470450401306152
1.7482448816299438,2.8064682483673096,3.2470450401306152
1.748512625694275,2.805560827255249,3.2465295791625977
1.748993158340454,2.8051114082336426,3.246436834335327
1.7487562894821167,2.805213212966919,3.246105670928955
1.7487562894821167,2.805213212966919,3.246105670928955
1.7470566034317017,2.8066599369049072,3.2454891204833984
1.7470566034317017,2.8066599369049072,3.2454891204833984
1.7479774951934814,2.806007146835327,3.2458112239837646
1.7489306926727295,2.805161952972412,3.2458744049072266
1.7489306926727295,2.805161952972412,3.2458744049072266
1.750023603439331,2.8071043491363525,3.2477200031280518
1.7498289346694946,2.8058738708496094,3.247480869293213
1.7491083145141602,2.8056201934814453,3.246373414993286
1.7491083145141602,2.8056201934814453,3.246373414993286
1.7471433877944946,2.8068385124206543,3.245201826095581
1.7447837591171265,2.8074393272399902,3.2447259426116943
1.7447837591171265,2.8074393272399902,3.2447259426116943
1.74386727809906,2.808513879776001,3.2454564571380615
1.7450517416000366,2.807515859603882,3.246399164199829
1.7450517416000366,2.807515859603882,3.246399164199829
1.7443243265151978,2.8079779148101807,3.2457380294799805
1.743902325630188,2.8082754611968994,3.2462003231048584
1.743902325630188,2.8082754611968994,3.2462003231048584
1.7430258989334106,2.809969663619995,3.246222972869873
1.7429896593093872,2.8108344078063965,3.2467169761657715
1.743611216545105,2.8109517097473145,3.247382402420044
1.743611216545105,2.8109517097473145,3.247382402420044
1.7460885047912598,2.809290885925293,3.248195171356201
1.749412178993225,2.808724880218506,3.250457525253296
1.749412178993225,2.808724880218506,3.250457525253296
1.7508972883224487,2.8085684776306152,3.2515876293182373
1.7508972883224487,2.8085684776306152,3.2515876293182373
1.7509820461273193,2.8098394870758057,3.251814603805542
1.7472732067108154,2.810030937194824,3.247420310974121
1.7454208135604858,2.812413215637207,3.246398448944092
1.7448817491531372,2.8146283626556396,3.246851921081543
1.745120644569397,2.8128468990325928,3.247526168823242
1.745120644569397,2.8128468990325928,3.247526168823242
1.7461683750152588,2.813098430633545,3.2490267753601074
1.7462043762207031,2.812593698501587,3.248661518096924
1.7450019121170044,2.813413619995117,3.2481279373168945
1.7430812120437622,2.8162431716918945,3.248810052871704
1.7430812120437622,2.8162431716918945,3.248810052871704
1.74251389503479,2.816772937774658,3.2487287521362305
1.7420467138290405,2.8170487880706787,3.248520851135254
1.7412630319595337,2.8184571266174316,3.2486231327056885
1.740710735321045,2.818880319595337,3.2492830753326416
1.7401854991912842,2.8182992935180664,3.249197483062744
1.739894986152649,2.8185808658599854,3.248863458633423
1.7415292263031006,2.817364454269409,3.2498157024383545
1.7414779663085938,2.8168675899505615,3.2490460872650146
1.7388968467712402,2.8179776668548584,3.246903657913208
1.731981873512268,2.8210573196411133,3.242938280105591
1.7302205562591553,2.8221850395202637,3.2423274517059326
1.7290107011795044,2.8235220909118652,3.2423603534698486
1.7308565378189087,2.823211669921875,3.2447638511657715
1.7307649850845337,2.8236122131347656,3.2445383071899414
1.7307649850845337,2.8236122131347656,3.2445383071899414
1.7315157651901245,2.823101043701172,3.2445385456085205
1.7302427291870117,2.824934720993042,3.24338698387146
1.7302427291870117,2.824934720993042,3.24338698387146
1.7286752462387085,2.828331470489502,3.2435555458068848
1.7286752462387085,2.828331470489502,3.2435555458068848
1.7276915311813354,2.829784631729126,3.2427289485931396
1.7258334159851074,2.829366683959961,3.241597890853882
1.7252843379974365,2.8305113315582275,3.2416999340057373
1.7252843379974365,2.8305113315582275,3.2416999340057373
1.72367262840271,2.827754020690918,3.2392001152038574
1.723141074180603,2.827529191970825,3.2381908893585205
1.723141074180603,2.827529191970825,3.2381908893585205
1.723459243774414,2.8276636600494385,3.2390506267547607
1.723116397857666,2.8299057483673096,3.2401235103607178
1.723116397857666,2.8299057483673096,3.2401235103607178
1.720292568206787,2.8303041458129883,3.2384843826293945
1.718814730644226,2.8303463459014893,3.237046957015991
1.7175006866455078,2.8309404850006104,3.2357351779937744
1.7171097993850708,2.831012725830078,3.234975814819336
1.717842698097229,2.8314738273620605,3.236144781112671
1.7174017429351807,2.830051898956299,3.235670566558838
1.7174017429351807,2.830051898956299,3.235670566558838
1.7164360284805298,2.8306949138641357,3.2350261211395264
1.714284062385559,2.830848217010498,3.2335689067840576
1.714284062385559,2.830848217010498,3.2335689067840576
1.7099419832229614,2.8330202102661133,3.231674909591675
1.7099419832229614,2.8330202102661133,3.231674909591675
1.7067793607711792,2.8335790634155273,3.228921890258789
1.7056102752685547,2.834669828414917,3.227924108505249
1.7035565376281738,2.8360023498535156,3.2265522480010986
1.7025028467178345,2.837031602859497,3.226113796234131
1.7025028467178345,2.837031602859497,3.226113796234131
1.700577974319458,2.8372104167938232,3.2246224880218506
1.699577808380127,2.8371753692626953,3.2234914302825928
1.6981127262115479,2.83664870262146,3.2214839458465576
1.6981127262115479,2.83664870262146,3.2214839458465576
1.6983052492141724,2.836968183517456,3.2222237586975098
1.6989835500717163,2.835995674133301,3.2220818996429443
1.7012015581130981,2.8341612815856934,3.2231123447418213
1.7012015581130981,2.8341612815856934,3.2231123447418213
1.7011451721191406,2.834892988204956,3.223456382751465
1.7011451721191406,2.834892988204956,3.223456382751465
1.7002452611923218,2.8355960845947266,3.2235724925994873
1.6986945867538452,2.837475538253784,3.223501205444336
1.696391224861145,2.838829517364502,3.222046136856079
1.696391224861145,2.838829517364502,3.222046136856079
1.6941146850585938,2.840583562850952,3.2202155590057373
1.6933506727218628,2.8404459953308105,3.219261646270752
1.6909606456756592,2.842900276184082,3.218315601348877
1.6909606456756592,2.842900276184082,3.218315601348877
1.6885778903961182,2.843188524246216,3.217085123062134
1.6853582859039307,2.8448305130004883,3.2157440185546875
1.6848641633987427,2.8461127281188965,3.2166647911071777
1.6838458776474,2.846261739730835,3.216294765472412
1.6834903955459595,2.846471071243286,3.2160487174987793
1.6834875345230103,2.8470892906188965,3.2161736488342285
1.6837152242660522,2.8477680683135986,3.2170212268829346
1.6845084428787231,2.848287343978882,3.218398332595825
1.6857174634933472,2.847977638244629,3.2193245887756348
1.6853256225585938,2.8500962257385254,3.2199339866638184
1.6849983930587769,2.850450038909912,3.2210068702697754
1.684402585029602,2.8511476516723633,3.221940517425537
1.6840823888778687,2.8505897521972656,3.2219033241271973
1.6849603652954102,2.849193572998047,3.2218339443206787
1.6849603652954102,2.849193572998047,3.2218339443206787
1.68584144115448,2.849510431289673,3.222548484802246
1.6871956586837769,2.8510959148406982,3.2252960205078125
1.687880516052246,2.8504788875579834,3.2256014347076416
1.6887773275375366,2.850137233734131,3.2251298427581787
1.6887773275375366,2.850137233734131,3.2251298427581787
1.687752604484558,2.8511180877685547,3.224435567855835
1.687752604484558,2.8511180877685547,3.224435567855835
1.6858456134796143,2.8546855449676514,3.224932909011841
1.6858456134796143,2.8546855449676514,3.224932909011841
1.6857154369354248,2.85347580909729,3.223780632019043
1.6857112646102905,2.8536903858184814,3.224224328994751
1.6857112646102905,2.8536903858184814,3.224224328994751
1.6856880187988281,2.853623151779175,3.224552631378174
1.6853338479995728,2.8538012504577637,3.2243757247924805
1.6853338479995728,2.8538012504577637,3.2243757247924805
1.68549382686615,2.853386402130127,3.223742723464966
1.683771014213562,2.855135202407837,3.221970796585083
1.683771014213562,2.855135202407837,3.221970796585083
1.6832022666931152,2.8546721935272217,3.2212350368499756
1.6832022666931152,2.8546721935272217,3.2212350368499756
1.6814563274383545,2.8564140796661377,3.2196733951568604
1.6826674938201904,2.8550407886505127,3.219846487045288
1.6826674938201904,2.8550407886505127,3.219846487045288
1.6812483072280884,2.8549113273620605,3.218031406402588
1.6812483072280884,2.8549113273620605,3.218031406402588
1.6800615787506104,2.8568081855773926,3.2179806232452393
1.6800615787506104,2.8568081855773926,3.2179806232452393
1.6812951564788818,2.855478048324585,3.218808650970459
1.6817079782485962,2.855631113052368,3.2184534072875977
1.6790677309036255,2.856494665145874,3.2168021202087402
1.6790677309036255,2.856494665145874,3.2168021202087402
1.6744171380996704,2.858032464981079,3.2138102054595947
1.671401858329773,2.8593461513519287,3.2115705013275146
1.6682296991348267,2.859107494354248,3.210127830505371
1.6656070947647095,2.8601760864257812,3.2088449001312256
1.6656070947647095,2.8601760864257812,3.2088449001312256
1.6648319959640503,2.86004376411438,3.2092297077178955
1.663408875465393,2.860821008682251,3.2088663578033447
1.6613537073135376,2.860957384109497,3.2074806690216064
1.6613537073135376,2.860957384109497,3.2074806690216064
1.6603602170944214,2.8614742755889893,3.207044839859009
1.6615211963653564,2.8602967262268066,3.2066214084625244
1.6615211963653564,2.8602967262268066,3.2066214084625244
1.6595189571380615,2.8608953952789307,3.2043232917785645
1.6579116582870483,2.862332344055176,3.2044260501861572
1.6562180519104004,2.8634724617004395,3.2037432193756104
1.6562180519104004,2.8634724617004395,3.2037432193756104
1.653301477432251,2.8656694889068604,3.2029993534088135
1.653301477432251,2.8656694889068604,3.2029993534088135
1.6522557735443115,2.865598678588867,3.201225519180298
1.6531388759613037,2.865464210510254,3.2012574672698975
1.6544644832611084,2.865288019180298,3.202054262161255
1.6544644832611084,2.865288019180298,3.202054262161255
1.6522819995880127,2.867424726486206,3.2007293701171875
1.6522819995880127,2.867424726486206,3.2007293701171875
1.6499232053756714,2.8686459064483643,3.1994411945343018
1.6487782001495361,2.869133472442627,3.199368953704834
1.646309733390808,2.8714349269866943,3.1987204551696777
1.6436370611190796,2.8701720237731934,3.1959846019744873
1.6436370611190796,2.8701720237731934,3.1959846019744873
1.642758846282959,2.8704917430877686,3.1957108974456787
1.642758846282959,2.8704917430877686,3.1957108974456787
1.6429166793823242,2.870779037475586,3.1956570148468018
1.6419099569320679,2.8714847564697266,3.195155143737793
1.6403194665908813,2.87296724319458,3.1954524517059326
1.6403194665908813,2.87296724319458,3.1954524517059326
1.639003038406372,2.8750922679901123,3.196046829223633
1.6395490169525146,2.875349283218384,3.196910858154297
1.6395490169525146,2.875349283218384,3.196910858154297
1.6411350965499878,2.8743233680725098,3.1976966857910156
1.6416518688201904,2.873858690261841,3.1983773708343506
1.6416518688201904,2.873858690261841,3.1983773708343506
1.6405326128005981,2.8753068447113037,3.1990814208984375
1.639847755432129,2.8754959106445312,3.1986310482025146
1.6398204565048218,2.875781536102295,3.198903799057007
1.6398204565048218,2.875781536102295,3.198903799057007
1.6395726203918457,2.8761754035949707,3.1984786987304688
1.6393646001815796,2.8768129348754883,3.198638439178467
1.6393535137176514,2.877466917037964,3.1993706226348877
1.63809335231781,2.8789446353912354,3.1987481117248535
1.638809084892273,2.8793489933013916,3.199152946472168
1.638809084892273,2.8793489933013916,3.199152946472168
1.639938235282898,2.8800532817840576,3.2002627849578857
1.639938235282898,2.8800532817840576,3.2002627849578857
1.6404670476913452,2.879486322402954,3.2000670433044434
1.6415679454803467,2.8791942596435547,3.201054573059082
1.6415679454803467,2.8791942596435547,3.201054573059082
1.6418124437332153,2.8814382553100586,3.203807830810547
1.6427345275878906,2.8775455951690674,3.2033746242523193
1.6419968605041504,2.8776040077209473,3.203080177307129
1.6419968605041504,2.8776040077209473,3.203080177307129
1.6396390199661255,2.8798437118530273,3.202956199645996
1.6384974718093872,2.8797175884246826,3.201748847961426
1.6384974718093872,2.8797175884246826,3.201748847961426
1.6355522871017456,2.8805854320526123,3.1996164321899414
1.6359912157058716,2.8808066844940186,3.200108528137207
1.6366032361984253,2.881652355194092,3.2011427879333496
1.6366032361984253,2.881652355194092,3.2011427879333496
1.6329991817474365,2.88417911529541,3.198746681213379
1.6329991817474365,2.88417911529541,3.198746681213379
1.629711627960205,2.8862781524658203,3.197018623352051
1.6258200407028198,2.8880672454833984,3.1942996978759766
1.6211358308792114,2.8893914222717285,3.190880298614502
1.6211358308792114,2.8893914222717285,3.190880298614502
1.6201907396316528,2.8904764652252197,3.1906092166900635
1.6181104183197021,2.891390562057495,3.1894454956054688
1.6168233156204224,2.8919758796691895,3.188365936279297
1.6168233156204224,2.8919758796691895,3.188365936279297
1.6147183179855347,2.8917362689971924,3.185771942138672
1.6147183179855347,2.8917362689971924,3.185771942138672
1.6129542589187622,2.8929035663604736,3.1839091777801514
1.6129542589187622,2.8929035663604736,3.1839091777801514
1.6130485534667969,2.8932297229766846,3.1844234466552734
1.612730860710144,2.8945930004119873,3.1845860481262207
1.6135629415512085,2.8938210010528564,3.184602975845337
1.6135629415512085,2.8938210010528564,3.184602975845337
1.6126059293746948,2.8929076194763184,3.184152841567993
1.6107354164123535,2.892899513244629,3.1830403804779053
1.6107354164123535,2.892899513244629,3.1830403804779053
1.6081562042236328,2.8958964347839355,3.1828384399414062
1.6089223623275757,2.893317222595215,3.183025598526001
1.6089223623275757,2.893317222595215,3.183025598526001
1.6079074144363403,2.89316987991333,3.1819570064544678
1.6073156595230103,2.8940725326538086,3.1825149059295654
1.6069622039794922,2.89418625831604,3.1825451850891113
1.6063693761825562,2.8952255249023438,3.1831517219543457
1.6054857969284058,2.894864082336426,3.181917905807495
1.6048465967178345,2.894022226333618,3.180854082107544
1.6048465967178345,2.894022226333618,3.180854082107544
1.603707194328308,2.895969867706299,3.180161237716675
1.6030552387237549,2.896576404571533,3.1794588565826416
1.6030552387237549,2.896576404571533,3.1794588565826416
1.6028754711151123,2.8963844776153564,3.1785693168640137
1.6031174659729004,2.8964102268218994,3.178858995437622
1.6012351512908936,2.8966455459594727,3.178028106689453
1.6012351512908936,2.8966455459594727,3.178028106689453
1.5980254411697388,2.8988049030303955,3.176522731781006
1.5971143245697021,2.899425745010376,3.175891160964966
1.5965476036071777,2.8988149166107178,3.173530101776123
1.5953028202056885,2.899522304534912,3.172966957092285
1.5953028202056885,2.899522304534912,3.172966957092285
1.5933908224105835,2.9030168056488037,3.1747488975524902
1.5933908224105835,2.9030168056488037,3.1747488975524902
1.5901752710342407,2.90301513671875,3.1738195419311523
1.5866100788116455,2.9035964012145996,3.1715099811553955
1.5866100788116455,2.9035964012145996,3.1715099811553955
1.5850589275360107,2.904294013977051,3.170837879180908
1.5845390558242798,2.9057254791259766,3.1717898845672607
1.5876446962356567,2.906521797180176,3.176715850830078
1.5876446962356567,2.906521797180176,3.176715850830078
1.5888473987579346,2.9071037769317627,3.1783416271209717
1.5893877744674683,2.90468168258667,3.1776437759399414
1.5871070623397827,2.9060018062591553,3.176520824432373
1.5871070623397827,2.9060018062591553,3.176520824432373
1.5843706130981445,2.9082372188568115,3.175784111022949
1.5783954858779907,2.9153144359588623,3.1750757694244385
1.5783954858779907,2.9153144359588623,3.1750757694244385
1.5737533569335938,2.9177169799804688,3.1720399856567383
1.572609305381775,2.9178991317749023,3.170858144760132
1.5731955766677856,2.920208215713501,3.172224283218384
1.5731955766677856,2.920208215713501,3.172224283218384
1.573291540145874,2.921278476715088,3.172959804534912
1.5752780437469482,2.920895576477051,3.174870014190674
1.5764110088348389,2.9203174114227295,3.1754095554351807
1.5764110088348389,2.9203174114227295,3.1754095554351807
1.5750513076782227,2.9217441082000732,3.1750600337982178
1.574709415435791,2.921254873275757,3.1749494075775146
1.5728130340576172,2.923032283782959,3.1743385791778564
1.5706664323806763,2.9248294830322266,3.1735150814056396
1.5706664323806763,2.9248294830322266,3.1735150814056396
1.5672028064727783,2.926544666290283,3.1710853576660156
1.5658478736877441,2.927079439163208,3.170301914215088
1.5635813474655151,2.9290781021118164,3.168729066848755
1.5635813474655151,2.9290781021118164,3.168729066848755
1.562834620475769,2.927363872528076,3.166588544845581
1.5616120100021362,2.926715612411499,3.16447377204895
1.5616120100021362,2.926715612411499,3.16447377204895
1.5607646703720093,2.927748203277588,3.165022850036621
1.5567013025283813,2.9304940700531006,3.164393663406372
1.5567013025283813,2.9304940700531006,3.164393663406372
1.5547081232070923,2.9305851459503174,3.1629409790039062
1.552333116531372,2.93166184425354,3.1612401008605957
1.552333116531372,2.93166184425354,3.1612401008605957
1.5506089925765991,2.9329073429107666,3.1603105068206787
1.5490845441818237,2.9342174530029297,3.1595871448516846
1.5490845441818237,2.9342174530029297,3.1595871448516846
1.545729398727417,2.9352970123291016,3.1570332050323486
1.545729398727417,2.9352970123291016,3.1570332050323486
1.5429188013076782,2.9373860359191895,3.15643048286438
1.5424003601074219,2.9375481605529785,3.1561264991760254
1.5408813953399658,2.9376959800720215,3.154604196548462
1.54048490524292,2.938326120376587,3.155155897140503
1.5409893989562988,2.9380898475646973,3.1555025577545166
1.5409893989562988,2.9380898475646973,3.1555025577545166
1.5410511493682861,2.9361534118652344,3.154252290725708
1.5410511493682861,2.9361534118652344,3.154252290725708
1.5390963554382324,2.9384524822235107,3.155348777770996
1.5353494882583618,2.938765287399292,3.1534035205841064
1.5353494882583618,2.938765287399292,3.1534035205841064
1.534328579902649,2.9383254051208496,3.1529641151428223
1.534328579902649,2.9383254051208496,3.1529641151428223
1.5343676805496216,2.937119245529175,3.1524758338928223
1.5348002910614014,2.937037229537964,3.152824640274048
1.5354864597320557,2.936513900756836,3.1533563137054443
1.5361227989196777,2.9364984035491943,3.154080867767334
1.5353261232376099,2.9368529319763184,3.1539227962493896
1.5353261232376099,2.9368529319763184,3.1539227962493896
1.5329488515853882,2.9377341270446777,3.1523842811584473
1.5301611423492432,2.939209222793579,3.1509664058685303
1.52888023853302,2.940570831298828,3.1505589485168457
1.52888023853302,2.940570831298828,3.1505589485168457
1.5291950702667236,2.942204713821411,3.1519436836242676
1.529476523399353,2.9416000843048096,3.151188373565674
1.5302746295928955,2.9413020610809326,3.1505768299102783
1.5302746295928955,2.9413020610809326,3.1505768299102783
1.5267530679702759,2.944370985031128,3.150665283203125
1.5267530679702759,2.944370985031128,3.150665283203125
1.5233023166656494,2.9468772411346436,3.1502296924591064
1.5233023166656494,2.9468772411346436,3.1502296924591064
1.5209442377090454,2.945517063140869,3.147594928741455
1.5197983980178833,2.945539951324463,3.1470649242401123
1.5191220045089722,2.946164846420288,3.1469383239746094
1.5191220045089722,2.946164846420288,3.1469383239746094
1.5193239450454712,2.9458413124084473,3.1474263668060303
1.5193239450454712,2.9458413124084473,3.1474263668060303
1.5191586017608643,2.947214126586914,3.1477675437927246
1.520202875137329,2.9464850425720215,3.1482059955596924
1.5233649015426636,2.945420742034912,3.149930715560913
1.5233649015426636,2.945420742034912,3.149930715560913
1.5240737199783325,2.946326971054077,3.150942802429199
1.5240737199783325,2.946326971054077,3.150942802429199
1.5252087116241455,2.9464001655578613,3.1513335704803467
1.5252087116241455,2.9464001655578613,3.1513335704803467
1.5244638919830322,2.9458212852478027,3.149290084838867
1.5230191946029663,2.9464633464813232,3.1486663818359375
1.5230191946029663,2.9464633464813232,3.1486663818359375
1.5209126472473145,2.9469003677368164,3.14726185798645
1.5197960138320923,2.9459097385406494,3.1455814838409424
1.5197960138320923,2.9459097385406494,3.1455814838409424
1.5166786909103394,2.94811749458313,3.1444716453552246
1.5166786909103394,2.94811749458313,3.1444716453552246
1.5138466358184814,2.9494340419769287,3.1429574489593506
1.513370394706726,2.9499919414520264,3.1427083015441895
1.513120174407959,2.9497454166412354,3.1420702934265137
1.513120174407959,2.9497454166412354,3.1420702934265137
1.51246178150177,2.9503488540649414,3.1418771743774414
1.5117324590682983,2.950407028198242,3.1417675018310547
1.5117324590682983,2.950407028198242,3.1417675018310547
1.5085150003433228,2.953009843826294,3.1407175064086914
1.5085150003433228,2.953009843826294,3.1407175064086914
1.5071074962615967,2.95395565032959,3.1402182579040527
1.5071074962615967,2.95395565032959,3.1402182579040527
1.5056389570236206,2.9551329612731934,3.1376914978027344
1.5046461820602417,2.955045461654663,3.136276960372925
1.5003591775894165,2.9588279724121094,3.134760856628418
1.4989691972732544,2.9579885005950928,3.1344668865203857
1.4989691972732544,2.9579885005950928,3.1344668865203857
1.4958834648132324,2.9584054946899414,3.132519245147705
1.4958834648132324,2.9584054946899414,3.132519245147705
1.496366024017334,2.9565515518188477,3.1312944889068604
1.4977844953536987,2.9555351734161377,3.132521629333496
1.4977844953536987,2.9555351734161377,3.132521629333496
1.4989300966262817,2.9552974700927734,3.133915901184082
1.4989300966262817,2.9552974700927734,3.133915901184082
1.4963887929916382,2.956568717956543,3.1322858333587646
1.4935479164123535,2.956735849380493,3.1303420066833496
1.4935479164123535,2.956735849380493,3.1303420066833496
1.491618037223816,2.9586260318756104,3.130779266357422
1.4931288957595825,2.9568932056427,3.131577730178833
1.4936171770095825,2.955615282058716,3.131187677383423
1.493011474609375,2.956702947616577,3.1314287185668945
1.493011474609375,2.956702947616577,3.1314287185668945
1.4910368919372559,2.958041191101074,3.131092071533203
1.4896968603134155,2.957987070083618,3.130168914794922
1.4896968603134155,2.957987070083618,3.130168914794922
1.4888681173324585,2.9595160484313965,3.1306722164154053
1.4884037971496582,2.9602110385894775,3.1306488513946533
1.4886224269866943,2.9611446857452393,3.132810115814209
1.4886224269866943,2.9611446857452393,3.132810115814209
1.4881174564361572,2.9617130756378174,3.13295578956604
1.4880180358886719,2.961717367172241,3.13356614112854
1.4858323335647583,2.9635980129241943,3.1321561336517334
1.4858323335647583,2.9635980129241943,3.1321561336517334
1.4865752458572388,2.964841365814209,3.134176015853882
1.4866639375686646,2.9654669761657715,3.1345105171203613
1.4866639375686646,2.9654669761657715,3.1345105171203613
1.4869714975357056,2.966172933578491,3.135275363922119
1.4862725734710693,2.9672107696533203,3.135895013809204
1.4847023487091064,2.968965768814087,3.135667562484741
1.4847023487091064,2.968965768814087,3.135667562484741
1.4860820770263672,2.967536687850952,3.135956287384033
1.4860820770263672,2.967536687850952,3.135956287384033
1.4871777296066284,2.968566417694092,3.1370465755462646
1.4871777296066284,2.968566417694092,3.1370465755462646
1.486480474472046,2.9712421894073486,3.1385068893432617
1.484336495399475,2.971548318862915,3.1372668743133545
1.4827011823654175,2.973402261734009,3.137207269668579
1.4821221828460693,2.9741337299346924,3.137599229812622
1.4821221828460693,2.9741337299346924,3.137599229812622
1.4825438261032104,2.974151611328125,3.138512372970581
1.4849295616149902,2.973817825317383,3.1406447887420654
1.4849295616149902,2.973817825317383,3.1406447887420654
1.4880430698394775,2.9731483459472656,3.142969846725464
1.4880430698394775,2.9731483459472656,3.142969846725464
1.4874252080917358,2.974240303039551,3.144057035446167
1.4852991104125977,2.975893020629883,3.1437110900878906
1.4833707809448242,2.9761037826538086,3.141784906387329
1.4833707809448242,2.9761037826538086,3.141784906387329
1.4832556247711182,2.9763193130493164,3.140933036804199
1.4826536178588867,2.976095676422119,3.1392853260040283
1.4826536178588867,2.976095676422119,3.1392853260040283
1.4827061891555786,2.977527618408203,3.1395907402038574
1.4827061891555786,2.977527618408203,3.1395907402038574
1.4797718524932861,2.978290557861328,3.1370251178741455
1.4782229661941528,2.9781455993652344,3.1352438926696777
1.4752609729766846,2.979616403579712,3.133594036102295
1.4749233722686768,2.980273485183716,3.1337337493896484
1.4749233722686768,2.980273485183716,3.1337337493896484
1.4743633270263672,2.98004412651062,3.132171630859375
1.4731324911117554,2.980830669403076,3.1309149265289307
1.4731324911117554,2.980830669403076,3.1309149265289307
1.4710665941238403,2.9814703464508057,3.129908800125122
1.4710665941238403,2.9814703464508057,3.129908800125122
1.4682222604751587,2.9832518100738525,3.1282403469085693
1.4672387838363647,2.9816014766693115,3.126551866531372
1.4672387838363647,2.9816014766693115,3.126551866531372
1.4665310382843018,2.9823615550994873,3.1258318424224854
1.4660099744796753,2.9817123413085938,3.1246962547302246
1.4660099744796753,2.9817123413085938,3.1246962547302246
1.4604382514953613,2.9835128784179688,3.1206400394439697
1.4590210914611816,2.98356294631958,3.119272470474243
1.4590210914611816,2.98356294631958,3.119272470474243
1.4566283226013184,2.983654499053955,3.1169838905334473
1.4560227394104004,2.9832558631896973,3.1158337593078613
1.4560227394104004,2.9832558631896973,3.1158337593078613
1.4536961317062378,2.9851911067962646,3.1157026290893555
1.4536961317062378,2.9851911067962646,3.1157026290893555
1.4526489973068237,2.9852654933929443,3.1157381534576416
1.45253324508667,2.9839279651641846,3.1157066822052
1.45253324508667,2.9839279651641846,3.1157066822052
1.4529242515563965,2.983644723892212,3.116065740585327
1.454053521156311,2.982551336288452,3.117197275161743
1.454053521156311,2.982551336288452,3.117197275161743
1.4532924890518188,2.981755495071411,3.117631673812866
1.4521406888961792,2.9822983741760254,3.1177172660827637
1.4521406888961792,2.9822983741760254,3.1177172660827637
1.4497357606887817,2.9823057651519775,3.1163926124572754
1.4465783834457397,2.982743740081787,3.1140873432159424
1.4465783834457397,2.982743740081787,3.1140873432159424
1.4443227052688599,2.98362398147583,3.1127758026123047
1.446047306060791,2.9832074642181396,3.114205837249756
1.4474191665649414,2.9833898544311523,3.1144309043884277
1.4474191665649414,2.9833898544311523,3.1144309043884277
1.449517846107483,2.9836881160736084,3.115800142288208
1.4489352703094482,2.9876928329467773,3.117708444595337
1.4489352703094482,2.9876928329467773,3.117708444595337
1.4506103992462158,2.9880006313323975,3.1194660663604736
1.4506103992462158,2.9880006313323975,3.1194660663604736
1.4516562223434448,2.987584352493286,3.1195461750030518
1.4528332948684692,2.9858109951019287,3.1186978816986084
1.4537333250045776,2.986750841140747,3.1202569007873535
1.4541906118392944,2.987957715988159,3.121669292449951
1.4541906118392944,2.987957715988159,3.121669292449951
1.4531216621398926,2.988248825073242,3.1209285259246826
1.45195472240448,2.9892423152923584,3.120654821395874
1.4481297731399536,2.9925007820129395,3.120016098022461
1.4481297731399536,2.9925007820129395,3.120016098022461
1.4452190399169922,2.994983434677124,3.1189656257629395
1.4452190399169922,2.994983434677124,3.1189656257629395
1.446287989616394,2.9950990676879883,3.1194393634796143
1.445780873298645,2.9961514472961426,3.119051218032837
1.445780873298645,2.9961514472961426,3.119051218032837
1.4447076320648193,2.997997760772705,3.120496988296509
1.4437264204025269,2.9998209476470947,3.121816396713257
1.4435006380081177,2.999248504638672,3.121389389038086
1.4440664052963257,2.9981513023376465,3.1208431720733643
1.4440664052963257,2.9981513023376465,3.1208431720733643
1.4450103044509888,2.99959659576416,3.122443437576294
1.4451087713241577,2.9988315105438232,3.1224629878997803
1.4451087713241577,2.9988315105438232,3.1224629878997803
1.4452311992645264,2.9984514713287354,3.1218817234039307
1.4452311992645264,2.9984514713287354,3.1218817234039307
1.4435373544692993,2.998439311981201,3.120007038116455
1.4435373544692993,2.998439311981201,3.120007038116455
1.4370012283325195,3.0022377967834473,3.1171958446502686
1.435361623764038,3.001970052719116,3.116305351257324
1.435361623764038,3.001970052719116,3.116305351257324
1.4359171390533447,3.0005176067352295,3.115273952484131
1.4359171390533447,3.0005176067352295,3.115273952484131
1.4372562170028687,2.9997406005859375,3.115917205810547
1.4372562170028687,2.9997406005859375,3.115917205810547
1.4338067770004272,3.0024373531341553,3.115640878677368
1.4297521114349365,3.00197696685791,3.112637519836426
1.4297521114349365,3.00197696685791,3.112637519836426
1.4263845682144165,3.003009557723999,3.1103410720825195
1.4252614974975586,3.003396511077881,3.1098690032958984
1.4246857166290283,3.003202438354492,3.1102192401885986
1.4246857166290283,3.003202438354492,3.1102192401885986
1.424464464187622,3.002143621444702,3.1093807220458984
1.424149751663208,3.0011205673217773,3.108541250228882
1.424149751663208,3.0011205673217773,3.108541250228882
1.4203555583953857,3.0033187866210938,3.1073358058929443
1.4203555583953857,3.0033187866210938,3.1073358058929443
1.416297435760498,3.0057358741760254,3.1061737537384033
1.414798378944397,3.0055959224700928,3.104032278060913
1.414798378944397,3.0055959224700928,3.104032278060913
1.4155749082565308,3.0040464401245117,3.10298490524292
1.4159761667251587,3.0047760009765625,3.1034903526306152
1.415859341621399,3.0067784786224365,3.104318380355835
1.415859341621399,3.0067784786224365,3.104318380355835
1.4160184860229492,3.004345655441284,3.1029176712036133
1.4171700477600098,3.003551959991455,3.101392984390259
1.4171700477600098,3.003551959991455,3.101392984390259
1.4177359342575073,3.0036847591400146,3.1016387939453125
1.416447639465332,3.0062124729156494,3.10192608833313
1.416447639465332,3.0062124729156494,3.10192608833313
1.416561245918274,3.004765033721924,3.1011579036712646
1.416561245918274,3.004765033721924,3.1011579036712646
1.41426420211792,3.00612735748291,3.09946870803833
1.410107135772705,3.0076515674591064,3.0974676609039307
1.4076420068740845,3.009068250656128,3.0965023040771484
1.4076420068740845,3.009068250656128,3.0965023040771484
1.406779170036316,3.006777763366699,3.094808578491211
1.406779170036316,3.006777763366699,3.094808578491211
1.4084656238555908,3.0055482387542725,3.095242738723755
1.4093186855316162,3.006037950515747,3.096040725708008
1.4093186855316162,3.006037950515747,3.096040725708008
1.4100209474563599,3.006011962890625,3.0978946685791016
1.4082449674606323,3.0051889419555664,3.0968353748321533
1.4057960510253906,3.0061628818511963,3.0955564975738525
1.4057960510253906,3.0061628818511963,3.0955564975738525
1.4023631811141968,3.0088422298431396,3.0945441722869873
1.3997836112976074,3.011267900466919,3.094698190689087
1.3997836112976074,3.011267900466919,3.094698190689087
1.397565484046936,3.0124874114990234,3.095327138900757
1.3995877504348755,3.0101404190063477,3.0958268642425537
1.3995877504348755,3.0101404190063477,3.0958268642425537
1.3984146118164062,3.010472059249878,3.094987392425537
1.3984146118164062,3.010472059249878,3.094987392425537
1.3946905136108398,3.014801502227783,3.096019744873047
1.3938065767288208,3.0155491828918457,3.095973491668701
1.3923206329345703,3.0151970386505127,3.0951521396636963
1.391417384147644,3.0152618885040283,3.094390869140625
1.3928552865982056,3.0160648822784424,3.096433401107788
1.3928552865982056,3.0160648822784424,3.096433401107788
1.3928747177124023,3.01712965965271,3.098245143890381
1.3920179605484009,3.017535924911499,3.0981664657592773
1.39052414894104,3.0188004970550537,3.0977776050567627
1.3873586654663086,3.0214364528656006,3.0974507331848145
1.387341856956482,3.0226690769195557,3.0978894233703613
1.3865193128585815,3.0226569175720215,3.0967719554901123
1.3865193128585815,3.0226569175720215,3.0967719554901123
1.3868305683135986,3.0242159366607666,3.0965850353240967
1.3869317770004272,3.0232372283935547,3.095109224319458
1.3869317770004272,3.0232372283935547,3.095109224319458
1.3866159915924072,3.0241899490356445,3.0939292907714844
1.3873692750930786,3.0243494510650635,3.0935592651367188
1.3873692750930786,3.0243494510650635,3.0935592651367188
1.3861265182495117,3.0236082077026367,3.091470718383789
1.3861265182495117,3.0236082077026367,3.091470718383789
1.3851079940795898,3.0242552757263184,3.0906620025634766
1.3851079940795898,3.0242552757263184,3.0906620025634766
1.3834964036941528,3.0254435539245605,3.090869665145874
1.3821531534194946,3.026268243789673,3.0904273986816406
1.3813470602035522,3.0245344638824463,3.089902639389038
1.381044864654541,3.0239310264587402,3.0894875526428223
1.381044864654541,3.0239310264587402,3.0894875526428223
1.3812416791915894,3.023176908493042,3.0890214443206787
1.3802257776260376,3.0244948863983154,3.0888350009918213
1.378319263458252,3.0255842208862305,3.087709665298462
1.378319263458252,3.0255842208862305,3.087709665298462
1.3777828216552734,3.0263540744781494,3.0874452590942383
1.376731038093567,3.025224208831787,3.086207628250122
1.376731038093567,3.025224208831787,3.086207628250122
1.377223014831543,3.0245769023895264,3.0863146781921387
1.377223014831543,3.0245769023895264,3.0863146781921387
1.3757941722869873,3.024247884750366,3.0845892429351807
1.3758949041366577,3.0232455730438232,3.0843725204467773
1.3752180337905884,3.024113416671753,3.0846869945526123
1.3755238056182861,3.024749279022217,3.0853586196899414
1.3755238056182861,3.024749279022217,3.0853586196899414
1.376670002937317,3.024379014968872,3.086235761642456
1.3770183324813843,3.023805856704712,3.0855746269226074
1.3770183324813843,3.023805856704712,3.0855746269226074
1.3766344785690308,3.0230712890625,3.084608554840088
1.3749876022338867,3.024092435836792,3.084385395050049
1.3749876022338867,3.024092435836792,3.084385395050049
1.3738576173782349,3.025282382965088,3.084263563156128
1.3731049299240112,3.0245940685272217,3.083599328994751
1.3723499774932861,3.0250751972198486,3.083108901977539
1.3723499774932861,3.0250751972198486,3.083108901977539
1.3700809478759766,3.025897741317749,3.081807851791382
1.3684816360473633,3.026592969894409,3.081225872039795
1.3684816360473633,3.026592969894409,3.081225872039795
1.3673453330993652,3.0276334285736084,3.080928087234497
1.3673453330993652,3.0276334285736084,3.080928087234497
1.3679059743881226,3.0262041091918945,3.0789620876312256
1.3680874109268188,3.0250742435455322,3.07797908782959
1.3680874109268188,3.0250742435455322,3.07797908782959
1.367100477218628,3.0272507667541504,3.078519821166992
1.3645477294921875,3.027036190032959,3.0777692794799805
1.3645477294921875,3.027036190032959,3.0777692794799805
1.3626996278762817,3.0270159244537354,3.07658052444458
1.3626996278762817,3.0270159244537354,3.07658052444458
1.3619980812072754,3.0265421867370605,3.0761258602142334
1.3619980812072754,3.0265421867370605,3.0761258602142334
1.3631649017333984,3.026762008666992,3.078173875808716
1.3645215034484863,3.0255286693573,3.078448534011841
1.3645215034484863,3.0255286693573,3.078448534011841
1.363606333732605,3.0262458324432373,3.0787367820739746
1.363606333732605,3.0262458324432373,3.0787367820739746
1.3615036010742188,3.0275111198425293,3.0784547328948975
1.3580681085586548,3.028853178024292,3.076802968978882
1.3580681085586548,3.028853178024292,3.076802968978882
1.359250783920288,3.029261350631714,3.0778725147247314
1.36026132106781,3.0297369956970215,3.078549861907959
1.3613183498382568,3.0292422771453857,3.079282283782959
1.3613183498382568,3.0292422771453857,3.079282283782959
1.361219048500061,3.03035044670105,3.0792973041534424
1.3601744174957275,3.0310213565826416,3.079760789871216
1.3601744174957275,3.0310213565826416,3.079760789871216
1.3599320650100708,3.0313079357147217,3.0801842212677
1.3591949939727783,3.030435085296631,3.079421043395996
1.3591949939727783,3.030435085296631,3.079421043395996
1.3595871925354004,3.030956506729126,3.0801360607147217
1.3599392175674438,3.0307400226593018,3.080864191055298
1.3593575954437256,3.0315420627593994,3.0815274715423584
1.3593575954437256,3.0315420627593994,3.0815274715423584
1.3580574989318848,3.0308172702789307,3.0806498527526855
1.357313871383667,3.030796527862549,3.08007550239563
1.357313871383667,3.030796527862549,3.08007550239563
1.3551141023635864,3.0321807861328125,3.0790936946868896
1.353318214416504,3.0345520973205566,3.0788733959198
1.3515410423278809,3.0369110107421875,3.0789244174957275
1.3505702018737793,3.037275552749634,3.078381061553955
1.3503406047821045,3.0364277362823486,3.077303409576416
1.3503406047821045,3.0364277362823486,3.077303409576416
1.351901888847351,3.03729510307312,3.077796459197998
1.35236656665802,3.0370845794677734,3.0788168907165527
1.352896809577942,3.036923408508301,3.0788519382476807
1.352896809577942,3.036923408508301,3.0788519382476807
1.3549238443374634,3.03554630279541,3.0785610675811768
1.3549238443374634,3.03554630279541,3.0785610675811768
1.3560118675231934,3.036945343017578,3.07920241355896
1.3552279472351074,3.038111448287964,3.0792925357818604
1.3519641160964966,3.038499355316162,3.0763213634490967
1.3503096103668213,3.039515733718872,3.07568097114563
1.3503096103668213,3.039515733718872,3.07568097114563
1.3466726541519165,3.040308713912964,3.074215888977051
1.3466726541519165,3.040308713912964,3.074215888977051
1.3452175855636597,3.0406391620635986,3.073604106903076
1.344130516052246,3.04056978225708,3.0733768939971924
1.343634009361267,3.039977550506592,3.0717363357543945
1.3433361053466797,3.041063070297241,3.0720033645629883
1.3433361053466797,3.041063070297241,3.0720033645629883
1.3429906368255615,3.0403268337249756,3.0714898109436035
1.3432533740997314,3.039475440979004,3.0706593990325928
1.3416533470153809,3.0392916202545166,3.0689215660095215
1.3416533470153809,3.0392916202545166,3.0689215660095215
1.337938666343689,3.0408835411071777,3.0669519901275635
1.3369065523147583,3.039844512939453,3.0664584636688232
1.3369065523147583,3.039844512939453,3.0664584636688232
1.3354588747024536,3.040156364440918,3.0655159950256348
1.3354588747024536,3.040156364440918,3.0655159950256348
1.3346219062805176,3.040083408355713,3.0655934810638428
1.3340345621109009,3.0407230854034424,3.066016435623169
1.3335566520690918,3.0401201248168945,3.0650558471679688
1.3335566520690918,3.0401201248168945,3.0650558471679688
1.3317784070968628,3.0410847663879395,3.064286947250366
1.3317952156066895,3.0408875942230225,3.063995838165283
1.3317347764968872,3.040663957595825,3.0634684562683105
1.3323363065719604,3.0396487712860107,3.0628020763397217
1.3323363065719604,3.0396487712860107,3.0628020763397217
1.3333607912063599,3.038918972015381,3.0625102519989014
1.3332412242889404,3.0402162075042725,3.0631837844848633
1.3327258825302124,3.0398271083831787,3.0632505416870117
1.3321044445037842,3.0399529933929443,3.0629777908325195
1.3306230306625366,3.0394363403320312,3.060917615890503
1.3298580646514893,3.039187431335449,3.0600006580352783
1.3298580646514893,3.039187431335449,3.0600006580352783
1.3309701681137085,3.039207696914673,3.0610454082489014
1.3320232629776,3.038465738296509,3.061662197113037
1.3320232629776,3.038465738296509,3.061662197113037
1.3331382274627686,3.0374643802642822,3.062314748764038
1.3331276178359985,3.0374338626861572,3.062411069869995
1.3322138786315918,3.0376529693603516,3.062352418899536
1.3302578926086426,3.0380444526672363,3.061187267303467
1.3293027877807617,3.0396106243133545,3.0607876777648926
1.3284739255905151,3.0410537719726562,3.0607309341430664
1.3284739255905151,3.0410537719726562,3.0607309341430664
1.32878839969635,3.041255474090576,3.060337543487549
1.3287934064865112,3.0414986610412598,3.06050968170166
1.3292449712753296,3.0420455932617188,3.0609333515167236
1.3272218704223633,3.041924476623535,3.059523820877075
1.3272218704223633,3.041924476623535,3.059523820877075
1.3246363401412964,3.0436184406280518,3.0584959983825684
1.3244153261184692,3.043564558029175,3.058134078979492
1.3242195844650269,3.0439741611480713,3.058408498764038
1.325414776802063,3.0443646907806396,3.0599071979522705
1.325414776802063,3.0443646907806396,3.0599071979522705
1.3283272981643677,3.0422143936157227,3.061580181121826
1.3291274309158325,3.0420684814453125,3.062638998031616
1.3291274309158325,3.0420684814453125,3.062638998031616
1.327803373336792,3.043696403503418,3.0635223388671875
1.3246545791625977,3.0451576709747314,3.0631091594696045
1.3235551118850708,3.0455946922302246,3.0628256797790527
1.3235551118850708,3.0455946922302246,3.0628256797790527
1.3243215084075928,3.0476224422454834,3.0646772384643555
1.3269681930541992,3.0473995208740234,3.065800666809082
1.3279491662979126,3.047691822052002,3.0661416053771973
1.3283565044403076,3.046924591064453,3.065535545349121
1.3282376527786255,3.0479934215545654,3.066120147705078
1.325526237487793,3.0502705574035645,3.065157413482666
1.325526237487793,3.0502705574035645,3.065157413482666
1.3244988918304443,3.048595905303955,3.063493251800537
1.3227242231369019,3.0479860305786133,3.0610320568084717
1.323184847831726,3.0487172603607178,3.0611000061035156
1.3234057426452637,3.0490400791168213,3.0614449977874756
1.3240525722503662,3.0490341186523438,3.0623857975006104
1.3240525722503662,3.0490341186523438,3.0623857975006104
1.3236474990844727,3.047755241394043,3.0615170001983643
1.323832631111145,3.0475218296051025,3.061436891555786
1.3223803043365479,3.0472447872161865,3.0607473850250244
1.3202452659606934,3.0473310947418213,3.0596556663513184
1.3202452659606934,3.0473310947418213,3.0596556663513184
1.3173112869262695,3.048915386199951,3.0585289001464844
1.3159841299057007,3.0487606525421143,3.0567102432250977
1.3159841299057007,3.0487606525421143,3.0567102432250977
1.315224289894104,3.048461675643921,3.0556528568267822
1.313603401184082,3.0510904788970947,3.0566046237945557
1.313603401184082,3.0510904788970947,3.0566046237945557
1.3135319948196411,3.0498790740966797,3.0562074184417725
1.3135319948196411,3.0498790740966797,3.0562074184417725
1.3122923374176025,3.0497899055480957,3.055068016052246
1.3108662366867065,3.049781322479248,3.0547800064086914
1.3108662366867065,3.049781322479248,3.0547800064086914
1.309475302696228,3.0513057708740234,3.05537748336792
1.3092873096466064,3.0506889820098877,3.0552072525024414
1.3092873096466064,3.0506889820098877,3.0552072525024414
1.3085907697677612,3.049875020980835,3.0541939735412598
1.3063360452651978,3.051943302154541,3.053983688354492
1.3063360452651978,3.051943302154541,3.053983688354492
1.303723692893982,3.0525097846984863,3.0519602298736572
1.3023741245269775,3.054381847381592,3.051208257675171
1.302850365638733,3.0544660091400146,3.0509939193725586
1.302850365638733,3.0544660091400146,3.0509939193725586
1.3028937578201294,3.054354667663574,3.0498366355895996
1.3028937578201294,3.054354667663574,3.0498366355895996
1.300336241722107,3.0550014972686768,3.0493950843811035
1.2985267639160156,3.054842948913574,3.0483014583587646
1.2985267639160156,3.054842948913574,3.0483014583587646
1.2978808879852295,3.054192543029785,3.0472991466522217
1.2961411476135254,3.054853677749634,3.045657157897949
1.2939811944961548,3.0565226078033447,3.0454702377319336
1.2939811944961548,3.0565226078033447,3.0454702377319336
1.29109525680542,3.057990789413452,3.0443038940429688
1.29109525680542,3.057990789413452,3.0443038940429688
1.2878605127334595,3.059373378753662,3.0438334941864014
1.2866919040679932,3.0599071979522705,3.0439157485961914
1.2867109775543213,3.059521436691284,3.043783187866211
1.2867109775543213,3.059521436691284,3.043783187866211
1.287272572517395,3.061652421951294,3.0457143783569336
1.287272572517395,3.061652421951294,3.0457143783569336
1.2872103452682495,3.0616724491119385,3.0463521480560303
1.2872103452682495,3.0616724491119385,3.0463521480560303
1.2859152555465698,3.062270402908325,3.0460755825042725
1.2871294021606445,3.061984062194824,3.0469894409179688
1.2884503602981567,3.061983823776245,3.048100709915161
1.2910557985305786,3.062131404876709,3.0507876873016357
1.2900099754333496,3.0625507831573486,3.0504629611968994
1.2888027429580688,3.0625998973846436,3.049821138381958
1.2888027429580688,3.0625998973846436,3.049821138381958
1.2851864099502563,3.065338373184204,3.0502779483795166
1.2846671342849731,3.06663179397583,3.051265239715576
1.2846671342849731,3.06663179397583,3.051265239715576
1.2851442098617554,3.0666239261627197,3.0516157150268555
1.2854825258255005,3.065977096557617,3.05171537399292
1.2851788997650146,3.066338062286377,3.051503896713257
1.2851788997650146,3.066338062286377,3.051503896713257
1.2840322256088257,3.067826747894287,3.0522992610931396
1.283019781112671,3.067756175994873,3.051661491394043
1.283019781112671,3.067756175994873,3.051661491394043
1.2830536365509033,3.0681259632110596,3.0509684085845947
1.2830674648284912,3.0697364807128906,3.052809715270996
1.2829926013946533,3.0708296298980713,3.0535054206848145
1.2829926013946533,3.0708296298980713,3.0535054206848145
1.2831060886383057,3.070136070251465,3.0528831481933594
1.2843749523162842,3.0693891048431396,3.052246570587158
1.285139799118042,3.070403814315796,3.052517890930176
1.2849150896072388,3.0703320503234863,3.0520620346069336
1.2849150896072388,3.0703320503234863,3.0520620346069336
1.2838977575302124,3.07177996635437,3.051668405532837
1.2840105295181274,3.0702500343322754,3.0500781536102295
1.2840105295181274,3.0702500343322754,3.0500781536102295
1.2823964357376099,3.0701043605804443,3.048845052719116
1.2823964357376099,3.0701043605804443,3.048845052719116
1.2789068222045898,3.072448253631592,3.048170804977417
1.27784264087677,3.0731499195098877,3.04838490486145
1.2749654054641724,3.0721936225891113,3.0451157093048096
1.275203824043274,3.0716023445129395,3.04447865486145
1.275203824043274,3.0716023445129395,3.04447865486145
1.2758848667144775,3.0718770027160645,3.0448153018951416
1.276259422302246,3.0736184120178223,3.046457052230835
1.2765462398529053,3.072420120239258,3.0461394786834717
1.2765462398529053,3.072420120239258,3.0461394786834717
1.2769466638565063,3.0699682235717773,3.0443007946014404
1.2761191129684448,3.070873260498047,3.044097900390625
1.2737051248550415,3.071323871612549,3.043386220932007
1.2737051248550415,3.071323871612549,3.043386220932007
1.2720706462860107,3.0706472396850586,3.041757106781006
1.2720706462860107,3.0706472396850586,3.041757106781006
1.2699391841888428,3.070746898651123,3.039591073989868
1.265241026878357,3.072859764099121,3.0374257564544678
1.2625932693481445,3.0725889205932617,3.0360662937164307
1.2625932693481445,3.0725889205932617,3.0360662937164307
1.2607144117355347,3.0720181465148926,3.0346016883850098
1.259751558303833,3.071131944656372,3.0334692001342773
1.2586148977279663,3.071460485458374,3.032949686050415
1.2586148977279663,3.071460485458374,3.032949686050415
1.2560917139053345,3.0734617710113525,3.032949686050415
1.2561278343200684,3.0719501972198486,3.0321807861328125
1.2561278343200684,3.0719501972198486,3.0321807861328125
1.255103588104248,3.071556806564331,3.03136944770813
1.255103588104248,3.071556806564331,3.03136944770813
1.2533035278320312,3.072268009185791,3.030491352081299
1.252817153930664,3.072509288787842,3.030569076538086
1.252362608909607,3.073787212371826,3.0300590991973877
1.252362608909607,3.073787212371826,3.0300590991973877
1.2529762983322144,3.07428240776062,3.030033588409424
1.2529762983322144,3.07428240776062,3.030033588409424
1.251071572303772,3.076101064682007,3.029648780822754
1.2462234497070312,3.0780649185180664,3.028101682662964
1.2462234497070312,3.0780649185180664,3.028101682662964
1.2454075813293457,3.0775959491729736,3.0273971557617188
1.2454075813293457,3.0775959491729736,3.0273971557617188
1.244570255279541,3.0788846015930176,3.0267133712768555
1.2439043521881104,3.081263542175293,3.0277042388916016
1.2435886859893799,3.0822839736938477,3.0278830528259277
1.2435886859893799,3.0822839736938477,3.0278830528259277
1.2458751201629639,3.079707622528076,3.0276682376861572
1.2458751201629639,3.079707622528076,3.0276682376861572
1.2455143928527832,3.079927444458008,3.026092767715454
1.2477774620056152,3.081109046936035,3.0287346839904785
1.247158169746399,3.0824317932128906,3.029000759124756
1.247158169746399,3.0824317932128906,3.029000759124756
1.2466622591018677,3.0831658840179443,3.0295815467834473
1.2460206747055054,3.084721326828003,3.0299227237701416
1.2449851036071777,3.0851781368255615,3.031574010848999
1.2449851036071777,3.0851781368255615,3.031574010848999
1.2441446781158447,3.085839033126831,3.0326435565948486
1.2457512617111206,3.0867679119110107,3.0352044105529785
1.2457512617111206,3.0867679119110107,3.0352044105529785
1.2472991943359375,3.084498405456543,3.035287857055664
1.247432827949524,3.084575653076172,3.0354104042053223
1.2469896078109741,3.0878772735595703,3.038308620452881
1.2463234663009644,3.0881638526916504,3.0384137630462646
1.2456938028335571,3.0894742012023926,3.0391385555267334
1.2456938028335571,3.0894742012023926,3.0391385555267334
1.244344711303711,3.090369701385498,3.038513660430908
1.2433109283447266,3.090932607650757,3.037794351577759
1.2433109283447266,3.090932607650757,3.037794351577759
1.2413536310195923,3.091766595840454,3.0367822647094727
1.2404658794403076,3.09256911277771,3.036241054534912
1.2374353408813477,3.094538688659668,3.0348522663116455
1.2374353408813477,3.094538688659668,3.0348522663116455
1.2364437580108643,3.094797134399414,3.0333640575408936
1.2352073192596436,3.096280336380005,3.03292179107666
1.2352073192596436,3.096280336380005,3.03292179107666
1.234357476234436,3.09686279296875,3.031935214996338
1.232166051864624,3.0977656841278076,3.030113697052002
1.232166051864624,3.0977656841278076,3.030113697052002
1.2291016578674316,3.0984134674072266,3.027886390686035
1.2278629541397095,3.1004717350006104,3.0279009342193604
1.2278629541397095,3.1004717350006104,3.0279009342193604
1.2258957624435425,3.100553512573242,3.0278608798980713
1.2243951559066772,3.101344108581543,3.0272560119628906
1.2188555002212524,3.102933645248413,3.024744987487793
1.2151178121566772,3.105177402496338,3.0236473083496094
1.213744878768921,3.10650372505188,3.0236377716064453
1.213744878768921,3.10650372505188,3.0236377716064453
1.2108625173568726,3.1074652671813965,3.022550344467163
1.2108625173568726,3.1074652671813965,3.022550344467163
1.2103228569030762,3.1069495677948,3.0208356380462646
1.2093838453292847,3.107942581176758,3.02075457572937
1.2040308713912964,3.1088318824768066,3.0178067684173584
1.2040308713912964,3.1088318824768066,3.0178067684173584
1.2030678987503052,3.1088035106658936,3.017441749572754
1.202596664428711,3.1086502075195312,3.017155170440674
1.202596664428711,3.1086502075195312,3.017155170440674
1.2040643692016602,3.1080121994018555,3.018693208694458
1.2034305334091187,3.1076607704162598,3.0192055702209473
1.2022149562835693,3.1082937717437744,3.0190911293029785
1.2022149562835693,3.1082937717437744,3.0190911293029785
1.200883388519287,3.109170913696289,3.0187535285949707
1.2018896341323853,3.108778715133667,3.0191469192504883
1.2018896341323853,3.108778715133667,3.0191469192504883
1.2033356428146362,3.1080448627471924,3.019375801086426
1.2022441625595093,3.1092090606689453,3.0188536643981934
1.2022441625595093,3.1092090606689453,3.0188536643981934
1.201088547706604,3.1097869873046875,3.0188217163085938
1.198807954788208,3.1118521690368652,3.0185134410858154
1.1974900960922241,3.1115877628326416,3.0177195072174072
1.1967482566833496,3.1107099056243896,3.016314744949341
1.1963136196136475,3.1103694438934326,3.0150644779205322
1.1963136196136475,3.1103694438934326,3.0150644779205322
1.197133183479309,3.1128225326538086,3.0167407989501953
1.1987475156784058,3.113149642944336,3.017827272415161
1.1987475156784058,3.113149642944336,3.017827272415161
1.1971880197525024,3.1121175289154053,3.0163156986236572
1.197538137435913,3.112043857574463,3.016085624694824
1.197538137435913,3.112043857574463,3.016085624694824
1.1966990232467651,3.1133623123168945,3.016326904296875
1.1966990232467651,3.1133623123168945,3.016326904296875
1.1956044435501099,3.113659620285034,3.015428066253662
1.1950262784957886,3.1141083240509033,3.0147652626037598
1.1950262784957886,3.1141083240509033,3.0147652626037598
1.193297028541565,3.115405797958374,3.015397548675537
1.193297028541565,3.115405797958374,3.015397548675537
1.1925718784332275,3.114301919937134,3.016239643096924
1.1923606395721436,3.114060640335083,3.0165727138519287
1.1924291849136353,3.1139962673187256,3.0168850421905518
1.1924291849136353,3.1139962673187256,3.0168850421905518
1.190436601638794,3.1153481006622314,3.0172719955444336
1.1898459196090698,3.1171255111694336,3.0186350345611572
1.1898459196090698,3.1171255111694336,3.0186350345611572
1.189061164855957,3.1164801120758057,3.017853021621704
1.190421462059021,3.117032527923584,3.017721652984619
1.190421462059021,3.117032527923584,3.017721652984619
1.1920510530471802,3.117891550064087,3.020236015319824
1.1914665699005127,3.1182031631469727,3.019932746887207
1.190754771232605,3.1162750720977783,3.018247604370117
1.1895108222961426,3.1165595054626465,3.017089605331421
1.1895108222961426,3.1165595054626465,3.017089605331421
1.1879656314849854,3.119234085083008,3.0174760818481445
1.1879656314849854,3.119234085083008,3.0174760818481445
1.18751060962677,3.119652271270752,3.017160654067993
1.1884177923202515,3.1196517944335938,3.0171377658843994
1.1885823011398315,3.119321584701538,3.0165693759918213
1.1885823011398315,3.119321584701538,3.0165693759918213
1.1878432035446167,3.120431423187256,3.0155656337738037
1.1878432035446167,3.120431423187256,3.0155656337738037
1.1860004663467407,3.1215434074401855,3.015287399291992
1.1835719347000122,3.120929479598999,3.0127968788146973
1.181881308555603,3.121293783187866,3.011753559112549
1.1814087629318237,3.1213786602020264,3.012390375137329
1.1814087629318237,3.1213786602020264,3.012390375137329
1.182025671005249,3.1222496032714844,3.0139000415802
1.182025671005249,3.1222496032714844,3.0139000415802
1.1833847761154175,3.119823455810547,3.0129737854003906
1.1802427768707275,3.122464418411255,3.0118463039398193
1.1763592958450317,3.124438524246216,3.0109753608703613
1.1763592958450317,3.124438524246216,3.0109753608703613
1.1736820936203003,3.1253609657287598,3.009827136993408
1.1719456911087036,3.125272512435913,3.0080349445343018
1.1719456911087036,3.125272512435913,3.0080349445343018
1.1705485582351685,3.1257543563842773,3.008908748626709
1.1705485582351685,3.1257543563842773,3.008908748626709
1.16897451877594,3.12609601020813,3.008267879486084
1.1675554513931274,3.1283910274505615,3.009643316268921
1.1675554513931274,3.1283910274505615,3.009643316268921
1.1669681072235107,3.12777042388916,3.00885272026062
1.1669681072235107,3.12777042388916,3.00885272026062
1.1685469150543213,3.1267549991607666,3.0081136226654053
1.1690305471420288,3.126640558242798,3.0082409381866455
1.1676819324493408,3.128420114517212,3.0081188678741455
1.1674184799194336,3.1270029544830322,3.007005214691162
1.1649112701416016,3.1274619102478027,3.005115032196045
1.1649112701416016,3.1274619102478027,3.005115032196045
1.1643730401992798,3.1290273666381836,3.0055558681488037
1.1643730401992798,3.1290273666381836,3.0055558681488037
1.1652675867080688,3.12785005569458,3.0059614181518555
1.1648675203323364,3.1278538703918457,3.0052003860473633
1.16378915309906,3.128016233444214,3.004451036453247
1.16378915309906,3.128016233444214,3.004451036453247
1.159641981124878,3.129082202911377,3.003208637237549
1.1595879793167114,3.129939079284668,3.0043840408325195
1.1595879793167114,3.129939079284668,3.0043840408325195
1.161888837814331,3.1279075145721436,3.0045175552368164
1.162468433380127,3.126650333404541,3.0041253566741943
1.162468433380127,3.126650333404541,3.0041253566741943
1.1617701053619385,3.127596139907837,3.005190372467041
1.1601755619049072,3.1278581619262695,3.0041799545288086
1.1601755619049072,3.1278581619262695,3.0041799545288086
1.1614421606063843,3.126075506210327,3.0034749507904053
1.1621838808059692,3.1261067390441895,3.0039596557617188
1.1621838808059692,3.1261067390441895,3.0039596557617188
1.1607587337493896,3.1265029907226562,3.003274917602539
1.1592997312545776,3.1264801025390625,3.002056837081909
1.1574597358703613,3.1264169216156006,2.999268054962158
1.1574597358703613,3.1264169216156006,2.999268054962158
1.1554447412490845,3.127566337585449,2.9984633922576904
1.1543225049972534,3.1303110122680664,2.9993526935577393
1.1553401947021484,3.129267454147339,2.9993646144866943
1.1553401947021484,3.129267454147339,2.9993646144866943
1.1563653945922852,3.1274983882904053,2.9980814456939697
1.1562931537628174,3.1286449432373047,2.998628616333008
1.1562931537628174,3.1286449432373047,2.998628616333008
1.1550040245056152,3.1305558681488037,2.999743700027466
1.1547763347625732,3.1308200359344482,2.999499797821045
1.1547763347625732,3.1308200359344482,2.999499797821045
1.1555440425872803,3.12955904006958,2.998650074005127
1.155320644378662,3.1305477619171143,2.998857021331787
1.155320644378662,3.1305477619171143,2.998857021331787
1.1528255939483643,3.133164644241333,2.999311685562134
1.1518523693084717,3.1335904598236084,2.9987547397613525
1.1518523693084717,3.1335904598236084,2.9987547397613525
1.1524507999420166,3.133456230163574,2.998049736022949
1.1524507999420166,3.133456230163574,2.998049736022949
1.1537048816680908,3.1330623626708984,2.999814987182617
1.1530455350875854,3.13478946685791,3.0017287731170654
1.1530455350875854,3.13478946685791,3.0017287731170654
1.1460133790969849,3.1360981464385986,2.998199462890625
1.1396828889846802,3.140115261077881,2.997969627380371
1.1396828889846802,3.140115261077881,2.997969627380371
1.1384408473968506,3.140439987182617,2.9976718425750732
1.1386805772781372,3.140280246734619,2.997664451599121
1.1400184631347656,3.1400890350341797,2.9979987144470215
1.1400184631347656,3.1400890350341797,2.9979987144470215
1.1408756971359253,3.140186071395874,2.9985852241516113
1.1401430368423462,3.140507221221924,2.9991273880004883
1.1401430368423462,3.140507221221924,2.9991273880004883
1.1387968063354492,3.141047716140747,3.000812530517578
1.1387968063354492,3.141047716140747,3.000812530517578
1.1398651599884033,3.140474557876587,3.002289056777954
1.14020574092865,3.1406283378601074,3.0029666423797607
1.1382006406784058,3.142521619796753,3.003157138824463
1.1382006406784058,3.142521619796753,3.003157138824463
1.1374050378799438,3.144886016845703,3.0040645599365234
1.1387258768081665,3.145554542541504,3.004504919052124
1.1387258768081665,3.145554542541504,3.004504919052124
1.1394151449203491,3.1450998783111572,3.0043258666992188
1.1415760517120361,3.1465225219726562,3.0055713653564453
1.1408812999725342,3.1480584144592285,3.0059332847595215
1.1408812999725342,3.1480584144592285,3.0059332847595215
1.140527606010437,3.1479756832122803,3.0052034854888916
1.1398534774780273,3.147667646408081,3.0042176246643066
1.1398534774780273,3.147667646408081,3.0042176246643066
1.139394998550415,3.147249698638916,3.0033438205718994
1.1393729448318481,3.1473419666290283,3.0033621788024902
1.1398338079452515,3.147367477416992,3.003603458404541
1.1379326581954956,3.14872407913208,3.003166913986206
1.135978102684021,3.148909330368042,3.001969575881958
1.135978102684021,3.148909330368042,3.001969575881958
1.1306824684143066,3.150296926498413,2.9988961219787598
1.1306824684143066,3.150296926498413,2.9988961219787598
1.127134084701538,3.1529977321624756,2.997586965560913
1.1263962984085083,3.151609420776367,2.995863676071167
1.126002311706543,3.1512272357940674,2.994769811630249
1.126002311706543,3.1512272357940674,2.994769811630249
1.1275593042373657,3.1518125534057617,2.9960758686065674
1.1278570890426636,3.151050090789795,2.996957302093506
1.1278570890426636,3.151050090789795,2.996957302093506
1.1266987323760986,3.1506805419921875,2.996248245239258
1.1266987323760986,3.1506805419921875,2.996248245239258
1.1245973110198975,3.150344133377075,2.9942269325256348
1.1235719919204712,3.1509368419647217,2.9935028553009033
1.1220084428787231,3.151963949203491,2.9928693771362305
1.1206445693969727,3.1518969535827637,2.9922068119049072
1.1207956075668335,3.150622844696045,2.991719961166382
1.1207956075668335,3.150622844696045,2.991719961166382
1.1213408708572388,3.1496613025665283,2.991467237472534
1.1221396923065186,3.148930788040161,2.992051601409912
1.1221396923065186,3.148930788040161,2.992051601409912
1.120476245880127,3.148735761642456,2.99100661277771
1.1179986000061035,3.1485931873321533,2.989145278930664
1.1164172887802124,3.149137258529663,2.988119602203369
1.1164172887802124,3.149137258529663,2.988119602203369
1.1141986846923828,3.149738073348999,2.986654043197632
1.1132230758666992,3.1514580249786377,2.9868640899658203
1.1132230758666992,3.1514580249786377,2.9868640899658203
1.1117180585861206,3.150538206100464,2.9858601093292236
1.1113454103469849,3.1501355171203613,2.985069513320923
1.1113454103469849,3.1501355171203613,2.985069513320923
1.1108657121658325,3.1502633094787598,2.984323024749756
1.1108657121658325,3.1502633094787598,2.984323024749756
1.1101224422454834,3.1503963470458984,2.9834890365600586
1.1101444959640503,3.1498935222625732,2.9837119579315186
1.110073447227478,3.1496236324310303,2.9840245246887207
1.108590841293335,3.149914503097534,2.983288526535034
1.108590841293335,3.149914503097534,2.983288526535034
1.1073791980743408,3.149280548095703,2.9829812049865723
1.1073791980743408,3.149280548095703,2.9829812049865723
1.105484962463379,3.15061092376709,2.9823787212371826
1.105484962463379,3.15061092376709,2.9823787212371826
1.1064956188201904,3.1506545543670654,2.982964277267456
1.1084589958190918,3.1492772102355957,2.982356309890747
1.1084589958190918,3.1492772102355957,2.982356309890747
1.109784722328186,3.1501712799072266,2.9835827350616455
1.1085301637649536,3.150650978088379,2.9844253063201904
1.1085301637649536,3.150650978088379,2.9844253063201904
1.1066828966140747,3.1513171195983887,2.9833178520202637
1.1067707538604736,3.150510311126709,2.982349395751953
1.1067707538604736,3.150510311126709,2.982349395751953
1.1085575819015503,3.1522746086120605,2.9841041564941406
1.1085575819015503,3.1522746086120605,2.9841041564941406
1.1102826595306396,3.1512300968170166,2.985605001449585
1.1102826595306396,3.1512300968170166,2.985605001449585
1.1117057800292969,3.1506502628326416,2.9863545894622803
1.1116646528244019,3.1510140895843506,2.986720561981201
1.1097513437271118,3.1517534255981445,2.986133337020874
1.1097513437271118,3.1517534255981445,2.986133337020874
1.1089403629302979,3.153157949447632,2.9863924980163574
1.109651803970337,3.1541359424591064,2.9874699115753174
1.109651803970337,3.1541359424591064,2.9874699115753174
1.1125198602676392,3.1527621746063232,2.9884419441223145
1.1125198602676392,3.1527621746063232,2.9884419441223145
1.1119168996810913,3.1554040908813477,2.990292549133301
1.1124645471572876,3.1552963256835938,2.9918153285980225
1.1124645471572876,3.1552963256835938,2.9918153285980225
1.1107674837112427,3.1562845706939697,2.991755247116089
1.1097657680511475,3.1557860374450684,2.990821599960327
1.1090383529663086,3.156635046005249,2.9905776977539062
1.1090383529663086,3.156635046005249,2.9905776977539062
1.1107739210128784,3.1564769744873047,2.9919910430908203
1.1107739210128784,3.1564769744873047,2.9919910430908203
1.1122395992279053,3.1553659439086914,2.99181866645813
1.1122395992279053,3.1553659439086914,2.99181866645813
1.1107380390167236,3.156643867492676,2.991440773010254
1.1093696355819702,3.157270669937134,2.9907548427581787
1.1063897609710693,3.15885853767395,2.988351821899414
1.1063897609710693,3.15885853767395,2.988351821899414
1.1074553728103638,3.157745599746704,2.987391233444214
1.107642412185669,3.157374382019043,2.986598014831543
1.1073077917099,3.157442331314087,2.9859423637390137
1.1073077917099,3.157442331314087,2.9859423637390137
1.1055991649627686,3.1583268642425537,2.9850711822509766
1.1049771308898926,3.1564600467681885,2.9839577674865723
1.1049771308898926,3.1564600467681885,2.9839577674865723
1.1037274599075317,3.1554172039031982,2.9828789234161377
1.1037274599075317,3.1554172039031982,2.9828789234161377
1.1026232242584229,3.1549315452575684,2.9824697971343994
1.1022614240646362,3.1537997722625732,2.982038736343384
1.1022357940673828,3.1536672115325928,2.981842517852783
1.1022357940673828,3.1536672115325928,2.981842517852783
1.102443814277649,3.152665138244629,2.9816384315490723
1.102443814277649,3.152665138244629,2.9816384315490723
1.0997109413146973,3.1533684730529785,2.980396032333374
1.0990464687347412,3.1540637016296387,2.9804418087005615
1.0988636016845703,3.1533048152923584,2.9788906574249268
1.098785638809204,3.152045965194702,2.9776744842529297
1.098785638809204,3.152045965194702,2.9776744842529297
1.0978178977966309,3.1539530754089355,2.9774765968322754
1.0959059000015259,3.1549105644226074,2.9776058197021484
1.0959059000015259,3.1549105644226074,2.9776058197021484
1.0951228141784668,3.154296875,2.976581573486328
1.094870924949646,3.1527206897735596,2.9748477935791016
1.094870924949646,3.1527206897735596,2.9748477935791016
1.0932426452636719,3.15466570854187,2.9758036136627197
1.0925791263580322,3.1550750732421875,2.975850820541382
1.0925791263580322,3.1550750732421875,2.975850820541382
1.0911022424697876,3.1541104316711426,2.9737236499786377
1.092564344406128,3.154600143432617,2.974382162094116
1.092564344406128,3.154600143432617,2.974382162094116
1.0921533107757568,3.1544454097747803,2.973609447479248
1.0921533107757568,3.1544454097747803,2.973609447479248
1.0884817838668823,3.1573092937469482,2.973177909851074
1.0872827768325806,3.156566619873047,2.972107172012329
1.0872827768325806,3.156566619873047,2.972107172012329
1.0863866806030273,3.1564130783081055,2.9712085723876953
1.086882472038269,3.155925989151001,2.9716758728027344
1.086882472038269,3.155925989151001,2.9716758728027344
1.0858834981918335,3.157667636871338,2.9730796813964844
1.0853650569915771,3.157829761505127,2.973052501678467
1.083219289779663,3.157783031463623,2.9721839427948
1.083219289779663,3.157783031463623,2.9721839427948
1.0823737382888794,3.157851457595825,2.9724745750427246
1.0839531421661377,3.1577396392822266,2.9739787578582764
1.0839531421661377,3.1577396392822266,2.9739787578582764
1.0846736431121826,3.158036947250366,2.974559783935547
1.0851898193359375,3.158163547515869,2.975177049636841
1.0859053134918213,3.1578848361968994,2.9753570556640625
1.0859053134918213,3.1578848361968994,2.9753570556640625
1.0868107080459595,3.158444881439209,2.9761812686920166
1.0899643898010254,3.15850567817688,2.977907180786133
1.0899643898010254,3.15850567817688,2.977907180786133
1.0914467573165894,3.157128095626831,2.977327823638916
1.0914467573165894,3.157128095626831,2.977327823638916
1.0927925109863281,3.158965826034546,2.979809045791626
1.0923352241516113,3.1600992679595947,2.9808473587036133
1.0915067195892334,3.160696029663086,2.981807231903076
1.0906400680541992,3.1607463359832764,2.981829881668091
1.0906400680541992,3.1607463359832764,2.981829881668091
1.0904477834701538,3.1630311012268066,2.98283314704895
1.0904477834701538,3.1630311012268066,2.98283314704895
1.0907984972000122,3.165079355239868,2.984995126724243
1.0898171663284302,3.164839744567871,2.985139846801758
1.0880908966064453,3.165602445602417,2.984598159790039
1.0834680795669556,3.16680645942688,2.9823837280273438
1.0834680795669556,3.16680645942688,2.9823837280273438
1.0797899961471558,3.167250633239746,2.979815721511841
1.0797899961471558,3.167250633239746,2.979815721511841
1.078663945198059,3.1682450771331787,2.9797251224517822
1.0791515111923218,3.167642593383789,2.979020357131958
1.0792133808135986,3.1678996086120605,2.9781196117401123
1.0792133808135986,3.1678996086120605,2.9781196117401123
1.07848060131073,3.1697003841400146,2.9784634113311768
1.07848060131073,3.1697003841400146,2.9784634113311768
1.0777792930603027,3.170903444290161,2.978749990463257
1.0779974460601807,3.1701178550720215,2.9780826568603516
1.0777640342712402,3.169907569885254,2.9761557579040527
1.076198697090149,3.1710171699523926,2.9761393070220947
1.076198697090149,3.1710171699523926,2.9761393070220947
1.0753287076950073,3.1721208095550537,2.9762039184570312
1.0753287076950073,3.1721208095550537,2.9762039184570312
1.0732200145721436,3.172017812728882,2.9745893478393555
1.073018193244934,3.17181658744812,2.974433422088623
1.073018193244934,3.17181658744812,2.974433422088623
1.070242166519165,3.172032594680786,2.9738805294036865
1.0673115253448486,3.1717686653137207,2.972639322280884
1.0641884803771973,3.1720824241638184,2.970623254776001
1.0641884803771973,3.1720824241638184,2.970623254776001
1.0618633031845093,3.171940803527832,2.968687057495117
1.0599218606948853,3.17236328125,2.967916488647461
1.0599218606948853,3.17236328125,2.967916488647461
1.060219168663025,3.172182321548462,2.9685230255126953
1.0604403018951416,3.172362804412842,2.968993902206421
1.0604403018951416,3.172362804412842,2.968993902206421
1.0608527660369873,3.17055606842041,2.967924118041992
1.0588784217834473,3.1707215309143066,2.966428518295288
1.0588784217834473,3.1707215309143066,2.966428518295288
1.0559114217758179,3.172954797744751,2.966644525527954
1.0551561117172241,3.171238422393799,2.9652984142303467
1.0551561117172241,3.171238422393799,2.9652984142303467
1.0564383268356323,3.1705880165100098,2.9652297496795654
1.0566949844360352,3.1705896854400635,2.965552806854248
1.0566949844360352,3.1705896854400635,2.965552806854248
1.0529553890228271,3.1712305545806885,2.963805675506592
1.0529553890228271,3.1712305545806885,2.963805675506592
1.0492744445800781,3.172710657119751,2.962252140045166
1.049216389656067,3.1720168590545654,2.9616754055023193
1.0491716861724854,3.1722733974456787,2.9612839221954346
1.0491716861724854,3.1722733974456787,2.9612839221954346
1.048820972442627,3.1728367805480957,2.9611527919769287
1.0466386079788208,3.1741878986358643,2.9606704711914062
1.0469493865966797,3.1737098693847656,2.960655689239502
1.0449923276901245,3.1740987300872803,2.9589812755584717
1.0449923276901245,3.1740987300872803,2.9589812755584717
1.0448039770126343,3.173959732055664,2.958644390106201
1.0448558330535889,3.1745095252990723,2.9591407775878906
1.0448558330535889,3.1745095252990723,2.9591407775878906
1.0449198484420776,3.1749954223632812,2.959803342819214
1.0429259538650513,3.175626754760742,2.958746910095215
1.0425621271133423,3.1756508350372314,2.958453893661499
1.0425621271133423,3.1756508350372314,2.958453893661499
1.042138695716858,3.176079034805298,2.958063840866089
1.042138695716858,3.176079034805298,2.958063840866089
1.041772484779358,3.177398443222046,2.959066152572632
1.0417518615722656,3.178069829940796,2.9595141410827637
1.0417518615722656,3.178069829940796,2.9595141410827637
1.0394903421401978,3.1786673069000244,2.958711624145508
1.0381981134414673,3.1793580055236816,2.9592809677124023
1.0380592346191406,3.180891752243042,2.9606974124908447
1.0380592346191406,3.180891752243042,2.9606974124908447
1.0398519039154053,3.1807427406311035,2.962961435317993
1.0398519039154053,3.1807427406311035,2.962961435317993
1.0391610860824585,3.1823225021362305,2.963689088821411
1.0391610860824585,3.1823225021362305,2.963689088821411
1.038604497909546,3.183267116546631,2.9645750522613525
1.0391077995300293,3.1833691596984863,2.9653005599975586
1.0412479639053345,3.183330535888672,2.9670863151550293
1.0426251888275146,3.184459924697876,2.968982696533203
1.0429139137268066,3.1844160556793213,2.969067335128784
1.0429139137268066,3.1844160556793213,2.969067335128784
1.0407195091247559,3.1855521202087402,2.968339681625366
1.0407861471176147,3.1866841316223145,2.9691638946533203
1.0407861471176147,3.1866841316223145,2.9691638946533203
1.043665885925293,3.187325954437256,2.9712865352630615
1.043665885925293,3.187325954437256,2.9712865352630615
1.0451298952102661,3.1867001056671143,2.9703643321990967
1.0442078113555908,3.1897590160369873,2.971146583557129
1.0442078113555908,3.1897590160369873,2.971146583557129
1.0401339530944824,3.1911511421203613,2.969528913497925
1.0402624607086182,3.1889827251434326,2.967209815979004
1.0402624607086182,3.1889827251434326,2.967209815979004
1.0422735214233398,3.1883785724639893,2.9667723178863525
1.0432789325714111,3.188873052597046,2.967510938644409
1.0422595739364624,3.18874454498291,2.967069625854492
1.0422595739364624,3.18874454498291,2.967069625854492
1.039378046989441,3.1890759468078613,2.964743137359619
1.039378046989441,3.1890759468078613,2.964743137359619
1.0366644859313965,3.189692497253418,2.962636709213257
1.0366644859313965,3.189692497253418,2.962636709213257
1.033733606338501,3.1896884441375732,2.960258722305298
1.0331228971481323,3.1903014183044434,2.9604530334472656
1.0326275825500488,3.187790870666504,2.9586093425750732
1.0326275825500488,3.187790870666504,2.9586093425750732
1.031437873840332,3.187534809112549,2.9579927921295166
1.031437873840332,3.187534809112549,2.9579927921295166
1.0292943716049194,3.188896656036377,2.9585318565368652
1.0292943716049194,3.188896656036377,2.9585318565368652
1.0274745225906372,3.1882686614990234,2.9577724933624268
1.0271719694137573,3.1868484020233154,2.956589937210083
1.0257914066314697,3.187973737716675,2.9559381008148193
1.025743007659912,3.1883087158203125,2.9565422534942627
1.025743007659912,3.1883087158203125,2.9565422534942627
1.0244176387786865,3.1881582736968994,2.9566028118133545
1.0238028764724731,3.1875014305114746,2.9554755687713623
1.0235934257507324,3.186870574951172,2.9547741413116455
1.023253083229065,3.1865618228912354,2.954549789428711
1.0217939615249634,3.186459541320801,2.954319715499878
1.0193049907684326,3.1868491172790527,2.9531209468841553
1.0167981386184692,3.187602996826172,2.9521334171295166
1.0167981386184692,3.187602996826172,2.9521334171295166
1.0149245262145996,3.187838077545166,2.95086669921875
1.0126615762710571,3.1885406970977783,2.9496889114379883
1.0117746591567993,3.1890547275543213,2.9500951766967773
1.0117746591567993,3.1890547275543213,2.9500951766967773
1.0113482475280762,3.1897451877593994,2.9506051540374756
1.011401653289795,3.190091609954834,2.9509220123291016
1.011401653289795,3.190091609954834,2.9509220123291016
1.0085347890853882,3.1909704208374023,2.9496333599090576
1.0091307163238525,3.1915392875671387,2.950334072113037
1.0091307163238525,3.1915392875671387,2.950334072113037
1.0129165649414062,3.191941976547241,2.952265977859497
1.0155740976333618,3.191314220428467,2.9529366493225098
1.0155740976333618,3.191314220428467,2.9529366493225098
1.0139700174331665,3.1920831203460693,2.952199935913086
1.0139700174331665,3.1920831203460693,2.952199935913086
1.0096384286880493,3.193918466567993,2.9507851600646973
1.0076133012771606,3.1931042671203613,2.9488627910614014
1.0075290203094482,3.1930418014526367,2.94864559173584
1.0075290203094482,3.1930418014526367,2.94864559173584
1.0111535787582397,3.1924679279327393,2.950314521789551
1.0125110149383545,3.1920037269592285,2.950371265411377
1.0147887468338013,3.1907455921173096,2.9512579441070557
1.0147887468338013,3.1907455921173096,2.9512579441070557
1.0141141414642334,3.191647529602051,2.9527032375335693
1.0141141414642334,3.191647529602051,2.9527032375335693
1.0140033960342407,3.1908209323883057,2.953192949295044
1.0151492357254028,3.189542531967163,2.9535017013549805
1.0155572891235352,3.1902637481689453,2.9538938999176025
1.0155572891235352,3.1902637481689453,2.9538938999176025
1.016936182975769,3.1906073093414307,2.9558210372924805
1.016891598701477,3.191105365753174,2.956462860107422
1.016891598701477,3.191105365753174,2.956462860107422
1.0174922943115234,3.191727876663208,2.957373857498169
1.0172877311706543,3.1923515796661377,2.9575719833374023
1.017390489578247,3.193781614303589,2.9590542316436768
1.017390489578247,3.193781614303589,2.9590542316436768
1.0154160261154175,3.1953001022338867,2.958765745162964
1.0152701139450073,3.1968960762023926,2.9589555263519287
1.0152701139450073,3.1968960762023926,2.9589555263519287
1.0139915943145752,3.198776960372925,2.9589436054229736
1.0120471715927124,3.198086738586426,2.9566335678100586
1.0120471715927124,3.198086738586426,2.9566335678100586
1.0102064609527588,3.200035572052002,2.9565372467041016
1.0102064609527588,3.200035572052002,2.9565372467041016
1.0091068744659424,3.200249195098877,2.9563956260681152
1.0099589824676514,3.199347972869873,2.95566725730896
1.0104392766952515,3.2004623413085938,2.9558193683624268
1.0101573467254639,3.199204206466675,2.9555459022521973
1.0101573467254639,3.199204206466675,2.9555459022521973
1.0070079565048218,3.1994810104370117,2.953860282897949
1.0070079565048218,3.1994810104370117,2.953860282897949
1.0067057609558105,3.197057008743286,2.9516239166259766
1.0069398880004883,3.197286367416382,2.9518280029296875
1.0073803663253784,3.198330879211426,2.9527125358581543
1.0061382055282593,3.1968657970428467,2.950885534286499
1.0045922994613647,3.1972529888153076,2.949774980545044
1.0045922994613647,3.1972529888153076,2.949774980545044
1.0030779838562012,3.1984264850616455,2.9492361545562744
1.0009865760803223,3.199500799179077,2.948547124862671
0.9982941150665283,3.200302839279175,2.947181224822998
0.9982941150665283,3.200302839279175,2.947181224822998
0.9961838722229004,3.201169729232788,2.9459054470062256
0.9942903518676758,3.2018957138061523,2.946342945098877
0.9942903518676758,3.2018957138061523,2.946342945098877
0.9941856861114502,3.2021806240081787,2.9463107585906982
0.9932219982147217,3.200934648513794,2.9443438053131104
0.9932219982147217,3.200934648513794,2.9443438053131104
0.9910485744476318,3.2022762298583984,2.944528102874756
0.9895524978637695,3.201916217803955,2.9446377754211426
0.9886883497238159,3.201369524002075,2.943920612335205
0.9886883497238159,3.201369524002075,2.943920612335205
0.9872550368309021,3.201493978500366,2.942624807357788
0.9861069917678833,3.2025692462921143,2.94270920753479
0.9838113784790039,3.2019357681274414,2.9414048194885254
0.9838113784790039,3.2019357681274414,2.9414048194885254
0.9831081628799438,3.2038846015930176,2.941877841949463
0.9831081628799438,3.2038846015930176,2.941877841949463
0.9824874401092529,3.2042016983032227,2.941185712814331
0.9814631938934326,3.204352378845215,2.9402966499328613
0.9814631938934326,3.204352378845215,2.9402966499328613
0.9799908399581909,3.20524001121521,2.939807891845703
0.9809537529945374,3.2045342922210693,2.9400973320007324
0.9820679426193237,3.2042107582092285,2.9404397010803223
0.9820679426193237,3.2042107582092285,2.9404397010803223
0.9841084480285645,3.202772617340088,2.940506935119629
0.984985888004303,3.202831745147705,2.9409945011138916
0.9863476157188416,3.2031166553497314,2.9419074058532715
0.987207293510437,3.2025794982910156,2.9424026012420654
0.987207293510437,3.2025794982910156,2.9424026012420654
0.9886249899864197,3.202775001525879,2.9439401626586914
0.9883435964584351,3.202544689178467,2.9435689449310303
0.9883435964584351,3.202544689178467,2.9435689449310303
0.987951397895813,3.201693058013916,2.942617654800415
0.9886248111724854,3.2007827758789062,2.9421892166137695
0.9890300035476685,3.2037501335144043,2.944990873336792
0.9890300035476685,3.2037501335144043,2.944990873336792
0.990714967250824,3.202200174331665,2.9462435245513916
0.990714967250824,3.202200174331665,2.9462435245513916
0.9924574494361877,3.2008211612701416,2.9461116790771484
0.9934685826301575,3.200619697570801,2.9466443061828613
0.994650661945343,3.202767848968506,2.9507668018341064
0.9959425330162048,3.2026445865631104,2.952352523803711
0.9959425330162048,3.2026445865631104,2.952352523803711
0.9965476989746094,3.2004802227020264,2.951059103012085
0.9965476989746094,3.2004802227020264,2.951059103012085
0.997945249080658,3.2038865089416504,2.953817844390869
0.997945249080658,3.2038865089416504,2.953817844390869
0.9979235529899597,3.2035062313079834,2.954280376434326
0.9977498650550842,3.2035012245178223,2.953745126724243
0.999512255191803,3.2024712562561035,2.953582286834717
0.999512255191803,3.2024712562561035,2.953582286834717
0.998548150062561,3.2044341564178467,2.9539146423339844
0.998548150062561,3.2044341564178467,2.9539146423339844
0.9959331750869751,3.207554817199707,2.9536550045013428
0.9938787817955017,3.208144426345825,2.9512686729431152
0.9938787817955017,3.208144426345825,2.9512686729431152
0.992914080619812,3.2093613147735596,2.9508183002471924
0.992914080619812,3.2093613147735596,2.9508183002471924
0.993352472782135,3.211197853088379,2.9521210193634033
0.993352472782135,3.211197853088379,2.9521210193634033
0.9938106536865234,3.2082509994506836,2.951234817504883
0.9925821423530579,3.207902431488037,2.949281692504883
0.9879907965660095,3.208994150161743,2.946995496749878
0.9879907965660095,3.208994150161743,2.946995496749878
0.9858115911483765,3.2098584175109863,2.9463953971862793
0.9858115911483765,3.2098584175109863,2.9463953971862793
0.9864477515220642,3.207414388656616,2.9455418586730957
0.986897885799408,3.2063722610473633,2.94537615776062
0.9858183860778809,3.2070300579071045,2.9453582763671875
0.9858183860778809,3.2070300579071045,2.9453582763671875
0.9822700023651123,3.2071127891540527,2.9437410831451416
0.981605052947998,3.2073817253112793,2.9431331157684326
0.9813339114189148,3.2062087059020996,2.9414641857147217
0.9814127087593079,3.207874298095703,2.942383050918579
0.9814127087593079,3.207874298095703,2.942383050918579
0.9795393347740173,3.2097318172454834,2.9440155029296875
0.9767860174179077,3.2096924781799316,2.9423158168792725
0.9767860174179077,3.2096924781799316,2.9423158168792725
0.9757253527641296,3.2089569568634033,2.941498041152954
0.9757253527641296,3.2089569568634033,2.941498041152954
0.9760615229606628,3.2084999084472656,2.9416518211364746
0.9765233397483826,3.2083659172058105,2.9428226947784424
0.9765233397483826,3.2083659172058105,2.9428226947784424
0.9759939908981323,3.2082314491271973,2.943131685256958
0.9751342535018921,3.207747220993042,2.9419949054718018
0.9751342535018921,3.207747220993042,2.9419949054718018
0.9736857414245605,3.2068188190460205,2.94123911857605
0.9714643359184265,3.207707166671753,2.9407124519348145
0.971263587474823,3.2077620029449463,2.940737009048462
0.9715672731399536,3.2076256275177,2.940593719482422
0.9715672731399536,3.2076256275177,2.940593719482422
0.9724549651145935,3.2085626125335693,2.9406306743621826
0.9724549651145935,3.2085626125335693,2.9406306743621826
0.9739012122154236,3.209587574005127,2.941800832748413
0.9739012122154236,3.209587574005127,2.941800832748413
0.973887026309967,3.2110002040863037,2.942131996154785
0.9746651649475098,3.2113382816314697,2.941856861114502
0.9746651649475098,3.2113382816314697,2.941856861114502
0.9765581488609314,3.212027072906494,2.942533254623413
0.9784793853759766,3.211634874343872,2.943086862564087
0.9805262684822083,3.2106106281280518,2.943502902984619
0.9805262684822083,3.2106106281280518,2.943502902984619
0.9808228611946106,3.2105507850646973,2.9430692195892334
0.9794489741325378,3.2101283073425293,2.942702531814575
0.9765989780426025,3.210585832595825,2.9418509006500244
0.9752814173698425,3.211315631866455,2.942453622817993
0.9752814173698425,3.211315631866455,2.942453622817993
0.9752805233001709,3.211632490158081,2.9437367916107178
0.9778762459754944,3.208766222000122,2.9438090324401855
0.9778762459754944,3.208766222000122,2.9438090324401855
0.9792625308036804,3.209225654602051,2.9447436332702637
0.9802767038345337,3.2092862129211426,2.946197032928467
0.9791622161865234,3.210782289505005,2.9473204612731934
0.9791622161865234,3.210782289505005,2.9473204612731934
0.9786881804466248,3.208733558654785,2.9454712867736816
0.9805362820625305,3.208998918533325,2.946098804473877
0.9802769422531128,3.2101404666900635,2.947190046310425
0.9802769422531128,3.2101404666900635,2.947190046310425
0.9803574085235596,3.2095189094543457,2.947601556777954
0.9811885356903076,3.2099053859710693,2.947037935256958
0.9811885356903076,3.2099053859710693,2.947037935256958
0.9787731170654297,3.2115349769592285,2.9468562602996826
0.9748003482818604,3.2150726318359375,2.946920871734619
0.9729856848716736,3.215482234954834,2.946195602416992
0.971850574016571,3.2140884399414062,2.9439940452575684
0.9727715253829956,3.213517904281616,2.943081855773926
0.9743579626083374,3.2142391204833984,2.944125175476074
0.9743579626083374,3.2142391204833984,2.944125175476074
0.9727778434753418,3.214890956878662,2.9446303844451904
0.967212975025177,3.2148146629333496,2.941223382949829
0.9648749232292175,3.2140777111053467,2.939127206802368
0.9648749232292175,3.2140777111053467,2.939127206802368
0.9635675549507141,3.214184284210205,2.93744158744812
0.964236855506897,3.2145235538482666,2.9381275177001953
0.964236855506897,3.2145235538482666,2.9381275177001953
0.9673612713813782,3.214339256286621,2.939772605895996
0.9678217172622681,3.2134392261505127,2.938140392303467
0.9653580188751221,3.213914632797241,2.9367775917053223
0.9619015455245972,3.2147576808929443,2.9353370666503906
0.9619015455245972,3.2147576808929443,2.9353370666503906
0.9603739976882935,3.215911626815796,2.935407876968384
0.9588460922241211,3.215528726577759,2.9339051246643066
0.9588460922241211,3.215528726577759,2.9339051246643066
0.9591549634933472,3.2159817218780518,2.9336798191070557
0.9591549634933472,3.2159817218780518,2.9336798191070557
0.9580550193786621,3.216303586959839,2.9346282482147217
0.9559763669967651,3.2181880474090576,2.934903383255005
0.9554169774055481,3.216130018234253,2.9341533184051514
0.958084225654602,3.214475631713867,2.934504508972168
0.958084225654602,3.214475631713867,2.934504508972168
0.9608083963394165,3.212996006011963,2.9355640411376953
0.9608083963394165,3.212996006011963,2.9355640411376953
0.9585849046707153,3.2152016162872314,2.937013626098633
0.9585849046707153,3.2152016162872314,2.937013626098633
0.9556503891944885,3.2136781215667725,2.9347434043884277
0.9532389640808105,3.2139384746551514,2.9332802295684814
0.9532389640808105,3.2139384746551514,2.9332802295684814
0.9530175924301147,3.216148853302002,2.934516668319702
0.9530175924301147,3.216148853302002,2.934516668319702
0.9535965919494629,3.2167112827301025,2.934587240219116
0.9516267776489258,3.2169055938720703,2.933124303817749
0.9495158195495605,3.2197227478027344,2.932986259460449
0.9484958648681641,3.2216789722442627,2.9338765144348145
0.9484958648681641,3.2216789722442627,2.9338765144348145
0.949378490447998,3.220526695251465,2.933305501937866
0.949378490447998,3.220526695251465,2.933305501937866
0.9505733251571655,3.2211966514587402,2.9335215091705322
0.9507936239242554,3.22127628326416,2.933786153793335
0.9507936239242554,3.22127628326416,2.933786153793335
0.9507538676261902,3.2215709686279297,2.9339120388031006
0.9517772793769836,3.2199149131774902,2.93393874168396
0.9525622129440308,3.2194788455963135,2.9342281818389893
0.9533633589744568,3.2195520401000977,2.935137987136841
0.9529334902763367,3.218564510345459,2.9345345497131348
0.9529334902763367,3.218564510345459,2.9345345497131348
0.9524648785591125,3.220156669616699,2.9348738193511963
0.9524648785591125,3.220156669616699,2.9348738193511963
0.9543012976646423,3.218813419342041,2.9346444606781006
0.9558516144752502,3.219407558441162,2.9354450702667236
0.9560890197753906,3.2195022106170654,2.935946226119995
0.9560890197753906,3.2195022106170654,2.935946226119995
0.9548172354698181,3.221473217010498,2.9372286796569824
0.9548172354698181,3.221473217010498,2.9372286796569824
0.952583372592926,3.220149278640747,2.9350478649139404
0.9512009620666504,3.2218716144561768,2.935194969177246
0.9514142870903015,3.2219371795654297,2.936220645904541
0.9514142870903015,3.2219371795654297,2.936220645904541
0.9520705342292786,3.220881223678589,2.9364304542541504
0.9529191255569458,3.220501661300659,2.9369969367980957
0.9543048739433289,3.2192392349243164,2.937088966369629
0.9543048739433289,3.2192392349243164,2.937088966369629
0.953044593334198,3.2193500995635986,2.9372928142547607
0.9501704573631287,3.219940662384033,2.9369423389434814
0.9501704573631287,3.219940662384033,2.9369423389434814
0.9488150477409363,3.2199349403381348,2.935940742492676
0.9488150477409363,3.2199349403381348,2.935940742492676
0.9496847987174988,3.2192485332489014,2.9355452060699463
0.9494407773017883,3.2211334705352783,2.93611741065979
0.9494407773017883,3.2211334705352783,2.93611741065979
0.9465535879135132,3.2221550941467285,2.934748649597168
0.9465535879135132,3.2221550941467285,2.934748649597168
0.9420534372329712,3.22221040725708,2.931540012359619
0.9399878978729248,3.2225120067596436,2.930429458618164
0.9396224617958069,3.2223777770996094,2.93007230758667
0.9396224617958069,3.2223777770996094,2.93007230758667
0.9400526285171509,3.222416877746582,2.930659770965576
0.9409365653991699,3.2213082313537598,2.930506467819214
0.9413666725158691,3.2218148708343506,2.9307873249053955
0.9389318823814392,3.223527193069458,2.9302961826324463
0.9389318823814392,3.223527193069458,2.9302961826324463
0.9368939995765686,3.225248098373413,2.929898977279663
0.9368939995765686,3.225248098373413,2.929898977279663
0.9370182156562805,3.2262156009674072,2.9288008213043213
0.9370182156562805,3.2262156009674072,2.9288008213043213
0.9360992312431335,3.226994752883911,2.927527666091919
0.9360992312431335,3.226994752883911,2.927527666091919
0.9331313967704773,3.227149248123169,2.926436424255371
0.9306652545928955,3.2278831005096436,2.9259557723999023
0.9306652545928955,3.2278831005096436,2.9259557723999023
0.9316473603248596,3.22583270072937,2.924705743789673
0.9316473603248596,3.22583270072937,2.924705743789673
0.9317961931228638,3.2265255451202393,2.9241607189178467
0.9317961931228638,3.2265255451202393,2.9241607189178467
0.9312193989753723,3.2277684211730957,2.9247705936431885
0.92982417345047,3.22725248336792,2.924043655395508
0.92982417345047,3.22725248336792,2.924043655395508
0.9254071712493896,3.227102756500244,2.920779228210449
0.9234261512756348,3.2273457050323486,2.9199986457824707
0.9234261512756348,3.2273457050323486,2.9199986457824707
0.920147180557251,3.2289223670959473,2.9196534156799316
0.921301007270813,3.2282063961029053,2.9192986488342285
0.9224186539649963,3.2267439365386963,2.91892671585083
0.9224186539649963,3.2267439365386963,2.91892671585083
0.9218615293502808,3.229790687561035,2.9217801094055176
0.9218615293502808,3.229790687561035,2.9217801094055176
0.9207466840744019,3.230060577392578,2.9227757453918457
0.9211088418960571,3.2294490337371826,2.923060894012451
0.9226626753807068,3.229604482650757,2.924168109893799
0.9232534170150757,3.2298243045806885,2.924694299697876
0.9229145646095276,3.2307231426239014,2.9255692958831787
0.9232505559921265,3.2304916381835938,2.9251832962036133
0.9232505559921265,3.2304916381835938,2.9251832962036133
0.9235103726387024,3.2310354709625244,2.925687074661255
0.9235221743583679,3.231627941131592,2.9262239933013916
0.9248638153076172,3.2304983139038086,2.9270358085632324
0.9238865375518799,3.231123447418213,2.9267661571502686
0.9238865375518799,3.231123447418213,2.9267661571502686
0.9252563118934631,3.231600046157837,2.9280965328216553
0.9256325364112854,3.23115873336792,2.928007125854492
0.925579309463501,3.2303900718688965,2.9273500442504883
0.925579309463501,3.2303900718688965,2.9273500442504883
0.9266067147254944,3.2323272228240967,2.929025650024414
0.9269968271255493,3.232260227203369,2.929516553878784
0.9295589327812195,3.2309556007385254,2.9302728176116943
0.9295589327812195,3.2309556007385254,2.9302728176116943
0.9307165741920471,3.230424404144287,2.930208206176758
0.9307238459587097,3.231308937072754,2.9305875301361084
0.9307238459587097,3.231308937072754,2.9305875301361084
0.9303573369979858,3.2318618297576904,2.9307758808135986
0.9286715388298035,3.231356143951416,2.928926706314087
0.9286715388298035,3.231356143951416,2.928926706314087
0.9298029541969299,3.231475591659546,2.9289627075195312
0.9298029541969299,3.231475591659546,2.9289627075195312
0.9298924207687378,3.2304956912994385,2.9280309677124023
0.9288957118988037,3.2322986125946045,2.9284026622772217
0.9288957118988037,3.2322986125946045,2.9284026622772217
0.928399920463562,3.2318549156188965,2.9274985790252686
0.9229278564453125,3.2338361740112305,2.9253084659576416
0.9202274680137634,3.234412670135498,2.92470121383667
0.9202274680137634,3.234412670135498,2.92470121383667
0.9157090187072754,3.2366225719451904,2.924212694168091
0.9148464202880859,3.2354319095611572,2.9231762886047363
0.9148464202880859,3.2354319095611572,2.9231762886047363
0.9124613404273987,3.2353646755218506,2.9213509559631348
0.9124613404273987,3.2353646755218506,2.9213509559631348
0.9100059866905212,3.2357561588287354,2.919753313064575
0.9089874625205994,3.2362780570983887,2.919768810272217
0.9089874625205994,3.2362780570983887,2.919768810272217
0.9100245237350464,3.2353389263153076,2.9194369316101074
0.9098297953605652,3.2347702980041504,2.9191830158233643
0.9098297953605652,3.2347702980041504,2.9191830158233643
0.9076577425003052,3.234600305557251,2.918344259262085
0.9049838185310364,3.2351088523864746,2.9171323776245117
0.9009491205215454,3.2354543209075928,2.9145898818969727
0.9009491205215454,3.2354543209075928,2.9145898818969727
0.8983269333839417,3.236603260040283,2.9145593643188477
0.8975092768669128,3.2367019653320312,2.914487361907959
0.8983461260795593,3.2358691692352295,2.914799928665161
0.8983461260795593,3.2358691692352295,2.914799928665161
0.9011480808258057,3.2350783348083496,2.915253162384033
0.9008668065071106,3.2347774505615234,2.9147157669067383
0.8996245861053467,3.2369117736816406,2.9151711463928223
0.8996245861053467,3.2369117736816406,2.9151711463928223
0.8977401852607727,3.2368075847625732,2.9145708084106445
0.8977401852607727,3.2368075847625732,2.9145708084106445
0.8970727920532227,3.2375056743621826,2.914185047149658
0.8950359225273132,3.238807439804077,2.914252996444702
0.8950359225273132,3.238807439804077,2.914252996444702
0.8918424248695374,3.24096941947937,2.913400411605835
0.8927704691886902,3.2406044006347656,2.9123170375823975
0.8934837579727173,3.2401580810546875,2.9121766090393066
0.8934837579727173,3.2401580810546875,2.9121766090393066
0.8938245177268982,3.2418220043182373,2.9130401611328125
0.8938245177268982,3.2418220043182373,2.9130401611328125
0.8930279016494751,3.2421884536743164,2.9138598442077637
0.8923336267471313,3.242017984390259,2.913797616958618
0.8923043608665466,3.2419023513793945,2.9141688346862793
0.8917663097381592,3.241813898086548,2.9139246940612793
0.8929634094238281,3.241438150405884,2.9146969318389893
0.8949053287506104,3.2420597076416016,2.9164371490478516
0.8949053287506104,3.2420597076416016,2.9164371490478516
0.898237407207489,3.2415435314178467,2.9180474281311035
0.9004623293876648,3.241638660430908,2.919292688369751
0.9012938737869263,3.2406229972839355,2.9192631244659424
0.9012938737869263,3.2406229972839355,2.9192631244659424
0.900068998336792,3.2416460514068604,2.919192314147949
0.8979543447494507,3.2439863681793213,2.9195451736450195
0.8979543447494507,3.2439863681793213,2.9195451736450195
0.8978456854820251,3.243143320083618,2.918856143951416
0.8996862173080444,3.243605852127075,2.9203507900238037
0.8996862173080444,3.243605852127075,2.9203507900238037
0.9007276296615601,3.2441787719726562,2.9215316772460938
0.9012681245803833,3.244047164916992,2.922006845474243
0.9020983576774597,3.242187261581421,2.9216301441192627
0.9020983576774597,3.242187261581421,2.9216301441192627
0.9023829102516174,3.2423479557037354,2.9214088916778564
0.9023829102516174,3.2423479557037354,2.9214088916778564
0.9024778604507446,3.243551731109619,2.9219608306884766
0.9051807522773743,3.2427287101745605,2.9221675395965576
0.9051807522773743,3.2427287101745605,2.9221675395965576
0.9045947194099426,3.242872953414917,2.921720266342163
0.9032113552093506,3.243614912033081,2.921412229537964
0.8997786641120911,3.2466137409210205,2.921133041381836
0.8997786641120911,3.2466137409210205,2.921133041381836
0.899570107460022,3.2456421852111816,2.9204952716827393
0.8991822600364685,3.2449512481689453,2.919429302215576
0.8990377187728882,3.245082378387451,2.9182963371276855
0.8990377187728882,3.245082378387451,2.9182963371276855
0.8964497447013855,3.2454543113708496,2.9170923233032227
0.8939949870109558,3.2456047534942627,2.916196346282959
0.8939949870109558,3.2456047534942627,2.916196346282959
0.8923010230064392,3.2442238330841064,2.9138364791870117
0.8922860026359558,3.2435858249664307,2.9133825302124023
0.8922860026359558,3.2435858249664307,2.9133825302124023
0.8919554948806763,3.24379301071167,2.913696050643921
0.8895419239997864,3.2448348999023438,2.9131739139556885
0.8895419239997864,3.2448348999023438,2.9131739139556885
0.8876261115074158,3.2445132732391357,2.9117932319641113
0.8855170607566833,3.245002031326294,2.9112467765808105
0.8855170607566833,3.245002031326294,2.9112467765808105
0.8812087178230286,3.2465107440948486,2.910158395767212
0.8815390467643738,3.245096206665039,2.9092845916748047
0.8815390467643738,3.245096206665039,2.9092845916748047
0.8816974759101868,3.2449536323547363,2.908782720565796
0.8816974759101868,3.2449536323547363,2.908782720565796
0.8791633248329163,3.2462093830108643,2.9088351726531982
0.8777532577514648,3.2462170124053955,2.9080259799957275
0.8752314448356628,3.2460622787475586,2.905701160430908
0.8752314448356628,3.2460622787475586,2.905701160430908
0.8753697872161865,3.2458813190460205,2.90411639213562
0.8753421902656555,3.248380661010742,2.904709577560425
0.8753421902656555,3.248380661010742,2.904709577560425
0.8747996687889099,3.246708631515503,2.9037821292877197
0.8747996687889099,3.246708631515503,2.9037821292877197
0.8757527470588684,3.2459707260131836,2.90421462059021
0.8747764825820923,3.2464778423309326,2.9039435386657715
0.8720778226852417,3.247243642807007,2.903594732284546
0.8720778226852417,3.247243642807007,2.903594732284546
0.870849609375,3.2465531826019287,2.9029881954193115
0.870849609375,3.2465531826019287,2.9029881954193115
0.8707410097122192,3.245151996612549,2.901839256286621
0.8722800612449646,3.244983196258545,2.9033632278442383
0.8722800612449646,3.244983196258545,2.9033632278442383
0.8705127239227295,3.2453057765960693,2.9030373096466064
0.8705127239227295,3.2453057765960693,2.9030373096466064
0.8679552674293518,3.2465744018554688,2.902040481567383
0.8671646118164062,3.2473254203796387,2.901791572570801
0.8671572208404541,3.2501983642578125,2.903089761734009
0.8671572208404541,3.2501983642578125,2.903089761734009
0.8679284453392029,3.2502260208129883,2.903198719024658
0.8705918192863464,3.2492339611053467,2.905017137527466
0.8705918192863464,3.2492339611053467,2.905017137527466
0.87151038646698,3.249116897583008,2.9056358337402344
0.8721487522125244,3.2484233379364014,2.905604362487793
0.8720420598983765,3.248361825942993,2.9053213596343994
0.8726375102996826,3.2499747276306152,2.9066247940063477
0.8726375102996826,3.2499747276306152,2.9066247940063477
0.8736791014671326,3.250581979751587,2.907689332962036
0.8736685514450073,3.2505791187286377,2.9075584411621094
0.873511552810669,3.251391887664795,2.908048152923584
0.873511552810669,3.251391887664795,2.908048152923584
0.8743245005607605,3.2522969245910645,2.90971040725708
0.8749478459358215,3.252183198928833,2.9101197719573975
0.8749478459358215,3.252183198928833,2.9101197719573975
0.8748995661735535,3.2518532276153564,2.909601926803589
0.8750104904174805,3.251455783843994,2.9092721939086914
0.8745525479316711,3.2525014877319336,2.909684658050537
0.8745525479316711,3.2525014877319336,2.909684658050537
0.8734850287437439,3.2526965141296387,2.9093868732452393
0.8726446628570557,3.2528252601623535,2.908963680267334
0.8730283379554749,3.253469705581665,2.9096620082855225
0.8730283379554749,3.253469705581665,2.9096620082855225
0.8727292418479919,3.2523348331451416,2.909115791320801
0.8726180195808411,3.2527735233306885,2.9087531566619873
0.8726180195808411,3.2527735233306885,2.9087531566619873
0.8744781613349915,3.2540652751922607,2.910123109817505
0.8744781613349915,3.2540652751922607,2.910123109817505
0.8733898997306824,3.253955364227295,2.90851092338562
0.8704642653465271,3.2557857036590576,2.90759015083313
0.8704642653465271,3.2557857036590576,2.90759015083313
0.8676490187644958,3.2562334537506104,2.906588315963745
0.8670061826705933,3.256871461868286,2.9064290523529053
0.8670061826705933,3.256871461868286,2.9064290523529053
0.8646130561828613,3.2557055950164795,2.903775215148926
0.8650304675102234,3.2552754878997803,2.9034430980682373
0.8644721508026123,3.2558295726776123,2.9044177532196045
0.8621804714202881,3.257936954498291,2.9045088291168213
0.8621804714202881,3.257936954498291,2.9045088291168213
0.8590431213378906,3.256143569946289,2.9024252891540527
0.8576462864875793,3.255737543106079,2.902535915374756
0.8576462864875793,3.255737543106079,2.902535915374756
0.8555758595466614,3.255788803100586,2.902015447616577
0.8555094599723816,3.256098985671997,2.9026405811309814
0.8563253283500671,3.2550525665283203,2.9023802280426025
0.8563021421432495,3.254755973815918,2.9018797874450684
0.8563021421432495,3.254755973815918,2.9018797874450684
0.8521416187286377,3.2576372623443604,2.9018454551696777
0.8496881723403931,3.2580885887145996,2.9012582302093506
0.8496881723403931,3.2580885887145996,2.9012582302093506
0.847427248954773,3.2584445476531982,2.9003963470458984
0.8467093110084534,3.258327007293701,2.8989710807800293
0.8461851477622986,3.259687662124634,2.898564100265503
0.8461851477622986,3.259687662124634,2.898564100265503
0.844559907913208,3.2613515853881836,2.898263454437256
0.844559907913208,3.2613515853881836,2.898263454437256
0.8408220410346985,3.261627197265625,2.8960297107696533
0.8412724733352661,3.2611379623413086,2.8954873085021973
0.8419273495674133,3.26125168800354,2.895426034927368
0.8434739112854004,3.2605247497558594,2.8961374759674072
0.8434739112854004,3.2605247497558594,2.8961374759674072
0.8423873782157898,3.2629547119140625,2.8974857330322266
0.8421556949615479,3.2611477375030518,2.8959360122680664
0.8421556949615479,3.2611477375030518,2.8959360122680664
0.8420882821083069,3.2607786655426025,2.8956260681152344
0.8426013588905334,3.262253522872925,2.8971714973449707
0.843463122844696,3.26123309135437,2.8972055912017822
0.843463122844696,3.26123309135437,2.8972055912017822
0.8449442982673645,3.2605040073394775,2.8980042934417725
0.8449442982673645,3.2605040073394775,2.8980042934417725
0.8441557288169861,3.2595455646514893,2.8971688747406006
0.8419712781906128,3.2614893913269043,2.8975369930267334
0.8441338539123535,3.2615153789520264,2.898432493209839
0.8441338539123535,3.2615153789520264,2.898432493209839
0.8453845381736755,3.26141095161438,2.898941993713379
0.8468917608261108,3.2619850635528564,2.8993051052093506
0.8463963270187378,3.2633719444274902,2.8995327949523926
0.8430941700935364,3.264496326446533,2.8985559940338135
0.8430941700935364,3.264496326446533,2.8985559940338135
0.8407294750213623,3.2646570205688477,2.897429943084717
0.8411359190940857,3.265444755554199,2.897993326187134
0.8409477472305298,3.264263868331909,2.8967552185058594
0.842320442199707,3.2631747722625732,2.8965044021606445
0.842320442199707,3.2631747722625732,2.8965044021606445
0.8437840938568115,3.2650675773620605,2.8986287117004395
0.8437497019767761,3.2642359733581543,2.899854898452759
0.8437497019767761,3.2642359733581543,2.899854898452759
0.8433688879013062,3.2643611431121826,2.900524854660034
0.8433688879013062,3.2643611431121826,2.900524854660034
0.8438733816146851,3.263671636581421,2.90073823928833
0.844371497631073,3.2655375003814697,2.9026455879211426
0.844371497631073,3.2655375003814697,2.9026455879211426
0.845218300819397,3.264918088912964,2.9033870697021484
0.8453242778778076,3.264533519744873,2.9031083583831787
0.8448843359947205,3.2646448612213135,2.9029133319854736
0.8448843359947205,3.2646448612213135,2.9029133319854736
0.8440993428230286,3.2646358013153076,2.902698278427124
0.8428246974945068,3.2645888328552246,2.9015703201293945
0.8428246974945068,3.2645888328552246,2.9015703201293945
0.8409232497215271,3.2649648189544678,2.900402784347534
0.8388236165046692,3.2650392055511475,2.8988616466522217
0.8388236165046692,3.2650392055511475,2.8988616466522217
0.8367161750793457,3.2659876346588135,2.897808074951172
0.836409866809845,3.266937494277954,2.8982021808624268
0.8354316353797913,3.267429828643799,2.8982994556427
0.8350105881690979,3.265732526779175,2.8967814445495605
0.8350105881690979,3.265732526779175,2.8967814445495605
0.8342190384864807,3.266221761703491,2.895744562149048
0.8310655951499939,3.2679800987243652,2.8952693939208984
0.8302217721939087,3.2682814598083496,2.8950822353363037
0.8302217721939087,3.2682814598083496,2.8950822353363037
0.8273380994796753,3.267733097076416,2.893367052078247
0.8265551328659058,3.2673511505126953,2.8928866386413574
0.8265551328659058,3.2673511505126953,2.8928866386413574
0.8196272850036621,3.268784284591675,2.8898825645446777
0.8174841403961182,3.2689433097839355,2.889052391052246
0.816520631313324,3.2688565254211426,2.888155937194824
0.816520631313324,3.2688565254211426,2.888155937194824
0.8170740604400635,3.267324924468994,2.8866946697235107
0.8174331188201904,3.268152952194214,2.8873798847198486
0.8174331188201904,3.268152952194214,2.8873798847198486
0.8166745901107788,3.2689695358276367,2.8884212970733643
0.815550684928894,3.26816463470459,2.886810302734375
0.8158801198005676,3.2669453620910645,2.8853330612182617
0.8158801198005676,3.2669453620910645,2.8853330612182617
0.8163231015205383,3.2682037353515625,2.886197805404663
0.8180140256881714,3.2676241397857666,2.887392997741699
0.8180140256881714,3.2676241397857666,2.887392997741699
0.8171665668487549,3.2669973373413086,2.88649845123291
0.8167673945426941,3.26692271232605,2.8866913318634033
0.8142884373664856,3.267439126968384,2.885821580886841
0.8142884373664856,3.267439126968384,2.885821580886841
0.8122268915176392,3.2671473026275635,2.88472843170166
0.8132498860359192,3.267054557800293,2.8845670223236084
0.8133282661437988,3.265695571899414,2.8831284046173096
0.8121216297149658,3.2664308547973633,2.8825249671936035
0.8121216297149658,3.2664308547973633,2.8825249671936035
0.8078352212905884,3.2679214477539062,2.8813939094543457
0.8060207962989807,3.268800735473633,2.8806495666503906
0.8060207962989807,3.268800735473633,2.8806495666503906
0.8056159019470215,3.2690482139587402,2.879998207092285
0.8056159019470215,3.2690482139587402,2.879998207092285
0.8027203679084778,3.2709805965423584,2.8798844814300537
0.8023731708526611,3.2716023921966553,2.8802053928375244
0.8023731708526611,3.2716023921966553,2.8802053928375244
0.8050732016563416,3.271028518676758,2.8815951347351074
0.8050732016563416,3.271028518676758,2.8815951347351074
0.8065888285636902,3.2708117961883545,2.8828341960906982
0.8044719099998474,3.272397518157959,2.883145332336426
0.8044719099998474,3.272397518157959,2.883145332336426
0.8033599853515625,3.2723793983459473,2.8833279609680176
0.8034430146217346,3.2722835540771484,2.883056879043579
0.8034430146217346,3.2722835540771484,2.883056879043579
0.8047721982002258,3.273083209991455,2.884852170944214
0.8052412271499634,3.273848056793213,2.8860135078430176
0.8052412271499634,3.273848056793213,2.8860135078430176
0.8051073551177979,3.274400472640991,2.887018918991089
0.8051073551177979,3.274400472640991,2.887018918991089
0.8043027520179749,3.275111675262451,2.886852741241455
0.8032232522964478,3.2750747203826904,2.88578462600708
0.8032232522964478,3.2750747203826904,2.88578462600708
0.8043211102485657,3.2762792110443115,2.8870162963867188
0.8043211102485657,3.2762792110443115,2.8870162963867188
0.8061823844909668,3.276401996612549,2.887876510620117
0.8044513463973999,3.278907060623169,2.8880040645599365
0.8039491176605225,3.279406785964966,2.8879928588867188
0.8039491176605225,3.279406785964966,2.8879928588867188
0.8021960854530334,3.2806806564331055,2.887355327606201
0.8018176555633545,3.2807064056396484,2.8864710330963135
0.8014528751373291,3.2813589572906494,2.886401414871216
0.8014528751373291,3.2813589572906494,2.886401414871216
0.8023546934127808,3.282174825668335,2.8879141807556152
0.8023546934127808,3.282174825668335,2.8879141807556152
0.8055455088615417,3.2788803577423096,2.8872456550598145
0.8055455088615417,3.2788803577423096,2.8872456550598145
0.8029323220252991,3.280208110809326,2.886031150817871
0.7984865307807922,3.2812745571136475,2.885514736175537
0.7984865307807922,3.2812745571136475,2.885514736175537
0.7958622574806213,3.2811782360076904,2.884423017501831
0.7956238389015198,3.279978036880493,2.883209466934204
0.796091616153717,3.2799899578094482,2.883185863494873
0.796091616153717,3.2799899578094482,2.883185863494873
0.7955040335655212,3.281223773956299,2.8842575550079346
0.7956684827804565,3.280304431915283,2.883648157119751
0.7954585552215576,3.2791953086853027,2.882242202758789
0.795509397983551,3.2791190147399902,2.8822054862976074
0.7941300868988037,3.2795698642730713,2.8819408416748047
0.7921926379203796,3.280150890350342,2.8813886642456055
0.791533887386322,3.27925443649292,2.8806893825531006
0.791533887386322,3.27925443649292,2.8806893825531006
0.7902703285217285,3.278198480606079,2.8791465759277344
0.7902703285217285,3.278198480606079,2.8791465759277344
0.7910990715026855,3.27836275100708,2.8797740936279297
0.7922045588493347,3.277756690979004,2.8810079097747803
0.7914177179336548,3.277482032775879,2.8800957202911377
0.7902580499649048,3.276923418045044,2.8788459300994873
0.7871814966201782,3.2779381275177,2.877500057220459
0.7831368446350098,3.2800674438476562,2.876574993133545
0.7812972664833069,3.2799510955810547,2.8757128715515137
0.7812972664833069,3.2799510955810547,2.8757128715515137
0.7809625267982483,3.279137372970581,2.874086618423462
0.7809625267982483,3.279137372970581,2.874086618423462
0.7824600338935852,3.277968645095825,2.873364210128784
0.7831028699874878,3.2789454460144043,2.8744444847106934
0.7822538614273071,3.2788565158843994,2.8743033409118652
0.7805558443069458,3.2788918018341064,2.873591899871826
0.7811857461929321,3.2781355381011963,2.873959541320801
0.7815184593200684,3.2780203819274902,2.873875141143799
0.7815184593200684,3.2780203819274902,2.873875141143799
0.7850543856620789,3.2766575813293457,2.875492572784424
0.7875500321388245,3.2769775390625,2.8771793842315674
0.7886216044425964,3.277306318283081,2.879028081893921
0.7891837358474731,3.277214527130127,2.879284381866455
0.7891837358474731,3.277214527130127,2.879284381866455
0.7871145606040955,3.2776362895965576,2.8794195652008057
0.785996675491333,3.2791600227355957,2.880089521408081
0.785996675491333,3.2791600227355957,2.880089521408081
0.7866749167442322,3.278607130050659,2.880425214767456
0.7867710590362549,3.277808666229248,2.879891872406006
0.787906289100647,3.278757095336914,2.8804643154144287
0.787906289100647,3.278757095336914,2.8804643154144287
0.7885433435440063,3.2789604663848877,2.881282329559326
0.789196252822876,3.278728723526001,2.8815150260925293
0.789196252822876,3.278728723526001,2.8815150260925293
0.7891765832901001,3.277587652206421,2.880535364151001
0.7883303761482239,3.278423309326172,2.880176305770874
0.7883303761482239,3.278423309326172,2.880176305770874
0.7867573499679565,3.2794344425201416,2.8794937133789062
0.7867587208747864,3.2795567512512207,2.8785250186920166
0.7865707874298096,3.2796242237091064,2.8779971599578857
0.7867546081542969,3.2793755531311035,2.877429485321045
0.7867546081542969,3.2793755531311035,2.877429485321045
0.7849957942962646,3.283161163330078,2.878303050994873
0.7837508320808411,3.2823352813720703,2.878004312515259
0.7824267745018005,3.2813918590545654,2.875999689102173
0.780656099319458,3.2832512855529785,2.8754374980926514
0.780656099319458,3.2832512855529785,2.8754374980926514
0.779327392578125,3.283081293106079,2.875454902648926
0.779327392578125,3.283081293106079,2.875454902648926
0.7760652303695679,3.282806873321533,2.8745691776275635
0.7760652303695679,3.282806873321533,2.8745691776275635
0.7742577791213989,3.2809691429138184,2.872654438018799
0.7734198570251465,3.2818446159362793,2.873154878616333
0.7734198570251465,3.2818446159362793,2.873154878616333
0.7717685103416443,3.2820212841033936,2.872663974761963
0.7710095643997192,3.2820067405700684,2.871547222137451
0.7707614302635193,3.281764507293701,2.8712356090545654
0.770292341709137,3.282209873199463,2.8711230754852295
0.770292341709137,3.282209873199463,2.8711230754852295
0.7673946022987366,3.282205104827881,2.8697750568389893
0.7673946022987366,3.282205104827881,2.8697750568389893
0.763073742389679,3.284161329269409,2.868544340133667
0.763073742389679,3.284161329269409,2.868544340133667
0.7609261274337769,3.2838592529296875,2.867323160171509
0.7611965537071228,3.2834904193878174,2.867014169692993
0.765125036239624,3.281371831893921,2.8674352169036865
0.7660857439041138,3.2814996242523193,2.868091106414795
0.7660857439041138,3.2814996242523193,2.868091106414795
0.7651732563972473,3.2822442054748535,2.868701934814453
0.7623962759971619,3.2829983234405518,2.867769241333008
0.7583510875701904,3.283832311630249,2.865795135498047
0.7532528638839722,3.2842390537261963,2.863558530807495
0.7532528638839722,3.2842390537261963,2.863558530807495
0.7540525794029236,3.2831099033355713,2.8638787269592285
0.7567537426948547,3.281949281692505,2.864675283432007
0.7573005557060242,3.2816030979156494,2.8648648262023926
0.7573005557060242,3.2816030979156494,2.8648648262023926
0.7587335109710693,3.2802908420562744,2.8657491207122803
0.7587335109710693,3.2802908420562744,2.8657491207122803
0.7576160430908203,3.280874729156494,2.8652093410491943
0.7591845393180847,3.281520366668701,2.866196393966675
0.7591845393180847,3.281520366668701,2.866196393966675
0.7610227465629578,3.280972480773926,2.866065263748169
0.7615585923194885,3.2819807529449463,2.866503953933716
0.7615518569946289,3.2834978103637695,2.8676743507385254
0.7615518569946289,3.2834978103637695,2.8676743507385254
0.7611087560653687,3.284534215927124,2.868236780166626
0.7611087560653687,3.284534215927124,2.868236780166626
0.762129545211792,3.283726215362549,2.8683507442474365
0.762129545211792,3.283726215362549,2.8683507442474365
0.7615909576416016,3.2830581665039062,2.867091417312622
0.761278510093689,3.283402919769287,2.867016077041626
0.761278510093689,3.283402919769287,2.867016077041626
0.7622620463371277,3.2840492725372314,2.867952585220337
0.7622740864753723,3.2841532230377197,2.867833375930786
0.7636803388595581,3.284747838973999,2.868757724761963
0.7647544145584106,3.284282684326172,2.8692197799682617
0.7641570568084717,3.2855074405670166,2.8694369792938232
0.7641570568084717,3.2855074405670166,2.8694369792938232
0.765152633190155,3.286534547805786,2.8709535598754883
0.7656373977661133,3.2857117652893066,2.870708465576172
0.7678495049476624,3.2850828170776367,2.87060546875
0.7678495049476624,3.2850828170776367,2.87060546875
0.7693825364112854,3.2866883277893066,2.8733317852020264
0.7689163684844971,3.286353826522827,2.873744249343872
0.768072247505188,3.285912036895752,2.8729255199432373
0.768072247505188,3.285912036895752,2.8729255199432373
0.7671306729316711,3.284881830215454,2.8713784217834473
0.7663033604621887,3.2868897914886475,2.8725361824035645
0.7663033604621887,3.2868897914886475,2.8725361824035645
0.765324592590332,3.287069320678711,2.8726680278778076
0.7650238275527954,3.2865467071533203,2.871973991394043
0.7650238275527954,3.2865467071533203,2.871973991394043
0.7647494673728943,3.2875475883483887,2.8717548847198486
0.7607319355010986,3.288980007171631,2.870633125305176
0.7587195038795471,3.2902863025665283,2.8704710006713867
0.7587195038795471,3.2902863025665283,2.8704710006713867
0.7577006816864014,3.2909433841705322,2.8695027828216553
0.7581704258918762,3.290386199951172,2.8682713508605957
0.759878396987915,3.2905030250549316,2.869173765182495
0.759878396987915,3.2905030250549316,2.869173765182495
0.7591134905815125,3.2941081523895264,2.872100830078125
0.7583135962486267,3.2937371730804443,2.8724145889282227
0.7583135962486267,3.2937371730804443,2.8724145889282227
0.754457414150238,3.2931840419769287,2.870408773422241
0.7535127997398376,3.2928216457366943,2.8685929775238037
0.7501406669616699,3.293504476547241,2.8661558628082275
0.7501406669616699,3.293504476547241,2.8661558628082275
0.7471400499343872,3.2937216758728027,2.8645272254943848
0.7471400499343872,3.2937216758728027,2.8645272254943848
0.7452465891838074,3.2930572032928467,2.86287522315979
0.7452465891838074,3.2930572032928467,2.86287522315979
0.7438690066337585,3.293804168701172,2.8633415699005127
0.7438690066337585,3.293804168701172,2.8633415699005127
0.742595374584198,3.2939417362213135,2.863032579421997
0.7420243620872498,3.2929229736328125,2.8619470596313477
0.7420243620872498,3.2929229736328125,2.8619470596313477
0.7412155270576477,3.291656970977783,2.8610942363739014
0.7413215637207031,3.291421890258789,2.8610246181488037
0.7412760257720947,3.2920122146606445,2.8621714115142822
0.7412760257720947,3.2920122146606445,2.8621714115142822
0.7404739856719971,3.292423725128174,2.862877130508423
0.7404052019119263,3.290131092071533,2.861393928527832
0.7403438687324524,3.2904562950134277,2.860830783843994
0.7403438687324524,3.2904562950134277,2.860830783843994
0.7404161691665649,3.2912769317626953,2.861060619354248
0.7404161691665649,3.2912769317626953,2.861060619354248
0.7402728199958801,3.292935848236084,2.8619794845581055
0.7408332228660583,3.29166841506958,2.861433506011963
0.7408332228660583,3.29166841506958,2.861433506011963
0.7419611215591431,3.2914891242980957,2.861238479614258
0.7422477602958679,3.29166579246521,2.8614449501037598
0.7401391863822937,3.2929747104644775,2.861541986465454
0.7388818860054016,3.294604539871216,2.8620824813842773
0.7388818860054016,3.294604539871216,2.8620824813842773
0.7385541200637817,3.2930803298950195,2.860804557800293
0.7403947114944458,3.2939581871032715,2.8629941940307617
0.7403947114944458,3.2939581871032715,2.8629941940307617
0.7414177656173706,3.2944977283477783,2.8644919395446777
0.741553008556366,3.2936925888061523,2.864225149154663
0.7418953776359558,3.294480323791504,2.8650712966918945
0.7418953776359558,3.294480323791504,2.8650712966918945
0.7412539124488831,3.2954840660095215,2.8655149936676025
0.7419217824935913,3.296826124191284,2.8674631118774414
0.7422887086868286,3.296743392944336,2.867819309234619
0.7422887086868286,3.296743392944336,2.867819309234619
0.7416284680366516,3.2970471382141113,2.867349147796631
0.7416284680366516,3.2970471382141113,2.867349147796631
0.7411611676216125,3.2969563007354736,2.8666632175445557
0.7389308214187622,3.2989912033081055,2.86641001701355
0.7389308214187622,3.2989912033081055,2.86641001701355
0.7376797795295715,3.301229953765869,2.867882490158081
0.7370230555534363,3.3026602268218994,2.8684685230255127
0.7359586358070374,3.3030006885528564,2.8680148124694824
0.7359586358070374,3.3030006885528564,2.8680148124694824
0.7342386245727539,3.305446147918701,2.8684959411621094
0.7335963845252991,3.3071999549865723,2.8694262504577637
0.7324507832527161,3.3074629306793213,2.8692219257354736
0.7324507832527161,3.3074629306793213,2.8692219257354736
0.7318444848060608,3.308549165725708,2.8691020011901855
0.7311764359474182,3.309185743331909,2.8690240383148193
0.7311764359474182,3.309185743331909,2.8690240383148193
0.7282627820968628,3.310865879058838,2.8690435886383057
0.7282885909080505,3.3112332820892334,2.869295120239258
0.7294854521751404,3.309541702270508,2.8687167167663574
0.7294854521751404,3.309541702270508,2.8687167167663574
0.7303227782249451,3.307542562484741,2.8682706356048584
0.7303227782249451,3.307542562484741,2.8682706356048584
0.7277519702911377,3.309786081314087,2.8686063289642334
0.7277519702911377,3.309786081314087,2.8686063289642334
0.7271026968955994,3.308896780014038,2.8673813343048096
0.7251547574996948,3.308199405670166,2.865187168121338
0.7245866060256958,3.3089327812194824,2.865527391433716
0.7245866060256958,3.3089327812194824,2.865527391433716
0.7206493616104126,3.309649705886841,2.8647565841674805
0.7174314260482788,3.3104610443115234,2.8631677627563477
0.7174314260482788,3.3104610443115234,2.8631677627563477
0.71628737449646,3.3094441890716553,2.861131429672241
0.7155927419662476,3.310258626937866,2.860860824584961
0.7155927419662476,3.310258626937866,2.860860824584961
0.7136201858520508,3.311514139175415,2.8606793880462646
0.7134066224098206,3.311340808868408,2.860283851623535
0.7134066224098206,3.311340808868408,2.860283851623535
0.7129419445991516,3.311516761779785,2.859086036682129
0.71287602186203,3.3116369247436523,2.8588030338287354
0.7095043063163757,3.3150129318237305,2.859227180480957
0.7095043063163757,3.3150129318237305,2.859227180480957
0.7084842324256897,3.314671277999878,2.858480453491211
0.7073920965194702,3.31419038772583,2.8571436405181885
0.7070914506912231,3.314398765563965,2.8573193550109863
0.7070914506912231,3.314398765563965,2.8573193550109863
0.7049809694290161,3.3146963119506836,2.857710361480713
0.7049809694290161,3.3146963119506836,2.857710361480713
0.7038089036941528,3.3143632411956787,2.857541561126709
0.7004079222679138,3.3123583793640137,2.8545193672180176
0.6970678567886353,3.313398599624634,2.853907585144043
0.6963488459587097,3.314204454421997,2.854426860809326
0.6963488459587097,3.314204454421997,2.854426860809326
0.693998396396637,3.314183235168457,2.854017734527588
0.6953888535499573,3.312807321548462,2.8531899452209473
0.696958601474762,3.3123722076416016,2.8535783290863037
0.696958601474762,3.3123722076416016,2.8535783290863037
0.697270929813385,3.3126001358032227,2.853935956954956
0.6956836581230164,3.313171863555908,2.8536500930786133
0.6929046511650085,3.316267490386963,2.8545541763305664
0.6932868957519531,3.3154759407043457,2.8542776107788086
0.6932868957519531,3.3154759407043457,2.8542776107788086
0.690753698348999,3.3162143230438232,2.8532631397247314
0.690753698348999,3.3162143230438232,2.8532631397247314
0.6889631152153015,3.317999839782715,2.8539252281188965
0.6894251108169556,3.31650972366333,2.8531906604766846
0.6932967901229858,3.3157529830932617,2.853999137878418
0.6932967901229858,3.3157529830932617,2.853999137878418
0.6943717002868652,3.315570592880249,2.8540165424346924
0.6950885653495789,3.315526247024536,2.8542795181274414
0.6948774456977844,3.315760374069214,2.8550195693969727
0.6948774456977844,3.315760374069214,2.8550195693969727
0.6950206160545349,3.315453290939331,2.8556606769561768
0.6950206160545349,3.315453290939331,2.8556606769561768
0.6972970962524414,3.3138537406921387,2.856598377227783
0.6972970962524414,3.3138537406921387,2.856598377227783
0.6989884972572327,3.3133046627044678,2.8576056957244873
0.6989884972572327,3.3133046627044678,2.8576056957244873
0.6982845664024353,3.3138794898986816,2.8575940132141113
0.6976025700569153,3.3146398067474365,2.856865406036377
0.6979907751083374,3.3140804767608643,2.8561408519744873
0.6979907751083374,3.3140804767608643,2.8561408519744873
0.7001994252204895,3.314631700515747,2.8569447994232178
0.7015516757965088,3.31669282913208,2.858720064163208
0.7015516757965088,3.31669282913208,2.858720064163208
0.7012165784835815,3.3158936500549316,2.857252836227417
0.6995258331298828,3.316241979598999,2.8552634716033936
0.6974453330039978,3.31679368019104,2.853543996810913
0.695533812046051,3.317723274230957,2.854191541671753
0.6956632137298584,3.318535566329956,2.85471248626709
0.6956632137298584,3.318535566329956,2.85471248626709
0.697145402431488,3.316291570663452,2.853987693786621
0.697145402431488,3.316291570663452,2.853987693786621
0.6981847286224365,3.3149068355560303,2.8536977767944336
0.6974810361862183,3.313744306564331,2.8524155616760254
0.6924363970756531,3.3131699562072754,2.849708080291748
0.6878887414932251,3.3135862350463867,2.847604751586914
0.6878887414932251,3.3135862350463867,2.847604751586914
0.6751695871353149,3.3159232139587402,2.842881679534912
0.6751695871353149,3.3159232139587402,2.842881679534912
0.6640937328338623,3.3180696964263916,2.839860677719116
0.657704770565033,3.3176944255828857,2.8378548622131348
0.657704770565033,3.3176944255828857,2.8378548622131348
0.6532463431358337,3.317307472229004,2.8336405754089355
0.6532463431358337,3.317307472229004,2.8336405754089355
0.6548457741737366,3.31540846824646,2.833181142807007
0.6548457741737366,3.31540846824646,2.833181142807007
0.6572266221046448,3.31429386138916,2.8338241577148438
0.6551188826560974,3.3165581226348877,2.8354270458221436
0.6524752378463745,3.315887928009033,2.833594799041748
0.6524752378463745,3.315887928009033,2.833594799041748
0.6507382988929749,3.314922571182251,2.8314616680145264
0.6499419808387756,3.3144662380218506,2.8307111263275146
0.6490936279296875,3.3137717247009277,2.8301429748535156
0.6490936279296875,3.3137717247009277,2.8301429748535156
0.6494891047477722,3.3144943714141846,2.83027982711792
0.6484431624412537,3.3126466274261475,2.827357769012451
0.6484431624412537,3.3126466274261475,2.827357769012451
0.6464347839355469,3.3142576217651367,2.825996160507202
0.6447666883468628,3.315439462661743,2.825944423675537
0.6416491866111755,3.3134703636169434,2.8244218826293945
0.6410913467407227,3.313474655151367,2.8237462043762207
0.6410913467407227,3.313474655151367,2.8237462043762207
0.6402692794799805,3.3134536743164062,2.8227269649505615
0.6402692794799805,3.3134536743164062,2.8227269649505615
0.6399710774421692,3.3130922317504883,2.822046995162964
0.6400117874145508,3.3130249977111816,2.8226747512817383
0.6405444741249084,3.313009023666382,2.8229551315307617
0.6405542492866516,3.313291549682617,2.822960376739502
0.6405542492866516,3.313291549682617,2.822960376739502
0.6389631032943726,3.313755750656128,2.8226144313812256
0.6389631032943726,3.313755750656128,2.8226144313812256
0.6365999579429626,3.3136792182922363,2.821712017059326
0.6365999579429626,3.3136792182922363,2.821712017059326
0.6338458061218262,3.3156588077545166,2.822688579559326
0.6310680508613586,3.3147201538085938,2.8214609622955322
0.6310680508613586,3.3147201538085938,2.8214609622955322
0.6293706297874451,3.3160738945007324,2.821000099182129
0.6266648769378662,3.3173348903656006,2.821315288543701
0.6266648769378662,3.3173348903656006,2.821315288543701
0.6237080693244934,3.3197290897369385,2.8222427368164062
0.6237080693244934,3.3197290897369385,2.8222427368164062
0.6222257018089294,3.319326162338257,2.8224222660064697
0.6219562888145447,3.3209171295166016,2.823462963104248
0.6224948167800903,3.321594476699829,2.8244874477386475
0.6224948167800903,3.321594476699829,2.8244874477386475
0.6261959075927734,3.3222341537475586,2.8278589248657227
0.6342564225196838,3.320498466491699,2.830793857574463
0.6352068781852722,3.320051670074463,2.8310534954071045
0.6352068781852722,3.320051670074463,2.8310534954071045
0.6370629668235779,3.3185036182403564,2.83085298538208
0.6360704302787781,3.318601369857788,2.8308467864990234
0.6340845227241516,3.3200907707214355,2.8315141201019287
0.6340845227241516,3.3200907707214355,2.8315141201019287
0.6296099424362183,3.3216230869293213,2.8306875228881836
0.6296099424362183,3.3216230869293213,2.8306875228881836
0.6276618242263794,3.3229243755340576,2.831374168395996
0.6271249055862427,3.3242266178131104,2.8322205543518066
0.6262219548225403,3.3256030082702637,2.8338699340820312
0.6262219548225403,3.3256030082702637,2.8338699340820312
0.6246128678321838,3.3257408142089844,2.8334643840789795
0.6206461787223816,3.325748920440674,2.8317651748657227
0.6185483932495117,3.326005697250366,2.831108808517456
0.6185483932495117,3.326005697250366,2.831108808517456
0.615523099899292,3.32729434967041,2.829965114593506
0.6158174276351929,3.3272154331207275,2.8300180435180664
0.6159720420837402,3.3279802799224854,2.830704927444458
0.6153502464294434,3.3284807205200195,2.8308582305908203
0.6148560643196106,3.3283562660217285,2.8301308155059814
0.6148560643196106,3.3283562660217285,2.8301308155059814
0.6123113036155701,3.327819585800171,2.827342987060547
0.6110606789588928,3.329482316970825,2.8274343013763428
0.608227014541626,3.329923629760742,2.82621693611145
0.608227014541626,3.329923629760742,2.82621693611145
0.6056802272796631,3.330381155014038,2.824734926223755
0.6050111055374146,3.3312361240386963,2.824847936630249
0.6050111055374146,3.3312361240386963,2.824847936630249
0.6024966835975647,3.3318746089935303,2.824517011642456
0.5981641411781311,3.332256555557251,2.822533369064331
0.5981641411781311,3.332256555557251,2.822533369064331
0.5959208011627197,3.3310065269470215,2.82021427154541
0.5931460857391357,3.3308417797088623,2.8188443183898926
0.5931460857391357,3.3308417797088623,2.8188443183898926
0.5899226665496826,3.3312864303588867,2.8181583881378174
0.5895522832870483,3.330705165863037,2.817444324493408
0.5895522832870483,3.330705165863037,2.817444324493408
0.5901869535446167,3.3304603099823,2.8175806999206543
0.5912773013114929,3.3279740810394287,2.8171889781951904
0.5912773013114929,3.3279740810394287,2.8171889781951904
0.5904476046562195,3.3275651931762695,2.816378355026245
0.5885870456695557,3.3290276527404785,2.816899299621582
0.5885870456695557,3.3290276527404785,2.816899299621582
0.5885502099990845,3.328695297241211,2.8165905475616455
0.5899696946144104,3.3282527923583984,2.8167126178741455
0.5950582027435303,3.328266143798828,2.8188722133636475
0.5950582027435303,3.328266143798828,2.8188722133636475
0.6040238738059998,3.3253772258758545,2.8212337493896484
0.6040775179862976,3.3223443031311035,2.8187568187713623
0.5970826745033264,3.31892728805542,2.81115984916687
0.5894730687141418,3.319671392440796,2.8077332973480225
0.5894730687141418,3.319671392440796,2.8077332973480225
0.5789916515350342,3.322288990020752,2.80452036857605
0.5760143995285034,3.3226468563079834,2.8039028644561768
0.5760143995285034,3.3226468563079834,2.8039028644561768
0.5789856910705566,3.3198506832122803,2.802332639694214
0.5789856910705566,3.3198506832122803,2.802332639694214
0.5837771892547607,3.3198587894439697,2.8022382259368896
0.5867700576782227,3.320638418197632,2.8048152923583984
0.5877377390861511,3.3217735290527344,2.805926561355591
0.5877377390861511,3.3217735290527344,2.805926561355591
0.5875899791717529,3.320188283920288,2.8047091960906982
0.5875899791717529,3.320188283920288,2.8047091960906982
0.5886576771736145,3.321291208267212,2.806577444076538
0.5913071036338806,3.3196680545806885,2.8071534633636475
0.591352641582489,3.3189408779144287,2.806709051132202
0.58968186378479,3.3195159435272217,2.8065342903137207
0.58968186378479,3.3195159435272217,2.8065342903137207
0.5807232856750488,3.322866201400757,2.805307388305664
0.5727882981300354,3.3224868774414062,2.800863027572632
0.5727882981300354,3.3224868774414062,2.800863027572632
0.5710224509239197,3.328402042388916,2.8041725158691406
0.5728221535682678,3.327324390411377,2.806597948074341
0.5728221535682678,3.327324390411377,2.806597948074341
0.5785661935806274,3.32635235786438,2.808330535888672
0.5833401083946228,3.3265373706817627,2.8116142749786377
0.5833401083946228,3.3265373706817627,2.8116142749786377
0.5844505429267883,3.3285136222839355,2.8148953914642334
0.5851016044616699,3.3264598846435547,2.814876079559326
0.5851016044616699,3.3264598846435547,2.814876079559326
0.5866662263870239,3.324679374694824,2.81384539604187
0.5878348350524902,3.327234983444214,2.816066265106201
0.5886238217353821,3.327127695083618,2.8169844150543213
0.5886238217353821,3.327127695083618,2.8169844150543213
0.5895635485649109,3.3261730670928955,2.816852569580078
0.590793788433075,3.3242340087890625,2.815457582473755
0.590793788433075,3.3242340087890625,2.815457582473755
0.5903953313827515,3.3254761695861816,2.815065622329712
0.5903953313827515,3.3254761695861816,2.815065622329712
0.5878480672836304,3.3272836208343506,2.815001964569092
0.5847938060760498,3.3268327713012695,2.812427043914795
0.5845581293106079,3.3269033432006836,2.811603307723999
0.5838157534599304,3.327512741088867,2.8109817504882812
0.5838157534599304,3.327512741088867,2.8109817504882812
0.5824417471885681,3.329540967941284,2.811931610107422
0.5821245908737183,3.329233169555664,2.8114922046661377
0.5821245908737183,3.329233169555664,2.8114922046661377
0.5821203589439392,3.326573610305786,2.808446168899536
0.582988440990448,3.328263521194458,2.8089733123779297
0.5828686952590942,3.330185890197754,2.8101999759674072
0.5819555521011353,3.3297345638275146,2.8108198642730713
0.5785683393478394,3.329557418823242,2.8089792728424072
0.5756000876426697,3.3293046951293945,2.8070366382598877
0.5756000876426697,3.3293046951293945,2.8070366382598877
0.5706484913825989,3.331068515777588,2.8058862686157227
0.5691556930541992,3.331951856613159,2.8056387901306152
0.5667175650596619,3.3306541442871094,2.8040874004364014
0.5667175650596619,3.3306541442871094,2.8040874004364014
0.56803959608078,3.3304362297058105,2.803598403930664
0.569517970085144,3.3299810886383057,2.804094076156616
0.5694542527198792,3.329333782196045,2.803839683532715
0.5694542527198792,3.329333782196045,2.803839683532715
0.5644739866256714,3.3299875259399414,2.802805185317993
0.5644739866256714,3.3299875259399414,2.802805185317993
0.5579379200935364,3.329691171646118,2.7992916107177734
0.5570239424705505,3.329209804534912,2.7984957695007324
0.5570239424705505,3.329209804534912,2.7984957695007324
0.5557371377944946,3.3297083377838135,2.799384832382202
0.5562131404876709,3.330143690109253,2.8001577854156494
0.5580329895019531,3.3290531635284424,2.802107572555542
0.559592604637146,3.3289072513580322,2.80305814743042
0.559592604637146,3.3289072513580322,2.80305814743042
0.5578163862228394,3.328876495361328,2.802206039428711
0.5578163862228394,3.328876495361328,2.802206039428711
0.5569533109664917,3.329360008239746,2.8021671772003174
0.5569881796836853,3.3297975063323975,2.8017446994781494
0.5569881796836853,3.3297975063323975,2.8017446994781494
0.5563365817070007,3.3301939964294434,2.801743745803833
0.5528417229652405,3.330749750137329,2.8007094860076904
0.5528417229652405,3.330749750137329,2.8007094860076904
0.5509100556373596,3.331016778945923,2.799837112426758
0.5515056848526001,3.3306875228881836,2.800109624862671
0.5515056848526001,3.3306875228881836,2.800109624862671
0.5544832348823547,3.3285882472991943,2.7995715141296387
0.5551009178161621,3.328580617904663,2.7995498180389404
0.5558269023895264,3.330063819885254,2.8010754585266113
0.5558269023895264,3.330063819885254,2.8010754585266113
0.5576193332672119,3.329620361328125,2.8026010990142822
0.5574537515640259,3.3276567459106445,2.800769329071045
0.5566316843032837,3.327524185180664,2.8001160621643066
0.5566316843032837,3.327524185180664,2.8001160621643066
0.5532858371734619,3.329258441925049,2.800184488296509
0.5506492853164673,3.3295083045959473,2.7997541427612305
0.5504838824272156,3.329620838165283,2.799421787261963
0.5504838824272156,3.329620838165283,2.799421787261963
0.5506566762924194,3.329904556274414,2.7994613647460938
0.545972466468811,3.330591917037964,2.798912286758423
0.5440629124641418,3.3313043117523193,2.7985782623291016
0.5400084257125854,3.3331336975097656,2.798584461212158
0.5400084257125854,3.3331336975097656,2.798584461212158
0.5344725251197815,3.3354291915893555,2.796971321105957
0.5323068499565125,3.335987091064453,2.7962467670440674
0.5323068499565125,3.335987091064453,2.7962467670440674
0.5328966379165649,3.3376822471618652,2.797362804412842
0.5345649719238281,3.337331533432007,2.798583984375
0.5345649719238281,3.337331533432007,2.798583984375
0.5357412099838257,3.3362889289855957,2.7988040447235107
0.5357412099838257,3.3362889289855957,2.7988040447235107
0.5362579822540283,3.3378543853759766,2.7988219261169434
0.5344021916389465,3.3399336338043213,2.7995197772979736
0.5344021916389465,3.3399336338043213,2.7995197772979736
0.5345727205276489,3.341000556945801,2.800117015838623
0.5343044400215149,3.3406624794006348,2.79946231842041
0.5313253998756409,3.3415679931640625,2.797785758972168
0.5293279886245728,3.3422369956970215,2.79718279838562
0.5293279886245728,3.3422369956970215,2.79718279838562
0.5258375406265259,3.3447749614715576,2.796251058578491
0.5257402062416077,3.3445472717285156,2.7946815490722656
0.5257402062416077,3.3445472717285156,2.7946815490722656
0.5262015461921692,3.3442893028259277,2.79369854927063
0.5274473428726196,3.3457417488098145,2.794954776763916
0.5274473428726196,3.3457417488098145,2.794954776763916
0.5265446901321411,3.3449928760528564,2.794318675994873
0.5247883200645447,3.344984769821167,2.792898654937744
0.5233809947967529,3.3450567722320557,2.791863441467285
0.5233809947967529,3.3450567722320557,2.791863441467285
0.5184592604637146,3.344846248626709,2.7903192043304443
0.5184592604637146,3.344846248626709,2.7903192043304443
0.5155414342880249,3.3454842567443848,2.7904021739959717
0.5155414342880249,3.3454842567443848,2.7904021739959717
0.51567143201828,3.3443210124969482,2.7900891304016113
0.5141025185585022,3.3440020084381104,2.789874792098999
0.5117629170417786,3.3444159030914307,2.7896971702575684
0.5117629170417786,3.3444159030914307,2.7896971702575684
0.5076629519462585,3.345806121826172,2.789825439453125
0.5063405632972717,3.345128059387207,2.7889091968536377
0.5063405632972717,3.345128059387207,2.7889091968536377
0.5050028562545776,3.3441336154937744,2.787813186645508
0.5030796527862549,3.3461720943450928,2.78924560546875
0.5023409128189087,3.3468644618988037,2.789679765701294
0.5023409128189087,3.3468644618988037,2.789679765701294
0.5011864900588989,3.345165252685547,2.7888169288635254
0.5000772476196289,3.3445065021514893,2.787838935852051
0.5000772476196289,3.3445065021514893,2.787838935852051
0.498973548412323,3.3464412689208984,2.7877328395843506
0.498973548412323,3.3464412689208984,2.7877328395843506
0.4989619553089142,3.3471858501434326,2.787773847579956
0.4996819794178009,3.34735107421875,2.7876904010772705
0.4996819794178009,3.34735107421875,2.7876904010772705
0.49898532032966614,3.3473331928253174,2.787278652191162
0.49655452370643616,3.3466553688049316,2.7853901386260986
0.49655452370643616,3.3466553688049316,2.7853901386260986
0.4959511160850525,3.3479647636413574,2.7851314544677734
0.4952482581138611,3.3468871116638184,2.783452033996582
0.4952482581138611,3.3468871116638184,2.783452033996582
0.4944745898246765,3.3459115028381348,2.7821717262268066
0.491659939289093,3.348407030105591,2.783008575439453
0.491659939289093,3.348407030105591,2.783008575439453
0.4899613559246063,3.3479385375976562,2.782755136489868
0.4876060485839844,3.348374605178833,2.781832218170166
0.4876060485839844,3.348374605178833,2.781832218170166
0.4846613109111786,3.3488528728485107,2.780383348464966
0.4830795228481293,3.3502306938171387,2.7813186645507812
0.48386630415916443,3.350074052810669,2.7816858291625977
0.48386630415916443,3.350074052810669,2.7816858291625977
0.48606008291244507,3.3488662242889404,2.782083034515381
0.48627012968063354,3.3492374420166016,2.7826173305511475
0.48627012968063354,3.3492374420166016,2.7826173305511475
0.4858710467815399,3.350534200668335,2.7842845916748047
0.48578882217407227,3.3489294052124023,2.7838847637176514
0.4860535264015198,3.350327968597412,2.784404754638672
0.4860535264015198,3.350327968597412,2.784404754638672
0.4875057339668274,3.350870132446289,2.7857625484466553
0.4875057339668274,3.350870132446289,2.7857625484466553
0.48984187841415405,3.3497636318206787,2.786085844039917
0.49098870158195496,3.350482702255249,2.7869975566864014
0.4915527403354645,3.3518362045288086,2.7888076305389404
0.4915527403354645,3.3518362045288086,2.7888076305389404
0.4915750324726105,3.352368116378784,2.7894034385681152
0.4915750324726105,3.352368116378784,2.7894034385681152
0.49257269501686096,3.3529419898986816,2.789228916168213
0.4926857054233551,3.3535521030426025,2.789304256439209
0.4945227801799774,3.3537025451660156,2.789752960205078
0.4950235188007355,3.354656219482422,2.790536642074585
0.4950235188007355,3.354656219482422,2.790536642074585
0.4959031939506531,3.355705976486206,2.791376829147339
0.4933333098888397,3.3566527366638184,2.7907145023345947
0.4933333098888397,3.3566527366638184,2.7907145023345947
0.4908090829849243,3.3563921451568604,2.789973258972168
0.489442378282547,3.356494426727295,2.789155960083008
0.4873502552509308,3.3595335483551025,2.788982629776001
0.4873502552509308,3.3595335483551025,2.788982629776001
0.48604997992515564,3.3596417903900146,2.7881827354431152
0.48585718870162964,3.358776092529297,2.787036895751953
0.48585718870162964,3.358776092529297,2.787036895751953
0.4854269027709961,3.3600454330444336,2.787717342376709
0.48303166031837463,3.360273599624634,2.787621021270752
0.4815303385257721,3.3611607551574707,2.7879068851470947
0.4815303385257721,3.3611607551574707,2.7879068851470947
0.4805457890033722,3.3600664138793945,2.786757469177246
0.4805457890033722,3.3600664138793945,2.786757469177246
0.4774457514286041,3.3607897758483887,2.7862186431884766
0.4750101566314697,3.3617265224456787,2.785893440246582
0.4702467620372772,3.3618381023406982,2.78429913520813
0.4702467620372772,3.3618381023406982,2.78429913520813
0.46806004643440247,3.361954927444458,2.7837822437286377
0.46875518560409546,3.3617849349975586,2.7841455936431885
0.46846282482147217,3.3620107173919678,2.7846920490264893
0.47078371047973633,3.360872268676758,2.784147262573242
0.47037774324417114,3.3614556789398193,2.7841382026672363
0.470893532037735,3.3620107173919678,2.7850053310394287
0.470893532037735,3.3620107173919678,2.7850053310394287
0.4693160057067871,3.3614344596862793,2.7838523387908936
0.4693160057067871,3.3614344596862793,2.7838523387908936
0.4673069715499878,3.3614423274993896,2.782618284225464
0.46744808554649353,3.361295223236084,2.7828283309936523
0.46781325340270996,3.3610141277313232,2.7828967571258545
0.46640652418136597,3.3614940643310547,2.7827038764953613
0.4646207392215729,3.361043691635132,2.7818520069122314
0.4646207392215729,3.361043691635132,2.7818520069122314
0.4627200663089752,3.361222267150879,2.7809510231018066
0.46224626898765564,3.362260580062866,2.780893087387085
0.46224626898765564,3.362260580062866,2.780893087387085
0.4622509777545929,3.3620851039886475,2.7819175720214844
0.4622509777545929,3.3620851039886475,2.7819175720214844
0.46122562885284424,3.3616676330566406,2.782273530960083
0.4608031213283539,3.3611886501312256,2.780956506729126
0.45905792713165283,3.361614227294922,2.7803080081939697
0.4586515426635742,3.362779140472412,2.780797004699707
0.4586515426635742,3.362779140472412,2.780797004699707
0.45849236845970154,3.3644299507141113,2.7823565006256104
0.45849236845970154,3.3644299507141113,2.7823565006256104
0.4592171907424927,3.361872434616089,2.781113624572754
0.4600127935409546,3.361307144165039,2.78041672706604
0.45712482929229736,3.3643290996551514,2.7812392711639404
0.45712482929229736,3.3643290996551514,2.7812392711639404
0.45481669902801514,3.363460063934326,2.780143976211548
0.45481669902801514,3.363460063934326,2.780143976211548
0.45531144738197327,3.3632776737213135,2.7785887718200684
0.45531144738197327,3.3632776737213135,2.7785887718200684
0.46009671688079834,3.362807512283325,2.780909776687622
0.46235841512680054,3.3632850646972656,2.7819647789001465
0.46235841512680054,3.3632850646972656,2.7819647789001465
0.4620612561702728,3.3628909587860107,2.781083822250366
0.4613789916038513,3.362177610397339,2.7809412479400635
0.46113407611846924,3.3624489307403564,2.781515121459961
0.46113407611846924,3.3624489307403564,2.781515121459961
0.4613075256347656,3.36155366897583,2.781026601791382
0.4618387818336487,3.3623645305633545,2.781588315963745
0.46338072419166565,3.364509105682373,2.784005880355835
0.46338072419166565,3.364509105682373,2.784005880355835
0.4641561508178711,3.363511085510254,2.7836873531341553
0.46574679017066956,3.3642749786376953,2.784031391143799
0.46538397669792175,3.366417646408081,2.785414457321167
0.46538397669792175,3.366417646408081,2.785414457321167
0.46619588136672974,3.366920232772827,2.786470651626587
0.46619588136672974,3.366920232772827,2.786470651626587
0.46657872200012207,3.3664519786834717,2.7863423824310303
0.46833112835884094,3.3652830123901367,2.7861344814300537
0.46833112835884094,3.3652830123901367,2.7861344814300537
0.4679325819015503,3.3663740158081055,2.7868008613586426
0.4679325819015503,3.3663740158081055,2.7868008613586426
0.4677068889141083,3.3661177158355713,2.7874436378479004
0.4677068889141083,3.3661177158355713,2.7874436378479004
0.4683648645877838,3.365172863006592,2.787750482559204
0.4679710865020752,3.3651649951934814,2.7876334190368652
0.4645400941371918,3.366652488708496,2.786989212036133
0.46103477478027344,3.368565559387207,2.7868356704711914
0.46103477478027344,3.368565559387207,2.7868356704711914
0.4558541178703308,3.368849515914917,2.7841391563415527
0.4539012610912323,3.3690459728240967,2.7829208374023438
0.45207250118255615,3.3697550296783447,2.7823421955108643
0.45207250118255615,3.3697550296783447,2.7823421955108643
0.44825682044029236,3.3718361854553223,2.7818734645843506
0.4465753734111786,3.369703769683838,2.779916286468506
0.4465753734111786,3.369703769683838,2.779916286468506
0.4446997046470642,3.368482828140259,2.7782089710235596
0.44476208090782166,3.36749267578125,2.7774083614349365
0.44476208090782166,3.36749267578125,2.7774083614349365
0.44385355710983276,3.367410182952881,2.7774906158447266
0.44385355710983276,3.367410182952881,2.7774906158447266
0.4438837468624115,3.36650013923645,2.7777416706085205
0.4438837468624115,3.36650013923645,2.7777416706085205
0.4436909258365631,3.366708755493164,2.7779183387756348
0.44575461745262146,3.366407632827759,2.7782647609710693
0.44575461745262146,3.366407632827759,2.7782647609710693
0.44347861409187317,3.369187116622925,2.778414249420166
0.44347861409187317,3.369187116622925,2.778414249420166
0.4404752850532532,3.3676397800445557,2.7754878997802734
0.43911269307136536,3.3675599098205566,2.7746315002441406
0.4378022253513336,3.3686227798461914,2.774738311767578
0.43570372462272644,3.368983268737793,2.7745821475982666
0.43570372462272644,3.368983268737793,2.7745821475982666
0.4359836280345917,3.3687756061553955,2.7744874954223633
0.4359836280345917,3.3687756061553955,2.7744874954223633
0.4369406998157501,3.3669350147247314,2.773385524749756
0.43558651208877563,3.367441177368164,2.773279905319214
0.433772474527359,3.3676111698150635,2.7730839252471924
0.43273013830184937,3.3676681518554688,2.7730162143707275
0.43273013830184937,3.3676681518554688,2.7730162143707275
0.4329299330711365,3.3670125007629395,2.7722458839416504
0.43418094515800476,3.3661763668060303,2.772027015686035
0.43418094515800476,3.3661763668060303,2.772027015686035
0.4344571530818939,3.3669376373291016,2.772763252258301
0.4344571530818939,3.3669376373291016,2.772763252258301
0.43029874563217163,3.3691811561584473,2.772552728652954
0.42719098925590515,3.370313882827759,2.7720110416412354
0.4252941906452179,3.3689804077148438,2.770118236541748
0.4211086332798004,3.3683722019195557,2.7677853107452393
0.4211086332798004,3.3683722019195557,2.7677853107452393
0.420354962348938,3.369018077850342,2.768143653869629
0.420354962348938,3.369018077850342,2.768143653869629
0.42169687151908875,3.3687989711761475,2.7687788009643555
0.4246751666069031,3.3674402236938477,2.76816463470459
0.4246751666069031,3.3674402236938477,2.76816463470459
0.42619019746780396,3.3673086166381836,2.76901912689209
0.42619019746780396,3.3673086166381836,2.76901912689209
0.4269118309020996,3.3683764934539795,2.7705376148223877
0.4253278374671936,3.3678414821624756,2.770439624786377
0.4253278374671936,3.3678414821624756,2.770439624786377
0.4248611629009247,3.3673977851867676,2.7702012062072754
0.4248611629009247,3.3673977851867676,2.7702012062072754
0.4237827658653259,3.366971015930176,2.7702786922454834
0.42371222376823425,3.3677186965942383,2.7710201740264893
0.4244168698787689,3.367842435836792,2.771533250808716
0.42464280128479004,3.3674325942993164,2.771118402481079
0.42464280128479004,3.3674325942993164,2.771118402481079
0.4270797371864319,3.3666818141937256,2.7715954780578613
0.4270797371864319,3.3666818141937256,2.7715954780578613
0.4278968572616577,3.369540214538574,2.774921178817749
0.4288274347782135,3.3691165447235107,2.7749338150024414
0.4288274347782135,3.3691165447235107,2.7749338150024414
0.42999377846717834,3.367720365524292,2.773787498474121
0.43069949746131897,3.368046283721924,2.7735819816589355
0.4306137263774872,3.3689792156219482,2.774648666381836
0.4302421510219574,3.3699917793273926,2.7752811908721924
0.4302421510219574,3.3699917793273926,2.7752811908721924
0.42983779311180115,3.3695545196533203,2.7751476764678955
0.42983779311180115,3.3695545196533203,2.7751476764678955
0.43110883235931396,3.3698039054870605,2.7761569023132324
0.43110883235931396,3.3698039054870605,2.7761569023132324
0.4313693940639496,3.370262861251831,2.776857614517212
0.4313693940639496,3.370262861251831,2.776857614517212
0.4307417869567871,3.3709118366241455,2.776733160018921
0.42902690172195435,3.3702104091644287,2.7741353511810303
0.42830896377563477,3.3717029094696045,2.7741453647613525
0.42830896377563477,3.3717029094696045,2.7741453647613525
0.42587918043136597,3.374574661254883,2.775015115737915
0.4246803820133209,3.3741095066070557,2.7745909690856934
0.42473462224006653,3.373918056488037,2.7739980220794678
0.4245234727859497,3.3735084533691406,2.7729010581970215
0.42341986298561096,3.373934507369995,2.7725095748901367
0.42341986298561096,3.373934507369995,2.7725095748901367
0.4212370216846466,3.3747615814208984,2.7719969749450684
0.41902047395706177,3.3748533725738525,2.771998167037964
0.4147452712059021,3.375555992126465,2.771296739578247
0.41107746958732605,3.375882625579834,2.7703309059143066
0.41107746958732605,3.375882625579834,2.7703309059143066
0.4078799784183502,3.376455068588257,2.7708520889282227
0.4078799784183502,3.376455068588257,2.7708520889282227
0.4065568447113037,3.375711441040039,2.7696492671966553
0.4065568447113037,3.375711441040039,2.7696492671966553
0.4062170386314392,3.375295877456665,2.7685000896453857
0.4062170386314392,3.375295877456665,2.7685000896453857
0.40719369053840637,3.3764662742614746,2.7699766159057617
0.40511375665664673,3.3772780895233154,2.769951581954956
0.40421178936958313,3.3766040802001953,2.7689521312713623
0.40275317430496216,3.375805616378784,2.7675795555114746
0.40275317430496216,3.375805616378784,2.7675795555114746
0.4017835855484009,3.376434564590454,2.766648054122925
0.3992162346839905,3.3761279582977295,2.7655820846557617
0.3992162346839905,3.3761279582977295,2.7655820846557617
0.3983081877231598,3.3763206005096436,2.7652738094329834
0.3987870514392853,3.3736960887908936,2.7642760276794434
0.398777574300766,3.3736228942871094,2.7643051147460938
0.398777574300766,3.3736228942871094,2.7643051147460938
0.3983975946903229,3.3726634979248047,2.763730525970459
0.39620935916900635,3.3734829425811768,2.763646364212036
0.39620935916900635,3.3734829425811768,2.763646364212036
0.3952183425426483,3.3736610412597656,2.7634801864624023
0.3952183425426483,3.3736610412597656,2.7634801864624023
0.39466363191604614,3.372776985168457,2.7623019218444824
0.39480698108673096,3.374864339828491,2.76354718208313
0.39480698108673096,3.374864339828491,2.76354718208313
0.39309030771255493,3.37506103515625,2.763420581817627
0.3905620574951172,3.3760931491851807,2.762989044189453
0.3905620574951172,3.3760931491851807,2.762989044189453
0.3900713324546814,3.375562906265259,2.7624645233154297
0.391453355550766,3.3758809566497803,2.7628045082092285
0.3923719823360443,3.37595796585083,2.763058662414551
0.3945290148258209,3.375369071960449,2.7631571292877197
0.3945290148258209,3.375369071960449,2.7631571292877197
0.3935968577861786,3.376882553100586,2.7628402709960938
0.3935968577861786,3.376882553100586,2.7628402709960938
0.3896285593509674,3.3788037300109863,2.7630951404571533
0.38951024413108826,3.3784677982330322,2.762869358062744
0.3893716633319855,3.3791515827178955,2.7635326385498047
0.3893716633319855,3.3791515827178955,2.7635326385498047
0.3936729431152344,3.379678249359131,2.765496253967285
0.3948817551136017,3.3788657188415527,2.7647838592529297
0.3948817551136017,3.3788657188415527,2.7647838592529297
0.3981401026248932,3.3795883655548096,2.765782594680786
0.3981401026248932,3.3795883655548096,2.765782594680786
0.3956405222415924,3.3801794052124023,2.7663843631744385
0.394987016916275,3.3807625770568848,2.7664339542388916
0.39330413937568665,3.3807806968688965,2.7665927410125732
0.3937757909297943,3.3807640075683594,2.766583204269409
0.39348912239074707,3.3818047046661377,2.7669124603271484
0.39348912239074707,3.3818047046661377,2.7669124603271484
0.3954858183860779,3.3815524578094482,2.7684683799743652
0.39787548780441284,3.381631374359131,2.769881010055542
0.3988628089427948,3.3814096450805664,2.7704977989196777
0.3988628089427948,3.3814096450805664,2.7704977989196777
0.3998683989048004,3.381510019302368,2.7710955142974854
0.39917072653770447,3.3817007541656494,2.770630121231079
0.39917072653770447,3.3817007541656494,2.770630121231079
0.39901629090309143,3.3824985027313232,2.7710611820220947
0.3983508348464966,3.383336305618286,2.7719240188598633
0.39865630865097046,3.3818154335021973,2.7708842754364014
0.3981090784072876,3.3814616203308105,2.770082712173462
0.3981090784072876,3.3814616203308105,2.770082712173462
0.39734283089637756,3.3839454650878906,2.7716574668884277
0.39552944898605347,3.3836259841918945,2.771735429763794
0.39552944898605347,3.3836259841918945,2.771735429763794
0.3948785364627838,3.382589340209961,2.7709641456604004
0.393885999917984,3.382171630859375,2.76991868019104
0.393885999917984,3.382171630859375,2.76991868019104
0.39219775795936584,3.3828163146972656,2.7692251205444336
0.39219775795936584,3.3828163146972656,2.7692251205444336
0.38948264718055725,3.3825936317443848,2.7686378955841064
0.3866695165634155,3.382878303527832,2.7679636478424072
0.3866695165634155,3.382878303527832,2.7679636478424072
0.3860012888908386,3.3836240768432617,2.7680704593658447
0.3840714693069458,3.383174180984497,2.7674636840820312
0.3840714693069458,3.383174180984497,2.7674636840820312
0.38331225514411926,3.3837852478027344,2.7674190998077393
0.38369283080101013,3.383335590362549,2.7664215564727783
0.38369283080101013,3.383335590362549,2.7664215564727783
0.3834663927555084,3.3829333782196045,2.765653371810913
0.38243332505226135,3.3845138549804688,2.7662839889526367
0.38243332505226135,3.3845138549804688,2.7662839889526367
0.3810735046863556,3.3842639923095703,2.765989065170288
0.37920665740966797,3.384951114654541,2.765310525894165
0.37920665740966797,3.384951114654541,2.765310525894165
0.3754475712776184,3.3883848190307617,2.764878273010254
0.37796640396118164,3.3862924575805664,2.763462781906128
0.381540447473526,3.385281562805176,2.7619469165802
0.3653905391693115,3.3918492794036865,2.7588768005371094
0.3653905391693115,3.3918492794036865,2.7588768005371094
