x,y,z
2.2446610927581787,2.9523870944976807,2.904935836791992
2.2477078437805176,2.955042600631714,2.9035215377807617
2.2477078437805176,2.955042600631714,2.9035215377807617
2.2470929622650146,2.9545516967773438,2.9019346237182617
2.2442543506622314,2.954798936843872,2.9022302627563477
2.2442543506622314,2.954798936843872,2.9022302627563477
2.242013692855835,2.959237813949585,2.9051566123962402
2.242013692855835,2.959237813949585,2.9051566123962402
2.2466986179351807,2.9613993167877197,2.901651382446289
2.250333786010742,2.9651947021484375,2.8994498252868652
2.250333786010742,2.9651947021484375,2.8994498252868652
2.255801200866699,2.9685463905334473,2.895768165588379
2.255801200866699,2.9685463905334473,2.895768165588379
2.254000663757324,2.973874568939209,2.9001102447509766
2.2516722679138184,2.973994731903076,2.902226686477661
2.2516722679138184,2.973994731903076,2.902226686477661
2.248732089996338,2.9718852043151855,2.9038126468658447
2.248732089996338,2.9718852043151855,2.9038126468658447
2.2510664463043213,2.9715209007263184,2.901390314102173
2.2544403076171875,2.9733989238739014,2.8991916179656982
2.2544403076171875,2.9733989238739014,2.8991916179656982
2.2596993446350098,2.9766998291015625,2.897021532058716
2.2596993446350098,2.9766998291015625,2.897021532058716
2.2586588859558105,2.9768972396850586,2.8978304862976074
2.254208564758301,2.976325511932373,2.900700569152832
2.254208564758301,2.976325511932373,2.900700569152832
2.247673988342285,2.9742624759674072,2.903862714767456
2.247673988342285,2.9742624759674072,2.903862714767456
2.2485365867614746,2.9723753929138184,2.901768445968628
2.2539820671081543,2.971914052963257,2.897200107574463
2.2539820671081543,2.971914052963257,2.897200107574463
2.2581939697265625,2.9727461338043213,2.894787311553955
2.2581939697265625,2.9727461338043213,2.894787311553955
2.2566986083984375,2.970292568206787,2.8938708305358887
2.2566232681274414,2.9691293239593506,2.8942856788635254
2.2566232681274414,2.9691293239593506,2.8942856788635254
2.244825601577759,2.9652178287506104,2.899451971054077
2.244825601577759,2.9652178287506104,2.899451971054077
2.247579574584961,2.9678268432617188,2.900066375732422
2.247579574584961,2.9678268432617188,2.900066375732422
2.2474722862243652,2.966740369796753,2.898334503173828
2.2513198852539062,2.9665145874023438,2.8963205814361572
2.2513198852539062,2.9665145874023438,2.8963205814361572
2.2565155029296875,2.9674134254455566,2.8934969902038574
2.2543530464172363,2.967503070831299,2.8948400020599365
2.2543530464172363,2.967503070831299,2.8948400020599365
2.255481719970703,2.964611291885376,2.892302989959717
2.255481719970703,2.964611291885376,2.892302989959717
2.2567501068115234,2.962862491607666,2.8910984992980957
2.2567501068115234,2.962862491607666,2.8910984992980957
2.258042812347412,2.963512659072876,2.89088773727417
2.257350206375122,2.964448928833008,2.892376184463501
2.257350206375122,2.964448928833008,2.892376184463501
2.25815749168396,2.9646942615509033,2.89125394821167
2.2570786476135254,2.961648464202881,2.889540433883667
2.2570786476135254,2.961648464202881,2.889540433883667
2.259474992752075,2.961042642593384,2.888599157333374
2.259474992752075,2.961042642593384,2.888599157333374
2.2568066120147705,2.9609477519989014,2.8900742530822754
2.2568066120147705,2.9609477519989014,2.8900742530822754
2.258580446243286,2.960548162460327,2.8890092372894287
2.257309675216675,2.958383321762085,2.888096332550049
2.257309675216675,2.958383321762085,2.888096332550049
2.2569446563720703,2.956364154815674,2.8860557079315186
2.258739709854126,2.9575023651123047,2.8850176334381104
2.258739709854126,2.9575023651123047,2.8850176334381104
2.2569379806518555,2.955531120300293,2.883993148803711
2.2569379806518555,2.955531120300293,2.883993148803711
2.258890151977539,2.9538486003875732,2.8824143409729004
2.2563984394073486,2.953139305114746,2.883366584777832
2.2563984394073486,2.953139305114746,2.883366584777832
2.256866455078125,2.955927848815918,2.884230375289917
2.256866455078125,2.955927848815918,2.884230375289917
2.257988691329956,2.9554872512817383,2.8831512928009033
2.2628660202026367,2.956958293914795,2.8800041675567627
2.2628660202026367,2.956958293914795,2.8800041675567627
2.262187957763672,2.9570887088775635,2.8798727989196777
2.262187957763672,2.9570887088775635,2.8798727989196777
2.2656805515289307,2.9569969177246094,2.877737045288086
2.2656805515289307,2.9569969177246094,2.877737045288086
2.2652523517608643,2.95644474029541,2.877235174179077
2.263881206512451,2.9573307037353516,2.8773722648620605
2.263881206512451,2.9573307037353516,2.8773722648620605
2.261701822280884,2.957033395767212,2.877594470977783
2.261701822280884,2.957033395767212,2.877594470977783
2.264268159866333,2.955406665802002,2.8756515979766846
2.266432285308838,2.9535889625549316,2.8727118968963623
2.266432285308838,2.9535889625549316,2.8727118968963623
2.2689242362976074,2.9551174640655518,2.871486186981201
2.2698280811309814,2.9547979831695557,2.87060809135437
2.2698280811309814,2.9547979831695557,2.87060809135437
2.271374464035034,2.9548535346984863,2.8698790073394775
2.271374464035034,2.9548535346984863,2.8698790073394775
2.2725918292999268,2.9525976181030273,2.867800235748291
2.2768056392669678,2.9526336193084717,2.865182876586914
2.2768056392669678,2.9526336193084717,2.865182876586914
2.282935380935669,2.9554007053375244,2.8622782230377197
2.282935380935669,2.9554007053375244,2.8622782230377197
2.2861626148223877,2.9579429626464844,2.86087965965271
2.2878994941711426,2.954690933227539,2.8556888103485107
2.2878994941711426,2.954690933227539,2.8556888103485107
2.2896032333374023,2.9563851356506348,2.856276273727417
2.2896032333374023,2.9563851356506348,2.856276273727417
2.2908949851989746,2.955808162689209,2.854173183441162
2.288623809814453,2.954993724822998,2.854262113571167
2.288623809814453,2.954993724822998,2.854262113571167
2.290830135345459,2.9571502208709717,2.853024482727051
2.290830135345459,2.9571502208709717,2.853024482727051
2.289579391479492,2.9570674896240234,2.8528316020965576
2.289579391479492,2.9570674896240234,2.8528316020965576
2.2919931411743164,2.9587738513946533,2.851550817489624
2.293379783630371,2.9602105617523193,2.8512825965881348
2.293379783630371,2.9602105617523193,2.8512825965881348
2.294403553009033,2.959541082382202,2.8500523567199707
2.294403553009033,2.959541082382202,2.8500523567199707
2.2940125465393066,2.957850694656372,2.848912239074707
2.2957208156585693,2.9594027996063232,2.8493475914001465
2.2957208156585693,2.9594027996063232,2.8493475914001465
2.2953011989593506,2.959345579147339,2.8488593101501465
2.2937726974487305,2.9583563804626465,2.849168300628662
2.2937726974487305,2.9583563804626465,2.849168300628662
2.294480323791504,2.9585583209991455,2.849055528640747
2.294480323791504,2.9585583209991455,2.849055528640747
2.2928411960601807,2.9580256938934326,2.8497440814971924
2.2906837463378906,2.9574086666107178,2.85136342048645
2.2906837463378906,2.9574086666107178,2.85136342048645
2.288487672805786,2.9562158584594727,2.8525407314300537
2.288487672805786,2.9562158584594727,2.8525407314300537
2.2872650623321533,2.9559977054595947,2.8539414405822754
2.2857372760772705,2.9566187858581543,2.8562569618225098
2.2857372760772705,2.9566187858581543,2.8562569618225098
2.284773826599121,2.9569287300109863,2.857496976852417
2.284773826599121,2.9569287300109863,2.857496976852417
2.282512664794922,2.9535279273986816,2.856326103210449
2.2804648876190186,2.9511983394622803,2.856856346130371
2.2804648876190186,2.9511983394622803,2.856856346130371
2.28019642829895,2.951127052307129,2.856765031814575
2.28019642829895,2.951127052307129,2.856765031814575
2.2803454399108887,2.951673984527588,2.8556861877441406
2.2803454399108887,2.951673984527588,2.8556861877441406
2.2803447246551514,2.95236873626709,2.8556816577911377
2.2808520793914795,2.953711748123169,2.855117082595825
2.2808520793914795,2.953711748123169,2.855117082595825
2.2827630043029785,2.9553136825561523,2.8538944721221924
2.2827630043029785,2.9553136825561523,2.8538944721221924
2.2843127250671387,2.958214521408081,2.851097822189331
2.280229330062866,2.9574122428894043,2.8523147106170654
2.280229330062866,2.9574122428894043,2.8523147106170654
2.2798898220062256,2.958653211593628,2.852977752685547
2.2798898220062256,2.958653211593628,2.852977752685547
2.2830634117126465,2.959629774093628,2.8519623279571533
2.284050941467285,2.961376428604126,2.8519504070281982
2.284050941467285,2.961376428604126,2.8519504070281982
2.285229444503784,2.962043285369873,2.8518121242523193
2.285229444503784,2.962043285369873,2.8518121242523193
2.28419828414917,2.9616169929504395,2.8529410362243652
2.28503155708313,2.9627997875213623,2.8541274070739746
2.28503155708313,2.9627997875213623,2.8541274070739746
2.2874155044555664,2.9633116722106934,2.8524887561798096
2.2874155044555664,2.9633116722106934,2.8524887561798096
2.287517547607422,2.960659980773926,2.8495752811431885
2.2878522872924805,2.9607954025268555,2.8479814529418945
2.2878522872924805,2.9607954025268555,2.8479814529418945
2.2854251861572266,2.960008144378662,2.8487133979797363
2.2854251861572266,2.960008144378662,2.8487133979797363
2.286818027496338,2.9596762657165527,2.846713066101074
2.2886581420898438,2.9625656604766846,2.845750331878662
2.2886581420898438,2.9625656604766846,2.845750331878662
2.288508176803589,2.963918924331665,2.845822334289551
2.287567377090454,2.962822198867798,2.8460886478424072
2.287567377090454,2.962822198867798,2.8460886478424072
2.287566661834717,2.961413621902466,2.844245195388794
2.287566661834717,2.961413621902466,2.844245195388794
2.2881367206573486,2.9620602130889893,2.843083381652832
2.2881367206573486,2.9620602130889893,2.843083381652832
2.289616823196411,2.9630582332611084,2.8415822982788086
2.2911813259124756,2.9626083374023438,2.8403353691101074
2.2911813259124756,2.9626083374023438,2.8403353691101074
2.2910237312316895,2.963092088699341,2.84063720703125
2.2910237312316895,2.963092088699341,2.84063720703125
2.2898452281951904,2.9645280838012695,2.8412599563598633
2.2912230491638184,2.9656858444213867,2.8408241271972656
2.2912230491638184,2.9656858444213867,2.8408241271972656
2.294318675994873,2.966714382171631,2.8395578861236572
2.294318675994873,2.966714382171631,2.8395578861236572
2.2956631183624268,2.9667649269104004,2.838519811630249
2.2975213527679443,2.9677159786224365,2.837873935699463
2.2975213527679443,2.9677159786224365,2.837873935699463
2.299537420272827,2.9687159061431885,2.837491273880005
2.3030223846435547,2.9709386825561523,2.835733413696289
2.3030223846435547,2.9709386825561523,2.835733413696289
2.306466579437256,2.970081090927124,2.8331422805786133
2.306466579437256,2.970081090927124,2.8331422805786133
2.308039903640747,2.969233274459839,2.8308727741241455
2.3112339973449707,2.9727566242218018,2.830223560333252
2.3112339973449707,2.9727566242218018,2.830223560333252
2.313318967819214,2.977367639541626,2.83090877532959
2.313318967819214,2.977367639541626,2.83090877532959
2.3155806064605713,2.9771580696105957,2.827716112136841
2.3185856342315674,2.9762144088745117,2.8249928951263428
2.3185856342315674,2.9762144088745117,2.8249928951263428
2.3204643726348877,2.9762332439422607,2.8230013847351074
2.3204643726348877,2.9762332439422607,2.8230013847351074
2.3184776306152344,2.9789137840270996,2.8249053955078125
2.3184776306152344,2.9789137840270996,2.8249053955078125
2.3175430297851562,2.978520631790161,2.823374032974243
2.316725254058838,2.9783666133880615,2.8227901458740234
2.316725254058838,2.9783666133880615,2.8227901458740234
2.318533182144165,2.9789552688598633,2.8204145431518555
2.318533182144165,2.9789552688598633,2.8204145431518555
2.3200137615203857,2.9794857501983643,2.8188424110412598
2.3198018074035645,2.980182409286499,2.8181521892547607
2.3198018074035645,2.980182409286499,2.8181521892547607
2.320267915725708,2.9805147647857666,2.817286491394043
2.319658041000366,2.9797582626342773,2.817387580871582
2.319658041000366,2.9797582626342773,2.817387580871582
2.3193764686584473,2.9802072048187256,2.818006753921509
2.3193764686584473,2.9802072048187256,2.818006753921509
2.319040060043335,2.9823241233825684,2.818781852722168
2.3180899620056152,2.9801948070526123,2.8194942474365234
2.3180899620056152,2.9801948070526123,2.8194942474365234
2.3190629482269287,2.9788646697998047,2.818716526031494
2.3190629482269287,2.9788646697998047,2.818716526031494
2.3210642337799072,2.9789535999298096,2.8173110485076904
2.3214399814605713,2.9807987213134766,2.818634271621704
2.3214399814605713,2.9807987213134766,2.818634271621704
2.320770263671875,2.978607177734375,2.8180413246154785
2.320770263671875,2.978607177734375,2.8180413246154785
2.317809820175171,2.976414442062378,2.8188281059265137
2.319091796875,2.9780099391937256,2.8190438747406006
2.319091796875,2.9780099391937256,2.8190438747406006
2.3209171295166016,2.978071451187134,2.8167295455932617
2.3209171295166016,2.978071451187134,2.8167295455932617
2.3214657306671143,2.9782612323760986,2.816087007522583
2.3214657306671143,2.9782612323760986,2.816087007522583
2.3195085525512695,2.9759504795074463,2.816251277923584
2.31844425201416,2.9742283821105957,2.816523313522339
2.31844425201416,2.9742283821105957,2.816523313522339
2.3196372985839844,2.9748361110687256,2.81634783744812
2.319758415222168,2.978363275527954,2.817504405975342
2.319758415222168,2.978363275527954,2.817504405975342
2.3215880393981934,2.9783711433410645,2.8165879249572754
2.3215880393981934,2.9783711433410645,2.8165879249572754
2.3204689025878906,2.9772210121154785,2.8172495365142822
2.320695638656616,2.977067470550537,2.8172616958618164
2.320695638656616,2.977067470550537,2.8172616958618164
2.321789503097534,2.9783377647399902,2.8167316913604736
2.321789503097534,2.9783377647399902,2.8167316913604736
2.323796272277832,2.978672981262207,2.8149380683898926
2.326530694961548,2.978886127471924,2.813283681869507
2.326530694961548,2.978886127471924,2.813283681869507
2.329118013381958,2.9794082641601562,2.8117144107818604
2.329118013381958,2.9794082641601562,2.8117144107818604
2.332021951675415,2.981421947479248,2.81095814704895
2.332021951675415,2.981421947479248,2.81095814704895
2.3344886302948,2.9823555946350098,2.810112714767456
2.33273983001709,2.9822535514831543,2.811159133911133
2.33273983001709,2.9822535514831543,2.811159133911133
2.3307690620422363,2.9806056022644043,2.81201434135437
2.3299407958984375,2.980992317199707,2.81245493888855
2.3299407958984375,2.980992317199707,2.81245493888855
2.3318445682525635,2.9831583499908447,2.8120224475860596
2.3318445682525635,2.9831583499908447,2.8120224475860596
2.3296406269073486,2.982638120651245,2.813711643218994
2.3259661197662354,2.9815917015075684,2.81619930267334
2.3259661197662354,2.9815917015075684,2.81619930267334
2.324266195297241,2.981128215789795,2.8175814151763916
2.324266195297241,2.981128215789795,2.8175814151763916
2.325901746749878,2.982729911804199,2.816676139831543
2.325901746749878,2.982729911804199,2.816676139831543
2.3268802165985107,2.9823460578918457,2.815340518951416
2.3254401683807373,2.979910373687744,2.8145577907562256
2.3254401683807373,2.979910373687744,2.8145577907562256
2.3248634338378906,2.9790968894958496,2.814647912979126
2.3248634338378906,2.9790968894958496,2.814647912979126
2.323298692703247,2.980109453201294,2.8163511753082275
2.323147773742676,2.9797847270965576,2.8162100315093994
2.323147773742676,2.9797847270965576,2.8162100315093994
2.325369358062744,2.9791383743286133,2.8148727416992188
2.3250701427459717,2.980755567550659,2.81653094291687
2.3250701427459717,2.980755567550659,2.81653094291687
2.3232486248016357,2.9817025661468506,2.818089246749878
2.3232486248016357,2.9817025661468506,2.818089246749878
2.323585033416748,2.9817936420440674,2.8181631565093994
2.325833320617676,2.9814717769622803,2.816251039505005
2.325833320617676,2.9814717769622803,2.816251039505005
2.327554941177368,2.981738567352295,2.815180778503418
2.327554941177368,2.981738567352295,2.815180778503418
2.327669143676758,2.9824655055999756,2.815413236618042
2.32737398147583,2.9845829010009766,2.816728115081787
2.32737398147583,2.9845829010009766,2.816728115081787
2.3278555870056152,2.9858696460723877,2.8170602321624756
2.3278555870056152,2.9858696460723877,2.8170602321624756
2.3292558193206787,2.9862680435180664,2.816462993621826
2.3292558193206787,2.9862680435180664,2.816462993621826
2.332444429397583,2.9852869510650635,2.813661813735962
2.333322525024414,2.9861347675323486,2.813692569732666
2.333322525024414,2.9861347675323486,2.813692569732666
2.333523750305176,2.9864792823791504,2.813384532928467
2.333523750305176,2.9864792823791504,2.813384532928467
2.334057569503784,2.986802816390991,2.8129265308380127
2.3340606689453125,2.986994981765747,2.813098669052124
2.3340606689453125,2.986994981765747,2.813098669052124
2.3351950645446777,2.9868154525756836,2.812028408050537
2.3375344276428223,2.9882967472076416,2.811138868331909
2.3375344276428223,2.9882967472076416,2.811138868331909
2.339944839477539,2.9887020587921143,2.809060573577881
2.339944839477539,2.9887020587921143,2.809060573577881
2.3392841815948486,2.988460063934326,2.8088555335998535
2.3374693393707275,2.987687110900879,2.8099076747894287
2.3374693393707275,2.987687110900879,2.8099076747894287
2.3364858627319336,2.988372325897217,2.8108081817626953
2.3364858627319336,2.988372325897217,2.8108081817626953
2.337280035018921,2.988966226577759,2.8100357055664062
2.337280035018921,2.988966226577759,2.8100357055664062
2.3390462398529053,2.9899466037750244,2.8083224296569824
2.3391032218933105,2.9905929565429688,2.808180093765259
2.3391032218933105,2.9905929565429688,2.808180093765259
2.3342185020446777,2.9919381141662598,2.811490058898926
2.3367440700531006,2.9930076599121094,2.81026291847229
2.3367440700531006,2.9930076599121094,2.81026291847229
2.3386781215667725,2.9923312664031982,2.8076188564300537
2.3386781215667725,2.9923312664031982,2.8076188564300537
2.3407206535339355,2.993858575820923,2.8067092895507812
2.340458393096924,2.99442720413208,2.8072872161865234
2.339120388031006,2.994234800338745,2.8079419136047363
2.339120388031006,2.994234800338745,2.8079419136047363
2.33823561668396,2.9938743114471436,2.8075153827667236
2.33823561668396,2.9938743114471436,2.8075153827667236
2.340714693069458,2.9939496517181396,2.804659843444824
2.340714693069458,2.9939496517181396,2.804659843444824
2.3442318439483643,2.9948856830596924,2.801835775375366
2.3442318439483643,2.9948856830596924,2.801835775375366
2.3428518772125244,2.9939522743225098,2.8013415336608887
2.339723587036133,2.992882013320923,2.8031177520751953
2.339723587036133,2.992882013320923,2.8031177520751953
2.337463140487671,2.991910696029663,2.805048942565918
2.337463140487671,2.991910696029663,2.805048942565918
2.3364574909210205,2.9914121627807617,2.8054394721984863
2.337958574295044,2.991767406463623,2.804131269454956
2.337958574295044,2.991767406463623,2.804131269454956
2.3417656421661377,2.9932751655578613,2.802541971206665
2.3417656421661377,2.9932751655578613,2.802541971206665
2.340477705001831,2.9925992488861084,2.8027114868164062
2.340477705001831,2.9925992488861084,2.8027114868164062
2.338855504989624,2.9917781352996826,2.80397629737854
2.3390042781829834,2.9912679195404053,2.804476022720337
2.3390042781829834,2.9912679195404053,2.804476022720337
2.3407933712005615,2.9920997619628906,2.8034329414367676
2.3446338176727295,2.9932830333709717,2.801102876663208
2.3446338176727295,2.9932830333709717,2.801102876663208
2.345109462738037,2.9916863441467285,2.8011584281921387
2.3443057537078857,2.9910550117492676,2.801609754562378
2.3443057537078857,2.9910550117492676,2.801609754562378
2.3430159091949463,2.9904797077178955,2.803647518157959
2.341871976852417,2.991197347640991,2.8054192066192627
2.341871976852417,2.991197347640991,2.8054192066192627
2.341860771179199,2.991222381591797,2.8052499294281006
2.341860771179199,2.991222381591797,2.8052499294281006
2.3437490463256836,2.9898159503936768,2.8027238845825195
2.3437490463256836,2.9898159503936768,2.8027238845825195
2.3454554080963135,2.989520311355591,2.8004863262176514
2.348724603652954,2.99099063873291,2.798401355743408
2.348724603652954,2.99099063873291,2.798401355743408
2.3495571613311768,2.9914069175720215,2.7979304790496826
2.348193883895874,2.9901914596557617,2.7982804775238037
2.348193883895874,2.9901914596557617,2.7982804775238037
2.3471717834472656,2.990173816680908,2.798999786376953
2.3471717834472656,2.990173816680908,2.798999786376953
2.347627639770508,2.991286039352417,2.7986831665039062
2.347627639770508,2.991286039352417,2.7986831665039062
2.348886013031006,2.9914193153381348,2.7973036766052246
2.3504412174224854,2.9914000034332275,2.7964260578155518
2.3504412174224854,2.9914000034332275,2.7964260578155518
2.3505983352661133,2.9905343055725098,2.7957417964935303
2.3505983352661133,2.9905343055725098,2.7957417964935303
2.349637031555176,2.989975690841675,2.7966153621673584
2.348045825958252,2.989089012145996,2.7969791889190674
2.348045825958252,2.989089012145996,2.7969791889190674
2.347987174987793,2.9890787601470947,2.7966907024383545
2.3498737812042236,2.990400552749634,2.7951252460479736
2.3498737812042236,2.990400552749634,2.7951252460479736
2.3514902591705322,2.989856719970703,2.793086290359497
2.3514902591705322,2.989856719970703,2.793086290359497
2.352137565612793,2.9897382259368896,2.792163610458374
2.352137565612793,2.9897382259368896,2.792163610458374
2.3508996963500977,2.9909169673919678,2.7936933040618896
2.3491311073303223,2.9916980266571045,2.7961392402648926
2.3491311073303223,2.9916980266571045,2.7961392402648926
2.3498177528381348,2.990760564804077,2.795649290084839
2.3498177528381348,2.990760564804077,2.795649290084839
2.3524017333984375,2.9907870292663574,2.794198989868164
2.353701591491699,2.99267578125,2.7950172424316406
2.353701591491699,2.99267578125,2.7950172424316406
2.3534557819366455,2.9943113327026367,2.796278476715088
2.3534557819366455,2.9943113327026367,2.796278476715088
2.352414846420288,2.995102643966675,2.7978904247283936
2.352414846420288,2.995102643966675,2.7978904247283936
2.3539369106292725,2.995384931564331,2.7974441051483154
2.3578009605407715,2.9972681999206543,2.793832778930664
2.3578009605407715,2.9972681999206543,2.793832778930664
2.361224889755249,2.999134063720703,2.7903592586517334
2.361224889755249,2.999134063720703,2.7903592586517334
2.3616623878479004,2.9993231296539307,2.7898342609405518
2.3629860877990723,3.0002033710479736,2.7890357971191406
2.3629860877990723,3.0002033710479736,2.7890357971191406
2.3643131256103516,3.00178861618042,2.7882280349731445
2.3643131256103516,3.00178861618042,2.7882280349731445
2.365168571472168,3.0028607845306396,2.7876105308532715
2.3668806552886963,3.003840923309326,2.7864720821380615
2.3668806552886963,3.003840923309326,2.7864720821380615
2.367403030395508,3.004531145095825,2.785902976989746
2.367403030395508,3.004531145095825,2.785902976989746
2.3687925338745117,3.004856586456299,2.7847695350646973
2.3704473972320557,3.005640983581543,2.783632516860962
2.3704473972320557,3.005640983581543,2.783632516860962
2.3716299533843994,3.00763201713562,2.7831804752349854
2.3716299533843994,3.00763201713562,2.7831804752349854
2.3717339038848877,3.008017063140869,2.7838006019592285
2.3753743171691895,3.0075721740722656,2.7810604572296143
2.3753743171691895,3.0075721740722656,2.7810604572296143
2.3747899532318115,3.0076053142547607,2.78186297416687
2.37422513961792,3.0088884830474854,2.7824528217315674
2.37422513961792,3.0088884830474854,2.7824528217315674
2.3721776008605957,3.008739948272705,2.7845849990844727
2.3721776008605957,3.008739948272705,2.7845849990844727
2.368095874786377,3.0054633617401123,2.787020683288574
2.36650013923645,3.0065720081329346,2.7890844345092773
2.36650013923645,3.0065720081329346,2.7890844345092773
2.366706132888794,3.0068585872650146,2.7888729572296143
2.37032413482666,3.008497953414917,2.7870066165924072
2.37032413482666,3.008497953414917,2.7870066165924072
2.3705859184265137,3.0090768337249756,2.786863088607788
2.3705859184265137,3.0090768337249756,2.786863088607788
2.3709914684295654,3.009361982345581,2.786764621734619
2.3709914684295654,3.009361982345581,2.786764621734619
2.3700664043426514,3.009553909301758,2.7873847484588623
2.371718168258667,3.010097026824951,2.786285161972046
2.371718168258667,3.010097026824951,2.786285161972046
2.372589111328125,3.01059889793396,2.7860608100891113
2.372589111328125,3.01059889793396,2.7860608100891113
2.3723766803741455,3.0108985900878906,2.7868359088897705
2.3716537952423096,3.0100903511047363,2.787444829940796
2.3716537952423096,3.0100903511047363,2.787444829940796
2.3694777488708496,3.0101683139801025,2.789543867111206
2.3694777488708496,3.0101683139801025,2.789543867111206
2.3694236278533936,3.0097789764404297,2.7894301414489746
2.3694236278533936,3.0097789764404297,2.7894301414489746
2.370292901992798,3.009723663330078,2.788849353790283
2.3706908226013184,3.0100631713867188,2.7883894443511963
2.3706908226013184,3.0100631713867188,2.7883894443511963
2.369556427001953,3.0115723609924316,2.789134979248047
2.369556427001953,3.0115723609924316,2.789134979248047
2.3671908378601074,3.0105230808258057,2.7905073165893555
2.3669791221618652,3.0104966163635254,2.7905399799346924
2.3669791221618652,3.0104966163635254,2.7905399799346924
2.3687002658843994,3.0123167037963867,2.7897462844848633
2.3687002658843994,3.0123167037963867,2.7897462844848633
2.3685994148254395,3.013788938522339,2.790066719055176
2.3685994148254395,3.013788938522339,2.790066719055176
2.367971658706665,3.013683319091797,2.7901175022125244
2.366164207458496,3.0136964321136475,2.7911198139190674
2.366164207458496,3.0136964321136475,2.7911198139190674
2.3672306537628174,3.014190912246704,2.7913057804107666
2.3672306537628174,3.014190912246704,2.7913057804107666
2.367295265197754,3.0150949954986572,2.7919042110443115
2.367159605026245,3.014066696166992,2.792698383331299
2.367159605026245,3.014066696166992,2.792698383331299
2.3680496215820312,3.0140037536621094,2.791954517364502
2.3680496215820312,3.0140037536621094,2.791954517364502
2.3685085773468018,3.015414237976074,2.792250394821167
2.3693389892578125,3.016634702682495,2.792301893234253
2.3693389892578125,3.016634702682495,2.792301893234253
2.3700151443481445,3.016160011291504,2.7915091514587402
2.3700151443481445,3.016160011291504,2.7915091514587402
2.3713629245758057,3.017104148864746,2.7909157276153564
2.37042498588562,3.016106367111206,2.790895462036133
2.37042498588562,3.016106367111206,2.790895462036133
2.3690409660339355,3.015462875366211,2.791377544403076
2.3690409660339355,3.015462875366211,2.791377544403076
2.370457410812378,3.016347646713257,2.7906692028045654
2.369713306427002,3.019090414047241,2.7920618057250977
2.369713306427002,3.019090414047241,2.7920618057250977
2.369976758956909,3.017650604248047,2.791226625442505
2.369976758956909,3.017650604248047,2.791226625442505
2.3702008724212646,3.017160177230835,2.790678024291992
2.3712880611419678,3.0189759731292725,2.79072642326355
2.3712880611419678,3.0189759731292725,2.79072642326355
2.3718841075897217,3.020007848739624,2.7904229164123535
2.3718841075897217,3.020007848739624,2.7904229164123535
2.373990058898926,3.0208466053009033,2.78950572013855
2.377150297164917,3.021240711212158,2.786850929260254
2.377150297164917,3.021240711212158,2.786850929260254
2.378756046295166,3.023710012435913,2.786224365234375
2.378756046295166,3.023710012435913,2.786224365234375
2.3791615962982178,3.0241503715515137,2.7856791019439697
2.3797426223754883,3.0247204303741455,2.785135507583618
2.3797426223754883,3.0247204303741455,2.785135507583618
2.379744052886963,3.02618408203125,2.7851104736328125
2.379744052886963,3.02618408203125,2.7851104736328125
2.38016414642334,3.0265843868255615,2.784151554107666
2.3817365169525146,3.0270814895629883,2.783823251724243
2.3817365169525146,3.0270814895629883,2.783823251724243
2.382387399673462,3.027988910675049,2.7835285663604736
2.382387399673462,3.027988910675049,2.7835285663604736
2.3838322162628174,3.0284078121185303,2.782838821411133
2.3838322162628174,3.0284078121185303,2.782838821411133
2.3838822841644287,3.030343770980835,2.7833008766174316
2.382626533508301,3.029878616333008,2.7841274738311768
2.382626533508301,3.029878616333008,2.7841274738311768
2.3836019039154053,3.02825665473938,2.783381938934326
2.3851327896118164,3.028399705886841,2.7821993827819824
2.3851327896118164,3.028399705886841,2.7821993827819824
2.3882741928100586,3.031233549118042,2.7811777591705322
2.3882741928100586,3.031233549118042,2.7811777591705322
2.389862060546875,3.0325446128845215,2.7805228233337402
2.391082525253296,3.0322790145874023,2.7792863845825195
2.391082525253296,3.0322790145874023,2.7792863845825195
2.390565872192383,3.0317869186401367,2.779568910598755
2.390565872192383,3.0317869186401367,2.779568910598755
2.389355421066284,3.033048629760742,2.7814741134643555
2.3897080421447754,3.0325443744659424,2.7803173065185547
2.3897080421447754,3.0325443744659424,2.7803173065185547
2.390373468399048,3.0326244831085205,2.7795636653900146
2.390373468399048,3.0326244831085205,2.7795636653900146
2.3906185626983643,3.0328152179718018,2.779510736465454
2.389986038208008,3.0316660404205322,2.779022693634033
2.389986038208008,3.0316660404205322,2.779022693634033
2.3917648792266846,3.031240940093994,2.7771949768066406
2.3917648792266846,3.031240940093994,2.7771949768066406
2.3926033973693848,3.0311522483825684,2.7763915061950684
2.392490863800049,3.0296661853790283,2.776230812072754
2.392490863800049,3.0296661853790283,2.776230812072754
2.3920648097991943,3.02960467338562,2.776707172393799
2.3920648097991943,3.02960467338562,2.776707172393799
2.391083002090454,3.0301966667175293,2.7778990268707275
2.3915090560913086,3.0309271812438965,2.778148889541626
2.3915090560913086,3.0309271812438965,2.778148889541626
2.390592575073242,3.029611110687256,2.778528928756714
2.390592575073242,3.029611110687256,2.778528928756714
2.391587018966675,3.0286502838134766,2.7769320011138916
2.391587018966675,3.0286502838134766,2.7769320011138916
2.391385078430176,3.029064893722534,2.7769503593444824
2.391587495803833,3.0303804874420166,2.777233123779297
2.391587495803833,3.0303804874420166,2.777233123779297
2.3915083408355713,3.0303869247436523,2.777181625366211
2.392648696899414,3.029831647872925,2.775991439819336
2.392648696899414,3.029831647872925,2.775991439819336
2.3938403129577637,3.031827449798584,2.776399612426758
2.3938403129577637,3.031827449798584,2.776399612426758
2.3941638469696045,3.031608819961548,2.776073932647705
2.393099069595337,3.0306990146636963,2.7766940593719482
2.393099069595337,3.0306990146636963,2.7766940593719482
2.394392967224121,3.031924247741699,2.7767417430877686
2.394392967224121,3.031924247741699,2.7767417430877686
2.3951616287231445,3.033576488494873,2.776939630508423
2.3944692611694336,3.0328381061553955,2.776762008666992
2.3944692611694336,3.0328381061553955,2.776762008666992
2.39412522315979,3.0313262939453125,2.776179075241089
2.39412522315979,3.0313262939453125,2.776179075241089
2.3934075832366943,3.032393217086792,2.777316093444824
2.392289876937866,3.0330088138580322,2.7781083583831787
2.392289876937866,3.0330088138580322,2.7781083583831787
2.3914759159088135,3.033038854598999,2.7784786224365234
2.3914759159088135,3.033038854598999,2.7784786224365234
2.391416311264038,3.0315005779266357,2.7782070636749268
2.390097141265869,3.032231569290161,2.7792277336120605
2.390097141265869,3.032231569290161,2.7792277336120605
2.390836238861084,3.0342843532562256,2.7794840335845947
2.390836238861084,3.0342843532562256,2.7794840335845947
2.3909263610839844,3.0345263481140137,2.7789599895477295
2.3909199237823486,3.035393238067627,2.7789642810821533
2.3909199237823486,3.035393238067627,2.7789642810821533
2.3912978172302246,3.0358588695526123,2.778493642807007
2.3912978172302246,3.0358588695526123,2.778493642807007
2.3917388916015625,3.0364835262298584,2.7780559062957764
2.3923392295837402,3.038135051727295,2.778653383255005
2.3923392295837402,3.038135051727295,2.778653383255005
2.3953070640563965,3.038994312286377,2.777088165283203
2.3953070640563965,3.038994312286377,2.777088165283203
2.398571014404297,3.0401227474212646,2.7758102416992188
2.40000057220459,3.0408172607421875,2.7754523754119873
2.40000057220459,3.0408172607421875,2.7754523754119873
2.400800943374634,3.041257619857788,2.7752578258514404
2.400800943374634,3.041257619857788,2.7752578258514404
2.4005606174468994,3.041405439376831,2.7759318351745605
2.4020450115203857,3.043246269226074,2.775709390640259
2.4020450115203857,3.043246269226074,2.775709390640259
2.4036498069763184,3.043306350708008,2.7738687992095947
2.4036498069763184,3.043306350708008,2.7738687992095947
2.4052085876464844,3.0436410903930664,2.772538185119629
2.406142234802246,3.044650077819824,2.77264666557312
2.406142234802246,3.044650077819824,2.77264666557312
2.406294584274292,3.0450620651245117,2.7721614837646484
2.406294584274292,3.0450620651245117,2.7721614837646484
2.407700300216675,3.0466673374176025,2.771075487136841
2.408090353012085,3.046895980834961,2.769054889678955
2.408090353012085,3.046895980834961,2.769054889678955
2.408911943435669,3.0469348430633545,2.767627477645874
2.408911943435669,3.0469348430633545,2.767627477645874
2.410883665084839,3.0477941036224365,2.766038179397583
2.410883665084839,3.0477941036224365,2.766038179397583
2.4127187728881836,3.0491504669189453,2.7640554904937744
2.4143731594085693,3.051335096359253,2.7644457817077637
2.4143731594085693,3.051335096359253,2.7644457817077637
2.415247678756714,3.0522096157073975,2.7649827003479004
2.4159281253814697,3.0523324012756348,2.7645421028137207
2.4159281253814697,3.0523324012756348,2.7645421028137207
2.4166934490203857,3.053476095199585,2.7647898197174072
2.4166934490203857,3.053476095199585,2.7647898197174072
2.417675733566284,3.0536842346191406,2.7638609409332275
2.417609453201294,3.0531153678894043,2.764084577560425
2.417609453201294,3.0531153678894043,2.764084577560425
2.4167559146881104,3.0514702796936035,2.7647151947021484
2.4167559146881104,3.0514702796936035,2.7647151947021484
2.416912317276001,3.0513322353363037,2.7651963233947754
2.416912317276001,3.0513322353363037,2.7651963233947754
2.4177041053771973,3.052675724029541,2.765158176422119
2.4193150997161865,3.0558242797851562,2.7654340267181396
2.4193150997161865,3.0558242797851562,2.7654340267181396
2.420057773590088,3.055485248565674,2.764331340789795
2.4196131229400635,3.055227041244507,2.764810085296631
2.4196131229400635,3.055227041244507,2.764810085296631
2.418522357940674,3.0552124977111816,2.765688896179199
2.420271635055542,3.0561132431030273,2.764394760131836
2.420271635055542,3.0561132431030273,2.764394760131836
2.4249913692474365,3.0580782890319824,2.7616126537323
2.4249913692474365,3.0580782890319824,2.7616126537323
2.4253194332122803,3.0580954551696777,2.7612123489379883
2.4251158237457275,3.0591695308685303,2.7624378204345703
2.4251158237457275,3.0591695308685303,2.7624378204345703
2.424710750579834,3.0588812828063965,2.7625274658203125
2.424710750579834,3.0588812828063965,2.7625274658203125
2.4250056743621826,3.0592408180236816,2.762065887451172
2.4260265827178955,3.059079885482788,2.7606258392333984
2.4260265827178955,3.059079885482788,2.7606258392333984
2.428929567337036,3.05963397026062,2.758544445037842
2.4293410778045654,3.059605121612549,2.757828950881958
2.4293410778045654,3.059605121612549,2.757828950881958
2.427370309829712,3.0600697994232178,2.7602696418762207
2.427370309829712,3.0600697994232178,2.7602696418762207
2.426192283630371,3.059422731399536,2.760590076446533
2.426192283630371,3.059422731399536,2.760590076446533
2.426241874694824,3.059281349182129,2.759485960006714
2.427828311920166,3.0607831478118896,2.7584452629089355
2.427828311920166,3.0607831478118896,2.7584452629089355
2.4264302253723145,3.0592434406280518,2.7577059268951416
2.4264302253723145,3.0592434406280518,2.7577059268951416
2.4264726638793945,3.058546304702759,2.7568674087524414
2.4242749214172363,3.0586771965026855,2.7583329677581787
2.4242749214172363,3.0586771965026855,2.7583329677581787
2.423903465270996,3.057161808013916,2.7603652477264404
2.4236743450164795,3.0569865703582764,2.7610931396484375
2.4236743450164795,3.0569865703582764,2.7610931396484375
2.424219846725464,3.0575361251831055,2.7614660263061523
2.424219846725464,3.0575361251831055,2.7614660263061523
2.4244797229766846,3.0586228370666504,2.7621562480926514
2.425370454788208,3.0585145950317383,2.7623629570007324
2.425370454788208,3.0585145950317383,2.7623629570007324
2.4259192943573,3.0568439960479736,2.761312246322632
2.4259192943573,3.0568439960479736,2.761312246322632
2.4264724254608154,3.0575830936431885,2.760483980178833
2.4276363849639893,3.0585427284240723,2.7594377994537354
2.4276363849639893,3.0585427284240723,2.7594377994537354
2.428297996520996,3.0594394207000732,2.7590458393096924
2.4289333820343018,3.05991530418396,2.758455753326416
2.4289333820343018,3.05991530418396,2.758455753326416
2.4282143115997314,3.0600814819335938,2.758091449737549
2.4282143115997314,3.0600814819335938,2.758091449737549
2.4287607669830322,3.0607211589813232,2.757004737854004
2.4286978244781494,3.0623891353607178,2.756915807723999
2.4286978244781494,3.0623891353607178,2.756915807723999
2.4283287525177,3.063326358795166,2.7568445205688477
2.427767753601074,3.0624539852142334,2.756105422973633
2.427767753601074,3.0624539852142334,2.756105422973633
2.428285598754883,3.063128709793091,2.755448579788208
2.428285598754883,3.063128709793091,2.755448579788208
2.4302170276641846,3.0650339126586914,2.7553551197052
2.4320156574249268,3.066159725189209,2.7544596195220947
2.4320156574249268,3.066159725189209,2.7544596195220947
2.4340109825134277,3.0687344074249268,2.7537503242492676
2.4340109825134277,3.0687344074249268,2.7537503242492676
2.436649799346924,3.0693650245666504,2.752453327178955
2.4377753734588623,3.0690040588378906,2.751155376434326
2.4377753734588623,3.0690040588378906,2.751155376434326
2.4363346099853516,3.0690877437591553,2.752148389816284
2.434906005859375,3.0703940391540527,2.754100799560547
2.434906005859375,3.0703940391540527,2.754100799560547
2.43489670753479,3.070857524871826,2.7543489933013916
2.436919689178467,3.0729432106018066,2.753955841064453
2.436919689178467,3.0729432106018066,2.753955841064453
2.440171718597412,3.0738251209259033,2.7520267963409424
2.440171718597412,3.0738251209259033,2.7520267963409424
2.441948175430298,3.0751378536224365,2.751004219055176
2.4420952796936035,3.0749194622039795,2.75057315826416
2.4420952796936035,3.0749194622039795,2.75057315826416
2.4428012371063232,3.075317859649658,2.749934196472168
2.4428012371063232,3.075317859649658,2.749934196472168
2.44283390045166,3.0761399269104004,2.7498929500579834
2.4434409141540527,3.077589273452759,2.750009298324585
2.4434409141540527,3.077589273452759,2.750009298324585
2.442622184753418,3.077241897583008,2.750478982925415
2.442622184753418,3.077241897583008,2.750478982925415
2.440901756286621,3.0754730701446533,2.7525365352630615
2.4397366046905518,3.075101852416992,2.75417423248291
2.4397366046905518,3.075101852416992,2.75417423248291
2.4393467903137207,3.0773673057556152,2.756303548812866
2.4393467903137207,3.0773673057556152,2.756303548812866
2.4395415782928467,3.076258420944214,2.755220651626587
2.44132661819458,3.075309991836548,2.7533938884735107
2.44132661819458,3.075309991836548,2.7533938884735107
2.4450442790985107,3.0769872665405273,2.7514681816101074
2.4450442790985107,3.0769872665405273,2.7514681816101074
2.4465441703796387,3.0782175064086914,2.750808000564575
2.4454758167266846,3.0767924785614014,2.75160813331604
2.4454758167266846,3.0767924785614014,2.75160813331604
2.443894147872925,3.074479818344116,2.7521209716796875
2.443894147872925,3.074479818344116,2.7521209716796875
2.4434731006622314,3.076166868209839,2.7530622482299805
2.443100690841675,3.076446771621704,2.752296209335327
2.443100690841675,3.076446771621704,2.752296209335327
2.4428293704986572,3.076120376586914,2.7518815994262695
2.4428293704986572,3.076120376586914,2.7518815994262695
2.4427692890167236,3.0740578174591064,2.750582695007324
2.4426753520965576,3.0753917694091797,2.75121808052063
2.4426753520965576,3.0753917694091797,2.75121808052063
2.4412248134613037,3.075713634490967,2.752629280090332
2.4412248134613037,3.075713634490967,2.752629280090332
2.4396262168884277,3.0758986473083496,2.753933906555176
2.4394710063934326,3.0754685401916504,2.7532739639282227
2.4394710063934326,3.0754685401916504,2.7532739639282227
2.442046880722046,3.0760085582733154,2.7508809566497803
2.4457504749298096,3.078310489654541,2.7485971450805664
2.4457504749298096,3.078310489654541,2.7485971450805664
2.4469730854034424,3.0789620876312256,2.7480475902557373
2.445528984069824,3.0781171321868896,2.748781442642212
2.445528984069824,3.0781171321868896,2.748781442642212
2.443819284439087,3.0770649909973145,2.749697208404541
2.443819284439087,3.0770649909973145,2.749697208404541
2.4419727325439453,3.0783259868621826,2.7520294189453125
2.4387454986572266,3.0783350467681885,2.7546164989471436
2.4387454986572266,3.0783350467681885,2.7546164989471436
2.436152696609497,3.0771846771240234,2.756514072418213
2.436152696609497,3.0771846771240234,2.756514072418213
2.4358317852020264,3.076144218444824,2.7565691471099854
2.4358317852020264,3.076144218444824,2.7565691471099854
2.4393303394317627,3.0784764289855957,2.7549755573272705
2.4413886070251465,3.079462766647339,2.7531635761260986
2.4413886070251465,3.079462766647339,2.7531635761260986
2.442220687866211,3.080317497253418,2.7524263858795166
2.442220687866211,3.080317497253418,2.7524263858795166
2.441112756729126,3.0804731845855713,2.7528908252716064
2.441570281982422,3.0800492763519287,2.7520666122436523
2.447385787963867,3.0813848972320557,2.747251510620117
2.447385787963867,3.0813848972320557,2.747251510620117
2.4502944946289062,3.0822091102600098,2.7449676990509033
2.4502944946289062,3.0822091102600098,2.7449676990509033
2.449502468109131,3.081545829772949,2.745548725128174
2.4451491832733154,3.080658197402954,2.7491672039031982
2.442330837249756,3.079983711242676,2.7518129348754883
2.442330837249756,3.079983711242676,2.7518129348754883
2.443979501724243,3.0821034908294678,2.7515740394592285
2.443979501724243,3.0821034908294678,2.7515740394592285
2.448357582092285,3.0832598209381104,2.7485849857330322
2.452277898788452,3.0835490226745605,2.7453277111053467
2.452277898788452,3.0835490226745605,2.7453277111053467
2.4543726444244385,3.0846173763275146,2.744222640991211
2.4543726444244385,3.0846173763275146,2.744222640991211
2.4555132389068604,3.085231304168701,2.7442736625671387
2.4557034969329834,3.086313247680664,2.7444872856140137
2.4557034969329834,3.086313247680664,2.7444872856140137
2.455918073654175,3.0855872631073,2.743778944015503
2.455918073654175,3.0855872631073,2.743778944015503
2.4557206630706787,3.0853183269500732,2.7434916496276855
2.457402467727661,3.086273431777954,2.741842746734619
2.457402467727661,3.086273431777954,2.741842746734619
2.4590563774108887,3.0884008407592773,2.7409732341766357
2.4590563774108887,3.0884008407592773,2.7409732341766357
2.4587390422821045,3.0886454582214355,2.741368293762207
2.4575514793395996,3.0876646041870117,2.742002248764038
2.4575514793395996,3.0876646041870117,2.742002248764038
2.45821475982666,3.0882346630096436,2.741866111755371
2.45821475982666,3.0882346630096436,2.741866111755371
2.4585583209991455,3.0897417068481445,2.7420690059661865
2.458784341812134,3.089655637741089,2.741243839263916
2.458784341812134,3.089655637741089,2.741243839263916
2.4583051204681396,3.0886178016662598,2.7406017780303955
2.4583051204681396,3.0886178016662598,2.7406017780303955
2.458010196685791,3.0878076553344727,2.7407548427581787
2.4562907218933105,3.087939977645874,2.7420356273651123
2.4562907218933105,3.087939977645874,2.7420356273651123
2.4563467502593994,3.0888638496398926,2.742611885070801
2.455841541290283,3.0887210369110107,2.7428855895996094
2.455841541290283,3.0887210369110107,2.7428855895996094
2.4551353454589844,3.0883851051330566,2.7432379722595215
2.4551353454589844,3.0883851051330566,2.7432379722595215
2.456615447998047,3.0885910987854004,2.7417328357696533
2.456615447998047,3.0885910987854004,2.7417328357696533
2.4575986862182617,3.088615894317627,2.7404963970184326
2.456454038619995,3.0880913734436035,2.7410295009613037
2.456454038619995,3.0880913734436035,2.7410295009613037
2.4564220905303955,3.0875260829925537,2.7415761947631836
2.4564220905303955,3.0875260829925537,2.7415761947631836
2.4582085609436035,3.088660478591919,2.7405283451080322
2.460522174835205,3.0901873111724854,2.738546371459961
2.460522174835205,3.0901873111724854,2.738546371459961
2.461820125579834,3.0902762413024902,2.7386324405670166
2.461820125579834,3.0902762413024902,2.7386324405670166
2.4607908725738525,3.089195966720581,2.7393131256103516
2.4600517749786377,3.0890896320343018,2.740901231765747
2.4600517749786377,3.0890896320343018,2.740901231765747
2.4607455730438232,3.0899484157562256,2.7408905029296875
2.4607455730438232,3.0899484157562256,2.7408905029296875
2.4631268978118896,3.091186046600342,2.7394723892211914
2.4668681621551514,3.0932276248931885,2.737173080444336
2.4668681621551514,3.0932276248931885,2.737173080444336
2.4692368507385254,3.093658208847046,2.735934257507324
2.467179536819458,3.0926029682159424,2.737027406692505
2.467179536819458,3.0926029682159424,2.737027406692505
2.4669532775878906,3.0927422046661377,2.7371842861175537
2.4669532775878906,3.0927422046661377,2.7371842861175537
2.4691009521484375,3.0945942401885986,2.735727071762085
2.4701573848724365,3.0947787761688232,2.73507022857666
2.4701573848724365,3.0947787761688232,2.73507022857666
2.469284772872925,3.0932681560516357,2.7349917888641357
2.468139410018921,3.0932297706604004,2.7363617420196533
2.468139410018921,3.0932297706604004,2.7363617420196533
2.465907335281372,3.0925230979919434,2.737292766571045
2.465907335281372,3.0925230979919434,2.737292766571045
2.464586019515991,3.092923402786255,2.738504409790039
2.465898036956787,3.0913290977478027,2.7370729446411133
2.465898036956787,3.0913290977478027,2.7370729446411133
2.4674293994903564,3.0909833908081055,2.736482620239258
2.4676218032836914,3.0921382904052734,2.736685276031494
2.4676218032836914,3.0921382904052734,2.736685276031494
2.4672915935516357,3.0923118591308594,2.736992835998535
2.4672915935516357,3.0923118591308594,2.736992835998535
2.467898368835449,3.0913844108581543,2.7349588871002197
2.469597339630127,3.092080593109131,2.7329506874084473
2.469597339630127,3.092080593109131,2.7329506874084473
2.469744920730591,3.0917093753814697,2.7321832180023193
2.469744920730591,3.0917093753814697,2.7321832180023193
2.4662744998931885,3.09031081199646,2.734088182449341
2.466332197189331,3.0905404090881348,2.7348580360412598
2.466332197189331,3.0905404090881348,2.7348580360412598
2.470339775085449,3.093726396560669,2.7326242923736572
2.473492383956909,3.094236135482788,2.7298758029937744
2.473492383956909,3.094236135482788,2.7298758029937744
2.4746525287628174,3.0943245887756348,2.730046272277832
2.4746525287628174,3.0943245887756348,2.730046272277832
2.4711811542510986,3.093087673187256,2.7325494289398193
2.4695382118225098,3.093107223510742,2.7343475818634033
2.4695382118225098,3.093107223510742,2.7343475818634033
2.4710075855255127,3.0939133167266846,2.733616828918457
2.4710075855255127,3.0939133167266846,2.733616828918457
2.4742228984832764,3.0949137210845947,2.730855941772461
2.476931571960449,3.094778060913086,2.7282941341400146
2.476931571960449,3.094778060913086,2.7282941341400146
2.476527690887451,3.094454288482666,2.728381633758545
2.476527690887451,3.094454288482666,2.728381633758545
2.4756226539611816,3.094519853591919,2.729156970977783
2.476105213165283,3.094592809677124,2.728566884994507
2.476105213165283,3.094592809677124,2.728566884994507
2.476813316345215,3.0944290161132812,2.727294921875
2.476813316345215,3.0944290161132812,2.727294921875
2.477363348007202,3.0950191020965576,2.7267465591430664
2.477363348007202,3.0950191020965576,2.7267465591430664
2.4759867191314697,3.094527244567871,2.727013111114502
2.475154399871826,3.094266891479492,2.72697114944458
2.475154399871826,3.094266891479492,2.72697114944458
2.476062297821045,3.0960023403167725,2.7266476154327393
2.476062297821045,3.0960023403167725,2.7266476154327393
2.4761080741882324,3.0965468883514404,2.727094888687134
2.4786176681518555,3.097708225250244,2.7258145809173584
2.4786176681518555,3.097708225250244,2.7258145809173584
2.479980707168579,3.098860502243042,2.7258591651916504
2.479980707168579,3.098860502243042,2.7258591651916504
2.4795472621917725,3.0983026027679443,2.7264578342437744
2.4782886505126953,3.0966553688049316,2.7270121574401855
2.4782886505126953,3.0966553688049316,2.7270121574401855
2.478389024734497,3.0972225666046143,2.7273144721984863
2.478389024734497,3.0972225666046143,2.7273144721984863
2.4796695709228516,3.0996265411376953,2.727800130844116
2.4802775382995605,3.100515604019165,2.727174758911133
2.4802775382995605,3.100515604019165,2.727174758911133
2.482123851776123,3.099003791809082,2.724705934524536
2.4822661876678467,3.0985770225524902,2.723816156387329
2.4822661876678467,3.0985770225524902,2.723816156387329
2.481964349746704,3.0989115238189697,2.7238926887512207
2.48272442817688,3.099036455154419,2.723271131515503
2.48272442817688,3.099036455154419,2.723271131515503
2.4836983680725098,3.1001532077789307,2.724094867706299
2.4841649532318115,3.1006901264190674,2.7249372005462646
2.4841649532318115,3.1006901264190674,2.7249372005462646
2.4855546951293945,3.1011874675750732,2.725003480911255
2.4855546951293945,3.1011874675750732,2.725003480911255
2.4873147010803223,3.100797414779663,2.723726272583008
2.4873147010803223,3.100797414779663,2.723726272583008
2.4895823001861572,3.1012024879455566,2.7224340438842773
2.4891929626464844,3.1024649143218994,2.724250555038452
2.4891929626464844,3.1024649143218994,2.724250555038452
2.487696886062622,3.1018154621124268,2.7259328365325928
2.4873745441436768,3.1011016368865967,2.7258529663085938
2.4873745441436768,3.1011016368865967,2.7258529663085938
2.4881629943847656,3.1022980213165283,2.725365400314331
2.4881629943847656,3.1022980213165283,2.725365400314331
2.4889333248138428,3.103787899017334,2.725302219390869
2.4889333248138428,3.103787899017334,2.725302219390869
2.4873125553131104,3.101914167404175,2.724757671356201
2.4871909618377686,3.1009044647216797,2.724011182785034
2.4871909618377686,3.1009044647216797,2.724011182785034
2.489161252975464,3.1024322509765625,2.7226216793060303
2.489485502243042,3.102450132369995,2.72094464302063
2.489485502243042,3.102450132369995,2.72094464302063
2.4896633625030518,3.1020803451538086,2.719871759414673
2.4896633625030518,3.1020803451538086,2.719871759414673
2.488339900970459,3.1014912128448486,2.7202506065368652
2.4876909255981445,3.10186505317688,2.7209393978118896
2.4876909255981445,3.10186505317688,2.7209393978118896
2.4892630577087402,3.102376699447632,2.7198193073272705
2.4892630577087402,3.102376699447632,2.7198193073272705
2.4918010234832764,3.103039264678955,2.7182962894439697
2.4918010234832764,3.103039264678955,2.7182962894439697
2.4922430515289307,3.102954864501953,2.7183377742767334
2.491976261138916,3.1030209064483643,2.7192251682281494
2.491976261138916,3.1030209064483643,2.7192251682281494
2.491798162460327,3.103621482849121,2.7197680473327637
2.491798162460327,3.103621482849121,2.7197680473327637
2.494384288787842,3.1047165393829346,2.7183423042297363
2.4964706897735596,3.106015682220459,2.7170982360839844
2.4964706897735596,3.106015682220459,2.7170982360839844
2.497950553894043,3.1068713665008545,2.716564178466797
2.4998581409454346,3.1079466342926025,2.71577787399292
2.4998581409454346,3.1079466342926025,2.71577787399292
2.500491142272949,3.1099157333374023,2.716073513031006
2.500491142272949,3.1099157333374023,2.716073513031006
2.5016655921936035,3.110165596008301,2.7146360874176025
2.5033442974090576,3.110135793685913,2.712712049484253
2.5033442974090576,3.110135793685913,2.712712049484253
2.505291223526001,3.1092686653137207,2.7101142406463623
2.505784273147583,3.1095263957977295,2.7093143463134766
2.505784273147583,3.1095263957977295,2.7093143463134766
2.5064854621887207,3.10986065864563,2.708338975906372
2.507695198059082,3.111388921737671,2.7075612545013428
2.507695198059082,3.111388921737671,2.7075612545013428
2.5083937644958496,3.11150860786438,2.7074437141418457
2.5083937644958496,3.11150860786438,2.7074437141418457
2.5077922344207764,3.1110777854919434,2.70754075050354
2.506755828857422,3.111455202102661,2.7082433700561523
2.506755828857422,3.111455202102661,2.7082433700561523
2.5059118270874023,3.1128385066986084,2.7093441486358643
2.5065131187438965,3.1124186515808105,2.708627223968506
2.5065131187438965,3.1124186515808105,2.708627223968506
2.5062003135681152,3.1113123893737793,2.707829713821411
2.5058088302612305,3.1108133792877197,2.7078723907470703
2.5058088302612305,3.1108133792877197,2.7078723907470703
2.504814624786377,3.111476421356201,2.7090182304382324
2.504814624786377,3.111476421356201,2.7090182304382324
2.504693031311035,3.112051486968994,2.709062337875366
2.5044448375701904,3.111459493637085,2.7086715698242188
2.5044448375701904,3.111459493637085,2.7086715698242188
2.5061657428741455,3.1108739376068115,2.706244468688965
2.508141279220581,3.1115262508392334,2.705122470855713
2.508141279220581,3.1115262508392334,2.705122470855713
2.5088436603546143,3.113510847091675,2.7057716846466064
2.5088436603546143,3.113510847091675,2.7057716846466064
2.508646011352539,3.1116995811462402,2.705418109893799
2.509420156478882,3.1121914386749268,2.7057619094848633
2.509420156478882,3.1121914386749268,2.7057619094848633
2.5100042819976807,3.1132612228393555,2.7056894302368164
2.511474609375,3.1147255897521973,2.7050843238830566
2.511474609375,3.1147255897521973,2.7050843238830566
2.512843608856201,3.113776683807373,2.7032225131988525
2.514155864715576,3.112879514694214,2.7019503116607666
2.514155864715576,3.112879514694214,2.7019503116607666
2.514683961868286,3.1132283210754395,2.7017714977264404
2.516514778137207,3.11454701423645,2.7007248401641846
2.5183193683624268,3.114905595779419,2.699176549911499
2.5183193683624268,3.114905595779419,2.699176549911499
2.518923282623291,3.1148879528045654,2.698781728744507
2.5199108123779297,3.1156015396118164,2.698265552520752
2.5199108123779297,3.1156015396118164,2.698265552520752
2.5220701694488525,3.117433786392212,2.6973297595977783
2.5220701694488525,3.117433786392212,2.6973297595977783
2.522331714630127,3.1171908378601074,2.697552442550659
2.521916389465332,3.11588978767395,2.697944164276123
2.521916389465332,3.11588978767395,2.697944164276123
2.5213191509246826,3.1155643463134766,2.6982414722442627
2.5213191509246826,3.1155643463134766,2.6982414722442627
2.521566867828369,3.116934061050415,2.698286533355713
2.5203802585601807,3.117401123046875,2.6990554332733154
2.5203802585601807,3.117401123046875,2.6990554332733154
2.520648717880249,3.116999387741089,2.6992952823638916
2.520648717880249,3.116999387741089,2.6992952823638916
2.5211853981018066,3.117170810699463,2.6989641189575195
2.521770477294922,3.11736798286438,2.6986663341522217
2.521770477294922,3.11736798286438,2.6986663341522217
2.522038221359253,3.118407726287842,2.698543071746826
2.521467924118042,3.118185520172119,2.6986589431762695
2.521467924118042,3.118185520172119,2.6986589431762695
2.5209121704101562,3.1170406341552734,2.6982321739196777
2.5209121704101562,3.1170406341552734,2.6982321739196777
2.521697998046875,3.1172091960906982,2.6959433555603027
2.5231025218963623,3.1189687252044678,2.69539475440979
2.5231025218963623,3.1189687252044678,2.69539475440979
2.52341365814209,3.117446184158325,2.6942176818847656
2.5232279300689697,3.116776943206787,2.6941285133361816
2.5232279300689697,3.116776943206787,2.6941285133361816
2.522725820541382,3.1175289154052734,2.6951980590820312
2.523482322692871,3.120370626449585,2.696089744567871
2.523482322692871,3.120370626449585,2.696089744567871
2.5253093242645264,3.120697259902954,2.695422410964966
2.5253093242645264,3.120697259902954,2.695422410964966
2.526660203933716,3.120415449142456,2.694319009780884
2.5273845195770264,3.121785879135132,2.694640636444092
2.5273845195770264,3.121785879135132,2.694640636444092
2.5272467136383057,3.1221201419830322,2.694974184036255
2.52777099609375,3.123408079147339,2.6951942443847656
2.52777099609375,3.123408079147339,2.6951942443847656
2.528327703475952,3.122852087020874,2.6937129497528076
2.528327703475952,3.122852087020874,2.6937129497528076
2.528825283050537,3.123582124710083,2.6926121711730957
2.530202627182007,3.124967575073242,2.6922008991241455
2.530202627182007,3.124967575073242,2.6922008991241455
2.531134605407715,3.125669479370117,2.6915853023529053
2.5311336517333984,3.1241846084594727,2.691087245941162
2.5311336517333984,3.1241846084594727,2.691087245941162
2.5314159393310547,3.1243762969970703,2.691554546356201
2.5314159393310547,3.1243762969970703,2.691554546356201
2.5316057205200195,3.126849889755249,2.6920673847198486
2.5322465896606445,3.1284267902374268,2.6916468143463135
2.5322465896606445,3.1284267902374268,2.6916468143463135
2.5338540077209473,3.1285595893859863,2.6901721954345703
2.5338540077209473,3.1285595893859863,2.6901721954345703
2.535386085510254,3.128848075866699,2.6882247924804688
2.5353896617889404,3.131269931793213,2.688391923904419
2.5353896617889404,3.131269931793213,2.688391923904419
2.5362331867218018,3.1328506469726562,2.6874470710754395
2.5362331867218018,3.1328506469726562,2.6874470710754395
2.5382931232452393,3.1334969997406006,2.6861648559570312
2.541175127029419,3.1353797912597656,2.6838183403015137
2.541175127029419,3.1353797912597656,2.6838183403015137
2.5443365573883057,3.137646198272705,2.6824636459350586
2.5453836917877197,3.136303424835205,2.681809425354004
2.5453836917877197,3.136303424835205,2.681809425354004
2.546046257019043,3.13517689704895,2.6821842193603516
2.5456302165985107,3.1351101398468018,2.6829264163970947
2.5456302165985107,3.1351101398468018,2.6829264163970947
2.5464320182800293,3.136584520339966,2.683779239654541
2.547295331954956,3.138326644897461,2.683634042739868
2.547295331954956,3.138326644897461,2.683634042739868
2.5479564666748047,3.1383769512176514,2.682809591293335
2.549204111099243,3.1375510692596436,2.6811277866363525
2.5493593215942383,3.137578248977661,2.680889368057251
2.5493593215942383,3.137578248977661,2.680889368057251
2.5503287315368652,3.1384613513946533,2.6809475421905518
2.5503287315368652,3.1384613513946533,2.6809475421905518
2.5504209995269775,3.1377432346343994,2.681030511856079
2.552820920944214,3.137744188308716,2.679326295852661
2.552820920944214,3.137744188308716,2.679326295852661
2.5565078258514404,3.140316963195801,2.677513599395752
2.557077407836914,3.139864444732666,2.676403522491455
2.557077407836914,3.139864444732666,2.676403522491455
2.556469678878784,3.1383450031280518,2.676349639892578
2.556469678878784,3.1383450031280518,2.676349639892578
2.5557918548583984,3.1362950801849365,2.6762828826904297
2.5557918548583984,3.1362950801849365,2.6762828826904297
2.553845167160034,3.137155055999756,2.677973508834839
2.548332929611206,3.1370646953582764,2.682838201522827
2.548332929611206,3.1370646953582764,2.682838201522827
2.5471949577331543,3.135732889175415,2.6836540699005127
2.5471949577331543,3.135732889175415,2.6836540699005127
2.5493369102478027,3.1342673301696777,2.681035041809082
2.552851676940918,3.135759115219116,2.6784489154815674
2.552851676940918,3.135759115219116,2.6784489154815674
2.553483009338379,3.1364314556121826,2.6777825355529785
2.5539071559906006,3.136101245880127,2.677454948425293
2.5539071559906006,3.136101245880127,2.677454948425293
2.5547502040863037,3.1355552673339844,2.675172805786133
2.556896924972534,3.136434555053711,2.6734201908111572
2.556896924972534,3.136434555053711,2.6734201908111572
2.5599920749664307,3.1388397216796875,2.671269416809082
2.5593857765197754,3.1378843784332275,2.6712024211883545
2.5593857765197754,3.1378843784332275,2.6712024211883545
2.558131217956543,3.1374828815460205,2.672192335128784
2.55700945854187,3.137591600418091,2.673192024230957
2.55700945854187,3.137591600418091,2.673192024230957
2.5589284896850586,3.140170097351074,2.6731622219085693
2.5589284896850586,3.140170097351074,2.6731622219085693
2.561671018600464,3.141324520111084,2.671363592147827
2.5640928745269775,3.1416640281677246,2.669393301010132
2.564409017562866,3.1418957710266113,2.669722080230713
2.564409017562866,3.1418957710266113,2.669722080230713
2.5634191036224365,3.1421501636505127,2.6702284812927246
2.5651402473449707,3.1440553665161133,2.6691465377807617
2.5683624744415283,3.144310712814331,2.6649723052978516
2.5683624744415283,3.144310712814331,2.6649723052978516
2.570756435394287,3.1454660892486572,2.6619253158569336
2.570756435394287,3.1454660892486572,2.6619253158569336
2.5727033615112305,3.1470823287963867,2.660633087158203
2.572077751159668,3.1465954780578613,2.6610403060913086
2.572077751159668,3.1465954780578613,2.6610403060913086
2.5707738399505615,3.146019697189331,2.6622767448425293
2.5703907012939453,3.1464145183563232,2.662492275238037
2.5703907012939453,3.1464145183563232,2.662492275238037
2.57161021232605,3.149543046951294,2.662430763244629
2.572232246398926,3.150054931640625,2.6620585918426514
2.572232246398926,3.150054931640625,2.6620585918426514
2.5734031200408936,3.150395631790161,2.6613426208496094
2.5734031200408936,3.150395631790161,2.6613426208496094
2.575148105621338,3.1508448123931885,2.6602320671081543
2.5751450061798096,3.1529040336608887,2.661311149597168
2.5755231380462646,3.154059648513794,2.6613729000091553
2.5755231380462646,3.154059648513794,2.6613729000091553
2.5787394046783447,3.1556529998779297,2.6590728759765625
2.5791800022125244,3.155627489089966,2.6581478118896484
2.5791800022125244,3.155627489089966,2.6581478118896484
2.5806376934051514,3.1561293601989746,2.655912160873413
2.5806376934051514,3.1561293601989746,2.655912160873413
2.581925630569458,3.1563117504119873,2.6542158126831055
2.5819694995880127,3.15584397315979,2.654118537902832
2.5819694995880127,3.15584397315979,2.654118537902832
2.580382823944092,3.155134916305542,2.654975652694702
2.5812528133392334,3.15566086769104,2.6551339626312256
2.5812528133392334,3.15566086769104,2.6551339626312256
2.581951141357422,3.1571359634399414,2.655113458633423
2.581951141357422,3.1571359634399414,2.655113458633423
2.5827770233154297,3.157329559326172,2.6549904346466064
2.5833425521850586,3.155244827270508,2.654015302658081
2.5833425521850586,3.155244827270508,2.654015302658081
2.582061767578125,3.1539456844329834,2.6552634239196777
2.581949472427368,3.153900623321533,2.6557135581970215
2.581949472427368,3.153900623321533,2.6557135581970215
2.5824482440948486,3.1537251472473145,2.6559019088745117
2.584350824356079,3.153435468673706,2.653825283050537
2.584350824356079,3.153435468673706,2.653825283050537
2.5860791206359863,3.154099464416504,2.652634382247925
2.5893335342407227,3.1559393405914307,2.6508965492248535
2.5893335342407227,3.1559393405914307,2.6508965492248535
2.5919747352600098,3.1556777954101562,2.648206949234009
2.5919747352600098,3.1556777954101562,2.648206949234009
2.5913751125335693,3.154276132583618,2.648090124130249
2.590710163116455,3.152971029281616,2.6488001346588135
2.590710163116455,3.152971029281616,2.6488001346588135
2.5926389694213867,3.1545848846435547,2.6480274200439453
2.5926389694213867,3.1545848846435547,2.6480274200439453
2.59501576423645,3.155970573425293,2.6465721130371094
2.596714735031128,3.1571860313415527,2.6457481384277344
2.596714735031128,3.1571860313415527,2.6457481384277344
2.5940823554992676,3.1551060676574707,2.6467947959899902
2.590266466140747,3.1535842418670654,2.6501054763793945
2.590266466140747,3.1535842418670654,2.6501054763793945
2.589733123779297,3.1535019874572754,2.6507840156555176
2.589733123779297,3.1535019874572754,2.6507840156555176
2.592149496078491,3.15482497215271,2.649343490600586
2.593873977661133,3.1544551849365234,2.646756410598755
2.593873977661133,3.1544551849365234,2.646756410598755
2.5952298641204834,3.1539809703826904,2.64451265335083
2.5945024490356445,3.153123378753662,2.643723726272583
2.5945024490356445,3.153123378753662,2.643723726272583
2.5937340259552,3.154064655303955,2.6435909271240234
2.594308376312256,3.155524253845215,2.643986940383911
2.594308376312256,3.155524253845215,2.643986940383911
2.5932776927948,3.1551191806793213,2.6442761421203613
2.5932776927948,3.1551191806793213,2.6442761421203613
2.5932281017303467,3.1558876037597656,2.645517349243164
2.594411849975586,3.1584887504577637,2.6465330123901367
2.594411849975586,3.1584887504577637,2.6465330123901367
2.59409236907959,3.1603262424468994,2.6477489471435547
2.592996835708618,3.160217046737671,2.648834466934204
2.592996835708618,3.160217046737671,2.648834466934204
2.592731475830078,3.1597938537597656,2.6485049724578857
2.593722343444824,3.160468816757202,2.6481361389160156
2.593722343444824,3.160468816757202,2.6481361389160156
2.5939576625823975,3.162407159805298,2.6486592292785645
2.594674825668335,3.162463426589966,2.6475181579589844
2.594674825668335,3.162463426589966,2.6475181579589844
2.595501661300659,3.16263484954834,2.6457619667053223
2.5960710048675537,3.16328763961792,2.644829750061035
2.5960710048675537,3.16328763961792,2.644829750061035
2.5978150367736816,3.1638083457946777,2.6427741050720215
2.5978150367736816,3.1638083457946777,2.6427741050720215
2.600581407546997,3.1653084754943848,2.6406173706054688
2.6022226810455322,3.1675021648406982,2.639988660812378
2.6022226810455322,3.1675021648406982,2.639988660812378
2.601133346557617,3.1677658557891846,2.64052414894104
2.600151777267456,3.1680922508239746,2.6413824558258057
2.599094867706299,3.170588970184326,2.643754720687866
2.599094867706299,3.170588970184326,2.643754720687866
2.5992279052734375,3.1726481914520264,2.6440136432647705
2.6000258922576904,3.173550605773926,2.6435723304748535
2.6000258922576904,3.173550605773926,2.6435723304748535
2.6015045642852783,3.1741702556610107,2.6422202587127686
2.6017627716064453,3.1742167472839355,2.6422812938690186
2.5996086597442627,3.1744329929351807,2.644521951675415
2.5996086597442627,3.1744329929351807,2.644521951675415
2.598353862762451,3.1744093894958496,2.6456305980682373
2.599472761154175,3.1737771034240723,2.6438961029052734
2.599472761154175,3.1737771034240723,2.6438961029052734
2.6005072593688965,3.174391746520996,2.6430280208587646
2.6005072593688965,3.174391746520996,2.6430280208587646
2.602318525314331,3.1749658584594727,2.641251564025879
2.602334499359131,3.1739401817321777,2.6420681476593018
2.602334499359131,3.1739401817321777,2.6420681476593018
2.60010027885437,3.172333240509033,2.643887758255005
2.60010027885437,3.172333240509033,2.643887758255005
2.5997908115386963,3.1711792945861816,2.6449241638183594
2.601297616958618,3.1725375652313232,2.6446704864501953
2.601297616958618,3.1725375652313232,2.6446704864501953
2.6021835803985596,3.171541690826416,2.6433794498443604
2.6021835803985596,3.171541690826416,2.6433794498443604
2.603235960006714,3.171041488647461,2.6424672603607178
2.602714776992798,3.1688811779022217,2.642209768295288
2.602714776992798,3.1688811779022217,2.642209768295288
2.6029839515686035,3.1688315868377686,2.642181396484375
2.6030561923980713,3.1696178913116455,2.6418583393096924
2.6030561923980713,3.1696178913116455,2.6418583393096924
2.6040639877319336,3.1700475215911865,2.6409261226654053
2.606322765350342,3.170510768890381,2.6391799449920654
2.607189893722534,3.1706738471984863,2.6385366916656494
2.607189893722534,3.1706738471984863,2.6385366916656494
2.6082112789154053,3.170849561691284,2.6381773948669434
2.6082112789154053,3.170849561691284,2.6381773948669434
2.6098461151123047,3.171584129333496,2.6373820304870605
2.6110422611236572,3.172623872756958,2.6370813846588135
2.6110422611236572,3.172623872756958,2.6370813846588135
2.6129539012908936,3.1730716228485107,2.63590669631958
2.6151280403137207,3.172938585281372,2.634225368499756
2.6151280403137207,3.172938585281372,2.634225368499756
2.6163432598114014,3.1730494499206543,2.633166790008545
2.615400791168213,3.1736338138580322,2.634493589401245
2.614504814147949,3.1731064319610596,2.6349761486053467
2.614504814147949,3.1731064319610596,2.6349761486053467
2.6142399311065674,3.172640562057495,2.635679006576538
2.614539861679077,3.173020601272583,2.6358187198638916
2.614539861679077,3.173020601272583,2.6358187198638916
2.615675210952759,3.1753885746002197,2.634990930557251
2.6160402297973633,3.1766445636749268,2.6351864337921143
2.6162824630737305,3.1757655143737793,2.633253335952759
2.6162824630737305,3.1757655143737793,2.633253335952759
2.616364002227783,3.1761066913604736,2.6330726146698
2.616364002227783,3.1761066913604736,2.6330726146698
2.6177752017974854,3.178313970565796,2.6317648887634277
2.6190783977508545,3.179370403289795,2.6303961277008057
2.619673013687134,3.1803183555603027,2.629987955093384
2.619673013687134,3.1803183555603027,2.629987955093384
2.6191394329071045,3.1811153888702393,2.630160331726074
2.618356704711914,3.1826891899108887,2.630192995071411
2.6182005405426025,3.1837313175201416,2.6306960582733154
2.6182005405426025,3.1837313175201416,2.6306960582733154
2.6187286376953125,3.1862971782684326,2.631328821182251
2.6187286376953125,3.1862971782684326,2.631328821182251
2.619203567504883,3.1855342388153076,2.630647897720337
2.619203567504883,3.1855342388153076,2.630647897720337
2.6209702491760254,3.18566632270813,2.629075288772583
2.6220526695251465,3.1863913536071777,2.6286678314208984
2.6220526695251465,3.1863913536071777,2.6286678314208984
2.623908281326294,3.1863222122192383,2.6268346309661865
2.623908281326294,3.1863222122192383,2.6268346309661865
2.6242618560791016,3.186342477798462,2.6260428428649902
2.626631498336792,3.1864280700683594,2.6240761280059814
2.6274988651275635,3.18770432472229,2.624295711517334
2.6274988651275635,3.18770432472229,2.624295711517334
2.6276557445526123,3.1881229877471924,2.624340534210205
2.626899003982544,3.186281442642212,2.6244328022003174
2.626899003982544,3.186281442642212,2.6244328022003174
2.623187780380249,3.1871907711029053,2.6284873485565186
2.6230905055999756,3.1875107288360596,2.628986358642578
2.6238744258880615,3.1872503757476807,2.6284093856811523
2.6252353191375732,3.187708854675293,2.6276583671569824
2.626121997833252,3.187623977661133,2.6267051696777344
2.6267127990722656,3.1876375675201416,2.626297950744629
2.6267127990722656,3.1876375675201416,2.626297950744629
2.626044273376465,3.1867642402648926,2.626985788345337
2.626044273376465,3.1867642402648926,2.626985788345337
2.6235761642456055,3.185053825378418,2.628350257873535
2.6237409114837646,3.185148000717163,2.628579616546631
2.625731945037842,3.1862049102783203,2.627286911010742
2.627939224243164,3.1868340969085693,2.62457537651062
2.627939224243164,3.1868340969085693,2.62457537651062
2.6296849250793457,3.18692684173584,2.622250556945801
2.628321647644043,3.1853742599487305,2.6227874755859375
2.626082420349121,3.1839029788970947,2.6245858669281006
2.626082420349121,3.1839029788970947,2.6245858669281006
2.6244888305664062,3.1838619709014893,2.626486301422119
2.626335859298706,3.1864731311798096,2.625830888748169
2.626335859298706,3.1864731311798096,2.625830888748169
2.627326726913452,3.186459541320801,2.624781608581543
2.6290578842163086,3.186814308166504,2.624032497406006
2.6290578842163086,3.186814308166504,2.624032497406006
2.6302707195281982,3.186204433441162,2.6230263710021973
2.630690574645996,3.186866283416748,2.6237194538116455
2.630690574645996,3.186866283416748,2.6237194538116455
2.6306347846984863,3.188019037246704,2.6240954399108887
2.6318554878234863,3.1889138221740723,2.6233065128326416
2.6318554878234863,3.1889138221740723,2.6233065128326416
2.631516218185425,3.1882987022399902,2.6228511333465576
2.631516218185425,3.1882987022399902,2.6228511333465576
2.633514404296875,3.1902554035186768,2.6217172145843506
2.633514404296875,3.1902554035186768,2.6217172145843506
2.634371757507324,3.1902058124542236,2.6200063228607178
2.6338934898376465,3.18927001953125,2.6200811862945557
2.6338934898376465,3.18927001953125,2.6200811862945557
2.633791208267212,3.1905007362365723,2.621378183364868
2.634289264678955,3.1907787322998047,2.6216788291931152
2.634289264678955,3.1907787322998047,2.6216788291931152
2.635795831680298,3.1918325424194336,2.6208791732788086
2.6364758014678955,3.1908979415893555,2.61955189704895
2.6364758014678955,3.1908979415893555,2.61955189704895
2.6349422931671143,3.189965009689331,2.6208319664001465
2.6340432167053223,3.189934253692627,2.621497392654419
2.6340432167053223,3.189934253692627,2.621497392654419
2.6326680183410645,3.1900062561035156,2.622366428375244
2.634403944015503,3.1892991065979004,2.619856357574463
2.6351518630981445,3.1906166076660156,2.619114875793457
2.6351518630981445,3.1906166076660156,2.619114875793457
2.6359827518463135,3.1928515434265137,2.6183700561523438
2.6359827518463135,3.1928515434265137,2.6183700561523438
2.6355302333831787,3.1929354667663574,2.6187119483947754
2.634350299835205,3.1920087337493896,2.619386672973633
2.6342382431030273,3.192556381225586,2.6195461750030518
2.6342382431030273,3.192556381225586,2.6195461750030518
2.637136459350586,3.1954667568206787,2.6179730892181396
2.6383841037750244,3.1972107887268066,2.61749267578125
2.6414380073547363,3.199445962905884,2.615785837173462
2.6414380073547363,3.199445962905884,2.615785837173462
2.6442348957061768,3.2002789974212646,2.61281418800354
2.6463873386383057,3.2033982276916504,2.611815929412842
2.647528886795044,3.2040538787841797,2.6114299297332764
2.647528886795044,3.2040538787841797,2.6114299297332764
2.6469736099243164,3.202777147293091,2.6112234592437744
2.647045135498047,3.203706979751587,2.611611843109131
2.647045135498047,3.203706979751587,2.611611843109131
2.6483373641967773,3.205214023590088,2.6104929447174072
2.650923252105713,3.2069597244262695,2.608520984649658
2.650923252105713,3.2069597244262695,2.608520984649658
2.651764154434204,3.20601487159729,2.6069464683532715
2.651787042617798,3.205517530441284,2.6064846515655518
2.652472496032715,3.206035614013672,2.606735944747925
2.652472496032715,3.206035614013672,2.606735944747925
2.6520519256591797,3.2081961631774902,2.608903646469116
2.6520519256591797,3.2081961631774902,2.608903646469116
2.651400566101074,3.2075753211975098,2.6091837882995605
2.651400566101074,3.2075753211975098,2.6091837882995605
2.6551108360290527,3.2069931030273438,2.6063125133514404
2.6559560298919678,3.2070508003234863,2.605498790740967
2.6554877758026123,3.2071821689605713,2.6064279079437256
2.6551098823547363,3.207855701446533,2.6077723503112793
2.655062675476074,3.207047462463379,2.607937812805176
2.655062675476074,3.207047462463379,2.607937812805176
2.653917074203491,3.205773115158081,2.608922004699707
2.654378652572632,3.2058510780334473,2.608553647994995
2.655500650405884,3.2063260078430176,2.6075472831726074
2.654348134994507,3.2063632011413574,2.608765125274658
2.6528398990631104,3.2050909996032715,2.609555959701538
2.6528398990631104,3.2050909996032715,2.609555959701538
2.650966167449951,3.203533411026001,2.610243558883667
2.65165376663208,3.2045271396636963,2.609936475753784
2.6534087657928467,3.2065234184265137,2.6089344024658203
2.654141902923584,3.207249641418457,2.6079447269439697
2.654141902923584,3.207249641418457,2.6079447269439697
2.6536667346954346,3.2072055339813232,2.6081480979919434
2.654036045074463,3.2070977687835693,2.607940196990967
2.654036045074463,3.2070977687835693,2.607940196990967
2.654712438583374,3.2080934047698975,2.6078615188598633
2.654712438583374,3.2080934047698975,2.6078615188598633
2.6539361476898193,3.209038496017456,2.6085996627807617
2.6539361476898193,3.209038496017456,2.6085996627807617
2.654118061065674,3.2087883949279785,2.6075797080993652
2.654282808303833,3.2080776691436768,2.6068572998046875
2.6542935371398926,3.2077879905700684,2.6063413619995117
2.6542935371398926,3.2077879905700684,2.6063413619995117
2.6562063694000244,3.2079830169677734,2.6041383743286133
2.6562063694000244,3.2079830169677734,2.6041383743286133
2.655885696411133,3.209517478942871,2.6048765182495117
2.655393123626709,3.2103681564331055,2.6061174869537354
2.655393123626709,3.2103681564331055,2.6061174869537354
2.6556320190429688,3.2110071182250977,2.606205940246582
2.656285285949707,3.212383985519409,2.606257438659668
2.656285285949707,3.212383985519409,2.606257438659668
2.65700364112854,3.213142156600952,2.606015920639038
2.65700364112854,3.213142156600952,2.606015920639038
2.658832311630249,3.2136902809143066,2.60430645942688
2.6594886779785156,3.2134578227996826,2.60309100151062
2.6590847969055176,3.2135071754455566,2.603817939758301
2.658372640609741,3.214305877685547,2.604780912399292
2.658372640609741,3.214305877685547,2.604780912399292
2.6604702472686768,3.2149784564971924,2.603076934814453
2.6631696224212646,3.2161977291107178,2.6007015705108643
2.6631696224212646,3.2161977291107178,2.6007015705108643
2.6675779819488525,3.2193500995635986,2.5970094203948975
2.6675779819488525,3.2193500995635986,2.5970094203948975
2.6692023277282715,3.2202863693237305,2.5955071449279785
2.6699142456054688,3.2213923931121826,2.5959503650665283
2.6699142456054688,3.2213923931121826,2.5959503650665283
2.670354127883911,3.2220635414123535,2.5955519676208496
2.6716392040252686,3.2238571643829346,2.594989776611328
2.6727235317230225,3.225759267807007,2.5944929122924805
2.6727235317230225,3.225759267807007,2.5944929122924805
2.671992778778076,3.228126049041748,2.595607280731201
2.6701838970184326,3.228107213973999,2.5969717502593994
2.6701838970184326,3.228107213973999,2.5969717502593994
2.6698410511016846,3.2279977798461914,2.597553014755249
2.669642448425293,3.228142499923706,2.5979373455047607
2.670621395111084,3.2288832664489746,2.5988945960998535
2.670621395111084,3.2288832664489746,2.5988945960998535
2.671851634979248,3.2293028831481934,2.5990548133850098
2.672891616821289,3.229907274246216,2.598717451095581
2.673032760620117,3.229506254196167,2.597371816635132
2.673032760620117,3.229506254196167,2.597371816635132
2.6735031604766846,3.2301180362701416,2.597158670425415
2.6731841564178467,3.2302494049072266,2.597435474395752
2.6731841564178467,3.2302494049072266,2.597435474395752
2.6746864318847656,3.2291147708892822,2.5957958698272705
2.67586612701416,3.2291393280029297,2.5953216552734375
2.6769800186157227,3.230123281478882,2.594973564147949
2.6769800186157227,3.230123281478882,2.594973564147949
2.67803955078125,3.230982780456543,2.5947813987731934
2.6772971153259277,3.231710195541382,2.59561824798584
2.676171064376831,3.229694366455078,2.5959010124206543
2.6754164695739746,3.2282588481903076,2.5958683490753174
2.6754164695739746,3.2282588481903076,2.5958683490753174
2.6747233867645264,3.228809118270874,2.596919298171997
2.6749649047851562,3.22900652885437,2.5969467163085938
2.6754419803619385,3.2295260429382324,2.5970070362091064
2.6754419803619385,3.2295260429382324,2.5970070362091064
2.6754751205444336,3.2287285327911377,2.597200393676758
2.67630672454834,3.228940486907959,2.5965607166290283
2.679165840148926,3.2302680015563965,2.5949296951293945
2.6803784370422363,3.230417251586914,2.5934157371520996
2.6803784370422363,3.230417251586914,2.5934157371520996
2.6807353496551514,3.2303502559661865,2.5930659770965576
2.6807353496551514,3.2303502559661865,2.5930659770965576
2.67975115776062,3.230282783508301,2.5941765308380127
2.67975115776062,3.230282783508301,2.5941765308380127
2.6802003383636475,3.2326018810272217,2.594139337539673
2.68066143989563,3.2321457862854004,2.592542886734009
2.6841156482696533,3.2334508895874023,2.5904221534729004
2.6841156482696533,3.2334508895874023,2.5904221534729004
2.6839587688446045,3.2328341007232666,2.590552806854248
2.6827917098999023,3.2322216033935547,2.5914626121520996
2.679360866546631,3.231869697570801,2.594277858734131
2.679360866546631,3.231869697570801,2.594277858734131
2.6798171997070312,3.2317938804626465,2.593393325805664
2.6800777912139893,3.2310705184936523,2.5914418697357178
2.6800777912139893,3.2310705184936523,2.5914418697357178
2.6825857162475586,3.232562303543091,2.5881712436676025
2.6825857162475586,3.232562303543091,2.5881712436676025
2.682018280029297,3.2338294982910156,2.5895183086395264
2.6790220737457275,3.231675148010254,2.5915920734405518
2.6790220737457275,3.231675148010254,2.5915920734405518
2.6770403385162354,3.232616901397705,2.5947303771972656
2.6775195598602295,3.2337520122528076,2.593998908996582
2.6775195598602295,3.2337520122528076,2.593998908996582
2.6788787841796875,3.2352583408355713,2.593343734741211
2.6788787841796875,3.2352583408355713,2.593343734741211
2.679962158203125,3.2355129718780518,2.5921831130981445
2.6803765296936035,3.236255407333374,2.592226028442383
2.6803765296936035,3.236255407333374,2.592226028442383
2.679485321044922,3.2370707988739014,2.5924975872039795
2.679426670074463,3.2384681701660156,2.5926551818847656
2.6800103187561035,3.2382466793060303,2.5921881198883057
2.6800103187561035,3.2382466793060303,2.5921881198883057
2.6813859939575195,3.239253044128418,2.591367721557617
2.6813859939575195,3.239253044128418,2.591367721557617
2.6836609840393066,3.2397303581237793,2.5888757705688477
2.685514211654663,3.2415716648101807,2.587614059448242
2.685514211654663,3.2415716648101807,2.587614059448242
2.6901628971099854,3.2438223361968994,2.5841331481933594
2.6901628971099854,3.2438223361968994,2.5841331481933594
2.693897008895874,3.246497631072998,2.580811023712158
2.6963350772857666,3.2515289783477783,2.5795652866363525
2.6970653533935547,3.253021001815796,2.5794191360473633
2.6970653533935547,3.253021001815796,2.5794191360473633
2.6984188556671143,3.255197763442993,2.5797388553619385
2.6984188556671143,3.255197763442993,2.5797388553619385
2.700073003768921,3.2555081844329834,2.579169750213623
2.7007896900177,3.2563681602478027,2.5795657634735107
2.7007896900177,3.2563681602478027,2.5795657634735107
2.7020530700683594,3.2587594985961914,2.580444574356079
2.7029566764831543,3.260477066040039,2.5812079906463623
2.7053723335266113,3.261364221572876,2.5795609951019287
2.708285093307495,3.2629148960113525,2.577239990234375
2.708285093307495,3.2629148960113525,2.577239990234375
2.708285093307495,3.2629148960113525,2.577239990234375
2.7098190784454346,3.2635462284088135,2.5759291648864746
2.708512783050537,3.261338233947754,2.5758328437805176
2.708512783050537,3.261338233947754,2.5758328437805176
2.7078773975372314,3.2623884677886963,2.576693058013916
2.7074391841888428,3.263000726699829,2.576608657836914
2.7074391841888428,3.263000726699829,2.576608657836914
2.7079567909240723,3.2633376121520996,2.5757648944854736
2.7084553241729736,3.2627978324890137,2.5752720832824707
2.7084553241729736,3.2627978324890137,2.5752720832824707
2.705294370651245,3.262514352798462,2.5781853199005127
2.703413963317871,3.262037515640259,2.579826593399048
2.703413963317871,3.262037515640259,2.579826593399048
2.7012884616851807,3.2617688179016113,2.5817651748657227
2.7007529735565186,3.2608633041381836,2.580986976623535
2.7024781703948975,3.2610087394714355,2.578507661819458
2.7024781703948975,3.2610087394714355,2.578507661819458
2.705005645751953,3.262568235397339,2.576876401901245
2.7053260803222656,3.2629785537719727,2.5769195556640625
2.7053260803222656,3.2629785537719727,2.5769195556640625
2.704803943634033,3.2615325450897217,2.5771968364715576
2.7056117057800293,3.260883092880249,2.5763916969299316
2.7068662643432617,3.260902166366577,2.575805425643921
2.707519054412842,3.262850284576416,2.5759477615356445
2.7078614234924316,3.2632877826690674,2.5761265754699707
2.708322525024414,3.263749599456787,2.5765435695648193
2.708322525024414,3.263749599456787,2.5765435695648193
2.707664728164673,3.262629747390747,2.577404260635376
2.7072649002075195,3.262317657470703,2.577481746673584
2.7072649002075195,3.262317657470703,2.577481746673584
2.7085134983062744,3.2643816471099854,2.577456474304199
2.7084715366363525,3.265399217605591,2.577444553375244
2.7084715366363525,3.265399217605591,2.577444553375244
2.7078800201416016,3.264400005340576,2.575814723968506
2.7078800201416016,3.264400005340576,2.575814723968506
2.707503080368042,3.264042854309082,2.5746512413024902
2.7079436779022217,3.2658064365386963,2.5749728679656982
2.706655263900757,3.268007516860962,2.575469493865967
2.7052342891693115,3.268381118774414,2.57669997215271
2.7052342891693115,3.268381118774414,2.57669997215271
2.7027111053466797,3.2692902088165283,2.5802698135375977
2.7031874656677246,3.270296096801758,2.5806844234466553
2.7031874656677246,3.270296096801758,2.5806844234466553
2.705420732498169,3.274009943008423,2.5801174640655518
2.7062225341796875,3.2745156288146973,2.5793404579162598
2.708404541015625,3.2756381034851074,2.5775949954986572
2.712132453918457,3.276399850845337,2.5748450756073
2.712132453918457,3.276399850845337,2.5748450756073
2.7140371799468994,3.278921365737915,2.5741443634033203
2.7155799865722656,3.2811601161956787,2.5734825134277344
2.7155799865722656,3.2811601161956787,2.5734825134277344
2.718815565109253,3.2833988666534424,2.570493221282959
2.719642400741577,3.282431125640869,2.5690340995788574
2.7228972911834717,3.282679796218872,2.5659143924713135
2.7228972911834717,3.282679796218872,2.5659143924713135
2.724323034286499,3.284040927886963,2.5652685165405273
2.7248916625976562,3.2856671810150146,2.566108226776123
2.725492238998413,3.2856738567352295,2.565703868865967
2.725492238998413,3.2856738567352295,2.565703868865967
2.72751784324646,3.286817789077759,2.5649654865264893
2.7289111614227295,3.2879507541656494,2.5643808841705322
2.72938871383667,3.2908856868743896,2.5656545162200928
2.72900652885437,3.2903876304626465,2.56581711769104
2.7284529209136963,3.2897369861602783,2.566352605819702
2.7284529209136963,3.2897369861602783,2.566352605819702
2.7279815673828125,3.2899081707000732,2.5672214031219482
2.7271809577941895,3.2901201248168945,2.567767381668091
2.7271809577941895,3.2901201248168945,2.567767381668091
2.727659225463867,3.290881872177124,2.5673491954803467
2.727659225463867,3.290881872177124,2.5673491954803467
2.7270801067352295,3.2904891967773438,2.5677711963653564
2.7293548583984375,3.29093337059021,2.564471483230591
2.731402635574341,3.2916111946105957,2.5627870559692383
2.731402635574341,3.2916111946105957,2.5627870559692383
2.73050594329834,3.2907614707946777,2.5629847049713135
2.729538679122925,3.290370464324951,2.5635781288146973
2.728083372116089,3.290109157562256,2.5649142265319824
2.726752519607544,3.2895100116729736,2.5659449100494385
2.726752519607544,3.2895100116729736,2.5659449100494385
2.727313995361328,3.2895750999450684,2.5658152103424072
2.7280688285827637,3.2895925045013428,2.5649402141571045
2.7280688285827637,3.2895925045013428,2.5649402141571045
2.729079484939575,3.2887721061706543,2.563755989074707
2.7283318042755127,3.288153886795044,2.5639264583587646
2.7283318042755127,3.288153886795044,2.5639264583587646
2.727919816970825,3.289252281188965,2.5666356086730957
2.7275986671447754,3.2894864082336426,2.567026376724243
2.7300336360931396,3.2903544902801514,2.564845561981201
2.7300336360931396,3.2903544902801514,2.564845561981201
2.730679988861084,3.2895753383636475,2.5638883113861084
2.730679988861084,3.2895753383636475,2.5638883113861084
2.7308340072631836,3.289111614227295,2.5637998580932617
2.7302942276000977,3.28967022895813,2.56451416015625
2.7302942276000977,3.28967022895813,2.56451416015625
2.730612277984619,3.290175199508667,2.5638720989227295
2.7308099269866943,3.289172410964966,2.5631356239318848
2.7308099269866943,3.289172410964966,2.5631356239318848
2.7321243286132812,3.288918972015381,2.5617153644561768
2.733328342437744,3.290518045425415,2.5611765384674072
2.733328342437744,3.290518045425415,2.5611765384674072
2.734313726425171,3.291931629180908,2.5609071254730225
2.734313726425171,3.291931629180908,2.5609071254730225
2.7356488704681396,3.291714906692505,2.560270071029663
2.737032175064087,3.2924320697784424,2.5594310760498047
2.737032175064087,3.2924320697784424,2.5594310760498047
2.7378921508789062,3.2933108806610107,2.559152603149414
2.738093137741089,3.2933590412139893,2.558771848678589
2.7389068603515625,3.2941668033599854,2.5585556030273438
2.7394917011260986,3.294485569000244,2.5574488639831543
2.740511417388916,3.2952001094818115,2.556546926498413
2.740837574005127,3.294512987136841,2.555133581161499
2.7412075996398926,3.295485734939575,2.555634021759033
2.7412075996398926,3.295485734939575,2.555634021759033
2.739814043045044,3.294055461883545,2.5564146041870117
2.739814043045044,3.294055461883545,2.5564146041870117
2.7390923500061035,3.294299602508545,2.557478427886963
2.738931894302368,3.2947981357574463,2.5577476024627686
2.7394142150878906,3.296802520751953,2.5575201511383057
2.7394142150878906,3.296802520751953,2.5575201511383057
2.739771842956543,3.2981314659118652,2.557116746902466
2.74008846282959,3.29842209815979,2.5568935871124268
2.7411048412323,3.2975142002105713,2.555464029312134
2.741429567337036,3.297330379486084,2.5548558235168457
2.741429567337036,3.297330379486084,2.5548558235168457
2.742327928543091,3.3008432388305664,2.5554842948913574
2.742900848388672,3.301255941390991,2.554330348968506
2.742900848388672,3.301255941390991,2.554330348968506
2.74377703666687,3.3006632328033447,2.552783489227295
2.74521541595459,3.301727771759033,2.5520284175872803
2.74521541595459,3.301727771759033,2.5520284175872803
2.746518135070801,3.3054561614990234,2.5533459186553955
2.746518135070801,3.3054561614990234,2.5533459186553955
2.7466015815734863,3.3033576011657715,2.552030563354492
2.7466015815734863,3.3033576011657715,2.552030563354492
2.747865915298462,3.303520679473877,2.5510780811309814
2.748117446899414,3.3040435314178467,2.5508391857147217
2.748117446899414,3.3040435314178467,2.5508391857147217
2.747819185256958,3.3051400184631348,2.551607131958008
2.747079372406006,3.303999423980713,2.5518367290496826
2.747083902359009,3.302809953689575,2.5522356033325195
2.747083902359009,3.302809953689575,2.5522356033325195
2.7471883296966553,3.303391695022583,2.552816867828369
2.7463271617889404,3.3034701347351074,2.5535337924957275
2.746184825897217,3.3033528327941895,2.5538063049316406
2.746184825897217,3.3033528327941895,2.5538063049316406
2.747241973876953,3.3022403717041016,2.552706241607666
2.747241973876953,3.3022403717041016,2.552706241607666
2.748509645462036,3.3025834560394287,2.5499298572540283
2.748509645462036,3.3025834560394287,2.5499298572540283
2.7497658729553223,3.303060293197632,2.548604726791382
2.7480533123016357,3.3015427589416504,2.54954195022583
2.7453904151916504,3.2996718883514404,2.551635980606079
2.7453904151916504,3.2996718883514404,2.551635980606079
2.7441494464874268,3.2998690605163574,2.5529520511627197
2.7447054386138916,3.301295757293701,2.5531046390533447
2.7454283237457275,3.3001761436462402,2.552234172821045
2.7466959953308105,3.300693988800049,2.5510292053222656
2.7485411167144775,3.300546884536743,2.5497989654541016
2.749415636062622,3.3003969192504883,2.54919171333313
2.7497894763946533,3.3006162643432617,2.549055337905884
2.7491304874420166,3.3014721870422363,2.5501151084899902
2.749981164932251,3.3013203144073486,2.549179792404175
2.749981164932251,3.3013203144073486,2.549179792404175
2.7528607845306396,3.3017184734344482,2.5470187664031982
2.7528607845306396,3.3017184734344482,2.5470187664031982
2.7548232078552246,3.3027141094207764,2.5447804927825928
2.756377696990967,3.302671432495117,2.543210744857788
2.7559385299682617,3.302090883255005,2.5433077812194824
2.7543506622314453,3.301154613494873,2.5445053577423096
2.7543506622314453,3.301154613494873,2.5445053577423096
2.754638671875,3.302666187286377,2.5448241233825684
2.7551639080047607,3.303082227706909,2.5444345474243164
2.7551639080047607,3.303082227706909,2.5444345474243164
2.7549867630004883,3.3030970096588135,2.5447375774383545
2.7537894248962402,3.3025400638580322,2.545732259750366
2.7537894248962402,3.3025400638580322,2.545732259750366
2.753500461578369,3.3016281127929688,2.545336961746216
2.753906726837158,3.3017890453338623,2.544830560684204
2.753906726837158,3.3017890453338623,2.544830560684204
2.7553322315216064,3.3030333518981934,2.5436105728149414
2.7539689540863037,3.3013174533843994,2.5436885356903076
2.7539689540863037,3.3013174533843994,2.5436885356903076
2.7543792724609375,3.301177978515625,2.543579578399658
2.7558348178863525,3.3012216091156006,2.541736364364624
2.7558348178863525,3.3012216091156006,2.541736364364624
2.7592618465423584,3.303298234939575,2.538365364074707
2.7584471702575684,3.3027853965759277,2.5389230251312256
2.7584471702575684,3.3027853965759277,2.5389230251312256
2.757437229156494,3.30214524269104,2.540522575378418
2.756774425506592,3.3027114868164062,2.541355848312378
2.759213924407959,3.304271936416626,2.540464162826538
2.7622194290161133,3.3072268962860107,2.5387773513793945
2.762985944747925,3.306168556213379,2.537240505218506
2.7630128860473633,3.3055450916290283,2.5366694927215576
2.7630128860473633,3.3055450916290283,2.5366694927215576
2.7620832920074463,3.304211378097534,2.5376219749450684
2.7620832920074463,3.304211378097534,2.5376219749450684
2.760828971862793,3.3057217597961426,2.539689302444458
2.760612726211548,3.306117534637451,2.539748191833496
2.762425422668457,3.3062808513641357,2.5371837615966797
2.762425422668457,3.3062808513641357,2.5371837615966797
2.7632734775543213,3.3069353103637695,2.536078691482544
2.763036012649536,3.3070778846740723,2.5359532833099365
2.763036012649536,3.3070778846740723,2.5359532833099365
2.7627665996551514,3.308464527130127,2.536655902862549
2.7632758617401123,3.3085436820983887,2.536663770675659
2.7628180980682373,3.3071978092193604,2.5364222526550293
2.764484405517578,3.309321641921997,2.5366718769073486
2.765545129776001,3.310945749282837,2.536201000213623
2.765545129776001,3.310945749282837,2.536201000213623
2.767132043838501,3.3127353191375732,2.534905433654785
2.7667415142059326,3.311967611312866,2.5345799922943115
2.7667415142059326,3.311967611312866,2.5345799922943115
2.7701468467712402,3.312796115875244,2.5317108631134033
2.771318197250366,3.3137919902801514,2.5308351516723633
2.771318197250366,3.3137919902801514,2.5308351516723633
2.7736012935638428,3.31554913520813,2.5295491218566895
2.774038076400757,3.316152811050415,2.529285192489624
2.774038076400757,3.316152811050415,2.529285192489624
2.775641679763794,3.315369129180908,2.5273163318634033
2.775773048400879,3.315183401107788,2.5269033908843994
2.7773892879486084,3.317767858505249,2.526461601257324
2.7773892879486084,3.317767858505249,2.526461601257324
2.778435230255127,3.317805290222168,2.5250799655914307
2.7783451080322266,3.316192150115967,2.524151563644409
2.778136730194092,3.3160932064056396,2.5243585109710693
2.778136730194092,3.3160932064056396,2.5243585109710693
2.779752016067505,3.318758249282837,2.5242652893066406
2.779752016067505,3.318758249282837,2.5242652893066406
2.7804317474365234,3.318976402282715,2.5233962535858154
2.7804317474365234,3.318976402282715,2.5233962535858154
2.780709743499756,3.3175997734069824,2.522082805633545
2.7807791233062744,3.316343069076538,2.521165370941162
2.7788829803466797,3.3165624141693115,2.522707462310791
2.7788829803466797,3.3165624141693115,2.522707462310791
2.778609275817871,3.316434383392334,2.522855520248413
2.778747797012329,3.3159778118133545,2.5227725505828857
2.778193950653076,3.3154497146606445,2.522723436355591
2.778193950653076,3.3154497146606445,2.522723436355591
2.778761863708496,3.3163020610809326,2.5226261615753174
2.778761863708496,3.3163020610809326,2.5226261615753174
2.780773162841797,3.317673683166504,2.5212783813476562
2.7815654277801514,3.3168232440948486,2.5200767517089844
2.7819037437438965,3.3166332244873047,2.5201916694641113
2.7819037437438965,3.3166332244873047,2.5201916694641113
2.7833609580993652,3.3170220851898193,2.5196449756622314
2.78371000289917,3.3191444873809814,2.5203025341033936
2.7847774028778076,3.319610595703125,2.5196659564971924
2.7847774028778076,3.319610595703125,2.5196659564971924
2.7857067584991455,3.319150447845459,2.5190610885620117
2.7861857414245605,3.3176589012145996,2.518979072570801
2.784882068634033,3.3166892528533936,2.5199427604675293
2.783473014831543,3.318942070007324,2.5229732990264893
2.783473014831543,3.318942070007324,2.5229732990264893
2.7835230827331543,3.3175179958343506,2.5213918685913086
2.7851645946502686,3.3171961307525635,2.519620418548584
2.7862324714660645,3.317983865737915,2.519045352935791
2.7862324714660645,3.317983865737915,2.519045352935791
2.788179874420166,3.3188295364379883,2.516866445541382
2.7885546684265137,3.319366693496704,2.5168099403381348
2.786790132522583,3.3185436725616455,2.517202138900757
2.7868411540985107,3.31876277923584,2.5174319744110107
2.786820888519287,3.3194756507873535,2.51775860786438
2.786677360534668,3.3203446865081787,2.5184879302978516
2.7872071266174316,3.3222692012786865,2.5188779830932617
2.787677764892578,3.3229265213012695,2.519183874130249
2.7880795001983643,3.3222451210021973,2.518357038497925
2.788971424102783,3.3227524757385254,2.5178322792053223
2.7894535064697266,3.3232951164245605,2.517537832260132
2.7894535064697266,3.3232951164245605,2.517537832260132
2.790435314178467,3.326399326324463,2.5168440341949463
2.7908055782318115,3.326741933822632,2.516223669052124
2.793117046356201,3.327413320541382,2.5132856369018555
2.793117046356201,3.327413320541382,2.5132856369018555
2.795289993286133,3.3284425735473633,2.510300636291504
2.795289993286133,3.3284425735473633,2.510300636291504
2.7981879711151123,3.330142021179199,2.5072593688964844
2.7981879711151123,3.330142021179199,2.5072593688964844
2.7998416423797607,3.3315176963806152,2.505923271179199
2.799189567565918,3.331465721130371,2.5065083503723145
2.7985222339630127,3.3311479091644287,2.507157325744629
2.7981526851654053,3.3309247493743896,2.5074009895324707
2.79935884475708,3.3320930004119873,2.507213592529297
2.79935884475708,3.3320930004119873,2.507213592529297
2.8006083965301514,3.332942247390747,2.5064210891723633
2.8006083965301514,3.332942247390747,2.5064210891723633
2.8014588356018066,3.332261800765991,2.505462884902954
2.8014588356018066,3.332261800765991,2.505462884902954
2.801941394805908,3.3319203853607178,2.50543475151062
2.800769329071045,3.333759307861328,2.507554054260254
2.800769329071045,3.333759307861328,2.507554054260254
2.8013086318969727,3.3335120677948,2.507071018218994
2.802865505218506,3.3335354328155518,2.505551338195801
2.802971839904785,3.333909749984741,2.5052595138549805
2.802971839904785,3.333909749984741,2.5052595138549805
2.804774284362793,3.335265636444092,2.504173517227173
2.804774284362793,3.335265636444092,2.504173517227173
2.8043506145477295,3.334995985031128,2.5041513442993164
2.8043506145477295,3.334995985031128,2.5041513442993164
2.8027687072753906,3.3339900970458984,2.505048990249634
2.8027219772338867,3.334871292114258,2.505195379257202
2.8027219772338867,3.334871292114258,2.505195379257202
2.803887367248535,3.3358473777770996,2.503892421722412
2.8031723499298096,3.3364098072052,2.5044138431549072
2.803880453109741,3.3356618881225586,2.503514528274536
2.803880453109741,3.3356618881225586,2.503514528274536
2.803744316101074,3.336423873901367,2.5045387744903564
2.803744316101074,3.336423873901367,2.5045387744903564
2.8052566051483154,3.3368303775787354,2.5040769577026367
2.8066916465759277,3.3370728492736816,2.503000497817993
2.8066916465759277,3.3370728492736816,2.503000497817993
2.8071131706237793,3.336162567138672,2.502493381500244
2.806874990463257,3.3357629776000977,2.502692699432373
2.807507038116455,3.3356523513793945,2.502185106277466
2.807507038116455,3.3356523513793945,2.502185106277466
2.808971643447876,3.337517261505127,2.5023977756500244
2.809375524520874,3.3382716178894043,2.502833127975464
2.809375524520874,3.3382716178894043,2.502833127975464
2.8110504150390625,3.33917498588562,2.501803398132324
2.811635971069336,3.3395581245422363,2.5016510486602783
2.811192512512207,3.34029221534729,2.501789093017578
2.811192512512207,3.34029221534729,2.501789093017578
2.8110432624816895,3.3408703804016113,2.5017952919006348
2.8110432624816895,3.3408703804016113,2.5017952919006348
2.812800407409668,3.339898109436035,2.500110626220703
2.8129889965057373,3.340714693069458,2.500271797180176
2.812364339828491,3.3413805961608887,2.500950336456299
2.8117706775665283,3.3410844802856445,2.5004050731658936
2.8124921321868896,3.3411314487457275,2.499674081802368
2.8124921321868896,3.3411314487457275,2.499674081802368
2.813384532928467,3.340542793273926,2.4977777004241943
2.813384532928467,3.340542793273926,2.4977777004241943
2.8148880004882812,3.3409671783447266,2.4954843521118164
2.8153507709503174,3.3430750370025635,2.4958276748657227
2.8153507709503174,3.3430750370025635,2.4958276748657227
2.8164432048797607,3.34470796585083,2.4957275390625
2.8171939849853516,3.3437674045562744,2.495004415512085
2.8173716068267822,3.3439736366271973,2.4949047565460205
2.8173716068267822,3.3439736366271973,2.4949047565460205
2.8175642490386963,3.34625506401062,2.495304822921753
2.8175642490386963,3.34625506401062,2.495304822921753
2.8182318210601807,3.3471310138702393,2.4942407608032227
2.818760395050049,3.347790002822876,2.493901014328003
2.8185110092163086,3.348226308822632,2.4942514896392822
2.8189780712127686,3.3488638401031494,2.4940574169158936
2.8194751739501953,3.3495841026306152,2.493950605392456
2.819807529449463,3.350188732147217,2.492685317993164
2.819807529449463,3.350188732147217,2.492685317993164
2.821324586868286,3.352144718170166,2.4906203746795654
2.822251081466675,3.3530447483062744,2.4891884326934814
2.822896718978882,3.353863477706909,2.4878275394439697
2.8228909969329834,3.3541653156280518,2.487466335296631
2.8228909969329834,3.3541653156280518,2.487466335296631
2.82434344291687,3.3560924530029297,2.486341714859009
2.82434344291687,3.3560924530029297,2.486341714859009
2.826127290725708,3.356828451156616,2.48514986038208
2.826127290725708,3.356828451156616,2.48514986038208
2.8253960609436035,3.3556268215179443,2.4853756427764893
2.8246076107025146,3.3561787605285645,2.4872653484344482
2.8246076107025146,3.3561787605285645,2.4872653484344482
2.824868679046631,3.357832193374634,2.4881255626678467
2.824868679046631,3.357832193374634,2.4881255626678467
2.8241984844207764,3.356555938720703,2.488525152206421
2.824458599090576,3.3561036586761475,2.488307476043701
2.826228141784668,3.357048749923706,2.4884119033813477
2.826434373855591,3.3564395904541016,2.4881341457366943
2.826434373855591,3.3564395904541016,2.4881341457366943
2.827235698699951,3.35748553276062,2.488013982772827
2.827235460281372,3.356677293777466,2.4877748489379883
2.827235460281372,3.356677293777466,2.4877748489379883
2.826575994491577,3.354748249053955,2.4871487617492676
2.827306032180786,3.3548567295074463,2.4864251613616943
2.8288204669952393,3.3552963733673096,2.4851675033569336
2.8288204669952393,3.3552963733673096,2.4851675033569336
2.829169511795044,3.3554513454437256,2.484990119934082
2.829169511795044,3.3554513454437256,2.484990119934082
2.8281896114349365,3.3530592918395996,2.4851579666137695
2.827307939529419,3.3524703979492188,2.4855406284332275
2.827937364578247,3.3537051677703857,2.4854965209960938
2.829299211502075,3.3551135063171387,2.4837088584899902
2.829299211502075,3.3551135063171387,2.4837088584899902
2.830582618713379,3.354832887649536,2.4821810722351074
2.831881284713745,3.354764461517334,2.4812331199645996
2.831881284713745,3.354764461517334,2.4812331199645996
2.8320610523223877,3.3546342849731445,2.481300115585327
2.832204580307007,3.3559818267822266,2.481534957885742
2.832204580307007,3.3559818267822266,2.481534957885742
2.833146095275879,3.3565850257873535,2.4803011417388916
2.835340976715088,3.3574633598327637,2.478745222091675
2.836475372314453,3.3575754165649414,2.478101968765259
2.836475372314453,3.3575754165649414,2.478101968765259
2.837405204772949,3.357724905014038,2.4768803119659424
2.837405204772949,3.357724905014038,2.4768803119659424
2.839134931564331,3.3581137657165527,2.47572660446167
2.8395328521728516,3.358517646789551,2.4756500720977783
2.8395328521728516,3.358517646789551,2.4756500720977783
2.8395328521728516,3.3575727939605713,2.4760921001434326
2.839771270751953,3.3578567504882812,2.4761812686920166
2.839771270751953,3.3578567504882812,2.4761812686920166
2.8409221172332764,3.3593757152557373,2.4751031398773193
2.841557264328003,3.3586249351501465,2.4734137058258057
2.8415098190307617,3.3582193851470947,2.4731361865997314
2.8415098190307617,3.3582193851470947,2.4731361865997314
2.8420515060424805,3.358020305633545,2.4725894927978516
2.8420515060424805,3.358020305633545,2.4725894927978516
2.8417763710021973,3.357896566390991,2.472395896911621
2.8417763710021973,3.357896566390991,2.472395896911621
2.842505931854248,3.3586606979370117,2.4716782569885254
2.842348098754883,3.3585760593414307,2.4713144302368164
2.842348098754883,3.3585760593414307,2.4713144302368164
2.8418314456939697,3.358842611312866,2.471475839614868
2.8419792652130127,3.358585834503174,2.4713971614837646
2.84291672706604,3.358994245529175,2.470310926437378
2.843231201171875,3.3595597743988037,2.4704136848449707
2.8443877696990967,3.3599398136138916,2.4693212509155273
2.8443877696990967,3.3599398136138916,2.4693212509155273
2.844627618789673,3.3591630458831787,2.468787431716919
2.8448379039764404,3.360731363296509,2.470472812652588
2.8448379039764404,3.360731363296509,2.470472812652588
2.845905065536499,3.3625328540802,2.471242666244507
2.845905065536499,3.3625328540802,2.471242666244507
2.8472118377685547,3.363415002822876,2.470165491104126
2.8474791049957275,3.3627164363861084,2.469575881958008
2.848210573196411,3.3641738891601562,2.4692623615264893
2.848210573196411,3.3641738891601562,2.4692623615264893
2.8483481407165527,3.365748405456543,2.4695231914520264
2.8483002185821533,3.365617513656616,2.4685163497924805
2.852602243423462,3.367687702178955,2.464158058166504
2.852602243423462,3.367687702178955,2.464158058166504
2.857194423675537,3.3717479705810547,2.4602038860321045
2.8592140674591064,3.3726718425750732,2.4568281173706055
2.8616044521331787,3.373805522918701,2.454050064086914
2.8616044521331787,3.373805522918701,2.454050064086914
2.8616669178009033,3.372941732406616,2.4534475803375244
2.8616669178009033,3.372941732406616,2.4534475803375244
2.8613955974578857,3.372671127319336,2.4538090229034424
2.8613433837890625,3.3730413913726807,2.454218626022339
2.8612406253814697,3.3741443157196045,2.4547767639160156
2.861975908279419,3.376214027404785,2.454960823059082
2.8617756366729736,3.3756017684936523,2.454612970352173
2.8617756366729736,3.3756017684936523,2.454612970352173
2.8625309467315674,3.37532901763916,2.4537525177001953
2.8625309467315674,3.37532901763916,2.4537525177001953
2.8628973960876465,3.3752517700195312,2.454005002975464
2.8627471923828125,3.3754985332489014,2.4547979831695557
2.8627471923828125,3.3754985332489014,2.4547979831695557
2.8617639541625977,3.3756439685821533,2.455609083175659
2.8617639541625977,3.3756439685821533,2.455609083175659
2.8629603385925293,3.3762893676757812,2.455188035964966
2.86456298828125,3.3759374618530273,2.453176259994507
2.86456298828125,3.3759374618530273,2.453176259994507
2.8658928871154785,3.3765182495117188,2.452225923538208
2.8654839992523193,3.3757729530334473,2.452594518661499
2.8651702404022217,3.3747315406799316,2.4528162479400635
2.8651702404022217,3.3747315406799316,2.4528162479400635
2.8655991554260254,3.374971866607666,2.4534831047058105
2.8655991554260254,3.374971866607666,2.4534831047058105
2.865347385406494,3.375403642654419,2.453707456588745
2.865523099899292,3.3750758171081543,2.453770160675049
2.865523099899292,3.3750758171081543,2.453770160675049
2.865044116973877,3.372246026992798,2.45338773727417
2.865044116973877,3.372246026992798,2.45338773727417
2.8643903732299805,3.372147798538208,2.453932762145996
2.864450454711914,3.3724939823150635,2.453509569168091
2.864450454711914,3.3724939823150635,2.453509569168091
2.8663291931152344,3.3731625080108643,2.4512991905212402
2.866896629333496,3.3733155727386475,2.450361728668213
2.866896629333496,3.3733155727386475,2.450361728668213
2.8671679496765137,3.3734257221221924,2.449472188949585
2.8678321838378906,3.3735339641571045,2.4486982822418213
2.8678321838378906,3.3735339641571045,2.4486982822418213
2.8707447052001953,3.3752832412719727,2.44629168510437
2.8707447052001953,3.3752832412719727,2.44629168510437
2.8732481002807617,3.37490177154541,2.444622039794922
2.8732481002807617,3.37490177154541,2.444622039794922
2.87363862991333,3.376434803009033,2.4447035789489746
2.874375581741333,3.3776702880859375,2.4443252086639404
2.874375581741333,3.3776702880859375,2.4443252086639404
2.8741283416748047,3.3773863315582275,2.4442663192749023
2.8743340969085693,3.376847982406616,2.4444191455841064
2.875264883041382,3.376699209213257,2.4429469108581543
2.875264883041382,3.376699209213257,2.4429469108581543
2.8759615421295166,3.3791286945343018,2.443053722381592
2.8759615421295166,3.3791286945343018,2.443053722381592
2.8748810291290283,3.378995418548584,2.443633794784546
2.873831272125244,3.378129482269287,2.4446067810058594
2.8730263710021973,3.377915620803833,2.445389986038208
2.8730263710021973,3.377915620803833,2.445389986038208
2.873297929763794,3.3787946701049805,2.4438092708587646
2.8766331672668457,3.379833459854126,2.4408912658691406
2.8766331672668457,3.379833459854126,2.4408912658691406
2.8771393299102783,3.3802292346954346,2.4404215812683105
2.876188039779663,3.3802764415740967,2.441574811935425
2.876188039779663,3.3802764415740967,2.441574811935425
2.8768465518951416,3.380815029144287,2.4411070346832275
2.8782269954681396,3.3820993900299072,2.440126895904541
2.8782269954681396,3.3820993900299072,2.440126895904541
2.8790135383605957,3.3838329315185547,2.439865827560425
2.8790135383605957,3.3838329315185547,2.439865827560425
2.880138874053955,3.3836119174957275,2.439283609390259
2.8793036937713623,3.383700132369995,2.440654993057251
2.8793036937713623,3.383700132369995,2.440654993057251
2.8763773441314697,3.3819711208343506,2.4436428546905518
2.8757786750793457,3.381988286972046,2.4441685676574707
2.875476121902466,3.3820748329162598,2.4437742233276367
2.8787708282470703,3.3847265243530273,2.4407780170440674
2.8810741901397705,3.3853249549865723,2.438164710998535
2.882351875305176,3.386535167694092,2.4367339611053467
2.882351875305176,3.386535167694092,2.4367339611053467
2.8848559856414795,3.3878140449523926,2.434572219848633
2.8848559856414795,3.3878140449523926,2.434572219848633
2.885971784591675,3.3901543617248535,2.4345626831054688
2.885971784591675,3.3901543617248535,2.4345626831054688
2.885998249053955,3.3917384147644043,2.4348502159118652
2.8865392208099365,3.391719102859497,2.4339914321899414
2.8871665000915527,3.39106822013855,2.433328151702881
2.8878369331359863,3.3912222385406494,2.432469367980957
2.8878369331359863,3.3912222385406494,2.432469367980957
2.888413190841675,3.393237590789795,2.4332895278930664
2.888413190841675,3.393237590789795,2.4332895278930664
2.8858983516693115,3.39094614982605,2.4347097873687744
2.8858983516693115,3.39094614982605,2.4347097873687744
2.886505603790283,3.392660617828369,2.4348249435424805
2.8869316577911377,3.3936712741851807,2.434418201446533
2.8885982036590576,3.393768787384033,2.4310190677642822
2.8893396854400635,3.391160011291504,2.4294605255126953
2.8893396854400635,3.391160011291504,2.4294605255126953
2.8885257244110107,3.3899929523468018,2.4298782348632812
2.888366937637329,3.3926777839660645,2.4314680099487305
2.8887741565704346,3.3937089443206787,2.4314281940460205
2.889475107192993,3.394239664077759,2.430607795715332
2.8906736373901367,3.3935129642486572,2.429704427719116
2.8911375999450684,3.392857551574707,2.4288315773010254
2.8918397426605225,3.3930675983428955,2.42818284034729
2.891972303390503,3.3944590091705322,2.428421974182129
2.892274856567383,3.393437385559082,2.427764415740967
2.8922643661499023,3.393068552017212,2.4276678562164307
2.893646717071533,3.3932764530181885,2.426326036453247
2.8981423377990723,3.3952014446258545,2.422506332397461
2.8981423377990723,3.3952014446258545,2.422506332397461
2.899766683578491,3.3963122367858887,2.4202167987823486
2.9002795219421387,3.3962886333465576,2.419954299926758
2.8991198539733887,3.3931498527526855,2.4203412532806396
2.898574113845825,3.393724203109741,2.4221436977386475
2.897876262664795,3.3944942951202393,2.4237091541290283
2.897876262664795,3.3944942951202393,2.4237091541290283
2.899146795272827,3.3962342739105225,2.42404842376709
2.899146795272827,3.3962342739105225,2.42404842376709
2.901642084121704,3.3953909873962402,2.4227473735809326
2.901642084121704,3.3953909873962402,2.4227473735809326
2.902719259262085,3.395425796508789,2.4214725494384766
2.9015884399414062,3.3955225944519043,2.4229018688201904
2.9015884399414062,3.3955225944519043,2.4229018688201904
2.900743007659912,3.395557165145874,2.4234893321990967
2.900743007659912,3.395557165145874,2.4234893321990967
2.905823230743408,3.3965344429016113,2.4177050590515137
2.906933546066284,3.3966333866119385,2.415388584136963
2.9087932109832764,3.3982720375061035,2.4136524200439453
2.9097070693969727,3.3980488777160645,2.4118454456329346
2.9097824096679688,3.397348642349243,2.4109814167022705
2.9097824096679688,3.397348642349243,2.4109814167022705
2.909377336502075,3.3980841636657715,2.4115610122680664
2.909377336502075,3.3980841636657715,2.4115610122680664
2.9096639156341553,3.400228500366211,2.4116077423095703
2.9096639156341553,3.400228500366211,2.4116077423095703
2.9103403091430664,3.402086019515991,2.410942316055298
2.9103403091430664,3.402086019515991,2.410942316055298
2.9123952388763428,3.403520107269287,2.4102518558502197
2.9130020141601562,3.4038033485412598,2.409575939178467
2.9130020141601562,3.4038033485412598,2.409575939178467
2.912370443344116,3.405559778213501,2.410972833633423
2.9122536182403564,3.4061663150787354,2.4106266498565674
2.9122536182403564,3.4061663150787354,2.4106266498565674
2.913555145263672,3.406628131866455,2.409114122390747
2.913844585418701,3.4071710109710693,2.409083127975464
2.914557933807373,3.408508062362671,2.4084630012512207
2.914557933807373,3.408508062362671,2.4084630012512207
2.916433811187744,3.4097297191619873,2.4070348739624023
2.916433811187744,3.4097297191619873,2.4070348739624023
2.9196691513061523,3.4120635986328125,2.405742645263672
2.9230477809906006,3.4124550819396973,2.403749704360962
2.9232356548309326,3.412539005279541,2.4038867950439453
2.9232356548309326,3.412539005279541,2.4038867950439453
2.9236807823181152,3.413666009902954,2.404125213623047
2.9235665798187256,3.413928270339966,2.403850793838501
2.9220080375671387,3.4122650623321533,2.4041860103607178
2.9220080375671387,3.4122650623321533,2.4041860103607178
2.919522285461426,3.4092962741851807,2.405512571334839
2.919522285461426,3.4092962741851807,2.405512571334839
2.9192309379577637,3.411698579788208,2.406855821609497
2.9192309379577637,3.411698579788208,2.406855821609497
2.920039176940918,3.413069009780884,2.4064059257507324
2.920386791229248,3.4123387336730957,2.404876232147217
2.920386791229248,3.4123387336730957,2.404876232147217
2.9198784828186035,3.4121503829956055,2.4049432277679443
2.9198784828186035,3.4121503829956055,2.4049432277679443
2.919140577316284,3.4125049114227295,2.4055674076080322
2.9189577102661133,3.4120800495147705,2.4052531719207764
2.9189577102661133,3.4120800495147705,2.4052531719207764
2.9198896884918213,3.4116172790527344,2.404585599899292
2.921269178390503,3.410761594772339,2.4028167724609375
2.921269178390503,3.410761594772339,2.4028167724609375
2.922182083129883,3.41139554977417,2.4016506671905518
2.922182083129883,3.41139554977417,2.4016506671905518
2.9211390018463135,3.4106991291046143,2.4028921127319336
2.9205875396728516,3.409243583679199,2.403064250946045
2.921382427215576,3.4077870845794678,2.4023091793060303
2.921630620956421,3.407146692276001,2.4019062519073486
2.921630620956421,3.407146692276001,2.4019062519073486
2.921436071395874,3.4081358909606934,2.4032692909240723
2.9212751388549805,3.4077322483062744,2.4033098220825195
2.921886682510376,3.407613754272461,2.4020330905914307
2.921886682510376,3.407613754272461,2.4020330905914307
2.924309015274048,3.4088292121887207,2.398991346359253
2.924309015274048,3.4088292121887207,2.398991346359253
2.9259860515594482,3.4100844860076904,2.396986961364746
2.924259662628174,3.4078378677368164,2.3968911170959473
2.924259662628174,3.4078378677368164,2.3968911170959473
2.923415422439575,3.4081287384033203,2.3978233337402344
2.9238462448120117,3.4102323055267334,2.3989973068237305
2.9238462448120117,3.4102323055267334,2.3989973068237305
2.925621271133423,3.4099552631378174,2.3976809978485107
2.9272749423980713,3.4099438190460205,2.3966355323791504
2.9272749423980713,3.4099438190460205,2.3966355323791504
2.9283607006073,3.410245418548584,2.396062135696411
2.9286611080169678,3.411328077316284,2.3965704441070557
2.9286611080169678,3.411328077316284,2.3965704441070557
2.928481101989746,3.411468744277954,2.3971517086029053
2.928481101989746,3.411468744277954,2.3971517086029053
2.929962158203125,3.4121181964874268,2.3965413570404053
2.929962158203125,3.4121181964874268,2.3965413570404053
2.929863452911377,3.412447929382324,2.396029233932495
2.930278778076172,3.4138078689575195,2.3964617252349854
2.930278778076172,3.4138078689575195,2.3964617252349854
2.9292356967926025,3.4116148948669434,2.3941807746887207
2.928457021713257,3.410700798034668,2.3932857513427734
2.928457021713257,3.410700798034668,2.3932857513427734
2.9296910762786865,3.4113316535949707,2.3908305168151855
2.930962085723877,3.411700963973999,2.3889355659484863
2.932997703552246,3.411978244781494,2.385828971862793
2.934706687927246,3.413379192352295,2.38362193107605
2.934706687927246,3.413379192352295,2.38362193107605
2.935930013656616,3.4137208461761475,2.3815901279449463
2.9365992546081543,3.414280891418457,2.3811330795288086
2.9365992546081543,3.414280891418457,2.3811330795288086
2.9364356994628906,3.415257453918457,2.381523847579956
2.9372782707214355,3.4170033931732178,2.381830930709839
2.9372782707214355,3.4170033931732178,2.381830930709839
2.9375104904174805,3.4183144569396973,2.382214307785034
2.9377307891845703,3.4184608459472656,2.3821754455566406
2.9377307891845703,3.4184608459472656,2.3821754455566406
2.9382076263427734,3.418872356414795,2.3819735050201416
2.9382076263427734,3.418872356414795,2.3819735050201416
2.9371097087860107,3.4189534187316895,2.3837544918060303
2.9372963905334473,3.4194538593292236,2.383735418319702
2.938326835632324,3.4200124740600586,2.382835865020752
2.939333438873291,3.4190683364868164,2.381620407104492
2.939333438873291,3.4190683364868164,2.381620407104492
2.938931465148926,3.418718099594116,2.382255792617798
2.938931465148926,3.418718099594116,2.382255792617798
2.941254138946533,3.4191555976867676,2.380915880203247
2.941657066345215,3.41972279548645,2.3814024925231934
2.941657066345215,3.41972279548645,2.3814024925231934
2.9421207904815674,3.4196760654449463,2.381988763809204
2.9424002170562744,3.4197280406951904,2.382479190826416
2.9422719478607178,3.4209892749786377,2.3833460807800293
2.9422719478607178,3.4209892749786377,2.3833460807800293
2.9411022663116455,3.4208831787109375,2.3834731578826904
2.9411022663116455,3.4208831787109375,2.3834731578826904
2.9419097900390625,3.420354127883911,2.381422758102417
2.9423916339874268,3.4197168350219727,2.3800597190856934
2.9427566528320312,3.4207916259765625,2.3791913986206055
2.9427566528320312,3.4207916259765625,2.3791913986206055
2.9439589977264404,3.4223785400390625,2.3780770301818848
2.9444563388824463,3.421694278717041,2.376823663711548
2.9436230659484863,3.42171311378479,2.3771276473999023
2.9436230659484863,3.42171311378479,2.3771276473999023
2.9440577030181885,3.4226160049438477,2.3771467208862305
2.9444665908813477,3.4227232933044434,2.3773789405822754
2.944624662399292,3.422170639038086,2.376934051513672
2.944624662399292,3.422170639038086,2.376934051513672
2.946380376815796,3.422724723815918,2.376209259033203
2.946985960006714,3.4238994121551514,2.376410484313965
2.946985960006714,3.4238994121551514,2.376410484313965
2.948437213897705,3.42175555229187,2.3746304512023926
2.95005464553833,3.422307252883911,2.373411178588867
2.95005464553833,3.422307252883911,2.373411178588867
2.9513580799102783,3.42378568649292,2.3731603622436523
2.9513580799102783,3.42378568649292,2.3731603622436523
2.951139450073242,3.423828125,2.372445821762085
2.951139450073242,3.423828125,2.372445821762085
2.9525930881500244,3.423976421356201,2.3713409900665283
2.951965808868408,3.4234912395477295,2.371260166168213
2.951965808868408,3.4234912395477295,2.371260166168213
2.9522006511688232,3.424453020095825,2.3706796169281006
2.9521102905273438,3.424180746078491,2.370039701461792
2.9521102905273438,3.424180746078491,2.370039701461792
2.952343225479126,3.42303729057312,2.3693273067474365
2.952343225479126,3.42303729057312,2.3693273067474365
2.9526124000549316,3.422264814376831,2.369169235229492
2.954042673110962,3.4229815006256104,2.3675239086151123
2.9546098709106445,3.4230523109436035,2.366734266281128
2.954953670501709,3.4239535331726074,2.3669614791870117
2.954953670501709,3.4239535331726074,2.3669614791870117
2.9547760486602783,3.423887014389038,2.3682925701141357
2.95442271232605,3.4234349727630615,2.368567705154419
2.9541330337524414,3.423190116882324,2.3690905570983887
2.954653024673462,3.4239795207977295,2.369220733642578
2.954653024673462,3.4239795207977295,2.369220733642578
2.956183433532715,3.4262354373931885,2.368896484375
2.956183433532715,3.4262354373931885,2.368896484375
2.956824779510498,3.426213264465332,2.3672804832458496
2.9572722911834717,3.4265687465667725,2.3662307262420654
2.9572722911834717,3.4265687465667725,2.3662307262420654
2.9561798572540283,3.4281554222106934,2.3673603534698486
2.956554651260376,3.4279725551605225,2.3669443130493164
2.958951950073242,3.4281272888183594,2.364591598510742
2.958951950073242,3.4281272888183594,2.364591598510742
2.9596149921417236,3.4291372299194336,2.364091634750366
2.9596149921417236,3.4291372299194336,2.364091634750366
2.961390972137451,3.431874990463257,2.362597703933716
2.961390972137451,3.431874990463257,2.362597703933716
2.9638757705688477,3.432044744491577,2.359492063522339
2.9649100303649902,3.4315147399902344,2.357630491256714
2.9654738903045654,3.432002544403076,2.358412027359009
2.9654738903045654,3.432002544403076,2.358412027359009
2.9644880294799805,3.4324047565460205,2.3595478534698486
2.9644880294799805,3.4324047565460205,2.3595478534698486
2.962777614593506,3.432183027267456,2.361177444458008
2.96208119392395,3.4305899143218994,2.361133337020874
2.9623026847839355,3.43001651763916,2.360643148422241
2.962252140045166,3.4303388595581055,2.3601138591766357
2.961604595184326,3.4298758506774902,2.360280990600586
2.961604595184326,3.4298758506774902,2.360280990600586
2.962090015411377,3.4304137229919434,2.3600118160247803
2.9621031284332275,3.4304380416870117,2.359780788421631
2.9621031284332275,3.4304380416870117,2.359780788421631
2.9632914066314697,3.429344654083252,2.3575007915496826
2.9639601707458496,3.4288480281829834,2.3567557334899902
2.9639601707458496,3.4288480281829834,2.3567557334899902
2.9641125202178955,3.4280245304107666,2.3559398651123047
2.96423602104187,3.4268157482147217,2.3556406497955322
2.9643869400024414,3.4268012046813965,2.355833053588867
2.9643869400024414,3.4268012046813965,2.355833053588867
2.9650304317474365,3.4276957511901855,2.355821132659912
2.965728282928467,3.427079916000366,2.355198383331299
2.965386152267456,3.4265940189361572,2.3552308082580566
2.965510845184326,3.425583839416504,2.3553402423858643
2.965510845184326,3.425583839416504,2.3553402423858643
2.964695453643799,3.4242475032806396,2.3557536602020264
2.963019609451294,3.424222707748413,2.357539653778076
2.9628849029541016,3.423919200897217,2.357771158218384
2.96392822265625,3.423945188522339,2.357196807861328
2.96392822265625,3.423945188522339,2.357196807861328
2.9670960903167725,3.4232330322265625,2.352984666824341
2.969665765762329,3.4248809814453125,2.3507628440856934
2.969665765762329,3.4248809814453125,2.3507628440856934
2.970858573913574,3.4257586002349854,2.34977126121521
2.970858573913574,3.4257586002349854,2.34977126121521
2.971686363220215,3.4232113361358643,2.348798990249634
2.9716527462005615,3.422476053237915,2.3486907482147217
2.9729602336883545,3.4258744716644287,2.349480152130127
2.9729602336883545,3.4258744716644287,2.349480152130127
2.9731314182281494,3.4257147312164307,2.348601818084717
2.9731314182281494,3.4257147312164307,2.348601818084717
2.9735100269317627,3.4256205558776855,2.348463296890259
2.9737181663513184,3.425183057785034,2.3480498790740967
2.973097562789917,3.425694465637207,2.3485777378082275
2.973097562789917,3.425694465637207,2.3485777378082275
2.970414400100708,3.4249494075775146,2.3492612838745117
2.9697153568267822,3.4246981143951416,2.349428653717041
2.9697153568267822,3.4246981143951416,2.349428653717041
2.9689157009124756,3.4238109588623047,2.34898042678833
2.9689157009124756,3.4238109588623047,2.34898042678833
2.9693024158477783,3.4248507022857666,2.347716808319092
2.9693024158477783,3.4248507022857666,2.347716808319092
2.9704134464263916,3.426774263381958,2.3468070030212402
2.970911741256714,3.426067352294922,2.34598708152771
2.970966100692749,3.4257619380950928,2.3460264205932617
2.970966100692749,3.4257619380950928,2.3460264205932617
2.9764862060546875,3.4267637729644775,2.341207265853882
2.9795498847961426,3.429201602935791,2.337682008743286
2.9801981449127197,3.4305129051208496,2.336669683456421
2.980705499649048,3.43161678314209,2.3363916873931885
2.980705499649048,3.43161678314209,2.3363916873931885
2.978884696960449,3.4302892684936523,2.3373053073883057
2.978869915008545,3.430786609649658,2.338172674179077
2.978015184402466,3.4307942390441895,2.338820695877075
2.977674961090088,3.431433916091919,2.339075803756714
2.977674961090088,3.431433916091919,2.339075803756714
2.979754686355591,3.4331791400909424,2.3370869159698486
2.979722499847412,3.4345240592956543,2.337315797805786
2.9793169498443604,3.4329898357391357,2.337892532348633
2.9792940616607666,3.431751012802124,2.337308406829834
2.9792940616607666,3.431751012802124,2.337308406829834
2.9806318283081055,3.434086561203003,2.3376829624176025
2.9806318283081055,3.434086561203003,2.3376829624176025
2.9812703132629395,3.4372074604034424,2.33767032623291
2.982046127319336,3.4381351470947266,2.3370373249053955
2.982271671295166,3.4351119995117188,2.3356001377105713
2.982144832611084,3.4351553916931152,2.336310386657715
2.982144832611084,3.4351553916931152,2.336310386657715
2.981968879699707,3.4361422061920166,2.3372902870178223
2.981968879699707,3.4361422061920166,2.3372902870178223
2.9805309772491455,3.435037612915039,2.3388471603393555
2.9805309772491455,3.435037612915039,2.3388471603393555
2.979698419570923,3.43414568901062,2.3401005268096924
2.981872797012329,3.436469316482544,2.3390135765075684
2.983060121536255,3.4369330406188965,2.337947368621826
2.983060121536255,3.4369330406188965,2.337947368621826
2.983607530593872,3.4341585636138916,2.3367600440979004
2.9830496311187744,3.433361768722534,2.3375437259674072
2.9830496311187744,3.433361768722534,2.3375437259674072
2.9804303646087646,3.4326651096343994,2.3405134677886963
2.9809091091156006,3.4339027404785156,2.3406155109405518
2.9824817180633545,3.4341413974761963,2.339203357696533
2.9824817180633545,3.4341413974761963,2.339203357696533
2.985408306121826,3.4343221187591553,2.3358962535858154
2.985408306121826,3.4343221187591553,2.3358962535858154
2.9882514476776123,3.434764862060547,2.3326587677001953
2.9882514476776123,3.434764862060547,2.3326587677001953
2.9876389503479004,3.432527780532837,2.331528902053833
2.986949920654297,3.431522846221924,2.331393003463745
2.988001823425293,3.430839776992798,2.3290512561798096
2.989152669906616,3.4314019680023193,2.3275039196014404
2.989152669906616,3.4314019680023193,2.3275039196014404
2.9899613857269287,3.4323675632476807,2.3266992568969727
2.9906299114227295,3.433126211166382,2.326228618621826
2.9906299114227295,3.433126211166382,2.326228618621826
2.9904708862304688,3.4314470291137695,2.326197862625122
2.989595651626587,3.432018995285034,2.3277225494384766
2.9899487495422363,3.4341654777526855,2.328331708908081
2.9899487495422363,3.4341654777526855,2.328331708908081
2.992231845855713,3.435114860534668,2.324429512023926
2.992231845855713,3.435114860534668,2.324429512023926
2.9961514472961426,3.4367740154266357,2.320768117904663
2.9965028762817383,3.4374701976776123,2.320420742034912
2.99741530418396,3.4375741481781006,2.318366050720215
2.9974029064178467,3.438143491744995,2.318376064300537
2.997979164123535,3.4375717639923096,2.317864179611206
2.9977633953094482,3.4377641677856445,2.318086624145508
2.9977633953094482,3.4377641677856445,2.318086624145508
2.9996399879455566,3.4406063556671143,2.317406177520752
2.9996399879455566,3.4406063556671143,2.317406177520752
3.000680685043335,3.44204044342041,2.317103624343872
2.9997172355651855,3.4423747062683105,2.3186614513397217
2.9985790252685547,3.441486358642578,2.3202388286590576
2.9985790252685547,3.441486358642578,2.3202388286590576
2.998180627822876,3.4421470165252686,2.322636842727661
2.999079704284668,3.4434659481048584,2.3220272064208984
2.999079704284668,3.4434659481048584,2.3220272064208984
3.0016770362854004,3.446120500564575,2.3197171688079834
3.0016770362854004,3.446120500564575,2.3197171688079834
3.0042295455932617,3.4439406394958496,2.314683675765991
3.005030870437622,3.443657636642456,2.313772678375244
3.005171537399292,3.4436893463134766,2.3135881423950195
3.005171537399292,3.4436893463134766,2.3135881423950195
3.0018465518951416,3.442779541015625,2.3165442943573
3.001537799835205,3.4431519508361816,2.3172988891601562
3.0024096965789795,3.444366455078125,2.3173322677612305
3.0024096965789795,3.444366455078125,2.3173322677612305
3.001884698867798,3.4452874660491943,2.3172638416290283
3.000610828399658,3.4466333389282227,2.3180971145629883
3.000610828399658,3.4466333389282227,2.3180971145629883
2.998745918273926,3.4458272457122803,2.3195436000823975
2.9975228309631348,3.4453530311584473,2.3208611011505127
2.9975228309631348,3.4453530311584473,2.3208611011505127
2.997159481048584,3.4463260173797607,2.321216583251953
2.9995763301849365,3.4509589672088623,2.319241523742676
3.0000946521759033,3.4486374855041504,2.3168249130249023
3.0000946521759033,3.4486374855041504,2.3168249130249023
3.0014493465423584,3.44881010055542,2.315110206604004
3.0014493465423584,3.44881010055542,2.315110206604004
3.002884864807129,3.4494879245758057,2.313997983932495
3.0042948722839355,3.4494009017944336,2.3124334812164307
3.0044116973876953,3.449622631072998,2.3123998641967773
3.0054712295532227,3.449618101119995,2.312030792236328
3.0059473514556885,3.4507083892822266,2.3121848106384277
3.0072097778320312,3.450982093811035,2.310682535171509
3.008833408355713,3.4520251750946045,2.309136390686035
3.008833408355713,3.4520251750946045,2.309136390686035
3.0097007751464844,3.4532248973846436,2.3083763122558594
3.0091898441314697,3.452608108520508,2.3086891174316406
3.0091898441314697,3.452608108520508,2.3086891174316406
3.0098142623901367,3.4535651206970215,2.309574842453003
3.0098142623901367,3.4535651206970215,2.309574842453003
3.0126166343688965,3.455704927444458,2.3071062564849854
3.014381170272827,3.4575579166412354,2.3049380779266357
3.0137741565704346,3.458590269088745,2.3046886920928955
3.014585256576538,3.461416244506836,2.3040523529052734
3.014585256576538,3.461416244506836,2.3040523529052734
3.017195463180542,3.461357593536377,2.301767587661743
3.016658306121826,3.4621312618255615,2.3036608695983887
3.016247272491455,3.4615728855133057,2.3045833110809326
3.016247272491455,3.4615728855133057,2.3045833110809326
3.015395164489746,3.4600589275360107,2.304762125015259
3.016305685043335,3.4611058235168457,2.304325819015503
3.015808582305908,3.4624807834625244,2.30501389503479
3.014954090118408,3.462841033935547,2.3061819076538086
3.014954090118408,3.462841033935547,2.3061819076538086
3.0138938426971436,3.459195375442505,2.3064374923706055
3.0138938426971436,3.459195375442505,2.3064374923706055
3.015519380569458,3.4619505405426025,2.305257797241211
3.015519380569458,3.4619505405426025,2.305257797241211
3.0167853832244873,3.463996171951294,2.302544355392456
3.0170836448669434,3.4644272327423096,2.301987648010254
3.0159852504730225,3.4638512134552,2.3025729656219482
3.0159852504730225,3.4638512134552,2.3025729656219482
3.014251470565796,3.465683937072754,2.3050119876861572
3.014251470565796,3.465683937072754,2.3050119876861572
3.0140254497528076,3.4658126831054688,2.304276943206787
3.0140254497528076,3.4658126831054688,2.304276943206787
3.016172409057617,3.4666833877563477,2.301767110824585
3.0177955627441406,3.4678561687469482,2.3002164363861084
3.0198309421539307,3.4684529304504395,2.2976887226104736
3.0198309421539307,3.4684529304504395,2.2976887226104736
3.0198636054992676,3.468329906463623,2.29746675491333
3.0195271968841553,3.4676480293273926,2.2972114086151123
3.020609140396118,3.467688798904419,2.2970101833343506
3.020609140396118,3.467688798904419,2.2970101833343506
3.022702693939209,3.4704208374023438,2.2963898181915283
3.0238187313079834,3.470907211303711,2.2959909439086914
3.0238187313079834,3.470907211303711,2.2959909439086914
3.025592803955078,3.4713094234466553,2.2942681312561035
3.026536703109741,3.471097469329834,2.2930376529693604
3.026536703109741,3.471097469329834,2.2930376529693604
3.0262374877929688,3.472884178161621,2.2939822673797607
3.025353193283081,3.4712343215942383,2.293339967727661
3.0258917808532715,3.4699697494506836,2.2914750576019287
3.0258917808532715,3.4699697494506836,2.2914750576019287
3.026031017303467,3.4720852375030518,2.2917909622192383
3.026031017303467,3.4720852375030518,2.2917909622192383
3.026341676712036,3.471886396408081,2.290834903717041
3.0272960662841797,3.472041606903076,2.2894277572631836
3.0283865928649902,3.4721386432647705,2.2882187366485596
3.0291340351104736,3.473034620285034,2.28727650642395
3.0291340351104736,3.473034620285034,2.28727650642395
3.029414176940918,3.474073886871338,2.2869110107421875
3.0290303230285645,3.473935842514038,2.287327527999878
3.02943754196167,3.4738900661468506,2.2874059677124023
3.02943754196167,3.4738900661468506,2.2874059677124023
3.0324840545654297,3.474365711212158,2.28513240814209
3.0324840545654297,3.474365711212158,2.28513240814209
3.034426689147949,3.4735755920410156,2.2840700149536133
3.0357143878936768,3.4743480682373047,2.284362316131592
3.0360682010650635,3.474555492401123,2.2836835384368896
3.0360682010650635,3.474555492401123,2.2836835384368896
3.036484956741333,3.475576877593994,2.2830779552459717
3.036484956741333,3.475576877593994,2.2830779552459717
3.0358850955963135,3.4762156009674072,2.284572124481201
3.036383628845215,3.4754862785339355,2.2844040393829346
3.036383628845215,3.4754862785339355,2.2844040393829346
3.03802752494812,3.476970911026001,2.2837905883789062
3.038174629211426,3.4775137901306152,2.283935546875
3.0399444103240967,3.4786059856414795,2.2825241088867188
3.0399444103240967,3.4786059856414795,2.2825241088867188
3.042194128036499,3.4783756732940674,2.28043532371521
3.0425076484680176,3.4792122840881348,2.280561685562134
3.04166316986084,3.4789915084838867,2.2807071208953857
3.04166316986084,3.4789915084838867,2.2807071208953857
3.03997540473938,3.4776253700256348,2.282139539718628
3.039222002029419,3.479124069213867,2.2831642627716064
3.039222002029419,3.479124069213867,2.2831642627716064
3.039710760116577,3.4794816970825195,2.282458782196045
3.040222644805908,3.4811182022094727,2.282388210296631
3.040222644805908,3.4811182022094727,2.282388210296631
3.0388307571411133,3.4809484481811523,2.283052921295166
3.0388307571411133,3.4809484481811523,2.283052921295166
3.039689064025879,3.481753349304199,2.281829833984375
3.0409371852874756,3.483175039291382,2.2804625034332275
3.0409371852874756,3.483175039291382,2.2804625034332275
3.0430407524108887,3.485236883163452,2.278151512145996
3.0442888736724854,3.4855942726135254,2.2759809494018555
3.0442888736724854,3.4855942726135254,2.2759809494018555
3.044919490814209,3.4860002994537354,2.2765395641326904
3.0443308353424072,3.4866464138031006,2.278083324432373
3.0439486503601074,3.4868874549865723,2.2785403728485107
3.0439486503601074,3.4868874549865723,2.2785403728485107
3.0454201698303223,3.4862163066864014,2.276721239089966
3.0454201698303223,3.4862163066864014,2.276721239089966
3.049635887145996,3.4883174896240234,2.272629737854004
3.0512967109680176,3.4910824298858643,2.271925687789917
3.052030086517334,3.4908456802368164,2.2712204456329346
3.0517220497131348,3.4904069900512695,2.2713799476623535
3.0517220497131348,3.4904069900512695,2.2713799476623535
3.0507428646087646,3.4885921478271484,2.2724225521087646
3.0499794483184814,3.489400863647461,2.273052930831909
3.0499794483184814,3.489400863647461,2.273052930831909
3.052523374557495,3.4928159713745117,2.2711071968078613
3.0551631450653076,3.4928390979766846,2.2673697471618652
3.0551631450653076,3.4928390979766846,2.2673697471618652
3.0549299716949463,3.491497278213501,2.2660112380981445
3.0532467365264893,3.4916481971740723,2.2671337127685547
3.0521910190582275,3.4901254177093506,2.2667713165283203
3.052335500717163,3.4901840686798096,2.2661752700805664
3.052335500717163,3.4901840686798096,2.2661752700805664
3.0523428916931152,3.490504264831543,2.2648425102233887
3.053861379623413,3.4913222789764404,2.2625420093536377
3.053861379623413,3.4913222789764404,2.2625420093536377
3.0544402599334717,3.492579698562622,2.2620348930358887
3.051898241043091,3.4931182861328125,2.2641377449035645
3.048851490020752,3.491956949234009,2.2658965587615967
3.0483505725860596,3.4913156032562256,2.265944480895996
3.0483505725860596,3.4913156032562256,2.265944480895996
3.050945281982422,3.4927406311035156,2.2658450603485107
3.0507583618164062,3.4938998222351074,2.2660045623779297
3.0518064498901367,3.494802951812744,2.2642617225646973
3.0518064498901367,3.494802951812744,2.2642617225646973
3.053131580352783,3.49381947517395,2.262632369995117
3.053131580352783,3.49381947517395,2.262632369995117
3.052872896194458,3.4940502643585205,2.264925241470337
3.053637742996216,3.4953694343566895,2.2650275230407715
3.05523419380188,3.495908737182617,2.263932228088379
3.056161642074585,3.4959728717803955,2.2629213333129883
3.057415008544922,3.4960739612579346,2.262026309967041
3.057415008544922,3.4960739612579346,2.262026309967041
3.0568222999572754,3.496976613998413,2.262637138366699
3.055720806121826,3.496986150741577,2.2640926837921143
3.055720806121826,3.496986150741577,2.2640926837921143
3.055877208709717,3.4972176551818848,2.2642459869384766
3.0568103790283203,3.4977452754974365,2.262996196746826
3.0568103790283203,3.4977452754974365,2.262996196746826
3.0599074363708496,3.499631404876709,2.260150194168091
3.0599074363708496,3.499631404876709,2.260150194168091
3.059814691543579,3.4998114109039307,2.2598345279693604
3.0597314834594727,3.5012264251708984,2.260300397872925
3.059476375579834,3.5016095638275146,2.260897159576416
3.059476375579834,3.5016095638275146,2.260897159576416
3.056586265563965,3.502166271209717,2.2645225524902344
3.056586265563965,3.502166271209717,2.2645225524902344
3.057236433029175,3.502185583114624,2.2660152912139893
3.058288097381592,3.5023224353790283,2.2655563354492188
3.0585899353027344,3.50480580329895,2.266573429107666
3.0585899353027344,3.50480580329895,2.266573429107666
3.059264898300171,3.506704568862915,2.265906572341919
3.05979323387146,3.5053768157958984,2.2661356925964355
3.05979323387146,3.5053768157958984,2.2661356925964355
3.061354637145996,3.5040442943573,2.264699935913086
3.061354637145996,3.5040442943573,2.264699935913086
3.062896728515625,3.5043299198150635,2.2634289264678955
3.0635528564453125,3.502944231033325,2.262991428375244
3.0630035400390625,3.502063751220703,2.263850688934326
3.0630035400390625,3.502063751220703,2.263850688934326
3.06313157081604,3.50129771232605,2.2650279998779297
3.06313157081604,3.50129771232605,2.2650279998779297
3.064054012298584,3.5018434524536133,2.265585422515869
3.0648932456970215,3.501479387283325,2.264828681945801
3.0681324005126953,3.5002923011779785,2.2607345581054688
3.0681324005126953,3.5002923011779785,2.2607345581054688
3.0702946186065674,3.498584270477295,2.2568297386169434
3.070657730102539,3.5000338554382324,2.2564306259155273
3.070554256439209,3.500296115875244,2.2569806575775146
3.0701539516448975,3.4987235069274902,2.255784749984741
3.0701539516448975,3.4987235069274902,2.255784749984741
3.07108998298645,3.4993135929107666,2.2545158863067627
3.0749671459198,3.5028276443481445,2.250554084777832
3.0749671459198,3.5028276443481445,2.250554084777832
3.0770394802093506,3.5029056072235107,2.2468159198760986
3.0776147842407227,3.5030484199523926,2.2459676265716553
3.0789313316345215,3.5038866996765137,2.244591236114502
3.0798094272613525,3.5045323371887207,2.243731737136841
3.0792970657348633,3.505331039428711,2.2446506023406982
3.0792970657348633,3.505331039428711,2.2446506023406982
3.0783896446228027,3.5064618587493896,2.24625301361084
3.0780081748962402,3.5073013305664062,2.247126817703247
3.0780081748962402,3.5073013305664062,2.247126817703247
3.0780324935913086,3.5075268745422363,2.247389793395996
3.077954053878784,3.5080485343933105,2.247241735458374
3.0791845321655273,3.509449005126953,2.2456507682800293
3.0791845321655273,3.509449005126953,2.2456507682800293
3.0807013511657715,3.510601043701172,2.245814800262451
3.080510377883911,3.5111773014068604,2.2465713024139404
3.080235719680786,3.511502265930176,2.2474374771118164
3.0811798572540283,3.511857509613037,2.2462332248687744
3.0811798572540283,3.511857509613037,2.2462332248687744
3.082073450088501,3.5136940479278564,2.2455196380615234
3.082073450088501,3.5136940479278564,2.2455196380615234
3.0817627906799316,3.5135245323181152,2.245313882827759
3.0817627906799316,3.5135245323181152,2.245313882827759
3.0816872119903564,3.511740207672119,2.244838237762451
3.0812366008758545,3.511652708053589,2.2448792457580566
3.0806052684783936,3.5128159523010254,2.2458431720733643
3.0806124210357666,3.5110955238342285,2.2448971271514893
3.0810821056365967,3.509469985961914,2.2438888549804688
3.0811965465545654,3.508953809738159,2.2436559200286865
3.0817081928253174,3.5094430446624756,2.243081569671631
3.0828652381896973,3.509366512298584,2.2412891387939453
3.082505464553833,3.5098114013671875,2.2418415546417236
3.082505464553833,3.5098114013671875,2.2418415546417236
3.0816617012023926,3.5091631412506104,2.2431821823120117
3.080603837966919,3.508064031600952,2.2441694736480713
3.0806732177734375,3.507114887237549,2.2441816329956055
3.0814948081970215,3.5070459842681885,2.2433676719665527
3.0823557376861572,3.507657051086426,2.2421090602874756
3.0827999114990234,3.507746934890747,2.241267681121826
3.0827999114990234,3.507746934890747,2.241267681121826
3.082897424697876,3.5058629512786865,2.240572214126587
3.0821046829223633,3.505183219909668,2.2416934967041016
3.081639528274536,3.5054757595062256,2.242372751235962
3.0826785564422607,3.5056045055389404,2.24120831489563
3.083570718765259,3.5055086612701416,2.2402231693267822
3.083570718765259,3.5055086612701416,2.2402231693267822
3.0834553241729736,3.50464129447937,2.2396371364593506
3.0839524269104004,3.50400710105896,2.2387075424194336
3.0839524269104004,3.50400710105896,2.2387075424194336
3.0827200412750244,3.5026955604553223,2.239826202392578
3.0824532508850098,3.5021800994873047,2.2399587631225586
3.0838701725006104,3.5024569034576416,2.2385125160217285
3.085885524749756,3.5039422512054443,2.236708879470825
3.0870256423950195,3.5050151348114014,2.235383987426758
3.0875790119171143,3.50482439994812,2.2343411445617676
3.0874369144439697,3.504551410675049,2.2344295978546143
3.088071584701538,3.5043129920959473,2.2338294982910156
3.0884673595428467,3.50490140914917,2.2334837913513184
3.0883586406707764,3.506704092025757,2.2343156337738037
3.087904214859009,3.5067362785339355,2.2343266010284424
3.087904214859009,3.5067362785339355,2.2343266010284424
3.089686870574951,3.506378412246704,2.2324059009552
3.0903196334838867,3.506781578063965,2.2319140434265137
3.0903866291046143,3.507730484008789,2.2316861152648926
3.090223789215088,3.5086967945098877,2.2319676876068115
3.090223789215088,3.5086967945098877,2.2319676876068115
3.0903265476226807,3.508086919784546,2.231123685836792
3.090611696243286,3.5078043937683105,2.2304842472076416
3.090611696243286,3.5078043937683105,2.2304842472076416
3.092599630355835,3.5079185962677,2.2284862995147705
3.0921738147735596,3.5080339908599854,2.2276408672332764
3.092479944229126,3.508488655090332,2.227301597595215
3.092479944229126,3.508488655090332,2.227301597595215
3.0939550399780273,3.509925603866577,2.226212501525879
3.0946948528289795,3.5098719596862793,2.2258617877960205
3.0951812267303467,3.5096538066864014,2.2255849838256836
3.0953497886657715,3.5103368759155273,2.2252280712127686
3.0954160690307617,3.5121219158172607,2.2256600856781006
3.095156669616699,3.512042760848999,2.2245547771453857
3.094752073287964,3.511017084121704,2.2239181995391846
3.095780849456787,3.510155200958252,2.2232534885406494
3.0967957973480225,3.5101542472839355,2.2218143939971924
3.097813367843628,3.5112040042877197,2.221029281616211
3.098659038543701,3.512836456298828,2.2198305130004883
3.0986669063568115,3.51164174079895,2.218123197555542
3.0991640090942383,3.5104849338531494,2.218719720840454
3.0989437103271484,3.510003089904785,2.21891188621521
3.098642110824585,3.509896993637085,2.219561815261841
3.098402261734009,3.5103392601013184,2.2196044921875
3.0997443199157715,3.5092546939849854,2.218360185623169
3.101716995239258,3.50724458694458,2.2170286178588867
3.101255416870117,3.5067951679229736,2.2177894115448
3.101255416870117,3.5067951679229736,2.2177894115448
3.101229667663574,3.506596803665161,2.2184340953826904
3.1014211177825928,3.5073680877685547,2.218979597091675
3.1005194187164307,3.506800413131714,2.219667434692383
3.1000325679779053,3.5069000720977783,2.2205348014831543
3.100961923599243,3.5067317485809326,2.219825506210327
3.100961923599243,3.5067317485809326,2.219825506210327
3.1010472774505615,3.5070300102233887,2.2190051078796387
3.099874258041382,3.507575511932373,2.2206618785858154
3.099874258041382,3.507575511932373,2.2206618785858154
3.1000988483428955,3.506948709487915,2.219998598098755
3.100599527359009,3.5071260929107666,2.219578504562378
3.1013550758361816,3.508289098739624,2.218148708343506
3.1015117168426514,3.5089170932769775,2.2174155712127686
3.1015117168426514,3.5089170932769775,2.2174155712127686
3.100972890853882,3.508312702178955,2.2174787521362305
3.10122013092041,3.5078630447387695,2.2170050144195557
3.10122013092041,3.5078630447387695,2.2170050144195557
3.102416753768921,3.5108087062835693,2.217897653579712
3.103239059448242,3.512152671813965,2.2172703742980957
3.103239059448242,3.512152671813965,2.2172703742980957
3.1045334339141846,3.5096917152404785,2.2142622470855713
3.1045334339141846,3.5096917152404785,2.2142622470855713
3.104987621307373,3.510106325149536,2.2145841121673584
3.105226993560791,3.511697292327881,2.214951515197754
3.104781150817871,3.5113844871520996,2.2149436473846436
3.104781150817871,3.5113844871520996,2.2149436473846436
3.1057662963867188,3.5109646320343018,2.2128026485443115
3.10730242729187,3.5112249851226807,2.2103183269500732
3.1080846786499023,3.5115272998809814,2.2093191146850586
3.1080846786499023,3.5115272998809814,2.2093191146850586
3.107557773590088,3.5116610527038574,2.2098147869110107
3.107557773590088,3.5116610527038574,2.2098147869110107
3.1074018478393555,3.511011838912964,2.2091715335845947
3.1075148582458496,3.5107545852661133,2.209030866622925
3.108689069747925,3.5106468200683594,2.2073588371276855
3.108689069747925,3.5106468200683594,2.2073588371276855
3.1107943058013916,3.51145601272583,2.205782651901245
3.113462448120117,3.5133888721466064,2.203731060028076
3.1123759746551514,3.513003349304199,2.204684019088745
3.1123759746551514,3.513003349304199,2.204684019088745
3.1131975650787354,3.513340473175049,2.2043378353118896
3.114240884780884,3.5132744312286377,2.203383445739746
3.1166203022003174,3.515014410018921,2.200918436050415
3.1166203022003174,3.515014410018921,2.200918436050415
3.1171700954437256,3.515813112258911,2.200446367263794
3.116713523864746,3.515439748764038,2.1994376182556152
3.116629123687744,3.515514850616455,2.199059009552002
3.116629123687744,3.515514850616455,2.199059009552002
3.1159403324127197,3.5154216289520264,2.1991465091705322
3.1159403324127197,3.5154216289520264,2.1991465091705322
3.1156208515167236,3.5154802799224854,2.198787212371826
3.1161692142486572,3.516112804412842,2.199007749557495
3.1161692142486572,3.516112804412842,2.199007749557495
3.1164348125457764,3.516547679901123,2.1983869075775146
3.1164348125457764,3.516547679901123,2.1983869075775146
3.1175146102905273,3.5177881717681885,2.1982765197753906
3.1182801723480225,3.517381191253662,2.197739601135254
3.1189043521881104,3.516728401184082,2.1977107524871826
3.1189043521881104,3.516728401184082,2.1977107524871826
3.1192991733551025,3.517331838607788,2.1976656913757324
3.11920428276062,3.5180602073669434,2.1980295181274414
3.11920428276062,3.5180602073669434,2.1980295181274414
3.118274450302124,3.5174787044525146,2.19818377494812
3.1177401542663574,3.5169730186462402,2.1985433101654053
3.1177401542663574,3.5169730186462402,2.1985433101654053
3.1179606914520264,3.5157392024993896,2.198089599609375
3.1175613403320312,3.515610933303833,2.1983888149261475
3.1175613403320312,3.515610933303833,2.1983888149261475
3.115647315979004,3.514863967895508,2.2001984119415283
3.1151087284088135,3.5144400596618652,2.200556516647339
3.1151087284088135,3.5144400596618652,2.200556516647339
3.115922689437866,3.514007091522217,2.1998488903045654
3.115922689437866,3.514007091522217,2.1998488903045654
3.1197938919067383,3.5156874656677246,2.1956379413604736
3.1209518909454346,3.516806125640869,2.1946420669555664
3.119372606277466,3.514610767364502,2.196075439453125
3.119372606277466,3.514610767364502,2.196075439453125
3.1183207035064697,3.5130677223205566,2.1978135108947754
3.1181931495666504,3.512985944747925,2.19811749458313
3.1181931495666504,3.512985944747925,2.19811749458313
3.120722770690918,3.516169309616089,2.1959071159362793
3.120722770690918,3.516169309616089,2.1959071159362793
3.120997190475464,3.5155959129333496,2.19376277923584
3.120709180831909,3.515122413635254,2.1944241523742676
3.120709180831909,3.515122413635254,2.1944241523742676
3.119818925857544,3.5156266689300537,2.195803642272949
3.119818925857544,3.5156266689300537,2.195803642272949
3.120525360107422,3.5167388916015625,2.1949703693389893
3.1206462383270264,3.515920877456665,2.194002628326416
3.1207170486450195,3.5161068439483643,2.194347858428955
3.1207170486450195,3.5161068439483643,2.194347858428955
3.121392011642456,3.5174789428710938,2.19382905960083
3.121392011642456,3.5174789428710938,2.19382905960083
3.1225643157958984,3.5192794799804688,2.1927924156188965
3.1225643157958984,3.5192794799804688,2.1927924156188965
3.1223535537719727,3.5170671939849854,2.1923270225524902
3.1226372718811035,3.516925811767578,2.1921701431274414
3.1225407123565674,3.518306255340576,2.1928763389587402
3.122387647628784,3.5186057090759277,2.193047523498535
3.122387647628784,3.5186057090759277,2.193047523498535
3.1233761310577393,3.5172319412231445,2.1914308071136475
3.1254770755767822,3.517245054244995,2.188870668411255
3.1259052753448486,3.518336296081543,2.188767194747925
3.1259052753448486,3.518336296081543,2.188767194747925
3.12404727935791,3.5193848609924316,2.190187931060791
3.12404727935791,3.5193848609924316,2.190187931060791
3.123469591140747,3.517991781234741,2.1910629272460938
3.1246280670166016,3.516606330871582,2.18973708152771
3.1264171600341797,3.519235610961914,2.188492774963379
3.1264171600341797,3.519235610961914,2.188492774963379
3.1264116764068604,3.5200657844543457,2.1884255409240723
3.1264116764068604,3.5200657844543457,2.1884255409240723
3.125854015350342,3.5186874866485596,2.1890180110931396
3.12549090385437,3.5184977054595947,2.189086437225342
3.12549090385437,3.5184977054595947,2.189086437225342
3.1257176399230957,3.5201056003570557,2.18853759765625
3.1256070137023926,3.5198042392730713,2.1881134510040283
3.126905918121338,3.5179800987243652,2.1859264373779297
3.126905918121338,3.5179800987243652,2.1859264373779297
3.1281075477600098,3.5183637142181396,2.185192346572876
3.127108573913574,3.518582582473755,2.186229944229126
3.1266534328460693,3.518536329269409,2.1868114471435547
3.1266534328460693,3.518536329269409,2.1868114471435547
3.1254608631134033,3.5177645683288574,2.188880205154419
3.125216245651245,3.5175797939300537,2.1890456676483154
3.125216245651245,3.5175797939300537,2.1890456676483154
3.127121686935425,3.5191783905029297,2.186619758605957
3.1277999877929688,3.5194520950317383,2.18623423576355
3.12825870513916,3.5195775032043457,2.1858885288238525
3.12825870513916,3.5195775032043457,2.1858885288238525
3.1279847621917725,3.5181000232696533,2.186668634414673
3.128098249435425,3.5188236236572266,2.187460422515869
3.128098249435425,3.5188236236572266,2.187460422515869
3.1278014183044434,3.5206258296966553,2.1881775856018066
3.127985954284668,3.5208117961883545,2.187912940979004
3.12895131111145,3.5195960998535156,2.1867778301239014
3.12895131111145,3.5195960998535156,2.1867778301239014
3.128870964050293,3.518693685531616,2.1866016387939453
3.1280269622802734,3.5185439586639404,2.187673807144165
3.1270346641540527,3.519547700881958,2.1897261142730713
3.126455545425415,3.5186946392059326,2.1895225048065186
3.126455545425415,3.5186946392059326,2.1895225048065186
3.1288001537323,3.5178325176239014,2.186595916748047
3.1297292709350586,3.517637014389038,2.1855661869049072
3.1321678161621094,3.5176994800567627,2.18198561668396
3.1321678161621094,3.5176994800567627,2.18198561668396
3.133026361465454,3.518888235092163,2.1813595294952393
3.1326496601104736,3.519505262374878,2.1810595989227295
3.1326498985290527,3.519317865371704,2.1809496879577637
3.132755994796753,3.518752336502075,2.1804380416870117
3.132755994796753,3.518752336502075,2.1804380416870117
3.1336915493011475,3.5195484161376953,2.1781866550445557
3.1346418857574463,3.521174669265747,2.177199363708496
3.1353018283843994,3.521458864212036,2.1764628887176514
3.1358320713043213,3.521101951599121,2.1765997409820557
3.1358320713043213,3.521101951599121,2.1765997409820557
3.1355772018432617,3.521259069442749,2.1769778728485107
3.1359164714813232,3.5219666957855225,2.1767942905426025
3.1359164714813232,3.5219666957855225,2.1767942905426025
3.1364736557006836,3.521160840988159,2.1757349967956543
3.137111186981201,3.520031452178955,2.174682855606079
3.1366562843322754,3.520498275756836,2.1756577491760254
3.1360201835632324,3.520540714263916,2.1766159534454346
3.1360201835632324,3.520540714263916,2.1766159534454346
3.1375784873962402,3.520759105682373,2.1756818294525146
3.1375784873962402,3.520759105682373,2.1756818294525146
3.137699842453003,3.520883560180664,2.1753880977630615
3.1377437114715576,3.5211544036865234,2.1748557090759277
3.138155460357666,3.521533966064453,2.174344062805176
3.138155460357666,3.521533966064453,2.174344062805176
3.1383161544799805,3.5237348079681396,2.1746644973754883
3.1383161544799805,3.5237348079681396,2.1746644973754883
3.138187885284424,3.523489236831665,2.1739659309387207
3.1385157108306885,3.5231592655181885,2.173387289047241
3.138240337371826,3.5229783058166504,2.173478841781616
3.137769937515259,3.523224115371704,2.1740710735321045
3.137769937515259,3.523224115371704,2.1740710735321045
3.137915849685669,3.5226895809173584,2.1746573448181152
3.137915849685669,3.5226895809173584,2.1746573448181152
3.1377947330474854,3.521399974822998,2.174535036087036
3.1377947330474854,3.521399974822998,2.174535036087036
3.140225648880005,3.523397445678711,2.1724750995635986
3.140225648880005,3.523397445678711,2.1724750995635986
3.1411244869232178,3.5235464572906494,2.1712846755981445
3.1410131454467773,3.521244525909424,2.1709213256835938
3.1410131454467773,3.521244525909424,2.1709213256835938
3.139907121658325,3.521329879760742,2.17216420173645
3.139155864715576,3.522273540496826,2.173407554626465
3.137824296951294,3.5222249031066895,2.174518346786499
3.1383750438690186,3.522195816040039,2.174309492111206
3.1383750438690186,3.522195816040039,2.174309492111206
3.138108730316162,3.5205812454223633,2.174107789993286
3.138108730316162,3.5205812454223633,2.174107789993286
3.137964963912964,3.5216214656829834,2.1749346256256104
3.1384074687957764,3.522128105163574,2.174160957336426
3.1387641429901123,3.5215532779693604,2.173490285873413
3.1387641429901123,3.5215532779693604,2.173490285873413
3.1389310359954834,3.522892951965332,2.174269676208496
3.13956356048584,3.523501396179199,2.1736021041870117
3.139901876449585,3.5242700576782227,2.173434257507324
3.1402106285095215,3.523981809616089,2.1732046604156494
3.1395957469940186,3.5238208770751953,2.1739437580108643
3.1395957469940186,3.5238208770751953,2.1739437580108643
3.1395835876464844,3.523254156112671,2.173920154571533
3.1398534774780273,3.523016929626465,2.1730525493621826
3.1398534774780273,3.523016929626465,2.1730525493621826
3.1414711475372314,3.5251855850219727,2.171574831008911
3.143333911895752,3.5252668857574463,2.1692452430725098
3.143333911895752,3.5252668857574463,2.1692452430725098
3.143847942352295,3.523920774459839,2.1679625511169434
3.1432363986968994,3.5234222412109375,2.1684060096740723
3.1432363986968994,3.5234222412109375,2.1684060096740723
3.1442158222198486,3.523932456970215,2.1675026416778564
3.143824815750122,3.5223424434661865,2.1674675941467285
3.1438920497894287,3.522064208984375,2.167696952819824
3.1450247764587402,3.5229783058166504,2.1673552989959717
3.1450247764587402,3.5229783058166504,2.1673552989959717
3.147925853729248,3.5243282318115234,2.163928985595703
3.1487178802490234,3.525125741958618,2.16395902633667
3.1487178802490234,3.525125741958618,2.16395902633667
3.1488053798675537,3.5248305797576904,2.1640100479125977
3.1479570865631104,3.5236713886260986,2.164384603500366
3.1475141048431396,3.523134469985962,2.1647329330444336
3.1475141048431396,3.523134469985962,2.1647329330444336
3.1488773822784424,3.525136709213257,2.1640915870666504
3.149094581604004,3.525092840194702,2.1626698970794678
3.151007890701294,3.5261383056640625,2.160226821899414
3.151007890701294,3.5261383056640625,2.160226821899414
3.151324987411499,3.526277542114258,2.1594812870025635
3.151240110397339,3.527743101119995,2.1596415042877197
3.151240110397339,3.527743101119995,2.1596415042877197
3.1503570079803467,3.527538776397705,2.160588264465332
3.149510145187378,3.5278873443603516,2.1612932682037354
3.149510145187378,3.5278873443603516,2.1612932682037354
3.1499338150024414,3.5293567180633545,2.1610500812530518
3.1513330936431885,3.52993106842041,2.1592109203338623
3.1513330936431885,3.52993106842041,2.1592109203338623
3.1523640155792236,3.53147292137146,2.1585962772369385
3.1519715785980225,3.531294584274292,2.1589066982269287
3.151740550994873,3.53064227104187,2.159374475479126
3.151740550994873,3.53064227104187,2.159374475479126
3.1504485607147217,3.530949115753174,2.1610031127929688
3.150031566619873,3.5318665504455566,2.161595344543457
3.150031566619873,3.5318665504455566,2.161595344543457
3.148794412612915,3.5329999923706055,2.1634910106658936
3.1502935886383057,3.533097743988037,2.1618082523345947
3.151402473449707,3.534074306488037,2.161590576171875
3.151402473449707,3.534074306488037,2.161590576171875
3.1527650356292725,3.537099599838257,2.161221504211426
3.1530227661132812,3.5376296043395996,2.161126136779785
3.153555154800415,3.5381271839141846,2.1606218814849854
3.1539111137390137,3.5377957820892334,2.16021466255188
3.1539111137390137,3.5377957820892334,2.16021466255188
3.1547462940216064,3.5385918617248535,2.159332752227783
3.1547462940216064,3.5385918617248535,2.159332752227783
3.156308889389038,3.5403549671173096,2.1588666439056396
3.1571412086486816,3.542149543762207,2.158721446990967
3.156317710876465,3.5455310344696045,2.1612608432769775
3.155252695083618,3.5484635829925537,2.163370132446289
3.155252695083618,3.5484635829925537,2.163370132446289
3.155064582824707,3.5510201454162598,2.164613723754883
3.1548216342926025,3.5531861782073975,2.165098190307617
3.1550145149230957,3.554504632949829,2.1648881435394287
3.1550145149230957,3.554504632949829,2.1648881435394287
3.156259536743164,3.5561676025390625,2.164059638977051
3.156259536743164,3.5561676025390625,2.164059638977051
3.157945156097412,3.5564992427825928,2.163750410079956
3.156827449798584,3.5567150115966797,2.1650381088256836
3.1564557552337646,3.556466817855835,2.1654295921325684
3.1564557552337646,3.556466817855835,2.1654295921325684
3.1568212509155273,3.555626630783081,2.1648030281066895
3.159907579421997,3.5554983615875244,2.161665201187134
3.159907579421997,3.5554983615875244,2.161665201187134
3.162020444869995,3.5547826290130615,2.1591475009918213
3.1635384559631348,3.5571212768554688,2.159057855606079
3.1630139350891113,3.557532787322998,2.159949779510498
3.1630139350891113,3.557532787322998,2.159949779510498
3.1638998985290527,3.5572285652160645,2.159588098526001
3.164379358291626,3.5561838150024414,2.158176898956299
3.164379358291626,3.5561838150024414,2.158176898956299
3.1647400856018066,3.557652473449707,2.158494472503662
3.1632606983184814,3.557785987854004,2.159344434738159
3.1632606983184814,3.557785987854004,2.159344434738159
3.161043643951416,3.554656505584717,2.16091251373291
3.160309314727783,3.55393648147583,2.161625385284424
3.160309314727783,3.55393648147583,2.161625385284424
3.159013032913208,3.5543124675750732,2.1631336212158203
3.1595475673675537,3.55499529838562,2.1620676517486572
3.160356044769287,3.556060314178467,2.161062002182007
3.1605451107025146,3.555342674255371,2.1602492332458496
3.1605451107025146,3.555342674255371,2.1602492332458496
3.159787178039551,3.554208278656006,2.160402774810791
3.1607799530029297,3.5558862686157227,2.1595237255096436
3.160815477371216,3.5555903911590576,2.158810615539551
3.160815477371216,3.5555903911590576,2.158810615539551
3.161262273788452,3.5557100772857666,2.1579415798187256
3.161339282989502,3.555561065673828,2.15815806388855
3.160700559616089,3.5553832054138184,2.158773422241211
3.160700559616089,3.5553832054138184,2.158773422241211
3.159816026687622,3.5571465492248535,2.1604344844818115
3.1595370769500732,3.55627179145813,2.15975284576416
3.1604793071746826,3.556297779083252,2.15875244140625
3.160921573638916,3.5563161373138428,2.1581878662109375
3.160921573638916,3.5563161373138428,2.1581878662109375
3.1608030796051025,3.557269811630249,2.15926194190979
3.1608030796051025,3.557269811630249,2.15926194190979
3.162419557571411,3.557171106338501,2.15798282623291
3.162419557571411,3.557171106338501,2.15798282623291
3.1641640663146973,3.556562900543213,2.155717134475708
3.1649675369262695,3.5568346977233887,2.1551334857940674
3.166837215423584,3.558382749557495,2.1539788246154785
3.1674087047576904,3.557509183883667,2.1536712646484375
3.16640567779541,3.555662155151367,2.1546919345855713
3.1656713485717773,3.55462384223938,2.1555421352386475
3.165144443511963,3.5548384189605713,2.1562399864196777
3.1654584407806396,3.555788516998291,2.156087875366211
3.1656699180603027,3.556281328201294,2.155552864074707
3.1656699180603027,3.556281328201294,2.155552864074707
3.164470672607422,3.5548441410064697,2.1556811332702637
3.1641929149627686,3.555508852005005,2.1554627418518066
3.1633307933807373,3.5559027194976807,2.1562392711639404
3.1633307933807373,3.5559027194976807,2.1562392711639404
3.163372755050659,3.5574862957000732,2.1566193103790283
3.163372755050659,3.5574862957000732,2.1566193103790283
3.1648523807525635,3.554720640182495,2.15395188331604
3.165621042251587,3.556459426879883,2.1538944244384766
3.165621042251587,3.556459426879883,2.1538944244384766
3.1671903133392334,3.558379888534546,2.15261173248291
3.1670398712158203,3.5584590435028076,2.152292251586914
3.166991710662842,3.5577757358551025,2.152570962905884
3.166991710662842,3.5577757358551025,2.152570962905884
3.1655235290527344,3.5561556816101074,2.1533236503601074
3.166191339492798,3.5573654174804688,2.1527249813079834
3.166191339492798,3.5573654174804688,2.1527249813079834
3.1662895679473877,3.5584421157836914,2.1520590782165527
3.1662895679473877,3.5584421157836914,2.1520590782165527
3.1677463054656982,3.5581071376800537,2.1495838165283203
3.168262481689453,3.557309627532959,2.1482560634613037
3.1681253910064697,3.5586369037628174,2.1492974758148193
3.1677305698394775,3.559298276901245,2.1495931148529053
3.1677305698394775,3.559298276901245,2.1495931148529053
3.1687326431274414,3.5593650341033936,2.147578001022339
3.169677257537842,3.558590888977051,2.1467947959899902
3.169677257537842,3.558590888977051,2.1467947959899902
3.1737022399902344,3.5600192546844482,2.1424036026000977
3.1737022399902344,3.5600192546844482,2.1424036026000977
3.1766178607940674,3.562375545501709,2.1397454738616943
3.1763274669647217,3.5611555576324463,2.140031337738037
3.176192045211792,3.5602800846099854,2.1402876377105713
3.174875259399414,3.5590758323669434,2.142199993133545
3.174875259399414,3.5590758323669434,2.142199993133545
3.1750850677490234,3.5601916313171387,2.1421101093292236
3.1750850677490234,3.5601916313171387,2.1421101093292236
3.1750524044036865,3.5600271224975586,2.1414008140563965
3.1756765842437744,3.5587854385375977,2.140505790710449
3.1747429370880127,3.558738946914673,2.142099380493164
3.1747429370880127,3.558738946914673,2.142099380493164
3.173676013946533,3.5588936805725098,2.1430015563964844
3.1735198497772217,3.559183120727539,2.1431572437286377
3.1742026805877686,3.5587801933288574,2.1422009468078613
3.1742026805877686,3.5587801933288574,2.1422009468078613
3.177990674972534,3.560612201690674,2.139361619949341
3.177990674972534,3.560612201690674,2.139361619949341
3.1773996353149414,3.5620899200439453,2.1410787105560303
3.1760849952697754,3.562032699584961,2.1428680419921875
3.1755008697509766,3.5613908767700195,2.143698215484619
3.1758298873901367,3.5599677562713623,2.143404245376587
3.176164150238037,3.5600669384002686,2.1424014568328857
3.176164150238037,3.5600669384002686,2.1424014568328857
3.1776514053344727,3.5621275901794434,2.141249895095825
3.1780850887298584,3.563119411468506,2.1401209831237793
3.1789848804473877,3.5638396739959717,2.13877010345459
3.179638147354126,3.5633459091186523,2.137559175491333
3.179638147354126,3.5633459091186523,2.137559175491333
3.1793105602264404,3.5633416175842285,2.1377363204956055
3.1793875694274902,3.564310312271118,2.1379709243774414
3.1793875694274902,3.564310312271118,2.1379709243774414
3.179506540298462,3.5644595623016357,2.1380774974823
3.1795170307159424,3.5652952194213867,2.1383795738220215
3.1800763607025146,3.56558895111084,2.1376335620880127
3.1800763607025146,3.56558895111084,2.1376335620880127
3.1825835704803467,3.566573143005371,2.135606527328491
3.1826648712158203,3.5664491653442383,2.13543438911438
3.1826648712158203,3.5664491653442383,2.13543438911438
3.1828973293304443,3.565615177154541,2.1350200176239014
3.182866334915161,3.565561056137085,2.1352880001068115
3.182258129119873,3.5655317306518555,2.1360862255096436
3.180861234664917,3.565605640411377,2.1374735832214355
3.1793129444122314,3.565640926361084,2.13909912109375
3.178130865097046,3.564440965652466,2.14017915725708
3.1783671379089355,3.5633978843688965,2.1394424438476562
3.1783671379089355,3.5633978843688965,2.1394424438476562
3.1788229942321777,3.5650246143341064,2.1397504806518555
3.1780812740325928,3.565034866333008,2.1393043994903564
3.1780543327331543,3.563995361328125,2.1387100219726562
3.1780543327331543,3.563995361328125,2.1387100219726562
3.1787631511688232,3.5623598098754883,2.1369307041168213
3.1790904998779297,3.5624356269836426,2.136235237121582
3.1790904998779297,3.5624356269836426,2.136235237121582
3.180724620819092,3.5640833377838135,2.1344456672668457
3.180724620819092,3.5640833377838135,2.1344456672668457
3.1806552410125732,3.5642201900482178,2.1346426010131836
3.1797006130218506,3.5621557235717773,2.1354429721832275
3.179440498352051,3.561979055404663,2.1360182762145996
3.179440498352051,3.561979055404663,2.1360182762145996
3.1796655654907227,3.5638387203216553,2.136552095413208
3.1802332401275635,3.563783884048462,2.1356313228607178
3.180471658706665,3.5630111694335938,2.1354241371154785
3.1807563304901123,3.5628209114074707,2.1353509426116943
3.1807563304901123,3.5628209114074707,2.1353509426116943
3.181586742401123,3.5625252723693848,2.1343274116516113
3.181586742401123,3.5625252723693848,2.1343274116516113
3.1819369792938232,3.5618979930877686,2.133533477783203
3.1819369792938232,3.5618979930877686,2.133533477783203
3.1833460330963135,3.561798572540283,2.1312625408172607
3.18475604057312,3.562866687774658,2.1297993659973145
3.18475604057312,3.562866687774658,2.1297993659973145
3.184688091278076,3.5631237030029297,2.1289920806884766
3.1860954761505127,3.5635995864868164,2.127953290939331
3.1860954761505127,3.5635995864868164,2.127953290939331
3.187027931213379,3.563065528869629,2.1266608238220215
3.186518669128418,3.563060998916626,2.1271815299987793
3.186518669128418,3.563060998916626,2.1271815299987793
3.1855015754699707,3.5639283657073975,2.1279735565185547
3.185019016265869,3.565061330795288,2.1286468505859375
3.185019016265869,3.565061330795288,2.1286468505859375
3.1840145587921143,3.564785957336426,2.1291580200195312
3.1839640140533447,3.563462018966675,2.129498243331909
3.1839511394500732,3.563251256942749,2.129318952560425
3.1839511394500732,3.563251256942749,2.129318952560425
3.184455156326294,3.5636837482452393,2.1297309398651123
3.1853010654449463,3.564810276031494,2.12892746925354
3.1853010654449463,3.564810276031494,2.12892746925354
3.1862900257110596,3.5651965141296387,2.1276323795318604
3.186311960220337,3.5658822059631348,2.1280181407928467
3.186887264251709,3.5666682720184326,2.1275112628936768
3.188147783279419,3.567493200302124,2.1265363693237305
3.188147783279419,3.567493200302124,2.1265363693237305
3.1873207092285156,3.5690994262695312,2.1288747787475586
3.1873207092285156,3.5690994262695312,2.1288747787475586
3.1876060962677,3.5678858757019043,2.128162145614624
3.1876060962677,3.5678858757019043,2.128162145614624
3.1896603107452393,3.5697667598724365,2.126835823059082
3.1901001930236816,3.57106876373291,2.126176595687866
3.1901001930236816,3.57106876373291,2.126176595687866
3.1900970935821533,3.570615768432617,2.1261141300201416
3.189455509185791,3.5694591999053955,2.1261966228485107
3.188601493835449,3.569106340408325,2.1269478797912598
3.189239501953125,3.570171594619751,2.126035451889038
3.1902966499328613,3.5709939002990723,2.1248726844787598
3.1905531883239746,3.570641279220581,2.1246755123138428
3.1904308795928955,3.56978440284729,2.1246681213378906
3.1904308795928955,3.56978440284729,2.1246681213378906
3.189823865890503,3.5678348541259766,2.1249375343322754
3.189464569091797,3.56730580329895,2.1252479553222656
3.189464569091797,3.56730580329895,2.1252479553222656
3.189034938812256,3.568023920059204,2.125920295715332
3.189034938812256,3.568023920059204,2.125920295715332
3.186866283416748,3.5651116371154785,2.12712025642395
3.185925006866455,3.5649397373199463,2.1282644271850586
3.18546986579895,3.5652213096618652,2.128713607788086
3.186208963394165,3.5659754276275635,2.1278953552246094
3.187113046646118,3.5670878887176514,2.1268863677978516
3.187113046646118,3.5670878887176514,2.1268863677978516
3.1882638931274414,3.5661213397979736,2.1245572566986084
3.1889092922210693,3.5665037631988525,2.1235532760620117
3.18788480758667,3.5667314529418945,2.124662399291992
3.1865122318267822,3.567744731903076,2.1261141300201416
3.1865122318267822,3.567744731903076,2.1261141300201416
3.1871731281280518,3.5679306983947754,2.1263740062713623
3.188262701034546,3.567795753479004,2.1250672340393066
3.188262701034546,3.567795753479004,2.1250672340393066
3.1907918453216553,3.5706615447998047,2.1234560012817383
3.1931233406066895,3.5723485946655273,2.1213791370391846
3.1932249069213867,3.572317600250244,2.1212265491485596
3.1932249069213867,3.572317600250244,2.1212265491485596
3.191873788833618,3.571074962615967,2.123906373977661
3.191873788833618,3.571074962615967,2.123906373977661
3.1901371479034424,3.5700132846832275,2.1262521743774414
3.1911141872406006,3.570380687713623,2.1251420974731445
3.1911141872406006,3.570380687713623,2.1251420974731445
3.192629337310791,3.572150468826294,2.1233675479888916
3.1922147274017334,3.571444511413574,2.123081684112549
3.1922147274017334,3.571444511413574,2.123081684112549
3.1910645961761475,3.569863796234131,2.123520612716675
3.189594268798828,3.5697169303894043,2.125147819519043
3.1885688304901123,3.5692286491394043,2.125521421432495
3.189253330230713,3.5695626735687256,2.124298572540283
3.189931631088257,3.5694682598114014,2.1238479614257812
3.1904945373535156,3.5697686672210693,2.1227264404296875
3.1906914710998535,3.571059465408325,2.1221256256103516
3.1899712085723877,3.5718863010406494,2.1226840019226074
3.1896910667419434,3.5717549324035645,2.122865915298462
3.1896910667419434,3.5717549324035645,2.122865915298462
3.188336133956909,3.5726940631866455,2.1250312328338623
3.188336133956909,3.5726940631866455,2.1250312328338623
3.189157485961914,3.573237180709839,2.1241185665130615
3.189157485961914,3.573237180709839,2.1241185665130615
3.189105272293091,3.575679063796997,2.1252026557922363
3.1878421306610107,3.576446056365967,2.127164840698242
3.1878421306610107,3.576446056365967,2.127164840698242
3.188018560409546,3.575204610824585,2.127314567565918
3.188018560409546,3.575204610824585,2.127314567565918
3.187798500061035,3.577680826187134,2.1293516159057617
3.1889100074768066,3.5782523155212402,2.1283068656921387
3.1889100074768066,3.5782523155212402,2.1283068656921387
3.1907036304473877,3.5767388343811035,2.1259756088256836
3.1907036304473877,3.5767388343811035,2.1259756088256836
3.1928234100341797,3.577258348464966,2.123908758163452
3.1928234100341797,3.577258348464966,2.123908758163452
3.193920135498047,3.578605890274048,2.123419761657715
3.1931912899017334,3.5774731636047363,2.124549388885498
3.1931912899017334,3.5774731636047363,2.124549388885498
3.1930806636810303,3.577042818069458,2.1247148513793945
3.1930806636810303,3.577042818069458,2.1247148513793945
3.193838357925415,3.5775327682495117,2.123887062072754
3.194221019744873,3.5801029205322266,2.124328851699829
3.195155382156372,3.579007863998413,2.1218130588531494
3.195155382156372,3.579007863998413,2.1218130588531494
3.1968162059783936,3.577766180038452,2.1189637184143066
3.1968162059783936,3.577766180038452,2.1189637184143066
3.195380687713623,3.5810892581939697,2.1221704483032227
3.195380687713623,3.5810892581939697,2.1221704483032227
3.1944868564605713,3.58028244972229,2.1214985847473145
3.1949026584625244,3.579115629196167,2.121220111846924
3.1949026584625244,3.579115629196167,2.121220111846924
3.197810173034668,3.581838846206665,2.119072914123535
3.197810173034668,3.581838846206665,2.119072914123535
3.1993515491485596,3.5827014446258545,2.117112159729004
3.1993370056152344,3.581986904144287,2.1166555881500244
3.198957681655884,3.5820841789245605,2.1173532009124756
3.198957681655884,3.5820841789245605,2.1173532009124756
3.1985347270965576,3.582155227661133,2.117175817489624
3.1986265182495117,3.5852320194244385,2.11783504486084
3.1986265182495117,3.5852320194244385,2.11783504486084
3.199934244155884,3.5859310626983643,2.1154794692993164
3.199934244155884,3.5859310626983643,2.1154794692993164
3.2003273963928223,3.5857324600219727,2.1153409481048584
3.1986966133117676,3.586296558380127,2.116999387741089
3.197406053543091,3.5871758460998535,2.117932081222534
3.1954448223114014,3.5871245861053467,2.1195242404937744
3.1960830688476562,3.586965799331665,2.11903715133667
3.1960830688476562,3.586965799331665,2.11903715133667
3.200021982192993,3.5880050659179688,2.1152806282043457
3.2032155990600586,3.5892157554626465,2.111581563949585
3.205563545227051,3.5884740352630615,2.109140157699585
3.205509901046753,3.5896449089050293,2.110154390335083
3.205509901046753,3.5896449089050293,2.110154390335083
3.20377779006958,3.58595871925354,2.1122372150421143
3.20377779006958,3.58595871925354,2.1122372150421143
3.2035608291625977,3.5849218368530273,2.114506721496582
3.2032527923583984,3.584777355194092,2.115044593811035
3.2032527923583984,3.584777355194092,2.115044593811035
3.203047275543213,3.5859453678131104,2.116065740585327
3.203223943710327,3.583815097808838,2.1156253814697266
3.2030303478240967,3.583519458770752,2.1161556243896484
3.2032899856567383,3.5837044715881348,2.116626501083374
3.2032899856567383,3.5837044715881348,2.116626501083374
3.2019715309143066,3.583637237548828,2.1172597408294678
3.202092409133911,3.584097146987915,2.1176393032073975
3.2021684646606445,3.5839884281158447,2.1154425144195557
3.2033283710479736,3.5838570594787598,2.113978385925293
3.2033283710479736,3.5838570594787598,2.113978385925293
3.203643321990967,3.5839099884033203,2.1115827560424805
3.203643321990967,3.5839099884033203,2.1115827560424805
3.2038238048553467,3.5862057209014893,2.1112685203552246
3.203322649002075,3.5859129428863525,2.1112828254699707
3.203322649002075,3.5859129428863525,2.1112828254699707
3.202845335006714,3.5856921672821045,2.1116127967834473
3.202845335006714,3.5856921672821045,2.1116127967834473
3.203808546066284,3.588719367980957,2.110610008239746
3.2046027183532715,3.589461088180542,2.1087887287139893
3.2047901153564453,3.5897698402404785,2.1086573600769043
3.204807758331299,3.5892765522003174,2.108307123184204
3.204807758331299,3.5892765522003174,2.108307123184204
3.2049612998962402,3.589592933654785,2.109050989151001
3.2049612998962402,3.589592933654785,2.109050989151001
3.2046873569488525,3.589559316635132,2.1100568771362305
3.204545259475708,3.5899107456207275,2.110710620880127
3.204951524734497,3.5903427600860596,2.1108086109161377
3.205549478530884,3.590453863143921,2.1110260486602783
3.2060766220092773,3.590707778930664,2.1107749938964844
3.2060766220092773,3.590707778930664,2.1107749938964844
3.2073974609375,3.592268943786621,2.110185384750366
3.2091877460479736,3.5936996936798096,2.1090850830078125
3.2091877460479736,3.5936996936798096,2.1090850830078125
3.2080600261688232,3.590972423553467,2.1098315715789795
3.2072207927703857,3.5909934043884277,2.1107566356658936
3.2072207927703857,3.5909934043884277,2.1107566356658936
3.2066500186920166,3.592210054397583,2.1122190952301025
3.205179214477539,3.591377019882202,2.113279104232788
3.2041714191436768,3.5905086994171143,2.114137649536133
3.2059144973754883,3.5890157222747803,2.111654043197632
3.2059144973754883,3.5890157222747803,2.111654043197632
3.2069172859191895,3.588339328765869,2.1099092960357666
3.2069172859191895,3.588339328765869,2.1099092960357666
3.2055788040161133,3.5891358852386475,2.1112935543060303
3.2050833702087402,3.5892140865325928,2.1116201877593994
3.207155704498291,3.58845853805542,2.1084423065185547
3.207155704498291,3.58845853805542,2.1084423065185547
3.208735942840576,3.588453769683838,2.10526180267334
3.211120843887329,3.5895440578460693,2.102273464202881
3.211120843887329,3.5895440578460693,2.102273464202881
3.2107012271881104,3.588766098022461,2.101958751678467
3.2107012271881104,3.588766098022461,2.101958751678467
3.209648370742798,3.5890307426452637,2.1032862663269043
3.209648370742798,3.5890307426452637,2.1032862663269043
3.2092325687408447,3.5905861854553223,2.1039857864379883
3.2092325687408447,3.5905861854553223,2.1039857864379883
3.20833420753479,3.5919275283813477,2.1050992012023926
3.2079579830169678,3.591167688369751,2.1049933433532715
3.2087390422821045,3.590733289718628,2.104612112045288
3.2088379859924316,3.591135025024414,2.1046862602233887
3.2094838619232178,3.5931220054626465,2.105215072631836
3.2104785442352295,3.594275951385498,2.1042299270629883
3.2104785442352295,3.594275951385498,2.1042299270629883
3.2100133895874023,3.591966152191162,2.1036267280578613
3.209829330444336,3.593163013458252,2.10520601272583
3.2114408016204834,3.593503713607788,2.1033990383148193
3.212642192840576,3.5944693088531494,2.1021480560302734
3.2129623889923096,3.595074415206909,2.1017370223999023
3.2128570079803467,3.5955002307891846,2.101839065551758
3.2128570079803467,3.5955002307891846,2.101839065551758
3.2129335403442383,3.594844102859497,2.101012945175171
3.2117209434509277,3.5953526496887207,2.1026835441589355
3.2117209434509277,3.5953526496887207,2.1026835441589355
3.212580919265747,3.5983083248138428,2.1022818088531494
3.2137629985809326,3.5975096225738525,2.1003363132476807
3.215744972229004,3.596332311630249,2.0967888832092285
3.2170474529266357,3.596445322036743,2.095473527908325
3.2170474529266357,3.596445322036743,2.095473527908325
3.216374397277832,3.598428726196289,2.096174478530884
3.2160210609436035,3.598771572113037,2.096877336502075
3.2160210609436035,3.598771572113037,2.096877336502075
3.216334819793701,3.5977783203125,2.096487283706665
3.2176642417907715,3.5991876125335693,2.0954794883728027
3.2211058139801025,3.6015069484710693,2.092454433441162
3.221585273742676,3.6026113033294678,2.0927040576934814
3.221585273742676,3.6026113033294678,2.0927040576934814
3.2213058471679688,3.6024105548858643,2.0935728549957275
3.220846652984619,3.600914478302002,2.0944271087646484
3.220846652984619,3.600914478302002,2.0944271087646484
3.220834255218506,3.601435661315918,2.095172166824341
3.220492124557495,3.602208375930786,2.095705032348633
3.220407485961914,3.602583885192871,2.095604181289673
3.221322536468506,3.602285385131836,2.0939431190490723
3.221322536468506,3.602285385131836,2.0939431190490723
3.220507860183716,3.6034538745880127,2.0945746898651123
3.221095323562622,3.6048073768615723,2.094161033630371
3.2223777770996094,3.6032662391662598,2.0907652378082275
3.2225167751312256,3.602588415145874,2.0901927947998047
3.2225167751312256,3.602588415145874,2.0901927947998047
3.222075939178467,3.603529214859009,2.090411901473999
3.222075939178467,3.603529214859009,2.090411901473999
3.221489191055298,3.6051418781280518,2.0917532444000244
3.221489191055298,3.6051418781280518,2.0917532444000244
3.218660593032837,3.603015661239624,2.0949149131774902
3.218113660812378,3.6018099784851074,2.095404863357544
3.219247341156006,3.603062152862549,2.0950868129730225
3.219247341156006,3.603062152862549,2.0950868129730225
3.219228744506836,3.604691505432129,2.0947070121765137
3.2205049991607666,3.6035940647125244,2.0925137996673584
3.2205049991607666,3.6035940647125244,2.0925137996673584
3.220454454421997,3.6017544269561768,2.0919349193573
3.2190072536468506,3.6017727851867676,2.0948774814605713
3.2190072536468506,3.6017727851867676,2.0948774814605713
3.2188327312469482,3.601945400238037,2.0947177410125732
3.2192039489746094,3.6011643409729004,2.0940134525299072
3.2196273803710938,3.600764036178589,2.0940282344818115
3.2196273803710938,3.600764036178589,2.0940282344818115
3.2227673530578613,3.6030261516571045,2.0903687477111816
3.2234456539154053,3.6041457653045654,2.089993715286255
3.2234456539154053,3.6041457653045654,2.089993715286255
3.222195625305176,3.6023573875427246,2.090142250061035
3.2226226329803467,3.602141857147217,2.0895891189575195
3.222644329071045,3.6023058891296387,2.089576244354248
3.222644329071045,3.6023058891296387,2.089576244354248
3.2217957973480225,3.603743076324463,2.0914406776428223
3.221705675125122,3.603208303451538,2.091470241546631
3.221705675125122,3.603208303451538,2.091470241546631
3.2215354442596436,3.6027352809906006,2.0912089347839355
3.2215354442596436,3.6027352809906006,2.0912089347839355
3.2193219661712646,3.6033577919006348,2.0941414833068848
3.218971014022827,3.604196071624756,2.094778060913086
3.218971014022827,3.604196071624756,2.094778060913086
3.2215518951416016,3.6029601097106934,2.0909955501556396
3.222391128540039,3.603463888168335,2.089531421661377
3.224073886871338,3.6067306995391846,2.0878992080688477
3.224073886871338,3.6067306995391846,2.0878992080688477
3.2226176261901855,3.6072473526000977,2.088555097579956
3.2209537029266357,3.608027219772339,2.091343879699707
3.2198917865753174,3.609311819076538,2.094196319580078
3.2198917865753174,3.609311819076538,2.094196319580078
3.2191567420959473,3.6104650497436523,2.0961852073669434
3.2191567420959473,3.6104650497436523,2.0961852073669434
3.2193355560302734,3.609647035598755,2.095773696899414
3.2193355560302734,3.609647035598755,2.095773696899414
3.219968557357788,3.6100687980651855,2.0950894355773926
3.219968557357788,3.6100687980651855,2.0950894355773926
3.2187442779541016,3.6103758811950684,2.09668231010437
3.217878818511963,3.60982084274292,2.097311496734619
3.2180771827697754,3.609100580215454,2.096869468688965
3.219161033630371,3.6101233959198,2.095335006713867
3.219161033630371,3.6101233959198,2.095335006713867
3.222001075744629,3.611985921859741,2.09204363822937
3.222001075744629,3.611985921859741,2.09204363822937
3.221825361251831,3.6117982864379883,2.09222149848938
3.221825361251831,3.6117982864379883,2.09222149848938
3.220320224761963,3.6102139949798584,2.0939488410949707
3.220320224761963,3.6102139949798584,2.0939488410949707
3.22068452835083,3.611189842224121,2.0940468311309814
3.221313238143921,3.6116251945495605,2.093348979949951
3.2228190898895264,3.611670970916748,2.0914459228515625
3.2239346504211426,3.610938787460327,2.0900912284851074
3.2239346504211426,3.610938787460327,2.0900912284851074
3.2227673530578613,3.610982894897461,2.091785430908203
3.2227673530578613,3.610982894897461,2.091785430908203
3.2232658863067627,3.6120200157165527,2.091742992401123
3.2247121334075928,3.610492706298828,2.0895261764526367
3.2247121334075928,3.610492706298828,2.0895261764526367
3.2270684242248535,3.6151580810546875,2.088273286819458
3.2273168563842773,3.615504264831543,2.0878171920776367
3.2273168563842773,3.615504264831543,2.0878171920776367
3.2255311012268066,3.6139798164367676,2.0894863605499268
3.224640130996704,3.613354444503784,2.090961456298828
3.225862503051758,3.6136605739593506,2.0898869037628174
3.225862503051758,3.6136605739593506,2.0898869037628174
3.227046489715576,3.6152236461639404,2.0890767574310303
3.2276923656463623,3.615828514099121,2.0883007049560547
3.2276923656463623,3.615828514099121,2.0883007049560547
3.2284820079803467,3.615008592605591,2.086155652999878
3.2286324501037598,3.615262031555176,2.0860507488250732
3.2286324501037598,3.615262031555176,2.0860507488250732
3.2279815673828125,3.6164119243621826,2.086949348449707
3.2279815673828125,3.6164119243621826,2.086949348449707
3.2275726795196533,3.616347551345825,2.087799549102783
3.2275726795196533,3.616347551345825,2.087799549102783
3.2244694232940674,3.6183266639709473,2.09321928024292
3.2230374813079834,3.6184260845184326,2.094994068145752
3.2240772247314453,3.6156692504882812,2.092072010040283
3.2251601219177246,3.6161305904388428,2.0909032821655273
3.2251601219177246,3.6161305904388428,2.0909032821655273
3.2272658348083496,3.6196115016937256,2.0886316299438477
3.227642059326172,3.619936466217041,2.0878329277038574
3.227642059326172,3.619936466217041,2.0878329277038574
3.226360321044922,3.6167304515838623,2.0877366065979004
3.225675582885742,3.6172571182250977,2.0890965461730957
3.2260019779205322,3.618600845336914,2.089078426361084
3.2260019779205322,3.618600845336914,2.089078426361084
3.2273168563842773,3.6189308166503906,2.0875155925750732
3.228363513946533,3.61910080909729,2.0866565704345703
3.228363513946533,3.61910080909729,2.0866565704345703
3.2299582958221436,3.6202871799468994,2.0856335163116455
3.2321789264678955,3.6216790676116943,2.0839316844940186
3.2325241565704346,3.6206653118133545,2.083530902862549
3.2325241565704346,3.6206653118133545,2.083530902862549
3.2322897911071777,3.620100498199463,2.083864212036133
3.2329208850860596,3.620656967163086,2.083641290664673
3.2329208850860596,3.620656967163086,2.083641290664673
3.2330799102783203,3.6221742630004883,2.084385871887207
3.2323689460754395,3.6214044094085693,2.0846550464630127
3.2323689460754395,3.6214044094085693,2.0846550464630127
3.235363006591797,3.620915174484253,2.080970525741577
3.235363006591797,3.620915174484253,2.080970525741577
3.2360315322875977,3.6229612827301025,2.081822633743286
3.2360315322875977,3.6229612827301025,2.081822633743286
3.237250804901123,3.6232523918151855,2.0804378986358643
3.237250804901123,3.6232523918151855,2.0804378986358643
3.2385220527648926,3.6225295066833496,2.0781610012054443
3.2385220527648926,3.6225295066833496,2.0781610012054443
3.2389183044433594,3.625091314315796,2.078291416168213
3.238103151321411,3.6218035221099854,2.077664852142334
3.238103151321411,3.6218035221099854,2.077664852142334
3.2379703521728516,3.622279644012451,2.078516721725464
3.237715244293213,3.623318910598755,2.078325033187866
3.238062858581543,3.6247622966766357,2.078673839569092
3.237067699432373,3.6223843097686768,2.0780680179595947
3.237416982650757,3.621932029724121,2.0774950981140137
3.2374019622802734,3.621777296066284,2.0766782760620117
3.236854314804077,3.622243642807007,2.0776922702789307
3.236854314804077,3.622243642807007,2.0776922702789307
3.234753370285034,3.621508836746216,2.079439640045166
3.234753370285034,3.621508836746216,2.079439640045166
3.2348928451538086,3.6190648078918457,2.0786190032958984
3.2348928451538086,3.6190648078918457,2.0786190032958984
3.2367687225341797,3.620286464691162,2.0766725540161133
3.2367687225341797,3.620286464691162,2.0766725540161133
3.2386319637298584,3.6214652061462402,2.0743319988250732
3.2386319637298584,3.6214652061462402,2.0743319988250732
3.238765239715576,3.620136260986328,2.0738675594329834
3.2372891902923584,3.6205060482025146,2.0763821601867676
3.2358484268188477,3.6216065883636475,2.077958345413208
3.2358484268188477,3.6216065883636475,2.077958345413208
3.2361364364624023,3.6231799125671387,2.0781970024108887
3.2362747192382812,3.6223182678222656,2.0774760246276855
3.2362747192382812,3.6223182678222656,2.0774760246276855
3.2377915382385254,3.6241281032562256,2.0764501094818115
3.2377915382385254,3.6241281032562256,2.0764501094818115
3.2391347885131836,3.624655246734619,2.0742039680480957
3.2407302856445312,3.62736177444458,2.0719752311706543
3.2449281215667725,3.6297109127044678,2.0667648315429688
3.2480063438415527,3.6308186054229736,2.0624990463256836
3.2480063438415527,3.6308186054229736,2.0624990463256836
3.249638080596924,3.6332640647888184,2.0605969429016113
3.249229669570923,3.6332945823669434,2.060412645339966
3.2493362426757812,3.633732557296753,2.0607638359069824
3.248560905456543,3.6341450214385986,2.0619351863861084
3.248610734939575,3.6355140209198,2.0631103515625
3.250239610671997,3.636831283569336,2.061018705368042
3.251909017562866,3.6363399028778076,2.059563159942627
3.252683401107788,3.6374895572662354,2.0588443279266357
3.2523884773254395,3.6390464305877686,2.05977463722229
3.2523884773254395,3.6390464305877686,2.05977463722229
3.251732349395752,3.6400845050811768,2.0610108375549316
3.251732349395752,3.6400845050811768,2.0610108375549316
3.2494394779205322,3.6390955448150635,2.063800096511841
3.2511472702026367,3.6406655311584473,2.0623178482055664
3.252500295639038,3.6407063007354736,2.0615227222442627
3.252500295639038,3.6407063007354736,2.0615227222442627
3.252807140350342,3.641639232635498,2.0616016387939453
3.252807140350342,3.641639232635498,2.0616016387939453
3.2525479793548584,3.64096736907959,2.062121629714966
3.2520294189453125,3.641021251678467,2.063281536102295
3.250988483428955,3.6418776512145996,2.0650711059570312
3.251445770263672,3.6429286003112793,2.064732551574707
3.2520620822906494,3.6422390937805176,2.0635263919830322
3.2520620822906494,3.6422390937805176,2.0635263919830322
3.252847671508789,3.6398918628692627,2.0612576007843018
3.252847671508789,3.6398918628692627,2.0612576007843018
3.2532575130462646,3.6412391662597656,2.0607728958129883
3.2517518997192383,3.639173746109009,2.061574935913086
3.2503371238708496,3.6383559703826904,2.063223123550415
3.249986410140991,3.6382527351379395,2.0632245540618896
3.249986410140991,3.6382527351379395,2.0632245540618896
3.2521824836730957,3.640037775039673,2.0609090328216553
3.2521824836730957,3.640037775039673,2.0609090328216553
3.2518835067749023,3.6402721405029297,2.0614633560180664
3.2515830993652344,3.638925075531006,2.0616250038146973
3.2519357204437256,3.637701988220215,2.061326026916504
3.250202178955078,3.638166904449463,2.0639841556549072
3.250202178955078,3.638166904449463,2.0639841556549072
3.251298666000366,3.6399924755096436,2.062734603881836
3.25334095954895,3.638235092163086,2.059583902359009
3.2542991638183594,3.637439012527466,2.0576975345611572
3.254650592803955,3.638108730316162,2.0571184158325195
3.254650592803955,3.638108730316162,2.0571184158325195
3.253136157989502,3.6383090019226074,2.057924509048462
3.250978708267212,3.638112783432007,2.060640573501587
3.2502899169921875,3.6377172470092773,2.0619499683380127
3.2502899169921875,3.6377172470092773,2.0619499683380127
3.2509348392486572,3.637913227081299,2.061089038848877
3.2547571659088135,3.6396656036376953,2.0580615997314453
3.2547571659088135,3.6396656036376953,2.0580615997314453
3.2544057369232178,3.6403656005859375,2.0588834285736084
3.2544057369232178,3.6403656005859375,2.0588834285736084
3.2535722255706787,3.637373447418213,2.058518171310425
3.2535722255706787,3.637373447418213,2.058518171310425
3.252103805541992,3.6396050453186035,2.0612096786499023
3.2523434162139893,3.641491413116455,2.060988664627075
3.253310203552246,3.6410837173461914,2.0586845874786377
3.254757881164551,3.640969753265381,2.056589365005493
3.254757881164551,3.640969753265381,2.056589365005493
3.256937026977539,3.6422321796417236,2.0536067485809326
3.2582037448883057,3.6437933444976807,2.0520596504211426
3.259075164794922,3.6442084312438965,2.0512542724609375
3.259075164794922,3.6442084312438965,2.0512542724609375
3.2589263916015625,3.6431705951690674,2.051393747329712
3.259800910949707,3.6438939571380615,2.050999641418457
3.261138439178467,3.6441547870635986,2.049508810043335
3.2616279125213623,3.6423017978668213,2.048102617263794
3.261993885040283,3.6425156593322754,2.048260450363159
3.261993885040283,3.6425156593322754,2.048260450363159
3.2626166343688965,3.64414644241333,2.048412799835205
3.2626166343688965,3.64414644241333,2.048412799835205
3.2607920169830322,3.6454737186431885,2.051140069961548
3.2607920169830322,3.6454737186431885,2.051140069961548
3.2609670162200928,3.6437854766845703,2.0495712757110596
3.2623772621154785,3.6444318294525146,2.048083782196045
3.2626709938049316,3.6455070972442627,2.048048734664917
3.2626709938049316,3.6455070972442627,2.048048734664917
3.2609918117523193,3.6453959941864014,2.0495667457580566
3.2605817317962646,3.6442835330963135,2.0502026081085205
3.2605817317962646,3.6442835330963135,2.0502026081085205
3.2607784271240234,3.64412522315979,2.0502724647521973
3.2618699073791504,3.645744562149048,2.049682855606079
3.2629542350769043,3.647094488143921,2.0486130714416504
3.2632100582122803,3.6454665660858154,2.047478675842285
3.2632100582122803,3.6454665660858154,2.047478675842285
3.2620208263397217,3.6441805362701416,2.0497233867645264
3.2620208263397217,3.6441805362701416,2.0497233867645264
3.262131929397583,3.6457674503326416,2.0496840476989746
3.262131929397583,3.6457674503326416,2.0496840476989746
3.2624669075012207,3.6467983722686768,2.049746036529541
3.2631187438964844,3.6473145484924316,2.0490691661834717
3.26371693611145,3.6467270851135254,2.048428535461426
3.2621254920959473,3.6456334590911865,2.049692153930664
3.2621254920959473,3.6456334590911865,2.049692153930664
3.260791063308716,3.6460063457489014,2.0514352321624756
3.26059889793396,3.6454226970672607,2.050849676132202
3.261720895767212,3.6457080841064453,2.0496785640716553
3.261720895767212,3.6457080841064453,2.0496785640716553
3.262164354324341,3.6454129219055176,2.0488932132720947
3.262988805770874,3.6458048820495605,2.0479021072387695
3.2645275592803955,3.6457107067108154,2.0463016033172607
3.264921188354492,3.645064353942871,2.0455241203308105
3.2631072998046875,3.6420352458953857,2.0469114780426025
3.2624218463897705,3.6424899101257324,2.0478901863098145
3.2624218463897705,3.6424899101257324,2.0478901863098145
3.262502908706665,3.643373966217041,2.04823899269104
3.2622525691986084,3.6426379680633545,2.0480079650878906
3.262289047241211,3.642835855484009,2.04818058013916
3.262289047241211,3.642835855484009,2.04818058013916
3.2639386653900146,3.6415629386901855,2.045844554901123
3.2639386653900146,3.6415629386901855,2.045844554901123
3.2640748023986816,3.6418263912200928,2.0456650257110596
3.2636404037475586,3.6428029537200928,2.0462915897369385
3.2636404037475586,3.6428029537200928,2.0462915897369385
3.263608694076538,3.643519163131714,2.0453901290893555
3.263608694076538,3.643519163131714,2.0453901290893555
3.2625415325164795,3.64201283454895,2.045238733291626
3.2618865966796875,3.642241954803467,2.045341968536377
3.2624499797821045,3.642774820327759,2.044248342514038
3.263824939727783,3.6444919109344482,2.0430493354797363
3.263824939727783,3.6444919109344482,2.0430493354797363
3.262996196746826,3.643291473388672,2.04278302192688
3.2620954513549805,3.6424195766448975,2.0433149337768555
3.260812282562256,3.643644094467163,2.0452017784118652
3.2598986625671387,3.6448891162872314,2.0463624000549316
3.25982928276062,3.6451172828674316,2.0469424724578857
3.25982928276062,3.6451172828674316,2.0469424724578857
3.2608373165130615,3.6448814868927,2.046060085296631
3.2613070011138916,3.6449368000030518,2.0457770824432373
3.2618136405944824,3.645815849304199,2.0456314086914062
3.2612311840057373,3.6468613147735596,2.046696662902832
3.2612643241882324,3.648048162460327,2.0465362071990967
3.262212038040161,3.648332357406616,2.045191764831543
3.262646198272705,3.6472394466400146,2.044417142868042
3.2638955116271973,3.6468827724456787,2.0423431396484375
3.263989210128784,3.6474549770355225,2.042799472808838
3.263979911804199,3.648585319519043,2.043365240097046
3.2639822959899902,3.6468541622161865,2.04316782951355
3.26444411277771,3.6442770957946777,2.0416924953460693
3.2644636631011963,3.645216464996338,2.042570114135742
3.2644612789154053,3.647739887237549,2.0437705516815186
3.2642693519592285,3.6480770111083984,2.0432093143463135
3.263831377029419,3.6465094089508057,2.0431900024414062
3.2635252475738525,3.646101236343384,2.0442616939544678
3.262559175491333,3.646360397338867,2.0457937717437744
3.263077974319458,3.648792266845703,2.045921802520752
3.2626395225524902,3.6487114429473877,2.046217441558838
3.2612264156341553,3.646949529647827,2.0471460819244385
3.260363817214966,3.6464006900787354,2.048814296722412
3.2602546215057373,3.645827054977417,2.0493412017822266
3.2599709033966064,3.645477056503296,2.049264669418335
3.2599709033966064,3.645477056503296,2.049264669418335
3.260882616043091,3.6471822261810303,2.048539400100708
3.2612805366516113,3.647437334060669,2.047640085220337
3.2611913681030273,3.646191358566284,2.047011375427246
3.2602579593658447,3.645609140396118,2.0475409030914307
3.2602579593658447,3.645609140396118,2.0475409030914307
3.259706974029541,3.6473655700683594,2.0479180812835693
3.259706974029541,3.6473655700683594,2.0479180812835693
3.259734630584717,3.645049571990967,2.0453293323516846
3.259734630584717,3.645049571990967,2.0453293323516846
3.2612907886505127,3.644505023956299,2.042942762374878
3.262266159057617,3.6466100215911865,2.0427300930023193
3.262943744659424,3.6468253135681152,2.041966199874878
3.2626988887786865,3.6460118293762207,2.041738748550415
3.2626988887786865,3.6460118293762207,2.041738748550415
3.2629122734069824,3.644883155822754,2.0416183471679688
3.2649919986724854,3.6442041397094727,2.038752794265747
3.2649919986724854,3.6442041397094727,2.038752794265747
3.2660398483276367,3.6453089714050293,2.037797212600708
3.2652454376220703,3.6437342166900635,2.038586378097534
3.265388250350952,3.641989231109619,2.0390007495880127
3.265388250350952,3.641989231109619,2.0390007495880127
3.2651023864746094,3.6403868198394775,2.0391664505004883
3.2651913166046143,3.642352819442749,2.041045665740967
3.2651913166046143,3.642352819442749,2.041045665740967
3.2657907009124756,3.6427505016326904,2.0406174659729004
3.2657907009124756,3.6427505016326904,2.0406174659729004
3.266587495803833,3.6424078941345215,2.039966344833374
3.266324520111084,3.643089532852173,2.0400421619415283
3.266324520111084,3.643089532852173,2.0400421619415283
3.265551805496216,3.6438541412353516,2.0408313274383545
3.263986587524414,3.644016981124878,2.0421526432037354
3.263986587524414,3.644016981124878,2.0421526432037354
3.2632486820220947,3.64420223236084,2.041883945465088
3.2639431953430176,3.6447274684906006,2.041151285171509
3.2639431953430176,3.6447274684906006,2.041151285171509
3.26478910446167,3.646038293838501,2.0399928092956543
3.2646853923797607,3.646378517150879,2.0400495529174805
3.263867139816284,3.646040201187134,2.0408942699432373
3.2632768154144287,3.6466963291168213,2.042015790939331
3.262979030609131,3.64738130569458,2.042477607727051
3.262979030609131,3.64738130569458,2.042477607727051
3.2628395557403564,3.6488282680511475,2.0437140464782715
3.2628395557403564,3.6488282680511475,2.0437140464782715
3.265493869781494,3.649212598800659,2.042064905166626
3.2654950618743896,3.6499428749084473,2.042287826538086
3.2654950618743896,3.6499428749084473,2.042287826538086
3.2648768424987793,3.650498628616333,2.043606758117676
3.2652273178100586,3.650130033493042,2.043462038040161
3.2652273178100586,3.650130033493042,2.043462038040161
3.2674965858459473,3.6520512104034424,2.041551113128662
3.268765687942505,3.6542937755584717,2.041130304336548
3.2685275077819824,3.6544153690338135,2.039695978164673
3.2689127922058105,3.6548569202423096,2.0387375354766846
3.268594264984131,3.6540935039520264,2.038785934448242
3.268594264984131,3.6540935039520264,2.038785934448242
3.268040895462036,3.6538760662078857,2.0393970012664795
3.268264055252075,3.6539318561553955,2.0388197898864746
3.2695565223693848,3.6539359092712402,2.0366880893707275
3.2695565223693848,3.6539359092712402,2.0366880893707275
3.272491455078125,3.65582537651062,2.0336153507232666
3.272491455078125,3.65582537651062,2.0336153507232666
3.2731997966766357,3.6558995246887207,2.0318124294281006
3.272998094558716,3.655590295791626,2.0317277908325195
3.2725186347961426,3.6566109657287598,2.0332956314086914
3.2724926471710205,3.6567068099975586,2.0333163738250732
3.2724926471710205,3.6567068099975586,2.0333163738250732
3.273728132247925,3.6599533557891846,2.033344030380249
3.273728132247925,3.6599533557891846,2.033344030380249
3.2750179767608643,3.6594905853271484,2.031932830810547
3.275095224380493,3.65925669670105,2.0316550731658936
3.2752325534820557,3.6605093479156494,2.0314369201660156
3.27530574798584,3.6626386642456055,2.0324010848999023
3.27530574798584,3.6626386642456055,2.0324010848999023
3.2742321491241455,3.6630048751831055,2.0340893268585205
3.275256872177124,3.6625921726226807,2.0331501960754395
3.275617837905884,3.662161111831665,2.0323615074157715
3.276761770248413,3.663909435272217,2.0318844318389893
3.277606725692749,3.6661860942840576,2.0318572521209717
3.277029514312744,3.665086507797241,2.0321667194366455
3.276886224746704,3.664158821105957,2.0320730209350586
3.276886224746704,3.664158821105957,2.0320730209350586
3.277005910873413,3.661823034286499,2.0310583114624023
3.2769086360931396,3.661717653274536,2.0309112071990967
3.275576591491699,3.664222240447998,2.0329830646514893
3.275576591491699,3.664222240447998,2.0329830646514893
3.2754690647125244,3.661970853805542,2.0323429107666016
3.274796962738037,3.6611621379852295,2.0330066680908203
3.274935722351074,3.6627936363220215,2.033895254135132
3.2756125926971436,3.662691593170166,2.032470703125
3.277726888656616,3.6627137660980225,2.0293471813201904
3.2791032791137695,3.6621885299682617,2.027369499206543
3.28041672706604,3.662710666656494,2.025779962539673
3.2805638313293457,3.663182497024536,2.0252695083618164
3.280256509780884,3.6630678176879883,2.0251388549804688
3.280032157897949,3.662602663040161,2.024662494659424
3.28005051612854,3.6622848510742188,2.0241928100585938
3.282789945602417,3.664431095123291,2.0214850902557373
3.285123586654663,3.6671195030212402,2.01902174949646
3.286391019821167,3.6674585342407227,2.0174312591552734
3.2866952419281006,3.6692309379577637,2.0173373222351074
3.2866952419281006,3.6692309379577637,2.0173373222351074
3.2885732650756836,3.669626235961914,2.0147767066955566
3.2893505096435547,3.6703712940216064,2.0140697956085205
3.2894177436828613,3.672528028488159,2.0143258571624756
3.2886393070220947,3.67313814163208,2.016037702560425
3.2886393070220947,3.67313814163208,2.016037702560425
3.2878222465515137,3.67301869392395,2.0170962810516357
3.2874534130096436,3.6733267307281494,2.0177226066589355
3.2874534130096436,3.6733267307281494,2.0177226066589355
3.2874958515167236,3.676112413406372,2.018949508666992
3.2874958515167236,3.676112413406372,2.018949508666992
3.287909746170044,3.6768391132354736,2.018054723739624
3.2902119159698486,3.6766366958618164,2.014775037765503
3.2914822101593018,3.677358865737915,2.013413429260254
3.2914822101593018,3.677358865737915,2.013413429260254
3.2930848598480225,3.6787431240081787,2.0122923851013184
3.2930848598480225,3.6787431240081787,2.0122923851013184
3.292882204055786,3.6767570972442627,2.01250958442688
3.292882204055786,3.6767570972442627,2.01250958442688
3.2917380332946777,3.676093101501465,2.0142555236816406
3.2908360958099365,3.6779181957244873,2.01680064201355
3.2908360958099365,3.6779181957244873,2.01680064201355
3.2896883487701416,3.6769821643829346,2.0178496837615967
3.290266990661621,3.6770193576812744,2.0172548294067383
3.290881872177124,3.676684617996216,2.01493763923645
3.290881872177124,3.676684617996216,2.01493763923645
3.2904865741729736,3.6757490634918213,2.01460599899292
3.2898108959198,3.674126148223877,2.0148766040802
3.2898108959198,3.674126148223877,2.0148766040802
3.289377212524414,3.6724560260772705,2.0150015354156494
3.289754629135132,3.6720826625823975,2.014286518096924
3.290823459625244,3.6722018718719482,2.0123543739318848
3.290823459625244,3.6722018718719482,2.0123543739318848
3.293025016784668,3.6745028495788574,2.010056495666504
3.293773651123047,3.6739389896392822,2.0090322494506836
3.293773651123047,3.6739389896392822,2.0090322494506836
3.2934648990631104,3.6733345985412598,2.009474039077759
3.2934648990631104,3.6733345985412598,2.009474039077759
3.2919673919677734,3.674088954925537,2.0113065242767334
3.2919673919677734,3.674088954925537,2.0113065242767334
3.2926199436187744,3.6748573780059814,2.0106561183929443
3.2937233448028564,3.6745991706848145,2.0089492797851562
3.2941105365753174,3.6737120151519775,2.0081849098205566
3.2941105365753174,3.6737120151519775,2.0081849098205566
3.294192314147949,3.6731698513031006,2.0076725482940674
3.2932851314544678,3.672159433364868,2.0082781314849854
3.2930986881256104,3.672260284423828,2.008664131164551
3.2930986881256104,3.672260284423828,2.008664131164551
3.294168472290039,3.6729896068573,2.007917881011963
3.294528007507324,3.672736406326294,2.0080864429473877
3.294975996017456,3.672377824783325,2.0075905323028564
3.294975996017456,3.672377824783325,2.0075905323028564
3.2964179515838623,3.6736326217651367,2.0065088272094727
3.2964179515838623,3.6736326217651367,2.0065088272094727
3.298011302947998,3.671882390975952,2.0048370361328125
3.2981247901916504,3.672146797180176,2.004929542541504
3.298173666000366,3.6726326942443848,2.0050296783447266
3.298173666000366,3.6726326942443848,2.0050296783447266
3.2969233989715576,3.673164129257202,2.0067861080169678
3.2969233989715576,3.673164129257202,2.0067861080169678
3.295654535293579,3.6711490154266357,2.0081591606140137
3.2962052822113037,3.671433448791504,2.007380962371826
3.2969765663146973,3.672813653945923,2.006875514984131
3.2964982986450195,3.673450469970703,2.0071566104888916
3.297090530395508,3.6744544506073,2.006464958190918
3.297090530395508,3.6744544506073,2.006464958190918
3.297555446624756,3.673006296157837,2.0045852661132812
3.2972497940063477,3.6729133129119873,2.004727363586426
3.2969186305999756,3.6737797260284424,2.005077838897705
3.296900510787964,3.674307107925415,2.005009412765503
3.2961933612823486,3.6737804412841797,2.0050833225250244
3.2961933612823486,3.6737804412841797,2.0050833225250244
3.2965428829193115,3.676790475845337,2.0050508975982666
3.2965407371520996,3.678546905517578,2.0054221153259277
3.2965407371520996,3.678546905517578,2.0054221153259277
3.2973320484161377,3.6790361404418945,2.0045037269592285
3.2973320484161377,3.6790361404418945,2.0045037269592285
3.299419403076172,3.681398391723633,2.002331018447876
3.301438331604004,3.6819043159484863,1.998197078704834
3.302260637283325,3.6823794841766357,1.9974873065948486
3.302260637283325,3.6823794841766357,1.9974873065948486
3.3037784099578857,3.682483196258545,1.995338797569275
3.3061749935150146,3.6838316917419434,1.9928553104400635
3.3061749935150146,3.6838316917419434,1.9928553104400635
3.3063971996307373,3.6843910217285156,1.9928607940673828
3.305924892425537,3.6851634979248047,1.9945913553237915
3.305924892425537,3.6851634979248047,1.9945913553237915
3.307136297225952,3.6846964359283447,1.9944061040878296
3.307274103164673,3.6844217777252197,1.9948064088821411
3.307561159133911,3.6848182678222656,1.994962453842163
3.307561159133911,3.6848182678222656,1.994962453842163
3.309631586074829,3.6865782737731934,1.9936840534210205
3.3099312782287598,3.6865158081054688,1.993496298789978
3.3099312782287598,3.6865158081054688,1.993496298789978
3.3095858097076416,3.685307502746582,1.9940284490585327
3.310150623321533,3.6854312419891357,1.9935460090637207
3.3087375164031982,3.6848011016845703,1.9937905073165894
3.308032512664795,3.6853837966918945,1.9945951700210571
3.308032512664795,3.6853837966918945,1.9945951700210571
3.308952569961548,3.685058832168579,1.9925132989883423
3.3096518516540527,3.6841013431549072,1.991133213043213
3.309316396713257,3.6847455501556396,1.9918851852416992
3.308441162109375,3.6854193210601807,1.9929344654083252
3.308441162109375,3.6854193210601807,1.9929344654083252
3.3081202507019043,3.6855852603912354,1.9934245347976685
3.30796480178833,3.6843059062957764,1.993437647819519
3.3078548908233643,3.683650493621826,1.9935728311538696
3.3097710609436035,3.6854841709136963,1.9904438257217407
3.310521364212036,3.685161590576172,1.9892313480377197
3.310521364212036,3.685161590576172,1.9892313480377197
3.311391830444336,3.6841888427734375,1.987352967262268
3.3133163452148438,3.684938669204712,1.9855393171310425
3.314347267150879,3.686410427093506,1.9849926233291626
3.313387632369995,3.685325860977173,1.9854152202606201
3.3128817081451416,3.6849708557128906,1.9862853288650513
3.3133151531219482,3.6852283477783203,1.986053466796875
3.3142106533050537,3.685276746749878,1.9852371215820312
3.3142106533050537,3.685276746749878,1.9852371215820312
3.314389944076538,3.687241792678833,1.9862509965896606
3.314389944076538,3.687241792678833,1.9862509965896606
3.3152778148651123,3.68713116645813,1.9856151342391968
3.3152778148651123,3.68713116645813,1.9856151342391968
3.315490484237671,3.686617851257324,1.9867949485778809
3.315490484237671,3.686617851257324,1.9867949485778809
3.314260482788086,3.6894679069519043,1.9889788627624512
3.3153626918792725,3.6888811588287354,1.9864089488983154
3.316901206970215,3.6878998279571533,1.9838550090789795
3.316901206970215,3.6878998279571533,1.9838550090789795
3.3185110092163086,3.6891722679138184,1.9808204174041748
3.318272829055786,3.6898210048675537,1.9809849262237549
3.3167200088500977,3.689973831176758,1.9821577072143555
3.3167200088500977,3.689973831176758,1.9821577072143555
3.3143320083618164,3.6895503997802734,1.9847973585128784
3.31376314163208,3.6891472339630127,1.9852628707885742
3.31376314163208,3.6891472339630127,1.9852628707885742
3.3149399757385254,3.6889989376068115,1.9826815128326416
3.3136298656463623,3.6909596920013428,1.9841796159744263
3.312044382095337,3.6911909580230713,1.9853956699371338
3.312044382095337,3.6911909580230713,1.9853956699371338
3.3123607635498047,3.690772533416748,1.98491370677948
3.3135905265808105,3.6902246475219727,1.9844956398010254
3.314711809158325,3.6909501552581787,1.983828067779541
3.314711809158325,3.6909501552581787,1.983828067779541
3.3166675567626953,3.6930487155914307,1.9826740026474
3.317445755004883,3.693101644515991,1.9816123247146606
3.318368434906006,3.6936264038085938,1.9809080362319946
3.318364381790161,3.691828489303589,1.9797592163085938
3.318364381790161,3.691828489303589,1.9797592163085938
3.317579507827759,3.691702365875244,1.9811595678329468
3.317579507827759,3.691702365875244,1.9811595678329468
3.3180785179138184,3.691574811935425,1.98099684715271
3.3189303874969482,3.6925835609436035,1.98050856590271
3.319164752960205,3.691673755645752,1.980806589126587
3.319164752960205,3.691673755645752,1.980806589126587
3.3191795349121094,3.6912217140197754,1.9808833599090576
3.3188884258270264,3.691092014312744,1.9813686609268188
3.3188884258270264,3.691092014312744,1.9813686609268188
3.319002389907837,3.6920759677886963,1.9816598892211914
3.3213932514190674,3.6925501823425293,1.978830337524414
3.323880910873413,3.692805767059326,1.9774090051651
3.323880910873413,3.692805767059326,1.9774090051651
3.3228023052215576,3.69332218170166,1.975455403327942
3.3228023052215576,3.69332218170166,1.975455403327942
3.3224639892578125,3.694415807723999,1.9749010801315308
3.3224639892578125,3.694415807723999,1.9749010801315308
3.323204517364502,3.6943700313568115,1.9737657308578491
3.324296236038208,3.6944708824157715,1.9722994565963745
3.3275558948516846,3.6956069469451904,1.9686191082000732
3.3275558948516846,3.6956069469451904,1.9686191082000732
3.331423282623291,3.6964898109436035,1.9636908769607544
3.3321897983551025,3.6980273723602295,1.9628733396530151
3.3321897983551025,3.6980273723602295,1.9628733396530151
3.3324809074401855,3.6982688903808594,1.963339924812317
3.3328747749328613,3.69760799407959,1.9626564979553223
3.3328747749328613,3.69760799407959,1.9626564979553223
3.332500696182251,3.698410749435425,1.9630086421966553
3.332402467727661,3.6995043754577637,1.963311791419983
3.332667350769043,3.699970006942749,1.9631534814834595
3.332667350769043,3.699970006942749,1.9631534814834595
3.3334922790527344,3.6977767944335938,1.9615375995635986
3.333950996398926,3.6978096961975098,1.9617542028427124
3.3339619636535645,3.6986160278320312,1.9619948863983154
3.3339619636535645,3.6986160278320312,1.9619948863983154
3.3339691162109375,3.698789596557617,1.9620248079299927
3.334660530090332,3.6981418132781982,1.9611557722091675
3.3352291584014893,3.697648763656616,1.9604260921478271
3.3352291584014893,3.697648763656616,1.9604260921478271
3.335921287536621,3.698884963989258,1.9601597785949707
3.3391635417938232,3.701037883758545,1.95683753490448
3.34619402885437,3.7030189037323,1.9478480815887451
3.3502635955810547,3.70495343208313,1.9418671131134033
3.351921558380127,3.7074851989746094,1.9394276142120361
3.3507821559906006,3.7075655460357666,1.9398161172866821
3.348083734512329,3.7065649032592773,1.9431030750274658
3.348083734512329,3.7065649032592773,1.9431030750274658
3.342925548553467,3.7050156593322754,1.949456810951233
3.342925548553467,3.7050156593322754,1.949456810951233
3.3411312103271484,3.704951286315918,1.951872706413269
3.3416221141815186,3.706454038619995,1.951598048210144
3.342776298522949,3.707186222076416,1.9503055810928345
3.3444604873657227,3.709524154663086,1.9483366012573242
3.3444604873657227,3.709524154663086,1.9483366012573242
3.3452794551849365,3.7095155715942383,1.9462335109710693
3.3452794551849365,3.7095155715942383,1.9462335109710693
3.3451201915740967,3.70949649810791,1.9464510679244995
3.344844341278076,3.7100510597229004,1.9468748569488525
3.3457562923431396,3.711099147796631,1.9459880590438843
3.3457562923431396,3.711099147796631,1.9459880590438843
3.3476297855377197,3.712425470352173,1.944319486618042
3.3476297855377197,3.712425470352173,1.944319486618042
3.3495965003967285,3.7122015953063965,1.9418869018554688
3.3495965003967285,3.7122015953063965,1.9418869018554688
3.35127592086792,3.713270902633667,1.940077781677246
3.351794719696045,3.7143940925598145,1.9400001764297485
3.3508384227752686,3.7133312225341797,1.941102385520935
3.3508384227752686,3.7133312225341797,1.941102385520935
3.350288152694702,3.7119362354278564,1.9422168731689453
3.350288152694702,3.7119362354278564,1.9422168731689453
3.3509602546691895,3.713289737701416,1.9423266649246216
3.3517587184906006,3.7150137424468994,1.9420971870422363
3.3517587184906006,3.7150137424468994,1.9420971870422363
3.35113263130188,3.7126150131225586,1.9424315690994263
3.351144552230835,3.7127182483673096,1.9431743621826172
3.3503589630126953,3.7133371829986572,1.9449753761291504
3.349994421005249,3.7121264934539795,1.9448941946029663
3.349994421005249,3.7121264934539795,1.9448941946029663
3.351871967315674,3.7133469581604004,1.943459391593933
3.352745294570923,3.7115674018859863,1.9423190355300903
3.352870225906372,3.710846185684204,1.9411780834197998
3.352870225906372,3.710846185684204,1.9411780834197998
3.353307008743286,3.710986375808716,1.9407804012298584
3.3528027534484863,3.710449695587158,1.9397413730621338
3.352689266204834,3.7103500366210938,1.9397783279418945
3.352689266204834,3.7103500366210938,1.9397783279418945
3.3526458740234375,3.709617853164673,1.9393863677978516
3.3533411026000977,3.7100441455841064,1.9382463693618774
3.35402512550354,3.7110514640808105,1.9376466274261475
3.35402512550354,3.7110514640808105,1.9376466274261475
3.3558743000030518,3.7119476795196533,1.9351485967636108
3.356222629547119,3.7104320526123047,1.933748722076416
3.356222629547119,3.7104320526123047,1.933748722076416
3.355664014816284,3.7110795974731445,1.9342470169067383
3.355664014816284,3.7110795974731445,1.9342470169067383
3.3565707206726074,3.711078405380249,1.9324102401733398
3.357532262802124,3.711810350418091,1.9312520027160645
3.357532262802124,3.711810350418091,1.9312520027160645
3.358419179916382,3.7115719318389893,1.9297161102294922
3.3591675758361816,3.7114479541778564,1.9288703203201294
3.3597214221954346,3.7118024826049805,1.9283902645111084
3.3597214221954346,3.7118024826049805,1.9283902645111084
3.360071897506714,3.7132909297943115,1.9286329746246338
3.360071897506714,3.7132909297943115,1.9286329746246338
3.361086368560791,3.7132954597473145,1.927602767944336
3.362420082092285,3.7125437259674072,1.9254931211471558
3.3623015880584717,3.712834119796753,1.9262348413467407
3.3623015880584717,3.712834119796753,1.9262348413467407
3.361402750015259,3.713214159011841,1.9277853965759277
3.361402750015259,3.713214159011841,1.9277853965759277
3.3610072135925293,3.7120838165283203,1.9279531240463257
3.3609073162078857,3.7111456394195557,1.9276847839355469
3.3609862327575684,3.710780620574951,1.9270131587982178
3.360450506210327,3.7111434936523438,1.9274290800094604
3.3606040477752686,3.7119572162628174,1.927067518234253
3.360074281692505,3.712648630142212,1.9276113510131836
3.3598244190216064,3.713129758834839,1.9284380674362183
3.35935115814209,3.7124085426330566,1.9292213916778564
3.359424352645874,3.7121903896331787,1.9285454750061035
3.359424352645874,3.7121903896331787,1.9285454750061035
3.35905385017395,3.7132186889648438,1.9293067455291748
3.3583016395568848,3.714872121810913,1.9301643371582031
3.3588454723358154,3.715186595916748,1.9293949604034424
3.3582334518432617,3.713361978530884,1.929473876953125
3.3582334518432617,3.713361978530884,1.929473876953125
3.3590898513793945,3.714794635772705,1.9293290376663208
3.3590898513793945,3.714794635772705,1.9293290376663208
3.3596909046173096,3.71535325050354,1.9284394979476929
3.3598315715789795,3.7145583629608154,1.9280928373336792
3.3607046604156494,3.7146377563476562,1.928402304649353
3.3607046604156494,3.7146377563476562,1.928402304649353
3.3628809452056885,3.7145395278930664,1.925948977470398
3.36381196975708,3.7155673503875732,1.9253783226013184
3.36381196975708,3.7155673503875732,1.9253783226013184
3.363778829574585,3.7153563499450684,1.925757884979248
3.3636465072631836,3.7128472328186035,1.925498604774475
3.3630897998809814,3.7119505405426025,1.9262205362319946
3.362860918045044,3.7121458053588867,1.9265410900115967
3.3630590438842773,3.7129838466644287,1.9253604412078857
3.3630590438842773,3.7129838466644287,1.9253604412078857
3.3623952865600586,3.712252140045166,1.925606369972229
3.3621256351470947,3.711207151412964,1.9255424737930298
3.3620145320892334,3.7111260890960693,1.9256829023361206
3.3620145320892334,3.7111260890960693,1.9256829023361206
3.362565279006958,3.710878372192383,1.9248740673065186
3.362565279006958,3.710878372192383,1.9248740673065186
3.362987756729126,3.712094306945801,1.9242548942565918
3.362484931945801,3.7115375995635986,1.9246959686279297
3.362704038619995,3.712035655975342,1.9249804019927979
3.362704038619995,3.712035655975342,1.9249804019927979
3.3631560802459717,3.711683750152588,1.9241373538970947
3.3631560802459717,3.711683750152588,1.9241373538970947
3.3650949001312256,3.712979316711426,1.9219571352005005
3.365079164505005,3.7118403911590576,1.922022819519043
3.364959478378296,3.7113242149353027,1.9222851991653442
3.364959478378296,3.7113242149353027,1.9222851991653442
3.3656115531921387,3.712338924407959,1.9224920272827148
3.3657994270324707,3.71150541305542,1.9208009243011475
3.3657994270324707,3.71150541305542,1.9208009243011475
3.3668172359466553,3.713050603866577,1.9203683137893677
3.368466377258301,3.713296890258789,1.9184049367904663
3.3696961402893066,3.7141003608703613,1.917192816734314
3.3696961402893066,3.7141003608703613,1.917192816734314
3.3695006370544434,3.7154927253723145,1.9173595905303955
3.3695006370544434,3.7154927253723145,1.9173595905303955
3.36910343170166,3.7168591022491455,1.9176567792892456
3.3686909675598145,3.71614146232605,1.9176586866378784
3.3679041862487793,3.7152485847473145,1.9182158708572388
3.3679041862487793,3.7152485847473145,1.9182158708572388
3.3681886196136475,3.717071056365967,1.9173566102981567
3.3706085681915283,3.7189412117004395,1.9141210317611694
3.3706085681915283,3.7189412117004395,1.9141210317611694
3.373138189315796,3.719552755355835,1.9114035367965698
3.37410569190979,3.720372438430786,1.9102965593338013
3.37410569190979,3.720372438430786,1.9102965593338013
3.3743209838867188,3.7203989028930664,1.9107996225357056
3.3743209838867188,3.7203989028930664,1.9107996225357056
3.3729171752929688,3.720153570175171,1.9127174615859985
3.3728466033935547,3.7197980880737305,1.9125570058822632
3.375009536743164,3.7194881439208984,1.9093395471572876
3.376619338989258,3.7207930088043213,1.9074082374572754
3.376619338989258,3.7207930088043213,1.9074082374572754
3.3786134719848633,3.7242681980133057,1.9053378105163574
3.3786134719848633,3.7242681980133057,1.9053378105163574
3.37910795211792,3.723314046859741,1.9031926393508911
3.37910795211792,3.723314046859741,1.9031926393508911
3.3783493041992188,3.7253851890563965,1.9050544500350952
3.3791861534118652,3.7268970012664795,1.9037803411483765
3.3791861534118652,3.7268970012664795,1.9037803411483765
3.3798203468322754,3.7280123233795166,1.903637409210205
3.3801333904266357,3.7296228408813477,1.9040130376815796
3.3801333904266357,3.7296228408813477,1.9040130376815796
3.380385637283325,3.7300472259521484,1.903959035873413
3.3809094429016113,3.732168674468994,1.9041305780410767
3.381218194961548,3.7336857318878174,1.904152274131775
3.3812294006347656,3.7335317134857178,1.9039825201034546
3.3812294006347656,3.7335317134857178,1.9039825201034546
3.382007122039795,3.733346939086914,1.9026094675064087
3.3842685222625732,3.7344839572906494,1.9001911878585815
3.384727716445923,3.735142707824707,1.899330496788025
3.3852779865264893,3.73648738861084,1.8986639976501465
3.3852779865264893,3.73648738861084,1.8986639976501465
3.3843696117401123,3.7380213737487793,1.9009149074554443
3.384167432785034,3.7390670776367188,1.9020651578903198
3.384167432785034,3.7390670776367188,1.9020651578903198
3.384197235107422,3.740267753601074,1.9025999307632446
3.387143611907959,3.7432663440704346,1.901088833808899
3.386669874191284,3.743374824523926,1.9016202688217163
3.386669874191284,3.743374824523926,1.9016202688217163
3.3879880905151367,3.7434518337249756,1.90004563331604
3.3881123065948486,3.742476463317871,1.899990200996399
3.3881123065948486,3.742476463317871,1.899990200996399
3.3881824016571045,3.7442312240600586,1.900431513786316
3.3881824016571045,3.7442312240600586,1.900431513786316
3.3875696659088135,3.7432467937469482,1.9003950357437134
3.388364315032959,3.7417588233947754,1.8993993997573853
3.3897035121917725,3.7417237758636475,1.8976967334747314
3.3897035121917725,3.7417237758636475,1.8976967334747314
3.3901257514953613,3.7424943447113037,1.8971664905548096
3.389669895172119,3.7425427436828613,1.8973699808120728
3.3886160850524902,3.741645336151123,1.897721290588379
3.3886160850524902,3.741645336151123,1.897721290588379
3.3879854679107666,3.740178108215332,1.8970530033111572
3.388190984725952,3.739927291870117,1.8961210250854492
3.389301061630249,3.7427291870117188,1.8946682214736938
3.389301061630249,3.7427291870117188,1.8946682214736938
3.3910646438598633,3.743600368499756,1.8926682472229004
3.3910646438598633,3.743600368499756,1.8926682472229004
3.391054630279541,3.7447125911712646,1.8931114673614502
3.391054630279541,3.7447125911712646,1.8931114673614502
3.392656087875366,3.7442750930786133,1.8907467126846313
3.392656087875366,3.7442750930786133,1.8907467126846313
3.3934319019317627,3.7451624870300293,1.8906209468841553
3.394538164138794,3.7453079223632812,1.8893630504608154
3.394538164138794,3.7453079223632812,1.8893630504608154
3.3958821296691895,3.7452425956726074,1.888163447380066
3.3960206508636475,3.746617078781128,1.888905644416809
3.3960206508636475,3.746617078781128,1.888905644416809
3.396341562271118,3.7468411922454834,1.888258457183838
3.396873712539673,3.746273994445801,1.887097716331482
3.3970353603363037,3.7454440593719482,1.886621356010437
3.3980636596679688,3.746401071548462,1.8851631879806519
3.3983542919158936,3.7472729682922363,1.885101079940796
3.399275302886963,3.7492728233337402,1.8847074508666992
3.397789239883423,3.7480266094207764,1.8863426446914673
3.397789239883423,3.7480266094207764,1.8863426446914673
3.397890329360962,3.747653007507324,1.8870538473129272
3.397890329360962,3.747653007507324,1.8870538473129272
3.3999996185302734,3.748943567276001,1.8848077058792114
3.4008171558380127,3.750610113143921,1.8842321634292603
3.4008171558380127,3.750610113143921,1.8842321634292603
3.401175022125244,3.751967430114746,1.88318932056427
3.401526927947998,3.75199031829834,1.8826555013656616
3.4013726711273193,3.7530577182769775,1.8835737705230713
3.4014949798583984,3.7542967796325684,1.8836874961853027
3.4014949798583984,3.7542967796325684,1.8836874961853027
3.405653238296509,3.757641315460205,1.8780726194381714
3.4067020416259766,3.75734806060791,1.875939965248108
3.4067020416259766,3.75734806060791,1.875939965248108
3.4083478450775146,3.7575104236602783,1.872771978378296
3.4083478450775146,3.7575104236602783,1.872771978378296
3.4106523990631104,3.7598397731781006,1.8697351217269897
3.4126687049865723,3.7615084648132324,1.8679728507995605
3.4126687049865723,3.7615084648132324,1.8679728507995605
3.414055347442627,3.7608237266540527,1.865242838859558
3.414055347442627,3.7608237266540527,1.865242838859558
3.4152371883392334,3.762707233428955,1.8651347160339355
3.4160337448120117,3.7647759914398193,1.8648083209991455
3.4175984859466553,3.7645909786224365,1.8623802661895752
3.4175984859466553,3.7645909786224365,1.8623802661895752
3.4192073345184326,3.7643373012542725,1.8601473569869995
3.4211432933807373,3.7648210525512695,1.857560157775879
3.4211978912353516,3.7652525901794434,1.8574846982955933
3.4211978912353516,3.7652525901794434,1.8574846982955933
3.4200518131256104,3.7648544311523438,1.8588138818740845
3.419692277908325,3.763662576675415,1.8590798377990723
3.4191582202911377,3.7640230655670166,1.8605953454971313
3.4193689823150635,3.7649450302124023,1.8606305122375488
3.4202826023101807,3.766326427459717,1.8599125146865845
3.420764207839966,3.7663891315460205,1.8593957424163818
3.420764207839966,3.7663891315460205,1.8593957424163818
3.420607805252075,3.7638347148895264,1.8589421510696411
3.420607805252075,3.7638347148895264,1.8589421510696411
3.4207091331481934,3.763772487640381,1.8581753969192505
3.422020673751831,3.7651875019073486,1.8558467626571655
3.4221484661102295,3.7655093669891357,1.8555387258529663
3.4221484661102295,3.7655093669891357,1.8555387258529663
3.4227828979492188,3.764737367630005,1.8532958030700684
3.4227828979492188,3.764737367630005,1.8532958030700684
3.4241957664489746,3.7642199993133545,1.8513987064361572
3.424405813217163,3.76499605178833,1.8508281707763672
3.424405813217163,3.76499605178833,1.8508281707763672
3.4264330863952637,3.7652814388275146,1.8493726253509521
3.4264330863952637,3.7652814388275146,1.8493726253509521
3.4284331798553467,3.7654309272766113,1.8466674089431763
3.4284331798553467,3.7654309272766113,1.8466674089431763
3.4307668209075928,3.7669122219085693,1.8432886600494385
3.432950258255005,3.7659363746643066,1.8391332626342773
3.432950258255005,3.7659363746643066,1.8391332626342773
3.432842254638672,3.7673821449279785,1.8405206203460693
3.4323818683624268,3.7672839164733887,1.8405709266662598
3.4323818683624268,3.7672839164733887,1.8405709266662598
3.4316930770874023,3.7671871185302734,1.8406929969787598
3.4290590286254883,3.76633882522583,1.8429352045059204
3.429170608520508,3.765707492828369,1.8432267904281616
3.429170608520508,3.765707492828369,1.8432267904281616
3.4292283058166504,3.766207218170166,1.843042016029358
3.4292283058166504,3.766207218170166,1.843042016029358
3.4300687313079834,3.7677719593048096,1.8425732851028442
3.4333972930908203,3.766942262649536,1.837255597114563
3.434004068374634,3.766883134841919,1.8367667198181152
3.434004068374634,3.766883134841919,1.8367667198181152
3.4345309734344482,3.7686965465545654,1.8366713523864746
3.434312343597412,3.770473003387451,1.8380763530731201
3.434138774871826,3.771432876586914,1.8398369550704956
3.434138774871826,3.771432876586914,1.8398369550704956
3.4334380626678467,3.7689554691314697,1.8416773080825806
3.4332122802734375,3.7691473960876465,1.8426783084869385
3.4332122802734375,3.7691473960876465,1.8426783084869385
3.4338386058807373,3.771129846572876,1.8428223133087158
3.434486150741577,3.7718505859375,1.8414294719696045
3.437903881072998,3.772338628768921,1.8359869718551636
3.437903881072998,3.772338628768921,1.8359869718551636
3.4397952556610107,3.773090124130249,1.832967758178711
3.4399430751800537,3.773650884628296,1.8321127891540527
3.4399430751800537,3.773650884628296,1.8321127891540527
3.4404239654541016,3.7746074199676514,1.8304882049560547
3.4407575130462646,3.7741611003875732,1.8298499584197998
3.4423935413360596,3.774674654006958,1.8275851011276245
3.444591522216797,3.7752463817596436,1.8242368698120117
3.444591522216797,3.7752463817596436,1.8242368698120117
3.446531057357788,3.776486873626709,1.8209055662155151
3.446531057357788,3.776486873626709,1.8209055662155151
3.447000503540039,3.7761659622192383,1.8200327157974243
3.4491920471191406,3.775801658630371,1.817399501800537
3.4491920471191406,3.775801658630371,1.817399501800537
3.4489905834198,3.776735782623291,1.8178167343139648
3.4489905834198,3.776735782623291,1.8178167343139648
3.4485039710998535,3.779334306716919,1.8192133903503418
3.445107936859131,3.7777340412139893,1.8231568336486816
3.445107936859131,3.7777340412139893,1.8231568336486816
3.4436395168304443,3.7780601978302,1.8258097171783447
3.4441537857055664,3.779350519180298,1.8255939483642578
3.4441537857055664,3.779350519180298,1.8255939483642578
3.4453697204589844,3.7797298431396484,1.8236210346221924
3.446101188659668,3.7801175117492676,1.822943091392517
3.446101188659668,3.7801175117492676,1.822943091392517
3.4483845233917236,3.778834581375122,1.819651484489441
3.4483845233917236,3.778834581375122,1.819651484489441
3.449502944946289,3.7794406414031982,1.8186981678009033
3.4499595165252686,3.78031063079834,1.819504737854004
3.450641632080078,3.7795469760894775,1.8187021017074585
3.4506521224975586,3.7780323028564453,1.8181777000427246
3.45124888420105,3.7775843143463135,1.8174786567687988
3.4508118629455566,3.779014825820923,1.8177955150604248
3.450965166091919,3.781085252761841,1.8182340860366821
3.450161933898926,3.780128240585327,1.8178272247314453
3.4506025314331055,3.7791032791137695,1.8168258666992188
3.450864553451538,3.778827428817749,1.8164128065109253
3.451263189315796,3.779329776763916,1.8159079551696777
3.4514482021331787,3.7800886631011963,1.815955638885498
3.451157808303833,3.780120611190796,1.815732479095459
3.451057195663452,3.7791032791137695,1.815029263496399
3.4518656730651855,3.778879404067993,1.8130067586898804
3.452925443649292,3.7791941165924072,1.810757040977478
3.452925443649292,3.7791941165924072,1.810757040977478
3.4540445804595947,3.780320644378662,1.8093626499176025
3.4552769660949707,3.7827723026275635,1.8082815408706665
3.4552769660949707,3.7827723026275635,1.8082815408706665
3.455237865447998,3.779714584350586,1.808081865310669
3.455237865447998,3.779714584350586,1.808081865310669
3.4561593532562256,3.782806634902954,1.808656096458435
3.4570300579071045,3.7834925651550293,1.8070785999298096
3.4570300579071045,3.7834925651550293,1.8070785999298096
3.4580631256103516,3.784125328063965,1.8057760000228882
3.4585556983947754,3.784355878829956,1.8055657148361206
3.4585556983947754,3.784355878829956,1.8055657148361206
3.45823073387146,3.7825334072113037,1.8056392669677734
3.45823073387146,3.7825334072113037,1.8056392669677734
3.4573183059692383,3.782057285308838,1.8068610429763794
3.4577877521514893,3.783236026763916,1.8058971166610718
3.4579453468322754,3.7834091186523438,1.805746078491211
3.4579453468322754,3.7834091186523438,1.805746078491211
3.458418130874634,3.7837655544281006,1.8049153089523315
3.4589343070983887,3.7843892574310303,1.8042892217636108
3.4587502479553223,3.785486936569214,1.8046058416366577
3.4583370685577393,3.7862977981567383,1.8053936958312988
3.4582083225250244,3.7844350337982178,1.805105209350586
3.4597198963165283,3.784501075744629,1.8026076555252075
3.460836887359619,3.7850115299224854,1.8010838031768799
3.461135149002075,3.7857658863067627,1.8004131317138672
3.4610111713409424,3.7860164642333984,1.800032615661621
3.4615464210510254,3.786269426345825,1.79945707321167
3.461707592010498,3.7862939834594727,1.7996152639389038
3.46097993850708,3.7869832515716553,1.8012182712554932
3.460916519165039,3.7875702381134033,1.8017964363098145
3.461697578430176,3.7863171100616455,1.800104022026062
3.461697578430176,3.7863171100616455,1.800104022026062
3.4622693061828613,3.784865617752075,1.7988855838775635
3.4622693061828613,3.784865617752075,1.7988855838775635
3.4628827571868896,3.7872891426086426,1.7984963655471802
3.464172124862671,3.7872133255004883,1.797176718711853
3.4648971557617188,3.7862496376037598,1.7959163188934326
3.4648971557617188,3.7862496376037598,1.7959163188934326
3.4683403968811035,3.7870354652404785,1.792915940284729
3.4683403968811035,3.7870354652404785,1.792915940284729
3.471193313598633,3.7898495197296143,1.7893530130386353
3.4713964462280273,3.7906646728515625,1.789220929145813
3.4713964462280273,3.7906646728515625,1.789220929145813
3.47206974029541,3.7912075519561768,1.7881343364715576
3.47206974029541,3.7912075519561768,1.7881343364715576
3.472710609436035,3.791710615158081,1.7873749732971191
3.472710609436035,3.791710615158081,1.7873749732971191
3.4720876216888428,3.7938830852508545,1.7892407178878784
3.4720876216888428,3.7938830852508545,1.7892407178878784
3.4723384380340576,3.7920737266540527,1.788183331489563
3.472583055496216,3.792083978652954,1.7883872985839844
3.473771095275879,3.7943854331970215,1.7874832153320312
3.473771095275879,3.7943854331970215,1.7874832153320312
3.4763412475585938,3.796300172805786,1.783304214477539
3.4763412475585938,3.796300172805786,1.783304214477539
3.476607084274292,3.793956995010376,1.7821606397628784
3.476607084274292,3.793956995010376,1.7821606397628784
3.477667808532715,3.7943925857543945,1.781205415725708
3.477997303009033,3.795480966567993,1.7811681032180786
3.4770820140838623,3.795046806335449,1.7810158729553223
3.4770820140838623,3.795046806335449,1.7810158729553223
3.4765496253967285,3.794811964035034,1.7807543277740479
3.4755916595458984,3.793307304382324,1.781567096710205
3.474637746810913,3.793186902999878,1.7831504344940186
3.474637746810913,3.793186902999878,1.7831504344940186
3.472987651824951,3.7933571338653564,1.7853670120239258
3.472987651824951,3.7933571338653564,1.7853670120239258
3.4738593101501465,3.794522762298584,1.784356713294983
3.4743289947509766,3.794558048248291,1.7836463451385498
3.474881172180176,3.7944724559783936,1.782072901725769
3.474881172180176,3.7944724559783936,1.782072901725769
3.477379322052002,3.7952768802642822,1.7777292728424072
3.4771647453308105,3.7959351539611816,1.7779760360717773
3.4763317108154297,3.795736789703369,1.7792476415634155
3.4762513637542725,3.794424533843994,1.778777003288269
3.4762513637542725,3.794424533843994,1.778777003288269
3.476074695587158,3.794376850128174,1.7797898054122925
3.474984645843506,3.7953169345855713,1.7816057205200195
3.4745125770568848,3.795419692993164,1.7822812795639038
3.4745125770568848,3.795419692993164,1.7822812795639038
3.4750421047210693,3.7933905124664307,1.7813832759857178
3.4759957790374756,3.792880058288574,1.780295491218567
3.4776227474212646,3.7946529388427734,1.778831124305725
3.4788131713867188,3.7964067459106445,1.77790367603302
3.4788131713867188,3.7964067459106445,1.77790367603302
3.477804660797119,3.7949557304382324,1.7795464992523193
3.477804660797119,3.7949557304382324,1.7795464992523193
3.4763870239257812,3.7943670749664307,1.7815626859664917
3.475099563598633,3.793982982635498,1.7833720445632935
3.4738757610321045,3.7940285205841064,1.7857283353805542
3.4738757610321045,3.7940285205841064,1.7857283353805542
3.4730143547058105,3.794656753540039,1.7869216203689575
3.473731279373169,3.793907880783081,1.78538179397583
3.473731279373169,3.793907880783081,1.78538179397583
3.473903179168701,3.793142557144165,1.7845669984817505
3.473903179168701,3.793142557144165,1.7845669984817505
3.475004196166992,3.796637535095215,1.783262014389038
3.47454571723938,3.795081377029419,1.7836183309555054
3.47454571723938,3.795081377029419,1.7836183309555054
3.4743525981903076,3.7943902015686035,1.7838807106018066
3.4741806983947754,3.7947020530700684,1.7843984365463257
3.4741997718811035,3.795717239379883,1.7841993570327759
3.4741997718811035,3.795717239379883,1.7841993570327759
3.4748733043670654,3.7958834171295166,1.783245325088501
3.476560354232788,3.7960703372955322,1.7809327840805054
3.476560354232788,3.7960703372955322,1.7809327840805054
3.477262258529663,3.7960526943206787,1.779201865196228
3.4787442684173584,3.7976267337799072,1.7778193950653076
3.47955322265625,3.798673391342163,1.776934266090393
3.480147123336792,3.797109603881836,1.7762871980667114
3.480147123336792,3.797109603881836,1.7762871980667114
3.4806127548217773,3.798830032348633,1.7761934995651245
3.4828298091888428,3.8026371002197266,1.7743874788284302
3.4828298091888428,3.8026371002197266,1.7743874788284302
3.4844565391540527,3.8024346828460693,1.7703543901443481
3.4844565391540527,3.8024346828460693,1.7703543901443481
3.485050678253174,3.8011269569396973,1.7702901363372803
3.485050678253174,3.8011269569396973,1.7702901363372803
3.484408140182495,3.8005146980285645,1.771263837814331
3.4841232299804688,3.8012964725494385,1.772461175918579
3.4834024906158447,3.8009700775146484,1.7729355096817017
3.4847443103790283,3.800699234008789,1.7708570957183838
3.4847443103790283,3.800699234008789,1.7708570957183838
3.4862358570098877,3.8001863956451416,1.7685401439666748
3.4862358570098877,3.8001863956451416,1.7685401439666748
3.486177444458008,3.8006792068481445,1.7688511610031128
3.4867963790893555,3.801121234893799,1.7679004669189453
3.486725091934204,3.8004307746887207,1.7675838470458984
3.4872543811798096,3.7995917797088623,1.7667964696884155
3.4872493743896484,3.7991461753845215,1.7669363021850586
3.4872493743896484,3.7991461753845215,1.7669363021850586
3.487719774246216,3.799807548522949,1.7648402452468872
3.487734317779541,3.7999351024627686,1.764357089996338
3.486952781677246,3.7988176345825195,1.7645741701126099
3.48711895942688,3.798902988433838,1.7645033597946167
3.48711895942688,3.798902988433838,1.7645033597946167
3.487722873687744,3.7994589805603027,1.7640718221664429
3.4879064559936523,3.799565553665161,1.7641030550003052
3.488394021987915,3.8000032901763916,1.7635438442230225
3.4896106719970703,3.800530433654785,1.7621729373931885
3.4899449348449707,3.8007233142852783,1.7613952159881592
3.4899449348449707,3.8007233142852783,1.7613952159881592
3.488999605178833,3.8015780448913574,1.7621091604232788
3.488999605178833,3.8015780448913574,1.7621091604232788
3.49147891998291,3.8031280040740967,1.7582987546920776
3.491997003555298,3.802783250808716,1.7572212219238281
3.491480588912964,3.803363561630249,1.7582029104232788
3.4911551475524902,3.8031606674194336,1.7593446969985962
3.491183280944824,3.8036224842071533,1.7593661546707153
3.4910802841186523,3.803873062133789,1.7596063613891602
3.490508556365967,3.804349660873413,1.7603451013565063
3.4901528358459473,3.803556442260742,1.7605592012405396
3.4907805919647217,3.8035290241241455,1.759764552116394
3.4906327724456787,3.8041563034057617,1.7608755826950073
3.4902353286743164,3.8050172328948975,1.7616633176803589
3.489711284637451,3.8049721717834473,1.7621835470199585
3.489711284637451,3.8049721717834473,1.7621835470199585
3.4904251098632812,3.8042478561401367,1.76054847240448
3.4911887645721436,3.8051207065582275,1.759334921836853
3.4911887645721436,3.8051207065582275,1.759334921836853
3.493462562561035,3.807053327560425,1.7562122344970703
3.493462562561035,3.807053327560425,1.7562122344970703
3.493406057357788,3.805974245071411,1.7555162906646729
3.4938595294952393,3.8053622245788574,1.7552546262741089
3.4941365718841553,3.8057734966278076,1.755216121673584
3.494924545288086,3.8074886798858643,1.7552297115325928
3.494924545288086,3.8074886798858643,1.7552297115325928
3.4946444034576416,3.807478904724121,1.7546494007110596
3.4946444034576416,3.807478904724121,1.7546494007110596
3.495532512664795,3.805518388748169,1.7530348300933838
3.495532512664795,3.805518388748169,1.7530348300933838
3.4965367317199707,3.8076813220977783,1.7525444030761719
3.4978771209716797,3.8101646900177,1.7515678405761719
3.4978771209716797,3.8101646900177,1.7515678405761719
3.4995949268341064,3.8093528747558594,1.7481954097747803
3.499844789505005,3.8086421489715576,1.7474485635757446
3.499844789505005,3.8086421489715576,1.7474485635757446
3.500152111053467,3.809330940246582,1.746962070465088
3.5002188682556152,3.8112192153930664,1.7476544380187988
3.4999122619628906,3.8115246295928955,1.7487045526504517
3.4999122619628906,3.8115246295928955,1.7487045526504517
3.500338554382324,3.80947208404541,1.7474946975708008
3.500976800918579,3.8093862533569336,1.7471728324890137
3.5013129711151123,3.8104028701782227,1.7473222017288208
3.500936269760132,3.811856269836426,1.7486741542816162
3.5014352798461914,3.810617685317993,1.7473477125167847
3.5014352798461914,3.810617685317993,1.7473477125167847
3.502262592315674,3.8087613582611084,1.7455942630767822
3.502262592315674,3.8087613582611084,1.7455942630767822
3.501542329788208,3.8120005130767822,1.7484890222549438
3.501542329788208,3.8120005130767822,1.7484890222549438
3.501102924346924,3.810357093811035,1.7471331357955933
3.501401901245117,3.808638572692871,1.7462493181228638
3.5021960735321045,3.808687925338745,1.7450350522994995
3.5021960735321045,3.808687925338745,1.7450350522994995
3.5043582916259766,3.810932159423828,1.7415367364883423
3.5043582916259766,3.810932159423828,1.7415367364883423
3.5046234130859375,3.810647487640381,1.741073727607727
3.5043556690216064,3.8097124099731445,1.740976095199585
3.503450870513916,3.809056043624878,1.7412866353988647
3.503450870513916,3.809056043624878,1.7412866353988647
3.502476453781128,3.810427665710449,1.7419642210006714
3.5020079612731934,3.8108973503112793,1.7419325113296509
3.5028998851776123,3.8108410835266113,1.7406076192855835
3.5028998851776123,3.8108410835266113,1.7406076192855835
3.5023279190063477,3.8114657402038574,1.738835096359253
3.502335786819458,3.8125405311584473,1.7395219802856445
3.502335786819458,3.8125405311584473,1.7395219802856445
3.501725673675537,3.813645124435425,1.7407139539718628
3.5017685890197754,3.811760187149048,1.7401422262191772
3.5018866062164307,3.8112833499908447,1.740200400352478
3.5026392936706543,3.8126962184906006,1.7396655082702637
3.5026392936706543,3.8126962184906006,1.7396655082702637
3.5049784183502197,3.8149354457855225,1.737667202949524
3.504970073699951,3.8156557083129883,1.7378227710723877
3.504711627960205,3.8139431476593018,1.7388471364974976
3.504711627960205,3.8139431476593018,1.7388471364974976
3.505286693572998,3.8147857189178467,1.7390868663787842
3.50551700592041,3.8160619735717773,1.7391940355300903
3.5048391819000244,3.816451072692871,1.7409619092941284
3.5048391819000244,3.816451072692871,1.7409619092941284
3.505470037460327,3.8163955211639404,1.7400541305541992
3.506155252456665,3.8156771659851074,1.7388666868209839
3.506442070007324,3.8178470134735107,1.739376425743103
3.506442070007324,3.8178470134735107,1.739376425743103
3.5063579082489014,3.8195858001708984,1.7399280071258545
3.506659746170044,3.8182578086853027,1.738932490348816
3.5072922706604004,3.8172919750213623,1.737560510635376
3.5072922706604004,3.8172919750213623,1.737560510635376
3.5100038051605225,3.8215298652648926,1.7346497774124146
3.5122599601745605,3.822603464126587,1.7309815883636475
3.5125010013580322,3.821760892868042,1.7306922674179077
3.5125010013580322,3.821760892868042,1.7306922674179077
3.5111513137817383,3.8179895877838135,1.7323431968688965
3.5111513137817383,3.8179895877838135,1.7323431968688965
3.5108888149261475,3.820840358734131,1.7345274686813354
3.509702205657959,3.8212995529174805,1.7352851629257202
3.509702205657959,3.8212995529174805,1.7352851629257202
3.509504556655884,3.821932077407837,1.7353397607803345
3.509477138519287,3.819368600845337,1.7334827184677124
3.509477138519287,3.819368600845337,1.7334827184677124
3.51005220413208,3.8223586082458496,1.7333952188491821
3.5104146003723145,3.8217203617095947,1.7312428951263428
3.511150360107422,3.8206369876861572,1.7297618389129639
3.511150360107422,3.8206369876861572,1.7297618389129639
3.5121655464172363,3.820436716079712,1.72861647605896
3.5121655464172363,3.820436716079712,1.72861647605896
3.5134987831115723,3.823228359222412,1.727921962738037
3.5138943195343018,3.8225889205932617,1.7276394367218018
3.513235569000244,3.8184356689453125,1.7281028032302856
3.513235569000244,3.8184356689453125,1.7281028032302856
3.5130372047424316,3.8188838958740234,1.729968786239624
3.5130372047424316,3.8188838958740234,1.729968786239624
3.5131418704986572,3.8195157051086426,1.729532241821289
3.5133752822875977,3.8191075325012207,1.7291561365127563
3.5133752822875977,3.8191075325012207,1.7291561365127563
3.5139658451080322,3.817255735397339,1.7272729873657227
3.5139658451080322,3.817255735397339,1.7272729873657227
3.514923572540283,3.818225145339966,1.7264103889465332
3.5141172409057617,3.8179805278778076,1.7270138263702393
3.5141172409057617,3.8179805278778076,1.7270138263702393
3.513739585876465,3.8176698684692383,1.7272100448608398
3.513624429702759,3.8168082237243652,1.727022647857666
3.5140249729156494,3.816559076309204,1.7264574766159058
3.514465093612671,3.8181591033935547,1.7261018753051758
3.514465093612671,3.8181591033935547,1.7261018753051758
3.516308069229126,3.819829225540161,1.723002552986145
3.5174224376678467,3.8177297115325928,1.721362829208374
3.5174224376678467,3.8177297115325928,1.721362829208374
3.5171728134155273,3.8166918754577637,1.721250057220459
3.516144275665283,3.8182525634765625,1.7238495349884033
3.516144275665283,3.8182525634765625,1.7238495349884033
3.5156407356262207,3.818171501159668,1.7243666648864746
3.5156407356262207,3.818171501159668,1.7243666648864746
3.5155701637268066,3.8167994022369385,1.7237030267715454
3.5155701637268066,3.8167994022369385,1.7237030267715454
3.5157124996185303,3.81905460357666,1.7240879535675049
3.5158119201660156,3.819181442260742,1.7234523296356201
3.5147178173065186,3.8186941146850586,1.7230684757232666
3.514895439147949,3.8183817863464355,1.722325325012207
3.514895439147949,3.8183817863464355,1.722325325012207
3.5150508880615234,3.817694902420044,1.7204399108886719
3.5150508880615234,3.817694902420044,1.7204399108886719
3.515228748321533,3.8198349475860596,1.7210772037506104
3.515228748321533,3.8198349475860596,1.7210772037506104
3.516105890274048,3.820388078689575,1.7209534645080566
3.516211986541748,3.818995952606201,1.720137596130371
3.516211986541748,3.818995952606201,1.720137596130371
3.516942024230957,3.820549249649048,1.7204502820968628
3.518437385559082,3.8233556747436523,1.7193683385849
3.5194647312164307,3.8229939937591553,1.7174984216690063
3.5194647312164307,3.8229939937591553,1.7174984216690063
3.5195274353027344,3.8223159313201904,1.7182034254074097
3.519835948944092,3.8223659992218018,1.7187044620513916
3.519835948944092,3.8223659992218018,1.7187044620513916
3.5203707218170166,3.8231709003448486,1.718824028968811
3.5197176933288574,3.8225667476654053,1.71961510181427
3.5200207233428955,3.8225300312042236,1.7194979190826416
3.5200207233428955,3.8225300312042236,1.7194979190826416
3.5223069190979004,3.8205928802490234,1.7153654098510742
3.5236027240753174,3.821154832839966,1.7143038511276245
3.5236027240753174,3.821154832839966,1.7143038511276245
3.5258870124816895,3.825208902359009,1.7123912572860718
3.526705503463745,3.825232744216919,1.7104597091674805
3.527284622192383,3.824448585510254,1.7085037231445312
3.527284622192383,3.824448585510254,1.7085037231445312
3.5294361114501953,3.825838088989258,1.7056571245193481
3.5294361114501953,3.825838088989258,1.7056571245193481
3.5297374725341797,3.828162908554077,1.7052890062332153
3.529355764389038,3.8275153636932373,1.7046959400177002
3.530226707458496,3.82736873626709,1.7029087543487549
3.530226707458496,3.82736873626709,1.7029087543487549
3.5298588275909424,3.8276946544647217,1.7025563716888428
3.5298588275909424,3.8276946544647217,1.7025563716888428
3.530329942703247,3.8296852111816406,1.7023775577545166
3.5306689739227295,3.829676628112793,1.7020255327224731
3.5313024520874023,3.829707384109497,1.700392246246338
3.5313024520874023,3.829707384109497,1.700392246246338
3.532682418823242,3.8306100368499756,1.700048804283142
3.532682418823242,3.8306100368499756,1.700048804283142
3.534771680831909,3.833021402359009,1.6987539529800415
3.534771680831909,3.833021402359009,1.6987539529800415
3.5366616249084473,3.8318018913269043,1.6958194971084595
3.5376014709472656,3.8297910690307617,1.693406581878662
3.5371696949005127,3.8304364681243896,1.6935969591140747
3.535494089126587,3.832418918609619,1.6956955194473267
3.535494089126587,3.832418918609619,1.6956955194473267
3.5352420806884766,3.8332130908966064,1.696138620376587
3.5352420806884766,3.8332130908966064,1.696138620376587
3.5364692211151123,3.8325085639953613,1.69314706325531
3.5367870330810547,3.8324294090270996,1.692356824874878
3.536303997039795,3.8350281715393066,1.6939235925674438
3.536303997039795,3.8350281715393066,1.6939235925674438
3.5363590717315674,3.8345186710357666,1.6933430433273315
3.537060022354126,3.834885597229004,1.6915313005447388
3.536914587020874,3.8323371410369873,1.6906155347824097
3.536914587020874,3.8323371410369873,1.6906155347824097
3.5358333587646484,3.8323917388916016,1.692029595375061
3.5358333587646484,3.8323917388916016,1.692029595375061
3.536130428314209,3.8321444988250732,1.6911998987197876
3.536130428314209,3.8321444988250732,1.6911998987197876
3.5373103618621826,3.832083225250244,1.690420389175415
3.538092851638794,3.831254720687866,1.688510537147522
3.539486885070801,3.8312060832977295,1.6874736547470093
3.539083480834961,3.8322036266326904,1.6888391971588135
3.538609027862549,3.8331377506256104,1.6901401281356812
3.538609027862549,3.8331377506256104,1.6901401281356812
3.5380587577819824,3.8326923847198486,1.6909894943237305
3.538336753845215,3.8300704956054688,1.6899443864822388
3.540634870529175,3.8330078125,1.6880741119384766
3.540634870529175,3.8330078125,1.6880741119384766
3.5411057472229004,3.8334903717041016,1.6869642734527588
3.5408689975738525,3.8324084281921387,1.6864477396011353
3.5408689975738525,3.8324084281921387,1.6864477396011353
3.5399210453033447,3.832507848739624,1.6875617504119873
3.5399210453033447,3.832507848739624,1.6875617504119873
3.5401768684387207,3.8330495357513428,1.6877481937408447
3.5403122901916504,3.833303689956665,1.6875871419906616
3.5403122901916504,3.833303689956665,1.6875871419906616
3.5419745445251465,3.8345377445220947,1.6855261325836182
3.5425779819488525,3.8343491554260254,1.6844264268875122
3.5424532890319824,3.8329434394836426,1.6849478483200073
3.5424532890319824,3.8329434394836426,1.6849478483200073
3.5414485931396484,3.833275556564331,1.6865918636322021
3.541102886199951,3.8336243629455566,1.686845064163208
3.5409867763519287,3.8342204093933105,1.687427043914795
3.540743827819824,3.8349883556365967,1.688079595565796
3.540743827819824,3.8349883556365967,1.688079595565796
3.5405242443084717,3.83589506149292,1.6889803409576416
3.5405242443084717,3.83589506149292,1.6889803409576416
3.541248321533203,3.8367598056793213,1.6885013580322266
3.541248321533203,3.8367598056793213,1.6885013580322266
3.5416321754455566,3.836411476135254,1.6877528429031372
3.5425167083740234,3.836899757385254,1.6865460872650146
3.5425167083740234,3.836899757385254,1.6865460872650146
3.5437662601470947,3.8376612663269043,1.683774471282959
3.5437662601470947,3.8376612663269043,1.683774471282959
3.5446267127990723,3.839512348175049,1.6832393407821655
3.5446267127990723,3.839512348175049,1.6832393407821655
3.544642210006714,3.838878631591797,1.683064341545105
3.544642210006714,3.838878631591797,1.683064341545105
3.545774459838867,3.840481758117676,1.6820330619812012
3.545774459838867,3.840481758117676,1.6820330619812012
3.547416925430298,3.842499256134033,1.6793584823608398
3.5471906661987305,3.8410849571228027,1.6784683465957642
3.5471835136413574,3.8402748107910156,1.6783461570739746
3.5471835136413574,3.8402748107910156,1.6783461570739746
3.54776668548584,3.8405823707580566,1.677531123161316
3.5486743450164795,3.8422811031341553,1.6764378547668457
3.5486743450164795,3.8422811031341553,1.6764378547668457
3.549342632293701,3.84175443649292,1.6744649410247803
3.5500261783599854,3.8413336277008057,1.6731253862380981
3.5500261783599854,3.8413336277008057,1.6731253862380981
3.549891710281372,3.841024875640869,1.6731953620910645
3.5498294830322266,3.8409194946289062,1.6739051342010498
3.5506467819213867,3.841503858566284,1.6726537942886353
3.550917387008667,3.841371774673462,1.6720738410949707
3.550917387008667,3.841371774673462,1.6720738410949707
3.5507447719573975,3.8398540019989014,1.6722911596298218
3.5507447719573975,3.8398540019989014,1.6722911596298218
3.5509190559387207,3.840639114379883,1.6726354360580444
3.5517752170562744,3.8417718410491943,1.6721818447113037
3.5527613162994385,3.8422913551330566,1.6715606451034546
3.553312301635742,3.842489719390869,1.671018123626709
3.553312301635742,3.842489719390869,1.671018123626709
3.5542855262756348,3.842578411102295,1.6696666479110718
3.553980827331543,3.8438355922698975,1.6707580089569092
3.553980827331543,3.8438355922698975,1.6707580089569092
3.5536293983459473,3.8443751335144043,1.671704649925232
3.553769826889038,3.8443074226379395,1.6708502769470215
3.55499005317688,3.8433451652526855,1.6682255268096924
3.5554137229919434,3.8434858322143555,1.6670478582382202
3.5554137229919434,3.8434858322143555,1.6670478582382202
3.55564546585083,3.8443174362182617,1.6660757064819336
3.5589182376861572,3.847780227661133,1.6612658500671387
3.5589182376861572,3.847780227661133,1.6612658500671387
3.5607998371124268,3.847583293914795,1.6579738855361938
3.5617284774780273,3.847949504852295,1.6566256284713745
3.5625193119049072,3.8491859436035156,1.6566060781478882
3.562469720840454,3.8499948978424072,1.656504511833191
3.562469720840454,3.8499948978424072,1.656504511833191
3.5620346069335938,3.851041793823242,1.657541275024414
3.562577962875366,3.8509633541107178,1.6568105220794678
3.562577962875366,3.8509633541107178,1.6568105220794678
3.564629077911377,3.852205753326416,1.656699538230896
3.564629077911377,3.852205753326416,1.656699538230896
