x,y,z
2.268911838531494,2.925513505935669,2.859020709991455
2.26957106590271,2.926772117614746,2.859827995300293
2.2711498737335205,2.927488327026367,2.8591244220733643
2.2707324028015137,2.928478956222534,2.859254837036133
2.273406982421875,2.930302143096924,2.857354164123535
2.2725937366485596,2.9299702644348145,2.857517957687378
2.2725937366485596,2.9299702644348145,2.857517957687378
2.2713632583618164,2.9287052154541016,2.8582005500793457
2.2703957557678223,2.928804397583008,2.8589277267456055
2.2669684886932373,2.9288651943206787,2.860814094543457
2.2648234367370605,2.930149555206299,2.8610849380493164
2.263414144515991,2.9310057163238525,2.8617308139801025
2.2607662677764893,2.9307103157043457,2.8631014823913574
2.2569921016693115,2.9296584129333496,2.865825891494751
2.2565596103668213,2.930124044418335,2.866406202316284
2.2565596103668213,2.930124044418335,2.866406202316284
2.257103443145752,2.930222511291504,2.8658978939056396
2.2574527263641357,2.931295156478882,2.8650949001312256
2.2579219341278076,2.931628942489624,2.864696741104126
2.2561516761779785,2.9298884868621826,2.865762710571289
2.255869150161743,2.9290878772735596,2.8668599128723145
2.252209424972534,2.9269800186157227,2.8696718215942383
2.2511849403381348,2.928027391433716,2.8705687522888184
2.2491343021392822,2.9290952682495117,2.871760368347168
2.2484474182128906,2.928842544555664,2.8716413974761963
2.2485263347625732,2.928152322769165,2.8713369369506836
2.2478036880493164,2.9276466369628906,2.871702194213867
2.2478036880493164,2.9276466369628906,2.871702194213867
2.2467122077941895,2.924318313598633,2.8724987506866455
2.2440006732940674,2.924243688583374,2.8740313053131104
2.242703914642334,2.9232547283172607,2.8749027252197266
2.2412703037261963,2.9243505001068115,2.8764703273773193
2.2418875694274902,2.925138235092163,2.8760247230529785
2.243177890777588,2.9252498149871826,2.8751890659332275
2.2434990406036377,2.924938201904297,2.8748679161071777
2.2431445121765137,2.9237060546875,2.8753204345703125
2.2423298358917236,2.9218125343322754,2.876342296600342
2.2413060665130615,2.9232306480407715,2.8775033950805664
2.2445101737976074,2.9265825748443604,2.8753232955932617
2.2445101737976074,2.9265825748443604,2.8753232955932617
2.2433321475982666,2.9244048595428467,2.875680685043335
2.246760368347168,2.922297716140747,2.874175548553467
2.249107599258423,2.9214069843292236,2.873457431793213
2.2499914169311523,2.920670509338379,2.8733327388763428
2.2510745525360107,2.9199323654174805,2.8729753494262695
2.2505722045898438,2.9201626777648926,2.8731539249420166
2.2501182556152344,2.919501543045044,2.8734567165374756
2.2483291625976562,2.9192705154418945,2.875149726867676
2.2492921352386475,2.9180521965026855,2.874741315841675
2.2492921352386475,2.9180521965026855,2.874741315841675
2.2505040168762207,2.918058395385742,2.8738327026367188
2.251544237136841,2.9185938835144043,2.872697591781616
2.251744270324707,2.918779134750366,2.87222957611084
2.251044273376465,2.9174866676330566,2.8723971843719482
2.252512216567993,2.9168286323547363,2.872802972793579
2.2521023750305176,2.9153194427490234,2.8731637001037598
2.2526662349700928,2.9157795906066895,2.8725738525390625
2.2530059814453125,2.916041374206543,2.872021436691284
2.2530059814453125,2.916041374206543,2.872021436691284
2.2537474632263184,2.9145593643188477,2.870701789855957
2.253376007080078,2.913313150405884,2.8705575466156006
2.2500977516174316,2.9145312309265137,2.8718645572662354
2.249570369720459,2.9165570735931396,2.871314764022827
2.2491722106933594,2.9172098636627197,2.870901107788086
2.2485105991363525,2.9159510135650635,2.8710429668426514
2.249791145324707,2.914114236831665,2.8709285259246826
2.2510969638824463,2.9123804569244385,2.8709940910339355
2.251356601715088,2.912104368209839,2.871945858001709
2.2503321170806885,2.912614107131958,2.872509717941284
2.249016523361206,2.9130618572235107,2.8732728958129883
2.2477059364318848,2.9121909141540527,2.8745365142822266
2.2470285892486572,2.909907341003418,2.8758277893066406
2.24765682220459,2.9097070693969727,2.876781940460205
2.24765682220459,2.9097070693969727,2.876781940460205
2.249601125717163,2.9086480140686035,2.876223564147949
2.249393939971924,2.908524751663208,2.87713360786438
2.250584602355957,2.9077656269073486,2.876987934112549
2.2507424354553223,2.908076763153076,2.877084255218506
2.2506682872772217,2.9083895683288574,2.877114772796631
2.250930070877075,2.908398151397705,2.8767850399017334
2.2495036125183105,2.9079747200012207,2.877673864364624
2.2495036125183105,2.9079747200012207,2.877673864364624
2.2489736080169678,2.907351493835449,2.8779258728027344
2.247950315475464,2.9061179161071777,2.878577947616577
2.2487010955810547,2.9058420658111572,2.877948522567749
2.249126434326172,2.9057257175445557,2.877577066421509
2.249703884124756,2.9062373638153076,2.8769607543945312
2.248274326324463,2.905668020248413,2.877493381500244
2.2455263137817383,2.905179262161255,2.878765821456909
2.2430598735809326,2.9036240577697754,2.8806495666503906
2.2430598735809326,2.9036240577697754,2.8806495666503906
2.2414321899414062,2.902338743209839,2.8823134899139404
2.2408971786499023,2.901846170425415,2.882857084274292
2.2419610023498535,2.902022361755371,2.882324695587158
2.24210524559021,2.9008257389068604,2.882262945175171
2.2427053451538086,2.898672103881836,2.881824254989624
2.2424356937408447,2.8967504501342773,2.882383346557617
2.2414944171905518,2.894697666168213,2.8831465244293213
2.240393877029419,2.892548084259033,2.884237051010132
2.240393877029419,2.892548084259033,2.884237051010132
2.23934006690979,2.8905651569366455,2.8850979804992676
2.238862991333008,2.8898792266845703,2.886455774307251
2.2382030487060547,2.8890726566314697,2.8871638774871826
2.238171339035034,2.8890256881713867,2.8872740268707275
2.2375502586364746,2.8899810314178467,2.887533664703369
2.2372264862060547,2.8886470794677734,2.8868699073791504
2.2368998527526855,2.8870654106140137,2.88720703125
2.2373955249786377,2.884150981903076,2.88716197013855
2.236755132675171,2.8817391395568848,2.8876383304595947
2.2379610538482666,2.88116717338562,2.8867149353027344
2.2379610538482666,2.88116717338562,2.8867149353027344
2.2384302616119385,2.8804755210876465,2.8863894939422607
2.239743709564209,2.879772186279297,2.8857903480529785
2.240736484527588,2.8785300254821777,2.8852052688598633
2.2411916255950928,2.878357410430908,2.8847994804382324
2.2420425415039062,2.8771917819976807,2.884263753890991
2.242644786834717,2.876166343688965,2.884159803390503
2.243227005004883,2.875148296356201,2.883911609649658
2.243227005004883,2.875148296356201,2.883911609649658
2.2428581714630127,2.875337600708008,2.8843517303466797
2.242304801940918,2.8749256134033203,2.884463310241699
2.2417819499969482,2.874988555908203,2.884251356124878
2.2418224811553955,2.8754122257232666,2.8839075565338135
2.241436719894409,2.875718116760254,2.8837509155273438
2.2408030033111572,2.8743526935577393,2.8840553760528564
2.2407922744750977,2.871971368789673,2.884303569793701
2.2407922744750977,2.871971368789673,2.884303569793701
2.241161346435547,2.8718819618225098,2.8842968940734863
2.2405877113342285,2.871725559234619,2.8841166496276855
2.239502191543579,2.8716835975646973,2.8839545249938965
2.2387232780456543,2.8718700408935547,2.8836169242858887
2.2383925914764404,2.8717074394226074,2.8836190700531006
2.2384204864501953,2.8704118728637695,2.8832011222839355
2.238250255584717,2.869666814804077,2.8836827278137207
2.2387235164642334,2.869011163711548,2.8830299377441406
2.2379307746887207,2.868610382080078,2.883498191833496
2.2368991374969482,2.8668689727783203,2.883805513381958
2.2372500896453857,2.867507219314575,2.884812355041504
2.236637830734253,2.8671324253082275,2.885098695755005
2.236637830734253,2.8671324253082275,2.885098695755005
2.2367966175079346,2.8680059909820557,2.8853964805603027
2.2364678382873535,2.867949962615967,2.8855175971984863
2.236236095428467,2.866910219192505,2.885859727859497
2.2359514236450195,2.865419864654541,2.8861491680145264
2.235974073410034,2.863863468170166,2.8862998485565186
2.235974073410034,2.863863468170166,2.8862998485565186
2.23636531829834,2.8625714778900146,2.885909080505371
2.23636531829834,2.8625714778900146,2.885909080505371
2.236503839492798,2.86190128326416,2.8854613304138184
2.236557722091675,2.860386371612549,2.885124444961548
2.236557722091675,2.860386371612549,2.885124444961548
2.236358880996704,2.85992693901062,2.885441541671753
2.236358880996704,2.85992693901062,2.885441541671753
2.236003875732422,2.8592331409454346,2.8856558799743652
2.236219882965088,2.8574342727661133,2.8852858543395996
2.236219882965088,2.8574342727661133,2.8852858543395996
2.237553834915161,2.8566300868988037,2.884763240814209
2.237553834915161,2.8566300868988037,2.884763240814209
2.2401087284088135,2.8553977012634277,2.883444309234619
2.2401087284088135,2.8553977012634277,2.883444309234619
2.239910840988159,2.8537650108337402,2.8835413455963135
2.238060474395752,2.8525636196136475,2.8844501972198486
2.238060474395752,2.8525636196136475,2.8844501972198486
2.2383973598480225,2.8518238067626953,2.8840370178222656
2.2383973598480225,2.8518238067626953,2.8840370178222656
2.239658832550049,2.8509066104888916,2.8833484649658203
2.2412056922912598,2.8501086235046387,2.882194995880127
2.2412056922912598,2.8501086235046387,2.882194995880127
2.24239444732666,2.8497812747955322,2.88149094581604
2.24239444732666,2.8497812747955322,2.88149094581604
2.2423901557922363,2.849674701690674,2.8813929557800293
2.241720676422119,2.848254680633545,2.8814918994903564
2.241720676422119,2.848254680633545,2.8814918994903564
2.2408525943756104,2.846250534057617,2.8821234703063965
2.2408525943756104,2.846250534057617,2.8821234703063965
2.2396156787872314,2.8460047245025635,2.8826839923858643
2.2396156787872314,2.8460047245025635,2.8826839923858643
2.2390663623809814,2.844996452331543,2.8832597732543945
2.241283416748047,2.8426284790039062,2.8818836212158203
2.241283416748047,2.8426284790039062,2.8818836212158203
2.2415611743927,2.8428125381469727,2.882229804992676
2.2415611743927,2.8428125381469727,2.882229804992676
2.2418053150177,2.8424830436706543,2.8823249340057373
2.2419581413269043,2.840888500213623,2.8824148178100586
2.2419581413269043,2.840888500213623,2.8824148178100586
2.2414352893829346,2.84100341796875,2.882646322250366
2.2414352893829346,2.84100341796875,2.882646322250366
2.241675615310669,2.841792345046997,2.8823060989379883
2.241522789001465,2.841247320175171,2.8823165893554688
2.241522789001465,2.841247320175171,2.8823165893554688
2.241340160369873,2.838963031768799,2.88264536857605
2.241340160369873,2.838963031768799,2.88264536857605
2.240584135055542,2.8391640186309814,2.883378744125366
2.2394604682922363,2.8384921550750732,2.884162425994873
2.2394604682922363,2.8384921550750732,2.884162425994873
2.24021577835083,2.8377091884613037,2.883742570877075
2.24021577835083,2.8377091884613037,2.883742570877075
2.2403907775878906,2.837293863296509,2.8838067054748535
2.240812301635742,2.8370182514190674,2.883723497390747
2.240812301635742,2.8370182514190674,2.883723497390747
2.2415058612823486,2.8358702659606934,2.883119821548462
2.2415058612823486,2.8358702659606934,2.883119821548462
2.2419991493225098,2.834080457687378,2.882934331893921
2.240709066390991,2.832352876663208,2.8840818405151367
2.240709066390991,2.832352876663208,2.8840818405151367
2.239837169647217,2.8305435180664062,2.8845317363739014
2.239837169647217,2.8305435180664062,2.8845317363739014
2.2403275966644287,2.828990936279297,2.884756326675415
2.2418906688690186,2.8290517330169678,2.8844475746154785
2.2418906688690186,2.8290517330169678,2.8844475746154785
2.243044853210449,2.827733278274536,2.883970022201538
2.243044853210449,2.827733278274536,2.883970022201538
2.2421464920043945,2.827369451522827,2.8841097354888916
2.2398507595062256,2.827326774597168,2.885146141052246
2.2398507595062256,2.827326774597168,2.885146141052246
2.2370991706848145,2.8268871307373047,2.8866236209869385
2.2370991706848145,2.8268871307373047,2.8866236209869385
2.2351059913635254,2.8252220153808594,2.8876137733459473
2.2340939044952393,2.8256940841674805,2.8882434368133545
2.2340939044952393,2.8256940841674805,2.8882434368133545
2.2339019775390625,2.825798749923706,2.8882410526275635
2.2339019775390625,2.825798749923706,2.8882410526275635
2.234518527984619,2.825373649597168,2.8873841762542725
2.234123706817627,2.8244433403015137,2.887266159057617
2.234123706817627,2.8244433403015137,2.887266159057617
2.233884572982788,2.8238508701324463,2.8870484828948975
2.233884572982788,2.8238508701324463,2.8870484828948975
2.2327632904052734,2.822739839553833,2.887660264968872
2.2330925464630127,2.822397232055664,2.8871684074401855
2.2330925464630127,2.822397232055664,2.8871684074401855
2.233901023864746,2.821950674057007,2.8863136768341064
2.233901023864746,2.821950674057007,2.8863136768341064
2.234651565551758,2.820833921432495,2.885838508605957
2.2331836223602295,2.818358898162842,2.8861331939697266
2.2331836223602295,2.818358898162842,2.8861331939697266
2.2323200702667236,2.818035364151001,2.887176036834717
2.2323200702667236,2.818035364151001,2.887176036834717
2.2324562072753906,2.8176887035369873,2.8876516819000244
2.2320754528045654,2.816866636276245,2.8881611824035645
2.2320754528045654,2.816866636276245,2.8881611824035645
2.2332072257995605,2.8165836334228516,2.887471914291382
2.2332072257995605,2.8165836334228516,2.887471914291382
2.234079122543335,2.815538167953491,2.886491537094116
2.2337045669555664,2.81449556350708,2.886444568634033
2.2337045669555664,2.81449556350708,2.886444568634033
2.233238935470581,2.8133444786071777,2.8866233825683594
2.233238935470581,2.8133444786071777,2.8866233825683594
2.2325291633605957,2.8127052783966064,2.887087106704712
2.232003927230835,2.8125550746917725,2.887031316757202
2.232003927230835,2.8125550746917725,2.887031316757202
2.232577323913574,2.8124680519104004,2.8864290714263916
2.232577323913574,2.8124680519104004,2.8864290714263916
2.233947992324829,2.811788320541382,2.885535717010498
2.2346181869506836,2.811260461807251,2.8853421211242676
2.2346181869506836,2.811260461807251,2.8853421211242676
2.2349753379821777,2.8093488216400146,2.884953022003174
2.2349753379821777,2.8093488216400146,2.884953022003174
2.2348456382751465,2.8080854415893555,2.885460138320923
2.2346808910369873,2.8075826168060303,2.8856208324432373
2.2346808910369873,2.8075826168060303,2.8856208324432373
2.234659433364868,2.806668996810913,2.885493278503418
2.235811710357666,2.8067586421966553,2.8851330280303955
2.235811710357666,2.8067586421966553,2.8851330280303955
2.2365167140960693,2.806516170501709,2.8844289779663086
2.2365167140960693,2.806516170501709,2.8844289779663086
2.235729217529297,2.8050003051757812,2.8844854831695557
2.236462116241455,2.803039312362671,2.8846468925476074
2.236462116241455,2.803039312362671,2.8846468925476074
2.237306594848633,2.8026461601257324,2.884160041809082
2.237306594848633,2.8026461601257324,2.884160041809082
2.238323211669922,2.8026468753814697,2.8832900524139404
2.238217353820801,2.803083658218384,2.883052349090576
2.238217353820801,2.803083658218384,2.883052349090576
2.2377240657806396,2.8025221824645996,2.8836305141448975
2.2377240657806396,2.8025221824645996,2.8836305141448975
2.237222194671631,2.802025079727173,2.883772850036621
2.2363440990448,2.8013999462127686,2.8843047618865967
2.2363440990448,2.8013999462127686,2.8843047618865967
2.2366979122161865,2.799805164337158,2.8844830989837646
2.2366979122161865,2.799805164337158,2.8844830989837646
2.2369112968444824,2.7987728118896484,2.88438081741333
2.2377912998199463,2.7990915775299072,2.883187770843506
2.2377912998199463,2.7990915775299072,2.883187770843506
2.239083766937256,2.7982099056243896,2.882171392440796
2.2382471561431885,2.7973930835723877,2.8826777935028076
2.2382471561431885,2.7973930835723877,2.8826777935028076
2.237123727798462,2.7958667278289795,2.883226156234741
2.237123727798462,2.7958667278289795,2.883226156234741
2.236271381378174,2.7951436042785645,2.8840954303741455
2.236271381378174,2.7951436042785645,2.8840954303741455
2.23726749420166,2.794421672821045,2.8835244178771973
2.237867593765259,2.7941133975982666,2.8827850818634033
2.237867593765259,2.7941133975982666,2.8827850818634033
2.2391462326049805,2.7930092811584473,2.882094621658325
2.2391462326049805,2.7930092811584473,2.882094621658325
2.2392055988311768,2.7931087017059326,2.8824875354766846
2.2392055988311768,2.7931087017059326,2.8824875354766846
2.23793625831604,2.793111801147461,2.8833630084991455
2.238557815551758,2.792222261428833,2.8832833766937256
2.238557815551758,2.792222261428833,2.8832833766937256
2.2394521236419678,2.792236089706421,2.883218288421631
2.2394521236419678,2.792236089706421,2.883218288421631
2.240861415863037,2.7917635440826416,2.881617307662964
2.2408082485198975,2.792360305786133,2.88124418258667
2.2408082485198975,2.792360305786133,2.88124418258667
2.239302396774292,2.791278839111328,2.882215738296509
2.239302396774292,2.791278839111328,2.882215738296509
2.2389466762542725,2.7905497550964355,2.88339900970459
2.2377495765686035,2.790043354034424,2.883887767791748
2.2377495765686035,2.790043354034424,2.883887767791748
2.236999273300171,2.790935754776001,2.883751153945923
2.236999273300171,2.790935754776001,2.883751153945923
2.2361865043640137,2.7904605865478516,2.8836305141448975
2.2358856201171875,2.7900731563568115,2.883448362350464
2.2358856201171875,2.7900731563568115,2.883448362350464
2.2353410720825195,2.789771556854248,2.8830995559692383
2.2353410720825195,2.789771556854248,2.8830995559692383
2.2338638305664062,2.79030179977417,2.8832406997680664
2.2319447994232178,2.7889866828918457,2.8846662044525146
2.2319447994232178,2.7889866828918457,2.8846662044525146
2.231226921081543,2.7875139713287354,2.885023593902588
2.231226921081543,2.7875139713287354,2.885023593902588
2.2324776649475098,2.7882134914398193,2.8845818042755127
2.2332937717437744,2.78822922706604,2.884124517440796
2.2332937717437744,2.78822922706604,2.884124517440796
2.2335474491119385,2.7873051166534424,2.8838272094726562
2.2340986728668213,2.786221981048584,2.8839597702026367
2.2332608699798584,2.7855446338653564,2.884507656097412
2.2332608699798584,2.7855446338653564,2.884507656097412
2.2330362796783447,2.7869253158569336,2.8844523429870605
2.2330362796783447,2.7869253158569336,2.8844523429870605
2.2320492267608643,2.7866017818450928,2.884126663208008
2.2320492267608643,2.7866017818450928,2.884126663208008
2.232656955718994,2.7864298820495605,2.884303331375122
2.233051300048828,2.7854108810424805,2.8842082023620605
2.233051300048828,2.7854108810424805,2.8842082023620605
2.233053207397461,2.785163164138794,2.883944511413574
2.232938289642334,2.7847840785980225,2.883653163909912
2.232938289642334,2.7847840785980225,2.883653163909912
2.2312867641448975,2.783200740814209,2.8844425678253174
2.2312867641448975,2.783200740814209,2.8844425678253174
2.231200933456421,2.7826647758483887,2.8846256732940674
2.231200933456421,2.7826647758483887,2.8846256732940674
2.2320311069488525,2.7828266620635986,2.88409686088562
2.2328360080718994,2.782345771789551,2.883491277694702
2.2328360080718994,2.782345771789551,2.883491277694702
2.2330503463745117,2.7807154655456543,2.883551597595215
2.2330503463745117,2.7807154655456543,2.883551597595215
2.2336244583129883,2.780372142791748,2.8835959434509277
2.233675241470337,2.780078887939453,2.883375406265259
2.233675241470337,2.780078887939453,2.883375406265259
2.2348196506500244,2.7798595428466797,2.882720470428467
2.2348196506500244,2.7798595428466797,2.882720470428467
2.2353341579437256,2.7798776626586914,2.8820486068725586
2.2363662719726562,2.779707431793213,2.8813037872314453
2.2363662719726562,2.779707431793213,2.8813037872314453
2.2357535362243652,2.779540777206421,2.8812315464019775
2.2357590198516846,2.7792599201202393,2.8812451362609863
2.2357590198516846,2.7792599201202393,2.8812451362609863
2.236602783203125,2.7793335914611816,2.880861282348633
2.236602783203125,2.7793335914611816,2.880861282348633
2.2370951175689697,2.779085397720337,2.8803439140319824
2.2370951175689697,2.779085397720337,2.8803439140319824
2.2376911640167236,2.7785379886627197,2.8799750804901123
2.237933874130249,2.7793264389038086,2.880652904510498
2.237933874130249,2.7793264389038086,2.880652904510498
2.2385671138763428,2.7787363529205322,2.880229949951172
2.2400033473968506,2.7780909538269043,2.879328489303589
2.2400033473968506,2.7780909538269043,2.879328489303589
2.2394206523895264,2.778123617172241,2.8790814876556396
2.2394206523895264,2.778123617172241,2.8790814876556396
2.2384870052337646,2.778386116027832,2.879135847091675
2.2384870052337646,2.778386116027832,2.879135847091675
2.238274097442627,2.7780513763427734,2.8792505264282227
2.2384896278381348,2.7775299549102783,2.8786871433258057
2.2384896278381348,2.7775299549102783,2.8786871433258057
2.238570213317871,2.777355909347534,2.878819465637207
2.238570213317871,2.777355909347534,2.878819465637207
2.238053798675537,2.7772023677825928,2.879005193710327
2.23960018157959,2.7748606204986572,2.8785579204559326
2.23960018157959,2.7748606204986572,2.8785579204559326
2.241067409515381,2.773426055908203,2.877513885498047
2.241377353668213,2.7744457721710205,2.8766582012176514
2.241377353668213,2.7744457721710205,2.8766582012176514
2.2416536808013916,2.7719967365264893,2.8758387565612793
2.2416536808013916,2.7719967365264893,2.8758387565612793
2.2426295280456543,2.7690396308898926,2.875894069671631
2.2426295280456543,2.7690396308898926,2.875894069671631
2.24196195602417,2.7672908306121826,2.8765761852264404
2.240762948989868,2.7682454586029053,2.876680850982666
2.240762948989868,2.7682454586029053,2.876680850982666
2.2411611080169678,2.766197443008423,2.8761627674102783
2.2411611080169678,2.766197443008423,2.8761627674102783
2.2427332401275635,2.765504837036133,2.875786542892456
2.2435505390167236,2.7658355236053467,2.874951124191284
2.2435505390167236,2.7658355236053467,2.874951124191284
2.242185592651367,2.7648673057556152,2.8750691413879395
2.242185592651367,2.7648673057556152,2.8750691413879395
2.2408881187438965,2.763965368270874,2.876049041748047
2.2408881187438965,2.763965368270874,2.876049041748047
2.2421131134033203,2.763507843017578,2.875049352645874
2.243896007537842,2.7646727561950684,2.873425245285034
2.243896007537842,2.7646727561950684,2.873425245285034
2.244023084640503,2.7637808322906494,2.8727834224700928
2.244023084640503,2.7637808322906494,2.8727834224700928
2.2432267665863037,2.7631282806396484,2.873727560043335
2.241408348083496,2.7620949745178223,2.874645471572876
2.241408348083496,2.7620949745178223,2.874645471572876
2.2403101921081543,2.762397527694702,2.875670909881592
2.2395942211151123,2.7615065574645996,2.875898599624634
2.2395942211151123,2.7615065574645996,2.875898599624634
2.2400598526000977,2.759997844696045,2.875955820083618
2.2400598526000977,2.759997844696045,2.875955820083618
2.2403757572174072,2.760887861251831,2.8762269020080566
2.239811897277832,2.761569023132324,2.876171827316284
2.239811897277832,2.761569023132324,2.876171827316284
2.2390706539154053,2.7609386444091797,2.8766937255859375
2.2390706539154053,2.7609386444091797,2.8766937255859375
2.239223003387451,2.7596213817596436,2.876979351043701
2.239223003387451,2.7596213817596436,2.876979351043701
2.2402143478393555,2.7610225677490234,2.8762340545654297
2.2400410175323486,2.761277675628662,2.875925064086914
2.2400410175323486,2.761277675628662,2.875925064086914
2.240600824356079,2.758204698562622,2.87581205368042
2.242082357406616,2.7579476833343506,2.875788927078247
2.242082357406616,2.7579476833343506,2.875788927078247
2.243175983428955,2.756775140762329,2.8743879795074463
2.243175983428955,2.756775140762329,2.8743879795074463
2.2442750930786133,2.756495475769043,2.8732783794403076
2.2442750930786133,2.756495475769043,2.8732783794403076
2.2446484565734863,2.7550926208496094,2.8733315467834473
2.2448103427886963,2.7556116580963135,2.8735170364379883
2.2448103427886963,2.7556116580963135,2.8735170364379883
2.244312047958374,2.7558655738830566,2.8733749389648438
2.244312047958374,2.7558655738830566,2.8733749389648438
2.244579553604126,2.7549397945404053,2.873105525970459
2.246617317199707,2.7548177242279053,2.872795343399048
2.246617317199707,2.7548177242279053,2.872795343399048
2.2482199668884277,2.7547688484191895,2.871685028076172
2.2482199668884277,2.7547688484191895,2.871685028076172
2.2468104362487793,2.7558884620666504,2.8722329139709473
2.2448854446411133,2.755100727081299,2.8732194900512695
2.2448854446411133,2.755100727081299,2.8732194900512695
2.243421792984009,2.75431752204895,2.8745832443237305
2.243421792984009,2.75431752204895,2.8745832443237305
2.2427327632904053,2.7540085315704346,2.875154495239258
2.2431833744049072,2.7528793811798096,2.875096321105957
2.2431833744049072,2.7528793811798096,2.875096321105957
2.2426626682281494,2.75205135345459,2.874824285507202
2.2426626682281494,2.75205135345459,2.874824285507202
2.241025924682617,2.7537670135498047,2.875070333480835
2.2397098541259766,2.754150867462158,2.874789237976074
2.2397098541259766,2.754150867462158,2.874789237976074
2.2386128902435303,2.75420880317688,2.874969244003296
2.2386128902435303,2.75420880317688,2.874969244003296
2.237156867980957,2.753516435623169,2.875948667526245
2.237156867980957,2.753516435623169,2.875948667526245
2.236968994140625,2.7538576126098633,2.876133680343628
2.2370338439941406,2.754686117172241,2.8765649795532227
2.2370338439941406,2.754686117172241,2.8765649795532227
2.2361161708831787,2.7549045085906982,2.8770244121551514
2.2361161708831787,2.7549045085906982,2.8770244121551514
2.2346980571746826,2.7549166679382324,2.877763032913208
2.2337613105773926,2.7540442943573,2.878370761871338
2.2337613105773926,2.7540442943573,2.878370761871338
2.2345967292785645,2.752485513687134,2.877906084060669
2.2345967292785645,2.752485513687134,2.877906084060669
2.237011671066284,2.7511370182037354,2.876725912094116
2.2388548851013184,2.7514450550079346,2.875807285308838
2.2388548851013184,2.7514450550079346,2.875807285308838
2.23884654045105,2.7490792274475098,2.8753249645233154
2.23884654045105,2.7490792274475098,2.8753249645233154
2.238215208053589,2.747854471206665,2.87583327293396
2.236858367919922,2.745939016342163,2.876856803894043
2.236858367919922,2.745939016342163,2.876856803894043
2.2381432056427,2.7463974952697754,2.876225233078003
2.2381432056427,2.7463974952697754,2.876225233078003
2.2391839027404785,2.746835231781006,2.8756580352783203
2.2397446632385254,2.745823860168457,2.8754782676696777
2.2397446632385254,2.745823860168457,2.8754782676696777
2.240786552429199,2.7443058490753174,2.875180244445801
2.240786552429199,2.7443058490753174,2.875180244445801
2.2418887615203857,2.7436580657958984,2.8748950958251953
2.2425129413604736,2.7425713539123535,2.8745405673980713
2.2425129413604736,2.7425713539123535,2.8745405673980713
2.2428534030914307,2.742471218109131,2.874497175216675
2.2428534030914307,2.742471218109131,2.874497175216675
2.242783784866333,2.7421138286590576,2.8745906352996826
2.2431833744049072,2.741814136505127,2.874187707901001
2.2431833744049072,2.741814136505127,2.874187707901001
2.2432734966278076,2.7418930530548096,2.873729705810547
2.2432734966278076,2.7418930530548096,2.873729705810547
2.242879629135132,2.741424560546875,2.873744010925293
2.2440714836120605,2.7406466007232666,2.8731725215911865
2.2440714836120605,2.7406466007232666,2.8731725215911865
2.2453558444976807,2.740185022354126,2.872060775756836
2.2453558444976807,2.740185022354126,2.872060775756836
2.2444262504577637,2.738060474395752,2.870863676071167
2.2444262504577637,2.738060474395752,2.870863676071167
2.243009567260742,2.737839698791504,2.872354507446289
2.2425520420074463,2.7375600337982178,2.8728020191192627
2.2425520420074463,2.7375600337982178,2.8728020191192627
2.24296498298645,2.739119529724121,2.8720293045043945
2.2433128356933594,2.738443374633789,2.8716092109680176
2.2433128356933594,2.738443374633789,2.8716092109680176
2.2437915802001953,2.7368509769439697,2.8713364601135254
2.2437915802001953,2.7368509769439697,2.8713364601135254
2.2435309886932373,2.7360658645629883,2.8718173503875732
2.2437024116516113,2.736140251159668,2.871981382369995
2.2437024116516113,2.736140251159668,2.871981382369995
2.2432968616485596,2.7356834411621094,2.872332811355591
2.2432968616485596,2.7356834411621094,2.872332811355591
2.24401593208313,2.735227346420288,2.87211537361145
2.2443716526031494,2.7350075244903564,2.871957778930664
2.2453763484954834,2.7339859008789062,2.871170997619629
2.2453763484954834,2.7339859008789062,2.871170997619629
2.246072769165039,2.734173536300659,2.8705098628997803
2.246072769165039,2.734173536300659,2.8705098628997803
2.2439775466918945,2.733687400817871,2.8710415363311768
2.243539333343506,2.7326443195343018,2.8712925910949707
2.243539333343506,2.7326443195343018,2.8712925910949707
2.243152141571045,2.732250690460205,2.871558427810669
2.244018077850342,2.7323622703552246,2.870720624923706
2.244018077850342,2.7323622703552246,2.870720624923706
2.2450547218322754,2.731738567352295,2.869826316833496
2.2450547218322754,2.731738567352295,2.869826316833496
2.24479603767395,2.7298777103424072,2.8702011108398438
2.24479603767395,2.7298777103424072,2.8702011108398438
2.2437827587127686,2.7303037643432617,2.870445489883423
2.242459535598755,2.7304751873016357,2.8708369731903076
2.242459535598755,2.7304751873016357,2.8708369731903076
2.240037202835083,2.729313373565674,2.8717691898345947
2.236659049987793,2.728217601776123,2.8745689392089844
2.236659049987793,2.728217601776123,2.8745689392089844
2.2352564334869385,2.7280850410461426,2.8753905296325684
2.2352564334869385,2.7280850410461426,2.8753905296325684
2.2365832328796387,2.7291107177734375,2.8739986419677734
2.23681378364563,2.7271568775177,2.873532295227051
2.23681378364563,2.7271568775177,2.873532295227051
2.2354862689971924,2.7269134521484375,2.8748812675476074
2.2354862689971924,2.7269134521484375,2.8748812675476074
2.2338531017303467,2.7254562377929688,2.8756885528564453
2.2338531017303467,2.7254562377929688,2.8756885528564453
2.231837034225464,2.7256696224212646,2.876121759414673
2.230297088623047,2.726705312728882,2.8757455348968506
2.230297088623047,2.726705312728882,2.8757455348968506
2.229909658432007,2.726313829421997,2.8754048347473145
2.2297656536102295,2.7267000675201416,2.8746981620788574
2.2297656536102295,2.7267000675201416,2.8746981620788574
2.2284858226776123,2.7279422283172607,2.8742942810058594
2.2284858226776123,2.7279422283172607,2.8742942810058594
2.2278707027435303,2.7278106212615967,2.874319553375244
2.2278707027435303,2.7278106212615967,2.874319553375244
2.2279770374298096,2.7260522842407227,2.874194383621216
2.2279770374298096,2.7260522842407227,2.874194383621216
2.229015588760376,2.726510524749756,2.873350143432617
2.229952812194824,2.7275779247283936,2.872709274291992
2.229952812194824,2.7275779247283936,2.872709274291992
2.229318857192993,2.7269504070281982,2.87300443649292
2.229318857192993,2.7269504070281982,2.87300443649292
2.2289111614227295,2.7247893810272217,2.873387575149536
2.2291760444641113,2.724562406539917,2.87371563911438
2.2291760444641113,2.724562406539917,2.87371563911438
2.2298264503479004,2.7236640453338623,2.873080253601074
2.2298264503479004,2.7236640453338623,2.873080253601074
2.2307608127593994,2.724053382873535,2.8727641105651855
2.2299842834472656,2.7227070331573486,2.8732686042785645
2.2299842834472656,2.7227070331573486,2.8732686042785645
2.230081558227539,2.722954273223877,2.873319387435913
2.230081558227539,2.722954273223877,2.873319387435913
2.230480909347534,2.72165846824646,2.872710943222046
2.2318389415740967,2.7206645011901855,2.8724443912506104
2.2318389415740967,2.7206645011901855,2.8724443912506104
2.2326509952545166,2.721592426300049,2.8728017807006836
2.2326509952545166,2.721592426300049,2.8728017807006836
2.233510732650757,2.7213826179504395,2.8719542026519775
2.235069990158081,2.7222530841827393,2.8707945346832275
2.235069990158081,2.7222530841827393,2.8707945346832275
2.2359728813171387,2.7213711738586426,2.869575262069702
2.2351934909820557,2.7208642959594727,2.8702545166015625
2.2351934909820557,2.7208642959594727,2.8702545166015625
2.2331604957580566,2.7218408584594727,2.8714759349823
2.2331604957580566,2.7218408584594727,2.8714759349823
2.2313857078552246,2.7213852405548096,2.87261700630188
2.231518268585205,2.721853017807007,2.873377799987793
2.231518268585205,2.721853017807007,2.873377799987793
2.2312934398651123,2.7223377227783203,2.873433828353882
2.2312934398651123,2.7223377227783203,2.873433828353882
2.2308144569396973,2.722731351852417,2.8731653690338135
2.2308144569396973,2.722731351852417,2.8731653690338135
2.230342149734497,2.7227463722229004,2.872950315475464
2.229212522506714,2.7207682132720947,2.8734824657440186
2.229443073272705,2.7214455604553223,2.8737199306488037
2.229443073272705,2.7214455604553223,2.8737199306488037
2.230947971343994,2.7216174602508545,2.8723247051239014
2.230947971343994,2.7216174602508545,2.8723247051239014
2.2308082580566406,2.721741199493408,2.871701240539551
2.2308082580566406,2.721741199493408,2.871701240539551
2.229846477508545,2.7196269035339355,2.872647762298584
2.22963285446167,2.719388484954834,2.8730180263519287
2.22963285446167,2.719388484954834,2.8730180263519287
2.2289671897888184,2.7181472778320312,2.8729593753814697
2.2289671897888184,2.7181472778320312,2.8729593753814697
2.229267120361328,2.7183289527893066,2.8727200031280518
2.2289838790893555,2.7184243202209473,2.873136281967163
2.2289838790893555,2.7184243202209473,2.873136281967163
2.228365898132324,2.717506170272827,2.8737542629241943
2.226180076599121,2.7147858142852783,2.874667167663574
2.226180076599121,2.7147858142852783,2.874667167663574
2.225846290588379,2.7150330543518066,2.8751511573791504
2.225846290588379,2.7150330543518066,2.8751511573791504
2.2260117530822754,2.7137444019317627,2.8749184608459473
2.2260117530822754,2.7137444019317627,2.8749184608459473
2.2276320457458496,2.713305711746216,2.8731863498687744
2.2281370162963867,2.712104082107544,2.8722622394561768
2.2281370162963867,2.712104082107544,2.8722622394561768
2.226903200149536,2.711580276489258,2.872807741165161
2.226903200149536,2.711580276489258,2.872807741165161
2.2250592708587646,2.7099063396453857,2.8737878799438477
2.2254092693328857,2.709911823272705,2.8738090991973877
2.2267420291900635,2.7090187072753906,2.8726046085357666
2.2267420291900635,2.7090187072753906,2.8726046085357666
2.227051258087158,2.7089996337890625,2.872117280960083
2.227051258087158,2.7089996337890625,2.872117280960083
2.2255477905273438,2.709033489227295,2.872694492340088
2.2243921756744385,2.7088277339935303,2.8733227252960205
2.2243921756744385,2.7088277339935303,2.8733227252960205
2.223660945892334,2.7083120346069336,2.873453140258789
2.223660945892334,2.7083120346069336,2.873453140258789
2.221904993057251,2.7088263034820557,2.8743958473205566
2.2221267223358154,2.709213972091675,2.8746817111968994
2.2221267223358154,2.709213972091675,2.8746817111968994
2.2222542762756348,2.708672285079956,2.8745272159576416
2.2222542762756348,2.708672285079956,2.8745272159576416
2.2241735458374023,2.7099175453186035,2.8731133937835693
2.2240617275238037,2.709566116333008,2.8729000091552734
2.2225258350372314,2.7083640098571777,2.873903274536133
2.2225258350372314,2.7083640098571777,2.873903274536133
2.2207717895507812,2.7080674171447754,2.8747217655181885
2.2207717895507812,2.7080674171447754,2.8747217655181885
2.2196452617645264,2.7090535163879395,2.8750252723693848
2.2196452617645264,2.7090535163879395,2.8750252723693848
2.219208240509033,2.709017753601074,2.8754708766937256
2.219208240509033,2.709017753601074,2.8754708766937256
2.219094753265381,2.70833420753479,2.875673770904541
2.2191293239593506,2.708279848098755,2.875624179840088
2.2191293239593506,2.708279848098755,2.875624179840088
2.2185781002044678,2.707651376724243,2.8750319480895996
2.2185781002044678,2.707651376724243,2.8750319480895996
2.216284990310669,2.705486536026001,2.8753621578216553
2.216284990310669,2.705486536026001,2.8753621578216553
2.2140097618103027,2.7039811611175537,2.8757431507110596
2.2140097618103027,2.7039811611175537,2.8757431507110596
2.210864782333374,2.7029592990875244,2.8771114349365234
2.2092583179473877,2.7026820182800293,2.877106189727783
2.2092583179473877,2.7026820182800293,2.877106189727783
2.2073607444763184,2.7034213542938232,2.8772592544555664
2.205869674682617,2.7017533779144287,2.8771488666534424
2.205869674682617,2.7017533779144287,2.8771488666534424
2.2067267894744873,2.7004833221435547,2.8768582344055176
2.2067267894744873,2.7004833221435547,2.8768582344055176
2.208008050918579,2.7005093097686768,2.875697135925293
2.208008050918579,2.7005093097686768,2.875697135925293
2.208165168762207,2.7004776000976562,2.875361680984497
2.2089102268218994,2.6975488662719727,2.8752999305725098
2.2089102268218994,2.6975488662719727,2.8752999305725098
2.209684371948242,2.6957132816314697,2.8750252723693848
2.209684371948242,2.6957132816314697,2.8750252723693848
2.2097671031951904,2.6958391666412354,2.8752143383026123
2.2104804515838623,2.695251703262329,2.8752081394195557
2.2104804515838623,2.695251703262329,2.8752081394195557
2.210488796234131,2.694058656692505,2.8756401538848877
2.210488796234131,2.694058656692505,2.8756401538848877
2.211167097091675,2.6931369304656982,2.8756914138793945
2.2106688022613525,2.6937954425811768,2.875514507293701
2.2106688022613525,2.6937954425811768,2.875514507293701
2.212371349334717,2.694173574447632,2.8739147186279297
2.2125864028930664,2.6928188800811768,2.873332977294922
2.2125864028930664,2.6928188800811768,2.873332977294922
2.21216082572937,2.692513942718506,2.8737549781799316
2.21216082572937,2.692513942718506,2.8737549781799316
2.2118592262268066,2.6925504207611084,2.8737008571624756
2.2118592262268066,2.6925504207611084,2.8737008571624756
2.2106573581695557,2.691732406616211,2.8738059997558594
2.211016893386841,2.6912693977355957,2.873751401901245
2.210740804672241,2.690462827682495,2.8738133907318115
2.210740804672241,2.690462827682495,2.8738133907318115
2.211303472518921,2.69150972366333,2.8730132579803467
2.211303472518921,2.69150972366333,2.8730132579803467
2.212890386581421,2.6898298263549805,2.871868848800659
2.2135040760040283,2.6893694400787354,2.871798038482666
2.2135040760040283,2.6893694400787354,2.871798038482666
2.214207172393799,2.6889984607696533,2.871075391769409
2.214207172393799,2.6889984607696533,2.871075391769409
2.2150347232818604,2.6888504028320312,2.870008945465088
2.2151553630828857,2.6884751319885254,2.8705332279205322
2.2151553630828857,2.6884751319885254,2.8705332279205322
2.2139928340911865,2.688579559326172,2.871155261993408
2.2139928340911865,2.688579559326172,2.871155261993408
2.2149507999420166,2.689648151397705,2.87081241607666
2.2153358459472656,2.688147783279419,2.870713710784912
2.2153358459472656,2.688147783279419,2.870713710784912
2.215487241744995,2.6880338191986084,2.8712408542633057
2.215487241744995,2.6880338191986084,2.8712408542633057
2.216275453567505,2.6878199577331543,2.8711953163146973
2.2172093391418457,2.687826633453369,2.8699657917022705
2.2172093391418457,2.687826633453369,2.8699657917022705
2.2173643112182617,2.6866607666015625,2.868344783782959
2.2173643112182617,2.6866607666015625,2.868344783782959
2.216125726699829,2.6843576431274414,2.8677334785461426
2.2150468826293945,2.6829071044921875,2.8681604862213135
2.2150468826293945,2.6829071044921875,2.8681604862213135
2.2130422592163086,2.6834545135498047,2.8695695400238037
2.2130422592163086,2.6834545135498047,2.8695695400238037
2.21100115776062,2.6839730739593506,2.8707263469696045
2.2121686935424805,2.6833271980285645,2.8699791431427
2.2121686935424805,2.6833271980285645,2.8699791431427
2.2146756649017334,2.6816108226776123,2.8682613372802734
2.2146756649017334,2.6816108226776123,2.8682613372802734
2.2156822681427,2.679975748062134,2.867600679397583
2.2155847549438477,2.679372787475586,2.8677618503570557
2.2155847549438477,2.679372787475586,2.8677618503570557
2.2155847549438477,2.679372787475586,2.8677618503570557
2.21657133102417,2.6794016361236572,2.8668971061706543
2.217897415161133,2.6789519786834717,2.8657336235046387
2.217897415161133,2.6789519786834717,2.8657336235046387
2.218507766723633,2.6765596866607666,2.8651950359344482
2.218507766723633,2.6765596866607666,2.8651950359344482
2.218780517578125,2.6745386123657227,2.864816188812256
2.218367338180542,2.6744184494018555,2.864814281463623
2.218367338180542,2.6744184494018555,2.864814281463623
2.2183496952056885,2.6749038696289062,2.864104986190796
2.2183496952056885,2.6749038696289062,2.864104986190796
2.2182533740997314,2.673917531967163,2.8635177612304688
2.218226671218872,2.6725480556488037,2.8632888793945312
2.218226671218872,2.6725480556488037,2.8632888793945312
2.218031406402588,2.6734120845794678,2.8631715774536133
2.218031406402588,2.6734120845794678,2.8631715774536133
2.217953681945801,2.6740634441375732,2.862680196762085
2.2181556224823,2.671818256378174,2.8626978397369385
2.2181556224823,2.671818256378174,2.8626978397369385
2.218832492828369,2.6724166870117188,2.8630964756011963
2.2178375720977783,2.67227840423584,2.8633458614349365
2.2178375720977783,2.67227840423584,2.8633458614349365
2.2168140411376953,2.670515298843384,2.8635332584381104
2.2168140411376953,2.670515298843384,2.8635332584381104
2.215942144393921,2.6692683696746826,2.8648014068603516
2.215942144393921,2.6692683696746826,2.8648014068603516
2.2151596546173096,2.668057441711426,2.8652548789978027
2.215371608734131,2.667499542236328,2.865243673324585
2.216533660888672,2.66677188873291,2.86457896232605
2.216533660888672,2.66677188873291,2.86457896232605
2.2177376747131348,2.6664950847625732,2.863640546798706
2.2177376747131348,2.6664950847625732,2.863640546798706
2.2176311016082764,2.664034366607666,2.8637068271636963
2.217674493789673,2.6636719703674316,2.8635663986206055
2.217674493789673,2.6636719703674316,2.8635663986206055
2.217674493789673,2.6636719703674316,2.8635663986206055
2.217646360397339,2.6625845432281494,2.8631622791290283
2.2185685634613037,2.6609902381896973,2.8623716831207275
2.2185685634613037,2.6609902381896973,2.8623716831207275
2.2177929878234863,2.6585147380828857,2.8622994422912598
2.2177929878234863,2.6585147380828857,2.8622994422912598
2.21889066696167,2.658332586288452,2.8620805740356445
2.21889066696167,2.658332586288452,2.8620805740356445
2.2206780910491943,2.658172369003296,2.860854148864746
2.2206780910491943,2.658172369003296,2.860854148864746
2.2214131355285645,2.657597303390503,2.8600077629089355
2.219653367996216,2.654966115951538,2.860469341278076
2.219653367996216,2.654966115951538,2.860469341278076
2.2185890674591064,2.6552388668060303,2.8614413738250732
2.2185890674591064,2.6552388668060303,2.8614413738250732
2.217949628829956,2.655449151992798,2.861877679824829
2.217949628829956,2.655449151992798,2.861877679824829
2.218005418777466,2.6555662155151367,2.8613593578338623
2.2172741889953613,2.6551477909088135,2.861487865447998
2.2172741889953613,2.6551477909088135,2.861487865447998
2.2169082164764404,2.6550285816192627,2.861673355102539
2.2169082164764404,2.6550285816192627,2.861673355102539
2.216113328933716,2.6546401977539062,2.861521005630493
2.2160263061523438,2.653236150741577,2.861140727996826
2.2160263061523438,2.653236150741577,2.861140727996826
2.216177463531494,2.6534621715545654,2.861513614654541
2.216177463531494,2.6534621715545654,2.861513614654541
2.2162041664123535,2.653076410293579,2.861043691635132
2.2164018154144287,2.65195369720459,2.8604304790496826
2.2164018154144287,2.65195369720459,2.8604304790496826
2.217118263244629,2.651543378829956,2.8592329025268555
2.2171998023986816,2.6506636142730713,2.8589775562286377
2.2171998023986816,2.6506636142730713,2.8589775562286377
2.2164738178253174,2.649228811264038,2.8593015670776367
2.2164738178253174,2.649228811264038,2.8593015670776367
2.2163357734680176,2.649479389190674,2.859673261642456
2.2165253162384033,2.6486642360687256,2.858947515487671
2.2165253162384033,2.6486642360687256,2.858947515487671
2.2167861461639404,2.6476542949676514,2.858393907546997
2.2167861461639404,2.6476542949676514,2.858393907546997
2.2160561084747314,2.6475536823272705,2.858764886856079
2.2160561084747314,2.6475536823272705,2.858764886856079
2.2158775329589844,2.6467621326446533,2.858825922012329
2.2154507637023926,2.645829439163208,2.8587100505828857
2.2154507637023926,2.645829439163208,2.8587100505828857
2.2153077125549316,2.6451058387756348,2.8585104942321777
2.2153077125549316,2.6451058387756348,2.8585104942321777
2.2155725955963135,2.64479398727417,2.8584389686584473
2.215761423110962,2.6444509029388428,2.8583590984344482
2.215761423110962,2.6444509029388428,2.8583590984344482
2.2158117294311523,2.6441872119903564,2.858091354370117
2.2158117294311523,2.6441872119903564,2.858091354370117
2.214958667755127,2.6448264122009277,2.8584330081939697
2.2131094932556152,2.6437056064605713,2.859395742416382
2.2131094932556152,2.6437056064605713,2.859395742416382
2.212177038192749,2.6425719261169434,2.859846591949463
2.2112128734588623,2.6424806118011475,2.8603837490081787
2.209954023361206,2.6422529220581055,2.860818386077881
2.209954023361206,2.6422529220581055,2.860818386077881
2.2087440490722656,2.642496109008789,2.860466241836548
2.2087440490722656,2.642496109008789,2.860466241836548
2.208268880844116,2.642627239227295,2.8605353832244873
2.207484245300293,2.641883373260498,2.8608531951904297
2.2074239253997803,2.6428050994873047,2.861133337020874
2.2074239253997803,2.6428050994873047,2.861133337020874
2.207231044769287,2.6423354148864746,2.8610801696777344
2.207392930984497,2.639580249786377,2.8610689640045166
2.207392930984497,2.639580249786377,2.8610689640045166
2.2072081565856934,2.640631675720215,2.8617467880249023
2.2072081565856934,2.640631675720215,2.8617467880249023
2.207756280899048,2.6403701305389404,2.8611412048339844
2.209824800491333,2.640606641769409,2.8600199222564697
2.209824800491333,2.640606641769409,2.8600199222564697
2.2097346782684326,2.6391384601593018,2.8601744174957275
2.2097346782684326,2.6391384601593018,2.8601744174957275
2.209684133529663,2.6376287937164307,2.8603460788726807
2.209684133529663,2.6376287937164307,2.8603460788726807
2.208378314971924,2.635770559310913,2.8612475395202637
2.2090139389038086,2.6354427337646484,2.8611512184143066
2.2090139389038086,2.6354427337646484,2.8611512184143066
2.2096915245056152,2.634999990463257,2.8607490062713623
2.2096915245056152,2.634999990463257,2.8607490062713623
2.2100417613983154,2.6332931518554688,2.8602640628814697
2.209808111190796,2.6309001445770264,2.860450029373169
2.209808111190796,2.6309001445770264,2.860450029373169
2.2102575302124023,2.631026029586792,2.860318183898926
2.2105038166046143,2.6296300888061523,2.860117197036743
2.2105038166046143,2.6296300888061523,2.860117197036743
2.2100911140441895,2.62916898727417,2.860374927520752
2.2100911140441895,2.62916898727417,2.860374927520752
2.2112457752227783,2.6288137435913086,2.8597419261932373
2.211251974105835,2.628865957260132,2.8596091270446777
2.211251974105835,2.628865957260132,2.8596091270446777
2.209982395172119,2.628324508666992,2.859788417816162
2.2095396518707275,2.6279618740081787,2.8605704307556152
2.2095396518707275,2.6279618740081787,2.8605704307556152
2.2095367908477783,2.6270480155944824,2.860501289367676
2.210096597671509,2.6273398399353027,2.8595235347747803
2.210096597671509,2.6273398399353027,2.8595235347747803
2.2100589275360107,2.627575159072876,2.8589844703674316
2.2100589275360107,2.627575159072876,2.8589844703674316
2.2102253437042236,2.627288818359375,2.858530282974243
2.21064829826355,2.626211643218994,2.8580427169799805
2.21064829826355,2.626211643218994,2.8580427169799805
2.210688591003418,2.6275322437286377,2.8578667640686035
2.210688591003418,2.6275322437286377,2.8578667640686035
2.209710121154785,2.6271862983703613,2.858670949935913
2.209710121154785,2.6271862983703613,2.858670949935913
2.2098610401153564,2.625610828399658,2.8585360050201416
2.2098610401153564,2.625610828399658,2.8585360050201416
2.2113735675811768,2.6256937980651855,2.858236312866211
2.2119204998016357,2.6250791549682617,2.857343912124634
2.2119204998016357,2.6250791549682617,2.857343912124634
2.2093918323516846,2.6251375675201416,2.8581581115722656
2.2093918323516846,2.6251375675201416,2.8581581115722656
2.2065742015838623,2.6225810050964355,2.859574317932129
2.206087589263916,2.622328281402588,2.8600401878356934
2.206087589263916,2.622328281402588,2.8600401878356934
2.2072954177856445,2.6227316856384277,2.8588178157806396
2.2072954177856445,2.6227316856384277,2.8588178157806396
2.2072954177856445,2.6227316856384277,2.8588178157806396
2.208259344100952,2.622337818145752,2.857825756072998
2.2072556018829346,2.6190295219421387,2.858299732208252
2.2072556018829346,2.6190295219421387,2.858299732208252
2.206170082092285,2.6190927028656006,2.8588292598724365
2.205800771713257,2.6192500591278076,2.8588945865631104
2.205800771713257,2.6192500591278076,2.8588945865631104
2.2063252925872803,2.618706226348877,2.8585240840911865
2.2063252925872803,2.618706226348877,2.8585240840911865
2.2065415382385254,2.617232322692871,2.8582041263580322
2.2065415382385254,2.617232322692871,2.8582041263580322
2.2057416439056396,2.6169533729553223,2.85841703414917
2.2057416439056396,2.6169533729553223,2.85841703414917
2.204291343688965,2.616353988647461,2.8590338230133057
2.2041070461273193,2.6156625747680664,2.8590750694274902
2.2041070461273193,2.6156625747680664,2.8590750694274902
2.2042036056518555,2.6153509616851807,2.8582186698913574
2.2042036056518555,2.6153509616851807,2.8582186698913574
2.2052390575408936,2.6147866249084473,2.8570597171783447
2.2052390575408936,2.6147866249084473,2.8570597171783447
2.2044196128845215,2.6140401363372803,2.8573412895202637
2.2044196128845215,2.6140401363372803,2.8573412895202637
2.2038207054138184,2.61383318901062,2.8573427200317383
2.204612970352173,2.6131787300109863,2.856827974319458
2.204612970352173,2.6131787300109863,2.856827974319458
2.20466685295105,2.6131341457366943,2.856830596923828
2.203979253768921,2.611985445022583,2.8571319580078125
2.203979253768921,2.611985445022583,2.8571319580078125
2.2028872966766357,2.6119368076324463,2.8580121994018555
2.202786684036255,2.611058473587036,2.8582613468170166
2.202786684036255,2.611058473587036,2.8582613468170166
2.2032580375671387,2.6095707416534424,2.858070135116577
2.2032580375671387,2.6095707416534424,2.858070135116577
2.2040939331054688,2.610201120376587,2.857661008834839
2.2040939331054688,2.610201120376587,2.857661008834839
2.204036235809326,2.6089484691619873,2.856966972351074
2.2036752700805664,2.6070988178253174,2.8571689128875732
2.2036752700805664,2.6070988178253174,2.8571689128875732
2.2031373977661133,2.6040396690368652,2.8575069904327393
2.2031373977661133,2.6040396690368652,2.8575069904327393
2.202911853790283,2.6030125617980957,2.8573715686798096
2.2028956413269043,2.6017208099365234,2.8568549156188965
2.2028956413269043,2.6017208099365234,2.8568549156188965
2.2029762268066406,2.5998754501342773,2.856503963470459
2.2029762268066406,2.5998754501342773,2.856503963470459
2.2035553455352783,2.5975117683410645,2.8563969135284424
2.2040293216705322,2.5975916385650635,2.856265068054199
2.2040293216705322,2.5975916385650635,2.856265068054199
2.203731060028076,2.5971755981445312,2.8557584285736084
2.203731060028076,2.5971755981445312,2.8557584285736084
2.202542304992676,2.5926756858825684,2.8559682369232178
2.203141450881958,2.5936126708984375,2.856293201446533
2.203141450881958,2.5936126708984375,2.856293201446533
2.2026121616363525,2.593604803085327,2.8565073013305664
2.2026121616363525,2.593604803085327,2.8565073013305664
2.203263759613037,2.593794822692871,2.856367826461792
2.203263759613037,2.593794822692871,2.856367826461792
2.202810525894165,2.5943593978881836,2.8568544387817383
2.201613426208496,2.593540668487549,2.8574721813201904
2.201613426208496,2.593540668487549,2.8574721813201904
2.201327323913574,2.593534231185913,2.8576087951660156
2.201327323913574,2.593534231185913,2.8576087951660156
2.201282262802124,2.5927116870880127,2.8574106693267822
2.2017252445220947,2.5909342765808105,2.8565664291381836
2.2017252445220947,2.5909342765808105,2.8565664291381836
2.2005198001861572,2.590869665145874,2.8557288646698
2.2005198001861572,2.590869665145874,2.8557288646698
2.1990647315979004,2.589966058731079,2.855820417404175
2.1988093852996826,2.587033987045288,2.8557941913604736
2.1988093852996826,2.587033987045288,2.8557941913604736
2.1981618404388428,2.5861785411834717,2.855781078338623
2.1981618404388428,2.5861785411834717,2.855781078338623
2.198479413986206,2.5855445861816406,2.855067491531372
2.1985485553741455,2.5848922729492188,2.854400396347046
2.1985485553741455,2.5848922729492188,2.854400396347046
2.1992413997650146,2.5844578742980957,2.8539273738861084
2.198699474334717,2.5836527347564697,2.8542256355285645
2.1996889114379883,2.5823607444763184,2.8537802696228027
2.1996889114379883,2.5823607444763184,2.8537802696228027
2.2005956172943115,2.582426071166992,2.853166103363037
2.2005956172943115,2.582426071166992,2.853166103363037
2.2007579803466797,2.5810952186584473,2.853498935699463
2.2018375396728516,2.5816421508789062,2.8536596298217773
2.2018375396728516,2.5816421508789062,2.8536596298217773
2.2018821239471436,2.581279993057251,2.8532326221466064
2.2018821239471436,2.581279993057251,2.8532326221466064
2.2019078731536865,2.5820348262786865,2.8529207706451416
2.2016961574554443,2.5816094875335693,2.852825164794922
2.2006216049194336,2.5803463459014893,2.8528897762298584
2.2006216049194336,2.5803463459014893,2.8528897762298584
2.199629545211792,2.5802881717681885,2.852893590927124
2.199629545211792,2.5802881717681885,2.852893590927124
2.1990966796875,2.5800957679748535,2.8528990745544434
2.198784589767456,2.579134941101074,2.8528316020965576
2.198784589767456,2.579134941101074,2.8528316020965576
2.1981239318847656,2.5796830654144287,2.8531312942504883
2.1984663009643555,2.5799448490142822,2.852508544921875
2.1984663009643555,2.5799448490142822,2.852508544921875
2.199192523956299,2.5802886486053467,2.8515419960021973
2.199192523956299,2.5802886486053467,2.8515419960021973
2.1990127563476562,2.5782575607299805,2.850964069366455
2.1984028816223145,2.578306198120117,2.851871967315674
2.1984028816223145,2.578306198120117,2.851871967315674
2.1965816020965576,2.5770559310913086,2.852689027786255
2.1965816020965576,2.5770559310913086,2.852689027786255
2.1969118118286133,2.57585072517395,2.8526086807250977
2.1969118118286133,2.57585072517395,2.8526086807250977
2.198134422302246,2.5762975215911865,2.851968765258789
2.1987431049346924,2.575024366378784,2.8508994579315186
2.1987431049346924,2.575024366378784,2.8508994579315186
2.1983139514923096,2.5718564987182617,2.8508400917053223
2.1983139514923096,2.5718564987182617,2.8508400917053223
2.196652889251709,2.5702102184295654,2.8508684635162354
2.1964941024780273,2.569746494293213,2.8507301807403564
2.1964941024780273,2.569746494293213,2.8507301807403564
2.197175979614258,2.5670838356018066,2.849914073944092
2.197175979614258,2.5670838356018066,2.849914073944092
2.1985552310943604,2.5674948692321777,2.8495779037475586
2.199512243270874,2.566848039627075,2.848590135574341
2.199512243270874,2.566848039627075,2.848590135574341
2.199538230895996,2.566324234008789,2.848489761352539
2.199538230895996,2.566324234008789,2.848489761352539
2.199204683303833,2.5669844150543213,2.848402976989746
2.1991775035858154,2.567256450653076,2.8490912914276123
2.1991775035858154,2.567256450653076,2.8490912914276123
2.200423240661621,2.5659618377685547,2.8486850261688232
2.200423240661621,2.5659618377685547,2.8486850261688232
2.2018938064575195,2.5652856826782227,2.8477654457092285
2.2018938064575195,2.5652856826782227,2.8477654457092285
2.202444314956665,2.5627493858337402,2.8473074436187744
2.202444314956665,2.5627493858337402,2.8473074436187744
2.202674150466919,2.5615217685699463,2.8471503257751465
2.2030045986175537,2.5606231689453125,2.846771478652954
2.2030045986175537,2.5606231689453125,2.846771478652954
2.203953981399536,2.558786630630493,2.845799207687378
2.2049930095672607,2.556687593460083,2.8454959392547607
2.2049930095672607,2.556687593460083,2.8454959392547607
2.2056946754455566,2.555412769317627,2.845097541809082
2.2056946754455566,2.555412769317627,2.845097541809082
2.207484245300293,2.555121421813965,2.843445301055908
2.207484245300293,2.555121421813965,2.843445301055908
2.2077341079711914,2.5529861450195312,2.842451810836792
2.207390785217285,2.5510525703430176,2.8423774242401123
2.2062902450561523,2.5498974323272705,2.8427727222442627
2.2062902450561523,2.5498974323272705,2.8427727222442627
2.2047882080078125,2.5484790802001953,2.843585968017578
2.2047882080078125,2.5484790802001953,2.843585968017578
2.2047266960144043,2.546868085861206,2.8431127071380615
2.2059497833251953,2.5457875728607178,2.841840982437134
2.2059497833251953,2.5457875728607178,2.841840982437134
2.2059497833251953,2.5457875728607178,2.841840982437134
2.2057294845581055,2.5456840991973877,2.84171724319458
2.2040774822235107,2.5440006256103516,2.841853380203247
2.2040774822235107,2.5440006256103516,2.841853380203247
2.203583240509033,2.5431976318359375,2.841972827911377
2.2031056880950928,2.5415287017822266,2.841566801071167
2.2031056880950928,2.5415287017822266,2.841566801071167
2.2031683921813965,2.538938283920288,2.8411853313446045
2.2031683921813965,2.538938283920288,2.8411853313446045
2.203005313873291,2.537388801574707,2.8415024280548096
2.203005313873291,2.537388801574707,2.8415024280548096
2.2040340900421143,2.5366694927215576,2.8403611183166504
2.205099582672119,2.5361313819885254,2.8402183055877686
2.205099582672119,2.5361313819885254,2.8402183055877686
2.20501446723938,2.5341806411743164,2.8407065868377686
2.2045087814331055,2.5332746505737305,2.8407235145568848
2.2045087814331055,2.5332746505737305,2.8407235145568848
2.204099655151367,2.533601760864258,2.840575695037842
2.204099655151367,2.533601760864258,2.840575695037842
2.2039108276367188,2.5330393314361572,2.8400967121124268
2.2039108276367188,2.5330393314361572,2.8400967121124268
2.203273296356201,2.5314018726348877,2.839961528778076
2.2030715942382812,2.529829978942871,2.8394198417663574
2.2030715942382812,2.529829978942871,2.8394198417663574
2.2016799449920654,2.5289971828460693,2.8391544818878174
2.2016799449920654,2.5289971828460693,2.8391544818878174
2.2001659870147705,2.528733730316162,2.8396217823028564
2.2001659870147705,2.528733730316162,2.8396217823028564
2.199432611465454,2.5268642902374268,2.839596748352051
2.1995134353637695,2.526052713394165,2.839050054550171
2.1995134353637695,2.526052713394165,2.839050054550171
2.200197219848633,2.524360179901123,2.838402032852173
2.198699474334717,2.523442268371582,2.8389391899108887
2.198699474334717,2.523442268371582,2.8389391899108887
2.198699474334717,2.523442268371582,2.8389391899108887
2.196465492248535,2.5199151039123535,2.8397176265716553
2.196465492248535,2.5199151039123535,2.8397176265716553
2.194948196411133,2.5152931213378906,2.839686393737793
2.1944570541381836,2.51664400100708,2.839895486831665
2.1944570541381836,2.51664400100708,2.839895486831665
2.193687915802002,2.5164294242858887,2.840029239654541
2.193687915802002,2.5164294242858887,2.840029239654541
2.193981647491455,2.51481556892395,2.8399956226348877
2.193981647491455,2.51481556892395,2.8399956226348877
2.194429636001587,2.5143487453460693,2.8395490646362305
2.194429636001587,2.5143487453460693,2.8395490646362305
2.1947762966156006,2.514338493347168,2.8391032218933105
2.193894386291504,2.512300968170166,2.8391706943511963
2.193997383117676,2.512216329574585,2.8395321369171143
2.193997383117676,2.512216329574585,2.8395321369171143
2.1938700675964355,2.511241912841797,2.83789324760437
2.1932260990142822,2.510471820831299,2.837650775909424
2.1932260990142822,2.510471820831299,2.837650775909424
2.1919667720794678,2.5063316822052,2.8366527557373047
2.1919667720794678,2.5063316822052,2.8366527557373047
2.191338539123535,2.5045080184936523,2.836965799331665
2.191338539123535,2.5045080184936523,2.836965799331665
2.1914873123168945,2.5025882720947266,2.8365707397460938
2.1920180320739746,2.5033977031707764,2.8361518383026123
2.1932711601257324,2.5039608478546143,2.8351070880889893
2.1932711601257324,2.5039608478546143,2.8351070880889893
2.1940619945526123,2.5035054683685303,2.833962917327881
2.1955347061157227,2.5011990070343018,2.833012104034424
2.1955347061157227,2.5011990070343018,2.833012104034424
2.1938869953155518,2.5005173683166504,2.8335564136505127
2.1939072608947754,2.5008726119995117,2.8332488536834717
2.1941399574279785,2.499937057495117,2.8326470851898193
2.1941399574279785,2.499937057495117,2.8326470851898193
2.1966803073883057,2.498178005218506,2.831150770187378
2.1966803073883057,2.498178005218506,2.831150770187378
2.1956708431243896,2.4971537590026855,2.8310861587524414
2.1956708431243896,2.4971537590026855,2.8310861587524414
2.195096492767334,2.4954144954681396,2.8312530517578125
2.195096492767334,2.4954144954681396,2.8312530517578125
2.195150375366211,2.4934754371643066,2.8307809829711914
2.195150375366211,2.4934754371643066,2.8307809829711914
2.196131706237793,2.4925537109375,2.8292760848999023
2.195018768310547,2.490847110748291,2.8293418884277344
2.195018768310547,2.490847110748291,2.8293418884277344
2.19348406791687,2.4881536960601807,2.829381227493286
2.19348406791687,2.4881536960601807,2.829381227493286
2.1932804584503174,2.487459182739258,2.8295493125915527
2.193354606628418,2.486276388168335,2.8289730548858643
2.193354606628418,2.486276388168335,2.8289730548858643
2.193354606628418,2.486276388168335,2.8289730548858643
2.193161964416504,2.4848783016204834,2.8286032676696777
2.193161964416504,2.4848783016204834,2.8286032676696777
2.1923627853393555,2.483025074005127,2.828284740447998
2.1923627853393555,2.483025074005127,2.828284740447998
2.191045045852661,2.485103130340576,2.8278512954711914
2.191045045852661,2.485103130340576,2.8278512954711914
2.1892459392547607,2.4849565029144287,2.827831506729126
2.1881649494171143,2.481058359146118,2.828028440475464
2.188457727432251,2.4803240299224854,2.8279073238372803
2.188457727432251,2.4803240299224854,2.8279073238372803
2.189993381500244,2.4786643981933594,2.8274903297424316
2.189993381500244,2.4786643981933594,2.8274903297424316
2.1912429332733154,2.4772143363952637,2.826490640640259
2.1912429332733154,2.4772143363952637,2.826490640640259
2.1914167404174805,2.4749996662139893,2.826321601867676
2.191014289855957,2.473435878753662,2.826549768447876
2.191014289855957,2.473435878753662,2.826549768447876
2.1888294219970703,2.4704318046569824,2.827423095703125
2.188689708709717,2.4683690071105957,2.8276572227478027
2.188689708709717,2.4683690071105957,2.8276572227478027
2.188455581665039,2.4654741287231445,2.827075242996216
2.1898930072784424,2.4651246070861816,2.825974941253662
2.189889430999756,2.4653210639953613,2.825653314590454
2.189889430999756,2.4653210639953613,2.825653314590454
2.18915057182312,2.4623734951019287,2.8252551555633545
2.18915057182312,2.4623734951019287,2.8252551555633545
2.1876988410949707,2.458186626434326,2.8254833221435547
2.1876988410949707,2.458186626434326,2.8254833221435547
2.1876585483551025,2.457512617111206,2.8252644538879395
2.1876585483551025,2.457512617111206,2.8252644538879395
2.1890130043029785,2.4565351009368896,2.823533058166504
2.1892330646514893,2.453674554824829,2.8230698108673096
2.189246892929077,2.4530773162841797,2.822909355163574
2.189246892929077,2.4530773162841797,2.822909355163574
2.1885147094726562,2.451479196548462,2.8228845596313477
2.1885147094726562,2.451479196548462,2.8228845596313477
2.1873860359191895,2.449981927871704,2.8227972984313965
2.1867599487304688,2.446734666824341,2.8225958347320557
2.1867599487304688,2.446734666824341,2.8225958347320557
2.1867599487304688,2.446734666824341,2.8225958347320557
2.1871931552886963,2.4457473754882812,2.8221395015716553
2.187445640563965,2.4439992904663086,2.82090425491333
2.1869661808013916,2.442423105239868,2.8205502033233643
2.1869661808013916,2.442423105239868,2.8205502033233643
2.1866374015808105,2.4364612102508545,2.819396495819092
2.1866374015808105,2.4364612102508545,2.819396495819092
2.1851470470428467,2.433260679244995,2.819084644317627
2.1851470470428467,2.433260679244995,2.819084644317627
2.186613082885742,2.433889150619507,2.818270683288574
2.186613082885742,2.433889150619507,2.818270683288574
2.1881113052368164,2.431492805480957,2.8163509368896484
2.188873767852783,2.430983543395996,2.8165266513824463
2.188873767852783,2.430983543395996,2.8165266513824463
2.190530300140381,2.429344892501831,2.815192699432373
2.190530300140381,2.429344892501831,2.815192699432373
2.189215898513794,2.424591064453125,2.8146474361419678
2.189286947250366,2.423428535461426,2.8146049976348877
2.1900994777679443,2.4194722175598145,2.8133068084716797
2.1900994777679443,2.4194722175598145,2.8133068084716797
2.1910555362701416,2.420320749282837,2.812680721282959
2.191962242126465,2.419358730316162,2.8116514682769775
2.191962242126465,2.419358730316162,2.8116514682769775
2.1907284259796143,2.416203737258911,2.81123423576355
2.189926862716675,2.4157822132110596,2.8115408420562744
2.189926862716675,2.4157822132110596,2.8115408420562744
2.187532424926758,2.414680004119873,2.8120670318603516
2.187532424926758,2.414680004119873,2.8120670318603516
2.187568187713623,2.4128928184509277,2.811541795730591
2.188462734222412,2.410997152328491,2.8101024627685547
2.188462734222412,2.410997152328491,2.8101024627685547
2.188713550567627,2.4098751544952393,2.809461832046509
2.1894941329956055,2.408881902694702,2.8081283569335938
2.1897706985473633,2.408691167831421,2.807661771774292
2.1897706985473633,2.408691167831421,2.807661771774292
2.188478469848633,2.406167507171631,2.806957483291626
2.188478469848633,2.406167507171631,2.806957483291626
2.1882941722869873,2.4045863151550293,2.8069584369659424
2.189063310623169,2.404277801513672,2.80648136138916
2.189063310623169,2.404277801513672,2.80648136138916
2.189767599105835,2.403317928314209,2.805251121520996
2.19071102142334,2.4038002490997314,2.8049113750457764
2.19071102142334,2.4038002490997314,2.8049113750457764
2.191572904586792,2.4011776447296143,2.803800106048584
2.191572904586792,2.4011776447296143,2.803800106048584
2.1913037300109863,2.3989410400390625,2.803778648376465
2.190629243850708,2.3989152908325195,2.80472469329834
2.190629243850708,2.3989152908325195,2.80472469329834
2.1914994716644287,2.397674798965454,2.8040316104888916
2.1914994716644287,2.397674798965454,2.8040316104888916
2.1911399364471436,2.3959009647369385,2.8038554191589355
2.1913301944732666,2.3954527378082275,2.803666830062866
2.1913301944732666,2.3954527378082275,2.803666830062866
2.1918516159057617,2.394346237182617,2.8032541275024414
2.1931474208831787,2.393233299255371,2.8017983436584473
2.1931474208831787,2.393233299255371,2.8017983436584473
2.1932456493377686,2.3923068046569824,2.801058530807495
2.1932456493377686,2.3923068046569824,2.801058530807495
2.1919515132904053,2.3915247917175293,2.8015024662017822
2.1919515132904053,2.3915247917175293,2.8015024662017822
2.1904873847961426,2.390054941177368,2.8014142513275146
2.1904873847961426,2.390054941177368,2.8014142513275146
2.190263509750366,2.38834547996521,2.8006224632263184
2.1892495155334473,2.3869025707244873,2.8004798889160156
2.1892495155334473,2.3869025707244873,2.8004798889160156
2.188136100769043,2.385892629623413,2.8006482124328613
2.187532424926758,2.385205030441284,2.8005383014678955
2.187532424926758,2.385205030441284,2.8005383014678955
2.187532663345337,2.384467601776123,2.800091505050659
2.187340021133423,2.3835439682006836,2.7997941970825195
2.187340021133423,2.3835439682006836,2.7997941970825195
2.1869640350341797,2.38277006149292,2.7996397018432617
2.1869306564331055,2.3829197883605957,2.7996139526367188
2.186027765274048,2.382190704345703,2.7997663021087646
2.186027765274048,2.382190704345703,2.7997663021087646
2.18536114692688,2.3804514408111572,2.799715518951416
2.185793399810791,2.3794467449188232,2.7992196083068848
2.185793399810791,2.3794467449188232,2.7992196083068848
2.185530424118042,2.3796780109405518,2.799246311187744
2.184633493423462,2.37845516204834,2.7990872859954834
2.183398962020874,2.3776943683624268,2.7995386123657227
2.183398962020874,2.3776943683624268,2.7995386123657227
2.182293653488159,2.377488136291504,2.8005285263061523
2.182293653488159,2.377488136291504,2.8005285263061523
2.1823503971099854,2.377345085144043,2.8004302978515625
2.183811902999878,2.376025438308716,2.7999205589294434
2.183811902999878,2.376025438308716,2.7999205589294434
2.1851391792297363,2.3733556270599365,2.799116611480713
2.186284303665161,2.3715403079986572,2.798344612121582
2.186284303665161,2.3715403079986572,2.798344612121582
2.1874544620513916,2.371058225631714,2.797495126724243
2.1880617141723633,2.3713879585266113,2.797081708908081
2.1880617141723633,2.3713879585266113,2.797081708908081
2.187901735305786,2.3700408935546875,2.7969813346862793
2.1877658367156982,2.3697941303253174,2.7971739768981934
2.1877658367156982,2.3697941303253174,2.7971739768981934
2.188523054122925,2.3687386512756348,2.7964062690734863
2.188523054122925,2.3687386512756348,2.7964062690734863
2.188258647918701,2.36909818649292,2.7961483001708984
2.1879711151123047,2.3688724040985107,2.795802116394043
2.188208818435669,2.367462396621704,2.7951650619506836
2.188208818435669,2.367462396621704,2.7951650619506836
2.1898558139801025,2.366887092590332,2.7937283515930176
2.1900522708892822,2.366931438446045,2.7928481101989746
2.1900522708892822,2.366931438446045,2.7928481101989746
2.1898012161254883,2.366656541824341,2.7925469875335693
2.1898012161254883,2.366656541824341,2.7925469875335693
2.188347101211548,2.3655459880828857,2.7925381660461426
2.1886134147644043,2.3656344413757324,2.7925455570220947
2.1886134147644043,2.3656344413757324,2.7925455570220947
2.1884121894836426,2.366008996963501,2.792172908782959
2.1884121894836426,2.366008996963501,2.792172908782959
2.187849283218384,2.3654019832611084,2.7921602725982666
2.187849283218384,2.3654019832611084,2.7921602725982666
2.1872012615203857,2.3644745349884033,2.7929043769836426
2.1872012615203857,2.3644745349884033,2.7929043769836426
2.187448263168335,2.364672899246216,2.7925057411193848
2.187187671661377,2.3649182319641113,2.7923789024353027
2.1866581439971924,2.3651719093322754,2.79258131980896
2.1866581439971924,2.3651719093322754,2.79258131980896
2.1866581439971924,2.3651719093322754,2.79258131980896
2.186946392059326,2.3644635677337646,2.7920987606048584
2.1878206729888916,2.3632972240448,2.791414499282837
2.1878206729888916,2.3632972240448,2.791414499282837
2.187894821166992,2.3617265224456787,2.7907941341400146
2.187894821166992,2.3617265224456787,2.7907941341400146
2.1862010955810547,2.3600339889526367,2.791274070739746
2.1857638359069824,2.3601086139678955,2.791433811187744
2.1857638359069824,2.3601086139678955,2.791433811187744
2.18581223487854,2.3615028858184814,2.7912187576293945
2.18581223487854,2.3615028858184814,2.7912187576293945
2.1853950023651123,2.3596556186676025,2.791020631790161
2.185082197189331,2.359156608581543,2.7911112308502197
2.184903621673584,2.3590610027313232,2.7911758422851562
2.184903621673584,2.3590610027313232,2.7911758422851562
2.1841166019439697,2.358940601348877,2.790454864501953
2.1838526725769043,2.3580405712127686,2.7901344299316406
2.1838526725769043,2.3580405712127686,2.7901344299316406
2.1831367015838623,2.355586290359497,2.790252447128296
2.1832973957061768,2.355976104736328,2.7901437282562256
2.1832973957061768,2.355976104736328,2.7901437282562256
2.1831982135772705,2.356644868850708,2.790005683898926
2.1831982135772705,2.356644868850708,2.790005683898926
2.1826908588409424,2.3568918704986572,2.789940595626831
2.1832051277160645,2.3568222522735596,2.78975248336792
2.1832051277160645,2.3568222522735596,2.78975248336792
2.1828010082244873,2.3556301593780518,2.789856195449829
2.1828010082244873,2.3556301593780518,2.789856195449829
2.181999683380127,2.356527090072632,2.7900447845458984
2.181999683380127,2.356527090072632,2.7900447845458984
2.1821370124816895,2.3548789024353027,2.789680242538452
2.1818501949310303,2.354848861694336,2.789886713027954
2.1818501949310303,2.354848861694336,2.789886713027954
2.1818501949310303,2.354848861694336,2.789886713027954
2.182072162628174,2.355715036392212,2.7894582748413086
2.1811089515686035,2.3547112941741943,2.7900137901306152
2.1811225414276123,2.3550689220428467,2.790635824203491
2.1811225414276123,2.3550689220428467,2.790635824203491
2.1811225414276123,2.3550689220428467,2.790635824203491
2.1807143688201904,2.3548197746276855,2.7911627292633057
2.183027982711792,2.352810859680176,2.7900118827819824
2.182997226715088,2.3531601428985596,2.7900209426879883
2.1834115982055664,2.3525846004486084,2.7897825241088867
2.1834115982055664,2.3525846004486084,2.7897825241088867
2.182147264480591,2.3516054153442383,2.7903976440429688
2.1815571784973145,2.3510067462921143,2.7905571460723877
2.1815571784973145,2.3510067462921143,2.7905571460723877
2.180732011795044,2.349990129470825,2.7906534671783447
2.180732011795044,2.349990129470825,2.7906534671783447
2.180903911590576,2.3496365547180176,2.7900171279907227
2.180903911590576,2.3496365547180176,2.7900171279907227
2.1810953617095947,2.3496146202087402,2.7896623611450195
2.1810953617095947,2.3496146202087402,2.7896623611450195
2.1812829971313477,2.348165988922119,2.789207935333252
2.183074474334717,2.346749782562256,2.78796124458313
2.183074474334717,2.346749782562256,2.78796124458313
2.1830639839172363,2.3477509021759033,2.787121295928955
2.1830639839172363,2.3477509021759033,2.787121295928955
2.1834890842437744,2.34643816947937,2.786284923553467
2.1834890842437744,2.34643816947937,2.786284923553467
2.182882070541382,2.3448874950408936,2.7860896587371826
2.1819424629211426,2.3449299335479736,2.7864129543304443
2.1815106868743896,2.3446428775787354,2.7861716747283936
2.1815106868743896,2.3446428775787354,2.7861716747283936
2.1825382709503174,2.3448326587677,2.785156488418579
2.1825382709503174,2.3448326587677,2.785156488418579
2.183006763458252,2.3445987701416016,2.7842042446136475
2.182866096496582,2.345151424407959,2.7842979431152344
2.182555675506592,2.3442444801330566,2.7840068340301514
2.182555675506592,2.3442444801330566,2.7840068340301514
2.184201240539551,2.343785285949707,2.7832729816436768
2.184400796890259,2.343453884124756,2.782724142074585
2.184400796890259,2.343453884124756,2.782724142074585
2.1851606369018555,2.3446044921875,2.783402681350708
2.1851606369018555,2.3446044921875,2.783402681350708
2.1850645542144775,2.344649314880371,2.7839643955230713
2.1849167346954346,2.3445520401000977,2.7842142581939697
2.1845829486846924,2.3450660705566406,2.784038782119751
2.1845829486846924,2.3450660705566406,2.784038782119751
2.1839804649353027,2.346255302429199,2.783903121948242
2.1839804649353027,2.346255302429199,2.783903121948242
2.185046434402466,2.345733165740967,2.782862663269043
2.185046434402466,2.345733165740967,2.782862663269043
2.187866449356079,2.3431081771850586,2.78057599067688
2.1886119842529297,2.342529296875,2.780116081237793
2.1886119842529297,2.342529296875,2.780116081237793
2.189347982406616,2.3427700996398926,2.779680013656616
2.189347982406616,2.3427700996398926,2.779680013656616
2.1892898082733154,2.3429462909698486,2.7798736095428467
2.1892898082733154,2.3429462909698486,2.7798736095428467
2.1892833709716797,2.3428568840026855,2.780076503753662
2.1892833709716797,2.3428568840026855,2.780076503753662
2.1897337436676025,2.3420636653900146,2.779019355773926
2.1897716522216797,2.3426942825317383,2.77886700630188
2.1888270378112793,2.342888593673706,2.7795329093933105
2.187690019607544,2.342146873474121,2.780050039291382
2.1867117881774902,2.3418428897857666,2.7806336879730225
2.1867117881774902,2.3418428897857666,2.7806336879730225
2.184596300125122,2.341306686401367,2.781362533569336
2.184596300125122,2.341306686401367,2.781362533569336
2.184596300125122,2.341306686401367,2.781362533569336
2.184417247772217,2.3417184352874756,2.7812488079071045
2.184384822845459,2.341034173965454,2.7810285091400146
2.184183120727539,2.340553045272827,2.781371593475342
2.184183120727539,2.340553045272827,2.781371593475342
2.1846165657043457,2.339583158493042,2.781179666519165
2.1846165657043457,2.339583158493042,2.781179666519165
2.1879031658172607,2.3398091793060303,2.7782421112060547
2.1879031658172607,2.3398091793060303,2.7782421112060547
2.1892504692077637,2.3377883434295654,2.777268886566162
2.1892504692077637,2.3377883434295654,2.777268886566162
2.1891837120056152,2.338163137435913,2.7773969173431396
2.1890740394592285,2.338552236557007,2.7770769596099854
2.1890740394592285,2.338552236557007,2.7770769596099854
2.1883623600006104,2.338268280029297,2.777578830718994
2.1883623600006104,2.338268280029297,2.777578830718994
2.186084032058716,2.336533546447754,2.7785468101501465
2.1852686405181885,2.3355278968811035,2.7789037227630615
2.184659004211426,2.335636854171753,2.779003143310547
2.1852223873138428,2.3357157707214355,2.778419017791748
2.1852223873138428,2.3357157707214355,2.778419017791748
2.184974431991577,2.3344852924346924,2.7781150341033936
2.184974431991577,2.3344852924346924,2.7781150341033936
2.184581756591797,2.332780361175537,2.778057098388672
2.184581756591797,2.332780361175537,2.778057098388672
2.183931589126587,2.3305294513702393,2.7785420417785645
2.1835503578186035,2.3291749954223633,2.7783217430114746
2.1835503578186035,2.3291749954223633,2.7783217430114746
2.1836698055267334,2.3275325298309326,2.7779338359832764
2.1836698055267334,2.3275325298309326,2.7779338359832764
2.1836698055267334,2.3275325298309326,2.7779338359832764
2.1831650733947754,2.3261051177978516,2.7772743701934814
2.18315052986145,2.3259243965148926,2.777139186859131
2.1824121475219727,2.325509786605835,2.7769651412963867
2.181882381439209,2.3250174522399902,2.776852607727051
2.1815428733825684,2.324495315551758,2.7767574787139893
2.1815428733825684,2.324495315551758,2.7767574787139893
2.181699275970459,2.323920965194702,2.7762227058410645
2.1813578605651855,2.323092460632324,2.7758195400238037
2.181082248687744,2.3229949474334717,2.7759292125701904
2.181082248687744,2.3229949474334717,2.7759292125701904
2.180288791656494,2.3213577270507812,2.7755908966064453
2.180288791656494,2.3213577270507812,2.7755908966064453
2.1810879707336426,2.3207030296325684,2.774324893951416
2.1810879707336426,2.3207030296325684,2.774324893951416
2.1810879707336426,2.3207030296325684,2.774324893951416
2.1822495460510254,2.31933331489563,2.7733941078186035
2.182616710662842,2.3189749717712402,2.773247480392456
2.1817944049835205,2.31794810295105,2.773322343826294
2.181363344192505,2.318276882171631,2.773686408996582
2.181363344192505,2.318276882171631,2.773686408996582
2.180396318435669,2.3179891109466553,2.7743759155273438
2.180396318435669,2.3179891109466553,2.7743759155273438
2.183063268661499,2.318434715270996,2.772883653640747
2.183063268661499,2.318434715270996,2.772883653640747
2.182607889175415,2.318246364593506,2.772874593734741
2.181694984436035,2.3169283866882324,2.7733917236328125
2.1805577278137207,2.314715623855591,2.7744271755218506
2.179807662963867,2.3139355182647705,2.7750682830810547
2.179807662963867,2.3139355182647705,2.7750682830810547
2.179807662963867,2.3139355182647705,2.7750682830810547
2.181138038635254,2.313979387283325,2.774463653564453
2.1820943355560303,2.313957452774048,2.7739980220794678
2.1810660362243652,2.3128044605255127,2.7737538814544678
2.1810660362243652,2.3128044605255127,2.7737538814544678
2.179277181625366,2.311472177505493,2.7747256755828857
2.1773345470428467,2.312070608139038,2.7757627964019775
2.1759111881256104,2.3133769035339355,2.776106357574463
2.1759111881256104,2.3133769035339355,2.776106357574463
2.17484450340271,2.313147783279419,2.7752788066864014
2.17484450340271,2.313147783279419,2.7752788066864014
2.173535108566284,2.312166452407837,2.7753710746765137
2.1726438999176025,2.3124165534973145,2.7754268646240234
2.1726438999176025,2.3124165534973145,2.7754268646240234
2.172718048095703,2.313084840774536,2.7745580673217773
2.172718048095703,2.313084840774536,2.7745580673217773
2.1714558601379395,2.312692165374756,2.7750113010406494
2.170762062072754,2.311399221420288,2.7748053073883057
2.170762062072754,2.311399221420288,2.7748053073883057
2.169384002685547,2.311767339706421,2.775094747543335
2.169384002685547,2.311767339706421,2.775094747543335
2.1694936752319336,2.313431978225708,2.775325298309326
2.1694936752319336,2.313431978225708,2.775325298309326
2.169987201690674,2.313551187515259,2.7747888565063477
2.1702585220336914,2.3131446838378906,2.7744476795196533
2.1697793006896973,2.313000440597534,2.7745046615600586
2.1697793006896973,2.313000440597534,2.7745046615600586
2.1687581539154053,2.3123779296875,2.7747771739959717
2.1687581539154053,2.3123779296875,2.7747771739959717
2.167745590209961,2.311832904815674,2.775108575820923
2.167745590209961,2.311832904815674,2.775108575820923
2.1676979064941406,2.311706304550171,2.775407552719116
2.1676979064941406,2.311706304550171,2.775407552719116
2.1685001850128174,2.3128771781921387,2.7752528190612793
2.1685001850128174,2.3128771781921387,2.7752528190612793
2.1685001850128174,2.3128771781921387,2.7752528190612793
2.167243242263794,2.3132712841033936,2.7764174938201904
2.166407823562622,2.3113927841186523,2.776815176010132
2.166407823562622,2.3113927841186523,2.776815176010132
2.166407823562622,2.3113927841186523,2.776815176010132
2.1664469242095947,2.3108572959899902,2.777158737182617
2.167037010192871,2.3108532428741455,2.7767810821533203
2.167037010192871,2.3108532428741455,2.7767810821533203
2.167666435241699,2.3106539249420166,2.776116132736206
2.1675333976745605,2.3103365898132324,2.7759106159210205
2.1675333976745605,2.3103365898132324,2.7759106159210205
2.1677637100219727,2.3096487522125244,2.775836229324341
2.1677637100219727,2.3096487522125244,2.775836229324341
2.1677238941192627,2.3103559017181396,2.7757482528686523
2.1677238941192627,2.3103559017181396,2.7757482528686523
2.167569875717163,2.309676170349121,2.775188446044922
2.167569875717163,2.309676170349121,2.775188446044922
2.168686628341675,2.308784008026123,2.7748303413391113
2.168686628341675,2.308784008026123,2.7748303413391113
2.169492721557617,2.3088507652282715,2.7736644744873047
2.169492721557617,2.3088507652282715,2.7736644744873047
2.168509006500244,2.3090720176696777,2.774041175842285
2.168509006500244,2.3090720176696777,2.774041175842285
2.1666781902313232,2.3073794841766357,2.775084972381592
2.1666781902313232,2.3073794841766357,2.775084972381592
2.16668701171875,2.3065900802612305,2.7750942707061768
2.16668701171875,2.3065900802612305,2.7750942707061768
2.1670806407928467,2.3070340156555176,2.7746496200561523
2.1669347286224365,2.3068649768829346,2.774538516998291
2.1669347286224365,2.3068649768829346,2.774538516998291
2.168081045150757,2.3043277263641357,2.7734603881835938
2.1682052612304688,2.3042032718658447,2.7731359004974365
2.1680774688720703,2.3040401935577393,2.7729251384735107
2.1680774688720703,2.3040401935577393,2.7729251384735107
2.167271852493286,2.303237199783325,2.7727601528167725
2.167271852493286,2.303237199783325,2.7727601528167725
2.1677303314208984,2.302581548690796,2.772413492202759
2.1677303314208984,2.302581548690796,2.772413492202759
2.1680800914764404,2.302248477935791,2.7718777656555176
2.1692895889282227,2.3037171363830566,2.77097225189209
2.1692895889282227,2.3037171363830566,2.77097225189209
2.1694729328155518,2.303244113922119,2.7706122398376465
2.1694729328155518,2.303244113922119,2.7706122398376465
2.1690425872802734,2.3015472888946533,2.770636558532715
2.1690425872802734,2.3015472888946533,2.770636558532715
2.1697747707366943,2.300940752029419,2.7703890800476074
2.1697747707366943,2.300940752029419,2.7703890800476074
2.170999526977539,2.301180601119995,2.769364833831787
2.170999526977539,2.301180601119995,2.769364833831787
2.171623706817627,2.2988791465759277,2.768829107284546
2.171597719192505,2.2985949516296387,2.768867015838623
2.172257900238037,2.2986769676208496,2.768813371658325
2.1724162101745605,2.2986021041870117,2.7686705589294434
2.1724770069122314,2.2985050678253174,2.7686400413513184
2.1724770069122314,2.2985050678253174,2.7686400413513184
2.1724770069122314,2.2985050678253174,2.7686400413513184
2.171354293823242,2.2964704036712646,2.769110679626465
2.171354293823242,2.2964704036712646,2.769110679626465
2.170319080352783,2.2955784797668457,2.7691028118133545
2.170319080352783,2.2955784797668457,2.7691028118133545
2.1711432933807373,2.2955734729766846,2.7680037021636963
2.171325445175171,2.294907808303833,2.767667531967163
2.1705219745635986,2.294278383255005,2.767679452896118
2.169086217880249,2.292832851409912,2.7680068016052246
2.169086217880249,2.292832851409912,2.7680068016052246
2.1684021949768066,2.2935445308685303,2.7683355808258057
2.1672098636627197,2.294140577316284,2.768763303756714
2.1672098636627197,2.294140577316284,2.768763303756714
2.1670494079589844,2.294398546218872,2.768507480621338
2.1669023036956787,2.293844699859619,2.7685914039611816
2.166703701019287,2.2922861576080322,2.7683515548706055
2.166703701019287,2.2922861576080322,2.7683515548706055
2.1666009426116943,2.293440580368042,2.7684223651885986
2.1654915809631348,2.2936325073242188,2.7685110569000244
2.1654915809631348,2.2936325073242188,2.7685110569000244
2.1626977920532227,2.2915754318237305,2.7691495418548584
2.1626977920532227,2.2915754318237305,2.7691495418548584
2.1612746715545654,2.290569305419922,2.769732713699341
2.1606338024139404,2.2897379398345947,2.7695698738098145
2.1606338024139404,2.2897379398345947,2.7695698738098145
2.1616744995117188,2.2918484210968018,2.7688703536987305
2.1616744995117188,2.2918484210968018,2.7688703536987305
2.1618731021881104,2.2905020713806152,2.768185615539551
2.1614339351654053,2.2888896465301514,2.768507480621338
2.1614339351654053,2.2888896465301514,2.768507480621338
2.160996913909912,2.288811445236206,2.7683541774749756
2.160996913909912,2.288811445236206,2.7683541774749756
2.1613855361938477,2.2896597385406494,2.7683145999908447
2.163227081298828,2.2894961833953857,2.7672102451324463
2.163227081298828,2.2894961833953857,2.7672102451324463
2.163717031478882,2.2887532711029053,2.7666521072387695
2.163717031478882,2.2887532711029053,2.7666521072387695
2.1641592979431152,2.286339282989502,2.7662267684936523
2.1638553142547607,2.2856240272521973,2.7661640644073486
2.1638553142547607,2.2856240272521973,2.7661640644073486
2.163553237915039,2.2853405475616455,2.7660675048828125
2.163358688354492,2.2843899726867676,2.7661032676696777
2.1642239093780518,2.2829816341400146,2.7654869556427
2.1644983291625977,2.281550884246826,2.7651641368865967
2.1644983291625977,2.281550884246826,2.7651641368865967
2.1644983291625977,2.281550884246826,2.7651641368865967
2.1645708084106445,2.2809863090515137,2.7643322944641113
2.1645708084106445,2.2809863090515137,2.7643322944641113
2.164437770843506,2.2795915603637695,2.763864517211914
2.162992000579834,2.277635335922241,2.7645516395568848
2.162992000579834,2.277635335922241,2.7645516395568848
2.1622390747070312,2.2775845527648926,2.765176773071289
2.162123441696167,2.2775156497955322,2.7653422355651855
2.1628365516662598,2.2773637771606445,2.7645864486694336
2.1628365516662598,2.2773637771606445,2.7645864486694336
2.163700580596924,2.2771198749542236,2.763718605041504
2.1628448963165283,2.2767086029052734,2.763838529586792
2.1628448963165283,2.2767086029052734,2.763838529586792
2.1634254455566406,2.275697708129883,2.763700485229492
2.1634254455566406,2.275697708129883,2.763700485229492
2.164785623550415,2.27553653717041,2.763051986694336
2.164785623550415,2.27553653717041,2.763051986694336
2.165067672729492,2.275330066680908,2.7627992630004883
2.1650161743164062,2.2750351428985596,2.7631771564483643
2.1650161743164062,2.2750351428985596,2.7631771564483643
2.164525032043457,2.274385929107666,2.7635326385498047
2.164064884185791,2.2744252681732178,2.7637646198272705
2.1645941734313965,2.273529052734375,2.762749671936035
2.1645941734313965,2.273529052734375,2.762749671936035
2.166065216064453,2.272895336151123,2.7616207599639893
2.166065216064453,2.272895336151123,2.7616207599639893
2.1660706996917725,2.273026704788208,2.7617478370666504
2.1660706996917725,2.273026704788208,2.7617478370666504
2.165989637374878,2.271705150604248,2.761620283126831
2.165989637374878,2.271705150604248,2.761620283126831
2.1656298637390137,2.27176570892334,2.7616353034973145
2.1656298637390137,2.27176570892334,2.7616353034973145
2.165332078933716,2.2716846466064453,2.7618541717529297
2.165142059326172,2.2715394496917725,2.761821985244751
2.165142059326172,2.2715394496917725,2.761821985244751
2.1635630130767822,2.2709805965423584,2.762373685836792
2.1635630130767822,2.2709805965423584,2.762373685836792
2.163445472717285,2.2703733444213867,2.7616419792175293
2.1633222103118896,2.2704970836639404,2.761357307434082
2.1633222103118896,2.2704970836639404,2.761357307434082
2.1623148918151855,2.27020525932312,2.761338233947754
2.1615123748779297,2.2698686122894287,2.7611494064331055
2.1615123748779297,2.2698686122894287,2.7611494064331055
2.1608452796936035,2.2699038982391357,2.761181354522705
2.1608452796936035,2.2699038982391357,2.761181354522705
2.160081624984741,2.270871639251709,2.7609729766845703
2.1597182750701904,2.2704215049743652,2.7609028816223145
2.1597182750701904,2.2704215049743652,2.7609028816223145
2.1589057445526123,2.269298791885376,2.7612054347991943
2.1589057445526123,2.269298791885376,2.7612054347991943
2.1589057445526123,2.269298791885376,2.7612054347991943
2.159223794937134,2.2696926593780518,2.760388135910034
2.1610467433929443,2.269158363342285,2.7589492797851562
2.1610467433929443,2.269158363342285,2.7589492797851562
2.1626007556915283,2.2681775093078613,2.75787615776062
2.1628756523132324,2.266587495803833,2.757633686065674
2.1628756523132324,2.266587495803833,2.757633686065674
2.1627798080444336,2.2656586170196533,2.7577879428863525
2.161151885986328,2.2671360969543457,2.758760452270508
2.161151885986328,2.2671360969543457,2.758760452270508
2.16084623336792,2.267812728881836,2.7589216232299805
2.1610260009765625,2.2655181884765625,2.7577028274536133
2.1619391441345215,2.264085054397583,2.757031202316284
2.1619391441345215,2.264085054397583,2.757031202316284
2.163085460662842,2.2632672786712646,2.7554450035095215
2.163085460662842,2.2632672786712646,2.7554450035095215
2.163846492767334,2.26237154006958,2.7545554637908936
2.163846492767334,2.26237154006958,2.7545554637908936
2.1630473136901855,2.26263427734375,2.7556939125061035
2.162806510925293,2.2622649669647217,2.7554938793182373
2.162806510925293,2.2622649669647217,2.7554938793182373
2.163987398147583,2.260967969894409,2.7541871070861816
2.163987398147583,2.260967969894409,2.7541871070861816
2.165903091430664,2.260017156600952,2.75234317779541
2.165903091430664,2.260017156600952,2.75234317779541
2.1671247482299805,2.2583670616149902,2.7512714862823486
2.166536569595337,2.2572617530822754,2.7512898445129395
2.166536569595337,2.2572617530822754,2.7512898445129395
2.163863182067871,2.2577104568481445,2.752725124359131
2.163025379180908,2.257741928100586,2.7530159950256348
2.162518262863159,2.25734281539917,2.7532718181610107
2.162518262863159,2.25734281539917,2.7532718181610107
2.1638121604919434,2.2556354999542236,2.7529218196868896
2.1641736030578613,2.254239082336426,2.7524020671844482
2.1641736030578613,2.254239082336426,2.7524020671844482
2.1642518043518066,2.2539477348327637,2.752148151397705
2.1633353233337402,2.2541451454162598,2.7525594234466553
2.1633353233337402,2.2541451454162598,2.7525594234466553
2.163508892059326,2.253382682800293,2.7521135807037354
2.1643552780151367,2.25248384475708,2.751539707183838
2.165065288543701,2.2513372898101807,2.7509686946868896
2.1651833057403564,2.2506251335144043,2.7507095336914062
2.1651833057403564,2.2506251335144043,2.7507095336914062
2.165102481842041,2.2502779960632324,2.7502219676971436
2.1651198863983154,2.2492380142211914,2.7495477199554443
2.1653642654418945,2.248319149017334,2.748997688293457
2.1656410694122314,2.248345136642456,2.748528242111206
2.165464401245117,2.248624324798584,2.7481887340545654
2.165464401245117,2.248624324798584,2.7481887340545654
2.1649961471557617,2.248650074005127,2.748638868331909
2.1640677452087402,2.248096466064453,2.748779058456421
2.162844181060791,2.248488664627075,2.7495017051696777
2.162844181060791,2.248488664627075,2.7495017051696777
2.160687208175659,2.2491295337677,2.7509348392486572
2.160687208175659,2.2491295337677,2.7509348392486572
2.160529851913452,2.2487175464630127,2.7510318756103516
2.1604108810424805,2.247969150543213,2.75093936920166
2.1603760719299316,2.2478580474853516,2.7510969638824463
2.1599855422973633,2.24831485748291,2.7510366439819336
2.1599855422973633,2.24831485748291,2.7510366439819336
2.1590731143951416,2.248364210128784,2.7511487007141113
2.1590535640716553,2.2480592727661133,2.75091552734375
2.158478021621704,2.246950149536133,2.7511439323425293
2.157402515411377,2.247565746307373,2.751866102218628
2.157402515411377,2.247565746307373,2.751866102218628
2.157402515411377,2.247565746307373,2.751866102218628
2.158179759979248,2.2465803623199463,2.7510244846343994
2.15781831741333,2.2465288639068604,2.7514522075653076
2.1567935943603516,2.24741530418396,2.752018451690674
2.1566717624664307,2.2479028701782227,2.7520551681518555
2.1566717624664307,2.2479028701782227,2.7520551681518555
2.1570749282836914,2.2464511394500732,2.7504284381866455
2.1570749282836914,2.2464511394500732,2.7504284381866455
2.156301498413086,2.246134042739868,2.7504115104675293
2.156301498413086,2.246134042739868,2.7504115104675293
2.155430316925049,2.2442433834075928,2.7505462169647217
2.155430316925049,2.2442433834075928,2.7505462169647217
2.154223918914795,2.243582248687744,2.751171350479126
2.1544573307037354,2.243396759033203,2.7513222694396973
2.155292272567749,2.2425074577331543,2.7506861686706543
2.156099557876587,2.2427818775177,2.750437021255493
2.156099557876587,2.2427818775177,2.750437021255493
2.157061815261841,2.2420432567596436,2.749664783477783
2.157061815261841,2.2420432567596436,2.749664783477783
2.1580984592437744,2.242737054824829,2.7492713928222656
2.158536195755005,2.241727113723755,2.7491044998168945
2.159709930419922,2.2398364543914795,2.7481091022491455
2.159709930419922,2.2398364543914795,2.7481091022491455
2.1601617336273193,2.2414557933807373,2.748028039932251
2.1601617336273193,2.2414557933807373,2.748028039932251
2.16060733795166,2.2407467365264893,2.747331142425537
2.16060733795166,2.2407467365264893,2.747331142425537
2.1594460010528564,2.239781618118286,2.7477917671203613
2.158942461013794,2.2398886680603027,2.7481906414031982
2.158942461013794,2.2398886680603027,2.7481906414031982
2.1593313217163086,2.2389917373657227,2.7476677894592285
2.1598901748657227,2.238621711730957,2.7472331523895264
2.1598901748657227,2.238621711730957,2.7472331523895264
2.15999436378479,2.237591028213501,2.746722936630249
2.15999436378479,2.237591028213501,2.746722936630249
2.1606862545013428,2.2352993488311768,2.745344877243042
2.1604392528533936,2.2348341941833496,2.745313882827759
2.160404682159424,2.235234498977661,2.7451348304748535
2.1602132320404053,2.2349350452423096,2.7449376583099365
2.1602132320404053,2.2349350452423096,2.7449376583099365
2.1618499755859375,2.2332961559295654,2.7441370487213135
2.162330389022827,2.232969045639038,2.744027614593506
2.162569999694824,2.2335269451141357,2.744112014770508
2.1639199256896973,2.232327699661255,2.742753028869629
2.1639199256896973,2.232327699661255,2.742753028869629
2.1643028259277344,2.23062801361084,2.742236852645874
2.1643028259277344,2.23062801361084,2.742236852645874
2.1665141582489014,2.2293074131011963,2.7406461238861084
2.1674232482910156,2.2291042804718018,2.739506244659424
2.1673264503479004,2.228240728378296,2.7388291358947754
2.1667656898498535,2.22731351852417,2.7387304306030273
2.1667656898498535,2.22731351852417,2.7387304306030273
2.1661086082458496,2.2276368141174316,2.738992691040039
2.1652495861053467,2.2274537086486816,2.738751173019409
2.1652495861053467,2.2274537086486816,2.738751173019409
2.1634037494659424,2.226058006286621,2.7390100955963135
2.1626040935516357,2.22572660446167,2.739974021911621
2.162313222885132,2.225311756134033,2.739595413208008
2.16202974319458,2.224794864654541,2.7398741245269775
2.1623411178588867,2.2253952026367188,2.739856719970703
2.1623411178588867,2.2253952026367188,2.739856719970703
2.161485433578491,2.2257838249206543,2.740475654602051
2.1612484455108643,2.2237274646759033,2.7396080493927
2.1609389781951904,2.223893880844116,2.7400543689727783
2.1609389781951904,2.223893880844116,2.7400543689727783
2.159428834915161,2.223188638687134,2.7407758235931396
2.1588308811187744,2.223994731903076,2.741361618041992
2.1590287685394287,2.223642110824585,2.7409610748291016
2.1590287685394287,2.223642110824585,2.7409610748291016
2.15999698638916,2.222601890563965,2.739398717880249
2.15999698638916,2.222601890563965,2.739398717880249
2.1607744693756104,2.2239465713500977,2.738332986831665
2.160545587539673,2.2227628231048584,2.7380998134613037
2.160545587539673,2.2227628231048584,2.7380998134613037
2.159810781478882,2.2205052375793457,2.738267660140991
2.159810781478882,2.2205052375793457,2.738267660140991
2.1588215827941895,2.221900224685669,2.738647699356079
2.1588215827941895,2.221900224685669,2.738647699356079
2.159442901611328,2.2206623554229736,2.7380104064941406
2.1598806381225586,2.218859910964966,2.7375380992889404
2.159639835357666,2.2193126678466797,2.737881660461426
2.159639835357666,2.2193126678466797,2.737881660461426
2.1611459255218506,2.218226671218872,2.735672950744629
2.1606123447418213,2.217559576034546,2.735732316970825
2.1603317260742188,2.2180118560791016,2.7361879348754883
2.161750316619873,2.216963291168213,2.7350921630859375
2.161750316619873,2.216963291168213,2.7350921630859375
2.1630899906158447,2.216181993484497,2.7343485355377197
2.1630899906158447,2.216181993484497,2.7343485355377197
2.1646690368652344,2.2163503170013428,2.733319044113159
2.1652991771698,2.216280221939087,2.732640027999878
2.166045904159546,2.215763807296753,2.7319936752319336
2.1660101413726807,2.2146174907684326,2.7317683696746826
2.1660101413726807,2.2146174907684326,2.7317683696746826
2.165806531906128,2.214317798614502,2.732238531112671
2.165806531906128,2.214317798614502,2.732238531112671
2.1663143634796143,2.2129976749420166,2.7312381267547607
2.1664464473724365,2.212660789489746,2.730759620666504
2.1672842502593994,2.2115156650543213,2.729722738265991
2.1683850288391113,2.2103524208068848,2.7290773391723633
2.1683850288391113,2.2103524208068848,2.7290773391723633
2.1694748401641846,2.2094850540161133,2.728250026702881
2.170583486557007,2.208900213241577,2.7273166179656982
2.1723639965057373,2.20902681350708,2.7259581089019775
2.1727395057678223,2.208045721054077,2.725288152694702
2.1727395057678223,2.208045721054077,2.725288152694702
2.1714227199554443,2.20628023147583,2.725109100341797
2.1714227199554443,2.20628023147583,2.725109100341797
2.1714227199554443,2.20628023147583,2.725109100341797
2.1714518070220947,2.206244707107544,2.7246973514556885
2.1715736389160156,2.205725908279419,2.7238640785217285
2.1704437732696533,2.2053120136260986,2.724029541015625
2.170732021331787,2.204312562942505,2.7236990928649902
2.170893430709839,2.2037174701690674,2.723494291305542
2.170893430709839,2.2037174701690674,2.723494291305542
2.1702404022216797,2.2037863731384277,2.7237086296081543
2.1702404022216797,2.2037863731384277,2.7237086296081543
2.1695430278778076,2.2045388221740723,2.7244009971618652
2.168574094772339,2.2047526836395264,2.7246944904327393
2.168574094772339,2.2047526836395264,2.7246944904327393
2.1682772636413574,2.202336072921753,2.7244579792022705
2.168935775756836,2.201885223388672,2.724277973175049
2.168935775756836,2.201885223388672,2.724277973175049
2.170994997024536,2.200577735900879,2.722463846206665
2.1725172996520996,2.200788736343384,2.7215020656585693
2.1724462509155273,2.2002756595611572,2.7211732864379883
2.1715586185455322,2.1993093490600586,2.7219254970550537
2.1715586185455322,2.1993093490600586,2.7219254970550537
2.1716842651367188,2.198117256164551,2.722003936767578
2.1720621585845947,2.198328733444214,2.721790313720703
2.1727123260498047,2.1982669830322266,2.721212863922119
2.1720588207244873,2.198347330093384,2.721484661102295
2.1719744205474854,2.1973679065704346,2.721412181854248
2.1719744205474854,2.1973679065704346,2.721412181854248
2.1708433628082275,2.196415662765503,2.7219274044036865
2.169363498687744,2.1965980529785156,2.722682476043701
2.1696903705596924,2.1971569061279297,2.7223312854766846
2.1694157123565674,2.1961581707000732,2.7219815254211426
2.1694157123565674,2.1961581707000732,2.7219815254211426
2.168959379196167,2.19354248046875,2.721609592437744
2.168959379196167,2.19354248046875,2.721609592437744
2.1669235229492188,2.1950337886810303,2.722909688949585
2.1657140254974365,2.195558786392212,2.723358154296875
2.1656954288482666,2.1952414512634277,2.7231175899505615
2.1660923957824707,2.1948623657226562,2.7227237224578857
2.1660923957824707,2.1948623657226562,2.7227237224578857
2.165741205215454,2.1952292919158936,2.723116874694824
2.1659321784973145,2.1950011253356934,2.722958564758301
2.165724039077759,2.1943111419677734,2.7229082584381104
2.1642773151397705,2.194711208343506,2.723747968673706
2.1642773151397705,2.194711208343506,2.723747968673706
2.163081169128418,2.1951818466186523,2.724135637283325
2.162680149078369,2.1953232288360596,2.724536180496216
2.16245436668396,2.194185256958008,2.7244181632995605
2.16245436668396,2.194185256958008,2.7244181632995605
2.1637866497039795,2.195058822631836,2.723296880722046
2.1642847061157227,2.1952641010284424,2.7228615283966064
2.1642847061157227,2.1952641010284424,2.7228615283966064
2.1641054153442383,2.1940979957580566,2.7226810455322266
2.1640148162841797,2.1934213638305664,2.7230327129364014
2.163076162338257,2.192420721054077,2.723729133605957
2.1626362800598145,2.1920955181121826,2.7237322330474854
2.1628501415252686,2.192089557647705,2.7233593463897705
2.1628501415252686,2.192089557647705,2.7233593463897705
2.163069725036621,2.1930923461914062,2.7229766845703125
2.162639856338501,2.193425416946411,2.7237131595611572
2.162839651107788,2.1929383277893066,2.7231011390686035
2.163102388381958,2.1915249824523926,2.722853899002075
2.163102388381958,2.1915249824523926,2.722853899002075
2.1640801429748535,2.191939353942871,2.722484588623047
2.1651015281677246,2.191709041595459,2.7217600345611572
2.1659274101257324,2.1912388801574707,2.720621109008789
2.1664631366729736,2.1891424655914307,2.7200915813446045
2.166187047958374,2.188730239868164,2.719773054122925
2.166187047958374,2.188730239868164,2.719773054122925
2.1656835079193115,2.1884076595306396,2.7198383808135986
2.166344165802002,2.1886463165283203,2.7191355228424072
2.167470932006836,2.188544511795044,2.7183523178100586
2.167534589767456,2.187256097793579,2.7183194160461426
2.167534589767456,2.187256097793579,2.7183194160461426
2.166621685028076,2.186469554901123,2.719062566757202
2.166898488998413,2.187610387802124,2.7192435264587402
2.168243646621704,2.187541961669922,2.7182044982910156
2.169297695159912,2.187549114227295,2.717672348022461
2.169297695159912,2.187549114227295,2.717672348022461
2.1697521209716797,2.187631368637085,2.7174949645996094
2.1697521209716797,2.187631368637085,2.7174949645996094
2.1702466011047363,2.1869094371795654,2.7172579765319824
2.170048236846924,2.187126398086548,2.717329978942871
2.1690750122070312,2.1865792274475098,2.7171504497528076
2.1690592765808105,2.1849989891052246,2.714627981185913
2.1690592765808105,2.1849989891052246,2.714627981185913
2.169340133666992,2.184530019760132,2.713993787765503
2.1697144508361816,2.1845436096191406,2.7139170169830322
2.169602870941162,2.184368848800659,2.7135655879974365
2.1700291633605957,2.1847238540649414,2.7130939960479736
2.1700291633605957,2.1847238540649414,2.7130939960479736
2.1699459552764893,2.1843833923339844,2.713155508041382
2.1699459552764893,2.1843833923339844,2.713155508041382
2.1691815853118896,2.1838276386260986,2.713615894317627
2.16855525970459,2.183682680130005,2.7142012119293213
2.1686744689941406,2.183011054992676,2.7138454914093018
2.1690783500671387,2.1824190616607666,2.713404655456543
2.1690783500671387,2.1824190616607666,2.713404655456543
2.1686034202575684,2.182588815689087,2.7135279178619385
2.1685211658477783,2.181962490081787,2.7135345935821533
2.1685516834259033,2.180894136428833,2.713456153869629
2.168031930923462,2.1802968978881836,2.7136247158050537
2.168031930923462,2.1802968978881836,2.7136247158050537
2.16829776763916,2.181394577026367,2.7137842178344727
2.1686737537384033,2.1823370456695557,2.713549852371216
2.1691622734069824,2.1818201541900635,2.7132463455200195
2.1691884994506836,2.1809799671173096,2.713426113128662
2.1691884994506836,2.1809799671173096,2.713426113128662
2.1680562496185303,2.1810474395751953,2.7141568660736084
2.167646884918213,2.1810569763183594,2.7138893604278564
2.167646884918213,2.1810569763183594,2.7138893604278564
2.1656527519226074,2.180896043777466,2.7142856121063232
2.1642019748687744,2.1803245544433594,2.715116024017334
2.163538932800293,2.1800930500030518,2.7155861854553223
2.163966417312622,2.1798484325408936,2.7152438163757324
2.1638643741607666,2.1796956062316895,2.714681386947632
2.1643638610839844,2.1801395416259766,2.714132785797119
2.1631109714508057,2.180105209350586,2.7146568298339844
2.1631109714508057,2.180105209350586,2.7146568298339844
2.1625585556030273,2.1799488067626953,2.7147653102874756
2.1617889404296875,2.1798555850982666,2.7152087688446045
2.1607894897460938,2.1803131103515625,2.715705394744873
2.161252975463867,2.1807236671447754,2.715399980545044
2.161547899246216,2.1806039810180664,2.7148711681365967
2.161547899246216,2.1806039810180664,2.7148711681365967
2.1620023250579834,2.1800591945648193,2.714148998260498
2.1620023250579834,2.1800591945648193,2.714148998260498
2.162158250808716,2.180209159851074,2.714088201522827
2.1628201007843018,2.180079936981201,2.7139458656311035
2.1628618240356445,2.179976463317871,2.7140398025512695
2.1632704734802246,2.1791584491729736,2.713386297225952
2.1632704734802246,2.1791584491729736,2.713386297225952
2.1632704734802246,2.1791584491729736,2.713386297225952
2.1632332801818848,2.1784660816192627,2.714101552963257
2.163529634475708,2.178086042404175,2.713975191116333
2.1639108657836914,2.177744150161743,2.713724136352539
2.1654610633850098,2.177945375442505,2.7130274772644043
2.1654610633850098,2.177945375442505,2.7130274772644043
2.1660635471343994,2.1781818866729736,2.712676525115967
2.166496992111206,2.1767892837524414,2.712397336959839
2.1662864685058594,2.1760456562042236,2.7128052711486816
2.166076421737671,2.1767101287841797,2.713374614715576
2.166076421737671,2.1767101287841797,2.713374614715576
2.1669487953186035,2.1766843795776367,2.712817907333374
2.1689300537109375,2.1752405166625977,2.7110800743103027
2.1695327758789062,2.1747477054595947,2.710678815841675
2.1688997745513916,2.1746842861175537,2.71120548248291
2.1688997745513916,2.1746842861175537,2.71120548248291
2.16831111907959,2.17452335357666,2.711191177368164
2.1682279109954834,2.173830032348633,2.7109549045562744
2.168163776397705,2.1731884479522705,2.71049165725708
2.168229579925537,2.1733298301696777,2.710570812225342
2.1693451404571533,2.172898530960083,2.7098395824432373
2.1693451404571533,2.172898530960083,2.7098395824432373
2.1704392433166504,2.171578884124756,2.708561658859253
2.1704955101013184,2.1712005138397217,2.7084360122680664
2.170628070831299,2.170846939086914,2.708308219909668
2.1711575984954834,2.1703643798828125,2.7074458599090576
2.1711575984954834,2.1703643798828125,2.7074458599090576
2.1718497276306152,2.170356512069702,2.706688642501831
2.1713311672210693,2.1692252159118652,2.7064297199249268
2.1708621978759766,2.1688811779022217,2.7066125869750977
2.1715219020843506,2.168193817138672,2.7066266536712646
2.1715219020843506,2.168193817138672,2.7066266536712646
2.172830581665039,2.1666486263275146,2.70519757270813
2.173624277114868,2.1671433448791504,2.7048397064208984
2.173516273498535,2.166571855545044,2.704566717147827
2.173352003097534,2.166158437728882,2.7044577598571777
2.173352003097534,2.166158437728882,2.7044577598571777
2.1725800037384033,2.165524959564209,2.704442024230957
2.1725800037384033,2.165524959564209,2.704442024230957
2.1719868183135986,2.1645402908325195,2.7037572860717773
2.172166109085083,2.164188861846924,2.703261375427246
2.172266960144043,2.163745164871216,2.7030112743377686
2.171527624130249,2.162613868713379,2.702834367752075
2.1708831787109375,2.163606882095337,2.7037250995635986
2.170257568359375,2.163747787475586,2.7039310932159424
2.170257568359375,2.163747787475586,2.7039310932159424
2.1701576709747314,2.161872148513794,2.7038803100585938
2.1689658164978027,2.1611433029174805,2.704514503479004
2.167863368988037,2.161320924758911,2.7057290077209473
2.1667118072509766,2.1606054306030273,2.706190347671509
2.1662609577178955,2.1591310501098633,2.705953359603882
2.1662776470184326,2.1584553718566895,2.705961227416992
2.1659724712371826,2.158306837081909,2.7062737941741943
2.1659724712371826,2.158306837081909,2.7062737941741943
2.166505813598633,2.1569900512695312,2.7057247161865234
2.1664671897888184,2.1556131839752197,2.7058448791503906
2.1660497188568115,2.1554112434387207,2.7063305377960205
2.1656229496002197,2.157040596008301,2.7069997787475586
2.1656229496002197,2.157040596008301,2.7069997787475586
2.1650924682617188,2.156076431274414,2.7066543102264404
2.165093421936035,2.1545283794403076,2.7063138484954834
2.1650195121765137,2.153265953063965,2.7061352729797363
2.1648643016815186,2.1526191234588623,2.706162214279175
2.1648643016815186,2.1526191234588623,2.706162214279175
2.1646673679351807,2.152372360229492,2.7060165405273438
2.164217710494995,2.152726411819458,2.7062113285064697
2.1629693508148193,2.1533894538879395,2.707030773162842
2.162339687347412,2.1540780067443848,2.7077395915985107
2.1622748374938965,2.152871608734131,2.707298994064331
2.1622979640960693,2.150437355041504,2.706524133682251
2.1633734703063965,2.151439666748047,2.7066445350646973
2.1633734703063965,2.151439666748047,2.7066445350646973
2.1642627716064453,2.1518054008483887,2.706467628479004
2.164877414703369,2.1531667709350586,2.706543445587158
2.1646573543548584,2.153308629989624,2.70658540725708
2.1646995544433594,2.1527905464172363,2.706925392150879
2.1646995544433594,2.1527905464172363,2.706925392150879
2.1648781299591064,2.1513872146606445,2.706639528274536
2.1663057804107666,2.150649309158325,2.7053024768829346
2.1675798892974854,2.1505484580993652,2.7044272422790527
2.168144702911377,2.151120662689209,2.7044124603271484
2.168144702911377,2.151120662689209,2.7044124603271484
2.168846368789673,2.15047550201416,2.703876495361328
2.1689462661743164,2.1489245891571045,2.7035489082336426
2.1684136390686035,2.1485116481781006,2.703580856323242
2.1686346530914307,2.1502537727355957,2.703660726547241
2.169762372970581,2.1508119106292725,2.702983856201172
2.169762372970581,2.1508119106292725,2.702983856201172
2.169954538345337,2.149571657180786,2.7023203372955322
2.169739007949829,2.1491127014160156,2.702390193939209
2.1688072681427,2.1492743492126465,2.702929735183716
2.168837308883667,2.1496405601501465,2.7033560276031494
2.168837308883667,2.1496405601501465,2.7033560276031494
2.169438123703003,2.1485912799835205,2.7028491497039795
2.169921398162842,2.147387742996216,2.7021570205688477
2.170463800430298,2.1477766036987305,2.702214479446411
2.1702687740325928,2.146824836730957,2.7018423080444336
2.170513868331909,2.147172212600708,2.70168399810791
2.170513868331909,2.147172212600708,2.70168399810791
2.1698431968688965,2.1462149620056152,2.701542854309082
2.1688826084136963,2.145897388458252,2.7019243240356445
2.1686813831329346,2.1456313133239746,2.7021708488464355
2.168565273284912,2.1445865631103516,2.701669454574585
2.1689867973327637,2.144782781600952,2.701970100402832
2.1689867973327637,2.144782781600952,2.701970100402832
2.168496608734131,2.1446692943573,2.7023823261260986
2.1686999797821045,2.1445789337158203,2.7021429538726807
2.169259786605835,2.1442010402679443,2.7015268802642822
2.169252634048462,2.144325017929077,2.7014660835266113
2.1682159900665283,2.144591808319092,2.7022993564605713
2.167635917663574,2.1429576873779297,2.7023892402648926
2.167893886566162,2.141453266143799,2.7019715309143066
2.167893886566162,2.141453266143799,2.7019715309143066
2.1679861545562744,2.14140248298645,2.7019827365875244
2.167625665664673,2.141338348388672,2.701662063598633
2.1679728031158447,2.141845464706421,2.7011964321136475
2.168123483657837,2.1413538455963135,2.7009992599487305
2.1673319339752197,2.1404478549957275,2.70110821723938
2.1664302349090576,2.1408777236938477,2.701648473739624
2.1664302349090576,2.1408777236938477,2.701648473739624
2.1663215160369873,2.1401679515838623,2.701143503189087
2.1682586669921875,2.140089511871338,2.70028018951416
2.1698944568634033,2.138620138168335,2.6985301971435547
2.169647455215454,2.139523983001709,2.6987593173980713
2.169182538986206,2.137885570526123,2.699031352996826
2.169081687927246,2.1368112564086914,2.6988279819488525
2.1679794788360596,2.136035680770874,2.699449062347412
2.1679794788360596,2.136035680770874,2.699449062347412
2.1668784618377686,2.136164665222168,2.6998443603515625
2.1665756702423096,2.1364917755126953,2.69978666305542
2.1676108837127686,2.134887456893921,2.6987597942352295
2.168611764907837,2.133775472640991,2.698040723800659
2.1696648597717285,2.133744716644287,2.6979055404663086
2.1696648597717285,2.133744716644287,2.6979055404663086
2.1704773902893066,2.1334993839263916,2.6972815990448
2.171100616455078,2.133094310760498,2.6971044540405273
2.16988205909729,2.1326370239257812,2.6981496810913086
2.1690685749053955,2.1316404342651367,2.6984381675720215
2.1690685749053955,2.1316404342651367,2.6984381675720215
2.1697168350219727,2.1307880878448486,2.698147773742676
2.1705448627471924,2.130624532699585,2.6974825859069824
2.1714859008789062,2.130694627761841,2.696974039077759
2.1717214584350586,2.12939453125,2.696559429168701
2.1726348400115967,2.128483295440674,2.6955747604370117
2.1728010177612305,2.1286303997039795,2.6953842639923096
2.1714510917663574,2.1301047801971436,2.6961050033569336
2.1703989505767822,2.129277467727661,2.6961007118225098
2.1703989505767822,2.129277467727661,2.6961007118225098
2.170621871948242,2.127161979675293,2.6954710483551025
2.171841859817505,2.1270766258239746,2.69490122795105
2.1730947494506836,2.12814998626709,2.6937053203582764
2.1737380027770996,2.128333568572998,2.692896604537964
2.173168420791626,2.126711130142212,2.6928648948669434
2.1732144355773926,2.1266181468963623,2.6933014392852783
2.1732144355773926,2.1266181468963623,2.6933014392852783
2.1720261573791504,2.1269962787628174,2.694086790084839
2.172243118286133,2.1276748180389404,2.6940102577209473
2.172966718673706,2.127721071243286,2.693575143814087
2.173725128173828,2.127209186553955,2.6934304237365723
2.173356533050537,2.1261661052703857,2.693375825881958
2.173356533050537,2.1261661052703857,2.693375825881958
2.1729893684387207,2.126739978790283,2.694180965423584
2.17389178276062,2.1263558864593506,2.6937525272369385
2.174882650375366,2.1265599727630615,2.6932361125946045
2.17494535446167,2.127784252166748,2.6934778690338135
2.1750805377960205,2.126243829727173,2.6928393840789795
2.1751363277435303,2.1245851516723633,2.6925220489501953
2.1751363277435303,2.1245851516723633,2.6925220489501953
2.17431902885437,2.123504877090454,2.6924219131469727
2.1738157272338867,2.1239256858825684,2.6926491260528564
2.1749634742736816,2.1252877712249756,2.6921794414520264
2.175523281097412,2.1257166862487793,2.6915905475616455
2.1758062839508057,2.124864339828491,2.6912996768951416
2.1758062839508057,2.124864339828491,2.6912996768951416
2.175217628479004,2.1243953704833984,2.691627025604248
2.1751506328582764,2.1239287853240967,2.6911556720733643
2.174816131591797,2.1236822605133057,2.690990924835205
2.173807382583618,2.1236324310302734,2.6910347938537598
2.173247814178467,2.124175786972046,2.6916375160217285
2.173247814178467,2.124175786972046,2.6916375160217285
2.173295736312866,2.1232974529266357,2.6911048889160156
2.173680067062378,2.123201847076416,2.6911816596984863
2.1739447116851807,2.1240906715393066,2.691105365753174
2.173640012741089,2.1253726482391357,2.6914587020874023
2.1737148761749268,2.126203775405884,2.6916143894195557
2.1730470657348633,2.1253106594085693,2.691774845123291
2.1730470657348633,2.1253106594085693,2.691774845123291
2.171781063079834,2.1249828338623047,2.6927382946014404
2.171781063079834,2.1249828338623047,2.6927382946014404
2.1714041233062744,2.1255714893341064,2.6927273273468018
2.171835422515869,2.125150203704834,2.6922261714935303
2.1724720001220703,2.124476432800293,2.6917965412139893
2.1719067096710205,2.124469757080078,2.6926896572113037
2.1714890003204346,2.1241512298583984,2.6926651000976562
2.171128273010254,2.12398624420166,2.6928205490112305
2.170560359954834,2.1236016750335693,2.6932332515716553
2.170175075531006,2.1238763332366943,2.6940765380859375
2.170175075531006,2.1238763332366943,2.6940765380859375
2.1707165241241455,2.1215834617614746,2.693209409713745
2.17175030708313,2.1219611167907715,2.693086624145508
2.1733269691467285,2.121051073074341,2.692009687423706
2.1733269691467285,2.121051073074341,2.692009687423706
2.1746578216552734,2.1210720539093018,2.6908681392669678
2.173046588897705,2.1221790313720703,2.691758155822754
2.169560194015503,2.122530698776245,2.6939079761505127
2.1655077934265137,2.123732566833496,2.6958541870117188
2.164205312728882,2.1245336532592773,2.696505069732666
2.164205312728882,2.1245336532592773,2.696505069732666
2.1646323204040527,2.1246237754821777,2.6966910362243652
2.1655569076538086,2.1239635944366455,2.6958537101745605
2.1659770011901855,2.125662088394165,2.696563482284546
2.164882183074951,2.1258504390716553,2.6971423625946045
2.164882183074951,2.1258504390716553,2.6971423625946045
2.16447114944458,2.126251220703125,2.697150468826294
2.165203809738159,2.125232696533203,2.696410655975342
2.165802001953125,2.1252946853637695,2.695690631866455
2.1668882369995117,2.125354290008545,2.694951295852661
2.16685152053833,2.1246016025543213,2.6941773891448975
2.16685152053833,2.1246016025543213,2.6941773891448975
2.1652297973632812,2.124831438064575,2.6956236362457275
2.1640267372131348,2.1256673336029053,2.6965277194976807
2.162174940109253,2.1263504028320312,2.69724440574646
2.163133144378662,2.1258673667907715,2.6962814331054688
2.1621055603027344,2.1254963874816895,2.697160243988037
2.1621055603027344,2.1254963874816895,2.697160243988037
2.1613383293151855,2.1251041889190674,2.697528839111328
2.1601452827453613,2.1238768100738525,2.6978204250335693
2.1604654788970947,2.122390031814575,2.6975650787353516
2.1599111557006836,2.1211140155792236,2.698012351989746
2.1595873832702637,2.1207849979400635,2.69828462600708
2.1606087684631348,2.119467258453369,2.697148084640503
2.1620728969573975,2.1186697483062744,2.696040630340576
2.1620728969573975,2.1186697483062744,2.696040630340576
2.162557363510132,2.1184070110321045,2.696134567260742
2.163661479949951,2.1185874938964844,2.6949284076690674
2.1637628078460693,2.1173651218414307,2.695348024368286
2.1636741161346436,2.1164519786834717,2.69549298286438
2.1639585494995117,2.1164467334747314,2.6955554485321045
2.1639585494995117,2.1164467334747314,2.6955554485321045
2.162668228149414,2.115987777709961,2.695930242538452
2.1630351543426514,2.1157984733581543,2.6959939002990723
2.1625750064849854,2.115530252456665,2.6965014934539795
2.1613688468933105,2.1146321296691895,2.697244167327881
2.1608800888061523,2.1147918701171875,2.6972224712371826
2.1611013412475586,2.115063428878784,2.696732759475708
2.1614937782287598,2.1140785217285156,2.6963768005371094
2.1607935428619385,2.11419677734375,2.6966426372528076
2.1607935428619385,2.11419677734375,2.6966426372528076
2.1606578826904297,2.114107847213745,2.6967906951904297
2.1608738899230957,2.112841844558716,2.6963346004486084
2.1610329151153564,2.11258864402771,2.6957802772521973
2.1601622104644775,2.113370180130005,2.695930242538452
2.1602470874786377,2.113785982131958,2.696152448654175
2.1606533527374268,2.112733840942383,2.6953351497650146
2.160315990447998,2.1118929386138916,2.695406913757324
2.160315990447998,2.1118929386138916,2.695406913757324
2.159374713897705,2.111830949783325,2.696699380874634
2.159374713897705,2.111830949783325,2.696699380874634
2.1589441299438477,2.111898899078369,2.696518898010254
2.1584670543670654,2.1112847328186035,2.696624279022217
2.1575064659118652,2.110888957977295,2.6971161365509033
2.1566004753112793,2.1113569736480713,2.6980578899383545
2.15740966796875,2.1116786003112793,2.697542190551758
2.15740966796875,2.1116786003112793,2.697542190551758
2.157075881958008,2.112426519393921,2.6977357864379883
2.156069755554199,2.1127400398254395,2.6982686519622803
2.155334711074829,2.1116650104522705,2.6982712745666504
2.155395030975342,2.1100382804870605,2.697622776031494
2.156334638595581,2.110410690307617,2.6972804069519043
2.1561481952667236,2.110841989517212,2.6971123218536377
2.1561481952667236,2.110841989517212,2.6971123218536377
2.1560094356536865,2.1113193035125732,2.6972763538360596
2.156195640563965,2.1102590560913086,2.6969635486602783
2.156022310256958,2.1095035076141357,2.6965484619140625
2.1551437377929688,2.1092417240142822,2.6975436210632324
2.1555426120758057,2.108821153640747,2.6965384483337402
2.1555426120758057,2.108821153640747,2.6965384483337402
2.155806541442871,2.108004093170166,2.6956844329833984
2.1566481590270996,2.106947898864746,2.6944563388824463
2.155360698699951,2.1067748069763184,2.6953256130218506
2.155550241470337,2.107795476913452,2.696371078491211
2.1564548015594482,2.1071016788482666,2.695286512374878
2.1564548015594482,2.1071016788482666,2.695286512374878
2.1573498249053955,2.106318235397339,2.694871664047241
2.157949447631836,2.10585355758667,2.6945250034332275
2.1569111347198486,2.105323314666748,2.6952366828918457
2.156672716140747,2.104783535003662,2.6955864429473877
2.1565849781036377,2.1045982837677,2.696002721786499
2.1565849781036377,2.1045982837677,2.696002721786499
2.155940532684326,2.1049208641052246,2.6961450576782227
2.1563773155212402,2.1048874855041504,2.6957075595855713
2.1575846672058105,2.1044833660125732,2.694807767868042
2.158703565597534,2.104806661605835,2.6941683292388916
2.158703565597534,2.104806661605835,2.6941683292388916
2.1597397327423096,2.105431079864502,2.6940932273864746
2.158980369567871,2.1051604747772217,2.6945347785949707
2.1594126224517822,2.104363441467285,2.6939268112182617
2.15915846824646,2.1028246879577637,2.693535804748535
2.159428596496582,2.1042745113372803,2.6941089630126953
2.15954852104187,2.1062119007110596,2.694103479385376
2.1606080532073975,2.1054182052612305,2.6929378509521484
2.1606080532073975,2.1054182052612305,2.6929378509521484
2.1616737842559814,2.1040897369384766,2.6920316219329834
2.1619815826416016,2.1047708988189697,2.691791296005249
2.1619815826416016,2.1047708988189697,2.691791296005249
2.160471200942993,2.105756998062134,2.692492723464966
2.1597187519073486,2.10500168800354,2.692525625228882
2.160125732421875,2.1034350395202637,2.692525625228882
2.1606974601745605,2.1026175022125244,2.69177508354187
2.1606974601745605,2.1026175022125244,2.69177508354187
2.1616055965423584,2.102114677429199,2.691044569015503
2.1616055965423584,2.102114677429199,2.691044569015503
2.1626932621002197,2.101205825805664,2.6897268295288086
2.1612210273742676,2.099743127822876,2.690186023712158
2.1607275009155273,2.1000053882598877,2.6909077167510986
2.161292791366577,2.099940538406372,2.6904520988464355
2.160593271255493,2.0990772247314453,2.6905179023742676
2.160593271255493,2.0990772247314453,2.6905179023742676
2.1608006954193115,2.09898042678833,2.6904377937316895
2.161377429962158,2.097975969314575,2.689671516418457
2.1624650955200195,2.0967788696289062,2.688383102416992
2.163635492324829,2.096714973449707,2.687922954559326
2.163861036300659,2.0965280532836914,2.68717360496521
2.1634597778320312,2.0942909717559814,2.6861960887908936
2.162158250808716,2.090792655944824,2.684798002243042
2.162158250808716,2.090792655944824,2.684798002243042
2.1709866523742676,2.0909979343414307,2.6805694103240967
2.172546863555908,2.089165687561035,2.678724527359009
2.174286365509033,2.0861423015594482,2.6765875816345215
2.1736340522766113,2.0851025581359863,2.676887273788452
2.172856092453003,2.0851900577545166,2.677198648452759
2.172262191772461,2.0862812995910645,2.677755355834961
2.172262191772461,2.0862812995910645,2.677755355834961
2.17204213142395,2.0873122215270996,2.6776199340820312
2.172112226486206,2.087710380554199,2.677412748336792
2.1710855960845947,2.0861220359802246,2.6771838665008545
2.1698708534240723,2.0848605632781982,2.677522659301758
2.1692869663238525,2.084651470184326,2.6777889728546143
2.169341564178467,2.0841691493988037,2.676980495452881
2.1697070598602295,2.0840389728546143,2.6760599613189697
2.1697070598602295,2.0840389728546143,2.6760599613189697
2.170527935028076,2.084061622619629,2.675154209136963
2.1697232723236084,2.0821709632873535,2.674813985824585
2.168553590774536,2.081407070159912,2.6751043796539307
2.1675896644592285,2.0800652503967285,2.674947738647461
2.1670517921447754,2.0800158977508545,2.6752214431762695
2.168882369995117,2.080582618713379,2.6741089820861816
2.170198678970337,2.079946279525757,2.673828363418579
2.170294761657715,2.0781166553497314,2.6731488704681396
2.170294761657715,2.0781166553497314,2.6731488704681396
2.170325517654419,2.0779430866241455,2.673375129699707
2.170023202896118,2.0763309001922607,2.6728618144989014
2.1701321601867676,2.0765061378479004,2.672828435897827
2.1690375804901123,2.074915885925293,2.6728670597076416
2.1686038970947266,2.0739293098449707,2.673149347305298
2.1695265769958496,2.072284460067749,2.6726229190826416
2.1695940494537354,2.071882724761963,2.672699451446533
2.169511318206787,2.0729827880859375,2.672489643096924
2.169511318206787,2.0729827880859375,2.672489643096924
2.1696972846984863,2.0737082958221436,2.6723594665527344
2.169236660003662,2.073638439178467,2.672671318054199
2.1683380603790283,2.071409225463867,2.673335313796997
2.1667122840881348,2.0709800720214844,2.674211263656616
2.1675243377685547,2.0719542503356934,2.6739346981048584
2.168717384338379,2.0718705654144287,2.673234224319458
2.169351577758789,2.071620225906372,2.6728222370147705
2.169351577758789,2.071620225906372,2.6728222370147705
2.169921875,2.07096529006958,2.6725142002105713
2.1692371368408203,2.0701937675476074,2.672825574874878
2.1697628498077393,2.069624185562134,2.671841859817505
2.1699273586273193,2.069535732269287,2.6718204021453857
2.1699111461639404,2.0690040588378906,2.671567916870117
2.170196056365967,2.068647861480713,2.6711232662200928
2.1693692207336426,2.0677199363708496,2.671842575073242
2.170011281967163,2.0669052600860596,2.670974016189575
2.170011281967163,2.0669052600860596,2.670974016189575
2.171750068664551,2.0669963359832764,2.6701128482818604
2.172485589981079,2.0669801235198975,2.669196367263794
2.172374725341797,2.0660908222198486,2.668933391571045
2.172072649002075,2.064009428024292,2.6683976650238037
2.171898365020752,2.0641181468963623,2.6697378158569336
2.171168088912964,2.064182996749878,2.670186758041382
2.172865390777588,2.0649263858795166,2.6699273586273193
2.1743850708007812,2.064404010772705,2.668724536895752
2.175593137741089,2.064570426940918,2.6684141159057617
2.175593137741089,2.064570426940918,2.6684141159057617
2.177039861679077,2.0650265216827393,2.667973756790161
2.1746580600738525,2.064366340637207,2.6684579849243164
2.1730921268463135,2.063048839569092,2.66861629486084
2.1726505756378174,2.0618185997009277,2.668154239654541
2.1722500324249268,2.061753034591675,2.668149948120117
2.173064708709717,2.061873435974121,2.667313814163208
2.173064708709717,2.061873435974121,2.667313814163208
2.173140048980713,2.0618114471435547,2.6672523021698
2.174323081970215,2.0614118576049805,2.666468620300293
2.174485921859741,2.0603246688842773,2.665875196456909
2.173633098602295,2.0595879554748535,2.6660068035125732
2.172337770462036,2.058572769165039,2.666900396347046
2.1722381114959717,2.0570645332336426,2.6669681072235107
2.1722381114959717,2.0570645332336426,2.6669681072235107
2.172471046447754,2.055588960647583,2.6672377586364746
2.1717782020568848,2.054234027862549,2.6672401428222656
2.172381639480591,2.0532360076904297,2.6666131019592285
2.172367572784424,2.053806781768799,2.6664505004882812
2.17266845703125,2.053229331970215,2.6659393310546875
2.1719729900360107,2.055133819580078,2.666471004486084
2.1719729900360107,2.055133819580078,2.666471004486084
2.1707956790924072,2.05336332321167,2.6665408611297607
2.1701934337615967,2.053215265274048,2.666783332824707
2.1688120365142822,2.0529849529266357,2.667332172393799
2.1691298484802246,2.053222417831421,2.6667346954345703
2.168471336364746,2.0527641773223877,2.666807174682617
2.1694672107696533,2.052234172821045,2.666032075881958
2.1690523624420166,2.052097797393799,2.6666951179504395
2.1676297187805176,2.052539348602295,2.6675384044647217
2.1676297187805176,2.052539348602295,2.6675384044647217
2.167328357696533,2.050999164581299,2.6676599979400635
2.1669044494628906,2.0494132041931152,2.66748309135437
2.166907787322998,2.0495641231536865,2.6675350666046143
2.1666409969329834,2.050386667251587,2.667891025543213
2.168083429336548,2.051006317138672,2.6672823429107666
2.1689329147338867,2.0506515502929688,2.66692852973938
2.1695661544799805,2.0498270988464355,2.6667983531951904
2.16919207572937,2.0497632026672363,2.6671671867370605
2.169184684753418,2.04894757270813,2.666802406311035
2.169184684753418,2.04894757270813,2.666802406311035
2.1688997745513916,2.04736328125,2.666433572769165
2.1683874130249023,2.0472748279571533,2.6666853427886963
2.1683874130249023,2.0472748279571533,2.6666853427886963
2.169717788696289,2.0470917224884033,2.665539264678955
2.1725080013275146,2.0455162525177,2.6636173725128174
2.174332857131958,2.044499397277832,2.6618552207946777
2.1744587421417236,2.044464588165283,2.661511182785034
2.1741907596588135,2.044670820236206,2.6619460582733154
2.1738698482513428,2.043189287185669,2.661418914794922
2.172816038131714,2.042095899581909,2.662043571472168
2.1725637912750244,2.043877601623535,2.6625254154205322
2.1725637912750244,2.043877601623535,2.6625254154205322
2.173069477081299,2.045448064804077,2.6623053550720215
2.174816131591797,2.0438928604125977,2.661444664001465
2.175718069076538,2.0429742336273193,2.66139554977417
2.1733908653259277,2.042386293411255,2.662285327911377
2.1732964515686035,2.042529344558716,2.6625008583068848
2.172067642211914,2.0420947074890137,2.6626393795013428
2.172455310821533,2.0410590171813965,2.661776065826416
2.172560691833496,2.0408995151519775,2.661273241043091
2.172560691833496,2.0408995151519775,2.661273241043091
2.172567129135132,2.0396580696105957,2.6610116958618164
2.174680471420288,2.040192127227783,2.660510540008545
2.1758062839508057,2.0405354499816895,2.659423828125
2.1754605770111084,2.0428695678710938,2.6608874797821045
2.1746344566345215,2.0418481826782227,2.661029577255249
2.1742260456085205,2.0395312309265137,2.660879135131836
2.174055576324463,2.0391669273376465,2.661268711090088
2.174311399459839,2.041773796081543,2.6619715690612793
2.174311399459839,2.041773796081543,2.6619715690612793
2.175398349761963,2.0415279865264893,2.66109561920166
2.175110101699829,2.039409637451172,2.660667657852173
2.1735470294952393,2.038217782974243,2.6610772609710693
2.1735470294952393,2.038217782974243,2.6610772609710693
2.1724462509155273,2.0374648571014404,2.661339044570923
2.1713593006134033,2.036728858947754,2.6613285541534424
2.1707427501678467,2.0362377166748047,2.6615912914276123
2.169297218322754,2.036635160446167,2.6622798442840576
2.1699812412261963,2.0360159873962402,2.66117262840271
2.170884132385254,2.035553216934204,2.6598424911499023
2.1715853214263916,2.035154342651367,2.659851312637329
2.170445203781128,2.0379083156585693,2.66074538230896
2.170445203781128,2.0379083156585693,2.66074538230896
2.1696510314941406,2.0375044345855713,2.6616156101226807
2.1688036918640137,2.036229372024536,2.660792350769043
2.168922185897827,2.0359933376312256,2.661264181137085
2.1685068607330322,2.0348799228668213,2.6612257957458496
2.1687986850738525,2.035835027694702,2.661656379699707
2.169995069503784,2.037285327911377,2.660947322845459
2.169715404510498,2.036550283432007,2.661503553390503
2.169398069381714,2.035640239715576,2.6612956523895264
2.169398069381714,2.035640239715576,2.6612956523895264
2.169219493865967,2.034776210784912,2.661001443862915
2.1693029403686523,2.0339343547821045,2.660773277282715
2.1690285205841064,2.033998489379883,2.660837173461914
2.169689893722534,2.033930540084839,2.6605467796325684
2.1705799102783203,2.033168077468872,2.6603353023529053
2.1717193126678467,2.033937931060791,2.660168409347534
2.1717193126678467,2.033937931060791,2.660168409347534
2.169029951095581,2.0349323749542236,2.6605498790740967
2.1686317920684814,2.0343518257141113,2.6606242656707764
2.1685965061187744,2.032902479171753,2.6606812477111816
2.168395757675171,2.0323097705841064,2.660602331161499
2.1683406829833984,2.0316977500915527,2.6605756282806396
2.1706714630126953,2.0316219329833984,2.658963441848755
2.1706714630126953,2.0316219329833984,2.658963441848755
2.171752691268921,2.031611919403076,2.6582741737365723
2.1732349395751953,2.0302395820617676,2.657219409942627
2.1726856231689453,2.0284650325775146,2.657583236694336
2.1725850105285645,2.0284018516540527,2.657174587249756
2.173865795135498,2.028329372406006,2.656444787979126
2.173830509185791,2.0282628536224365,2.6563236713409424
2.173830509185791,2.0282628536224365,2.6563236713409424
2.1729156970977783,2.028299570083618,2.6570682525634766
2.173982620239258,2.026533365249634,2.6565847396850586
2.17417311668396,2.025564193725586,2.656449317932129
2.17506742477417,2.0257692337036133,2.6557788848876953
2.1751036643981934,2.0260443687438965,2.6556265354156494
2.1751511096954346,2.024616241455078,2.6549315452575684
2.1751511096954346,2.024616241455078,2.6549315452575684
2.174769401550293,2.0230870246887207,2.6545159816741943
2.1743955612182617,2.0234344005584717,2.6550939083099365
2.173361301422119,2.0241029262542725,2.655848741531372
2.1727967262268066,2.024217367172241,2.655764102935791
2.1731464862823486,2.023763656616211,2.655176877975464
2.173708915710449,2.022700309753418,2.654684066772461
2.173708915710449,2.022700309753418,2.654684066772461
2.1735076904296875,2.0234413146972656,2.6552343368530273
2.1742115020751953,2.0247397422790527,2.655271530151367
2.174546003341675,2.023134231567383,2.6543221473693848
2.1748721599578857,2.0210721492767334,2.653799057006836
2.1739890575408936,2.0215766429901123,2.6543781757354736
2.1739392280578613,2.0217928886413574,2.6535773277282715
2.1740102767944336,2.0221731662750244,2.6535024642944336
2.1745526790618896,2.021902322769165,2.6526827812194824
2.173339605331421,2.0209615230560303,2.6533241271972656
2.1725735664367676,2.0192785263061523,2.6533260345458984
2.172431468963623,2.018742799758911,2.6533777713775635
2.1733622550964355,2.0193257331848145,2.65287446975708
2.1733622550964355,2.0193257331848145,2.65287446975708
2.173135995864868,2.020359754562378,2.653879404067993
2.172645330429077,2.020428419113159,2.6538288593292236
2.1729843616485596,2.0194239616394043,2.6534385681152344
2.1724941730499268,2.0183112621307373,2.653395175933838
2.171212673187256,2.0197103023529053,2.6542558670043945
2.1713101863861084,2.0191562175750732,2.6538212299346924
2.1713101863861084,2.0191562175750732,2.6538212299346924
2.170422077178955,2.016511917114258,2.6536152362823486
2.169919967651367,2.014026165008545,2.65358567237854
2.1683785915374756,2.0134267807006836,2.6547560691833496
2.1686489582061768,2.013328790664673,2.6543822288513184
2.170219659805298,2.01363205909729,2.6533701419830322
2.171018600463867,2.0145344734191895,2.653083562850952
2.171018600463867,2.0145344734191895,2.653083562850952
2.170858383178711,2.015577793121338,2.653599262237549
2.1691505908966064,2.015558958053589,2.654449462890625
2.1683971881866455,2.0137641429901123,2.6545825004577637
2.168501138687134,2.0123956203460693,2.6546790599823
2.168083906173706,2.01169490814209,2.6549155712127686
2.1697452068328857,2.0113372802734375,2.6540634632110596
2.170907735824585,2.010343551635742,2.6529793739318848
2.170907735824585,2.010343551635742,2.6529793739318848
2.171093702316284,2.0103728771209717,2.653226852416992
2.1693544387817383,2.0106637477874756,2.6544418334960938
2.169647455215454,2.01011061668396,2.6542930603027344
2.1692469120025635,2.0075268745422363,2.6542856693267822
2.170994997024536,2.008248805999756,2.653998374938965
2.1713292598724365,2.0089566707611084,2.653810977935791
2.1721994876861572,2.008941173553467,2.65264892578125
2.1723976135253906,2.0084352493286133,2.6522181034088135
2.1714518070220947,2.007516860961914,2.6523656845092773
2.1705586910247803,2.0063765048980713,2.6526551246643066
2.1705586910247803,2.0063765048980713,2.6526551246643066
2.170761823654175,2.0060174465179443,2.6524837017059326
2.1718640327453613,2.0053720474243164,2.6513211727142334
2.173008441925049,2.0058743953704834,2.6509439945220947
2.173811912536621,2.00650954246521,2.650681495666504
2.174025535583496,2.0062828063964844,2.6501624584198
2.174025535583496,2.0062828063964844,2.6501624584198
2.1737618446350098,2.0057990550994873,2.6504228115081787
2.1725943088531494,2.0063862800598145,2.6519148349761963
2.1730268001556396,2.0060739517211914,2.6517274379730225
2.173926591873169,2.0044989585876465,2.6506409645080566
2.1736042499542236,2.0037145614624023,2.6509592533111572
2.1735191345214844,2.003474712371826,2.651463747024536
2.1735191345214844,2.003474712371826,2.651463747024536
2.1731534004211426,2.0024962425231934,2.651458978652954
2.174232244491577,2.0010805130004883,2.6502981185913086
2.174856662750244,2.00077486038208,2.649491310119629
2.1740517616271973,1.9996263980865479,2.649066686630249
2.172430992126465,1.999431848526001,2.6498043537139893
2.172030448913574,1.9978044033050537,2.649374008178711
2.171642303466797,1.997918725013733,2.6498217582702637
2.172088623046875,1.9972457885742188,2.649210214614868
2.172098159790039,1.9977493286132812,2.6490559577941895
2.172098159790039,1.9977493286132812,2.6490559577941895
2.1736345291137695,1.997024655342102,2.6479604244232178
2.173022747039795,1.996505618095398,2.648338794708252
2.1713156700134277,1.9965288639068604,2.649341106414795
2.1711490154266357,1.9956798553466797,2.649120807647705
2.170464515686035,1.9925172328948975,2.648648500442505
2.1714444160461426,1.9908746480941772,2.6475579738616943
2.170548915863037,1.9890763759613037,2.6479148864746094
2.1708571910858154,1.9885879755020142,2.646928310394287
2.1708691120147705,1.9883081912994385,2.646594285964966
2.1708691120147705,1.9883081912994385,2.646594285964966
2.170327663421631,1.98888099193573,2.646608352661133
2.168329954147339,1.9884587526321411,2.64825701713562
2.168329954147339,1.9884587526321411,2.64825701713562
2.1684443950653076,1.987354040145874,2.6482863426208496
2.1678547859191895,1.986387014389038,2.6485376358032227
2.166768789291382,1.9870071411132812,2.6500954627990723
2.1666440963745117,1.9877073764801025,2.6499087810516357
2.166865348815918,1.9867815971374512,2.6497437953948975
2.165736436843872,1.98556387424469,2.650256395339966
2.1649720668792725,1.9865772724151611,2.6510801315307617
2.164132595062256,1.986816644668579,2.651897430419922
2.1632819175720215,1.985589861869812,2.651597261428833
2.16208553314209,1.9840633869171143,2.652125597000122
2.162154197692871,1.984681487083435,2.652085781097412
2.163203477859497,1.9849932193756104,2.6513917446136475
2.1640756130218506,1.9850046634674072,2.6504502296447754
2.1640756130218506,1.9850046634674072,2.6504502296447754
2.1631672382354736,1.9839458465576172,2.6508193016052246
2.162304162979126,1.9836848974227905,2.6514205932617188
2.1621885299682617,1.9832277297973633,2.6513752937316895
2.1624317169189453,1.9828822612762451,2.6512207984924316
2.1626155376434326,1.98282790184021,2.651359796524048
2.162567138671875,1.9835753440856934,2.651848554611206
2.1625590324401855,1.9829741716384888,2.6517493724823
2.162281036376953,1.9813164472579956,2.6516287326812744
2.162281036376953,1.9813164472579956,2.6516287326812744
2.1622369289398193,1.981174111366272,2.652263641357422
2.1622159481048584,1.981698751449585,2.652925968170166
2.1632883548736572,1.9802449941635132,2.6517674922943115
2.163945198059082,1.9787828922271729,2.6511995792388916
2.163862705230713,1.9779231548309326,2.65098237991333
2.163723945617676,1.9772164821624756,2.65116024017334
2.1652944087982178,1.9763679504394531,2.6501047611236572
2.165644407272339,1.9747389554977417,2.6495158672332764
2.165644407272339,1.9747389554977417,2.6495158672332764
2.1664440631866455,1.9751372337341309,2.649599313735962
2.1658477783203125,1.9749966859817505,2.650115489959717
2.1667637825012207,1.9736377000808716,2.649510622024536
2.1665425300598145,1.9721735715866089,2.649223566055298
2.1668665409088135,1.9722086191177368,2.649583101272583
2.167170286178589,1.9728094339370728,2.649402379989624
2.1689271926879883,1.9705981016159058,2.6482415199279785
2.169750213623047,1.9696770906448364,2.6479814052581787
2.168386459350586,1.9696097373962402,2.6486260890960693
2.1685092449188232,1.969528317451477,2.6485791206359863
2.1685092449188232,1.969528317451477,2.6485791206359863
2.168308973312378,1.9675216674804688,2.647618055343628
2.1688055992126465,1.9663039445877075,2.64707350730896
2.169271469116211,1.9659308195114136,2.646649122238159
2.1706135272979736,1.9654977321624756,2.6456167697906494
2.171609401702881,1.9652812480926514,2.644686460494995
2.171133518218994,1.965429425239563,2.645144462585449
2.169564723968506,1.9651492834091187,2.646043062210083
2.1684648990631104,1.9649264812469482,2.6466188430786133
2.1684648990631104,1.9649264812469482,2.6466188430786133
2.169497013092041,1.9641518592834473,2.645958662033081
2.1707918643951416,1.9647575616836548,2.6457154750823975
2.172102212905884,1.9658820629119873,2.645432710647583
2.172060012817383,1.9659380912780762,2.6452252864837646
2.1716556549072266,1.9640005826950073,2.6448280811309814
2.1707770824432373,1.964098572731018,2.645454168319702
2.1707770824432373,1.964098572731018,2.645454168319702
2.1692566871643066,1.9645084142684937,2.6465542316436768
2.1706271171569824,1.9644689559936523,2.6455867290496826
2.171236753463745,1.9628454446792603,2.6446192264556885
2.1721744537353516,1.9627294540405273,2.643866777420044
2.1713004112243652,1.9620777368545532,2.64455246925354
2.1713953018188477,1.9626305103302002,2.6441500186920166
2.1715548038482666,1.9623435735702515,2.6436960697174072
2.1703312397003174,1.962637186050415,2.6449341773986816
2.1694223880767822,1.9624040126800537,2.6454761028289795
2.1684296131134033,1.9627184867858887,2.6459574699401855
2.168452262878418,1.9625179767608643,2.645857334136963
2.16819167137146,1.9626175165176392,2.6463558673858643
2.16819167137146,1.9626175165176392,2.6463558673858643
2.168517827987671,1.9623281955718994,2.6461942195892334
2.1690573692321777,1.9619518518447876,2.6460800170898438
2.1695034503936768,1.9610592126846313,2.6453263759613037
2.170077323913574,1.96174156665802,2.6456289291381836
2.1700704097747803,1.9611425399780273,2.645347833633423
2.1689748764038086,1.959986925125122,2.645954132080078
2.16852068901062,1.9590210914611816,2.646113872528076
2.168466329574585,1.9585025310516357,2.6464152336120605
2.1691839694976807,1.9584097862243652,2.646043062210083
2.1715171337127686,1.9589377641677856,2.6445491313934326
2.1729230880737305,1.958512783050537,2.6434597969055176
2.173814535140991,1.9593185186386108,2.6433334350585938
2.172766923904419,1.9592041969299316,2.643995761871338
2.172732353210449,1.9575802087783813,2.643646478652954
2.1734671592712402,1.9574718475341797,2.6434435844421387
2.173708438873291,1.9582014083862305,2.6436526775360107
2.173708438873291,1.9582014083862305,2.6436526775360107
2.1750307083129883,1.9581354856491089,2.6427884101867676
2.1763241291046143,1.9574368000030518,2.6420302391052246
2.176987648010254,1.9557876586914062,2.6413238048553467
2.175353765487671,1.9556772708892822,2.6422340869903564
2.175715208053589,1.955777645111084,2.6418333053588867
2.175990343093872,1.9548524618148804,2.641300916671753
2.1758108139038086,1.954699158668518,2.641613006591797
2.175307512283325,1.9548134803771973,2.642025947570801
2.1761531829833984,1.9548218250274658,2.6416175365448
2.176766872406006,1.9543204307556152,2.6410717964172363
2.177076816558838,1.953642725944519,2.6407430171966553
2.1779870986938477,1.95392644405365,2.640561819076538
2.1786952018737793,1.9538882970809937,2.6397130489349365
2.178755760192871,1.952807903289795,2.6392621994018555
2.178755760192871,1.952807903289795,2.6392621994018555
2.1778056621551514,1.950934648513794,2.6398532390594482
2.176940441131592,1.951266884803772,2.640432357788086
2.1769514083862305,1.951558232307434,2.6400187015533447
2.1777122020721436,1.9514803886413574,2.6393489837646484
2.1796276569366455,1.9512208700180054,2.6379640102386475
2.1789751052856445,1.951074481010437,2.638477087020874
2.1789512634277344,1.9502019882202148,2.6381213665008545
2.178616762161255,1.9497480392456055,2.638561487197876
2.1782562732696533,1.9489352703094482,2.638540744781494
2.1774044036865234,1.9522582292556763,2.6404826641082764
2.177126169204712,1.9534375667572021,2.6405718326568604
2.177126169204712,1.9534375667572021,2.6405718326568604
2.1774606704711914,1.95100736618042,2.640176296234131
2.1775968074798584,1.9490772485733032,2.6398394107818604
2.1773524284362793,1.950958251953125,2.640308380126953
2.1773908138275146,1.9510796070098877,2.6402430534362793
2.177999258041382,1.950059413909912,2.6393771171569824
2.1784443855285645,1.949571967124939,2.639155626296997
2.177485227584839,1.9513061046600342,2.6392977237701416
2.1765201091766357,1.951583981513977,2.639805316925049
2.1758360862731934,1.9500445127487183,2.6399779319763184
2.1758360862731934,1.9500445127487183,2.6399779319763184
2.1756131649017334,1.949126958847046,2.6397087574005127
2.175877332687378,1.9513771533966064,2.640216588973999
2.1767873764038086,1.9516104459762573,2.6395092010498047
2.1763722896575928,1.9508070945739746,2.6394975185394287
2.175400495529175,1.9506664276123047,2.6401541233062744
2.1738877296447754,1.9509334564208984,2.6412465572357178
2.173856735229492,1.9513553380966187,2.6410107612609863
2.1733157634735107,1.9513484239578247,2.6412432193756104
2.171994686126709,1.9517377614974976,2.6419970989227295
2.171254873275757,1.9515902996063232,2.6424319744110107
2.171091079711914,1.951529860496521,2.642465591430664
2.1709585189819336,1.9504928588867188,2.642326593399048
2.1704773902893066,1.9515749216079712,2.6425609588623047
2.1709537506103516,1.9519264698028564,2.6421473026275635
2.1709537506103516,1.9519264698028564,2.6421473026275635
2.1717185974121094,1.9514074325561523,2.6410062313079834
2.171808958053589,1.950407862663269,2.6407437324523926
2.170849323272705,1.9514728784561157,2.6421494483947754
2.1699230670928955,1.9513237476348877,2.642874002456665
2.1691951751708984,1.9517842531204224,2.643528461456299
2.1694657802581787,1.9515066146850586,2.643453598022461
2.1692745685577393,1.952582597732544,2.644225597381592
2.1700661182403564,1.9531726837158203,2.6439461708068848
2.1703734397888184,1.952412486076355,2.643148422241211
2.1708171367645264,1.9517751932144165,2.6428046226501465
2.170872449874878,1.9519152641296387,2.6428334712982178
2.1705751419067383,1.9520467519760132,2.642726182937622
2.1713459491729736,1.950878620147705,2.641841411590576
2.1718101501464844,1.949769377708435,2.6412315368652344
2.1714069843292236,1.949480414390564,2.6413276195526123
2.1711223125457764,1.949812412261963,2.641507625579834
2.1711223125457764,1.949812412261963,2.641507625579834
2.171868324279785,1.9492701292037964,2.640308380126953
2.1726932525634766,1.949521780014038,2.6404483318328857
2.172475576400757,1.9497169256210327,2.640766143798828
2.1716818809509277,1.9496304988861084,2.641528367996216
2.172492742538452,1.9490503072738647,2.6410176753997803
2.171908140182495,1.9492101669311523,2.6420376300811768
2.1714487075805664,1.9494632482528687,2.6423707008361816
2.1714513301849365,1.9499722719192505,2.6432206630706787
2.174107551574707,1.9485763311386108,2.6417672634124756
2.1752564907073975,1.94806706905365,2.6404991149902344
2.1753013134002686,1.9475644826889038,2.6404151916503906
2.1742539405822754,1.948468804359436,2.6411006450653076
2.1736977100372314,1.947767734527588,2.6413414478302
2.173321485519409,1.9471791982650757,2.641688108444214
2.173321485519409,1.9471791982650757,2.641688108444214
2.1730377674102783,1.9484894275665283,2.642343282699585
2.1739044189453125,1.9480425119400024,2.641829013824463
2.174544334411621,1.9455409049987793,2.6409568786621094
2.1753251552581787,1.94441556930542,2.640995502471924
2.176290512084961,1.9446187019348145,2.6412103176116943
2.1789121627807617,1.942906379699707,2.639192581176758
2.181386709213257,1.9398646354675293,2.637037515640259
2.1840178966522217,1.9388844966888428,2.635725975036621
2.1842541694641113,1.9390461444854736,2.6356542110443115
2.1851634979248047,1.9385573863983154,2.6349034309387207
2.1855409145355225,1.9372684955596924,2.6347339153289795
2.187002182006836,1.936479091644287,2.633533000946045
2.1871683597564697,1.937342882156372,2.633321523666382
2.1871683597564697,1.937342882156372,2.633321523666382
2.187074661254883,1.9370940923690796,2.6334903240203857
2.18672251701355,1.9372124671936035,2.634148359298706
2.1854665279388428,1.9368160963058472,2.6344728469848633
2.183688163757324,1.9377580881118774,2.635477304458618
2.1827199459075928,1.9373635053634644,2.6350529193878174
2.1832785606384277,1.9368056058883667,2.6343512535095215
2.181957960128784,1.9355168342590332,2.634429931640625
2.1820855140686035,1.935107707977295,2.6339545249938965
2.1820855140686035,1.935107707977295,2.6339545249938965
2.1822123527526855,1.935455560684204,2.6328084468841553
2.1820297241210938,1.9346085786819458,2.6320600509643555
2.1813011169433594,1.933147668838501,2.6322765350341797
2.1812236309051514,1.9321627616882324,2.6322104930877686
2.1817431449890137,1.9316152334213257,2.6319358348846436
2.1826961040496826,1.9305908679962158,2.6309123039245605
2.182053565979004,1.9300689697265625,2.63128399848938
2.181424379348755,1.9303146600723267,2.632085084915161
2.1805198192596436,1.9302711486816406,2.6325013637542725
2.1803698539733887,1.9297679662704468,2.6322646141052246
2.1801469326019287,1.9285303354263306,2.6321327686309814
2.1799190044403076,1.9279773235321045,2.6321089267730713
2.1797263622283936,1.9272023439407349,2.6321961879730225
2.1806070804595947,1.9268019199371338,2.6315042972564697
2.1806070804595947,1.9268019199371338,2.6315042972564697
2.181209087371826,1.9260092973709106,2.630918264389038
2.1806864738464355,1.9268078804016113,2.631483554840088
2.1801748275756836,1.9258180856704712,2.6316254138946533
2.180253028869629,1.9247983694076538,2.6313564777374268
2.1804513931274414,1.923228144645691,2.630825996398926
2.1816534996032715,1.923043131828308,2.630733013153076
2.1836133003234863,1.9221168756484985,2.6288628578186035
2.184051990509033,1.920740008354187,2.6285955905914307
2.184051990509033,1.920740008354187,2.6285955905914307
2.1844711303710938,1.9196292161941528,2.628105878829956
2.18270206451416,1.9197115898132324,2.6297190189361572
2.182264804840088,1.9197382926940918,2.629958391189575
2.182415246963501,1.9193599224090576,2.629882574081421
2.1826975345611572,1.91909921169281,2.6297225952148438
2.1820809841156006,1.919120192527771,2.630368947982788
2.1814448833465576,1.9191384315490723,2.6311092376708984
2.181269645690918,1.9167823791503906,2.6305575370788574
2.1814703941345215,1.9167468547821045,2.6305439472198486
2.1814703941345215,1.9167468547821045,2.6305439472198486
2.1812496185302734,1.9190641641616821,2.6315107345581055
2.1829512119293213,1.9200302362442017,2.630697727203369
2.1834771633148193,1.9183863401412964,2.6294755935668945
2.1839730739593506,1.9179900884628296,2.6292145252227783
2.1841769218444824,1.9173904657363892,2.6292145252227783
2.1854989528656006,1.9177902936935425,2.628236770629883
2.1858713626861572,1.9178818464279175,2.6277716159820557
2.186410665512085,1.9178208112716675,2.6274116039276123
2.1864473819732666,1.9166215658187866,2.627314567565918
2.1864473819732666,1.9166215658187866,2.627314567565918
2.187094211578369,1.9171397686004639,2.6265251636505127
2.1882829666137695,1.916431188583374,2.6251726150512695
2.1872668266296387,1.9170818328857422,2.6259567737579346
2.186199188232422,1.9177374839782715,2.626908540725708
2.1858224868774414,1.9167088270187378,2.626328706741333
2.1873273849487305,1.9141889810562134,2.624422073364258
2.188676595687866,1.9154455661773682,2.6240084171295166
2.188554525375366,1.91580331325531,2.6238667964935303
2.1877880096435547,1.9165130853652954,2.624828338623047
2.187408685684204,1.9154329299926758,2.624809503555298
2.18548846244812,1.915459156036377,2.6265625953674316
2.184767246246338,1.9163439273834229,2.6273627281188965
2.184767246246338,1.9163439273834229,2.6273627281188965
2.1858127117156982,1.9178330898284912,2.627631902694702
2.187133312225342,1.9174530506134033,2.6268060207366943
2.187826633453369,1.9163737297058105,2.6266260147094727
2.1878585815429688,1.9160219430923462,2.626870632171631
2.1878185272216797,1.916869878768921,2.6272571086883545
2.1877307891845703,1.9171842336654663,2.627460241317749
2.1862151622772217,1.9164563417434692,2.6283767223358154
2.1860477924346924,1.916130542755127,2.6282198429107666
2.1860477924346924,1.916130542755127,2.6282198429107666
2.18664288520813,1.9157923460006714,2.6276981830596924
2.1881895065307617,1.915657639503479,2.6265320777893066
2.188082695007324,1.9144256114959717,2.626467704772949
2.187199592590332,1.9136199951171875,2.6266767978668213
2.184107780456543,1.912537693977356,2.6284797191619873
2.1825110912323,1.912284016609192,2.6286187171936035
2.180960178375244,1.9121524095535278,2.629526138305664
2.1800544261932373,1.911532998085022,2.629340171813965
2.1804378032684326,1.9116108417510986,2.6292073726654053
2.1823577880859375,1.9120653867721558,2.627375602722168
2.183462381362915,1.911037802696228,2.625950336456299
2.183462381362915,1.911037802696228,2.625950336456299
2.1830389499664307,1.9106918573379517,2.6259541511535645
2.1833434104919434,1.9105372428894043,2.6258010864257812
2.1826179027557373,1.9089760780334473,2.6253178119659424
2.183339834213257,1.9078247547149658,2.6246113777160645
2.183030605316162,1.9080454111099243,2.62485933303833
2.1832211017608643,1.908573865890503,2.6253445148468018
2.1837408542633057,1.9077550172805786,2.625635862350464
2.1846272945404053,1.9063777923583984,2.625037431716919
2.1846272945404053,1.9063777923583984,2.625037431716919
2.1844074726104736,1.9066990613937378,2.6259968280792236
2.184187889099121,1.9072539806365967,2.626767635345459
2.185877799987793,1.9067716598510742,2.625676393508911
2.1860530376434326,1.9056998491287231,2.6257593631744385
2.1858556270599365,1.9050586223602295,2.626080274581909
2.1859242916107178,1.9049891233444214,2.626354932785034
2.186918258666992,1.904283046722412,2.6255269050598145
2.186918258666992,1.904283046722412,2.6255269050598145
2.1878771781921387,1.9040589332580566,2.624922513961792
2.1876022815704346,1.9031013250350952,2.6248841285705566
2.1871142387390137,1.9029146432876587,2.624934196472168
2.1888957023620605,1.9016714096069336,2.623549222946167
2.1900599002838135,1.9013848304748535,2.622584342956543
2.189868450164795,1.9025285243988037,2.623192310333252
2.1888186931610107,1.9012119770050049,2.623293876647949
2.1883745193481445,1.898347020149231,2.622934103012085
2.1889257431030273,1.8981953859329224,2.6227619647979736
2.189136028289795,1.898023247718811,2.622767210006714
2.189136028289795,1.898023247718811,2.622767210006714
2.1904079914093018,1.8987269401550293,2.6221437454223633
2.190626859664917,1.8980399370193481,2.6217312812805176
2.1898341178894043,1.897057294845581,2.6221232414245605
2.188222646713257,1.8964648246765137,2.6235921382904053
2.187394857406616,1.89643394947052,2.6239051818847656
2.187697410583496,1.895712971687317,2.6235744953155518
2.1874148845672607,1.8947359323501587,2.6235954761505127
2.186692714691162,1.8943284749984741,2.624135971069336
2.186692237854004,1.8936623334884644,2.6242895126342773
2.187000274658203,1.89112389087677,2.6233952045440674
2.187359094619751,1.8895409107208252,2.6228697299957275
2.18595814704895,1.890037178993225,2.6242427825927734
2.1854679584503174,1.8902599811553955,2.624213218688965
2.1850037574768066,1.8893300294876099,2.6241469383239746
2.185106039047241,1.8880137205123901,2.6238741874694824
2.184664726257324,1.8881042003631592,2.6245555877685547
2.185506582260132,1.8875101804733276,2.623875379562378
2.1862127780914307,1.886757731437683,2.6231071949005127
2.1858596801757812,1.8864771127700806,2.623469114303589
2.1831367015838623,1.8870909214019775,2.625645160675049
2.1831367015838623,1.8870909214019775,2.625645160675049
2.182375907897949,1.8872392177581787,2.626375913619995
2.180950403213501,1.88623046875,2.6267051696777344
2.1808197498321533,1.8846791982650757,2.6263346672058105
2.1808834075927734,1.8865309953689575,2.6267855167388916
2.1806952953338623,1.8872116804122925,2.6269009113311768
2.1805665493011475,1.8856310844421387,2.6260533332824707
2.179483413696289,1.8844833374023438,2.6266632080078125
2.1773927211761475,1.885863184928894,2.627997875213623
2.1773927211761475,1.885863184928894,2.627997875213623
2.177255630493164,1.8864836692810059,2.6281096935272217
2.177500009536743,1.8862866163253784,2.627897024154663
2.1775076389312744,1.8861424922943115,2.6279001235961914
2.1750707626342773,1.8855223655700684,2.6292240619659424
2.1751065254211426,1.8860512971878052,2.6292457580566406
2.1749379634857178,1.8857674598693848,2.6288113594055176
2.1754026412963867,1.8854525089263916,2.6278789043426514
2.1773555278778076,1.8855656385421753,2.6269402503967285
2.1768805980682373,1.8862204551696777,2.626723527908325
2.1767361164093018,1.8854764699935913,2.6264126300811768
2.174858570098877,1.8852914571762085,2.6276488304138184
2.1727607250213623,1.8843860626220703,2.628596782684326
2.1727607250213623,1.8843860626220703,2.628596782684326
2.172117233276367,1.8855229616165161,2.6294829845428467
2.1739063262939453,1.883966088294983,2.627467155456543
2.175382137298584,1.8849427700042725,2.6275928020477295
2.176485776901245,1.8849399089813232,2.6267340183258057
2.1766161918640137,1.8853498697280884,2.627206802368164
2.1770002841949463,1.8839040994644165,2.62671160697937
2.177191972732544,1.8837589025497437,2.6270625591278076
2.175455093383789,1.8836162090301514,2.6279075145721436
2.1752848625183105,1.8840301036834717,2.6280815601348877
2.1752848625183105,1.8840301036834717,2.6280815601348877
2.1755504608154297,1.8827005624771118,2.627664089202881
2.176144599914551,1.882505178451538,2.6271777153015137
2.176298141479492,1.8826444149017334,2.6275553703308105
2.1772990226745605,1.8837248086929321,2.627021074295044
2.1777853965759277,1.883518934249878,2.6265554428100586
2.176860809326172,1.8826100826263428,2.6265015602111816
2.176461935043335,1.883088231086731,2.627462863922119
2.177478551864624,1.883126139640808,2.626673698425293
2.177553415298462,1.8817392587661743,2.625737190246582
2.1783292293548584,1.8808228969573975,2.6248769760131836
2.179917335510254,1.8808602094650269,2.624267816543579
2.180384874343872,1.8800132274627686,2.623626232147217
2.1797561645507812,1.8799868822097778,2.623725175857544
2.179980516433716,1.8801417350769043,2.6235690116882324
2.1794750690460205,1.8795552253723145,2.62400484085083
2.1794750690460205,1.8795552253723145,2.62400484085083
2.1799888610839844,1.8780566453933716,2.6234164237976074
2.1799182891845703,1.8773375749588013,2.6236844062805176
2.1808857917785645,1.8761380910873413,2.6230573654174805
2.181849479675293,1.8772995471954346,2.6233856678009033
2.181061029434204,1.8767699003219604,2.6237874031066895
2.18044114112854,1.8756426572799683,2.6238667964935303
2.1795201301574707,1.87516450881958,2.6244359016418457
2.1788039207458496,1.8761872053146362,2.625150680541992
2.179830551147461,1.875714659690857,2.623842716217041
2.1801695823669434,1.8748691082000732,2.6236979961395264
2.179198741912842,1.8743362426757812,2.6241824626922607
2.1784262657165527,1.8750348091125488,2.6249523162841797
2.178567409515381,1.8748083114624023,2.624622106552124
2.178471803665161,1.8747650384902954,2.624697685241699
2.178471803665161,1.8747650384902954,2.624697685241699
2.1780710220336914,1.8750215768814087,2.624886989593506
2.176926612854004,1.8742426633834839,2.62495493888855
2.176419258117676,1.8736025094985962,2.6249897480010986
2.175400495529175,1.8729605674743652,2.625497817993164
2.175140857696533,1.872568964958191,2.625523567199707
2.174765110015869,1.8725296258926392,2.6258459091186523
2.1757447719573975,1.8731095790863037,2.625652313232422
2.1750481128692627,1.8730343580245972,2.6258351802825928
2.175554037094116,1.8735904693603516,2.6256797313690186
2.17523193359375,1.8742084503173828,2.626152753829956
2.174968719482422,1.8742276430130005,2.6264121532440186
2.1743323802948,1.8724933862686157,2.626267910003662
2.1740643978118896,1.8730963468551636,2.6260201930999756
2.1734368801116943,1.873335838317871,2.6262924671173096
2.174072027206421,1.873704195022583,2.6258044242858887
2.1749467849731445,1.8731454610824585,2.6251461505889893
2.1742916107177734,1.873867154121399,2.626279354095459
2.173475980758667,1.8740047216415405,2.62678599357605
2.1736536026000977,1.8735008239746094,2.6266162395477295
2.1736536026000977,1.8735008239746094,2.6266162395477295
2.1738367080688477,1.8723316192626953,2.6261870861053467
2.1740336418151855,1.8723996877670288,2.626466751098633
2.1737937927246094,1.8713927268981934,2.6264052391052246
2.1737964153289795,1.8702991008758545,2.6260058879852295
2.173882007598877,1.8680315017700195,2.625345468521118
2.1735801696777344,1.867089867591858,2.6255595684051514
2.173063278198242,1.866487741470337,2.625920295715332
2.173275947570801,1.866226315498352,2.625331163406372
2.1746037006378174,1.864992618560791,2.624156951904297
2.1745829582214355,1.8646477460861206,2.623772621154785
2.173586845397949,1.8652055263519287,2.624924421310425
2.173586845397949,1.8652055263519287,2.624924421310425
2.172975540161133,1.8644102811813354,2.62492036819458
2.172412157058716,1.8624346256256104,2.6252682209014893
2.172412157058716,1.8624346256256104,2.6252682209014893
2.173133611679077,1.8629517555236816,2.625274419784546
2.17246150970459,1.8637149333953857,2.625587224960327
2.1733667850494385,1.863761305809021,2.624988555908203
2.1731655597686768,1.86223304271698,2.6249310970306396
2.172724962234497,1.863372802734375,2.6251633167266846
2.1726346015930176,1.8640717267990112,2.6249189376831055
2.1729345321655273,1.8649179935455322,2.6259233951568604
2.173448085784912,1.8639298677444458,2.624880313873291
2.174201250076294,1.8639343976974487,2.6248528957366943
2.1752026081085205,1.8641009330749512,2.6238856315612793
2.1757867336273193,1.8635331392288208,2.623453140258789
2.1753668785095215,1.861925721168518,2.6232059001922607
2.17506742477417,1.8618184328079224,2.6235191822052
2.17506742477417,1.8618184328079224,2.6235191822052
2.1750333309173584,1.8619492053985596,2.6234922409057617
2.1768531799316406,1.861799716949463,2.6227078437805176
2.1766605377197266,1.86152184009552,2.6228787899017334
2.1757900714874268,1.8617743253707886,2.623324155807495
2.176427125930786,1.8620669841766357,2.6230504512786865
2.17659068107605,1.8600558042526245,2.622192621231079
2.1777148246765137,1.859479546546936,2.6211295127868652
2.178332805633545,1.8600877523422241,2.620509624481201
2.1792612075805664,1.859430193901062,2.618553638458252
2.177614212036133,1.8579987287521362,2.6190168857574463
2.1774544715881348,1.8577605485916138,2.619394540786743
2.1774544715881348,1.8577605485916138,2.619394540786743
2.1766884326934814,1.8576886653900146,2.619608163833618
2.176013231277466,1.8573460578918457,2.620311737060547
2.176863193511963,1.8571949005126953,2.6200172901153564
2.176833391189575,1.8568363189697266,2.619922161102295
2.176884412765503,1.8561986684799194,2.6198275089263916
2.1760480403900146,1.856521487236023,2.6208136081695557
2.174614906311035,1.8558688163757324,2.6215155124664307
2.1738579273223877,1.8556632995605469,2.6220202445983887
2.1731696128845215,1.8558049201965332,2.6226537227630615
2.17256236076355,1.8569837808609009,2.6237382888793945
2.172236680984497,1.8570424318313599,2.6237893104553223
2.172150135040283,1.856654405593872,2.623854637145996
2.1718456745147705,1.8560158014297485,2.624159336090088
2.1718456745147705,1.8560158014297485,2.624159336090088
2.170804023742676,1.8575700521469116,2.625434637069702
2.1712162494659424,1.8581818342208862,2.6250522136688232
2.17116379737854,1.8582240343093872,2.6251845359802246
2.171307325363159,1.859130859375,2.625936508178711
2.1719865798950195,1.860487937927246,2.6258842945098877
2.1713552474975586,1.8602935075759888,2.6253416538238525
2.171407699584961,1.8584542274475098,2.624556064605713
2.170362710952759,1.8577308654785156,2.6248035430908203
2.1707589626312256,1.856407880783081,2.624314546585083
2.1710379123687744,1.8554959297180176,2.6240365505218506
2.1721203327178955,1.8545573949813843,2.623523712158203
2.1721203327178955,1.8545573949813843,2.623523712158203
2.171635866165161,1.8538744449615479,2.623323917388916
2.1714136600494385,1.8534045219421387,2.623189687728882
2.170252561569214,1.8523997068405151,2.6239919662475586
2.169297933578491,1.850509524345398,2.6245644092559814
2.169862985610962,1.8501349687576294,2.6247451305389404
2.1702587604522705,1.848608136177063,2.624429225921631
2.170816421508789,1.8491337299346924,2.62431001663208
2.1716694831848145,1.8494399785995483,2.6239380836486816
2.1715080738067627,1.8492169380187988,2.6230719089508057
2.171712636947632,1.8485119342803955,2.622610092163086
2.171488046646118,1.8470826148986816,2.6220321655273438
2.171405076980591,1.846186876296997,2.6216752529144287
2.1722891330718994,1.846450924873352,2.6209027767181396
2.1722891330718994,1.846450924873352,2.6209027767181396
2.1726205348968506,1.8463706970214844,2.6203603744506836
2.1719210147857666,1.8448984622955322,2.620121479034424
2.1717607975006104,1.8437864780426025,2.6197426319122314
2.1725196838378906,1.8434804677963257,2.6195359230041504
2.173327684402466,1.8431217670440674,2.6188929080963135
2.1747846603393555,1.8427480459213257,2.617565393447876
2.1752936840057373,1.8421202898025513,2.6172144412994385
2.1748623847961426,1.8410301208496094,2.6171040534973145
2.174168825149536,1.840653896331787,2.617668628692627
2.1734440326690674,1.8402854204177856,2.617825984954834
2.1737074851989746,1.839385747909546,2.6171889305114746
2.1750941276550293,1.8393306732177734,2.616105318069458
2.1738803386688232,1.8395473957061768,2.616234064102173
2.1740458011627197,1.8386908769607544,2.615957498550415
2.173020601272583,1.8369512557983398,2.615960121154785
2.1728527545928955,1.8375399112701416,2.616213083267212
2.1728994846343994,1.8382335901260376,2.615959644317627
2.1737663745880127,1.8375190496444702,2.6154403686523438
2.1747817993164062,1.835679292678833,2.614147424697876
2.1747817993164062,1.835679292678833,2.614147424697876
2.174576759338379,1.836804986000061,2.615537643432617
2.1730332374572754,1.837121844291687,2.6155643463134766
2.17395281791687,1.836557149887085,2.615626573562622
2.174452781677246,1.8355634212493896,2.615355968475342
2.1748158931732178,1.8350496292114258,2.6152689456939697
2.1744420528411865,1.8344275951385498,2.6157383918762207
2.1748077869415283,1.8345115184783936,2.6159143447875977
2.174923896789551,1.8341021537780762,2.615502119064331
2.1757445335388184,1.83414888381958,2.6154792308807373
2.17555832862854,1.8343758583068848,2.6156933307647705
2.17555832862854,1.8343758583068848,2.6156933307647705
2.176792860031128,1.834086298942566,2.614744186401367
2.1772124767303467,1.8340634107589722,2.6143224239349365
2.1756176948547363,1.8340282440185547,2.6151840686798096
2.174443244934082,1.8346134424209595,2.616039514541626
2.1742208003997803,1.8337491750717163,2.616114616394043
2.174844264984131,1.8341970443725586,2.6158218383789062
2.176055431365967,1.8344166278839111,2.6154062747955322
2.176055431365967,1.8344166278839111,2.6154062747955322
2.1765503883361816,1.8347638845443726,2.6149399280548096
2.1769397258758545,1.834744930267334,2.61441969871521
2.176081895828247,1.8336704969406128,2.6145846843719482
2.17575740814209,1.8333356380462646,2.614757776260376
2.175140142440796,1.8343329429626465,2.6151559352874756
2.175140142440796,1.8343329429626465,2.6151559352874756
2.174762725830078,1.833910346031189,2.614877223968506
2.1752359867095947,1.833118200302124,2.614542007446289
2.1753363609313965,1.832796573638916,2.614410877227783
2.1748533248901367,1.832869291305542,2.6143956184387207
2.1753718852996826,1.8329589366912842,2.61399245262146
2.1746110916137695,1.8328500986099243,2.61445951461792
2.1739518642425537,1.8329089879989624,2.615178108215332
2.1739518642425537,1.8329089879989624,2.615178108215332
2.172996997833252,1.8332818746566772,2.615661382675171
2.1724870204925537,1.8332428932189941,2.6159002780914307
2.17214035987854,1.8330409526824951,2.616227149963379
2.1719741821289062,1.8330206871032715,2.6165924072265625
2.171875,1.8324095010757446,2.6165449619293213
2.17130970954895,1.8332024812698364,2.6172964572906494
2.169829845428467,1.833801031112671,2.6182382106781006
2.1694869995117188,1.8348489999771118,2.6192357540130615
2.1694869995117188,1.8348489999771118,2.6192357540130615
2.1696596145629883,1.835037112236023,2.619192600250244
2.1699979305267334,1.83614981174469,2.6197257041931152
2.168628454208374,1.8368886709213257,2.620811700820923
2.169416666030884,1.8369081020355225,2.6198956966400146
2.168760061264038,1.8370921611785889,2.620421886444092
2.16937518119812,1.8371676206588745,2.619647264480591
2.1692070960998535,1.8375481367111206,2.619906187057495
2.169398546218872,1.8368511199951172,2.619673013687134
2.1694347858428955,1.8356831073760986,2.6193692684173584
2.169795274734497,1.8356925249099731,2.619093179702759
2.1697633266448975,1.8356330394744873,2.6189451217651367
2.1698050498962402,1.835822343826294,2.6191368103027344
2.1704938411712646,1.8343912363052368,2.6183040142059326
2.1712279319763184,1.8323711156845093,2.617295026779175
2.1712279319763184,1.8323711156845093,2.617295026779175
2.171536922454834,1.8320116996765137,2.6168577671051025
2.1712148189544678,1.833906650543213,2.6177568435668945
2.1713998317718506,1.833803415298462,2.61700701713562
2.1716597080230713,1.8330497741699219,2.616852283477783
2.1709494590759277,1.8325644731521606,2.6171984672546387
2.1703600883483887,1.8321290016174316,2.617452383041382
2.1701600551605225,1.8322851657867432,2.6176772117614746
2.1715476512908936,1.831429362297058,2.616164445877075
2.1727662086486816,1.8309770822525024,2.6152737140655518
2.1740102767944336,1.8304439783096313,2.6144144535064697
2.1742427349090576,1.8312357664108276,2.6146585941314697
2.1752727031707764,1.8309983015060425,2.613372564315796
2.1752235889434814,1.8307456970214844,2.613619565963745
2.1752047538757324,1.8302081823349,2.6134836673736572
2.1745212078094482,1.830620288848877,2.6138460636138916
2.1745212078094482,1.830620288848877,2.6138460636138916
2.1742725372314453,1.8297243118286133,2.613537073135376
2.174163341522217,1.8289027214050293,2.613611936569214
2.173929452896118,1.8290008306503296,2.6140027046203613
2.1747117042541504,1.829978108406067,2.613379955291748
2.1755776405334473,1.8304126262664795,2.6130340099334717
2.1748363971710205,1.8293100595474243,2.6134955883026123
2.1743738651275635,1.8287171125411987,2.6139681339263916
2.1742000579833984,1.8292518854141235,2.614361047744751
2.1742000579833984,1.8292518854141235,2.614361047744751
2.174248695373535,1.8292368650436401,2.614335775375366
2.173997402191162,1.82823646068573,2.6141462326049805
2.1727564334869385,1.8279240131378174,2.615037202835083
2.174689292907715,1.8287392854690552,2.614346504211426
2.174717664718628,1.828443169593811,2.613966226577759
2.1760966777801514,1.8276134729385376,2.6129209995269775
2.17574405670166,1.8271310329437256,2.6124250888824463
2.175778865814209,1.825498104095459,2.6106185913085938
2.175778865814209,1.825498104095459,2.6106185913085938
2.1742115020751953,1.8262041807174683,2.6113977432250977
2.173628330230713,1.82596755027771,2.611647367477417
2.1734259128570557,1.825222134590149,2.611689567565918
2.173727512359619,1.8250044584274292,2.611140489578247
2.173184394836426,1.8257277011871338,2.6112725734710693
2.172269821166992,1.825873851776123,2.611631393432617
2.171187400817871,1.8247913122177124,2.611935615539551
2.170232057571411,1.823885202407837,2.612210988998413
2.169865369796753,1.8246203660964966,2.6126716136932373
2.169865369796753,1.8246203660964966,2.6126716136932373
2.1705379486083984,1.8246865272521973,2.612361431121826
2.1701040267944336,1.8243380784988403,2.6126387119293213
2.170088052749634,1.8243290185928345,2.6130034923553467
2.1698405742645264,1.8236910104751587,2.613144874572754
2.168929100036621,1.8234014511108398,2.6135356426239014
2.168754816055298,1.8228193521499634,2.613187551498413
2.167980670928955,1.8220659494400024,2.613713264465332
2.1674814224243164,1.820719838142395,2.6139376163482666
2.1668856143951416,1.819588541984558,2.6140878200531006
2.1669058799743652,1.8191026449203491,2.6139817237854004
2.1680550575256348,1.8188832998275757,2.6133062839508057
2.1685235500335693,1.81870698928833,2.6130566596984863
2.1685235500335693,1.81870698928833,2.6130566596984863
2.168504476547241,1.8182226419448853,2.6128714084625244
2.1674106121063232,1.817916750907898,2.613797903060913
2.1665401458740234,1.8182628154754639,2.614325523376465
2.1669607162475586,1.8175662755966187,2.613867998123169
2.1675915718078613,1.818037986755371,2.6137940883636475
2.1677582263946533,1.8177865743637085,2.6136412620544434
2.1681878566741943,1.8178359270095825,2.613027572631836
2.1691925525665283,1.8170796632766724,2.612138509750366
2.1691925525665283,1.8170796632766724,2.612138509750366
2.1700656414031982,1.817043423652649,2.6113169193267822
2.167332887649536,1.8169875144958496,2.612412929534912
2.1667304039001465,1.8162322044372559,2.6125409603118896
2.166304111480713,1.8159053325653076,2.6126065254211426
2.168224334716797,1.8158773183822632,2.611520290374756
2.1686289310455322,1.8166111707687378,2.611567497253418
2.1690826416015625,1.816493034362793,2.6111886501312256
2.1685309410095215,1.8149292469024658,2.611234664916992
2.1683895587921143,1.814324140548706,2.611161947250366
2.1683895587921143,1.814324140548706,2.611161947250366
2.1685142517089844,1.815388560295105,2.6115729808807373
2.1690268516540527,1.8156917095184326,2.6116111278533936
2.170156955718994,1.8146368265151978,2.610924482345581
2.1703567504882812,1.814041256904602,2.610996723175049
2.170727491378784,1.8140517473220825,2.6110663414001465
2.1699025630950928,1.8155680894851685,2.6116225719451904
2.170809030532837,1.815611720085144,2.610691785812378
2.1705989837646484,1.8145806789398193,2.6104393005371094
2.1706771850585938,1.8132754564285278,2.6100914478302
2.1706771850585938,1.8132754564285278,2.6100914478302
2.170252561569214,1.8136467933654785,2.6105663776397705
2.171125650405884,1.8139804601669312,2.609588384628296
2.1714892387390137,1.8134033679962158,2.6094160079956055
2.171081066131592,1.8130205869674683,2.609224557876587
2.170943021774292,1.8129855394363403,2.6093955039978027
2.172410249710083,1.812550663948059,2.6081223487854004
2.173125743865967,1.8130111694335938,2.60825514793396
2.1733081340789795,1.8129315376281738,2.6078410148620605
2.1724202632904053,1.8131866455078125,2.6085503101348877
2.171616315841675,1.81325101852417,2.6088027954101562
2.1719985008239746,1.812986969947815,2.608220338821411
2.173292875289917,1.812927484512329,2.606950521469116
2.173292875289917,1.812927484512329,2.606950521469116
2.1748905181884766,1.8131217956542969,2.6059789657592773
2.1765875816345215,1.8124445676803589,2.60457444190979
2.177546977996826,1.8117426633834839,2.6037509441375732
2.1769015789031982,1.8114855289459229,2.6039979457855225
2.1757757663726807,1.8116049766540527,2.6047091484069824
2.175337553024292,1.8108561038970947,2.604654312133789
2.1754074096679688,1.8100677728652954,2.6042141914367676
2.1752800941467285,1.8104572296142578,2.6046507358551025
2.1754825115203857,1.8113027811050415,2.6047091484069824
2.174774169921875,1.8107702732086182,2.6052637100219727
2.1735360622406006,1.8098143339157104,2.605894088745117
2.172921895980835,1.809332251548767,2.6065874099731445
2.172921895980835,1.809332251548767,2.6065874099731445
2.1726901531219482,1.809442162513733,2.6069326400756836
2.1728432178497314,1.8088065385818481,2.6068475246429443
2.1715197563171387,1.807899832725525,2.607351779937744
2.169745445251465,1.8066670894622803,2.6081295013427734
2.1683566570281982,1.8058689832687378,2.6088476181030273
2.168025255203247,1.8044008016586304,2.6082844734191895
2.1688194274902344,1.80221688747406,2.60745906829834
2.168393850326538,1.8001668453216553,2.6072022914886475
2.1673107147216797,1.7983551025390625,2.6078498363494873
2.1680002212524414,1.798007845878601,2.6076488494873047
2.1669986248016357,1.798119068145752,2.6081182956695557
2.1660079956054688,1.799809217453003,2.609168767929077
2.1660079956054688,1.799809217453003,2.609168767929077
2.1654844284057617,1.800736427307129,2.6094727516174316
2.164903163909912,1.7992885112762451,2.609217882156372
2.165247678756714,1.798396110534668,2.6086552143096924
2.165125846862793,1.7989565134048462,2.609151601791382
2.1649022102355957,1.799452781677246,2.6092896461486816
2.1656203269958496,1.7991461753845215,2.608494520187378
2.1658389568328857,1.7995878458023071,2.608372211456299
2.164991617202759,1.8007065057754517,2.6092381477355957
2.165316104888916,1.801291823387146,2.609553813934326
2.1652345657348633,1.8009963035583496,2.60984206199646
2.1658427715301514,1.8008366823196411,2.60988450050354
2.164860963821411,1.8007982969284058,2.610551357269287
2.1654508113861084,1.801148533821106,2.6104986667633057
2.1669650077819824,1.8000258207321167,2.6093387603759766
2.167617082595825,1.7993193864822388,2.6092731952667236
2.168635845184326,1.7986338138580322,2.6085760593414307
2.1693310737609863,1.7987215518951416,2.608358860015869
2.1688454151153564,1.7990459203720093,2.608433485031128
2.168910026550293,1.7979215383529663,2.6077492237091064
2.1677684783935547,1.7968451976776123,2.6083984375
2.1681671142578125,1.796996831893921,2.608262062072754
2.168912649154663,1.7971479892730713,2.607678174972534
2.1697261333465576,1.7974973917007446,2.6069741249084473
2.1695940494537354,1.7975115776062012,2.6071770191192627
2.1695940494537354,1.7975115776062012,2.6071770191192627
2.1682894229888916,1.7967232465744019,2.607691764831543
2.1676647663116455,1.7964781522750854,2.6082394123077393
2.1650590896606445,1.7970211505889893,2.609816074371338
2.163504123687744,1.7975460290908813,2.610978364944458
2.162879705429077,1.7973365783691406,2.611395835876465
2.164590835571289,1.7962629795074463,2.61012864112854
2.166585683822632,1.7952512502670288,2.609048843383789
2.1680104732513428,1.7956918478012085,2.6081881523132324
2.1680374145507812,1.7964245080947876,2.6079108715057373
2.1684412956237793,1.7961220741271973,2.6076347827911377
2.1676158905029297,1.7954930067062378,2.6075692176818848
2.167377233505249,1.7954022884368896,2.6077418327331543
2.166555404663086,1.7952525615692139,2.608189821243286
2.16676926612854,1.7954941987991333,2.6083791255950928
2.16676926612854,1.7954941987991333,2.6083791255950928
2.1657586097717285,1.7956913709640503,2.6088716983795166
2.1647684574127197,1.7952347993850708,2.609287738800049
2.165364980697632,1.7937372922897339,2.608961820602417
2.1648223400115967,1.7936196327209473,2.6088387966156006
2.1654157638549805,1.7942297458648682,2.608776569366455
2.1645424365997314,1.7944444417953491,2.609388589859009
2.1653151512145996,1.7945713996887207,2.6092469692230225
2.165778398513794,1.7939050197601318,2.6088736057281494
2.1667144298553467,1.7930251359939575,2.6082191467285156
2.1670329570770264,1.7926770448684692,2.607785940170288
2.1675784587860107,1.793668508529663,2.608191728591919
2.1664235591888428,1.792845368385315,2.60797119140625
2.164921760559082,1.7927616834640503,2.6090736389160156
2.1634273529052734,1.7922964096069336,2.6095783710479736
2.1630699634552,1.7919303178787231,2.609610080718994
2.1632232666015625,1.7920836210250854,2.609400749206543
2.16310715675354,1.791551113128662,2.608790397644043
2.1625165939331055,1.7930262088775635,2.6094679832458496
2.1611132621765137,1.7941547632217407,2.610433578491211
2.1606104373931885,1.7935206890106201,2.6101677417755127
2.160592794418335,1.7933775186538696,2.6099700927734375
2.1606357097625732,1.7939766645431519,2.61049222946167
2.1603474617004395,1.7932037115097046,2.610313892364502
2.161440134048462,1.7925348281860352,2.6095023155212402
2.1619632244110107,1.7924444675445557,2.6090826988220215
2.1621077060699463,1.793143630027771,2.6088476181030273
2.1620571613311768,1.793245553970337,2.6087262630462646
2.1632461547851562,1.7924590110778809,2.6076812744140625
2.16339111328125,1.7918283939361572,2.6070656776428223
2.1634511947631836,1.7918344736099243,2.606667995452881
2.1635375022888184,1.791844129562378,2.606374979019165
2.1632094383239746,1.7922947406768799,2.606475830078125
2.1627249717712402,1.7919158935546875,2.6066315174102783
2.1625630855560303,1.7904695272445679,2.60623836517334
2.163372039794922,1.7904878854751587,2.60642147064209
2.1648664474487305,1.7907925844192505,2.6054601669311523
2.166273355484009,1.7906570434570312,2.6049625873565674
2.1652560234069824,1.7903512716293335,2.605069398880005
2.165259599685669,1.7904069423675537,2.6063177585601807
2.165193557739258,1.7897940874099731,2.606586456298828
2.1656081676483154,1.7901179790496826,2.6070921421051025
2.1664376258850098,1.7912214994430542,2.6068360805511475
2.1680750846862793,1.7903589010238647,2.6060166358947754
2.169158458709717,1.7895981073379517,2.605283498764038
2.1679584980010986,1.788865566253662,2.6059396266937256
2.1660401821136475,1.7892944812774658,2.6072402000427246
2.1650023460388184,1.7892885208129883,2.607893943786621
2.1655166149139404,1.7893723249435425,2.6075637340545654
2.1655166149139404,1.7893723249435425,2.6075637340545654
2.1654956340789795,1.7886912822723389,2.6074533462524414
2.166383743286133,1.7882705926895142,2.6065754890441895
2.1662702560424805,1.7882931232452393,2.606757164001465
2.1670491695404053,1.7881436347961426,2.6059374809265137
2.167417526245117,1.7882459163665771,2.605687141418457
2.1675963401794434,1.788521409034729,2.605161666870117
2.1676299571990967,1.7892937660217285,2.605053663253784
2.169178009033203,1.7882318496704102,2.6041762828826904
2.16764760017395,1.7861402034759521,2.6042978763580322
2.170665740966797,1.7863736152648926,2.6028778553009033
2.169931650161743,1.7874926328659058,2.603879928588867
2.169630765914917,1.7864288091659546,2.6028873920440674
2.169846296310425,1.7864651679992676,2.6025755405426025
2.169846296310425,1.7864651679992676,2.6025755405426025
2.1689364910125732,1.7848381996154785,2.602836847305298
2.168936014175415,1.7846192121505737,2.6029579639434814
2.167562246322632,1.783768653869629,2.602994441986084
2.167649984359741,1.783502459526062,2.602717399597168
2.166468620300293,1.7830928564071655,2.603386163711548
2.1657330989837646,1.7837077379226685,2.604159116744995
2.1655499935150146,1.782656192779541,2.603588342666626
2.16569185256958,1.7818907499313354,2.603262186050415
2.16569185256958,1.7818907499313354,2.603262186050415
2.164884328842163,1.781415581703186,2.6038858890533447
2.164503335952759,1.7808023691177368,2.6037204265594482
2.1645731925964355,1.7806754112243652,2.603911876678467
2.1638145446777344,1.7803205251693726,2.604248046875
2.1627604961395264,1.7812156677246094,2.6056604385375977
2.1623754501342773,1.7816656827926636,2.6060893535614014
2.1615474224090576,1.7813968658447266,2.6064438819885254
2.1620230674743652,1.7810395956039429,2.606449842453003
2.1606013774871826,1.781693696975708,2.6081089973449707
2.160507917404175,1.7819173336029053,2.6081905364990234
2.160507917404175,1.7819173336029053,2.6081905364990234
2.160201072692871,1.7815734148025513,2.6084237098693848
2.1604864597320557,1.781726360321045,2.6080386638641357
2.160208225250244,1.781261920928955,2.608175754547119
2.1601245403289795,1.781306266784668,2.6071527004241943
2.161252737045288,1.7798091173171997,2.6060428619384766
2.1615259647369385,1.779455304145813,2.6049091815948486
2.162405490875244,1.779741644859314,2.6045143604278564
2.1626219749450684,1.7804423570632935,2.603837013244629
2.1626219749450684,1.7804423570632935,2.603837013244629
2.1628684997558594,1.7807351350784302,2.6035618782043457
2.162013292312622,1.7796354293823242,2.6039419174194336
2.160987377166748,1.7774639129638672,2.604076623916626
2.1610937118530273,1.7786668539047241,2.6048264503479004
2.162107229232788,1.7785993814468384,2.6039702892303467
2.1634747982025146,1.779363989830017,2.603947639465332
2.166851043701172,1.7798556089401245,2.6024937629699707
2.167665958404541,1.7799161672592163,2.602077007293701
2.16721248626709,1.779747724533081,2.6021032333374023
2.1686127185821533,1.7788017988204956,2.6012895107269287
2.1676177978515625,1.7777315378189087,2.6020209789276123
2.1672210693359375,1.7776058912277222,2.602102756500244
2.1659064292907715,1.7771915197372437,2.602914571762085
2.1652302742004395,1.7766504287719727,2.6033968925476074
2.1643102169036865,1.7764841318130493,2.603734254837036
2.164963722229004,1.7764517068862915,2.603004217147827
2.1656112670898438,1.7767455577850342,2.60268235206604
2.1656112670898438,1.7767455577850342,2.60268235206604
2.1651670932769775,1.7762243747711182,2.602491855621338
2.1641972064971924,1.775923252105713,2.603281021118164
2.1632745265960693,1.7747915983200073,2.603555917739868
2.1636602878570557,1.7744507789611816,2.603057622909546
2.164433002471924,1.7741400003433228,2.602506160736084
2.165865182876587,1.774712324142456,2.6017208099365234
2.1667330265045166,1.7747057676315308,2.6009633541107178
2.1663098335266113,1.773507833480835,2.6009607315063477
2.165675640106201,1.7718474864959717,2.600835084915161
2.1651251316070557,1.7732338905334473,2.6013858318328857
2.1658661365509033,1.7738147974014282,2.6006383895874023
2.1683335304260254,1.7743501663208008,2.5992484092712402
2.168398380279541,1.7740085124969482,2.5993213653564453
2.1673388481140137,1.7732964754104614,2.59987211227417
2.168431520462036,1.7731060981750488,2.5991368293762207
2.1685941219329834,1.7732517719268799,2.5990374088287354
2.168471336364746,1.7732367515563965,2.5992960929870605
2.1681132316589355,1.7727248668670654,2.599717378616333
2.1680221557617188,1.7720222473144531,2.5998010635375977
2.1679184436798096,1.7714873552322388,2.5997912883758545
2.167741060256958,1.7714804410934448,2.599881887435913
2.1662349700927734,1.771572470664978,2.600816488265991
2.1648640632629395,1.7707141637802124,2.6013095378875732
2.1634128093719482,1.7694368362426758,2.601874828338623
2.162480354309082,1.7674468755722046,2.602020502090454
2.1616053581237793,1.7668191194534302,2.602701425552368
2.1616053581237793,1.7668191194534302,2.602701425552368
2.161458969116211,1.765450119972229,2.602424144744873
2.160466194152832,1.7642472982406616,2.6027991771698
2.159978151321411,1.7633136510849,2.6031277179718018
2.1583163738250732,1.7636513710021973,2.6042590141296387
2.158278226852417,1.7651890516281128,2.6042630672454834
2.1584553718566895,1.7646092176437378,2.604407787322998
2.1575534343719482,1.7632222175598145,2.6043708324432373
2.1570026874542236,1.7635101079940796,2.6050150394439697
2.1554460525512695,1.7639191150665283,2.6059560775756836
2.1554460525512695,1.7639191150665283,2.6059560775756836
2.1549508571624756,1.7640819549560547,2.605607271194458
2.1545674800872803,1.7635763883590698,2.605854034423828
2.1540675163269043,1.764082670211792,2.6064627170562744
2.153503179550171,1.7639535665512085,2.6067631244659424
2.1544878482818604,1.7638212442398071,2.605818271636963
2.15460467338562,1.763451099395752,2.605703115463257
2.153947114944458,1.7643646001815796,2.6064507961273193
2.154114246368408,1.764933705329895,2.606639862060547
2.1554431915283203,1.7639915943145752,2.6056129932403564
2.1558332443237305,1.7631912231445312,2.605363130569458
2.1569042205810547,1.7634440660476685,2.6050498485565186
2.157400369644165,1.7642666101455688,2.60506272315979
2.157400369644165,1.7642666101455688,2.60506272315979
2.1580216884613037,1.7642853260040283,2.604121208190918
2.1586620807647705,1.7634270191192627,2.6042768955230713
2.157958984375,1.7611334323883057,2.604397773742676
2.1582117080688477,1.761489987373352,2.6045849323272705
2.1594932079315186,1.7617592811584473,2.6037745475769043
2.161020040512085,1.7617355585098267,2.6027560234069824
2.1615045070648193,1.7630207538604736,2.6028926372528076
2.1607072353363037,1.7618767023086548,2.602832078933716
2.1607072353363037,1.7618767023086548,2.602832078933716
2.1604738235473633,1.7608683109283447,2.6027133464813232
2.160207748413086,1.759710431098938,2.6025538444519043
2.160431146621704,1.7591241598129272,2.6022846698760986
2.1611642837524414,1.7598720788955688,2.6022863388061523
2.161682605743408,1.7597001791000366,2.6015725135803223
2.1619462966918945,1.758495569229126,2.6012887954711914
2.1612513065338135,1.757422685623169,2.6014468669891357
2.1622214317321777,1.759408712387085,2.6020724773406982
2.1621673107147217,1.760336995124817,2.602083206176758
2.1621673107147217,1.760336995124817,2.602083206176758
2.162257194519043,1.7588459253311157,2.60133695602417
2.1618316173553467,1.7573003768920898,2.6012179851531982
2.1616625785827637,1.757340669631958,2.601616859436035
2.1620748043060303,1.7570810317993164,2.601032018661499
2.1629862785339355,1.7564104795455933,2.599991798400879
2.163318157196045,1.7564221620559692,2.600114107131958
2.1622231006622314,1.7576135396957397,2.601025104522705
2.162337303161621,1.7572124004364014,2.6007323265075684
2.1619091033935547,1.7555118799209595,2.600327968597412
2.1614019870758057,1.755407691001892,2.6006133556365967
2.1608028411865234,1.7559938430786133,2.6010563373565674
2.1611905097961426,1.7555160522460938,2.600834608078003
2.1611905097961426,1.7555160522460938,2.600834608078003
2.162503242492676,1.7540117502212524,2.5995023250579834
2.1627025604248047,1.7536036968231201,2.599393367767334
2.1622350215911865,1.7539311647415161,2.5998637676239014
2.1632142066955566,1.7540947198867798,2.5988800525665283
2.1631996631622314,1.7531754970550537,2.598494529724121
2.163588285446167,1.7530107498168945,2.598240375518799
2.1625659465789795,1.7515841722488403,2.5981502532958984
2.1632955074310303,1.752488613128662,2.597686290740967
2.1637964248657227,1.7523736953735352,2.5971181392669678
2.1637964248657227,1.7523736953735352,2.5971181392669678
2.164098024368286,1.751813292503357,2.5965893268585205
2.163809299468994,1.75187349319458,2.5968360900878906
2.1624510288238525,1.7511385679244995,2.597480297088623
2.1623871326446533,1.7503896951675415,2.5974299907684326
2.161771774291992,1.7499350309371948,2.5976874828338623
2.161465883255005,1.7494560480117798,2.5978736877441406
2.1605465412139893,1.748534917831421,2.598720073699951
2.1598706245422363,1.7476465702056885,2.5988926887512207
2.1595492362976074,1.7467811107635498,2.598741054534912
2.1572718620300293,1.7470097541809082,2.5998218059539795
2.1551756858825684,1.7479819059371948,2.600985050201416
2.1551198959350586,1.7479623556137085,2.6009552478790283
2.153752326965332,1.7467063665390015,2.6010000705718994
2.153752326965332,1.7467063665390015,2.6010000705718994
2.152409791946411,1.7468341588974,2.6018598079681396
2.15041184425354,1.7467435598373413,2.6028079986572266
2.1491687297821045,1.747678279876709,2.6041226387023926
2.1481921672821045,1.7479965686798096,2.6044576168060303
2.1489295959472656,1.7466273307800293,2.604417324066162
2.150390386581421,1.7451231479644775,2.6036605834960938
2.151505470275879,1.7456785440444946,2.6034011840820312
2.1518070697784424,1.7454442977905273,2.603264331817627
2.1509103775024414,1.745540738105774,2.604187250137329
2.150139093399048,1.7447104454040527,2.6044869422912598
2.1500327587127686,1.7449058294296265,2.6047286987304688
2.150961399078369,1.7448855638504028,2.6043150424957275
2.150961399078369,1.7448855638504028,2.6043150424957275
2.1515963077545166,1.743879795074463,2.6035943031311035
2.1518211364746094,1.7435280084609985,2.60335111618042
2.151475429534912,1.7446049451828003,2.6040568351745605
2.150418758392334,1.7454981803894043,2.605102300643921
2.150418758392334,1.7454981803894043,2.605102300643921
2.1497421264648438,1.744576096534729,2.605213165283203
2.1507580280303955,1.7428960800170898,2.6041371822357178
2.151402473449707,1.7426683902740479,2.603975772857666
2.15312123298645,1.7430386543273926,2.602994918823242
2.1527822017669678,1.743167519569397,2.6032776832580566
2.1524131298065186,1.7428947687149048,2.603085994720459
2.1525585651397705,1.7422443628311157,2.6027588844299316
2.15240740776062,1.7413263320922852,2.602447271347046
2.1531929969787598,1.741653561592102,2.602437973022461
2.154965400695801,1.7420363426208496,2.601766586303711
2.154642343521118,1.7413221597671509,2.6017343997955322
2.1545827388763428,1.7413015365600586,2.6015944480895996
2.1545827388763428,1.7413015365600586,2.6015944480895996
2.15380859375,1.7415977716445923,2.6020925045013428
2.154682159423828,1.7411587238311768,2.6014039516448975
2.1553072929382324,1.740889310836792,2.6009433269500732
2.1553354263305664,1.7409299612045288,2.6006228923797607
2.155350923538208,1.7404764890670776,2.600693941116333
2.154240369796753,1.7391830682754517,2.600651979446411
2.153395175933838,1.738888144493103,2.601109743118286
2.1532649993896484,1.7387393712997437,2.601198673248291
2.1537082195281982,1.7386643886566162,2.600569486618042
2.1547751426696777,1.7379435300827026,2.6001362800598145
2.1542816162109375,1.737095832824707,2.600165605545044
2.1533491611480713,1.7370706796646118,2.600684642791748
2.1526739597320557,1.736863374710083,2.6012423038482666
2.152341604232788,1.7356431484222412,2.6011602878570557
2.152134895324707,1.7324590682983398,2.6004257202148438
2.1512041091918945,1.7320501804351807,2.6013031005859375
2.1495578289031982,1.7309142351150513,2.6018905639648438
2.1495578289031982,1.7309142351150513,2.6018905639648438
2.148423671722412,1.7317419052124023,2.602587938308716
2.148423671722412,1.7317419052124023,2.602587938308716
2.1479179859161377,1.732948899269104,2.603520154953003
2.1478230953216553,1.7347476482391357,2.6038360595703125
2.148167848587036,1.7338911294937134,2.60302996635437
2.148454189300537,1.7327934503555298,2.6025283336639404
2.1479294300079346,1.7320548295974731,2.6030733585357666
2.1477372646331787,1.7316527366638184,2.6030595302581787
2.147984266281128,1.7323356866836548,2.6027369499206543
2.147984266281128,1.7323356866836548,2.6027369499206543
2.148052215576172,1.732591152191162,2.6024811267852783
2.1462507247924805,1.7322145700454712,2.603109121322632
2.1458890438079834,1.731990098953247,2.603346347808838
2.1470723152160645,1.731339931488037,2.602567672729492
2.147737503051758,1.7310577630996704,2.6017649173736572
2.1482338905334473,1.7307699918746948,2.6012115478515625
2.146775722503662,1.730698585510254,2.601931571960449
2.1467232704162598,1.730249047279358,2.6017560958862305
2.1467232704162598,1.730249047279358,2.6017560958862305
2.1467092037200928,1.7301949262619019,2.6021292209625244
2.145826816558838,1.729650616645813,2.602489948272705
2.145368814468384,1.7304404973983765,2.6035003662109375
2.1453468799591064,1.7296851873397827,2.603095293045044
2.1464529037475586,1.7293590307235718,2.6026618480682373
2.1459927558898926,1.7282898426055908,2.602808713912964
2.146589994430542,1.7288999557495117,2.602562665939331
2.1458427906036377,1.7294211387634277,2.603668212890625
2.1472816467285156,1.728533387184143,2.602078914642334
2.1471126079559326,1.7272529602050781,2.601742744445801
2.147294282913208,1.7270255088806152,2.601850748062134
2.1467154026031494,1.7270832061767578,2.60223650932312
2.1470108032226562,1.7276769876480103,2.602041244506836
2.1470108032226562,1.7276769876480103,2.602041244506836
2.147193431854248,1.7271394729614258,2.601768732070923
2.146841526031494,1.7267730236053467,2.6018731594085693
2.1477267742156982,1.7271533012390137,2.601586103439331
2.1476800441741943,1.7283936738967896,2.6015851497650146
2.148226499557495,1.727942705154419,2.600771188735962
2.1467604637145996,1.7258765697479248,2.601738929748535
2.1467604637145996,1.7258765697479248,2.601738929748535
2.145681858062744,1.7251737117767334,2.602405071258545
2.145123243331909,1.7251359224319458,2.602933645248413
2.1452927589416504,1.725203514099121,2.602522611618042
2.14595365524292,1.724853754043579,2.6019816398620605
2.1454105377197266,1.7245783805847168,2.6021158695220947
2.145596742630005,1.724150538444519,2.6021320819854736
2.1448380947113037,1.7239378690719604,2.601928472518921
2.145174026489258,1.7225749492645264,2.601191520690918
2.145174026489258,1.7225749492645264,2.601191520690918
2.145108461380005,1.7228442430496216,2.601018190383911
2.1450157165527344,1.7219589948654175,2.600770950317383
2.1451661586761475,1.7225724458694458,2.600907325744629
2.1448869705200195,1.7226330041885376,2.601114511489868
2.1448872089385986,1.7233765125274658,2.6015405654907227
2.1448869705200195,1.7244020700454712,2.6017751693725586
2.1444332599639893,1.7241694927215576,2.602409601211548
2.1442971229553223,1.723397970199585,2.60243821144104
2.144890069961548,1.7225925922393799,2.602145195007324
2.144890069961548,1.7225925922393799,2.602145195007324
2.1452505588531494,1.7220243215560913,2.601771593093872
2.1469016075134277,1.7222234010696411,2.6011130809783936
2.1477715969085693,1.722368836402893,2.60107684135437
2.148338556289673,1.721756100654602,2.600508689880371
2.1484169960021973,1.7207865715026855,2.6003341674804688
2.149576425552368,1.7204668521881104,2.5998432636260986
2.1493947505950928,1.720421314239502,2.6002490520477295
2.148200035095215,1.720236897468567,2.600898265838623
2.148200035095215,1.720236897468567,2.600898265838623
2.1481289863586426,1.7207438945770264,2.601111888885498
2.1477208137512207,1.7202643156051636,2.601145029067993
2.147757053375244,1.7197638750076294,2.601189374923706
2.1474103927612305,1.719386339187622,2.601344585418701
2.146928071975708,1.7196974754333496,2.60101056098938
2.1461052894592285,1.7189102172851562,2.6013121604919434
2.145132064819336,1.7191615104675293,2.601468563079834
2.145132064819336,1.7191615104675293,2.601468563079834
2.1451096534729004,1.718237042427063,2.601142644882202
2.146635055541992,1.7188005447387695,2.6003472805023193
2.14837646484375,1.7184499502182007,2.599010467529297
2.1485133171081543,1.7185438871383667,2.5986733436584473
2.1481921672821045,1.717736840248108,2.598541259765625
2.1483631134033203,1.7179505825042725,2.5988621711730957
2.148273229598999,1.716767430305481,2.5986576080322266
2.1480493545532227,1.7166744470596313,2.5988309383392334
2.1482994556427,1.7167032957077026,2.5989415645599365
2.148303985595703,1.715901255607605,2.5983245372772217
2.1494534015655518,1.7153702974319458,2.5975959300994873
2.1487700939178467,1.7167316675186157,2.5985794067382812
2.1480488777160645,1.7171664237976074,2.5993571281433105
2.1476736068725586,1.7164278030395508,2.599625587463379
2.1476736068725586,1.7164278030395508,2.599625587463379
2.1476380825042725,1.7152199745178223,2.5994646549224854
2.1480658054351807,1.714264988899231,2.5991039276123047
2.148581027984619,1.7144502401351929,2.598703145980835
2.1496427059173584,1.7148208618164062,2.5980582237243652
2.1499743461608887,1.7148672342300415,2.5977303981781006
2.149522066116333,1.7143031358718872,2.5977306365966797
2.148334503173828,1.7139008045196533,2.598062515258789
2.148334503173828,1.7139008045196533,2.598062515258789
2.147625684738159,1.7128580808639526,2.598032236099243
2.1476869583129883,1.7116512060165405,2.5971007347106934
2.1461689472198486,1.7084275484085083,2.596961259841919
2.1462976932525635,1.7082780599594116,2.5962042808532715
2.1463820934295654,1.70673406124115,2.59550404548645
2.1463780403137207,1.707231879234314,2.595841407775879
2.144045829772949,1.7083441019058228,2.597348690032959
2.1431355476379395,1.7087736129760742,2.5980541706085205
2.142641067504883,1.7082524299621582,2.59783673286438
2.14221453666687,1.706536054611206,2.597526788711548
2.14322829246521,1.7065621614456177,2.5967442989349365
2.143026828765869,1.706902265548706,2.5968804359436035
2.1442978382110596,1.7067631483078003,2.5959601402282715
2.1442978382110596,1.7067631483078003,2.5959601402282715
2.143902063369751,1.7059054374694824,2.5961363315582275
2.143120527267456,1.7054811716079712,2.595911979675293
2.1422839164733887,1.705742597579956,2.5968713760375977
2.141535997390747,1.7054601907730103,2.5969491004943848
2.1414921283721924,1.7041555643081665,2.5966126918792725
2.1422102451324463,1.7043514251708984,2.5964722633361816
2.1411690711975098,1.7056989669799805,2.5973799228668213
2.1411690711975098,1.7056989669799805,2.5973799228668213
2.141706705093384,1.7057582139968872,2.5970611572265625
2.141692876815796,1.7034424543380737,2.5965518951416016
2.1412689685821533,1.703626036643982,2.5971903800964355
2.1410164833068848,1.7044950723648071,2.5976312160491943
2.1416468620300293,1.7052522897720337,2.5980875492095947
2.1429617404937744,1.704347014427185,2.5969066619873047
2.143970012664795,1.7046855688095093,2.5967724323272705
2.144505739212036,1.7038159370422363,2.5962345600128174
2.144505739212036,1.7038159370422363,2.5962345600128174
2.1459903717041016,1.70395028591156,2.5958402156829834
2.1471335887908936,1.7041903734207153,2.5955026149749756
2.1473476886749268,1.7036255598068237,2.595576286315918
2.1465020179748535,1.702732801437378,2.5961315631866455
2.148167848587036,1.7025153636932373,2.595383644104004
2.150481939315796,1.7026867866516113,2.5941531658172607
2.1509430408477783,1.7040610313415527,2.5945487022399902
2.1506378650665283,1.705005168914795,2.594967842102051
2.1501102447509766,1.7031140327453613,2.5946691036224365
2.148995876312256,1.7013709545135498,2.594728469848633
2.1489644050598145,1.7012332677841187,2.594705104827881
2.1492509841918945,1.7015135288238525,2.594348430633545
2.1492509841918945,1.7015135288238525,2.594348430633545
2.150357484817505,1.7021585702896118,2.593478202819824
2.1507837772369385,1.7017923593521118,2.5928311347961426
2.1494109630584717,1.7006263732910156,2.592757225036621
2.148876190185547,1.7011569738388062,2.5931060314178467
2.1492316722869873,1.701682209968567,2.592695951461792
2.149675130844116,1.7001186609268188,2.591862201690674
2.149472713470459,1.6981242895126343,2.5912251472473145
2.148927927017212,1.6985667943954468,2.5923807621002197
2.148961067199707,1.6986416578292847,2.5920541286468506
2.149582862854004,1.6991925239562988,2.592564582824707
2.149582862854004,1.6991925239562988,2.592564582824707
2.148688793182373,1.6992720365524292,2.59299373626709
2.147554397583008,1.7000612020492554,2.5940935611724854
2.1469264030456543,1.7001433372497559,2.59451961517334
2.1473228931427,1.7008671760559082,2.5940818786621094
2.1474545001983643,1.7007807493209839,2.593916177749634
2.1475536823272705,1.701195240020752,2.59411883354187
2.147407293319702,1.7012377977371216,2.594181537628174
2.147407293319702,1.7012377977371216,2.594181537628174
2.1471261978149414,1.7003697156906128,2.5937466621398926
2.146648406982422,1.6996753215789795,2.5937256813049316
2.145336389541626,1.700680136680603,2.5949151515960693
2.1449337005615234,1.7011842727661133,2.594987154006958
2.1453537940979004,1.700463891029358,2.594191551208496
2.1450021266937256,1.6995230913162231,2.593999147415161
2.1448612213134766,1.6998425722122192,2.5941126346588135
2.1454336643218994,1.7006981372833252,2.594156503677368
2.1444530487060547,1.7013602256774902,2.5944161415100098
2.143770933151245,1.7012438774108887,2.5951313972473145
2.1413421630859375,1.7001069784164429,2.596658229827881
2.1413421630859375,1.7001069784164429,2.596658229827881
2.1412386894226074,1.7001291513442993,2.5966193675994873
2.1431939601898193,1.7006933689117432,2.595496654510498
2.14482045173645,1.7011812925338745,2.594911813735962
2.145303726196289,1.7016117572784424,2.594971179962158
2.144627571105957,1.7010900974273682,2.5956969261169434
2.1441214084625244,1.6990300416946411,2.5958521366119385
2.143920421600342,1.6995913982391357,2.5961601734161377
2.143768548965454,1.7000477313995361,2.5969176292419434
2.1440486907958984,1.6997672319412231,2.596322774887085
2.1447744369506836,1.6986182928085327,2.5955193042755127
2.144638776779175,1.6992300748825073,2.5960538387298584
2.1441855430603027,1.7004770040512085,2.5972819328308105
2.1444950103759766,1.701897382736206,2.5975379943847656
2.1446070671081543,1.701645016670227,2.597299098968506
2.144399404525757,1.6997065544128418,2.596712112426758
2.144913673400879,1.6986662149429321,2.5966455936431885
2.144913673400879,1.6986662149429321,2.5966455936431885
2.1458566188812256,1.6994800567626953,2.5959529876708984
2.1494932174682617,1.699166178703308,2.5936946868896484
2.151350498199463,1.6989206075668335,2.592217445373535
2.1523518562316895,1.6981780529022217,2.591400146484375
2.151047468185425,1.6977120637893677,2.591869592666626
2.150675058364868,1.6972284317016602,2.592371702194214
2.1494224071502686,1.6962095499038696,2.5928568840026855
2.1489875316619873,1.6960989236831665,2.5928547382354736
2.1489875316619873,1.6960989236831665,2.5928547382354736
2.148561954498291,1.6957669258117676,2.5930416584014893
2.14833664894104,1.6955405473709106,2.5927155017852783
2.1490848064422607,1.6940938234329224,2.591600179672241
2.1504998207092285,1.694717526435852,2.5911781787872314
2.1517672538757324,1.6960703134536743,2.590895652770996
2.1522936820983887,1.6955660581588745,2.5906193256378174
2.1523420810699463,1.6933883428573608,2.589890480041504
2.150529384613037,1.6939160823822021,2.5906624794006348
2.150529384613037,1.6939160823822021,2.5906624794006348
2.151592969894409,1.6934878826141357,2.589914321899414
2.1524658203125,1.6931530237197876,2.589369297027588
2.1521153450012207,1.6935651302337646,2.5902109146118164
2.1514334678649902,1.693830132484436,2.5904347896575928
2.1517632007598877,1.6928097009658813,2.589629650115967
2.151909828186035,1.6916451454162598,2.5890004634857178
2.1518917083740234,1.6915007829666138,2.588921546936035
2.152082920074463,1.6908122301101685,2.588940143585205
2.1527793407440186,1.6880161762237549,2.587671995162964
2.1530158519744873,1.686758279800415,2.5874521732330322
2.152862071990967,1.686437964439392,2.5872716903686523
2.152395725250244,1.6867189407348633,2.5882346630096436
2.152395725250244,1.6867189407348633,2.5882346630096436
2.152134895324707,1.6866893768310547,2.5885865688323975
2.151244878768921,1.685706377029419,2.588778257369995
2.1503732204437256,1.6850225925445557,2.5892019271850586
2.1481316089630127,1.6842693090438843,2.5900938510894775
2.1483421325683594,1.684117078781128,2.589524030685425
2.1486122608184814,1.6834925413131714,2.5889201164245605
2.148759126663208,1.6827064752578735,2.5883593559265137
2.148117780685425,1.6827740669250488,2.5890634059906006
2.1476473808288574,1.6827118396759033,2.5887696743011475
2.1473991870880127,1.6823925971984863,2.588407278060913
2.1461195945739746,1.6816647052764893,2.5885543823242188
2.1461195945739746,1.6816647052764893,2.5885543823242188
2.1459126472473145,1.6828794479370117,2.589507579803467
2.1464779376983643,1.6832647323608398,2.5886261463165283
2.14737868309021,1.6812087297439575,2.5875232219696045
2.147862672805786,1.680031657218933,2.5868852138519287
2.147704601287842,1.6799943447113037,2.5873494148254395
2.1461029052734375,1.6790436506271362,2.587618350982666
2.1453487873077393,1.6768455505371094,2.5876612663269043
2.144620656967163,1.6751130819320679,2.5879297256469727
2.143202781677246,1.6759209632873535,2.5888912677764893
2.1435177326202393,1.6759546995162964,2.588590621948242
2.1439383029937744,1.675341248512268,2.588158369064331
2.144578695297241,1.6752463579177856,2.588038921356201
2.144578695297241,1.6752463579177856,2.588038921356201
2.143641471862793,1.676274299621582,2.5894622802734375
2.1428442001342773,1.6768240928649902,2.5899550914764404
2.1427149772644043,1.675653338432312,2.589467763900757
2.1418449878692627,1.6756187677383423,2.5904791355133057
2.1414096355438232,1.6761568784713745,2.5909628868103027
2.1426262855529785,1.6770216226577759,2.591093063354492
2.1451525688171387,1.675940990447998,2.5891714096069336
2.146791934967041,1.6764814853668213,2.5881314277648926
2.1457715034484863,1.676646113395691,2.5887277126312256
2.144937515258789,1.6759763956069946,2.5883724689483643
2.1433300971984863,1.6745266914367676,2.5887818336486816
2.1433300971984863,1.6745266914367676,2.5887818336486816
2.1426119804382324,1.6753933429718018,2.5889620780944824
2.1427254676818848,1.6767138242721558,2.589332342147827
2.1436023712158203,1.676307201385498,2.5881307125091553
2.144190788269043,1.6755163669586182,2.5873990058898926
2.1438255310058594,1.675695538520813,2.5877583026885986
2.1432173252105713,1.6759029626846313,2.588005542755127
2.1419551372528076,1.6766644716262817,2.588927745819092
2.1415300369262695,1.676284909248352,2.588672399520874
2.1415011882781982,1.6745669841766357,2.5885603427886963
2.1411964893341064,1.673923134803772,2.5885109901428223
2.140268325805664,1.6737250089645386,2.5892035961151123
2.140268325805664,1.6737250089645386,2.5892035961151123
2.139690399169922,1.6728595495224,2.588967800140381
2.1381402015686035,1.6722079515457153,2.589729070663452
2.137735366821289,1.6723053455352783,2.590341806411743
2.1384363174438477,1.6724505424499512,2.590244770050049
2.1382172107696533,1.670589566230774,2.5900254249572754
2.138343095779419,1.6685657501220703,2.5899760723114014
2.137531280517578,1.6680350303649902,2.590883255004883
2.139143228530884,1.6681880950927734,2.5899415016174316
2.1407907009124756,1.6681221723556519,2.589319944381714
2.1407907009124756,1.6681221723556519,2.589319944381714
2.143578052520752,1.6676775217056274,2.587899684906006
2.1449155807495117,1.6676486730575562,2.5871825218200684
2.146080493927002,1.6674680709838867,2.586528778076172
2.145793914794922,1.6672128438949585,2.586437225341797
2.144625663757324,1.6668535470962524,2.587125062942505
2.144899368286133,1.666959285736084,2.587575674057007
2.1447298526763916,1.6664680242538452,2.5874948501586914
2.146064043045044,1.666715145111084,2.58679461479187
2.1470398902893066,1.6704260110855103,2.5866174697875977
2.1470398902893066,1.6704260110855103,2.5866174697875977
2.1459009647369385,1.6708565950393677,2.587233781814575
2.144624710083008,1.6682584285736084,2.58756947517395
2.145343065261841,1.6628222465515137,2.585831642150879
2.14609432220459,1.6610825061798096,2.5849413871765137
2.146667242050171,1.66249418258667,2.585218667984009
2.1468334197998047,1.6625539064407349,2.584671974182129
2.145866870880127,1.6600632667541504,2.5848543643951416
2.1449429988861084,1.6596770286560059,2.5855464935302734
2.1449429988861084,1.6596770286560059,2.5855464935302734
2.1416568756103516,1.6601827144622803,2.5872087478637695
2.140491008758545,1.6594165563583374,2.58770751953125
2.1399149894714355,1.6580064296722412,2.5882089138031006
2.1403138637542725,1.6573975086212158,2.5877275466918945
2.1416099071502686,1.6568450927734375,2.586533784866333
2.1452245712280273,1.6548453569412231,2.583777666091919
2.146993637084961,1.653401255607605,2.5824451446533203
2.1476149559020996,1.6536064147949219,2.5828731060028076
2.147865056991577,1.6524758338928223,2.5822553634643555
2.1486012935638428,1.6506985425949097,2.582078456878662
2.1484029293060303,1.649256944656372,2.5821332931518555
2.145282030105591,1.6490161418914795,2.584439754486084
2.145282030105591,1.6490161418914795,2.584439754486084
2.14350962638855,1.6485021114349365,2.5854880809783936
2.1412343978881836,1.6469029188156128,2.586780071258545
2.1396536827087402,1.6456317901611328,2.5873618125915527
2.1392061710357666,1.6442599296569824,2.5875065326690674
2.141472816467285,1.6433624029159546,2.5858123302459717
2.1418633460998535,1.6416895389556885,2.5852560997009277
2.141091823577881,1.638840913772583,2.585076093673706
2.141091823577881,1.638840913772583,2.585076093673706
2.140226125717163,1.639352798461914,2.585648536682129
2.1406264305114746,1.6391651630401611,2.5852184295654297
2.1405208110809326,1.6392995119094849,2.584296464920044
2.141017436981201,1.6388565301895142,2.583841323852539
2.1406383514404297,1.6396199464797974,2.5845627784729004
2.1409292221069336,1.6399810314178467,2.5840628147125244
2.1401212215423584,1.6412290334701538,2.5847625732421875
2.139108657836914,1.6432346105575562,2.585404872894287
2.139108657836914,1.6432346105575562,2.585404872894287
2.1377274990081787,1.6454359292984009,2.5866942405700684
2.1364917755126953,1.6477609872817993,2.5879080295562744
2.1346592903137207,1.6484365463256836,2.589386463165283
2.1322453022003174,1.648909330368042,2.590904712677002
2.132741928100586,1.6486672163009644,2.5901758670806885
2.134763717651367,1.6500511169433594,2.5892112255096436
2.136686325073242,1.6516157388687134,2.588195323944092
2.136411428451538,1.652751088142395,2.58766770362854
2.1363308429718018,1.6520118713378906,2.587818145751953
2.136225461959839,1.6515434980392456,2.58689022064209
2.1360881328582764,1.6510008573532104,2.586613178253174
2.1369383335113525,1.6515231132507324,2.5863192081451416
2.138288736343384,1.6520634889602661,2.585491418838501
2.140005111694336,1.6504305601119995,2.584160327911377
2.140395402908325,1.6492722034454346,2.583460569381714
2.1397407054901123,1.6495922803878784,2.584296941757202
2.140336275100708,1.6505107879638672,2.5844643115997314
2.1406052112579346,1.647469162940979,2.583613634109497
2.141789674758911,1.6460567712783813,2.582878589630127
2.141789674758911,1.6460567712783813,2.582878589630127
2.143848180770874,1.6461079120635986,2.582892894744873
2.1421713829040527,1.646072506904602,2.5836291313171387
2.1415534019470215,1.644139051437378,2.583599328994751
2.1413724422454834,1.6430444717407227,2.584066390991211
2.1414077281951904,1.6428279876708984,2.583491086959839
2.143188953399658,1.6427878141403198,2.58274507522583
2.1450297832489014,1.6424837112426758,2.5817148685455322
2.1450297832489014,1.6424837112426758,2.5817148685455322
2.145751476287842,1.6416513919830322,2.5811054706573486
2.14522647857666,1.6413474082946777,2.5817179679870605
2.1442854404449463,1.6405150890350342,2.5816335678100586
2.1409738063812256,1.6360653638839722,2.582340717315674
2.1409738063812256,1.6360653638839722,2.582340717315674
2.1399848461151123,1.6340482234954834,2.5827512741088867
2.1410019397735596,1.6328667402267456,2.5812454223632812
2.1416945457458496,1.6320860385894775,2.5807886123657227
2.143657684326172,1.632239580154419,2.5791969299316406
2.14290714263916,1.633191466331482,2.5796704292297363
2.14219331741333,1.6320282220840454,2.5789804458618164
2.141779899597168,1.6307440996170044,2.57893443107605
2.141779899597168,1.6307440996170044,2.57893443107605
2.140528917312622,1.6304676532745361,2.5797665119171143
2.1387135982513428,1.6306113004684448,2.580744743347168
2.137613296508789,1.6307936906814575,2.5813794136047363
2.1368415355682373,1.6305723190307617,2.5817039012908936
2.136390447616577,1.6311070919036865,2.582343339920044
2.1354429721832275,1.632217526435852,2.583366632461548
2.137437582015991,1.6317805051803589,2.582064628601074
2.137800455093384,1.631285309791565,2.581328868865967
2.137641429901123,1.6305959224700928,2.5806174278259277
2.137641429901123,1.6305959224700928,2.5806174278259277
2.1372554302215576,1.6302911043167114,2.579845428466797
2.1363444328308105,1.6291922330856323,2.5796031951904297
2.136955738067627,1.6282451152801514,2.5786452293395996
2.1357502937316895,1.6273456811904907,2.5786192417144775
2.135869264602661,1.6265190839767456,2.5786094665527344
2.136789560317993,1.6249099969863892,2.5778706073760986
2.138673782348633,1.6239221096038818,2.57734751701355
2.1383237838745117,1.6227481365203857,2.577378273010254
2.1378533840179443,1.6220626831054688,2.5778846740722656
2.1371281147003174,1.6213488578796387,2.5782361030578613
2.1371281147003174,1.6213488578796387,2.5782361030578613
2.1373190879821777,1.6205904483795166,2.57826828956604
2.1375927925109863,1.6207674741744995,2.5785892009735107
2.137390613555908,1.6213626861572266,2.57951283454895
2.1384634971618652,1.6218849420547485,2.578693151473999
2.1376922130584717,1.6213666200637817,2.579197883605957
2.1379644870758057,1.620935082435608,2.5791077613830566
2.137267589569092,1.6212037801742554,2.57961106300354
2.137385606765747,1.6208149194717407,2.579333543777466
2.138050079345703,1.6189454793930054,2.578364372253418
2.1378791332244873,1.618251085281372,2.5783228874206543
2.1370718479156494,1.6192731857299805,2.579296112060547
2.136242389678955,1.6191657781600952,2.579286813735962
2.136242389678955,1.6191657781600952,2.579286813735962
2.1360080242156982,1.6181659698486328,2.578552484512329
2.1365928649902344,1.6173616647720337,2.5777549743652344
2.1357243061065674,1.6179629564285278,2.5785622596740723
2.135917901992798,1.616665005683899,2.5781867504119873
2.134894371032715,1.6135162115097046,2.577939987182617
2.1340575218200684,1.6127289533615112,2.5780997276306152
2.13360595703125,1.613680124282837,2.5789198875427246
2.134983539581299,1.6132526397705078,2.5774950981140137
2.134983539581299,1.6132526397705078,2.5774950981140137
2.1361336708068848,1.6116091012954712,2.576317071914673
2.1365597248077393,1.6111195087432861,2.575902223587036
2.135279417037964,1.6109068393707275,2.576190710067749
2.136815309524536,1.6100642681121826,2.5752792358398438
2.1370928287506104,1.6078964471817017,2.5741376876831055
2.1385533809661865,1.6066381931304932,2.5734589099884033
2.1397526264190674,1.605664849281311,2.5727884769439697
2.1391398906707764,1.604629635810852,2.5734403133392334
2.139465093612671,1.6036802530288696,2.5731983184814453
2.139547348022461,1.6025547981262207,2.573141574859619
2.139589548110962,1.6020723581314087,2.5730271339416504
2.139073371887207,1.6014915704727173,2.5738325119018555
2.139073371887207,1.6014915704727173,2.5738325119018555
2.1380774974823,1.6004118919372559,2.5740902423858643
2.136644124984741,1.5999358892440796,2.575073480606079
2.135317802429199,1.5989718437194824,2.575220823287964
2.1348233222961426,1.5987037420272827,2.5751750469207764
2.1344187259674072,1.5984480381011963,2.5752065181732178
2.134965419769287,1.5988893508911133,2.57466459274292
2.1350414752960205,1.5991253852844238,2.574409008026123
2.135387420654297,1.5981525182724,2.5735034942626953
2.135387420654297,1.5981525182724,2.5735034942626953
2.1346054077148438,1.5979228019714355,2.5735385417938232
2.134096145629883,1.5973701477050781,2.573568344116211
2.133242607116699,1.5982224941253662,2.5744071006774902
2.132624864578247,1.5982444286346436,2.574190378189087
2.1317899227142334,1.5986043214797974,2.5747334957122803
2.1325740814208984,1.5982892513275146,2.574251413345337
2.1335625648498535,1.5988904237747192,2.5737144947052
2.134119749069214,1.5982913970947266,2.573105812072754
2.1335480213165283,1.5985972881317139,2.573636531829834
2.1325905323028564,1.5973436832427979,2.5736083984375
2.132143974304199,1.597906470298767,2.574409008026123
2.1314001083374023,1.5974056720733643,2.5747780799865723
2.1314001083374023,1.5974056720733643,2.5747780799865723
2.1305768489837646,1.5978126525878906,2.575326442718506
2.1299993991851807,1.5980548858642578,2.5756332874298096
2.13081693649292,1.5979406833648682,2.575181722640991
2.1316680908203125,1.5969194173812866,2.5742032527923584
2.1314697265625,1.5968701839447021,2.573888063430786
2.1315343379974365,1.5967624187469482,2.5740108489990234
2.1306040287017822,1.5960347652435303,2.5741798877716064
2.1307458877563477,1.5950500965118408,2.57379150390625
2.1307458877563477,1.5950500965118408,2.57379150390625
2.1320700645446777,1.5952653884887695,2.5734829902648926
2.1324169635772705,1.596670389175415,2.5739991664886475
2.1329429149627686,1.5971664190292358,2.5737268924713135
2.13342547416687,1.5955840349197388,2.5726163387298584
2.1335291862487793,1.5943599939346313,2.572714328765869
2.133063554763794,1.5946253538131714,2.5730769634246826
2.1331350803375244,1.595522403717041,2.573112964630127
2.1342954635620117,1.5948535203933716,2.5725324153900146
2.134260416030884,1.5943405628204346,2.572636842727661
2.134260416030884,1.5943405628204346,2.572636842727661
2.1330838203430176,1.5930440425872803,2.5729424953460693
2.132960319519043,1.5931291580200195,2.572885513305664
2.133244276046753,1.5930215120315552,2.571910858154297
2.1328701972961426,1.5923097133636475,2.5716376304626465
2.132533073425293,1.592543125152588,2.5715079307556152
2.1324522495269775,1.5921852588653564,2.5711829662323
2.1336050033569336,1.59156334400177,2.5704715251922607
2.1336050033569336,1.59156334400177,2.5704715251922607
2.134406805038452,1.5909724235534668,2.569657325744629
2.1343531608581543,1.5911401510238647,2.5702619552612305
2.133662700653076,1.591137170791626,2.5706560611724854
2.132394313812256,1.5905038118362427,2.5707550048828125
2.1318159103393555,1.5899319648742676,2.5707952976226807
2.131704092025757,1.5897324085235596,2.5708446502685547
2.132161855697632,1.5894215106964111,2.570582389831543
2.134126663208008,1.5892852544784546,2.569542646408081
2.13309907913208,1.5876216888427734,2.5697083473205566
2.1347475051879883,1.587266445159912,2.5691311359405518
2.133453130722046,1.5867860317230225,2.570046901702881
2.133453130722046,1.5867860317230225,2.570046901702881
2.133204460144043,1.5847207307815552,2.569758653640747
2.13348126411438,1.5839802026748657,2.569814682006836
2.134674072265625,1.5834052562713623,2.5693440437316895
2.1359221935272217,1.5837607383728027,2.5691089630126953
2.1362528800964355,1.5843524932861328,2.5686750411987305
2.136276960372925,1.5830299854278564,2.5678422451019287
2.13645339012146,1.582094430923462,2.5676190853118896
2.1354990005493164,1.5827913284301758,2.5680010318756104
2.1342642307281494,1.5826832056045532,2.568352222442627
2.133521318435669,1.5818146467208862,2.568272352218628
2.133187770843506,1.5812255144119263,2.568331241607666
2.1321957111358643,1.5805835723876953,2.56831955909729
2.132551908493042,1.580694317817688,2.567945718765259
2.1329562664031982,1.5800002813339233,2.5672011375427246
2.132411241531372,1.580249547958374,2.5669493675231934
2.1334636211395264,1.5799452066421509,2.566094160079956
2.1340839862823486,1.5793265104293823,2.5655980110168457
2.1341259479522705,1.5788720846176147,2.5654215812683105
2.133084535598755,1.5786128044128418,2.5663928985595703
2.13228178024292,1.578821063041687,2.5676796436309814
2.13215970993042,1.5786936283111572,2.567791700363159
2.13215970993042,1.5786936283111572,2.567791700363159
2.1325666904449463,1.5786365270614624,2.567875862121582
2.1338443756103516,1.5789529085159302,2.567232370376587
2.134580373764038,1.579671859741211,2.5675835609436035
2.1350207328796387,1.5790210962295532,2.5670387744903564
2.134537696838379,1.5769790410995483,2.5670671463012695
2.1335091590881348,1.5770387649536133,2.5676541328430176
2.1337075233459473,1.5764203071594238,2.5676493644714355
2.1339051723480225,1.574639081954956,2.5670228004455566
2.134603977203369,1.572603702545166,2.56636643409729
2.1341962814331055,1.5708202123641968,2.5661768913269043
2.1341962814331055,1.5708202123641968,2.5661768913269043
2.1342430114746094,1.5692051649093628,2.5657780170440674
2.1345837116241455,1.567173719406128,2.5646848678588867
2.1352360248565674,1.5663636922836304,2.5640652179718018
2.134843349456787,1.5654017925262451,2.5632364749908447
2.1352741718292236,1.5654114484786987,2.5628609657287598
2.1368024349212646,1.5645052194595337,2.5616416931152344
2.1368660926818848,1.5639222860336304,2.56134033203125
2.1382954120635986,1.563322901725769,2.5611157417297363
2.1384897232055664,1.5644444227218628,2.5616860389709473
2.13858962059021,1.5638434886932373,2.5609607696533203
2.1378884315490723,1.561990737915039,2.561099052429199
2.1372392177581787,1.5600963830947876,2.561138391494751
2.1365671157836914,1.559231162071228,2.5616137981414795
2.137087345123291,1.5593127012252808,2.5605833530426025
2.137087345123291,1.5593127012252808,2.5605833530426025
2.137923240661621,1.5591570138931274,2.5600812435150146
2.138223886489868,1.5594258308410645,2.5598549842834473
2.137965440750122,1.5594335794448853,2.559953451156616
2.138594627380371,1.5580341815948486,2.559021234512329
2.13810396194458,1.557289958000183,2.5589990615844727
2.1360673904418945,1.556755542755127,2.5600180625915527
2.135859727859497,1.557618498802185,2.5601282119750977
2.137291669845581,1.5572291612625122,2.558811902999878
2.1382362842559814,1.5576238632202148,2.558100461959839
2.1392204761505127,1.5567920207977295,2.5572073459625244
2.1392204761505127,1.5567920207977295,2.5572073459625244
2.1396522521972656,1.5580768585205078,2.557537317276001
2.137441873550415,1.5580676794052124,2.5576157569885254
2.138408899307251,1.5584028959274292,2.5574252605438232
2.1375832557678223,1.5572621822357178,2.55798077583313
2.137481212615967,1.5583478212356567,2.558548927307129
2.1376700401306152,1.5580590963363647,2.5578393936157227
2.1396851539611816,1.5581347942352295,2.5564382076263428
2.139817714691162,1.5578038692474365,2.5558502674102783
2.139134168624878,1.5580192804336548,2.5564870834350586
2.1394124031066895,1.558355689048767,2.5562360286712646
2.1391537189483643,1.5582613945007324,2.5562288761138916
2.1385467052459717,1.558940052986145,2.556875228881836
2.1383228302001953,1.5597071647644043,2.557368278503418
2.139247417449951,1.5594322681427002,2.5567853450775146
2.139716863632202,1.5581581592559814,2.556244134902954
2.139716863632202,1.5581581592559814,2.556244134902954
2.1391074657440186,1.5572704076766968,2.5563559532165527
2.138746738433838,1.5564879179000854,2.556204080581665
2.1381871700286865,1.5547784566879272,2.555870532989502
2.1372671127319336,1.5521053075790405,2.5551669597625732
2.136282205581665,1.5506503582000732,2.5552141666412354
2.13641619682312,1.5501210689544678,2.5547871589660645
2.137023687362671,1.5492852926254272,2.5539889335632324
2.1366701126098633,1.5487781763076782,2.553711175918579
2.1369504928588867,1.5470882654190063,2.553178310394287
2.136164665222168,1.5481219291687012,2.553828239440918
2.1368892192840576,1.5464450120925903,2.553467035293579
2.1370747089385986,1.5465413331985474,2.5534169673919678
2.1370747089385986,1.5465413331985474,2.5534169673919678
2.137204885482788,1.5469813346862793,2.554323673248291
2.1365106105804443,1.5471223592758179,2.5546412467956543
2.1363675594329834,1.546865463256836,2.554903268814087
2.1352267265319824,1.5459905862808228,2.5553998947143555
2.1350302696228027,1.5451384782791138,2.555450677871704
2.135134220123291,1.5443105697631836,2.555410385131836
2.134800434112549,1.5438144207000732,2.5555222034454346
2.1346137523651123,1.5437588691711426,2.555924654006958
2.1346137523651123,1.5437588691711426,2.555924654006958
2.1353564262390137,1.5436999797821045,2.5556766986846924
2.135709285736084,1.5435822010040283,2.5554723739624023
2.1364035606384277,1.5440741777420044,2.5555598735809326
2.1360702514648438,1.5434801578521729,2.55610728263855
2.1354756355285645,1.5426710844039917,2.5563149452209473
2.136601686477661,1.5419985055923462,2.555370569229126
2.13736629486084,1.5419152975082397,2.5549614429473877
2.138432025909424,1.5414897203445435,2.554055690765381
2.138650894165039,1.5420749187469482,2.5544304847717285
2.138650894165039,1.5420749187469482,2.5544304847717285
2.139432907104492,1.541130542755127,2.5531013011932373
2.139777183532715,1.5398495197296143,2.5525166988372803
2.1395211219787598,1.540366291999817,2.552274703979492
2.139326572418213,1.540549635887146,2.5522806644439697
2.138986825942993,1.5402644872665405,2.551780939102173
2.1393933296203613,1.5395407676696777,2.551090717315674
2.139159679412842,1.5394320487976074,2.551586627960205
2.1385083198547363,1.5394867658615112,2.552154302597046
2.138597011566162,1.5391267538070679,2.5519893169403076
2.139252185821533,1.5385513305664062,2.551286220550537
2.1391258239746094,1.5383986234664917,2.551272392272949
2.1373960971832275,1.5386240482330322,2.552537679672241
2.1373486518859863,1.537911057472229,2.552284002304077
2.137136697769165,1.5368268489837646,2.5515549182891846
2.137429714202881,1.5361038446426392,2.550618886947632
2.137429714202881,1.5361038446426392,2.550618886947632
2.1380932331085205,1.535926342010498,2.5501153469085693
2.138585329055786,1.5357898473739624,2.5495119094848633
2.1386172771453857,1.5346838235855103,2.549204111099243
2.1374900341033936,1.5332720279693604,2.549373149871826
2.1371588706970215,1.5325959920883179,2.549978733062744
2.1366281509399414,1.5315335988998413,2.5502262115478516
2.137925148010254,1.5293097496032715,2.5487990379333496
2.1379311084747314,1.5281994342803955,2.5486180782318115
2.1383965015411377,1.5274524688720703,2.548677444458008
2.1387693881988525,1.527498722076416,2.5487091541290283
2.138601541519165,1.5263018608093262,2.548595428466797
2.1390128135681152,1.5275064706802368,2.548401117324829
2.1384100914001465,1.5263818502426147,2.5495216846466064
2.137495279312134,1.524531602859497,2.5496208667755127
2.137819528579712,1.5218029022216797,2.5490267276763916
2.1386160850524902,1.5201928615570068,2.5483474731445312
2.1397464275360107,1.519871473312378,2.547621011734009
2.1407270431518555,1.5201565027236938,2.546849250793457
2.140932083129883,1.5200974941253662,2.5466060638427734
2.1403210163116455,1.5193082094192505,2.546581983566284
2.1389858722686768,1.519331693649292,2.5473389625549316
2.1389858722686768,1.519331693649292,2.5473389625549316
2.138368844985962,1.5202395915985107,2.5480382442474365
2.138735055923462,1.5202620029449463,2.5479211807250977
2.1389706134796143,1.5203255414962769,2.5481128692626953
2.1383233070373535,1.5198559761047363,2.548830986022949
2.139019250869751,1.5201882123947144,2.549025535583496
2.1378557682037354,1.5192315578460693,2.5499157905578613
2.1379129886627197,1.518633246421814,2.5498299598693848
2.1374552249908447,1.5156625509262085,2.549968957901001
2.1356863975524902,1.5154411792755127,2.5507216453552246
2.1345632076263428,1.5143753290176392,2.550832986831665
2.1345632076263428,1.5143753290176392,2.550832986831665
2.134126663208008,1.5139094591140747,2.5508854389190674
2.1340277194976807,1.5129178762435913,2.550351619720459
2.133772611618042,1.5119036436080933,2.5508296489715576
2.1343817710876465,1.50969660282135,2.5496809482574463
2.13497257232666,1.508404016494751,2.549224615097046
2.134523630142212,1.5067369937896729,2.5488057136535645
2.134282350540161,1.5059674978256226,2.549229621887207
2.1349449157714844,1.5058033466339111,2.5490336418151855
2.1343629360198975,1.5042340755462646,2.5488436222076416
2.133932113647461,1.5031251907348633,2.5488533973693848
2.1334075927734375,1.5018820762634277,2.5494461059570312
2.1340203285217285,1.501036524772644,2.548689365386963
2.134896993637085,1.5011775493621826,2.5485053062438965
2.135871648788452,1.5010684728622437,2.548219680786133
2.1354236602783203,1.501417875289917,2.5486533641815186
2.1376965045928955,1.4991180896759033,2.546459436416626
2.138603925704956,1.4956098794937134,2.5448899269104004
2.139331340789795,1.494255781173706,2.543546676635742
2.139331340789795,1.494255781173706,2.543546676635742
2.14100980758667,1.4952847957611084,2.5427985191345215
2.140556573867798,1.4942377805709839,2.5424532890319824
2.1384594440460205,1.4935280084609985,2.5427653789520264
2.137556552886963,1.4928271770477295,2.543281078338623
2.1367225646972656,1.4919445514678955,2.5434999465942383
2.1379477977752686,1.492331624031067,2.5433828830718994
2.1384761333465576,1.491565465927124,2.5425946712493896
2.1392223834991455,1.4925073385238647,2.5427215099334717
2.1386537551879883,1.4922242164611816,2.542943239212036
2.138235569000244,1.491348385810852,2.543513774871826
2.137570858001709,1.4906598329544067,2.5438201427459717
2.137500286102295,1.4908958673477173,2.5433523654937744
2.137500286102295,1.4908958673477173,2.5433523654937744
2.13857364654541,1.4908910989761353,2.5425949096679688
2.139920473098755,1.4908643960952759,2.5416104793548584
2.1403956413269043,1.4898029565811157,2.5406241416931152
2.13940691947937,1.4887741804122925,2.540553092956543
2.1390461921691895,1.4887871742248535,2.540825366973877
2.1394267082214355,1.489419937133789,2.540992021560669
2.1398327350616455,1.4894022941589355,2.540834903717041
2.139785051345825,1.488753080368042,2.5405993461608887
2.139824628829956,1.4885828495025635,2.5410401821136475
2.139469623565674,1.487701177597046,2.540879011154175
2.1393442153930664,1.4866939783096313,2.5406787395477295
2.1387546062469482,1.4842528104782104,2.540613889694214
2.137714147567749,1.4823766946792603,2.5401508808135986
2.137908935546875,1.4802607297897339,2.539360523223877
2.1372506618499756,1.4784271717071533,2.538801908493042
2.135024309158325,1.4776496887207031,2.539689302444458
2.134416103363037,1.4771581888198853,2.5393831729888916
2.1349570751190186,1.4788072109222412,2.5394163131713867
2.1349570751190186,1.4788072109222412,2.5394163131713867
2.135230779647827,1.4763600826263428,2.5392026901245117
2.1350955963134766,1.4751442670822144,2.539031744003296
2.1340279579162598,1.4743534326553345,2.5381550788879395
2.133565902709961,1.4732756614685059,2.5378127098083496
2.1341025829315186,1.4738223552703857,2.537332057952881
2.133605480194092,1.473413348197937,2.5373103618621826
2.133615732192993,1.4740785360336304,2.5375499725341797
2.1339361667633057,1.474064588546753,2.5373029708862305
2.134108304977417,1.4735589027404785,2.5367982387542725
2.134108304977417,1.4735589027404785,2.5367982387542725
2.1337108612060547,1.4730548858642578,2.537137269973755
2.1334543228149414,1.4737834930419922,2.5378799438476562
2.1338863372802734,1.4736899137496948,2.538046360015869
2.1350080966949463,1.4723519086837769,2.53761625289917
2.13451886177063,1.4715291261672974,2.5378286838531494
2.1341371536254883,1.4718241691589355,2.538266897201538
2.135584592819214,1.4717235565185547,2.537710189819336
2.136833667755127,1.4713259935379028,2.537194013595581
2.1369926929473877,1.4712456464767456,2.5372180938720703
2.136768102645874,1.4711130857467651,2.5375852584838867
2.1384918689727783,1.4701030254364014,2.5363235473632812
2.138998031616211,1.4685816764831543,2.5353569984436035
2.1389951705932617,1.4689794778823853,2.5353472232818604
2.1401522159576416,1.4699918031692505,2.5353469848632812
2.139763832092285,1.4675105810165405,2.5344154834747314
2.1407783031463623,1.4652767181396484,2.5333402156829834
2.1407783031463623,1.4652767181396484,2.5333402156829834
2.1398837566375732,1.4649784564971924,2.5336036682128906
2.1388158798217773,1.464000940322876,2.533827543258667
2.139227867126465,1.4630274772644043,2.532902717590332
2.139009714126587,1.460816740989685,2.532046318054199
2.1383163928985596,1.4599549770355225,2.5318572521209717
2.1376428604125977,1.459637999534607,2.532344341278076
2.136923313140869,1.4610446691513062,2.5326199531555176
2.1383535861968994,1.4613311290740967,2.5313727855682373
2.1384897232055664,1.4613336324691772,2.531496286392212
2.1381583213806152,1.4612038135528564,2.531641960144043
2.138193368911743,1.460443139076233,2.5314512252807617
2.1378302574157715,1.4594426155090332,2.5312604904174805
2.137721061706543,1.459465503692627,2.5316357612609863
2.1374075412750244,1.459954023361206,2.532189130783081
2.1387271881103516,1.4596253633499146,2.530890703201294
2.1387271881103516,1.4596253633499146,2.530890703201294
2.1383767127990723,1.4587355852127075,2.5307998657226562
2.137157440185547,1.458455204963684,2.531587600708008
2.1361095905303955,1.4595308303833008,2.532789707183838
2.1370174884796143,1.4602417945861816,2.5325822830200195
2.138052463531494,1.4586937427520752,2.5314576625823975
2.138540506362915,1.457412600517273,2.5308079719543457
2.138063430786133,1.4562716484069824,2.5310137271881104
2.138206958770752,1.456373929977417,2.5310263633728027
2.1389379501342773,1.454331636428833,2.530048370361328
2.1382029056549072,1.4534751176834106,2.5304958820343018
2.138385534286499,1.4546014070510864,2.5300545692443848
2.1393558979034424,1.4548139572143555,2.529536724090576
2.1394877433776855,1.452864170074463,2.5287513732910156
2.137037515640259,1.4511191844940186,2.5299370288848877
2.137037515640259,1.4511191844940186,2.5299370288848877
2.1371560096740723,1.4523050785064697,2.529862642288208
2.1369099617004395,1.452737808227539,2.530639171600342
2.136963129043579,1.4523544311523438,2.5300300121307373
2.1373708248138428,1.451888084411621,2.5295166969299316
2.13765549659729,1.451751470565796,2.52912974357605
2.137793779373169,1.4515033960342407,2.5288400650024414
2.1373720169067383,1.4504926204681396,2.5285863876342773
2.1360599994659424,1.4498515129089355,2.529149293899536
2.134732484817505,1.4499156475067139,2.5301361083984375
2.134732484817505,1.4499156475067139,2.5301361083984375
2.1334993839263916,1.4503264427185059,2.5310428142547607
2.133999824523926,1.450688362121582,2.530329465866089
2.133685350418091,1.4502612352371216,2.5302062034606934
2.1333212852478027,1.450226902961731,2.5305707454681396
2.1333651542663574,1.4504181146621704,2.5299863815307617
2.13383150100708,1.4483978748321533,2.5287415981292725
2.1339898109436035,1.4486052989959717,2.5291993618011475
2.133021354675293,1.4470560550689697,2.5291454792022705
2.133021354675293,1.4470560550689697,2.5291454792022705
2.133770227432251,1.4478514194488525,2.5288803577423096
2.1343154907226562,1.446492314338684,2.527860164642334
2.135803461074829,1.447438359260559,2.527635335922241
2.135885715484619,1.447625756263733,2.528014898300171
2.1363582611083984,1.4477958679199219,2.5278875827789307
2.137000799179077,1.4469945430755615,2.5273027420043945
2.1374635696411133,1.4468250274658203,2.52710223197937
2.1377105712890625,1.4469852447509766,2.527348279953003
2.137976884841919,1.44754958152771,2.5271241664886475
2.139014720916748,1.4470772743225098,2.526298761367798
2.13869047164917,1.4465601444244385,2.5263428688049316
2.13869047164917,1.4465601444244385,2.5263428688049316
2.1389997005462646,1.4460718631744385,2.526175022125244
2.138418197631836,1.446580410003662,2.526559352874756
2.1393914222717285,1.4461450576782227,2.5255019664764404
2.1399080753326416,1.4450424909591675,2.524833917617798
2.1397409439086914,1.4447906017303467,2.5247247219085693
2.1393892765045166,1.4446351528167725,2.5241799354553223
2.1393511295318604,1.4445147514343262,2.523911714553833
2.1395254135131836,1.4440122842788696,2.523425340652466
2.140371322631836,1.4442754983901978,2.523226022720337
2.140371322631836,1.4442754983901978,2.523226022720337
2.1413934230804443,1.4449373483657837,2.5227904319763184
2.1419882774353027,1.4446386098861694,2.5219924449920654
2.1419951915740967,1.4440168142318726,2.521716594696045
2.141075611114502,1.443841576576233,2.52236008644104
2.1407759189605713,1.4438660144805908,2.5221028327941895
2.1413440704345703,1.4431594610214233,2.5213241577148438
2.1414120197296143,1.442160725593567,2.5207066535949707
2.142850637435913,1.4420267343521118,2.5198867321014404
2.1427838802337646,1.4416899681091309,2.519580602645874
2.143345594406128,1.4420621395111084,2.5191097259521484
2.143345594406128,1.4420621395111084,2.5191097259521484
2.1432149410247803,1.4416173696517944,2.518954038619995
2.1429574489593506,1.440799593925476,2.5189504623413086
2.142444610595703,1.4408886432647705,2.5193896293640137
2.1414895057678223,1.4394034147262573,2.5192859172821045
2.1421709060668945,1.4377046823501587,2.5181264877319336
2.1415348052978516,1.4368669986724854,2.5184309482574463
2.1403470039367676,1.4362382888793945,2.5186307430267334
2.140970468521118,1.4356609582901,2.517515182495117
2.141180992126465,1.4347916841506958,2.516899347305298
2.140171527862549,1.4341797828674316,2.517176866531372
2.139821767807007,1.4338839054107666,2.517099618911743
2.139832019805908,1.433998703956604,2.516838312149048
2.139832019805908,1.433998703956604,2.516838312149048
2.140390157699585,1.4334372282028198,2.5163724422454834
2.140183448791504,1.4334473609924316,2.5163488388061523
2.1397228240966797,1.433268666267395,2.516559362411499
2.138958692550659,1.4330034255981445,2.5168046951293945
2.1394975185394287,1.4325677156448364,2.516244649887085
2.1388344764709473,1.4333693981170654,2.5164012908935547
2.137702465057373,1.4336737394332886,2.5176217555999756
2.1384854316711426,1.4340109825134277,2.516781806945801
2.1390578746795654,1.432928204536438,2.515803337097168
2.139148473739624,1.431684136390686,2.514957904815674
2.1380462646484375,1.431881070137024,2.5153653621673584
2.1373562812805176,1.4316811561584473,2.515172243118286
2.137661933898926,1.4309232234954834,2.5149500370025635
2.1372222900390625,1.4306745529174805,2.514974594116211
2.13775372505188,1.4305682182312012,2.5150794982910156
2.137500286102295,1.4306198358535767,2.5152347087860107
2.1379287242889404,1.4287117719650269,2.5139808654785156
2.1379287242889404,1.4287117719650269,2.5139808654785156
2.137794256210327,1.4275833368301392,2.5139501094818115
2.1372647285461426,1.427461862564087,2.5143985748291016
2.1367411613464355,1.427693486213684,2.515291213989258
2.1377272605895996,1.4273431301116943,2.514993190765381
2.138122081756592,1.426412582397461,2.514763116836548
2.138005018234253,1.4257065057754517,2.5146758556365967
2.138165235519409,1.4250950813293457,2.515329599380493
2.1407504081726074,1.4245648384094238,2.513977289199829
2.141414165496826,1.423656702041626,2.514122724533081
2.141414165496826,1.423656702041626,2.514122724533081
2.1412901878356934,1.423241376876831,2.5144073963165283
2.1407485008239746,1.422933578491211,2.5149197578430176
2.140925168991089,1.4222172498703003,2.514597177505493
2.1414778232574463,1.421393632888794,2.5135819911956787
2.142099142074585,1.420468807220459,2.513288736343384
2.141901731491089,1.4192081689834595,2.5126802921295166
2.142714500427246,1.417112946510315,2.5116095542907715
2.14223575592041,1.4155913591384888,2.5106961727142334
2.1417429447174072,1.4153010845184326,2.510983943939209
2.1408023834228516,1.416446328163147,2.5121378898620605
2.141798257827759,1.4174022674560547,2.51182222366333
2.141798257827759,1.4174022674560547,2.51182222366333
2.141209125518799,1.4151859283447266,2.511167287826538
2.141508102416992,1.413763165473938,2.510514736175537
2.140549659729004,1.415079116821289,2.511547088623047
2.1407930850982666,1.4161328077316284,2.511361837387085
2.1412479877471924,1.4153356552124023,2.511359453201294
2.1410415172576904,1.414662480354309,2.511622428894043
2.1411795616149902,1.4137918949127197,2.5115580558776855
2.1413753032684326,1.413118600845337,2.5112037658691406
2.1420695781707764,1.4131956100463867,2.5108842849731445
2.1420695781707764,1.4131956100463867,2.5108842849731445
2.1422154903411865,1.4124013185501099,2.5106112957000732
2.1426541805267334,1.411487340927124,2.510087251663208
2.1422646045684814,1.4109419584274292,2.5104265213012695
2.142789840698242,1.4110713005065918,2.510498523712158
2.142801284790039,1.4104570150375366,2.5102169513702393
2.1421396732330322,1.4101827144622803,2.510450601577759
2.1418519020080566,1.4097845554351807,2.5103912353515625
2.1415867805480957,1.4097301959991455,2.510586977005005
2.140949249267578,1.410918951034546,2.511435031890869
2.1415789127349854,1.4120500087738037,2.511202812194824
2.1425607204437256,1.4115557670593262,2.5104212760925293
2.1425607204437256,1.4115557670593262,2.5104212760925293
2.1434857845306396,1.4101917743682861,2.5088844299316406
2.1430821418762207,1.4108164310455322,2.5093393325805664
2.1415045261383057,1.4108575582504272,2.509939670562744
2.1406819820404053,1.4117010831832886,2.510528564453125
2.140488386154175,1.411614179611206,2.510483503341675
2.140467643737793,1.411698341369629,2.509916067123413
2.1407246589660645,1.412114143371582,2.5095441341400146
2.140481948852539,1.412675142288208,2.509495496749878
2.141599655151367,1.4130297899246216,2.5088155269622803
2.1412577629089355,1.412176489830017,2.5083141326904297
2.14068341255188,1.4120264053344727,2.508366823196411
2.1406238079071045,1.4125276803970337,2.5087146759033203
2.1405017375946045,1.4119610786437988,2.5086328983306885
2.1405222415924072,1.410571575164795,2.5080573558807373
2.139263153076172,1.409861445426941,2.5087523460388184
2.1398303508758545,1.409933090209961,2.5084004402160645
2.1409339904785156,1.4097846746444702,2.5076520442962646
2.1411643028259277,1.4093496799468994,2.5072901248931885
2.1394970417022705,1.4082716703414917,2.5082921981811523
2.1394970417022705,1.4082716703414917,2.5082921981811523
2.1385767459869385,1.407141089439392,2.5085208415985107
2.1389756202697754,1.4063559770584106,2.5087149143218994
2.139343738555908,1.404595136642456,2.508059024810791
2.139961004257202,1.4037741422653198,2.50805401802063
2.1407968997955322,1.4030475616455078,2.5075690746307373
2.1415481567382812,1.4022674560546875,2.5070557594299316
2.1411893367767334,1.402126669883728,2.5073719024658203
2.1416079998016357,1.4011926651000977,2.5074524879455566
2.141366481781006,1.4014112949371338,2.507920503616333
2.1412205696105957,1.399617314338684,2.507136344909668
2.1415889263153076,1.3977746963500977,2.5068299770355225
2.1415889263153076,1.3977746963500977,2.5068299770355225
2.1425039768218994,1.3984757661819458,2.506824016571045
2.143498182296753,1.3984957933425903,2.506347179412842
2.1436660289764404,1.3978163003921509,2.5062663555145264
2.143049478530884,1.3968619108200073,2.5067834854125977
2.143021583557129,1.3962781429290771,2.506627321243286
2.144331693649292,1.3953148126602173,2.5052647590637207
2.145138740539551,1.3947272300720215,2.5046639442443848
2.144963026046753,1.3953205347061157,2.5049383640289307
2.1451730728149414,1.3958028554916382,2.5051114559173584
2.1447811126708984,1.3954063653945923,2.5049848556518555
2.1448092460632324,1.394599437713623,2.5044009685516357
2.143970012664795,1.3938376903533936,2.504509687423706
2.143462657928467,1.3937345743179321,2.5041823387145996
2.143462657928467,1.3937345743179321,2.5041823387145996
2.143017530441284,1.392321228981018,2.5035312175750732
2.1432368755340576,1.3931407928466797,2.503196954727173
2.1438474655151367,1.3936270475387573,2.5026049613952637
2.144416570663452,1.3937022686004639,2.5023953914642334
2.144651174545288,1.3919408321380615,2.5012197494506836
2.144780397415161,1.3916864395141602,2.502065420150757
2.1439154148101807,1.391626238822937,2.502357006072998
2.1446475982666016,1.3916444778442383,2.5017154216766357
2.1453115940093994,1.3913581371307373,2.501222610473633
2.1461901664733887,1.3916603326797485,2.501023292541504
2.1460373401641846,1.3925331830978394,2.501375436782837
2.1462514400482178,1.392868995666504,2.5007612705230713
2.146026134490967,1.3926591873168945,2.500959873199463
2.144853353500366,1.3918273448944092,2.501213312149048
2.144667148590088,1.3922683000564575,2.501826524734497
2.145204782485962,1.3927438259124756,2.501335620880127
2.144958972930908,1.3928312063217163,2.501357316970825
2.144958972930908,1.3928312063217163,2.501357316970825
2.1452784538269043,1.3926985263824463,2.500966787338257
2.1444900035858154,1.3929075002670288,2.5020499229431152
2.143610715866089,1.3928265571594238,2.502234697341919
2.141874313354492,1.3922983407974243,2.5028069019317627
2.141834259033203,1.3912893533706665,2.5023133754730225
2.1412744522094727,1.3919823169708252,2.502840042114258
2.141695022583008,1.3920787572860718,2.5020883083343506
2.141632318496704,1.3920691013336182,2.5020880699157715
2.1414425373077393,1.391567349433899,2.5019145011901855
2.140044927597046,1.3920223712921143,2.50319504737854
2.1399221420288086,1.391564965248108,2.5028786659240723
2.1405978202819824,1.3915305137634277,2.502302885055542
2.141234874725342,1.3903149366378784,2.5014824867248535
2.140892744064331,1.3902174234390259,2.5011208057403564
2.1401350498199463,1.3888686895370483,2.5009706020355225
2.1421289443969727,1.3876694440841675,2.499126672744751
2.1423516273498535,1.3870476484298706,2.4991705417633057
2.141691207885742,1.3876378536224365,2.5005624294281006
2.141162872314453,1.3878052234649658,2.5011379718780518
2.141195058822632,1.3866009712219238,2.5007224082946777
2.1413724422454834,1.3860031366348267,2.5005311965942383
2.1416220664978027,1.3859636783599854,2.500490427017212
2.1416220664978027,1.3859636783599854,2.500490427017212
2.1418650150299072,1.3860713243484497,2.5002551078796387
2.143125295639038,1.3858418464660645,2.499155282974243
2.1434993743896484,1.3855392932891846,2.49898624420166
2.1421022415161133,1.3854734897613525,2.4998977184295654
2.141720771789551,1.385167121887207,2.4997692108154297
2.1419849395751953,1.3840622901916504,2.4991273880004883
2.142488718032837,1.383759617805481,2.499086856842041
2.142794132232666,1.383056402206421,2.4984607696533203
2.142997980117798,1.382296085357666,2.4984817504882812
2.144348382949829,1.3816256523132324,2.497063159942627
2.1443283557891846,1.3818355798721313,2.49764347076416
2.1439225673675537,1.3821251392364502,2.4981460571289062
2.1438148021698,1.381973385810852,2.498483657836914
2.1438045501708984,1.3805443048477173,2.497821092605591
2.144015073776245,1.3806531429290771,2.497894525527954
2.1433606147766113,1.3813297748565674,2.4987587928771973
2.1431002616882324,1.38129723072052,2.498718500137329
2.1431002616882324,1.38129723072052,2.498718500137329
2.143404960632324,1.3805873394012451,2.4981753826141357
2.142956018447876,1.3798291683197021,2.498283624649048
2.142836332321167,1.380326509475708,2.4986400604248047
2.143554210662842,1.3805797100067139,2.4981467723846436
2.144899368286133,1.3800610303878784,2.4969043731689453
2.1444246768951416,1.3793879747390747,2.4970335960388184
2.142866611480713,1.379599690437317,2.497896432876587
2.1428754329681396,1.3803739547729492,2.4981555938720703
2.143037796020508,1.3798911571502686,2.497596502304077
2.1437177658081055,1.379273772239685,2.4967784881591797
2.1441643238067627,1.3794479370117188,2.496472120285034
2.14375638961792,1.3793779611587524,2.496288299560547
2.1432390213012695,1.378265380859375,2.4961202144622803
2.14237904548645,1.3769408464431763,2.496312379837036
2.14237904548645,1.3769408464431763,2.496312379837036
2.1423630714416504,1.3775767087936401,2.4965882301330566
2.1433799266815186,1.3782589435577393,2.4958903789520264
2.144322633743286,1.3762555122375488,2.4953579902648926
2.144948720932007,1.375329852104187,2.4948959350585938
2.1444034576416016,1.3742010593414307,2.4952590465545654
2.1441471576690674,1.373324990272522,2.4950520992279053
2.1440351009368896,1.37070894241333,2.4944660663604736
2.143277883529663,1.366074800491333,2.4934041500091553
2.1425015926361084,1.3646585941314697,2.4930002689361572
2.1415510177612305,1.3625439405441284,2.492680549621582
2.141339063644409,1.3620527982711792,2.4917967319488525
2.140848159790039,1.3629823923110962,2.492570161819458
2.140164375305176,1.3634617328643799,2.4930100440979004
2.141010284423828,1.3641390800476074,2.4922916889190674
2.141010284423828,1.3641390800476074,2.4922916889190674
2.141134262084961,1.3627654314041138,2.4914419651031494
2.1411445140838623,1.3625335693359375,2.4914443492889404
2.1398260593414307,1.3622756004333496,2.491726875305176
2.1401121616363525,1.3615423440933228,2.490992307662964
2.1399033069610596,1.3613059520721436,2.490806818008423
2.140385627746582,1.3616938591003418,2.490962028503418
2.141078472137451,1.3629134893417358,2.491401195526123
2.1422605514526367,1.3625216484069824,2.490406036376953
2.142489194869995,1.3610939979553223,2.489569902420044
2.1415603160858154,1.3613777160644531,2.4902408123016357
2.1411149501800537,1.3620359897613525,2.4904372692108154
2.1416425704956055,1.3614016771316528,2.490471124649048
2.1418681144714355,1.3598039150238037,2.489673614501953
2.1411077976226807,1.360051155090332,2.490535259246826
2.1409053802490234,1.3606599569320679,2.4910552501678467
2.1412220001220703,1.36024808883667,2.490790367126465
2.1417601108551025,1.3595867156982422,2.490309715270996
2.1423237323760986,1.3605564832687378,2.490943431854248
2.1425094604492188,1.3610467910766602,2.49099063873291
2.1421267986297607,1.3595805168151855,2.4911415576934814
2.1425204277038574,1.3572670221328735,2.4900248050689697
2.1419613361358643,1.3585412502288818,2.491257667541504
2.1425323486328125,1.3590952157974243,2.491002082824707
2.1443002223968506,1.3581465482711792,2.4894049167633057
2.1460604667663574,1.35697603225708,2.4883193969726562
2.145385503768921,1.3562222719192505,2.4888627529144287
2.145399332046509,1.3558200597763062,2.4888803958892822
2.145399332046509,1.3558200597763062,2.4888803958892822
2.1452832221984863,1.3547974824905396,2.4887588024139404
2.146111249923706,1.3536994457244873,2.4881629943847656
2.146151304244995,1.3530458211898804,2.4882454872131348
2.146336078643799,1.3517770767211914,2.4870736598968506
2.1469690799713135,1.350511908531189,2.4857566356658936
2.146085262298584,1.3493263721466064,2.485788106918335
2.14462947845459,1.3483392000198364,2.4863204956054688
2.1448593139648438,1.3472347259521484,2.4853692054748535
2.145688056945801,1.3453131914138794,2.4835457801818848
2.1455066204071045,1.3448981046676636,2.483492374420166
2.144974708557129,1.3443528413772583,2.483271360397339
2.1450109481811523,1.3439995050430298,2.48305344581604
2.1441168785095215,1.3430505990982056,2.4823880195617676
2.145066261291504,1.3421310186386108,2.481590986251831
2.1453232765197754,1.3415151834487915,2.4812161922454834
2.1464128494262695,1.3418656587600708,2.4808731079101562
2.1464128494262695,1.3418656587600708,2.4808731079101562
2.147224187850952,1.341693639755249,2.4799153804779053
2.1473400592803955,1.3406931161880493,2.479843854904175
2.146928548812866,1.3404203653335571,2.4800777435302734
2.146284580230713,1.3405404090881348,2.4811670780181885
2.1464078426361084,1.340537190437317,2.480937957763672
2.146308422088623,1.3396308422088623,2.4808712005615234
2.1465163230895996,1.3397397994995117,2.4810049533843994
2.146726369857788,1.3406007289886475,2.4808290004730225
2.147385835647583,1.340928077697754,2.4809651374816895
2.14691162109375,1.3418363332748413,2.481940507888794
2.14691162109375,1.3418363332748413,2.481940507888794
2.1446311473846436,1.3417290449142456,2.483177423477173
2.145117998123169,1.3407074213027954,2.4826037883758545
2.1456570625305176,1.3396880626678467,2.48176908493042
2.1466786861419678,1.3388160467147827,2.4803454875946045
2.146836757659912,1.3386108875274658,2.480275869369507
2.146533489227295,1.338788390159607,2.4804019927978516
2.1448588371276855,1.3386856317520142,2.4817473888397217
2.143075466156006,1.338212251663208,2.4822916984558105
2.141413927078247,1.3381538391113281,2.483431100845337
2.1410481929779053,1.3373239040374756,2.4829282760620117
2.1416380405426025,1.3371174335479736,2.4824068546295166
2.141847848892212,1.3366230726242065,2.4819130897521973
2.141847848892212,1.3366230726242065,2.4819130897521973
2.141251564025879,1.3363268375396729,2.4817049503326416
2.1415657997131348,1.3351527452468872,2.480710744857788
2.1428539752960205,1.334324836730957,2.480222225189209
2.142505168914795,1.3344507217407227,2.4804913997650146
2.141321897506714,1.3344764709472656,2.481023073196411
2.141244649887085,1.3340349197387695,2.4806814193725586
2.141620635986328,1.3326855897903442,2.479919195175171
2.1416680812835693,1.3319662809371948,2.4795994758605957
2.142153024673462,1.3335500955581665,2.4799680709838867
2.142153024673462,1.3335500955581665,2.4799680709838867
2.1428780555725098,1.3348349332809448,2.4804060459136963
2.1431493759155273,1.3344429731369019,2.48032283782959
2.1421074867248535,1.3334906101226807,2.480499029159546
2.141435384750366,1.3323415517807007,2.480811357498169
2.141535758972168,1.33177649974823,2.480658769607544
2.1423404216766357,1.3314921855926514,2.479890823364258
2.14258074760437,1.330989122390747,2.4801025390625
2.1424179077148438,1.3314837217330933,2.4807963371276855
2.1425154209136963,1.3308296203613281,2.480473279953003
2.1426210403442383,1.3302807807922363,2.480219841003418
2.1426210403442383,1.3302807807922363,2.480219841003418
2.142239570617676,1.3292620182037354,2.480501890182495
2.1417641639709473,1.3284270763397217,2.480537176132202
2.1418631076812744,1.32753586769104,2.480088233947754
2.142359972000122,1.3269456624984741,2.4793312549591064
2.1427457332611084,1.3262650966644287,2.479910373687744
2.1424262523651123,1.3268910646438599,2.4806480407714844
2.142895221710205,1.3253856897354126,2.480215311050415
2.143240451812744,1.3241987228393555,2.479464054107666
2.142530679702759,1.323464274406433,2.479595422744751
2.142136812210083,1.3237541913986206,2.4800426959991455
2.1423521041870117,1.3239474296569824,2.4800267219543457
2.1421620845794678,1.3235925436019897,2.480064630508423
2.1429226398468018,1.322899341583252,2.4790849685668945
2.144012212753296,1.3224337100982666,2.478123188018799
2.145193576812744,1.3226017951965332,2.4774937629699707
2.1458113193511963,1.322410225868225,2.477208137512207
2.145312786102295,1.3206411600112915,2.476930618286133
2.145312786102295,1.3206411600112915,2.476930618286133
2.1448469161987305,1.3195505142211914,2.4765233993530273
2.14571213722229,1.3182330131530762,2.475555896759033
2.1464712619781494,1.318060040473938,2.475370168685913
2.1470534801483154,1.3176676034927368,2.4749650955200195
2.1462531089782715,1.3168504238128662,2.4756221771240234
2.1455583572387695,1.316466212272644,2.475670099258423
2.1456716060638428,1.3159360885620117,2.475614547729492
2.145639181137085,1.314697504043579,2.475106716156006
2.145341396331787,1.3139595985412598,2.475274085998535
2.1452550888061523,1.3134539127349854,2.475374937057495
2.145204544067383,1.3129650354385376,2.4756994247436523
2.1447181701660156,1.313077449798584,2.4760148525238037
2.1447181701660156,1.313077449798584,2.4760148525238037
2.14481258392334,1.3137387037277222,2.4765288829803467
2.145873785018921,1.3140654563903809,2.4758572578430176
2.1459779739379883,1.3133518695831299,2.4753077030181885
2.145826578140259,1.312580943107605,2.474940776824951
2.1451528072357178,1.3135473728179932,2.476106643676758
2.1446990966796875,1.3137246370315552,2.4762444496154785
2.1450254917144775,1.3127084970474243,2.4760725498199463
2.1445767879486084,1.3116960525512695,2.475895643234253
2.1442315578460693,1.3111592531204224,2.475553035736084
2.1447322368621826,1.3107119798660278,2.475069284439087
2.1452229022979736,1.3107436895370483,2.4747936725616455
2.1452229022979736,1.3107436895370483,2.4747936725616455
2.143984317779541,1.310964822769165,2.4756760597229004
2.1427454948425293,1.3112238645553589,2.476691961288452
2.143014669418335,1.311371088027954,2.4765336513519287
2.1428990364074707,1.3102881908416748,2.475837469100952
2.142979860305786,1.3099397420883179,2.475609064102173
2.1437788009643555,1.3105865716934204,2.4755754470825195
2.143921136856079,1.3110432624816895,2.475782871246338
2.143568515777588,1.3107274770736694,2.475862979888916
2.1414954662323,1.3094003200531006,2.476466655731201
2.1414954662323,1.3094003200531006,2.476466655731201
2.1406943798065186,1.308687686920166,2.476980209350586
2.140329360961914,1.309778094291687,2.4774606227874756
2.1416807174682617,1.3100541830062866,2.476363182067871
2.1416513919830322,1.3096141815185547,2.4763147830963135
2.140923261642456,1.30863618850708,2.4764633178710938
2.140460252761841,1.3086185455322266,2.4765074253082275
2.1413447856903076,1.307483434677124,2.475414752960205
2.1415066719055176,1.30674409866333,2.4749045372009277
2.1418306827545166,1.3056609630584717,2.4743406772613525
2.1422476768493652,1.303792953491211,2.4733824729919434
2.141702890396118,1.2993390560150146,2.4717509746551514
2.141469955444336,1.2975703477859497,2.470547676086426
2.141469955444336,1.2975703477859497,2.470547676086426
2.1414551734924316,1.2962732315063477,2.4701879024505615
2.141676187515259,1.2975417375564575,2.4702248573303223
2.1418521404266357,1.297717571258545,2.4702274799346924
2.141171932220459,1.2969328165054321,2.4705703258514404
2.1403582096099854,1.296216607093811,2.470947265625
2.1394193172454834,1.2957630157470703,2.4711225032806396
2.140106678009033,1.2955119609832764,2.4706852436065674
2.140106678009033,1.2955119609832764,2.4706852436065674
2.1401748657226562,1.2952396869659424,2.4704456329345703
2.14001727104187,1.2950936555862427,2.4708759784698486
2.139723300933838,1.2950271368026733,2.4709131717681885
2.1396453380584717,1.2943134307861328,2.470398426055908
2.1385371685028076,1.2936044931411743,2.4703969955444336
2.1380763053894043,1.2936900854110718,2.47090744972229
2.1384246349334717,1.2935711145401,2.470036268234253
2.139629364013672,1.2931878566741943,2.4696407318115234
2.139629364013672,1.2931878566741943,2.4696407318115234
2.1396491527557373,1.292152762413025,2.4687697887420654
2.1405320167541504,1.2912623882293701,2.4680240154266357
2.1419458389282227,1.2908202409744263,2.4667675495147705
2.1424782276153564,1.2906321287155151,2.4665277004241943
2.142094135284424,1.2899250984191895,2.4661080837249756
2.142615556716919,1.2902030944824219,2.466099739074707
2.143328905105591,1.2896308898925781,2.464806318283081
2.1445071697235107,1.2892500162124634,2.4637205600738525
2.1456918716430664,1.28901207447052,2.4627766609191895
2.1462011337280273,1.2897542715072632,2.463271379470825
2.1463751792907715,1.2898879051208496,2.463144302368164
2.1461641788482666,1.2887659072875977,2.462869882583618
2.1452596187591553,1.2880266904830933,2.4631218910217285
2.1452596187591553,1.2880266904830933,2.4631218910217285
2.1447196006774902,1.288427710533142,2.4636359214782715
2.1439616680145264,1.2892711162567139,2.464470863342285
2.1435885429382324,1.289925456047058,2.4645142555236816
2.14330792427063,1.2890911102294922,2.4648826122283936
2.1426467895507812,1.2889608144760132,2.465858221054077
2.1426944732666016,1.2891403436660767,2.4654388427734375
2.144378900527954,1.2880421876907349,2.4637115001678467
2.1445844173431396,1.2880001068115234,2.4635393619537354
2.1445844173431396,1.2880001068115234,2.4635393619537354
2.142857551574707,1.2874788045883179,2.4646241664886475
2.142141103744507,1.2863092422485352,2.4651873111724854
2.1421327590942383,1.2842075824737549,2.464353322982788
2.142026662826538,1.2821953296661377,2.4638466835021973
2.1416075229644775,1.2806410789489746,2.4637460708618164
2.141937255859375,1.2791095972061157,2.4627439975738525
2.1423909664154053,1.2775335311889648,2.461829900741577
2.1424221992492676,1.276897668838501,2.461953639984131
2.141136884689331,1.2776414155960083,2.4634218215942383
2.1417391300201416,1.2774454355239868,2.4633214473724365
2.143099784851074,1.2765464782714844,2.4618728160858154
2.1438231468200684,1.2748045921325684,2.461074113845825
2.1442108154296875,1.2742693424224854,2.460606575012207
2.1453914642333984,1.2745832204818726,2.4595892429351807
2.1460020542144775,1.2740342617034912,2.4588980674743652
2.1460020542144775,1.2740342617034912,2.4588980674743652
2.1460041999816895,1.272661805152893,2.458461284637451
2.146005868911743,1.2719188928604126,2.458519220352173
2.1456782817840576,1.2716113328933716,2.4585084915161133
2.1463844776153564,1.2712929248809814,2.457951068878174
2.1465885639190674,1.2714885473251343,2.4581241607666016
2.14619779586792,1.271551489830017,2.458601474761963
2.1460964679718018,1.2716343402862549,2.4585580825805664
2.1468236446380615,1.270713448524475,2.4575884342193604
2.1473679542541504,1.2697981595993042,2.4569015502929688
2.1473679542541504,1.2697981595993042,2.4569015502929688
2.146254301071167,1.2704674005508423,2.4578983783721924
2.1458053588867188,1.270951509475708,2.4580183029174805
2.1450788974761963,1.2693179845809937,2.457702398300171
2.1444692611694336,1.2678123712539673,2.457432746887207
2.143953800201416,1.2686280012130737,2.4576704502105713
2.1445066928863525,1.2689545154571533,2.457308530807495
2.145493745803833,1.2685315608978271,2.4565463066101074
2.1449716091156006,1.2674999237060547,2.4563231468200684
2.1441047191619873,1.2674468755722046,2.4569694995880127
2.144155263900757,1.2675704956054688,2.4571359157562256
2.144155263900757,1.2675704956054688,2.4571359157562256
2.1447126865386963,1.26814866065979,2.4569547176361084
2.144589900970459,1.2674217224121094,2.4568698406219482
2.1451046466827393,1.2660402059555054,2.456472873687744
2.1444032192230225,1.2658774852752686,2.457005023956299
2.1446969509124756,1.2664958238601685,2.4564638137817383
2.145137310028076,1.266475796699524,2.4563446044921875
2.145146131515503,1.2660646438598633,2.4562911987304688
2.1445863246917725,1.265726923942566,2.456401824951172
2.1441116333007812,1.2645384073257446,2.4559195041656494
2.1441116333007812,1.2645384073257446,2.4559195041656494
2.1438589096069336,1.2633503675460815,2.45589542388916
2.1417622566223145,1.2552131414413452,2.453932046890259
2.1417746543884277,1.2531237602233887,2.453166961669922
2.142794609069824,1.2538741827011108,2.452641725540161
2.142794609069824,1.2538741827011108,2.452641725540161
2.1433258056640625,1.255610704421997,2.4528770446777344
2.1436381340026855,1.2551686763763428,2.4524576663970947
2.144325017929077,1.2543830871582031,2.4515445232391357
2.1445236206054688,1.2537767887115479,2.4512786865234375
2.1432769298553467,1.2536461353302002,2.4520838260650635
2.1426894664764404,1.253661036491394,2.452317714691162
2.143193244934082,1.2531187534332275,2.451658010482788
2.143155097961426,1.2513612508773804,2.451115131378174
2.1436424255371094,1.2509649991989136,2.450754404067993
2.1440322399139404,1.2516148090362549,2.451242685317993
2.1448397636413574,1.251241683959961,2.4504427909851074
2.1448397636413574,1.251241683959961,2.4504427909851074
2.1437995433807373,1.2497024536132812,2.4505529403686523
2.1421942710876465,1.2492719888687134,2.4514482021331787
2.141139030456543,1.2495778799057007,2.452085018157959
2.141404151916504,1.248354196548462,2.4510984420776367
2.1415560245513916,1.2470816373825073,2.4512453079223633
2.143455982208252,1.2449724674224854,2.449960231781006
2.1434004306793213,1.243469476699829,2.4497694969177246
2.142500162124634,1.2425447702407837,2.449244499206543
2.142194986343384,1.241862416267395,2.4493613243103027
2.1416656970977783,1.2412567138671875,2.4496445655822754
2.1409988403320312,1.2408782243728638,2.4503414630889893
2.1401565074920654,1.2401114702224731,2.450329542160034
2.1401565074920654,1.2401114702224731,2.450329542160034
2.140781879425049,1.2394986152648926,2.4500174522399902
2.1405067443847656,1.2391477823257446,2.4502649307250977
2.1409730911254883,1.239109754562378,2.4502573013305664
2.1408772468566895,1.2385635375976562,2.450852155685425
2.140404462814331,1.237656593322754,2.451323986053467
2.1395175457000732,1.2373671531677246,2.452035427093506
2.1390724182128906,1.2372220754623413,2.4531850814819336
2.1395132541656494,1.2386406660079956,2.453669548034668
2.1395132541656494,1.2386406660079956,2.453669548034668
2.1399059295654297,1.2386797666549683,2.453335762023926
2.1398532390594482,1.2388769388198853,2.4534695148468018
2.140209913253784,1.2381316423416138,2.452798366546631
2.1394877433776855,1.2373862266540527,2.452342987060547
2.140377998352051,1.2369109392166138,2.451404333114624
2.141502618789673,1.2370388507843018,2.4507389068603516
2.1409952640533447,1.2369614839553833,2.450993537902832
2.139827013015747,1.2357392311096191,2.4508278369903564
2.1395883560180664,1.2349634170532227,2.450852632522583
2.13966965675354,1.2345397472381592,2.450640916824341
2.1404504776000977,1.2349172830581665,2.450744152069092
2.1422224044799805,1.2348753213882446,2.4497568607330322
2.1429877281188965,1.2342569828033447,2.4495956897735596
2.142465353012085,1.2328583002090454,2.4495394229888916
2.1421432495117188,1.232895851135254,2.4501326084136963
2.1426138877868652,1.2321697473526,2.4496288299560547
2.143583059310913,1.2312043905258179,2.4490058422088623
2.1431005001068115,1.2294394969940186,2.4486520290374756
2.1424007415771484,1.2286885976791382,2.4487621784210205
2.1427080631256104,1.2279331684112549,2.4481871128082275
2.14363694190979,1.2270478010177612,2.447249412536621
2.1444473266601562,1.2274869680404663,2.447129011154175
2.1437766551971436,1.2277790307998657,2.4476425647735596
2.1426963806152344,1.2281626462936401,2.448599100112915
2.142329216003418,1.2260520458221436,2.4479050636291504
2.142329216003418,1.2260520458221436,2.4479050636291504
2.1418521404266357,1.2241522073745728,2.447361707687378
2.14213490486145,1.224318504333496,2.4467668533325195
2.143989086151123,1.224138855934143,2.445300579071045
2.1439435482025146,1.224346399307251,2.4455018043518066
2.144030809402466,1.2245067358016968,2.4455153942108154
2.1434528827667236,1.223617434501648,2.4455723762512207
2.1434528827667236,1.223617434501648,2.4455723762512207
2.143232583999634,1.2229645252227783,2.4449710845947266
2.1439993381500244,1.2223291397094727,2.4437148571014404
2.1437203884124756,1.2226171493530273,2.443633794784546
2.141972541809082,1.2234530448913574,2.444615125656128
2.141531467437744,1.2241133451461792,2.4448888301849365
2.1416115760803223,1.2235383987426758,2.444423198699951
2.1418840885162354,1.2236518859863281,2.4438974857330322
2.1430912017822266,1.2244482040405273,2.4432623386383057
2.144162893295288,1.2248055934906006,2.4432153701782227
2.1443357467651367,1.2238937616348267,2.4424657821655273
2.1443357467651367,1.2238937616348267,2.4424657821655273
2.1413776874542236,1.2225327491760254,2.443319797515869
2.1413776874542236,1.2225327491760254,2.443319797515869
2.140774965286255,1.2230085134506226,2.4436123371124268
2.14255690574646,1.223440170288086,2.442476987838745
2.1438331604003906,1.2226835489273071,2.441425323486328
2.1446666717529297,1.222328543663025,2.440640926361084
2.1445560455322266,1.2225514650344849,2.4409375190734863
2.14481782913208,1.222177267074585,2.440687894821167
2.1443347930908203,1.2207283973693848,2.4412245750427246
2.142820358276367,1.2199506759643555,2.4418463706970215
2.1416118144989014,1.2205265760421753,2.4431679248809814
2.1418228149414062,1.2191604375839233,2.442405939102173
2.1423850059509277,1.218224287033081,2.4417223930358887
2.142524242401123,1.217085599899292,2.4412972927093506
2.142709970474243,1.2163335084915161,2.4414117336273193
2.142303228378296,1.2150911092758179,2.4411745071411133
2.141540288925171,1.2144848108291626,2.44163179397583
2.1411187648773193,1.2138607501983643,2.4418883323669434
2.140545129776001,1.2137281894683838,2.4428470134735107
2.1411116123199463,1.212100625038147,2.4419522285461426
2.141784906387329,1.2112406492233276,2.4413886070251465
2.1417503356933594,1.2107034921646118,2.441178560256958
2.1417503356933594,1.2107034921646118,2.441178560256958
2.141008138656616,1.2112258672714233,2.4423069953918457
2.140777349472046,1.2102676630020142,2.4419689178466797
2.1410202980041504,1.2077748775482178,2.441019296646118
2.1405107975006104,1.2067875862121582,2.4407153129577637
2.1406805515289307,1.2060225009918213,2.4404749870300293
2.1415600776672363,1.2054635286331177,2.4389894008636475
2.1427247524261475,1.2044299840927124,2.4379923343658447
2.14205002784729,1.2044343948364258,2.438375949859619
2.1416268348693848,1.204584002494812,2.438591718673706
2.1416268348693848,1.204584002494812,2.438591718673706
2.141559362411499,1.203454852104187,2.438105583190918
2.1420950889587402,1.201422929763794,2.436739683151245
2.1417953968048096,1.2011160850524902,2.4365956783294678
2.1420345306396484,1.2013888359069824,2.4362478256225586
2.1427924633026123,1.202208161354065,2.435556411743164
2.1426782608032227,1.2019246816635132,2.435344934463501
2.1414008140563965,1.201189637184143,2.435518264770508
2.141011953353882,1.2009905576705933,2.435457468032837
2.142892360687256,1.2000457048416138,2.4334840774536133
2.143880844116211,1.1999106407165527,2.4325482845306396
2.144148826599121,1.1997181177139282,2.4321045875549316
2.1440117359161377,1.1994733810424805,2.4319534301757812
2.1433892250061035,1.1975123882293701,2.4314510822296143
2.1439714431762695,1.1931017637252808,2.42919921875
2.1435744762420654,1.192704677581787,2.4290270805358887
2.143137216567993,1.1907222270965576,2.4277212619781494
2.142592191696167,1.1902884244918823,2.427811861038208
2.1414198875427246,1.189826488494873,2.428135395050049
2.1415109634399414,1.1900497674942017,2.428260564804077
2.1415109634399414,1.1900497674942017,2.428260564804077
2.1428961753845215,1.1902241706848145,2.426906108856201
2.143815517425537,1.1896733045578003,2.4263930320739746
2.143834114074707,1.189888834953308,2.426307201385498
2.14337420463562,1.18963623046875,2.426356315612793
2.1431617736816406,1.1893104314804077,2.4262943267822266
2.1425344944000244,1.1875133514404297,2.4263269901275635
2.141700029373169,1.1861624717712402,2.4261927604675293
2.1414105892181396,1.1855816841125488,2.426313877105713
2.141540765762329,1.184589147567749,2.425921678543091
2.14168119430542,1.1839958429336548,2.4262020587921143
2.1419382095336914,1.183762788772583,2.426454544067383
2.141818046569824,1.1839334964752197,2.4269297122955322
2.141818046569824,1.1839334964752197,2.4269297122955322
2.1413795948028564,1.1832520961761475,2.4268102645874023
2.140542507171631,1.182143211364746,2.4268953800201416
2.1394686698913574,1.1817448139190674,2.427534818649292
2.1388349533081055,1.1818634271621704,2.427722454071045
2.1388893127441406,1.1816915273666382,2.42741060256958
2.1389148235321045,1.181030511856079,2.4272172451019287
2.138838529586792,1.180765151977539,2.4271249771118164
2.1393158435821533,1.1806671619415283,2.42672061920166
2.1393158435821533,1.1806671619415283,2.42672061920166
2.139793872833252,1.1799150705337524,2.4256060123443604
2.1394400596618652,1.1793770790100098,2.425806760787964
2.138976573944092,1.1796784400939941,2.426312208175659
2.1385979652404785,1.1789199113845825,2.4264302253723145
2.1393938064575195,1.1776683330535889,2.4251773357391357
2.1395161151885986,1.1762357950210571,2.424532175064087
2.141239643096924,1.175876498222351,2.423532009124756
2.141807794570923,1.175072193145752,2.4230642318725586
2.142540454864502,1.172492265701294,2.421508312225342
2.1420481204986572,1.169657826423645,2.421062707901001
2.140984535217285,1.1681538820266724,2.420811176300049
2.140350580215454,1.166790246963501,2.421053171157837
2.1401846408843994,1.1662700176239014,2.4211881160736084
2.1403441429138184,1.165682315826416,2.4210052490234375
2.140244245529175,1.1653597354888916,2.4210972785949707
2.1398558616638184,1.1652143001556396,2.421417236328125
2.1384196281433105,1.164883017539978,2.422379970550537
2.1381616592407227,1.164257526397705,2.422098159790039
2.136676073074341,1.163177251815796,2.4223668575286865
2.136676073074341,1.163177251815796,2.4223668575286865
2.1360208988189697,1.1619328260421753,2.421898603439331
2.1365413665771484,1.1595712900161743,2.4204249382019043
2.1366453170776367,1.159341812133789,2.41996169090271
2.1380245685577393,1.1592950820922852,2.418766736984253
2.138949155807495,1.159240484237671,2.4182674884796143
2.13984751701355,1.159165620803833,2.417731523513794
2.1394522190093994,1.1591888666152954,2.4179508686065674
2.139157772064209,1.1586514711380005,2.4177212715148926
2.139310836791992,1.1585376262664795,2.4175329208374023
2.1386489868164062,1.1583963632583618,2.417898654937744
2.1386489868164062,1.1583963632583618,2.417898654937744
2.1382224559783936,1.1594151258468628,2.4181790351867676
2.1375231742858887,1.15928316116333,2.418388605117798
2.1369738578796387,1.1592241525650024,2.4188363552093506
2.136387825012207,1.1592532396316528,2.4193148612976074
2.1354594230651855,1.1590980291366577,2.4194142818450928
2.1342248916625977,1.1581577062606812,2.419614315032959
2.1353139877319336,1.1581835746765137,2.4188358783721924
2.1358847618103027,1.1565423011779785,2.4180426597595215
2.135478973388672,1.1543432474136353,2.417772054672241
2.136085033416748,1.1533328294754028,2.4171488285064697
2.136085033416748,1.1533328294754028,2.4171488285064697
2.1385486125946045,1.1516278982162476,2.4151148796081543
2.1382057666778564,1.1502994298934937,2.4148123264312744
2.1363344192504883,1.1496232748031616,2.415914297103882
2.133939504623413,1.147955060005188,2.416687488555908
2.132650136947632,1.1461175680160522,2.4170398712158203
2.132050037384033,1.1448849439620972,2.4168615341186523
2.1308321952819824,1.1441607475280762,2.417198419570923
2.131187677383423,1.1426714658737183,2.4161274433135986
2.1315200328826904,1.1414401531219482,2.415310859680176
2.1317379474639893,1.1408580541610718,2.4149131774902344
2.131040573120117,1.140589714050293,2.4150149822235107
2.1307313442230225,1.1409943103790283,2.415322780609131
2.1307313442230225,1.1409943103790283,2.415322780609131
2.129443883895874,1.1388212442398071,2.4148941040039062
2.1275408267974854,1.1382535696029663,2.416445732116699
2.126329183578491,1.1368070840835571,2.4169819355010986
2.1256844997406006,1.1350622177124023,2.417144775390625
2.1257007122039795,1.1318045854568481,2.41597843170166
2.12740159034729,1.1286603212356567,2.4144186973571777
2.1282355785369873,1.126600742340088,2.413379430770874
2.1292946338653564,1.1245050430297852,2.412132740020752
2.1309754848480225,1.123695969581604,2.410839319229126
2.1303515434265137,1.1228665113449097,2.410943031311035
2.1303727626800537,1.1217774152755737,2.4108293056488037
2.130403757095337,1.121541976928711,2.4107003211975098
2.130403757095337,1.121541976928711,2.4107003211975098
2.1310622692108154,1.1216270923614502,2.409787654876709
2.1292078495025635,1.1217267513275146,2.4098927974700928
2.128638505935669,1.1227768659591675,2.409395933151245
2.128070592880249,1.1240233182907104,2.4095215797424316
2.1280581951141357,1.1243609189987183,2.409247636795044
2.127474069595337,1.1243762969970703,2.4095170497894287
2.1266677379608154,1.1238200664520264,2.4093823432922363
2.1262032985687256,1.1222854852676392,2.408806085586548
2.1269850730895996,1.1213173866271973,2.4076597690582275
2.1267385482788086,1.1175696849822998,2.405987501144409
2.1253068447113037,1.1167181730270386,2.4051740169525146
2.124075412750244,1.1148406267166138,2.404691219329834
2.124075412750244,1.1148406267166138,2.404691219329834
2.1237759590148926,1.1141564846038818,2.404057502746582
2.1241865158081055,1.1153367757797241,2.4040822982788086
2.1245574951171875,1.115270972251892,2.4040675163269043
2.1247594356536865,1.1151412725448608,2.4031763076782227
2.1253180503845215,1.1135427951812744,2.402376651763916
2.12469482421875,1.1127465963363647,2.4023005962371826
2.1234312057495117,1.1128075122833252,2.4034571647644043
2.1232080459594727,1.111377239227295,2.402513265609741
2.124213695526123,1.1099166870117188,2.401563882827759
2.1257007122039795,1.1086944341659546,2.4000236988067627
2.1266117095947266,1.108711838722229,2.399596691131592
2.1266117095947266,1.108711838722229,2.399596691131592
2.1277174949645996,1.1085494756698608,2.3990767002105713
2.127133846282959,1.1079707145690918,2.3997223377227783
2.1266579627990723,1.107722282409668,2.400186061859131
2.126356363296509,1.1079550981521606,2.4008047580718994
2.1280879974365234,1.1074703931808472,2.399672269821167
2.1293814182281494,1.1065654754638672,2.3987560272216797
2.1294074058532715,1.1057538986206055,2.398386001586914
2.129537582397461,1.1046786308288574,2.3978841304779053
2.1301281452178955,1.1038861274719238,2.397155523300171
2.1314926147460938,1.1029833555221558,2.39607834815979
2.1317477226257324,1.103812336921692,2.396136999130249
2.131521463394165,1.1039888858795166,2.396360158920288
2.129328489303589,1.103892207145691,2.397125244140625
2.129328489303589,1.103892207145691,2.397125244140625
2.128675699234009,1.1025502681732178,2.39666485786438
2.127415180206299,1.1015911102294922,2.3968865871429443
2.126807451248169,1.1015170812606812,2.3968894481658936
2.1293160915374756,1.101393699645996,2.3946917057037354
2.130021572113037,1.1004276275634766,2.3937838077545166
2.128948450088501,1.0983918905258179,2.3933870792388916
2.1278858184814453,1.0971060991287231,2.3934454917907715
2.128046989440918,1.0952852964401245,2.392829418182373
2.128187656402588,1.0940619707107544,2.392486333847046
2.1284353733062744,1.093488097190857,2.3924272060394287
2.1284353733062744,1.093488097190857,2.3924272060394287
2.1288092136383057,1.0932708978652954,2.3923792839050293
2.1290042400360107,1.092893123626709,2.3923051357269287
2.1284279823303223,1.0922727584838867,2.3925089836120605
2.1259236335754395,1.0920274257659912,2.394265651702881
2.125784397125244,1.0924335718154907,2.3944592475891113
2.1263701915740967,1.0926786661148071,2.394329071044922
2.127004861831665,1.0927276611328125,2.394331932067871
2.127542734146118,1.0915921926498413,2.3935368061065674
2.128042221069336,1.0906152725219727,2.3927948474884033
2.1276333332061768,1.0899447202682495,2.3926284313201904
2.1276333332061768,1.0899447202682495,2.3926284313201904
2.1271955966949463,1.0910042524337769,2.3935341835021973
2.1265549659729004,1.092086672782898,2.394771099090576
2.1263740062713623,1.092650055885315,2.3948731422424316
2.1269242763519287,1.0914907455444336,2.3939247131347656
2.1266672611236572,1.0906975269317627,2.3927645683288574
2.125905990600586,1.0903699398040771,2.3928303718566895
2.1255874633789062,1.090461254119873,2.3923161029815674
2.1255600452423096,1.0900927782058716,2.391929864883423
2.125070810317993,1.0900957584381104,2.3918709754943848
2.1239123344421387,1.0890437364578247,2.3914847373962402
2.12418794631958,1.0885210037231445,2.390627145767212
2.1250717639923096,1.0874875783920288,2.3892822265625
2.1235735416412354,1.0866258144378662,2.3896806240081787
2.1211655139923096,1.0847362279891968,2.3899986743927
2.1211655139923096,1.0847362279891968,2.3899986743927
2.1204259395599365,1.083358883857727,2.389832019805908
2.120473623275757,1.0819127559661865,2.389475107192993
2.120969533920288,1.0818874835968018,2.389408826828003
2.121443033218384,1.0823825597763062,2.3894948959350586
2.1221060752868652,1.0827553272247314,2.3891794681549072
2.1223764419555664,1.0821139812469482,2.389503002166748
2.1205978393554688,1.0810937881469727,2.3904690742492676
2.1205978393554688,1.0810937881469727,2.3904690742492676
2.1198770999908447,1.0811563730239868,2.392042875289917
2.116293430328369,1.079638957977295,2.392578601837158
2.1160874366760254,1.078526496887207,2.391972780227661
2.1148390769958496,1.0776140689849854,2.3924005031585693
2.114025354385376,1.0779310464859009,2.3937201499938965
2.1162595748901367,1.0788573026657104,2.394044876098633
2.1172478199005127,1.0758637189865112,2.393409013748169
2.1147196292877197,1.072064757347107,2.392885446548462
2.1139285564422607,1.0727845430374146,2.3932411670684814
2.113877534866333,1.0733416080474854,2.393766164779663
2.114978790283203,1.0734598636627197,2.3931117057800293
2.114978790283203,1.0734598636627197,2.3931117057800293
2.115147113800049,1.071208119392395,2.3921618461608887
2.115342617034912,1.0704582929611206,2.3916420936584473
2.115614175796509,1.070948600769043,2.391850233078003
2.115614175796509,1.070948600769043,2.391850233078003
2.115422248840332,1.0713320970535278,2.392345428466797
2.115680456161499,1.0703270435333252,2.3915061950683594
2.1161234378814697,1.0692647695541382,2.390597105026245
2.115083932876587,1.0689462423324585,2.3908309936523438
2.11482572555542,1.069664478302002,2.3915412425994873
2.1150786876678467,1.070554256439209,2.391934633255005
2.116389513015747,1.069628357887268,2.3905694484710693
2.117323637008667,1.068131923675537,2.389420747756958
2.116884469985962,1.067793846130371,2.389561891555786
2.117689847946167,1.0675915479660034,2.3888001441955566
2.1194992065429688,1.0673472881317139,2.387728691101074
2.1194992065429688,1.0673472881317139,2.387728691101074
2.1196255683898926,1.0673795938491821,2.3876874446868896
2.119152545928955,1.067612886428833,2.388705253601074
2.118532180786133,1.0671263933181763,2.3890321254730225
2.118311643600464,1.0678229331970215,2.3894283771514893
2.118779420852661,1.0678563117980957,2.388875961303711
2.1192474365234375,1.0679950714111328,2.3887617588043213
2.120615005493164,1.0683284997940063,2.3879261016845703
2.120615005493164,1.0683284997940063,2.3879261016845703
2.120375156402588,1.0677940845489502,2.387716054916382
2.120243549346924,1.0664864778518677,2.386962413787842
2.1198840141296387,1.0658364295959473,2.3874635696411133
2.1193687915802,1.0656682252883911,2.3874309062957764
2.121034860610962,1.066296935081482,2.386686086654663
2.1240363121032715,1.066067099571228,2.3849034309387207
2.1253044605255127,1.0655431747436523,2.384241819381714
2.1253418922424316,1.064566969871521,2.383326530456543
2.1255242824554443,1.063844084739685,2.382840156555176
2.1255242824554443,1.063844084739685,2.382840156555176
2.124635696411133,1.063543677330017,2.3831558227539062
2.1245906352996826,1.0639874935150146,2.383171558380127
2.125004529953003,1.0644928216934204,2.383141279220581
2.1245057582855225,1.0646872520446777,2.3832008838653564
2.1243903636932373,1.0639206171035767,2.3824360370635986
2.124804973602295,1.0629090070724487,2.3818342685699463
2.126224994659424,1.0630165338516235,2.3807404041290283
2.1266305446624756,1.0640056133270264,2.380450963973999
2.1270852088928223,1.0651781558990479,2.3801138401031494
2.1245527267456055,1.0660053491592407,2.3820626735687256
2.1202046871185303,1.0656934976577759,2.3831727504730225
2.1182925701141357,1.0643006563186646,2.383108139038086
2.117759943008423,1.0619796514511108,2.381998062133789
2.1176388263702393,1.0594227313995361,2.3804500102996826
2.117245674133301,1.0580308437347412,2.3802645206451416
2.117245674133301,1.0580308437347412,2.3802645206451416
2.117738723754883,1.056459903717041,2.3782999515533447
2.118299722671509,1.055526614189148,2.3799118995666504
2.1161141395568848,1.0546772480010986,2.381040334701538
2.1148033142089844,1.0541154146194458,2.382789373397827
2.114339590072632,1.0548902750015259,2.3837759494781494
2.1145546436309814,1.054982304573059,2.3843677043914795
2.114978313446045,1.0549076795578003,2.3843648433685303
2.1147255897521973,1.0534895658493042,2.3849399089813232
2.1141958236694336,1.0524054765701294,2.3848254680633545
2.114445924758911,1.0517393350601196,2.3846025466918945
2.114445924758911,1.0517393350601196,2.3846025466918945
2.11492919921875,1.0513701438903809,2.3844494819641113
2.115717887878418,1.0510448217391968,2.3842310905456543
2.1160662174224854,1.050665020942688,2.383807420730591
2.115910053253174,1.0502376556396484,2.3837344646453857
2.115100145339966,1.0502042770385742,2.3846383094787598
2.1144886016845703,1.0503060817718506,2.385418653488159
2.1147968769073486,1.0494096279144287,2.3847084045410156
2.1148009300231934,1.0476130247116089,2.384105682373047
2.1155638694763184,1.0477368831634521,2.38334584236145
2.115386486053467,1.0477509498596191,2.383798599243164
2.1139960289001465,1.0484905242919922,2.385047197341919
2.1133980751037598,1.0491907596588135,2.3858656883239746
2.1133980751037598,1.0491907596588135,2.3858656883239746
2.1115882396698,1.0493550300598145,2.3873212337493896
2.1100728511810303,1.0490041971206665,2.387864828109741
2.1104445457458496,1.0478142499923706,2.386953830718994
2.1125919818878174,1.0467356443405151,2.385230779647827
2.1141393184661865,1.0466156005859375,2.3847005367279053
2.11500883102417,1.0460960865020752,2.383662462234497
2.1146810054779053,1.0453860759735107,2.382857084274292
2.113539218902588,1.0435166358947754,2.382448673248291
2.11156964302063,1.0396791696548462,2.381499767303467
2.1104841232299805,1.0351842641830444,2.37994384765625
2.1092379093170166,1.0329382419586182,2.3791656494140625
2.109374761581421,1.0309885740280151,2.3780343532562256
2.109602451324463,1.0294346809387207,2.3773653507232666
2.109602451324463,1.0294346809387207,2.3773653507232666
2.1105120182037354,1.0285245180130005,2.376814365386963
2.110581398010254,1.0292445421218872,2.3773910999298096
2.111389398574829,1.02888023853302,2.3769843578338623
2.1112632751464844,1.027854084968567,2.3769590854644775
2.111358880996704,1.0271081924438477,2.376805305480957
2.1111974716186523,1.027174949645996,2.3772850036621094
2.1107609272003174,1.0270733833312988,2.3780438899993896
2.1107609272003174,1.0270733833312988,2.3780438899993896
2.110368013381958,1.0269213914871216,2.3784637451171875
2.110638380050659,1.026469111442566,2.378352403640747
2.111401319503784,1.0258201360702515,2.3777151107788086
2.1118483543395996,1.0262562036514282,2.3774688243865967
2.1125593185424805,1.026922345161438,2.377565383911133
2.112542152404785,1.026511311531067,2.377530813217163
2.1118531227111816,1.025840401649475,2.377899646759033
2.1103525161743164,1.0250760316848755,2.3779568672180176
2.109529495239258,1.023769497871399,2.377953052520752
2.1094210147857666,1.022788166999817,2.37732195854187
2.109854221343994,1.0216044187545776,2.376344680786133
2.1104462146759033,1.0209221839904785,2.3755321502685547
2.1104462146759033,1.0209221839904785,2.3755321502685547
2.1095235347747803,1.020331859588623,2.3759570121765137
2.1099166870117188,1.0199768543243408,2.375873565673828
2.109384775161743,1.0201085805892944,2.3763556480407715
2.1098473072052,1.0208207368850708,2.3765766620635986
2.1094863414764404,1.0211635828018188,2.377333164215088
2.109433174133301,1.020644187927246,2.377070188522339
2.1092703342437744,1.0206422805786133,2.3771088123321533
2.109912872314453,1.0205377340316772,2.376453161239624
2.109912872314453,1.0205377340316772,2.376453161239624
2.109131336212158,1.020205020904541,2.376455068588257
2.108802080154419,1.0183340311050415,2.3756353855133057
2.107579469680786,1.0163358449935913,2.374922752380371
2.107095718383789,1.0148454904556274,2.374140739440918
2.106523275375366,1.0137929916381836,2.3740360736846924
2.106536626815796,1.0140178203582764,2.373953104019165
2.106536626815796,1.0140178203582764,2.373953104019165
2.1069023609161377,1.0132536888122559,2.373581886291504
2.106487512588501,1.0131888389587402,2.3732476234436035
2.1070618629455566,1.0128031969070435,2.372802734375
2.1072170734405518,1.0136064291000366,2.3725976943969727
2.108020305633545,1.0134010314941406,2.3722009658813477
2.107259750366211,1.0151547193527222,2.3729045391082764
2.107358694076538,1.0151723623275757,2.373629570007324
2.1077113151550293,1.0152798891067505,2.373882532119751
2.1078743934631348,1.0145461559295654,2.3737311363220215
2.1078743934631348,1.0145461559295654,2.3737311363220215
2.1077005863189697,1.0141913890838623,2.3739869594573975
2.1050288677215576,1.0119237899780273,2.3759288787841797
2.1031687259674072,1.0113283395767212,2.377056121826172
2.105238914489746,1.0085686445236206,2.375297784805298
2.106653928756714,1.0049787759780884,2.37203311920166
2.1111769676208496,1.0033401250839233,2.3681797981262207
2.113755226135254,1.0038946866989136,2.367175340652466
2.1140542030334473,1.0049885511398315,2.367469310760498
2.1114208698272705,1.0050145387649536,2.3689255714416504
2.109988212585449,1.0034905672073364,2.3689963817596436
2.109954833984375,1.0026211738586426,2.368922710418701
2.1121954917907715,1.0027283430099487,2.3674962520599365
2.1150388717651367,1.0022798776626587,2.365278482437134
2.1165378093719482,1.0011391639709473,2.3636720180511475
2.1152732372283936,0.9999411702156067,2.3642184734344482
2.1109306812286377,0.9991324543952942,2.3665409088134766
2.107107162475586,0.9982000589370728,2.3687472343444824
2.10601806640625,0.9966250061988831,2.368821144104004
2.106931209564209,0.9964670538902283,2.3678534030914307
2.1093432903289795,0.9966984391212463,2.3663430213928223
2.1093432903289795,0.9966984391212463,2.3663430213928223
2.11145281791687,0.9964359402656555,2.3657515048980713
2.1090760231018066,0.994488000869751,2.3661282062530518
2.108508825302124,0.9927350282669067,2.3656833171844482
2.1084208488464355,0.9915933012962341,2.36567759513855
2.1086606979370117,0.9910300970077515,2.3658440113067627
2.1096739768981934,0.9903444647789001,2.365257740020752
2.109863758087158,0.9893960952758789,2.3647878170013428
2.109265089035034,0.9892506003379822,2.3650500774383545
2.1087913513183594,0.9901260733604431,2.365896224975586
2.1066625118255615,0.9906451106071472,2.3677566051483154
2.104637861251831,0.9914271831512451,2.3698890209198
2.101915121078491,0.9924459457397461,2.3720614910125732
2.099461555480957,0.991441547870636,2.372932195663452
2.098827600479126,0.9910352230072021,2.372086763381958
2.098820686340332,0.9893598556518555,2.3704099655151367
2.097010850906372,0.9885303974151611,2.3702127933502197
2.097010850906372,0.9885303974151611,2.3702127933502197
2.0968761444091797,0.9891822934150696,2.3711137771606445
2.0962867736816406,0.9904453158378601,2.37349271774292
2.094870090484619,0.9908707141876221,2.3748865127563477
2.093341827392578,0.9894941449165344,2.3751749992370605
2.092923879623413,0.9878217577934265,2.3746988773345947
2.093449354171753,0.9896751046180725,2.3744242191314697
2.092585802078247,0.9884014129638672,2.373878240585327
2.092008352279663,0.9881521463394165,2.3728320598602295
2.0911378860473633,0.9866077899932861,2.3728559017181396
2.0895307064056396,0.9891416430473328,2.3746120929718018
2.0895307064056396,0.9891416430473328,2.3746120929718018
2.088618755340576,0.9913384318351746,2.3760626316070557
2.0887558460235596,0.9931071996688843,2.3771913051605225
2.0884110927581787,0.9942626357078552,2.377936840057373
2.0884361267089844,0.9936301708221436,2.3768255710601807
2.0910685062408447,0.9916850924491882,2.3732781410217285
2.0949411392211914,0.9913128614425659,2.3702428340911865
2.0974292755126953,0.9914655089378357,2.368394374847412
2.099011182785034,0.9917919635772705,2.3669939041137695
2.0998313426971436,0.9905377626419067,2.3661088943481445
2.099245548248291,0.9889165163040161,2.365657091140747
2.09902286529541,0.9873735904693604,2.3648409843444824
2.0995168685913086,0.9864672422409058,2.3639674186706543
2.0995168685913086,0.9864672422409058,2.3639674186706543
2.1016292572021484,0.9839770197868347,2.361316680908203
2.102276563644409,0.9823485612869263,2.3597800731658936
2.102416753768921,0.9807233810424805,2.3584811687469482
2.1025800704956055,0.9786853194236755,2.3567850589752197
2.1024882793426514,0.9754448533058167,2.3544650077819824
2.1024680137634277,0.9735578298568726,2.3530101776123047
2.1027863025665283,0.9710894823074341,2.3516557216644287
2.1027820110321045,0.9710817933082581,2.351491928100586
2.102858066558838,0.9692015051841736,2.3515844345092773
2.100909471511841,0.9679264426231384,2.35189151763916
2.099371910095215,0.9657696485519409,2.3521039485931396
2.0980122089385986,0.965265691280365,2.352644681930542
2.098515510559082,0.9647707939147949,2.3524973392486572
2.099473476409912,0.9650238156318665,2.352202892303467
2.10014009475708,0.9645649790763855,2.352006435394287
2.10014009475708,0.9645649790763855,2.352006435394287
2.099785327911377,0.9637543559074402,2.3520348072052
2.099820137023926,0.9622763991355896,2.351708173751831
2.099517822265625,0.9617443680763245,2.3517513275146484
2.0994179248809814,0.9614309668540955,2.3518810272216797
2.099605083465576,0.9608933329582214,2.352107286453247
2.1003382205963135,0.9602260589599609,2.3520352840423584
2.101531505584717,0.959587574005127,2.351146697998047
2.1025357246398926,0.9596498608589172,2.3509063720703125
2.1035609245300293,0.9598589539527893,2.3503313064575195
2.1045305728912354,0.959356427192688,2.3498375415802
2.104066848754883,0.9597604274749756,2.350660562515259
2.1024744510650635,0.9593573212623596,2.352216958999634
2.100968837738037,0.9590917825698853,2.353119373321533
2.100968837738037,0.9590917825698853,2.353119373321533
2.101025342941284,0.9580295085906982,2.352970600128174
2.0999882221221924,0.9576196670532227,2.353520154953003
2.1002964973449707,0.9580129981040955,2.3540542125701904
2.1004912853240967,0.9589971899986267,2.3547329902648926
2.101398229598999,0.9585453271865845,2.3543195724487305
2.1013927459716797,0.9576793909072876,2.35382080078125
2.101106882095337,0.9571492075920105,2.3537919521331787
2.1020028591156006,0.9571536183357239,2.3522987365722656
2.1031627655029297,0.9567093849182129,2.3514933586120605
2.103919506072998,0.955513060092926,2.3506202697753906
2.1043012142181396,0.953405499458313,2.349167585372925
2.10430645942688,0.9510431289672852,2.34732723236084
2.1038331985473633,0.9492055773735046,2.345841884613037
2.1038331985473633,0.9492055773735046,2.345841884613037
2.1037347316741943,0.9492627382278442,2.3445565700531006
2.1034178733825684,0.9497248530387878,2.344799757003784
2.1037275791168213,0.9504469633102417,2.3447179794311523
2.1041359901428223,0.9499099850654602,2.343839645385742
2.1052658557891846,0.949325442314148,2.3424601554870605
2.105299949645996,0.94948410987854,2.342043399810791
2.104807138442993,0.9497821927070618,2.341937303543091
2.1044819355010986,0.9482322931289673,2.341111660003662
2.1046841144561768,0.9468531608581543,2.340355634689331
2.1041340827941895,0.9461976885795593,2.340211868286133
2.1040866374969482,0.9455748200416565,2.3395893573760986
2.1039609909057617,0.945200502872467,2.3396658897399902
2.1036641597747803,0.9448420405387878,2.33939528465271
2.101402521133423,0.9449823498725891,2.341693162918091
2.101511240005493,0.9447416663169861,2.3412675857543945
2.101511240005493,0.9447416663169861,2.3412675857543945
2.1017589569091797,0.9442609548568726,2.34106183052063
2.1039178371429443,0.9429173469543457,2.3387629985809326
2.104182720184326,0.9441071152687073,2.3389828205108643
2.1029489040374756,0.9441426992416382,2.3398499488830566
2.1012611389160156,0.9427995085716248,2.340811014175415
2.1000168323516846,0.9410609602928162,2.340925693511963
2.0997164249420166,0.9415674209594727,2.340803384780884
2.1008663177490234,0.9419515132904053,2.340394973754883
2.1016480922698975,0.9419041275978088,2.339932441711426
2.10146427154541,0.9414949417114258,2.340198040008545
2.1005666255950928,0.9409659504890442,2.341006278991699
2.100045680999756,0.9408966898918152,2.341407537460327
2.100243091583252,0.941478431224823,2.341890335083008
2.100243091583252,0.941478431224823,2.341890335083008
2.1006927490234375,0.9413941502571106,2.342164993286133
2.1016576290130615,0.9409710168838501,2.341423749923706
2.102858304977417,0.9404113292694092,2.3406171798706055
2.102548837661743,0.9400981664657593,2.3409667015075684
2.1018946170806885,0.9405941963195801,2.3423404693603516
2.103201150894165,0.9415077567100525,2.342419385910034
2.105252742767334,0.9413416385650635,2.3407626152038574
2.1060597896575928,0.9408518671989441,2.3402209281921387
2.1060571670532227,0.9407860636711121,2.339543342590332
2.1060571670532227,0.9407860636711121,2.339543342590332
2.1077117919921875,0.9392194151878357,2.33833646774292
2.096311330795288,0.9370835423469543,2.3423984050750732
2.0982558727264404,0.9356030821800232,2.3403842449188232
2.097991943359375,0.9356158971786499,2.339944362640381
2.103065013885498,0.9362722039222717,2.336688280105591
2.1068317890167236,0.9358394145965576,2.3334333896636963
2.1079726219177246,0.9353112578392029,2.331340789794922
2.1048758029937744,0.93465656042099,2.331794023513794
2.101632833480835,0.9340492486953735,2.3334603309631348
2.099817991256714,0.9338222146034241,2.334735631942749
2.099817991256714,0.9338222146034241,2.334735631942749
2.0964438915252686,0.9331414699554443,2.3368985652923584
2.090531349182129,0.9314345121383667,2.3402040004730225
2.090531349182129,0.9314345121383667,2.3402040004730225
2.0900962352752686,0.9318810701370239,2.340954065322876
2.0903241634368896,0.9323297142982483,2.3413987159729004
2.091022491455078,0.9320423007011414,2.3409602642059326
2.0901734828948975,0.931222140789032,2.340435028076172
2.0915586948394775,0.9292535185813904,2.3381717205047607
2.0934267044067383,0.9291487336158752,2.337128162384033
2.093975067138672,0.9285054206848145,2.3366475105285645
2.093627452850342,0.9284728765487671,2.337128162384033
2.0932939052581787,0.9284842610359192,2.3375279903411865
2.092545747756958,0.9277417063713074,2.338629961013794
2.092545747756958,0.9277417063713074,2.338629961013794
2.0901973247528076,0.926333487033844,2.33981990814209
2.088026285171509,0.9261362552642822,2.3403666019439697
2.0868732929229736,0.9248830080032349,2.340332508087158
2.0866591930389404,0.9240923523902893,2.341010093688965
2.0854744911193848,0.9234223365783691,2.3415770530700684
2.085042715072632,0.9231504797935486,2.341367721557617
2.0851376056671143,0.9232773184776306,2.3414580821990967
2.0844244956970215,0.9232043623924255,2.3419759273529053
2.0844244956970215,0.9232043623924255,2.3419759273529053
2.083136796951294,0.9221339821815491,2.3420262336730957
2.0825142860412598,0.9210754632949829,2.341135025024414
2.082521677017212,0.9199751019477844,2.340122938156128
2.082547187805176,0.919670045375824,2.3392627239227295
2.0823585987091064,0.9187497496604919,2.3383421897888184
2.0811970233917236,0.9186075925827026,2.338545322418213
2.0810868740081787,0.9187056422233582,2.3386566638946533
2.0809645652770996,0.9194609522819519,2.3392868041992188
2.0798189640045166,0.9205406308174133,2.340411424636841
2.0784854888916016,0.9205817580223083,2.341134548187256
2.077258348464966,0.9190838932991028,2.3412668704986572
2.0750935077667236,0.9175339341163635,2.3419227600097656
2.072157621383667,0.916679859161377,2.3429720401763916
2.070021390914917,0.9167890548706055,2.3439106941223145
2.07015061378479,0.9168840646743774,2.343327283859253
2.0707955360412598,0.9167335629463196,2.3426601886749268
2.069973945617676,0.9171322584152222,2.3440728187561035
2.068352699279785,0.9159747362136841,2.3442440032958984
2.0665647983551025,0.9155115485191345,2.3454859256744385
2.0650811195373535,0.9141250848770142,2.3457999229431152
2.063366413116455,0.9144977331161499,2.3474626541137695
2.063100576400757,0.9143842458724976,2.347756862640381
2.063100576400757,0.9143842458724976,2.347756862640381
2.06323504447937,0.9142691493034363,2.348083972930908
2.0627846717834473,0.913379967212677,2.348209857940674
2.0620007514953613,0.9132860898971558,2.348832130432129
2.0617315769195557,0.9129310846328735,2.3488500118255615
2.0613315105438232,0.9131731986999512,2.348778247833252
2.0609848499298096,0.912967324256897,2.348736047744751
2.0603280067443848,0.912625789642334,2.348263740539551
2.0596654415130615,0.9114810824394226,2.3475348949432373
2.059002161026001,0.9107086658477783,2.3472225666046143
2.059002161026001,0.9107086658477783,2.3472225666046143
2.056939125061035,0.9101402759552002,2.347687244415283
2.0544538497924805,0.9107251763343811,2.3489153385162354
2.0531556606292725,0.9110390543937683,2.3498480319976807
2.0531556606292725,0.9110390543937683,2.3498480319976807
2.0516011714935303,0.9108518958091736,2.3506247997283936
2.0509655475616455,0.9098802804946899,2.350433349609375
2.0507969856262207,0.9094776511192322,2.350342035293579
2.051431179046631,0.9087757468223572,2.349320411682129
2.051036834716797,0.9082349538803101,2.3490846157073975
2.049588680267334,0.9067885279655457,2.3490166664123535
2.0480527877807617,0.9061688780784607,2.3495824337005615
2.0464720726013184,0.9047034382820129,2.3497798442840576
2.045863389968872,0.9037480354309082,2.349992036819458
2.04659366607666,0.9028370380401611,2.3491294384002686
2.0479397773742676,0.9021550416946411,2.3481109142303467
2.0484910011291504,0.9013316035270691,2.3472087383270264
2.048931360244751,0.900900661945343,2.3468191623687744
2.048931360244751,0.900900661945343,2.3468191623687744
2.0482547283172607,0.9003469944000244,2.3469386100769043
2.0489706993103027,0.8998264074325562,2.346101999282837
2.049053907394409,0.8998051881790161,2.34596848487854
2.0486650466918945,0.8994519114494324,2.345925807952881
2.0478975772857666,0.8983832597732544,2.346031904220581
2.0472049713134766,0.8973641991615295,2.346198558807373
2.0474395751953125,0.8966490626335144,2.345630645751953
2.0474395751953125,0.8966490626335144,2.345630645751953
2.048187732696533,0.8960741758346558,2.34486722946167
2.0473177433013916,0.8953600525856018,2.344914197921753
2.046863079071045,0.8949203491210938,2.3448572158813477
2.046705722808838,0.8936903476715088,2.3448970317840576
2.045987606048584,0.8922621011734009,2.344838857650757
2.044651985168457,0.8915534615516663,2.345322608947754
2.043154001235962,0.8902419209480286,2.3453941345214844
2.043506622314453,0.8892546892166138,2.3447206020355225
2.042869806289673,0.8862101435661316,2.343431234359741
2.042794704437256,0.8836287260055542,2.342841625213623
2.0443778038024902,0.8810845613479614,2.340221881866455
2.0443778038024902,0.8810845613479614,2.340221881866455
2.045257568359375,0.8807809948921204,2.3396925926208496
2.0458672046661377,0.8809295892715454,2.3394699096679688
2.0473616123199463,0.8817146420478821,2.3390605449676514
2.0469906330108643,0.8829215168952942,2.3398964405059814
2.0471482276916504,0.8814554810523987,2.339036226272583
2.047851324081421,0.8799872994422913,2.3377504348754883
2.04887318611145,0.879137396812439,2.3364105224609375
2.04935359954834,0.8779154419898987,2.3350515365600586
2.049241304397583,0.8777484893798828,2.334496021270752
2.049241304397583,0.8777484893798828,2.334496021270752
2.0477616786956787,0.8777357339859009,2.335317611694336
2.046365737915039,0.8777260780334473,2.3361496925354004
2.045398712158203,0.8768559694290161,2.3359439373016357
2.0454800128936768,0.8743991255760193,2.3342528343200684
2.0454466342926025,0.8737028241157532,2.3331809043884277
2.045562982559204,0.8743158578872681,2.332589626312256
2.0463616847991943,0.8761898875236511,2.3328278064727783
2.0464863777160645,0.8767632842063904,2.332747459411621
2.0464863777160645,0.8767632842063904,2.332747459411621
2.0461349487304688,0.8769633173942566,2.333207130432129
2.0450477600097656,0.8763588070869446,2.333230972290039
2.046299695968628,0.8760797381401062,2.332369327545166
2.0475246906280518,0.875173032283783,2.331134080886841
2.048002004623413,0.8750883340835571,2.3314242362976074
2.0479488372802734,0.8752528429031372,2.3312342166900635
2.0479841232299805,0.8747914433479309,2.331868886947632
2.048064708709717,0.8753818869590759,2.3322675228118896
2.04748797416687,0.8749241828918457,2.3332626819610596
2.048248767852783,0.8752927184104919,2.3329994678497314
2.0482027530670166,0.874224066734314,2.332627058029175
2.0479679107666016,0.8736224174499512,2.332663059234619
2.0467560291290283,0.8734278082847595,2.333950996398926
2.0467560291290283,0.8734278082847595,2.333950996398926
2.046487331390381,0.8735355138778687,2.3342835903167725
2.046401023864746,0.872468888759613,2.3336236476898193
2.046236038208008,0.8716840147972107,2.3334426879882812
2.046386480331421,0.871271014213562,2.332963466644287
2.0466091632843018,0.871670663356781,2.332911252975464
2.047434091567993,0.8716555833816528,2.3322789669036865
2.0468952655792236,0.8710908889770508,2.3322255611419678
2.0460469722747803,0.8706859946250916,2.332219123840332
2.0460469722747803,0.8706859946250916,2.332219123840332
2.0454630851745605,0.8702068328857422,2.3321280479431152
2.0467112064361572,0.8687803745269775,2.3304076194763184
2.046497344970703,0.8670214414596558,2.3292319774627686
2.0453810691833496,0.8633086085319519,2.3276174068450928
2.043701410293579,0.8619514107704163,2.3265535831451416
2.043156623840332,0.8609691858291626,2.3262486457824707
2.0425658226013184,0.8620805740356445,2.3277182579040527
2.0417540073394775,0.8631774187088013,2.328416585922241
2.0415053367614746,0.8623174428939819,2.327786684036255
2.0415053367614746,0.8623174428939819,2.327786684036255
2.0407910346984863,0.8612918853759766,2.3274385929107666
2.0401856899261475,0.8612677454948425,2.3278820514678955
2.0412065982818604,0.8626020550727844,2.327763795852661
2.042222738265991,0.8639329671859741,2.327704429626465
2.0426011085510254,0.8639495968818665,2.327392816543579
2.0415735244750977,0.8632342219352722,2.327273368835449
2.0405807495117188,0.8625080585479736,2.3273985385894775
2.0406293869018555,0.8626941442489624,2.3275163173675537
2.041834592819214,0.8632350564002991,2.3270857334136963
2.041834592819214,0.8632350564002991,2.3270857334136963
2.04276442527771,0.8640701770782471,2.326786518096924
2.0427753925323486,0.8641612529754639,2.326972007751465
2.04276180267334,0.8642934560775757,2.326859474182129
2.0423595905303955,0.8632550239562988,2.326812982559204
2.042145013809204,0.8627808094024658,2.3264975547790527
2.0414810180664062,0.8619847297668457,2.326383590698242
2.041452169418335,0.8614941239356995,2.325890064239502
2.0413389205932617,0.8612384796142578,2.3259963989257812
2.041368246078491,0.8620020151138306,2.32629656791687
2.041368246078491,0.8620020151138306,2.32629656791687
2.0422523021698,0.8617962002754211,2.326690435409546
2.0427887439727783,0.8615630269050598,2.326714038848877
2.0427615642547607,0.8597272038459778,2.3262884616851807
2.0426278114318848,0.8584759831428528,2.3257391452789307
2.0430550575256348,0.8586664795875549,2.3257532119750977
2.0443575382232666,0.8591448664665222,2.32521390914917
2.045469045639038,0.8589888215065002,2.3248887062072754
2.045606851577759,0.8579491376876831,2.324415683746338
2.04427433013916,0.8560140132904053,2.324064016342163
2.04427433013916,0.8560140132904053,2.324064016342163
2.0436227321624756,0.8553686738014221,2.3239855766296387
2.043328285217285,0.8548744916915894,2.3236348628997803
2.0432491302490234,0.8540040254592896,2.322726249694824
2.0434837341308594,0.8526655435562134,2.3213908672332764
2.0432658195495605,0.8516322374343872,2.3207194805145264
2.043088912963867,0.8504506349563599,2.320035457611084
2.0430779457092285,0.8487719893455505,2.3189704418182373
2.0422463417053223,0.846007764339447,2.317715644836426
2.041715621948242,0.8444290161132812,2.316643476486206
2.040462017059326,0.8425775170326233,2.3160314559936523
2.040785551071167,0.8436825275421143,2.316631555557251
2.0414555072784424,0.8431527018547058,2.315636396408081
2.0426065921783447,0.8435799479484558,2.3150782585144043
2.0428645610809326,0.8427706360816956,2.3144869804382324
2.0428645610809326,0.8427706360816956,2.3144869804382324
2.042107105255127,0.8429470658302307,2.3153011798858643
2.042178153991699,0.8426924347877502,2.3152647018432617
2.043370008468628,0.8427587747573853,2.3153176307678223
2.0449326038360596,0.8425456881523132,2.3144936561584473
2.0446670055389404,0.8422726988792419,2.315291404724121
2.0438075065612793,0.8421087861061096,2.315793514251709
2.0435140132904053,0.8420132994651794,2.3162648677825928
2.0428576469421387,0.8417971134185791,2.3167290687561035
2.0428576469421387,0.8417971134185791,2.3167290687561035
2.041719913482666,0.8410637378692627,2.317408323287964
2.0410141944885254,0.8415471315383911,2.3184814453125
2.0411088466644287,0.8425798416137695,2.3190300464630127
2.0416293144226074,0.8425588607788086,2.3188998699188232
2.0416085720062256,0.841093122959137,2.318331003189087
2.0409388542175293,0.8401502966880798,2.3180384635925293
2.040381669998169,0.8393840789794922,2.317692995071411
2.0405123233795166,0.8392429947853088,2.317493438720703
2.0409576892852783,0.8395559787750244,2.3178465366363525
2.040832042694092,0.840056300163269,2.3182201385498047
2.040832042694092,0.840056300163269,2.3182201385498047
2.041292667388916,0.8400742411613464,2.3179328441619873
2.041456460952759,0.8399549126625061,2.31703519821167
2.041544198989868,0.8393054008483887,2.3166399002075195
2.041232109069824,0.8399391174316406,2.316802501678467
2.04103684425354,0.8393911123275757,2.3162529468536377
2.0405211448669434,0.8395434617996216,2.316802501678467
2.039807081222534,0.838882327079773,2.3171985149383545
2.0394198894500732,0.8398245573043823,2.31785249710083
2.0394198894500732,0.8398245573043823,2.31785249710083
2.0401833057403564,0.8404427170753479,2.3178229331970215
2.0403497219085693,0.8399375081062317,2.3173482418060303
2.0398669242858887,0.8383136987686157,2.316758394241333
2.039219617843628,0.8362507224082947,2.3153114318847656
2.0389792919158936,0.8327457904815674,2.3131184577941895
2.038689374923706,0.8305772542953491,2.3119752407073975
2.037898063659668,0.8287352919578552,2.3111655712127686
2.038097381591797,0.8283815979957581,2.3102707862854004
2.038097381591797,0.8283815979957581,2.3102707862854004
2.0385544300079346,0.8282541632652283,2.309788703918457
2.038872003555298,0.8287515640258789,2.3099968433380127
2.0386555194854736,0.8284619450569153,2.3096446990966797
2.0389211177825928,0.8273331522941589,2.308558940887451
2.0387120246887207,0.826649010181427,2.3081469535827637
2.037867784500122,0.8260096311569214,2.3080685138702393
2.037921667098999,0.8258786201477051,2.307494640350342
2.0386555194854736,0.8262936472892761,2.3069422245025635
2.037698745727539,0.8263607025146484,2.307892322540283
2.0361411571502686,0.8260780572891235,2.309060573577881
2.0361411571502686,0.8260780572891235,2.309060573577881
2.035385847091675,0.8245230317115784,2.3080055713653564
2.0367279052734375,0.8226583003997803,2.3056886196136475
2.037405252456665,0.8226988315582275,2.3053109645843506
2.038097858428955,0.8236562609672546,2.3050172328948975
2.0378334522247314,0.8245099186897278,2.3061113357543945
2.036693572998047,0.8245678544044495,2.3067314624786377
2.0361995697021484,0.8232746720314026,2.3063597679138184
2.035409688949585,0.8221982717514038,2.306168794631958
2.0358054637908936,0.8226638436317444,2.3062093257904053
2.036390781402588,0.822598934173584,2.3056395053863525
2.037078380584717,0.8220795392990112,2.305536985397339
2.037078380584717,0.8220795392990112,2.305536985397339
2.0347378253936768,0.8207096457481384,2.3064053058624268
2.0350630283355713,0.8199439644813538,2.3061113357543945
2.0362675189971924,0.8195910453796387,2.3055717945098877
2.037919282913208,0.820598840713501,2.305431842803955
2.039184331893921,0.8213675022125244,2.3053908348083496
2.0392589569091797,0.8214091062545776,2.3058347702026367
2.0392777919769287,0.8208228945732117,2.305744171142578
2.039121389389038,0.8205677270889282,2.3061723709106445
2.03954815864563,0.8207529783248901,2.3064124584198
2.040369987487793,0.8212275505065918,2.3065433502197266
2.040783643722534,0.8210505247116089,2.3062870502471924
2.039477825164795,0.820034384727478,2.307105779647827
2.0388739109039307,0.8189607262611389,2.3059635162353516
2.0388739109039307,0.8189607262611389,2.3059635162353516
2.038389205932617,0.8178561925888062,2.3055896759033203
2.037559986114502,0.8158368468284607,2.3044912815093994
2.0374510288238525,0.8147314786911011,2.303860902786255
2.0378758907318115,0.8136436939239502,2.302067279815674
2.0388169288635254,0.8133885860443115,2.3009660243988037
2.038041353225708,0.8137809634208679,2.3017122745513916
2.0365846157073975,0.8133818507194519,2.302151918411255
2.0350751876831055,0.8121136426925659,2.3010783195495605
2.0351760387420654,0.811225950717926,2.300124406814575
2.035268783569336,0.8096926808357239,2.2987606525421143
2.036630153656006,0.8093950152397156,2.297274112701416
2.037764549255371,0.8087738752365112,2.295799493789673
2.037764549255371,0.8087738752365112,2.295799493789673
2.038193464279175,0.8084027171134949,2.2953853607177734
2.038020372390747,0.808118462562561,2.295456647872925
2.0374810695648193,0.8081142902374268,2.2955243587493896
2.0362484455108643,0.8077141642570496,2.295675754547119
2.0363693237304688,0.8068671822547913,2.2951366901397705
2.0360825061798096,0.8053058981895447,2.294321060180664
2.03670334815979,0.8038127422332764,2.2932777404785156
2.0370609760284424,0.8032291531562805,2.2930245399475098
2.0370609760284424,0.8032291531562805,2.2930245399475098
2.0365824699401855,0.8018494844436646,2.2928555011749268
2.0351927280426025,0.7996457815170288,2.292504072189331
2.0344631671905518,0.7986876368522644,2.292800188064575
2.034396171569824,0.7983256578445435,2.292764902114868
2.035440683364868,0.798517107963562,2.2927052974700928
2.035053253173828,0.7990961670875549,2.293489694595337
2.0341475009918213,0.7988603711128235,2.293724775314331
2.034287452697754,0.7983585000038147,2.2934250831604004
2.0335745811462402,0.7988903522491455,2.294387102127075
2.0335745811462402,0.7988903522491455,2.294387102127075
2.0341482162475586,0.7986893653869629,2.294093132019043
2.034559726715088,0.7996784448623657,2.294281482696533
2.0351574420928955,0.7992081642150879,2.2934157848358154
2.033963203430176,0.7984599471092224,2.293567419052124
2.032654047012329,0.7974592447280884,2.293872594833374
2.0327112674713135,0.7978874444961548,2.2939014434814453
2.0330114364624023,0.7984272837638855,2.294206142425537
2.0330114364624023,0.7984272837638855,2.294206142425537
2.0330631732940674,0.7986534833908081,2.2944610118865967
2.032271146774292,0.7979725003242493,2.2946102619171143
2.0326035022735596,0.7974937558174133,2.293858766555786
2.0326035022735596,0.7974937558174133,2.293858766555786
2.0326759815216064,0.7976561784744263,2.293565034866333
2.0317840576171875,0.7983328104019165,2.2941341400146484
2.0314078330993652,0.7991139888763428,2.294447660446167
2.0314016342163086,0.7989753484725952,2.2944767475128174
2.031928300857544,0.7985463738441467,2.294125556945801
2.032294273376465,0.7990176677703857,2.294081211090088
2.032891035079956,0.7989940643310547,2.2931487560272217
2.0330183506011963,0.79739910364151,2.291971206665039
2.0324594974517822,0.7959226965904236,2.291452169418335
2.0324594974517822,0.7959226965904236,2.291452169418335
2.0321216583251953,0.7955197095870972,2.291626453399658
2.0309033393859863,0.7943580150604248,2.291574716567993
2.030773639678955,0.7926831841468811,2.290950298309326
2.0307090282440186,0.7905067801475525,2.289628267288208
2.030332565307617,0.7898738980293274,2.289529323577881
2.0313117504119873,0.7892497181892395,2.288390636444092
2.032392740249634,0.789128303527832,2.2879996299743652
2.0322043895721436,0.7889460325241089,2.288048267364502
2.032135486602783,0.7884005308151245,2.288196563720703
2.0315189361572266,0.7880061268806458,2.2882704734802246
2.031431198120117,0.7857244610786438,2.286924362182617
2.031431198120117,0.7857244610786438,2.286924362182617
2.0312676429748535,0.7847113013267517,2.2863128185272217
2.0307717323303223,0.7846794724464417,2.2860376834869385
2.0305535793304443,0.7846643924713135,2.2861008644104004
2.031096935272217,0.7846934199333191,2.2858386039733887
2.0313520431518555,0.7846107482910156,2.2854928970336914
2.0309524536132812,0.7852091193199158,2.285940408706665
2.0312767028808594,0.7854573726654053,2.2857236862182617
2.0325286388397217,0.7840855121612549,2.284022808074951
2.0335817337036133,0.7828058004379272,2.2823991775512695
2.033761978149414,0.7820170521736145,2.281414747238159
2.033406972885132,0.7824326753616333,2.2814319133758545
2.032022714614868,0.7835260629653931,2.2828261852264404
2.032022714614868,0.7835260629653931,2.2828261852264404
2.0300731658935547,0.7826403975486755,2.2838573455810547
2.0286927223205566,0.7823154330253601,2.2843220233917236
2.0277211666107178,0.7824338674545288,2.2845637798309326
2.0281248092651367,0.7819206118583679,2.283778667449951
2.027617931365967,0.7818560004234314,2.2840664386749268
2.026848077774048,0.7805733680725098,2.283494472503662
2.025820732116699,0.7798413038253784,2.283215045928955
2.025027275085449,0.7790217399597168,2.2829694747924805
2.0246715545654297,0.777332067489624,2.2822420597076416
2.023704767227173,0.7748204469680786,2.2812893390655518
2.023704767227173,0.7748204469680786,2.2812893390655518
2.0232226848602295,0.7732675075531006,2.2810370922088623
2.0216052532196045,0.771486759185791,2.2807259559631348
2.020458698272705,0.7710920572280884,2.2810604572296143
2.0196404457092285,0.7702403664588928,2.281097650527954
2.018430471420288,0.7695772051811218,2.2817704677581787
2.017340660095215,0.7688241600990295,2.282142400741577
2.017329692840576,0.768050491809845,2.281921148300171
2.017019033432007,0.7673652172088623,2.281680107116699
2.017401933670044,0.7665335536003113,2.281015157699585
2.017287492752075,0.765558660030365,2.280773878097534
2.017198324203491,0.764285683631897,2.2800703048706055
2.0164685249328613,0.7629963159561157,2.279721260070801
2.0164685249328613,0.7629963159561157,2.279721260070801
2.0159833431243896,0.762191653251648,2.2794318199157715
2.0164763927459717,0.7617878317832947,2.2794768810272217
2.0167860984802246,0.7620254158973694,2.279738187789917
2.017277240753174,0.7611172795295715,2.2797951698303223
2.0171351432800293,0.7595478296279907,2.279223918914795
2.0166828632354736,0.7588386535644531,2.279364824295044
2.0164365768432617,0.7582024931907654,2.2795517444610596
2.0160515308380127,0.7584744691848755,2.2801709175109863
2.0160515308380127,0.7584744691848755,2.2801709175109863
2.016738176345825,0.7583160996437073,2.2801129817962646
2.016641855239868,0.757727861404419,2.279848337173462
2.015411853790283,0.7569714784622192,2.2805416584014893
2.0147972106933594,0.7569575309753418,2.2805533409118652
2.0145766735076904,0.7566288709640503,2.2806899547576904
2.0141780376434326,0.7560914754867554,2.2806098461151123
2.0136163234710693,0.7551383972167969,2.2800791263580322
2.0136661529541016,0.7538769245147705,2.2787528038024902
2.0136661529541016,0.7538769245147705,2.2787528038024902
2.0132904052734375,0.7532342076301575,2.2783310413360596
2.0116331577301025,0.7516351342201233,2.2777886390686035
2.0101006031036377,0.74986332654953,2.277282476425171
2.0092217922210693,0.7475488781929016,2.2760777473449707
2.0092763900756836,0.7458237409591675,2.2743475437164307
2.011253595352173,0.7452720999717712,2.2723331451416016
2.0120034217834473,0.7449529767036438,2.271773099899292
2.0119998455047607,0.7447991371154785,2.2715725898742676
2.011580228805542,0.7440789341926575,2.2709436416625977
2.0109198093414307,0.7436638474464417,2.271007537841797
2.0107851028442383,0.743243396282196,2.2706375122070312
2.0107614994049072,0.7430738210678101,2.2702505588531494
2.0116143226623535,0.7427659630775452,2.2690985202789307
2.011502742767334,0.7412753105163574,2.2677552700042725
2.01110577583313,0.7413720488548279,2.2675766944885254
2.0112264156341553,0.7414243221282959,2.267249345779419
2.0112264156341553,0.7414243221282959,2.267249345779419
2.01234769821167,0.7427616715431213,2.267550468444824
2.0127861499786377,0.7430018782615662,2.266969680786133
2.012507200241089,0.7420051693916321,2.26633620262146
2.0125253200531006,0.7411498427391052,2.2657063007354736
2.0134336948394775,0.7414130568504333,2.265839099884033
2.0145931243896484,0.7418002486228943,2.265395164489746
2.014582872390747,0.7426304221153259,2.2659249305725098
2.0137343406677246,0.7432836294174194,2.2666826248168945
2.0126523971557617,0.7426653504371643,2.2670724391937256
2.012399435043335,0.7415385246276855,2.266815423965454
2.012752056121826,0.7404145002365112,2.266172170639038
2.013591766357422,0.7393733859062195,2.2651281356811523
2.0138356685638428,0.7385624051094055,2.2644033432006836
2.01347279548645,0.7374584674835205,2.263936758041382
2.0140020847320557,0.7368356585502625,2.263505458831787
2.014370918273926,0.7373047471046448,2.264253616333008
2.015363931655884,0.7378970980644226,2.2639706134796143
2.016082763671875,0.7373552918434143,2.2633237838745117
2.016273260116577,0.7355870604515076,2.2623822689056396
2.0161020755767822,0.7351146340370178,2.2619850635528564
2.015953540802002,0.7323378324508667,2.260408401489258
2.015953540802002,0.7323378324508667,2.260408401489258
2.0152852535247803,0.7291973233222961,2.259207248687744
2.01446533203125,0.7248843312263489,2.257157564163208
2.013030529022217,0.7235242128372192,2.2569420337677
2.0125439167022705,0.7221027612686157,2.2559847831726074
2.012441635131836,0.721648633480072,2.2564549446105957
2.0122456550598145,0.7222283482551575,2.2571170330047607
2.011303186416626,0.722764253616333,2.2578506469726562
2.010654926300049,0.7234365940093994,2.2585275173187256
2.0116844177246094,0.7226347923278809,2.2573485374450684
2.011784076690674,0.7216306328773499,2.2565786838531494
2.011470317840576,0.7205537557601929,2.2558600902557373
2.0118119716644287,0.7192060947418213,2.254901885986328
2.0118119716644287,0.7192060947418213,2.254901885986328
2.012261390686035,0.7187420129776001,2.254544734954834
2.0123817920684814,0.7188469171524048,2.254329204559326
2.0119149684906006,0.7185338139533997,2.2540886402130127
2.011155366897583,0.7185766696929932,2.2541582584381104
2.0101780891418457,0.7189687490463257,2.254411458969116
2.0103304386138916,0.7185465693473816,2.2536356449127197
2.0113394260406494,0.7177762985229492,2.2524573802948
2.011260986328125,0.7173907160758972,2.2519092559814453
2.0091731548309326,0.7158721685409546,2.2517101764678955
2.008397340774536,0.7140609622001648,2.2508435249328613
2.007319927215576,0.7115993499755859,2.2496883869171143
2.0060877799987793,0.7107564210891724,2.2492594718933105
2.005455732345581,0.7100761532783508,2.2486350536346436
2.005464553833008,0.7104985117912292,2.248026132583618
2.0054993629455566,0.7106450200080872,2.2474188804626465
2.005223035812378,0.7107057571411133,2.2480082511901855
2.0048916339874268,0.7103829383850098,2.2475593090057373
2.0048916339874268,0.7103829383850098,2.2475593090057373
2.004577398300171,0.7098392844200134,2.248112916946411
2.0043838024139404,0.70860356092453,2.2472636699676514
2.0038962364196777,0.707861602306366,2.247121572494507
2.0033297538757324,0.7077206969261169,2.247253179550171
2.0036582946777344,0.7074736952781677,2.2470974922180176
2.0035104751586914,0.7067727446556091,2.2469077110290527
2.003260612487793,0.7064615488052368,2.2472028732299805
2.003063917160034,0.7062272429466248,2.247330665588379
2.003063917160034,0.7062272429466248,2.247330665588379
2.003422498703003,0.705532968044281,2.2468230724334717
2.003659963607788,0.7047503590583801,2.2464656829833984
2.0030171871185303,0.7041221261024475,2.246659278869629
2.003293991088867,0.7042698860168457,2.2468817234039307
2.003793954849243,0.703885018825531,2.24648118019104
2.0031533241271973,0.7035652995109558,2.2470080852508545
2.0022664070129395,0.703105628490448,2.2473738193511963
2.002462387084961,0.7034888863563538,2.2477173805236816
2.003293514251709,0.704226553440094,2.2480733394622803
2.003293514251709,0.704226553440094,2.2480733394622803
2.002678871154785,0.7045180201530457,2.2496495246887207
2.0024282932281494,0.7042725682258606,2.24988055229187
2.00167179107666,0.7030442953109741,2.249561071395874
2.0021321773529053,0.7016290426254272,2.248600721359253
2.0027883052825928,0.7005386352539062,2.2476043701171875
2.003681182861328,0.6999235153198242,2.2469472885131836
2.0030908584594727,0.6976163387298584,2.2458817958831787
2.0011775493621826,0.693877637386322,2.244608163833618
1.9997248649597168,0.6923685073852539,2.2428665161132812
1.999326229095459,0.6906732320785522,2.2417874336242676
1.9991551637649536,0.6898685097694397,2.240511178970337
1.9993475675582886,0.689336359500885,2.2399017810821533
1.9995076656341553,0.6888492703437805,2.239612579345703
1.9991068840026855,0.688572883605957,2.239490032196045
1.998864769935608,0.6886425018310547,2.239529609680176
1.9987938404083252,0.6886157989501953,2.2396819591522217
1.9998958110809326,0.6886348128318787,2.2389118671417236
1.9997113943099976,0.6886838674545288,2.2388617992401123
1.9990942478179932,0.6883348822593689,2.23875093460083
1.9986698627471924,0.6875824332237244,2.2381768226623535
1.9979467391967773,0.6866190433502197,2.237467050552368
1.9977941513061523,0.6859920024871826,2.236762046813965
1.9982606172561646,0.6856141686439514,2.2357754707336426
1.9982606172561646,0.6856141686439514,2.2357754707336426
1.998453974723816,0.685282289981842,2.2358627319335938
1.9978744983673096,0.6848160028457642,2.2352728843688965
1.9988163709640503,0.6838277578353882,2.23398756980896
1.9986180067062378,0.6819920539855957,2.232503652572632
1.9978445768356323,0.6797682046890259,2.2315874099731445
1.9974019527435303,0.6777711510658264,2.2297918796539307
1.9980794191360474,0.6768312454223633,2.2293360233306885
1.9974879026412964,0.6764925122261047,2.2291178703308105
1.9968136548995972,0.6764326691627502,2.2303431034088135
1.9970078468322754,0.6770983338356018,2.2302355766296387
1.9987337589263916,0.6768514513969421,2.2292892932891846
1.9995204210281372,0.6768620014190674,2.2288222312927246
1.9996082782745361,0.676598310470581,2.2287564277648926
1.9996082782745361,0.676598310470581,2.2287564277648926
1.9992579221725464,0.6760381460189819,2.2284207344055176
1.9986393451690674,0.6755015850067139,2.2284767627716064
1.9976528882980347,0.6750723123550415,2.2292139530181885
1.9977197647094727,0.6754087805747986,2.22951078414917
1.9986510276794434,0.6756805777549744,2.2291319370269775
1.9998819828033447,0.6751502752304077,2.228178024291992
1.9993336200714111,0.6745305061340332,2.2282378673553467
1.9981284141540527,0.6742359399795532,2.2286133766174316
1.9981284141540527,0.6742359399795532,2.2286133766174316
1.9978313446044922,0.6737859845161438,2.228458881378174
1.9987810850143433,0.6731656193733215,2.227419376373291
1.9996063709259033,0.6727824211120605,2.226654529571533
1.9993396997451782,0.673008143901825,2.2268340587615967
1.9989935159683228,0.6729415655136108,2.2265913486480713
1.9986993074417114,0.6731167435646057,2.2266743183135986
1.9981575012207031,0.6729633808135986,2.2272391319274902
1.9971561431884766,0.6732279062271118,2.2278268337249756
1.9971561431884766,0.6732279062271118,2.2278268337249756
1.9964540004730225,0.6718658208847046,2.2269787788391113
1.9963949918746948,0.670816957950592,2.2260262966156006
1.995570182800293,0.6701881289482117,2.2256581783294678
1.9960850477218628,0.6699917912483215,2.224677562713623
1.996938705444336,0.6696423292160034,2.22397780418396
1.997331976890564,0.6691117882728577,2.2234182357788086
1.9965722560882568,0.6663912534713745,2.2224602699279785
1.9965722560882568,0.6663912534713745,2.2224602699279785
1.9956105947494507,0.6631151437759399,2.220602035522461
1.9956250190734863,0.660689115524292,2.2185590267181396
1.995352029800415,0.6591765880584717,2.2177391052246094
1.9952077865600586,0.6593500375747681,2.2180569171905518
1.9954651594161987,0.6603013277053833,2.2188589572906494
1.996152639389038,0.6605020761489868,2.2191176414489746
1.9959146976470947,0.6604258418083191,2.219449043273926
1.9950437545776367,0.6599833965301514,2.2199723720550537
1.9950437545776367,0.6599833965301514,2.2199723720550537
1.9951989650726318,0.6597380042076111,2.2200047969818115
1.9952036142349243,0.6598517298698425,2.2204737663269043
1.9951071739196777,0.6598875522613525,2.2207977771759033
1.9942126274108887,0.659723162651062,2.2214548587799072
1.9943883419036865,0.658524751663208,2.220878839492798
1.9948704242706299,0.6570451259613037,2.2197678089141846
1.9955730438232422,0.6568155884742737,2.218985080718994
1.9962091445922852,0.657420814037323,2.2189338207244873
1.9962091445922852,0.657420814037323,2.2189338207244873
1.9961150884628296,0.6572244763374329,2.218942642211914
1.9954041242599487,0.6573889851570129,2.2194161415100098
1.995101809501648,0.6569401025772095,2.2189738750457764
1.994121789932251,0.6557413339614868,2.218782901763916
1.9940823316574097,0.6544790267944336,2.2177658081054688
1.9947783946990967,0.6531500816345215,2.2163262367248535
1.9947806596755981,0.6520744562149048,2.2155492305755615
1.993750810623169,0.6499138474464417,2.2145895957946777
1.9929823875427246,0.6477435827255249,2.21362566947937
1.993106722831726,0.6456947922706604,2.212085247039795
1.9922640323638916,0.6442840695381165,2.211439371109009
1.9907784461975098,0.6429677605628967,2.2114651203155518
1.9899097681045532,0.6419973969459534,2.211252212524414
1.9895679950714111,0.641764223575592,2.2107155323028564
1.9892032146453857,0.6416661739349365,2.210411310195923
1.9894773960113525,0.6410666704177856,2.2093846797943115
1.9891422986984253,0.6403797268867493,2.2087817192077637
1.9883161783218384,0.6395496129989624,2.208613395690918
1.9883161783218384,0.6395496129989624,2.208613395690918
1.9868052005767822,0.6394559741020203,2.208890914916992
1.9867982864379883,0.6389333009719849,2.208564043045044
1.9851107597351074,0.6374205946922302,2.2081291675567627
1.9840197563171387,0.6362176537513733,2.207702398300171
1.98356294631958,0.6348004937171936,2.20661997795105
1.9823395013809204,0.631463885307312,2.206256628036499
1.9831210374832153,0.6295827627182007,2.2045512199401855
1.9829812049865723,0.6293583512306213,2.2047104835510254
1.9829812049865723,0.6293583512306213,2.2047104835510254
1.981307029724121,0.6291689872741699,2.205662727355957
1.9800726175308228,0.6282652020454407,2.206350326538086
1.9798641204833984,0.6274531483650208,2.2061970233917236
1.9794552326202393,0.6262931823730469,2.205796003341675
1.97957181930542,0.6253264546394348,2.2050297260284424
1.9799352884292603,0.6250015497207642,2.2042696475982666
1.9803948402404785,0.6243027448654175,2.203646421432495
1.9803948402404785,0.6243027448654175,2.203646421432495
1.9802147150039673,0.6235949397087097,2.2031190395355225
1.9801099300384521,0.6236529350280762,2.203160047531128
1.9795575141906738,0.6244046688079834,2.2033448219299316
1.9789031744003296,0.6251028180122375,2.203735828399658
1.9767584800720215,0.6253533959388733,2.204838275909424
1.9737727642059326,0.6246013045310974,2.2059011459350586
1.9724228382110596,0.6239970326423645,2.205838203430176
1.9739869832992554,0.623805582523346,2.2046663761138916
1.975658893585205,0.62303626537323,2.2026915550231934
1.975658893585205,0.62303626537323,2.2026915550231934
1.9763116836547852,0.622036874294281,2.2007977962493896
1.9757652282714844,0.6198887825012207,2.198481321334839
1.9754804372787476,0.617658257484436,2.19645357131958
1.975365161895752,0.6153663396835327,2.194504976272583
1.974568247795105,0.6140878200531006,2.1944093704223633
1.9747053384780884,0.6134797930717468,2.1929800510406494
1.9757155179977417,0.6119595766067505,2.192354440689087
1.976301908493042,0.6114803552627563,2.1914432048797607
1.976301908493042,0.6114803552627563,2.1914432048797607
1.9766221046447754,0.610126793384552,2.191105365753174
1.9760472774505615,0.6094750761985779,2.190796136856079
1.9764882326126099,0.60862135887146,2.189981460571289
1.975950002670288,0.6076264977455139,2.189540147781372
1.9756165742874146,0.6063898801803589,2.1894514560699463
1.9767570495605469,0.6061049103736877,2.1883740425109863
1.977804183959961,0.6061302423477173,2.1881041526794434
1.9774762392044067,0.6057798862457275,2.1882364749908447
1.9774762392044067,0.6057798862457275,2.1882364749908447
1.9766160249710083,0.6045637726783752,2.187988519668579
1.9762247800827026,0.602983295917511,2.1873691082000732
1.9768623113632202,0.6021530628204346,2.186680793762207
1.9774351119995117,0.6019304990768433,2.186298131942749
1.9768948554992676,0.601420521736145,2.186596155166626
1.9757815599441528,0.5998607873916626,2.1862573623657227
1.9739497900009155,0.5960454940795898,2.184762954711914
1.9728931188583374,0.5928909182548523,2.1835403442382812
1.9721486568450928,0.5903851389884949,2.182516098022461
1.9717997312545776,0.5890592932701111,2.1827597618103027
1.9717997312545776,0.5890592932701111,2.1827597618103027
1.971614122390747,0.5883863568305969,2.1828203201293945
1.9713078737258911,0.5887371897697449,2.18316912651062
1.9710155725479126,0.5891823172569275,2.1839332580566406
1.9716356992721558,0.589724600315094,2.1837282180786133
1.9728429317474365,0.5892649292945862,2.1830790042877197
1.9731051921844482,0.5897300839424133,2.182359457015991
1.9725522994995117,0.5900512933731079,2.182849407196045
1.9726203680038452,0.5904778242111206,2.182145595550537
1.9721721410751343,0.5898270606994629,2.181943893432617
1.9722901582717896,0.5883960723876953,2.1809005737304688
1.9722901582717896,0.5883960723876953,2.1809005737304688
1.9729981422424316,0.5878422260284424,2.17969012260437
1.9736279249191284,0.587822437286377,2.1787824630737305
1.973840594291687,0.5874779224395752,2.178463935852051
1.9731714725494385,0.5865094065666199,2.1783201694488525
1.9717644453048706,0.5858706831932068,2.1785926818847656
1.971419095993042,0.5845116376876831,2.1777634620666504
1.9709604978561401,0.583013653755188,2.1771650314331055
1.969995379447937,0.5813868045806885,2.176605463027954
1.969951868057251,0.5800765156745911,2.175337791442871
1.9702889919281006,0.5787363052368164,2.1739156246185303
1.9697774648666382,0.5773113965988159,2.173429489135742
1.9691365957260132,0.5765110850334167,2.1730988025665283
1.970049262046814,0.5755457282066345,2.172100305557251
1.970049262046814,0.5755457282066345,2.172100305557251
1.970751404762268,0.5747312307357788,2.171102523803711
1.9701324701309204,0.5735688805580139,2.1709067821502686
1.9695223569869995,0.5729786157608032,2.17067551612854
1.9694077968597412,0.5716337561607361,2.17012882232666
1.969172477722168,0.5704817771911621,2.1692893505096436
1.9692318439483643,0.5696671009063721,2.1687071323394775
1.9695980548858643,0.5693861842155457,2.1682441234588623
1.9695641994476318,0.5687280893325806,2.167637586593628
1.9693862199783325,0.5679795145988464,2.167386770248413
1.968407154083252,0.5672145485877991,2.1678214073181152
1.9675885438919067,0.5665203332901001,2.1675257682800293
1.968135952949524,0.5659223794937134,2.1664817333221436
1.9682835340499878,0.564300000667572,2.165412664413452
1.9683011770248413,0.5637856721878052,2.1650278568267822
1.9685560464859009,0.5632196068763733,2.1646928787231445
1.9687778949737549,0.5611761808395386,2.163362741470337
1.96721613407135,0.5595455169677734,2.1629998683929443
1.9670109748840332,0.5583333373069763,2.162069797515869
1.9669861793518066,0.5581466555595398,2.1621344089508057
1.9679745435714722,0.5575380325317383,2.1614036560058594
1.9667059183120728,0.556435227394104,2.1617958545684814
1.9655042886734009,0.5550885796546936,2.161261558532715
1.9655107259750366,0.5540947914123535,2.1600301265716553
1.966161847114563,0.5528148412704468,2.1588034629821777
1.9660056829452515,0.5517818331718445,2.157846689224243
1.965634822845459,0.5507820844650269,2.157255172729492
1.9650317430496216,0.5497366786003113,2.156686782836914
1.9649622440338135,0.548690676689148,2.1559643745422363
1.9638253450393677,0.5480622053146362,2.155848741531372
1.9628998041152954,0.5474896430969238,2.1557083129882812
1.962801218032837,0.5469035506248474,2.1555042266845703
1.9615861177444458,0.5460226535797119,2.155996084213257
1.960615873336792,0.5453787446022034,2.1563661098480225
1.9605634212493896,0.5447241067886353,2.1557552814483643
1.9616646766662598,0.5442575812339783,2.154763698577881
1.9616646766662598,0.5442575812339783,2.154763698577881
1.961997151374817,0.5441159605979919,2.15468430519104
1.960276484489441,0.5435916781425476,2.1555240154266357
1.9587492942810059,0.542762041091919,2.155902624130249
1.9583003520965576,0.5418907403945923,2.1556875705718994
1.9575971364974976,0.5410250425338745,2.1551830768585205
1.9584532976150513,0.5400651693344116,2.1538774967193604
1.9579856395721436,0.5388370156288147,2.153007984161377
1.9571270942687988,0.5375426411628723,2.152402877807617
1.9546462297439575,0.5354707837104797,2.1522018909454346
1.9541875123977661,0.5339622497558594,2.1510679721832275
1.9531440734863281,0.5330142974853516,2.1502513885498047
1.953177809715271,0.5315697193145752,2.148630380630493
1.9524561166763306,0.5304297804832458,2.1480889320373535
1.9521551132202148,0.5288795828819275,2.1470439434051514
1.9520511627197266,0.5278524160385132,2.1469955444335938
1.9512299299240112,0.5270434021949768,2.1467790603637695
1.9519238471984863,0.525977373123169,2.1458780765533447
1.9529598951339722,0.5251021385192871,2.1445932388305664
1.9535788297653198,0.5243402719497681,2.143535614013672
1.9526746273040771,0.5232458710670471,2.1431736946105957
1.9519093036651611,0.5223909616470337,2.1434268951416016
1.9519433975219727,0.5214549899101257,2.1429102420806885
1.952238917350769,0.5208421945571899,2.1426706314086914
1.9521892070770264,0.5200947523117065,2.1420254707336426
1.9518516063690186,0.5191331505775452,2.1417300701141357
1.959755778312683,0.5175672769546509,2.1418752670288086
1.9802507162094116,0.5154541730880737,2.1305227279663086
1.9802507162094116,0.5154541730880737,2.1305227279663086
